GEOID,NAME,employment_rate_pct,unemployment_rate_pct,commute_drove_alone_pct,commute_public_transit_pct,commute_walked_pct,commute_wfh_pct,mean_commute_time_min,median_household_income,mean_household_income,per_capita_income,hh_income_under_10k_pct,hh_income_10k_15k_pct,hh_income_15k_25k_pct,hh_income_25k_35k_pct,hh_income_35k_50k_pct,hh_income_50k_75k_pct,hh_income_75k_100k_pct,hh_income_100k_150k_pct,hh_income_150k_200k_pct,hh_income_200k_plus_pct,poverty_rate_pct,snap_benefits_pct,no_health_insurance_pct,hh_no_vehicle_pct,hh_1_vehicle_pct,hh_2_vehicles_pct,hh_3plus_vehicles_pct,owner_occupied_pct,renter_occupied_pct,median_gross_rent,rent_burden_30pct_plus,rent_burden_50pct_plus,total_housing_units,occupied_units_pct,vacant_units_pct,total_population,median_age,under_18_pct,age_65_plus_pct,white_alone_pct,black_alone_pct,two_or_more_races_pct,asian_alone_pct,hispanic_latino_pct,foreign_born_pct,year
12086000107,Census Tract 1.07; Miami-Dade County; Florida,61.2,2.9,68.5,3.4,1.9,22.8,27.8,54811,99619,52996,7.1,3.7,15.5,12.2,7.5,18.8,9.0,12.4,3.6,10.0,14.4,6.8,11.1,17.2,52.4,23.7,6.8,34.8,65.2,1807,4.1,64.4,2655,59.7,40.3,3013,53.2,12.6,25.4,75.8,1.4,14.1,2.3,46.6,61.9,2022
12086000109,Census Tract 1.09; Miami-Dade County; Florida,68.5,1.4,78.5,10.1,1.7,4.6,28.5,55179,71688,30419,1.2,7.6,15.4,6.9,9.7,18.9,17.4,12.7,9.1,1.1,20.8,14.6,22.6,8.1,44.5,37.6,9.8,26.2,73.8,1464,21.2,50.7,1610,79.7,20.3,3187,32.5,19.4,9.9,49.1,6.0,31.2,1.8,61.9,64.2,2022
12086000115,Census Tract 1.15; Miami-Dade County; Florida,57.1,8.2,68.8,3.3,1.1,15.6,28.7,97847,192110,81437,0.9,6.2,6.6,4.0,9.9,12.1,14.5,14.3,5.6,25.9,7.2,4.6,11.1,9.7,40.2,33.8,16.4,56.3,43.7,2028,3.0,46.0,2448,30.5,69.5,1788,41.9,19.0,16.8,86.2,2.0,10.6,0.2,39.5,56.8,2022
12086000118,Census Tract 1.18; Miami-Dade County; Florida,42.8,3.6,50.6,4.3,2.5,35.7,32.7,98824,210602,88781,7.1,4.9,1.2,11.0,2.4,17.3,7.7,12.8,5.9,29.7,6.5,2.0,13.4,10.8,58.1,25.8,5.3,82.3,17.7,2643,0.0,33.8,1839,26.8,73.2,1208,56.0,11.8,35.3,72.6,1.7,23.5,1.2,31.2,61.6,2022
12086000120,Census Tract 1.20; Miami-Dade County; Florida,63.6,7.8,72.6,0.7,0.0,20.1,29.8,73939,128214,61832,3.0,1.9,5.8,4.7,12.4,22.8,15.2,15.5,4.1,14.4,10.0,4.5,10.4,8.2,42.8,34.6,14.4,76.3,23.7,1626,5.1,46.3,2179,91.2,8.8,4175,44.0,15.5,15.2,66.6,5.7,18.4,2.0,54.4,50.9,2022
12086000121,Census Tract 1.21; Miami-Dade County; Florida,40.0,6.6,68.3,0.0,2.3,19.1,23.6,87500,151920,73256,10.9,6.4,5.0,5.3,2.8,10.0,12.3,16.0,7.1,24.4,15.8,2.0,7.7,5.8,60.6,30.4,3.1,71.3,28.7,2181,7.5,52.7,1601,54.0,46.0,1787,58.0,17.1,40.5,63.7,4.6,22.0,8.8,34.0,50.4,2022
12086000122,Census Tract 1.22; Miami-Dade County; Florida,58.2,0.0,57.8,0.6,0.0,25.1,32.3,92524,153296,73406,1.6,1.9,2.0,7.1,10.6,17.2,12.5,12.6,19.5,15.0,3.5,5.2,3.5,5.3,50.5,35.3,8.9,71.7,28.3,2177,6.3,69.1,3082,59.0,41.0,3883,51.8,15.5,26.2,76.0,1.2,17.0,1.8,51.8,51.8,2022
12086000123,Census Tract 1.23; Miami-Dade County; Florida,46.1,1.5,58.1,0.0,3.2,24.2,25.6,56500,106188,51378,16.8,3.8,7.3,5.9,10.1,11.4,9.0,16.3,7.1,12.2,13.9,4.6,4.9,3.7,57.1,28.2,10.9,67.9,32.1,1562,14.8,43.0,4310,45.2,54.8,4099,51.9,14.3,31.0,71.2,1.4,26.7,0.0,43.2,64.2,2022
12086000124,Census Tract 1.24; Miami-Dade County; Florida,54.9,8.6,69.2,10.7,5.2,7.6,32.3,42105,51115,21018,3.3,6.4,17.7,11.5,20.9,26.0,11.4,1.8,0.0,1.0,10.5,39.5,21.3,14.1,60.1,17.2,8.6,29.6,70.4,1326,9.8,55.4,1409,93.3,6.7,3515,31.7,15.8,15.0,37.8,41.2,13.5,0.4,41.7,52.1,2022
12086000125,Census Tract 1.25; Miami-Dade County; Florida,51.3,5.2,66.5,4.1,4.7,10.7,39.2,50440,60871,27763,23.7,1.5,5.5,4.3,14.3,23.1,8.8,13.2,3.2,2.5,16.2,4.9,8.5,7.8,63.3,26.8,2.1,52.7,47.3,2256,4.4,60.7,3149,61.2,38.8,4314,44.7,23.6,25.9,76.4,0.8,21.2,1.1,46.6,59.1,2022
12086000126,Census Tract 1.26; Miami-Dade County; Florida,32.3,2.0,68.4,13.3,0.0,16.0,40.6,32600,93182,49638,21.7,4.7,18.6,15.3,4.9,10.3,10.6,4.1,3.1,6.7,27.8,11.6,2.6,18.2,67.2,12.3,2.4,53.9,46.1,1221,8.5,61.1,2101,50.0,50.0,1978,62.0,9.8,46.7,80.9,0.3,15.8,1.0,47.1,83.8,2022
12086000127,Census Tract 1.27; Miami-Dade County; Florida,63.1,2.7,69.0,0.0,0.5,18.6,32.1,46933,79855,44444,8.2,4.9,18.3,6.2,14.5,17.0,8.2,7.2,7.1,8.3,13.2,7.3,17.8,8.2,58.2,29.3,4.3,69.1,30.9,1654,4.9,54.1,1891,71.8,28.2,2547,52.5,12.6,27.4,65.7,4.2,25.4,0.7,46.0,56.3,2022
12086000128,Census Tract 1.28; Miami-Dade County; Florida,70.6,6.0,58.6,4.2,0.4,18.1,37.2,78427,128516,58315,3.5,2.0,2.5,3.7,6.4,30.0,14.5,20.0,5.5,12.0,6.0,6.0,13.5,6.6,57.4,28.5,7.6,60.2,39.8,2054,16.2,41.5,2511,69.4,30.6,3887,47.3,16.7,13.9,61.1,18.1,17.9,2.1,58.2,60.8,2022
12086000129,Census Tract 1.29; Miami-Dade County; Florida,36.7,5.5,54.5,0.0,1.9,36.4,40.9,106950,185095,95998,5.3,1.3,5.3,4.1,12.7,9.0,10.3,10.8,15.4,25.7,4.8,2.2,2.6,9.6,46.2,39.3,4.9,82.5,17.5,3419,5.4,72.0,2080,50.5,49.5,2190,67.0,13.1,52.2,68.1,0.0,15.9,2.5,27.6,33.5,2022
12086000130,Census Tract 1.30; Miami-Dade County; Florida,51.1,1.9,79.5,0.0,0.0,16.2,31.9,88350,181409,86038,2.1,6.1,8.9,2.7,12.5,8.5,14.2,13.4,6.5,25.2,6.6,3.1,4.7,5.3,52.9,39.2,2.6,69.7,30.3,2817,15.7,41.0,3153,40.3,59.7,2698,57.6,11.2,36.7,81.5,1.1,16.9,0.0,44.0,60.2,2022
12086000131,Census Tract 1.31; Miami-Dade County; Florida,55.0,6.4,71.3,1.2,1.5,20.9,28.2,78388,136505,58198,5.7,2.7,9.1,3.2,7.6,18.8,11.1,12.4,8.4,21.0,13.3,4.5,7.1,4.6,51.4,34.8,9.3,63.4,36.6,2472,4.5,55.0,3154,61.8,38.2,4637,41.4,24.9,18.2,80.2,1.2,12.0,0.7,35.1,55.4,2022
12086000132,Census Tract 1.32; Miami-Dade County; Florida,44.0,5.8,80.6,0.0,1.7,8.9,29.5,38768,60730,33815,13.4,8.8,15.4,9.6,9.0,15.0,8.7,8.4,7.3,4.3,21.7,9.5,13.0,17.6,58.8,22.7,1.0,67.5,32.5,2050,3.5,65.8,3920,77.9,22.1,5441,57.5,11.9,40.0,71.2,3.7,19.2,2.8,48.2,55.9,2022
12086000134,Census Tract 1.34; Miami-Dade County; Florida,55.5,2.5,74.2,4.8,2.7,14.1,29.4,41633,64585,31374,5.4,3.9,19.2,16.3,8.6,9.2,17.7,13.2,2.7,3.8,16.9,15.2,21.2,13.1,54.0,25.1,7.8,58.7,41.3,1597,12.0,68.6,2039,73.9,26.1,3208,48.6,16.0,23.1,58.2,7.3,25.9,2.6,47.0,59.5,2022
12086000140,Census Tract 1.40; Miami-Dade County; Florida,74.9,5.4,81.2,0.7,3.9,10.2,40.5,66146,80388,36396,4.8,5.2,4.5,8.5,12.7,27.1,10.9,14.7,6.1,5.4,11.4,10.6,7.8,5.3,71.2,22.6,0.9,26.5,73.5,1745,4.9,51.4,2174,74.9,25.1,3652,36.2,18.5,5.0,46.5,2.2,38.7,8.3,65.6,56.3,2022
12086000141,Census Tract 1.41; Miami-Dade County; Florida,64.0,5.7,67.1,5.3,3.0,23.7,30.1,78265,132768,61765,5.6,0.0,9.9,5.4,20.2,7.0,8.0,17.9,5.0,20.9,10.9,21.3,8.3,11.3,51.0,31.3,6.4,19.4,80.6,2604,8.9,59.5,1346,59.3,40.7,1730,40.6,20.3,13.4,67.9,1.3,25.1,0.8,60.2,59.9,2022
12086000142,Census Tract 1.42; Miami-Dade County; Florida,45.8,5.3,60.6,1.3,1.3,22.3,31.5,68661,116978,55281,11.6,2.1,7.8,7.3,10.4,11.5,13.4,10.8,9.8,15.4,18.5,4.2,7.8,13.5,44.5,38.7,3.3,67.6,32.4,2863,0.0,85.2,4148,52.4,47.6,4666,52.0,13.7,31.6,63.6,1.4,28.0,3.9,49.3,56.5,2022
12086000143,Census Tract 1.43; Miami-Dade County; Florida,54.9,1.5,59.8,2.2,1.3,29.2,26.9,49559,92952,50397,12.5,9.8,9.0,4.8,14.1,19.1,2.9,8.9,11.0,8.0,16.2,1.2,4.5,17.1,41.9,35.7,5.3,58.8,41.2,2045,1.4,60.1,2294,75.2,24.8,3155,54.4,12.5,27.4,65.6,0.4,32.8,0.0,62.6,58.4,2022
12086000144,Census Tract 1.44; Miami-Dade County; Florida,72.4,6.1,72.9,0.0,0.0,11.1,30.1,84299,122205,58906,4.7,0.0,12.4,9.6,0.0,17.4,13.4,10.2,1.7,30.6,5.0,3.4,1.1,3.0,64.8,32.1,0.0,48.2,51.8,2415,18.1,51.3,918,64.4,35.6,1221,42.2,28.4,11.9,78.6,2.0,9.4,2.0,56.8,41.9,2022
12086000145,Census Tract 1.45; Miami-Dade County; Florida,69.3,2.7,56.6,0.0,0.0,33.9,27.9,158218,213796,69231,3.7,0.0,4.3,0.0,0.0,3.1,15.9,13.6,30.9,28.5,3.1,10.8,8.7,0.5,13.5,72.5,13.5,95.2,4.8,-666666666,6.0,26.0,1145,91.3,8.7,3173,39.6,30.7,8.6,65.0,0.0,34.5,0.0,50.2,25.7,2022
12086000146,Census Tract 1.46; Miami-Dade County; Florida,53.0,10.1,77.0,0.0,3.5,19.3,29.2,102576,137462,57385,1.9,2.0,3.3,2.4,16.3,7.7,16.2,20.7,4.9,24.7,7.8,0.5,0.0,1.0,50.7,33.2,15.1,70.3,29.7,2626,6.2,60.4,2758,66.2,33.8,4530,50.6,21.8,34.8,71.7,0.0,26.5,1.2,24.2,51.9,2022
12086000204,Census Tract 2.04; Miami-Dade County; Florida,69.5,2.1,80.3,4.6,1.7,4.8,32.1,61518,90355,26890,5.5,6.2,6.5,5.7,14.3,16.3,18.5,16.4,1.9,8.6,19.4,21.6,11.2,4.8,17.6,46.7,30.9,72.8,27.2,1676,0.0,64.0,1263,93.9,6.1,4211,36.7,22.0,16.1,24.5,56.7,13.6,0.6,27.3,42.8,2022
12086000206,Census Tract 2.06; Miami-Dade County; Florida,56.3,2.9,63.1,5.0,0.0,12.7,33.4,47147,54443,17052,4.5,10.3,16.0,5.3,17.6,24.2,10.3,8.7,1.4,1.6,17.5,33.1,14.3,14.7,36.6,38.4,10.3,48.6,51.4,1457,3.4,72.4,2049,92.1,7.9,6552,36.5,30.2,15.5,10.4,69.3,12.4,3.2,24.7,64.1,2022
12086000211,Census Tract 2.11; Miami-Dade County; Florida,58.1,7.0,78.9,6.4,0.0,4.2,36.5,54821,73487,28075,4.0,2.7,7.2,16.8,13.4,15.7,13.3,19.7,4.3,2.8,14.2,19.0,15.4,8.6,36.1,33.3,22.0,59.5,40.5,1988,6.3,70.8,1101,88.5,11.5,2719,40.5,13.3,14.7,52.2,13.6,30.0,0.6,64.1,50.3,2022
12086000212,Census Tract 2.12; Miami-Dade County; Florida,59.7,9.6,82.1,2.4,0.0,4.7,32.0,36114,43394,18116,6.6,4.1,17.0,21.2,13.9,28.0,4.9,1.2,3.2,0.0,19.1,28.5,24.2,12.7,58.4,26.6,2.3,9.4,90.6,1276,4.7,56.7,2137,84.2,15.8,4582,38.5,20.9,11.4,41.2,41.6,14.9,0.7,45.8,53.2,2022
12086000213,Census Tract 2.13; Miami-Dade County; Florida,61.7,7.3,62.4,5.0,1.6,7.5,31.3,63987,81614,24246,5.0,5.9,5.8,8.4,14.2,18.4,17.7,13.3,2.1,9.2,6.5,22.5,15.4,9.3,43.7,29.2,17.8,48.3,51.7,1628,5.9,50.0,1755,91.3,8.7,5618,31.1,30.7,13.1,25.9,52.1,15.2,4.1,16.1,42.2,2022
12086000215,Census Tract 2.15; Miami-Dade County; Florida,60.2,12.1,73.1,8.1,1.3,5.4,31.7,57024,115002,35344,3.1,2.3,14.7,11.9,10.3,22.5,15.9,12.3,3.1,3.9,13.1,13.1,18.2,5.8,44.7,29.4,20.1,41.9,58.1,1404,6.0,60.8,1697,96.2,3.8,5604,37.3,24.4,12.7,6.9,86.5,2.7,1.9,9.0,48.9,2022
12086000216,Census Tract 2.16; Miami-Dade County; Florida,66.5,3.9,82.7,9.2,0.0,0.4,33.9,64861,83050,24267,0.7,1.8,5.5,13.9,13.9,28.1,5.4,19.2,5.3,6.1,8.2,26.3,21.5,9.9,25.3,43.8,21.0,67.3,32.7,2036,0.0,83.4,1311,92.8,7.2,4719,36.6,19.2,15.6,12.7,78.5,3.8,1.3,16.4,54.9,2022
12086000218,Census Tract 2.18; Miami-Dade County; Florida,54.7,12.8,80.7,5.6,0.8,4.4,31.9,37650,55731,19853,3.8,3.7,24.2,13.7,13.7,11.5,17.1,8.7,3.2,0.3,30.7,38.5,19.6,14.9,46.7,27.0,11.3,59.9,40.1,1370,2.7,77.9,1040,95.9,4.1,3064,40.8,23.6,17.3,12.6,72.5,14.0,0.0,25.1,56.9,2022
12086000219,Census Tract 2.19; Miami-Dade County; Florida,64.4,4.1,54.8,11.5,0.1,10.1,32.4,43824,58244,19930,11.9,3.5,6.6,15.6,15.7,22.9,14.9,5.6,1.8,1.6,16.2,30.0,31.1,12.2,49.0,35.8,3.0,19.1,80.9,1286,2.6,57.8,1822,88.9,11.1,4965,31.8,23.7,11.7,18.2,56.4,22.0,0.6,33.1,55.9,2022
12086000220,Census Tract 2.20; Miami-Dade County; Florida,64.6,5.5,81.2,6.0,1.0,4.8,32.5,39846,54567,18694,5.2,8.2,15.5,13.6,15.0,19.9,7.2,12.0,1.3,2.1,29.1,33.6,23.0,12.4,50.5,23.2,13.9,32.4,67.6,1385,2.3,79.5,1853,94.5,5.5,5448,34.8,28.3,10.4,12.4,75.9,9.0,0.0,22.2,60.5,2022
12086000221,Census Tract 2.21; Miami-Dade County; Florida,63.0,13.6,62.6,17.9,1.0,0.9,30.3,72311,77364,23131,6.6,0.0,1.7,1.5,0.0,46.5,18.7,22.6,1.5,0.8,11.9,21.2,11.1,0.0,52.6,32.9,14.5,53.8,46.2,1338,0.0,34.6,689,86.1,13.9,2150,41.4,29.6,13.2,41.9,31.8,25.8,0.0,50.8,51.4,2022
12086000222,Census Tract 2.22; Miami-Dade County; Florida,71.9,4.1,68.3,3.3,1.5,0.0,34.2,53313,71168,26671,4.7,1.4,11.5,12.7,17.1,18.9,9.2,17.8,3.9,2.7,16.6,25.1,14.1,5.2,40.3,39.3,15.2,65.0,35.0,1432,44.8,47.4,1477,96.3,3.7,4128,38.8,21.5,13.8,42.0,28.9,14.6,8.9,57.3,57.9,2022
12086000223,Census Tract 2.23; Miami-Dade County; Florida,60.9,5.5,79.6,17.5,0.0,1.4,34.0,40417,50740,19622,2.5,0.0,0.0,31.8,29.5,22.0,10.5,2.6,0.0,1.2,9.8,25.2,27.9,5.8,50.6,29.5,14.2,35.5,64.5,1583,0.0,82.6,1084,97.4,2.6,2862,45.3,20.3,12.3,19.6,56.9,15.0,2.3,33.2,61.6,2022
12086000224,Census Tract 2.24; Miami-Dade County; Florida,68.7,2.2,80.2,5.0,0.0,5.8,29.4,37079,49925,21296,11.8,8.1,9.7,15.6,13.7,16.8,13.2,10.5,0.5,0.1,20.8,18.1,27.1,17.4,54.4,23.0,5.3,9.1,90.9,1413,9.8,55.5,1926,95.7,4.3,4506,30.9,23.4,5.7,25.7,59.6,10.5,0.5,29.4,61.1,2022
12086000225,Census Tract 2.25; Miami-Dade County; Florida,68.1,0.4,79.4,4.4,0.5,2.0,29.1,52565,63222,27685,1.0,8.3,10.5,8.4,16.0,24.4,22.2,5.3,0.0,3.9,12.0,26.4,23.2,5.7,61.2,31.2,1.9,24.6,75.4,1457,3.6,54.1,2034,91.0,9.0,4337,34.9,25.4,9.4,37.4,16.5,30.1,4.8,71.3,62.4,2022
12086000226,Census Tract 2.26; Miami-Dade County; Florida,43.5,9.1,55.5,0.0,3.6,12.1,20.6,71250,115838,34922,11.2,7.8,3.2,9.2,5.5,14.1,17.5,18.2,7.6,5.7,11.9,19.5,3.5,11.2,50.2,31.2,7.3,86.6,13.4,2593,0.0,76.6,1063,75.6,24.4,2797,33.0,42.4,19.8,90.1,2.8,3.5,2.0,10.7,19.2,2022
12086000227,Census Tract 2.27; Miami-Dade County; Florida,59.3,2.0,74.1,8.4,1.5,5.4,27.9,43790,65681,21575,11.1,4.1,18.3,8.6,12.0,7.8,18.0,1.6,18.5,0.0,20.9,45.1,20.5,17.8,31.4,37.4,13.4,51.8,48.2,1313,10.6,53.3,885,98.8,1.2,3170,37.1,20.6,15.2,10.8,64.3,23.7,0.5,27.3,62.6,2022
12086000228,Census Tract 2.28; Miami-Dade County; Florida,60.7,2.7,75.9,4.4,1.0,1.3,29.5,45516,56991,21327,9.8,2.9,7.9,16.9,17.5,20.4,10.8,10.8,2.4,0.8,21.9,21.8,19.0,3.5,52.6,29.4,14.5,35.7,64.3,1460,6.6,74.4,1087,93.1,6.9,2778,44.3,17.4,18.3,5.1,70.9,20.3,0.0,24.9,64.7,2022
12086000302,Census Tract 3.02; Miami-Dade County; Florida,63.7,10.8,75.5,5.4,1.1,4.2,26.6,80500,83447,25371,4.4,1.0,4.2,12.3,12.6,10.6,27.9,14.8,6.9,5.2,5.5,14.5,21.4,4.2,17.2,46.8,31.8,81.3,18.7,2017,0.0,100.0,709,83.8,16.2,2087,34.8,17.4,11.9,37.7,40.0,16.3,1.5,50.7,48.1,2022
12086000306,Census Tract 3.06; Miami-Dade County; Florida,56.0,9.3,78.2,12.1,2.1,2.3,30.9,44622,67164,24995,7.9,4.3,14.5,12.1,20.4,11.5,10.1,10.6,2.1,6.5,24.4,26.7,21.6,16.0,49.9,16.6,17.5,26.2,73.8,1317,8.0,59.8,1956,88.9,11.1,4913,39.0,21.1,16.6,18.2,66.0,11.6,0.2,25.4,48.2,2022
12086000307,Census Tract 3.07; Miami-Dade County; Florida,53.0,6.2,78.6,2.8,0.0,7.3,32.9,55859,73188,21197,2.1,8.7,9.5,11.8,15.9,17.5,10.5,13.5,5.5,4.9,13.2,32.9,19.9,9.7,21.2,41.0,28.2,88.7,11.3,-666666666,0.0,100.0,1145,93.6,6.4,4069,38.2,21.6,16.6,25.0,60.3,8.1,0.0,31.4,44.5,2022
12086000308,Census Tract 3.08; Miami-Dade County; Florida,60.0,13.2,73.5,3.8,0.7,11.7,29.4,69924,109822,31917,4.7,3.3,1.7,2.6,13.8,26.4,18.6,20.1,2.0,6.8,8.3,25.3,17.5,5.4,25.0,37.8,31.9,87.0,13.0,1817,0.0,62.9,1352,95.2,4.8,4708,38.7,20.4,14.2,21.5,57.3,15.6,0.8,30.4,46.6,2022
12086000309,Census Tract 3.09; Miami-Dade County; Florida,49.3,2.6,68.8,13.2,0.4,1.2,28.6,43839,56669,17360,0.0,8.0,5.6,17.8,23.2,14.5,22.0,2.2,6.8,0.0,6.8,29.5,35.4,14.5,55.8,20.5,9.2,14.4,85.6,1451,8.0,61.0,1241,85.9,14.1,3905,40.6,21.3,26.5,18.1,78.1,1.2,0.2,18.3,63.8,2022
12086000310,Census Tract 3.10; Miami-Dade County; Florida,55.7,9.6,77.4,4.2,0.0,3.5,32.3,50500,66874,30826,3.2,8.7,13.1,13.0,10.0,18.7,14.9,8.4,7.4,2.7,22.0,32.2,11.0,14.0,35.6,35.9,14.5,65.5,34.5,1295,0.0,80.9,1258,93.6,6.4,2967,38.3,21.0,12.5,6.8,56.3,22.2,13.3,28.6,44.8,2022
12086000311,Census Tract 3.11; Miami-Dade County; Florida,52.4,9.8,81.0,5.6,0.0,9.2,38.3,36822,48529,14826,16.9,3.1,1.6,12.8,31.2,11.2,14.6,5.1,3.5,0.0,30.5,48.9,20.8,7.3,44.0,28.3,20.4,64.3,35.7,1364,0.0,100.0,1343,94.0,6.0,4430,33.6,31.8,11.7,17.9,71.2,5.9,0.0,15.6,48.3,2022
12086000312,Census Tract 3.12; Miami-Dade County; Florida,49.6,14.8,78.7,3.8,1.6,8.8,30.8,40398,54989,20188,2.1,3.0,11.3,25.6,18.8,21.7,3.7,12.4,0.0,1.4,16.9,23.7,24.3,12.7,40.6,29.3,17.3,40.6,59.4,1489,11.2,68.6,1374,88.1,11.9,3638,36.9,26.2,18.5,18.1,68.3,10.4,2.2,20.3,39.6,2022
12086000402,Census Tract 4.02; Miami-Dade County; Florida,54.3,8.1,66.9,8.9,0.0,5.0,32.5,48796,57632,18912,4.9,6.5,11.2,13.6,14.9,20.6,14.0,12.2,2.2,0.0,17.5,30.0,32.3,6.1,43.0,30.3,20.5,61.7,38.3,1816,7.1,60.3,1351,95.5,4.5,4315,40.9,20.2,14.6,15.2,58.6,25.4,0.0,38.3,34.0,2022
12086000405,Census Tract 4.05; Miami-Dade County; Florida,53.3,3.8,71.4,4.2,0.0,4.8,30.4,56073,88776,26051,3.5,5.9,13.9,16.2,2.0,29.7,12.5,12.7,0.0,3.6,24.3,20.0,23.7,9.3,28.0,46.0,16.8,84.8,15.2,-666666666,25.3,48.2,1114,97.9,2.1,3796,40.2,22.9,13.9,12.4,66.3,18.5,0.0,33.1,49.1,2022
12086000408,Census Tract 4.08; Miami-Dade County; Florida,48.1,11.5,82.5,10.2,0.4,1.4,32.9,43028,54640,17318,1.3,11.1,19.7,10.9,10.8,26.0,11.3,4.0,4.2,0.8,25.3,50.5,22.3,20.2,38.7,23.3,17.7,32.2,67.8,1187,7.4,61.4,1959,91.4,8.6,6253,40.4,20.8,16.8,9.6,66.3,7.2,0.5,34.4,44.7,2022
12086000409,Census Tract 4.09; Miami-Dade County; Florida,59.3,6.8,73.8,12.9,0.0,0.0,39.2,57000,61429,18752,4.8,9.4,9.8,11.8,9.8,24.6,18.2,3.1,7.3,1.3,19.5,43.0,24.6,2.1,52.3,29.2,16.5,40.7,59.3,1619,3.8,53.9,1244,96.5,3.5,4372,32.4,25.2,11.0,8.7,75.5,9.0,1.7,26.3,54.2,2022
12086000410,Census Tract 4.10; Miami-Dade County; Florida,56.9,3.2,75.4,7.0,0.0,1.9,28.2,56815,72669,18403,4.4,2.7,12.5,9.9,15.9,17.0,22.3,9.9,1.1,4.3,18.7,41.4,17.4,2.1,20.3,48.9,28.7,81.1,18.9,1529,0.0,52.8,1196,96.4,3.6,5146,39.2,22.3,17.4,14.7,73.8,7.5,0.0,26.0,58.6,2022
12086000411,Census Tract 4.11; Miami-Dade County; Florida,60.6,2.5,78.4,6.9,1.6,1.1,26.4,42594,56393,20293,6.3,2.8,23.3,12.6,11.5,25.5,11.8,3.9,1.5,0.8,18.7,45.9,27.3,18.2,49.5,21.4,10.8,31.4,68.6,1419,9.7,62.9,2138,95.8,4.2,6043,40.1,25.3,14.5,11.1,76.6,7.3,0.0,19.5,47.9,2022
12086000413,Census Tract 4.13; Miami-Dade County; Florida,61.7,5.5,80.3,3.0,0.0,6.0,25.7,57500,70113,19992,0.8,4.4,8.2,20.3,10.1,23.7,17.9,8.1,1.9,4.7,22.1,29.0,16.4,4.9,43.6,22.8,28.7,74.9,25.1,-666666666,7.0,15.6,1554,95.2,4.8,5622,29.5,35.0,12.0,12.7,72.5,10.4,0.2,26.5,33.8,2022
12086000414,Census Tract 4.14; Miami-Dade County; Florida,57.2,3.9,61.2,7.9,1.0,13.9,33.1,45740,57335,22193,9.4,6.1,11.3,12.6,16.3,20.3,9.4,6.3,7.7,0.5,20.5,26.1,22.1,12.5,55.9,22.3,9.3,32.6,67.4,1328,20.5,49.5,2046,90.1,9.9,5011,37.8,21.2,13.9,6.3,81.4,7.6,0.0,18.7,45.9,2022
12086000415,Census Tract 4.15; Miami-Dade County; Florida,73.3,3.0,88.8,3.0,0.0,6.8,35.1,60893,87172,28236,11.1,3.5,16.5,6.5,6.9,9.3,14.1,14.3,0.0,17.7,12.2,21.2,16.2,12.2,24.1,42.7,21.1,71.4,28.6,1568,0.0,87.4,732,90.8,9.2,2099,39.9,18.0,9.1,22.3,55.2,15.8,0.0,44.6,49.2,2022
12086000416,Census Tract 4.16; Miami-Dade County; Florida,45.2,14.4,82.2,8.6,0.0,6.4,28.2,30585,44927,16409,7.4,15.1,15.7,16.7,18.2,3.4,7.3,14.2,0.7,1.3,27.2,52.4,18.8,25.0,30.8,31.2,13.0,41.1,58.9,637,9.9,40.8,1912,89.8,10.2,4996,41.5,26.7,19.2,21.3,55.2,12.3,0.0,47.1,36.1,2022
12086000417,Census Tract 4.17; Miami-Dade County; Florida,52.8,14.2,66.1,17.1,2.4,2.5,33.4,42665,46675,20206,14.8,10.7,11.3,7.2,15.7,15.7,16.5,8.1,0.0,0.0,23.0,35.8,22.1,22.7,49.4,23.4,4.5,33.2,66.8,1335,2.0,63.6,1896,94.9,5.1,4500,39.2,21.4,15.9,10.5,70.9,14.1,1.3,31.4,21.8,2022
12086000418,Census Tract 4.18; Miami-Dade County; Florida,54.0,6.7,70.1,8.5,4.2,10.2,30.2,32276,57867,19855,5.8,8.3,15.7,21.3,19.4,12.1,0.0,7.4,0.0,9.8,30.6,37.9,22.2,15.6,23.5,37.9,22.9,52.7,47.3,1100,0.0,75.8,1055,94.6,5.4,3074,34.5,19.6,5.1,5.9,84.1,10.0,0.0,14.2,34.7,2022
12086000419,Census Tract 4.19; Miami-Dade County; Florida,58.4,0.5,94.2,0.8,0.6,1.8,37.8,68873,63973,21499,5.2,7.4,15.2,8.6,7.5,14.1,17.6,20.2,4.2,0.0,11.7,38.5,6.4,8.8,38.4,22.0,30.8,54.9,45.1,1354,3.6,66.3,1085,95.8,4.2,3388,38.8,20.8,18.1,31.0,61.4,2.6,0.0,35.3,35.2,2022
12086000420,Census Tract 4.20; Miami-Dade County; Florida,40.7,4.2,62.1,13.2,7.7,1.1,40.1,43594,51321,15410,1.1,17.4,13.7,0.0,23.6,17.0,21.6,5.6,0.0,0.0,42.8,41.2,22.4,22.9,24.2,34.3,18.5,72.5,27.5,-666666666,0.0,62.2,961,93.1,6.9,3231,35.9,19.9,21.5,7.3,68.0,7.4,0.0,35.5,41.1,2022
12086000504,Census Tract 5.04; Miami-Dade County; Florida,57.0,5.2,79.0,4.1,0.6,7.4,23.8,45500,56227,20651,9.0,11.7,9.3,11.8,12.3,17.0,9.3,16.4,2.4,1.0,23.0,40.2,19.8,12.1,35.3,27.4,25.3,55.1,44.9,1000,6.6,54.5,1823,96.4,3.6,4913,45.5,19.5,22.5,29.1,37.3,28.1,0.0,67.7,52.9,2022
12086000505,Census Tract 5.05; Miami-Dade County; Florida,61.9,3.1,80.3,0.0,0.9,8.9,30.2,43426,57371,21187,4.6,10.7,15.4,11.0,15.7,14.3,11.3,12.9,1.0,3.1,26.6,47.2,21.9,13.2,33.8,38.7,14.3,35.3,64.7,1405,10.8,47.2,1867,97.9,2.1,5179,39.1,18.6,19.9,41.4,9.9,46.5,0.0,91.1,74.7,2022
12086000506,Census Tract 5.06; Miami-Dade County; Florida,51.9,7.0,88.6,0.0,0.0,0.0,34.1,46850,56009,18848,11.6,6.5,9.7,5.4,21.6,19.2,12.2,10.3,1.6,1.9,21.9,18.1,34.9,7.7,23.8,59.1,9.5,78.8,21.2,2591,12.6,87.4,756,97.9,2.1,2507,41.5,21.5,17.8,11.0,72.0,16.3,0.8,23.7,27.1,2022
12086000507,Census Tract 5.07; Miami-Dade County; Florida,49.1,9.6,83.3,0.0,1.7,6.6,27.6,49792,66745,19648,0.9,6.5,4.3,22.6,15.8,18.0,8.8,17.4,4.6,1.1,13.8,46.6,19.9,5.9,22.0,44.4,27.7,37.8,62.2,1485,9.9,53.6,1227,95.8,4.2,4756,31.9,19.1,15.2,28.4,37.8,25.8,0.5,56.5,40.5,2022
12086000508,Census Tract 5.08; Miami-Dade County; Florida,52.6,1.3,63.6,3.3,6.3,2.6,24.4,25800,28538,11141,20.8,10.6,15.4,16.7,22.9,11.1,2.6,0.0,0.0,0.0,39.0,60.4,21.5,22.6,57.9,19.4,0.1,2.4,97.6,1226,15.3,62.4,1521,95.9,4.1,3907,28.1,30.3,6.8,10.9,62.6,20.8,0.0,35.5,27.5,2022
12086000509,Census Tract 5.09; Miami-Dade County; Florida,50.5,9.8,80.7,4.8,0.0,10.6,29.9,54677,56764,19950,2.0,6.9,15.8,22.1,0.9,19.9,23.4,5.2,3.9,0.0,14.9,62.5,31.9,12.4,26.6,34.9,26.1,59.4,40.6,1056,0.0,66.2,1253,91.9,8.1,3358,41.9,18.2,12.6,29.3,35.9,31.4,0.0,50.4,45.7,2022
12086000601,Census Tract 6.01; Miami-Dade County; Florida,64.2,1.4,70.7,0.1,0.0,10.1,30.3,70134,79815,26469,2.0,12.8,9.2,8.9,6.6,13.4,14.7,17.9,12.4,2.0,15.2,26.8,12.4,2.6,29.9,34.3,33.2,73.7,26.3,1894,23.3,40.3,1255,94.9,5.1,3831,48.9,13.0,19.9,64.1,0.7,24.9,0.0,95.4,68.6,2022
12086000602,Census Tract 6.02; Miami-Dade County; Florida,62.2,3.3,81.5,0.6,0.3,7.1,30.8,69712,89701,27987,7.5,3.1,5.1,9.4,15.6,10.0,10.2,12.9,18.5,7.7,9.3,19.5,8.0,3.1,29.4,29.4,38.2,82.1,17.9,1447,4.7,35.5,1748,95.5,4.5,5256,50.4,13.9,23.7,55.5,0.1,41.1,0.0,96.0,73.0,2022
12086000603,Census Tract 6.03; Miami-Dade County; Florida,67.9,4.0,68.4,2.7,1.2,15.8,30.0,71563,83898,28240,6.2,6.4,5.0,6.6,15.1,22.3,13.2,10.3,8.9,6.0,15.4,32.2,15.7,6.5,19.6,46.1,27.8,59.4,40.6,1497,0.0,45.9,1636,94.6,5.4,4875,46.8,13.6,14.6,40.9,0.7,53.0,0.6,96.1,68.1,2022
12086000605,Census Tract 6.05; Miami-Dade County; Florida,50.3,3.0,77.8,0.2,0.4,15.3,29.2,83550,83973,23700,4.7,4.5,6.9,8.5,8.5,14.0,12.0,29.8,6.4,4.4,19.3,50.4,15.6,9.7,24.4,26.3,39.6,82.8,17.2,1915,0.0,41.6,1472,95.9,4.1,5047,46.0,13.7,20.0,46.6,1.8,49.0,0.1,95.3,70.5,2022
12086000607,Census Tract 6.07; Miami-Dade County; Florida,53.6,8.1,81.0,0.5,1.7,4.5,29.0,41207,68496,25014,7.3,4.2,9.2,20.5,14.7,16.9,13.6,5.0,1.5,7.1,13.7,46.5,15.2,9.2,35.5,36.6,18.8,57.3,42.7,1516,1.9,51.4,1574,97.8,2.2,4497,51.5,12.7,28.3,48.2,2.9,44.2,0.0,96.3,71.1,2022
12086000609,Census Tract 6.09; Miami-Dade County; Florida,62.4,2.5,79.7,0.0,3.8,10.6,25.5,31809,51335,21018,15.9,6.8,20.2,12.9,7.4,12.2,5.6,15.3,1.6,2.1,32.7,60.4,28.7,13.0,41.7,31.2,14.2,26.1,73.9,1092,11.9,41.7,1320,95.8,4.2,3478,48.6,18.0,23.1,53.3,1.5,40.8,0.0,97.0,77.0,2022
12086000610,Census Tract 6.10; Miami-Dade County; Florida,63.0,1.5,77.1,0.0,5.9,12.8,35.2,57943,61525,23755,8.4,7.0,6.4,16.5,6.9,26.2,6.3,16.1,6.2,0.0,16.0,37.3,17.5,6.3,27.4,27.2,39.1,47.9,52.1,1295,28.8,32.6,957,96.8,3.2,2865,51.0,7.6,27.6,47.0,0.3,45.7,0.0,95.6,79.6,2022
12086000611,Census Tract 6.11; Miami-Dade County; Florida,59.9,2.1,74.9,4.4,0.2,10.2,26.4,49449,71231,22855,3.8,1.7,12.3,15.6,18.4,9.5,16.3,13.5,2.1,6.8,26.3,36.6,16.2,9.2,26.0,33.2,31.6,49.0,51.0,1529,6.2,68.0,855,95.2,4.8,2604,40.7,18.1,13.7,55.7,0.2,40.2,1.6,94.9,79.8,2022
12086000612,Census Tract 6.12; Miami-Dade County; Florida,59.7,2.9,75.0,3.3,0.7,9.9,30.2,71333,76770,23474,6.2,4.1,12.6,5.3,7.5,16.6,19.7,19.1,3.5,5.3,24.2,35.6,15.4,5.8,22.8,47.5,24.0,74.9,25.1,1490,4.5,57.9,952,95.0,5.0,3032,47.7,12.8,18.6,41.3,0.5,54.5,0.0,96.7,75.4,2022
12086000705,Census Tract 7.05; Miami-Dade County; Florida,57.2,2.9,70.7,0.0,5.7,11.3,21.0,31477,42517,19315,15.7,15.8,9.1,12.6,8.3,27.0,2.8,4.4,2.2,2.0,22.5,49.5,11.0,19.7,42.2,30.4,7.6,33.3,66.7,1266,20.3,39.2,2137,98.0,2.0,4768,47.4,23.9,23.7,50.1,0.0,43.5,0.0,97.4,76.7,2022
12086000710,Census Tract 7.10; Miami-Dade County; Florida,55.6,3.7,68.8,2.1,2.7,12.7,30.2,30938,39273,15973,7.0,15.3,18.9,15.6,10.3,20.9,7.7,4.3,0.0,0.0,27.4,70.1,23.6,17.6,48.1,26.8,7.4,5.9,94.1,1215,11.8,56.1,1991,97.5,2.5,5148,42.4,19.8,18.3,49.3,3.0,36.1,0.0,97.0,86.0,2022
12086000711,Census Tract 7.11; Miami-Dade County; Florida,56.6,1.1,63.3,2.9,1.3,17.3,27.7,41429,68714,24364,8.0,8.0,13.8,12.8,15.0,19.1,8.3,11.3,0.0,3.7,19.9,46.9,22.4,9.8,49.4,27.8,12.9,31.7,68.3,1492,13.8,54.1,2044,97.5,2.5,5887,43.3,20.8,18.5,38.4,9.7,48.9,0.0,90.5,63.1,2022
12086000712,Census Tract 7.12; Miami-Dade County; Florida,62.2,7.9,75.5,1.4,1.9,13.1,26.4,40670,52636,20642,7.1,10.1,15.0,10.2,21.4,17.4,8.5,7.2,0.0,3.1,25.2,39.1,17.3,7.6,42.8,37.9,11.7,24.3,75.7,1434,5.6,75.0,868,97.4,2.6,2194,40.1,19.6,13.4,42.3,0.7,46.1,0.0,99.0,75.0,2022
12086000713,Census Tract 7.13; Miami-Dade County; Florida,55.9,0.0,65.4,1.5,3.0,1.1,31.1,24479,41982,20567,9.7,27.9,12.6,7.1,9.2,11.0,14.8,5.5,2.2,0.0,29.6,37.5,19.4,19.8,45.4,20.8,14.0,30.0,70.0,1547,4.2,64.1,1464,97.7,2.3,3063,49.0,10.2,18.9,56.8,0.0,40.4,0.0,99.6,81.1,2022
12086000714,Census Tract 7.14; Miami-Dade County; Florida,52.4,4.0,79.0,0.0,1.5,8.2,31.0,40619,51412,17527,8.1,5.4,21.5,7.3,16.0,18.6,10.5,9.0,1.5,2.1,27.1,54.6,17.6,6.2,32.8,46.7,14.3,38.1,61.9,1677,2.6,58.4,1641,98.7,1.3,4851,46.2,18.3,24.9,53.8,0.0,42.8,0.0,96.8,80.8,2022
12086000715,Census Tract 7.15; Miami-Dade County; Florida,51.5,1.4,67.9,2.9,1.9,8.9,43.3,61797,84671,26057,2.7,10.5,4.9,11.0,14.5,16.0,11.9,15.0,9.1,4.4,14.2,39.0,19.8,10.4,26.9,44.4,18.4,64.8,35.2,1786,12.4,41.3,1112,94.4,5.6,3591,49.1,16.3,24.5,55.5,0.0,36.2,0.0,96.8,77.3,2022
12086000716,Census Tract 7.16; Miami-Dade County; Florida,48.2,7.2,65.8,3.5,0.0,14.7,28.6,61607,63397,21822,7.5,7.2,14.9,8.8,7.4,13.1,27.5,6.7,3.3,3.5,18.9,36.5,19.5,5.2,37.6,34.0,23.2,75.3,24.7,1777,28.6,42.3,850,100.0,0.0,2671,44.5,19.2,25.2,39.2,0.9,49.0,2.7,94.3,62.0,2022
12086000717,Census Tract 7.17; Miami-Dade County; Florida,50.4,7.5,81.4,0.0,0.0,5.1,25.6,55345,74780,28181,4.6,1.9,21.7,14.6,6.3,11.5,15.1,7.9,11.2,5.2,12.4,25.1,23.3,11.1,28.8,34.7,25.5,84.0,16.0,1866,0.0,50.7,906,97.8,2.2,2466,57.2,9.7,32.7,65.5,3.7,21.8,0.0,93.3,79.3,2022
12086000718,Census Tract 7.18; Miami-Dade County; Florida,67.0,3.2,73.7,0.0,3.8,4.2,30.2,57411,65228,23719,9.6,5.0,4.1,6.1,19.6,36.8,3.5,7.5,2.1,5.6,15.7,25.6,16.5,18.7,17.4,53.5,10.5,45.3,54.7,1529,12.0,67.7,1393,95.5,4.5,4048,41.0,12.7,22.0,37.7,0.4,44.4,0.0,93.7,77.7,2022
12086000719,Census Tract 7.19; Miami-Dade County; Florida,45.3,7.3,74.5,0.0,0.0,15.0,23.1,27639,47422,18899,3.0,6.4,37.8,8.2,21.9,2.1,2.7,12.3,5.7,0.0,29.2,56.7,15.0,25.7,33.0,37.1,4.1,57.9,42.1,1569,7.6,76.2,439,100.0,0.0,1209,52.7,12.1,27.5,58.9,2.1,38.4,0.0,96.4,73.5,2022
12086000720,Census Tract 7.20; Miami-Dade County; Florida,50.4,1.5,70.7,0.0,3.2,9.1,28.4,37548,50798,18822,10.1,12.0,17.2,8.2,9.4,19.7,14.8,6.5,0.4,1.7,17.0,46.0,17.4,19.9,33.5,23.9,22.6,40.9,59.1,1341,4.9,77.2,1322,96.1,3.9,3526,52.5,14.1,27.5,47.7,0.3,46.0,0.0,94.2,74.5,2022
12086000804,Census Tract 8.04; Miami-Dade County; Florida,54.5,2.9,61.2,4.4,0.0,18.5,31.7,50614,66861,25146,1.1,17.5,10.8,5.6,14.1,15.5,16.2,12.3,4.3,2.6,18.0,39.5,30.4,9.3,30.2,29.2,31.3,39.3,60.7,1580,16.7,40.4,1544,98.6,1.4,4272,50.8,12.2,25.6,44.2,1.8,40.5,0.0,96.1,76.1,2022
12086000805,Census Tract 8.05; Miami-Dade County; Florida,55.4,7.5,78.5,0.0,1.9,13.6,26.6,55729,80804,27247,4.3,7.8,8.7,13.9,9.1,17.0,12.0,14.7,5.0,7.6,15.4,41.2,18.4,4.0,32.1,42.3,21.6,48.0,52.0,1603,8.5,54.4,1679,97.5,2.5,5349,47.1,16.8,22.3,49.8,2.3,39.1,0.1,95.8,76.2,2022
12086000806,Census Tract 8.06; Miami-Dade County; Florida,47.3,5.3,68.1,1.2,1.7,21.4,34.9,41439,46361,19606,6.6,11.7,14.6,12.2,24.1,14.2,8.6,4.7,3.3,0.0,21.5,50.8,18.1,23.4,37.0,30.8,8.8,24.6,75.4,1153,28.1,49.7,1636,98.2,1.8,4202,50.9,13.4,32.4,52.3,2.9,33.2,0.3,94.0,80.1,2022
12086000807,Census Tract 8.07; Miami-Dade County; Florida,56.4,3.0,70.5,7.0,1.1,4.9,28.8,35560,40979,17314,12.0,13.8,14.4,9.4,22.8,13.0,9.1,5.6,0.0,0.0,24.0,39.3,23.1,18.8,40.7,20.6,20.0,11.2,88.8,1199,10.5,61.9,1659,97.7,2.3,4072,51.3,14.3,19.3,50.2,0.8,46.2,0.6,93.5,82.8,2022
12086000808,Census Tract 8.08; Miami-Dade County; Florida,58.9,8.3,75.7,1.3,0.0,11.9,29.0,42100,65425,24663,4.7,10.3,17.5,12.2,10.0,14.0,9.7,13.3,4.1,4.2,20.3,52.2,26.1,12.0,46.5,27.1,14.5,33.8,66.2,1204,5.4,65.0,1572,94.0,6.0,4041,43.6,15.0,23.2,46.2,1.4,45.5,0.0,94.9,85.1,2022
12086000903,Census Tract 9.03; Miami-Dade County; Florida,57.1,0.2,70.9,9.3,0.2,5.2,31.1,44833,54868,17852,10.8,8.5,17.4,7.8,15.3,13.1,12.9,6.9,7.5,0.0,39.9,47.1,11.6,9.2,51.7,24.8,14.3,48.1,51.9,993,0.0,59.3,1150,94.6,5.4,3626,33.5,29.6,13.5,14.0,53.0,26.5,0.0,46.3,34.2,2022
12086000904,Census Tract 9.04; Miami-Dade County; Florida,49.9,1.0,80.1,0.0,0.0,8.0,38.8,47763,59517,19565,6.6,7.7,13.3,2.7,22.0,11.3,20.7,8.0,7.8,0.0,8.6,33.7,12.2,6.1,43.1,27.5,23.3,78.5,21.5,1503,12.3,71.0,794,95.0,5.0,2474,43.7,22.4,19.4,21.9,34.6,34.8,0.0,66.5,46.5,2022
12086000905,Census Tract 9.05; Miami-Dade County; Florida,55.4,2.0,84.2,2.2,0.0,2.7,32.2,62000,72732,22929,10.5,3.0,11.3,9.4,10.6,11.3,20.4,12.3,11.0,0.5,12.2,43.3,17.6,1.0,39.6,25.4,34.0,61.8,38.2,1297,11.3,64.0,1179,85.2,14.8,3606,45.0,13.1,21.3,31.9,19.2,38.8,0.0,79.8,60.4,2022
12086000906,Census Tract 9.06; Miami-Dade County; Florida,53.5,4.7,85.9,0.0,0.0,11.2,27.3,48214,103014,35450,13.4,3.6,2.9,20.5,10.5,13.2,6.7,0.0,16.5,12.7,15.0,34.4,20.5,3.4,23.4,47.5,25.7,58.0,42.0,-666666666,0.0,36.3,552,100.0,0.0,1631,45.6,6.7,25.7,31.8,35.2,20.6,0.0,77.6,60.8,2022
12086000907,Census Tract 9.07; Miami-Dade County; Florida,51.6,0.0,86.9,7.0,0.0,5.6,37.4,55293,62718,19535,0.0,0.0,4.3,10.0,22.3,43.5,0.6,9.1,10.2,0.0,16.0,12.5,41.6,0.0,22.7,54.6,22.7,60.7,39.3,1775,0.0,74.0,529,100.0,0.0,1802,50.5,7.5,21.2,22.0,4.5,63.9,0.0,97.7,72.9,2022
12086000908,Census Tract 9.08; Miami-Dade County; Florida,56.9,0.0,73.9,2.7,0.0,10.9,30.8,59034,78326,23928,0.0,14.5,10.5,9.9,5.0,20.9,5.5,11.3,18.8,3.6,15.1,39.1,13.6,0.0,27.3,17.1,55.6,78.5,21.5,1375,0.0,42.7,963,100.0,0.0,3561,47.6,15.7,23.3,49.5,2.7,24.3,0.0,98.1,65.3,2022
12086001003,Census Tract 10.03; Miami-Dade County; Florida,57.3,3.8,85.2,0.9,2.1,4.2,27.4,57333,62862,22915,11.0,10.2,9.3,4.7,9.8,14.7,24.4,11.6,2.5,1.8,21.7,33.5,12.8,4.2,34.3,44.7,16.9,61.6,38.4,1368,11.6,42.8,2218,97.9,2.1,6442,41.9,22.1,14.7,14.8,68.6,11.9,0.0,27.9,26.9,2022
12086001004,Census Tract 10.04; Miami-Dade County; Florida,58.2,9.6,82.4,8.5,0.0,0.7,28.7,46473,53213,19374,7.9,5.2,10.5,6.5,27.0,21.4,6.3,13.3,1.4,0.5,25.7,54.2,13.4,20.1,43.0,20.8,16.1,22.8,77.2,1229,13.0,44.8,2717,89.1,10.9,7302,32.7,31.0,10.7,16.3,59.7,9.9,0.3,38.1,22.5,2022
12086001005,Census Tract 10.05; Miami-Dade County; Florida,33.3,7.6,71.5,3.0,0.0,1.8,34.7,26136,45054,22441,12.3,19.1,17.2,10.4,4.9,19.1,4.9,9.2,0.0,2.8,30.2,46.9,10.3,31.6,47.3,14.9,6.2,21.7,78.3,721,19.9,32.0,889,83.0,17.0,1640,59.8,10.2,41.8,13.2,63.6,10.3,2.4,28.2,40.9,2022
12086001006,Census Tract 10.06; Miami-Dade County; Florida,48.5,13.0,65.5,16.0,0.0,10.5,37.5,30657,46877,17295,23.0,11.1,13.1,7.7,7.6,16.6,9.2,6.8,1.7,3.1,40.1,48.2,22.3,37.7,39.7,15.6,6.9,34.7,65.3,862,1.8,54.8,1820,91.8,8.2,4936,35.4,30.0,16.0,7.4,62.2,11.4,1.9,32.3,49.3,2022
12086001007,Census Tract 10.07; Miami-Dade County; Florida,44.3,17.7,74.2,11.1,0.0,6.2,34.7,46413,56307,17791,2.5,0.0,25.5,6.2,24.3,12.9,17.1,7.0,4.6,0.0,31.0,34.6,29.7,12.1,34.9,36.2,16.8,78.9,21.1,1493,0.0,85.4,1014,91.0,9.0,3154,38.4,26.6,14.6,11.2,67.8,2.7,0.0,33.7,23.7,2022
12086001008,Census Tract 10.08; Miami-Dade County; Florida,66.3,0.7,73.6,9.7,0.0,1.3,30.9,47917,54244,20784,8.0,0.0,10.0,16.3,31.4,16.0,7.8,9.1,1.4,0.0,24.1,44.0,28.0,6.1,58.1,22.0,13.8,40.3,59.7,-666666666,5.1,54.0,1193,97.2,2.8,3290,36.4,27.6,11.8,6.5,62.9,15.6,0.0,37.9,32.4,2022
12086001101,Census Tract 11.01; Miami-Dade County; Florida,63.1,5.2,69.5,4.7,0.1,8.8,30.8,60679,85546,25264,0.8,1.9,8.1,11.1,17.5,21.7,9.3,18.7,5.5,5.3,13.9,25.7,28.6,1.9,27.8,43.2,27.0,63.8,36.2,1616,0.0,69.6,1493,93.2,6.8,5177,38.2,23.3,15.0,25.8,44.3,23.3,2.9,39.3,45.1,2022
12086001102,Census Tract 11.02; Miami-Dade County; Florida,48.9,7.0,79.3,1.5,5.8,8.8,24.9,90000,106002,24225,1.9,3.9,10.3,7.2,6.8,14.6,7.6,31.1,5.4,11.2,18.1,21.5,20.8,5.8,13.4,47.2,33.6,80.0,20.0,1642,7.0,36.1,1317,94.5,5.5,5839,26.7,17.3,10.7,27.4,52.0,11.3,2.3,26.6,45.0,2022
12086001103,Census Tract 11.03; Miami-Dade County; Florida,62.2,8.5,78.1,4.5,0.0,12.7,32.3,56625,92871,31379,3.0,2.0,7.7,18.5,4.0,27.5,15.2,13.1,1.9,7.0,24.5,35.5,19.5,3.0,35.5,44.5,16.9,54.5,45.5,1324,8.5,34.6,1663,88.9,11.1,4517,35.5,22.3,12.2,19.2,56.1,13.4,0.6,29.4,52.2,2022
12086001104,Census Tract 11.04; Miami-Dade County; Florida,71.6,5.1,59.7,1.2,0.5,23.2,26.7,151708,170061,60564,0.0,0.6,1.4,2.3,8.1,12.1,7.0,17.2,23.0,28.1,0.7,3.2,3.2,6.1,27.4,47.8,18.7,88.6,11.4,2800,2.7,58.0,1821,95.8,4.2,4935,41.8,25.2,14.6,53.0,13.5,19.6,4.0,33.6,31.5,2022
12086001204,Census Tract 12.04; Miami-Dade County; Florida,61.9,4.7,84.2,1.6,0.8,2.8,37.7,64155,100027,43476,2.1,0.6,10.0,20.5,11.1,15.7,12.2,12.8,7.9,7.0,19.7,16.8,10.3,4.8,55.4,35.2,4.6,55.7,44.3,1720,10.8,60.5,2908,85.2,14.8,5915,40.8,23.9,20.2,55.9,22.7,15.9,0.5,49.3,43.0,2022
12086001205,Census Tract 12.05; Miami-Dade County; Florida,62.1,4.9,72.3,0.6,2.0,18.0,34.5,106919,159069,59672,1.4,4.1,6.5,9.3,1.5,8.0,8.3,19.8,10.6,30.5,9.8,8.4,6.3,10.4,32.3,40.2,17.2,79.1,20.9,1946,12.3,62.0,1088,83.5,16.5,2438,40.7,26.2,12.8,79.3,4.2,11.2,3.4,37.4,32.7,2022
12086001206,Census Tract 12.06; Miami-Dade County; Florida,57.6,6.0,69.6,0.0,2.0,21.4,27.2,104958,140241,61161,6.8,3.3,1.2,8.6,3.0,8.7,11.5,23.6,7.5,25.8,10.7,5.7,5.6,1.4,43.9,42.8,11.9,76.0,24.0,1425,5.2,70.0,2177,78.5,21.5,4028,44.6,22.8,20.8,82.5,3.7,8.0,1.2,29.4,19.1,2022
12086001207,Census Tract 12.07; Miami-Dade County; Florida,57.7,0.0,81.0,0.0,1.5,10.8,40.0,46630,68930,20451,1.4,17.4,12.5,14.5,8.1,12.3,13.1,5.4,12.8,2.4,42.5,4.0,7.0,3.4,36.6,42.8,17.3,68.8,31.2,1513,3.8,76.9,626,100.0,0.0,2168,22.0,46.0,6.0,37.1,39.3,19.4,0.0,36.8,20.8,2022
12086001208,Census Tract 12.08; Miami-Dade County; Florida,68.1,11.8,79.0,3.3,6.5,4.9,35.6,72547,68823,30296,7.9,0.0,10.5,11.9,11.9,20.4,15.0,17.7,0.0,4.7,17.7,30.7,14.6,6.6,52.1,41.2,0.0,12.2,87.8,1569,0.0,50.1,1420,88.5,11.5,2824,40.6,14.0,14.1,18.4,60.2,13.2,0.0,23.7,63.6,2022
12086001209,Census Tract 12.09; Miami-Dade County; Florida,73.1,5.0,78.9,8.5,1.5,6.6,45.1,43701,74361,29110,16.9,2.4,16.2,4.2,12.4,12.5,19.6,5.2,5.4,5.2,25.9,29.5,19.6,15.0,51.3,28.3,5.5,27.4,72.6,1474,2.0,41.5,1412,89.4,10.6,3448,34.6,26.5,6.1,21.1,50.0,23.3,0.0,44.5,49.0,2022
12086001301,Census Tract 13.01; Miami-Dade County; Florida,77.6,1.5,70.4,9.8,0.0,5.2,30.0,54716,64233,34423,8.1,5.3,9.0,18.5,5.7,23.2,14.0,6.1,8.3,1.9,11.6,13.6,28.7,20.6,54.1,17.8,7.5,29.8,70.2,1399,11.4,52.5,2747,92.6,7.4,4753,37.5,16.0,12.1,49.2,36.2,11.4,0.5,39.3,34.0,2022
12086001302,Census Tract 13.02; Miami-Dade County; Florida,68.2,2.4,67.6,0.6,2.1,19.8,24.7,72127,120959,60258,5.0,0.9,3.6,14.7,11.8,14.5,14.1,16.1,9.9,9.6,4.0,3.4,9.3,7.4,48.8,26.3,17.6,53.7,46.3,1680,4.4,52.3,3326,87.9,12.1,6024,43.3,13.8,19.8,52.5,15.7,22.8,2.0,47.7,56.1,2022
12086001401,Census Tract 14.01; Miami-Dade County; Florida,48.4,8.1,76.0,14.3,1.5,5.2,33.4,25102,37389,14088,9.6,12.8,27.3,16.3,8.4,11.0,10.7,2.8,0.6,0.5,39.2,51.9,25.7,30.3,45.5,19.7,4.5,11.9,88.1,1114,3.8,57.6,2404,91.0,9.0,6133,32.2,27.3,10.9,5.4,74.4,9.3,0.0,25.2,40.2,2022
12086001402,Census Tract 14.02; Miami-Dade County; Florida,61.8,0.7,47.4,12.6,9.6,17.5,30.0,31745,60094,27734,8.6,9.8,18.9,14.1,21.1,18.2,2.3,4.3,0.0,2.9,23.9,39.2,17.4,27.8,56.8,11.2,4.1,18.2,81.8,1156,3.5,61.1,2510,94.4,5.6,5175,41.2,21.9,22.8,25.2,53.8,15.0,0.0,43.6,63.8,2022
12086001501,Census Tract 15.01; Miami-Dade County; Florida,54.8,15.9,61.7,17.4,4.8,5.5,30.4,40854,46963,18645,10.6,10.5,12.6,11.2,22.0,10.7,14.5,5.3,2.5,0.0,24.7,56.4,25.8,34.6,32.4,18.5,14.5,37.4,62.6,819,3.6,61.8,1261,78.6,21.4,2846,33.0,16.7,6.0,8.6,73.7,17.7,0.0,22.1,27.6,2022
12086001502,Census Tract 15.02; Miami-Dade County; Florida,41.3,7.3,75.0,7.2,0.0,6.5,30.1,30917,40519,13855,27.2,3.1,15.0,8.1,27.8,6.7,3.1,6.0,2.4,0.5,37.9,58.3,18.1,13.5,50.7,14.5,21.3,29.9,70.1,977,6.5,60.6,1548,88.4,11.6,4418,25.6,34.9,8.8,11.2,81.8,4.3,0.0,27.6,20.7,2022
12086001603,Census Tract 16.03; Miami-Dade County; Florida,48.8,3.6,70.6,1.7,0.0,2.6,31.5,55491,63068,23904,1.7,8.6,13.7,11.2,7.3,22.0,15.5,15.5,3.0,1.6,13.3,27.2,11.2,16.4,32.8,34.3,16.5,74.0,26.0,1684,3.3,40.0,1089,94.5,5.5,2918,50.5,11.4,28.3,44.4,0.1,40.4,0.0,97.6,73.0,2022
12086001605,Census Tract 16.05; Miami-Dade County; Florida,57.3,1.6,73.6,0.4,2.9,11.1,31.9,29934,40786,20036,13.9,16.4,11.5,21.0,16.4,9.3,2.2,3.8,5.6,0.0,28.0,51.8,18.2,27.5,44.6,21.5,6.5,8.0,92.0,1055,11.6,48.9,1898,94.0,6.0,3833,49.6,13.5,24.5,49.2,4.4,36.8,0.0,98.3,82.9,2022
12086001606,Census Tract 16.06; Miami-Dade County; Florida,55.4,1.2,71.6,0.0,3.1,9.2,23.1,42222,49044,19709,9.7,8.2,10.4,15.4,18.2,16.3,13.8,7.7,0.4,0.0,17.4,43.2,21.8,14.7,40.8,35.3,9.2,12.7,87.3,1209,18.4,41.7,1712,98.1,1.9,4407,45.3,13.4,19.8,41.6,0.3,45.3,0.0,97.0,84.0,2022
12086001607,Census Tract 16.07; Miami-Dade County; Florida,64.2,1.8,76.2,0.0,0.0,19.7,25.2,79479,81650,27124,6.9,7.4,11.8,3.7,0.0,12.0,21.3,30.6,1.8,4.5,15.3,56.5,15.1,10.9,25.5,38.5,25.1,64.5,35.5,1148,2.3,35.7,1158,98.9,1.1,3003,50.2,11.9,32.3,57.0,1.0,24.6,1.6,95.1,74.6,2022
12086001608,Census Tract 16.08; Miami-Dade County; Florida,62.9,1.6,86.6,0.0,0.6,9.4,26.1,43795,71176,23828,6.3,6.5,11.3,9.6,17.7,12.4,18.2,8.3,5.3,4.4,12.2,32.2,19.9,8.6,26.2,25.9,39.3,69.9,30.1,1701,7.5,50.6,962,97.0,3.0,2968,45.2,12.5,20.8,44.8,0.3,46.7,1.5,92.3,69.3,2022
12086001701,Census Tract 17.01; Miami-Dade County; Florida,52.6,12.5,82.1,3.5,1.7,7.2,35.5,37681,51976,20459,4.9,9.1,18.5,13.2,15.0,18.4,12.1,6.8,0.0,2.0,29.7,37.9,25.8,6.5,38.1,36.8,18.5,40.4,59.6,1128,4.4,57.5,1779,94.9,5.1,4719,39.4,15.2,11.6,17.6,45.5,24.6,0.3,53.7,40.9,2022
12086001702,Census Tract 17.02; Miami-Dade County; Florida,61.1,9.1,79.9,5.8,0.0,5.4,30.8,40681,53617,21466,1.9,9.9,10.7,17.8,24.0,13.8,9.9,7.1,4.0,0.9,21.1,39.9,31.6,11.5,50.1,20.1,18.3,32.3,67.7,1240,8.6,61.7,1510,88.7,11.3,3648,41.1,25.9,12.2,36.2,32.8,23.4,0.4,63.7,42.8,2022
12086001704,Census Tract 17.04; Miami-Dade County; Florida,51.1,3.4,54.6,10.6,1.6,4.1,32.7,39696,49989,17350,6.9,6.2,15.3,12.2,22.4,17.0,14.4,1.4,0.0,4.2,22.4,34.2,41.1,16.1,43.1,28.6,12.2,41.0,59.0,1367,13.3,39.7,831,85.8,14.2,2179,36.8,24.0,17.1,45.0,2.9,39.2,0.0,92.2,56.3,2022
12086001705,Census Tract 17.05; Miami-Dade County; Florida,69.4,2.8,84.6,7.5,0.3,3.3,29.2,33947,53231,22345,0.0,5.4,27.1,22.7,0.3,21.1,7.5,15.9,0.0,0.0,16.7,49.2,21.3,6.4,48.1,40.2,5.3,9.7,90.3,1317,5.4,47.6,734,98.0,2.0,1833,43.1,15.8,19.3,58.2,4.7,36.0,0.0,97.1,84.9,2022
12086001801,Census Tract 18.01; Miami-Dade County; Florida,49.3,5.0,74.5,3.5,0.0,13.3,26.0,45250,46591,15128,16.1,4.5,18.2,9.1,12.8,25.4,5.8,5.9,0.7,1.4,38.5,26.9,18.5,21.5,33.6,26.4,18.5,47.4,52.6,1121,8.4,55.5,1869,90.9,9.1,5374,31.7,33.9,13.0,3.0,68.5,18.8,0.1,32.4,24.2,2022
12086001802,Census Tract 18.02; Miami-Dade County; Florida,58.5,7.6,75.4,5.4,0.0,10.6,28.3,37790,48882,17596,4.3,13.3,13.5,16.6,20.4,12.8,11.0,5.3,0.5,2.3,31.3,43.1,27.3,15.7,52.2,21.7,10.5,38.4,61.6,1575,4.2,61.4,1547,96.9,3.1,4457,32.5,28.0,8.5,23.9,30.3,18.5,0.2,66.7,38.0,2022
12086001803,Census Tract 18.03; Miami-Dade County; Florida,57.7,2.9,77.1,15.2,0.0,0.0,30.8,19570,39448,18814,13.9,21.6,26.4,4.0,7.7,13.6,5.7,2.3,2.2,2.5,26.2,59.5,3.7,32.6,53.7,1.0,12.6,15.7,84.3,-666666666,31.9,37.7,1721,84.1,15.9,3408,38.5,22.1,21.4,23.9,55.6,5.6,0.0,44.0,28.9,2022
12086001901,Census Tract 19.01; Miami-Dade County; Florida,40.9,18.8,80.3,15.4,0.0,0.0,27.5,23576,33723,15676,17.0,14.7,23.7,11.7,9.5,14.9,3.6,3.5,0.0,1.3,43.6,54.1,15.7,21.4,60.8,14.5,3.4,17.3,82.7,1141,7.0,60.5,2282,83.3,16.7,4448,34.4,32.3,12.5,10.8,65.8,6.7,0.3,33.2,27.1,2022
12086001903,Census Tract 19.03; Miami-Dade County; Florida,60.1,9.1,50.3,41.9,0.0,1.1,42.2,34432,43950,16502,24.8,8.8,11.9,4.7,11.8,17.2,12.0,5.7,3.1,0.0,27.3,42.3,40.7,26.3,53.3,17.2,3.2,13.6,86.4,1149,8.4,54.8,1524,83.4,16.6,3624,32.5,21.9,7.0,12.4,59.1,7.0,0.0,35.8,36.7,2022
12086001904,Census Tract 19.04; Miami-Dade County; Florida,51.0,9.7,81.7,4.9,0.0,3.7,30.9,28942,45363,19877,9.3,10.4,27.0,10.1,7.4,22.6,5.6,5.8,0.7,0.9,37.9,35.8,14.4,25.4,42.1,23.8,8.7,22.8,77.2,1199,9.6,67.8,1899,88.0,12.0,4071,38.6,27.3,16.9,13.2,62.0,19.8,0.7,32.8,23.0,2022
12086002001,Census Tract 20.01; Miami-Dade County; Florida,41.6,21.3,67.1,12.8,1.4,5.8,30.7,23329,31483,12645,21.1,13.1,20.8,16.7,9.3,7.6,5.7,5.6,0.0,0.0,39.6,47.1,35.5,38.6,44.7,10.7,6.0,12.5,87.5,627,4.5,63.2,1581,87.3,12.7,3887,40.1,19.0,20.3,10.7,75.3,3.6,5.1,20.0,47.6,2022
12086002003,Census Tract 20.03; Miami-Dade County; Florida,40.7,11.5,64.6,22.2,5.8,6.8,32.2,22969,36700,15430,11.1,25.6,15.9,9.4,16.9,8.5,7.4,0.1,5.1,0.0,52.3,52.2,23.8,34.8,47.5,15.1,2.6,12.1,87.9,1124,7.4,63.5,1539,80.5,19.5,3136,34.4,27.6,17.7,16.3,56.6,12.5,0.0,39.3,44.4,2022
12086002004,Census Tract 20.04; Miami-Dade County; Florida,52.8,8.8,67.1,15.6,4.1,1.4,33.2,27480,43882,15159,21.9,8.9,13.2,15.3,11.3,11.1,6.2,4.4,7.6,0.0,36.4,36.8,19.2,33.8,45.9,7.4,12.9,17.1,82.9,1153,9.8,69.4,1191,90.1,9.9,3428,30.6,32.5,12.0,18.7,76.8,2.5,0.0,29.0,41.7,2022
12086002100,Census Tract 21; Miami-Dade County; Florida,61.8,8.8,49.6,1.6,4.6,31.6,23.0,87461,186882,72284,3.3,0.0,3.8,3.8,14.3,16.7,10.7,8.7,1.6,37.2,11.5,5.6,12.3,9.9,51.9,23.3,15.0,49.4,50.6,2070,9.4,50.8,1486,80.6,19.4,3104,38.4,19.0,11.7,52.4,17.0,18.1,2.0,48.4,46.4,2022
12086002201,Census Tract 22.01; Miami-Dade County; Florida,62.9,2.9,60.0,3.3,10.0,14.6,26.8,58542,69625,27660,10.1,0.9,10.0,11.0,14.6,21.6,16.0,9.2,3.4,3.3,27.0,18.7,26.1,4.4,48.5,40.0,7.1,31.0,69.0,1877,14.0,59.3,1213,87.8,12.2,2995,39.9,16.8,16.6,46.7,29.1,14.1,3.3,47.4,44.5,2022
12086002202,Census Tract 22.02; Miami-Dade County; Florida,52.5,10.8,71.1,10.6,0.4,4.9,30.8,47222,69920,23677,6.6,5.9,11.3,5.2,22.6,12.7,10.6,17.2,5.6,2.3,15.7,31.7,27.6,11.4,35.2,47.0,6.4,59.7,40.3,1430,17.7,43.2,2041,83.9,16.1,5332,37.7,18.4,16.4,12.7,64.1,12.3,0.0,26.8,41.5,2022
12086002300,Census Tract 23; Miami-Dade County; Florida,48.9,5.6,75.7,5.2,2.2,6.1,32.6,44343,60167,18683,10.6,5.8,5.7,17.2,13.5,26.0,4.4,6.2,8.7,1.8,27.2,38.4,15.7,24.7,24.0,37.3,14.1,47.6,52.4,1534,14.5,54.7,2077,81.4,18.6,5881,34.5,30.5,13.6,25.6,49.2,8.4,1.7,49.7,27.1,2022
12086002402,Census Tract 24.02; Miami-Dade County; Florida,58.0,8.6,74.2,6.6,6.8,5.8,28.8,39047,58478,21416,10.4,15.9,9.2,9.8,11.4,14.0,10.8,9.2,7.8,1.6,20.3,39.0,30.9,15.3,45.4,22.3,17.0,34.8,65.2,1199,6.7,55.4,1911,96.3,3.7,6092,37.8,21.2,16.7,46.6,8.7,41.8,0.0,88.3,58.5,2022
12086002403,Census Tract 24.03; Miami-Dade County; Florida,60.1,2.7,77.8,10.5,1.2,1.5,32.6,46012,57155,18994,4.3,11.1,15.3,10.7,16.8,18.4,8.0,6.9,6.9,1.4,36.0,41.0,24.5,14.8,36.0,28.3,20.9,26.3,73.7,1314,6.7,60.7,1385,98.0,2.0,4395,40.3,16.5,16.4,44.3,5.1,37.8,0.0,91.5,74.3,2022
12086002404,Census Tract 24.04; Miami-Dade County; Florida,57.9,5.6,42.6,29.7,11.9,0.0,36.7,22877,38108,16564,16.9,18.0,19.6,4.5,12.6,12.2,5.3,11.0,0.0,0.0,27.0,60.5,33.4,21.7,63.7,11.6,3.0,11.5,88.5,1080,5.3,56.5,2544,94.0,6.0,6055,42.3,18.8,20.4,39.8,12.1,43.1,0.0,88.9,77.5,2022
12086002501,Census Tract 25.01; Miami-Dade County; Florida,50.3,8.7,72.8,11.9,1.3,0.1,29.6,34270,45195,14344,2.8,11.9,10.6,26.2,17.5,12.9,10.3,7.1,0.0,0.7,27.4,53.8,23.3,11.0,49.8,28.9,10.3,28.9,71.1,1330,9.6,69.3,2004,94.7,5.3,6353,42.2,22.5,16.3,30.7,18.1,37.6,0.0,79.2,53.9,2022
12086002502,Census Tract 25.02; Miami-Dade County; Florida,47.8,6.8,69.1,10.5,2.4,2.1,29.4,39444,46519,16586,10.8,8.5,16.1,11.5,26.4,9.3,4.6,12.1,0.6,0.0,31.8,29.8,36.8,31.3,42.2,19.5,7.0,35.4,64.6,1288,10.3,72.8,1219,94.7,5.3,3396,37.2,28.5,15.4,13.7,39.8,20.8,0.4,59.5,47.1,2022
12086002600,Census Tract 26; Miami-Dade County; Florida,73.7,3.1,54.7,7.5,2.2,17.8,29.8,70764,100293,41940,2.4,4.0,6.2,5.3,12.3,24.9,14.6,11.0,8.1,11.1,6.6,29.1,19.0,16.9,57.9,22.6,2.6,21.3,78.7,2056,6.4,52.9,3433,80.3,19.7,6782,33.9,19.5,8.9,36.3,5.8,36.2,0.0,78.1,47.9,2022
12086002702,Census Tract 27.02; Miami-Dade County; Florida,70.0,7.1,54.4,6.9,5.2,24.5,30.3,64336,90020,41511,4.9,0.8,12.7,8.7,8.6,20.3,11.1,20.0,8.8,4.1,23.0,9.6,17.6,9.8,64.5,24.3,1.4,5.4,94.6,2141,13.5,55.4,2657,83.6,16.4,5228,33.6,16.8,6.1,47.8,14.6,25.9,1.4,64.3,46.0,2022
12086002705,Census Tract 27.05; Miami-Dade County; Florida,66.7,8.4,57.9,1.8,5.0,17.5,34.4,68848,127320,59556,5.5,0.0,0.0,0.6,15.5,31.9,4.2,19.0,6.1,17.3,7.4,19.9,22.3,17.3,42.8,34.7,5.2,19.9,80.1,2479,25.3,35.5,2895,72.3,27.7,4638,32.6,13.6,9.0,63.0,6.1,22.9,1.6,70.8,46.4,2022
12086002707,Census Tract 27.07; Miami-Dade County; Florida,77.5,2.5,57.1,2.0,2.9,25.7,27.3,82467,121934,72423,11.1,0.0,5.0,5.2,8.2,9.8,18.6,12.2,13.0,16.9,10.9,1.2,15.9,10.3,69.4,20.3,0.0,39.5,60.5,2504,3.1,42.6,1674,74.7,25.3,2100,33.8,11.5,4.5,61.5,6.1,22.7,4.1,47.5,55.3,2022
12086002708,Census Tract 27.08; Miami-Dade County; Florida,76.4,2.0,60.2,3.5,2.1,25.2,27.1,70443,103609,58235,6.3,1.2,15.6,4.1,8.8,23.5,11.5,13.8,5.3,10.0,9.3,3.6,15.5,1.4,74.4,22.6,1.6,22.3,77.7,2145,14.5,42.7,1590,90.9,9.1,2636,37.3,9.5,9.6,44.7,1.6,36.3,2.5,68.2,47.5,2022
12086002709,Census Tract 27.09; Miami-Dade County; Florida,83.5,4.3,52.6,0.4,4.9,25.5,25.1,120774,130711,85126,5.4,5.3,2.7,0.0,5.3,11.5,13.7,27.9,11.3,17.0,12.9,0.0,8.0,12.3,68.5,17.7,1.5,41.7,58.3,2355,3.9,39.7,3563,72.8,27.2,4070,34.4,6.7,2.4,51.1,5.1,28.5,9.0,48.4,39.3,2022
12086002710,Census Tract 27.10; Miami-Dade County; Florida,62.1,1.0,66.8,10.5,5.8,11.7,22.1,113082,184171,120031,10.3,0.0,3.8,0.6,6.9,20.4,0.8,30.5,5.3,21.3,15.5,3.6,14.9,8.3,59.9,30.1,1.7,49.0,51.0,2389,0.0,36.5,1607,73.7,26.3,1826,45.7,6.0,21.9,48.6,7.5,36.0,0.7,44.8,61.3,2022
12086002800,Census Tract 28; Miami-Dade County; Florida,53.4,16.2,49.4,9.4,7.1,18.0,27.6,29766,62820,30466,11.3,19.3,14.9,7.8,9.6,18.9,0.6,7.5,4.2,5.9,57.0,23.3,29.2,31.9,62.9,5.2,0.0,1.7,98.3,1390,6.0,61.1,612,77.9,22.1,1071,40.9,10.9,9.2,25.7,34.4,22.6,0.0,53.8,36.4,2022
12086002900,Census Tract 29; Miami-Dade County; Florida,54.2,8.8,73.6,13.0,3.2,2.7,28.6,37054,47211,16285,7.8,12.3,12.9,11.4,15.9,21.4,9.5,8.0,0.8,0.0,29.8,50.3,23.8,21.3,40.4,29.0,9.3,21.4,78.6,1315,3.0,64.6,1718,96.9,3.1,5672,40.5,18.8,14.6,43.7,12.9,33.5,0.9,81.2,62.1,2022
12086003001,Census Tract 30.01; Miami-Dade County; Florida,52.5,4.3,69.7,5.3,6.3,5.1,27.4,20515,44462,22289,20.3,27.2,3.4,8.1,9.0,16.7,3.0,6.5,1.8,3.9,50.2,33.2,29.9,36.0,41.6,17.1,5.4,19.0,81.0,1114,15.1,61.5,1677,82.3,17.7,2944,46.7,13.1,18.0,42.9,13.4,34.9,7.1,66.6,55.3,2022
12086003004,Census Tract 30.04; Miami-Dade County; Florida,36.2,0.0,74.3,5.8,7.4,3.9,28.7,25055,35905,16140,14.9,21.7,13.4,8.5,13.1,17.2,7.1,3.7,0.0,0.5,31.4,50.3,24.0,27.4,54.5,17.2,0.9,3.4,96.6,1050,19.0,42.1,2410,96.5,3.5,5639,39.8,7.9,20.2,38.3,26.4,28.8,1.7,72.9,57.7,2022
12086003005,Census Tract 30.05; Miami-Dade County; Florida,63.6,4.5,75.1,5.8,9.0,1.5,23.8,33856,54413,27534,8.8,1.8,9.8,43.7,6.2,18.3,3.1,3.8,0.0,4.5,20.6,43.1,36.2,18.5,47.2,29.8,4.5,13.1,86.9,1169,0.0,70.3,733,88.7,11.3,1379,38.9,10.4,12.7,34.2,0.0,53.2,0.0,98.7,67.9,2022
12086003006,Census Tract 30.06; Miami-Dade County; Florida,51.2,7.1,76.6,5.8,2.6,2.8,30.6,30592,42854,17483,10.0,17.1,20.5,5.6,12.8,16.9,4.1,12.2,0.9,0.0,31.3,38.7,27.0,21.9,43.9,20.2,14.0,13.9,86.1,1302,3.7,61.5,1820,95.3,4.7,4405,47.7,17.3,16.7,59.1,1.0,32.3,0.0,87.5,74.8,2022
12086003100,Census Tract 31; Miami-Dade County; Florida,43.9,23.0,58.6,13.1,6.8,3.4,29.5,31311,49765,17539,17.9,7.3,13.9,15.3,5.3,12.5,9.4,14.6,2.8,1.0,43.9,50.9,17.5,30.9,33.6,17.7,17.8,15.4,84.6,921,9.4,39.5,2075,88.1,11.9,5896,34.4,20.6,8.7,21.1,63.6,14.6,0.3,36.0,30.8,2022
12086003400,Census Tract 34; Miami-Dade County; Florida,63.9,4.5,55.8,26.7,6.4,4.3,27.0,33450,38035,20046,14.2,7.8,17.0,12.0,26.6,10.2,8.2,2.7,1.4,0.0,26.5,45.5,25.9,46.6,37.8,12.9,2.7,0.7,99.3,1126,7.5,64.4,1909,89.2,10.8,3349,34.5,18.6,11.2,31.6,47.2,13.9,0.0,51.3,41.5,2022
12086003603,Census Tract 36.03; Miami-Dade County; Florida,66.8,8.8,56.0,10.7,4.2,7.7,26.7,41056,50749,28807,15.4,10.0,10.1,11.7,6.5,21.4,4.1,19.2,0.0,1.6,27.1,25.8,33.3,31.8,50.5,13.8,3.9,8.2,91.8,1235,7.1,53.8,1098,81.7,18.3,1676,36.9,8.7,15.9,66.0,4.7,16.3,0.0,78.2,76.3,2022
12086003604,Census Tract 36.04; Miami-Dade County; Florida,78.9,0.6,50.0,8.0,10.8,11.1,26.8,60281,75985,34159,6.0,8.9,4.2,4.8,17.8,29.1,11.4,6.2,0.5,11.1,11.3,27.2,25.4,26.0,54.4,18.1,1.4,6.6,93.4,1541,11.6,43.7,1492,83.2,16.8,2847,36.1,14.4,10.5,47.5,7.9,40.3,0.0,76.5,61.7,2022
12086003605,Census Tract 36.05; Miami-Dade County; Florida,58.6,0.0,57.8,15.2,6.0,6.3,28.9,27610,55355,32411,4.7,19.6,18.4,15.5,9.3,8.6,7.7,4.9,7.9,3.4,30.2,46.7,22.4,38.0,45.4,13.2,3.4,11.8,88.2,1221,5.0,48.6,1810,85.9,14.1,2773,51.3,8.7,30.3,60.2,9.0,22.5,0.0,86.1,67.9,2022
12086003606,Census Tract 36.06; Miami-Dade County; Florida,49.1,8.0,62.7,8.0,4.1,3.1,33.1,17205,37500,23371,11.0,32.7,13.3,4.6,13.0,8.7,9.4,6.2,0.5,0.7,41.1,60.2,16.0,41.0,47.8,8.6,2.6,0.0,100.0,691,24.5,45.5,1318,94.9,5.1,2012,51.9,7.5,36.2,54.5,4.4,31.1,0.0,82.7,76.8,2022
12086003607,Census Tract 36.07; Miami-Dade County; Florida,56.7,14.0,82.1,0.6,5.0,1.4,20.8,27565,34050,16589,16.6,15.8,17.4,17.4,14.7,10.8,0.8,5.0,0.0,1.5,47.4,48.2,20.6,12.6,64.3,23.1,0.0,13.2,86.8,1126,19.5,62.2,938,96.4,3.6,1942,33.1,25.3,11.3,34.0,44.2,19.2,2.6,54.3,46.3,2022
12086003703,Census Tract 37.03; Miami-Dade County; Florida,82.3,4.4,37.1,7.3,10.6,35.4,25.7,119111,186257,103383,6.9,0.0,3.2,2.5,2.3,7.9,15.6,23.8,11.1,26.8,9.4,4.6,17.3,13.9,71.2,12.5,2.4,28.4,71.6,2525,4.9,34.6,2156,77.8,22.2,3067,33.1,7.2,1.3,48.7,5.5,36.2,8.0,50.8,59.6,2022
12086003704,Census Tract 37.04; Miami-Dade County; Florida,79.7,0.0,39.1,5.4,24.4,7.0,19.0,71250,66317,47445,9.8,1.0,10.3,7.3,4.5,20.4,29.1,14.3,2.2,1.1,11.7,13.9,12.1,35.7,56.8,7.4,0.0,8.1,91.9,1865,16.3,38.8,1355,76.6,23.4,1475,34.1,7.9,7.3,59.0,13.8,18.4,0.9,60.8,45.4,2022
12086003705,Census Tract 37.05; Miami-Dade County; Florida,78.7,3.4,45.8,3.8,23.0,11.8,22.2,94600,150136,89056,8.2,0.0,0.0,4.3,1.3,18.0,20.8,15.2,10.4,21.8,5.5,6.8,9.8,9.7,61.5,28.8,0.0,39.9,60.1,2592,3.4,57.5,1399,72.8,27.2,1746,33.0,8.2,2.7,50.0,7.0,33.5,3.0,57.3,56.4,2022
12086003706,Census Tract 37.06; Miami-Dade County; Florida,23.2,3.7,50.0,0.0,14.9,29.2,24.0,57885,66810,18134,8.0,0.0,16.2,0.0,17.9,24.5,8.8,15.1,9.6,0.0,10.1,3.6,23.8,26.9,70.1,3.0,0.0,0.0,100.0,1491,18.6,36.6,457,79.6,20.4,1491,34.6,1.1,0.0,48.6,29.8,17.4,0.5,59.5,51.7,2022
12086003707,Census Tract 37.07; Miami-Dade County; Florida,77.9,3.8,43.7,16.1,6.9,22.8,23.4,112000,110761,71678,6.5,6.7,2.3,1.5,3.5,10.5,16.7,26.2,14.6,11.4,10.4,10.8,10.0,19.0,62.5,16.9,1.6,21.5,78.5,2297,8.4,31.6,1640,67.1,32.9,1694,34.0,3.3,12.1,56.8,6.0,17.9,9.0,55.3,39.0,2022
12086003708,Census Tract 37.08; Miami-Dade County; Florida,71.7,1.2,38.0,1.8,20.5,25.7,18.7,96481,146109,86678,6.6,0.0,0.0,2.8,5.1,22.6,14.6,20.3,7.4,20.6,3.9,2.8,6.6,2.9,73.1,24.0,0.0,37.1,62.9,2380,6.1,50.9,836,77.8,22.2,1094,36.4,9.1,14.3,58.7,0.0,36.7,2.7,73.6,50.5,2022
12086003709,Census Tract 37.09; Miami-Dade County; Florida,88.4,0.0,67.4,15.0,2.8,4.4,29.4,57007,76737,43209,0.7,0.0,3.8,6.2,15.2,39.7,14.9,12.4,5.8,1.4,5.1,0.9,32.6,3.1,60.6,32.6,3.7,14.0,86.0,1896,4.6,59.5,831,91.9,8.1,1402,34.9,3.5,3.4,57.2,15.3,14.0,3.9,73.1,69.5,2022
12086003710,Census Tract 37.10; Miami-Dade County; Florida,73.3,7.7,50.7,6.0,6.9,21.6,20.8,100360,137907,64830,5.6,4.0,0.6,3.3,9.5,13.3,13.1,23.7,11.3,15.5,17.2,7.8,21.3,7.6,65.7,26.1,0.6,16.3,83.7,2632,5.7,56.5,3784,83.6,16.4,6857,34.5,9.9,2.0,42.0,8.3,42.5,5.1,56.6,55.4,2022
12086003801,Census Tract 38.01; Miami-Dade County; Florida,69.3,3.4,61.6,4.6,1.2,22.3,32.7,73200,134507,52573,8.5,2.4,5.1,7.1,10.7,17.0,6.9,16.9,4.6,20.8,8.8,5.1,13.8,6.4,49.8,35.7,8.1,45.5,54.5,2250,23.8,56.4,2664,83.9,16.1,5897,35.9,29.5,11.7,55.7,2.6,32.3,0.5,55.1,51.3,2022
12086003803,Census Tract 38.03; Miami-Dade County; Florida,47.3,7.9,59.1,0.0,5.3,19.7,35.7,86172,236165,101899,3.5,9.1,4.8,3.6,9.4,14.7,9.0,14.3,0.8,30.6,20.7,2.4,11.5,4.2,54.4,21.5,19.8,73.4,26.6,2371,0.0,67.4,3690,35.9,64.1,3035,49.6,18.2,31.5,75.7,0.2,12.3,0.0,32.8,43.0,2022
12086003804,Census Tract 38.04; Miami-Dade County; Florida,59.0,3.6,60.0,6.2,2.8,23.0,32.0,73160,125679,47713,11.2,3.8,6.9,7.8,9.3,12.4,11.4,9.3,12.3,15.7,14.0,13.4,9.4,12.3,46.2,31.8,9.7,64.0,36.0,1670,13.0,68.7,3816,55.2,44.8,5625,41.6,31.4,22.4,77.7,4.4,12.3,1.0,36.9,42.3,2022
12086003906,Census Tract 39.06; Miami-Dade County; Florida,64.1,2.2,70.5,0.0,1.0,15.2,25.6,210469,382798,128572,2.5,0.0,1.2,1.0,4.8,5.6,2.8,6.6,24.3,51.2,3.0,0.7,5.5,3.8,27.0,49.4,19.8,89.4,10.6,2261,0.0,63.6,1137,78.8,21.2,2704,45.6,30.1,15.3,80.4,0.0,14.2,0.2,29.8,30.6,2022
12086003909,Census Tract 39.09; Miami-Dade County; Florida,66.0,4.1,63.7,10.9,2.0,17.5,26.7,42667,70862,39467,5.3,14.3,13.0,10.0,10.3,23.5,8.9,10.9,0.9,3.1,18.9,30.3,19.4,40.5,40.0,17.3,2.3,16.1,83.9,1434,21.6,40.1,1129,70.9,29.1,1508,42.3,10.9,27.1,33.4,9.8,33.9,0.7,63.7,52.2,2022
12086003911,Census Tract 39.11; Miami-Dade County; Florida,67.9,9.2,58.0,21.4,0.0,7.1,33.1,46458,70158,33148,3.2,5.3,13.1,15.9,15.9,19.9,6.2,8.5,9.3,2.6,17.7,15.7,26.1,18.4,40.5,30.5,10.5,35.9,64.1,1508,8.8,57.9,2600,77.9,22.1,4571,40.8,10.7,15.9,31.5,6.0,52.0,3.2,73.9,69.1,2022
12086003912,Census Tract 39.12; Miami-Dade County; Florida,65.6,5.8,52.9,9.3,5.0,12.5,30.4,51085,83891,35916,15.1,2.5,6.4,6.7,18.0,16.0,9.3,11.9,6.5,7.6,12.5,30.1,16.5,13.4,63.0,17.9,5.6,20.0,80.0,1602,11.5,62.1,1979,88.8,11.2,4131,39.7,22.9,8.0,42.9,1.5,29.7,0.0,85.7,62.0,2022
12086003913,Census Tract 39.13; Miami-Dade County; Florida,65.9,3.9,68.1,8.1,4.1,7.5,28.9,47222,82825,51200,1.7,6.1,12.5,17.1,12.8,17.4,9.5,2.9,13.0,7.0,11.3,17.3,18.1,21.8,51.8,24.0,2.4,31.9,68.1,1526,6.9,59.3,2448,77.3,22.7,3253,47.3,10.9,20.5,55.6,4.2,16.1,2.2,59.2,56.9,2022
12086003914,Census Tract 39.14; Miami-Dade County; Florida,61.7,3.8,45.9,6.4,3.1,21.6,30.5,52083,102293,59701,3.0,11.2,9.4,6.8,13.0,18.5,9.5,10.1,6.3,12.3,17.1,12.5,24.5,19.2,68.6,12.2,0.0,34.4,65.6,1562,28.6,47.5,3447,63.0,37.0,3664,49.0,8.0,26.7,51.6,5.5,38.1,0.8,72.3,60.4,2022
12086003915,Census Tract 39.15; Miami-Dade County; Florida,70.0,5.4,55.0,6.8,3.7,11.9,32.3,64063,101216,44803,1.4,3.3,3.2,11.7,10.8,24.3,15.9,11.0,9.1,9.4,4.4,9.1,23.9,20.6,35.3,35.1,8.9,39.5,60.5,1629,14.9,48.3,2607,83.6,16.4,5157,45.6,12.1,16.3,61.1,3.7,23.9,2.5,71.5,68.6,2022
12086003916,Census Tract 39.16; Miami-Dade County; Florida,64.1,2.9,47.6,10.4,0.0,18.9,34.2,65713,86687,39010,4.3,7.6,10.1,5.6,7.7,22.4,14.6,14.6,7.0,6.1,14.2,27.9,8.8,21.8,39.8,28.4,10.1,32.6,67.4,1492,15.0,42.1,2093,87.8,12.2,4176,39.2,14.8,12.7,38.9,4.3,35.9,4.2,67.0,58.5,2022
12086003917,Census Tract 39.17; Miami-Dade County; Florida,67.9,4.4,50.3,4.3,0.0,18.6,30.5,71379,90086,37528,1.1,4.8,8.0,7.7,8.8,20.3,22.7,11.4,7.0,8.3,11.0,21.7,23.4,6.4,42.7,46.3,4.6,37.7,62.3,1928,5.7,54.9,2626,79.5,20.5,5246,47.3,11.8,18.8,44.1,4.4,27.4,2.9,64.5,58.0,2022
12086003918,Census Tract 39.18; Miami-Dade County; Florida,79.4,4.1,69.4,2.6,0.0,15.5,32.6,83375,97160,46306,2.5,3.4,0.3,6.9,11.2,23.0,7.0,26.5,14.5,4.6,6.7,4.1,13.4,5.0,60.4,29.6,4.9,34.6,65.4,2107,10.8,51.2,1652,79.1,20.9,2778,38.9,13.7,8.5,51.5,2.4,27.0,5.8,56.7,54.9,2022
12086003919,Census Tract 39.19; Miami-Dade County; Florida,62.7,5.8,49.3,2.0,0.7,41.3,21.8,111583,149732,79588,4.8,1.3,6.0,6.6,4.8,17.7,4.9,15.7,15.5,22.8,3.9,1.0,9.4,1.7,58.1,35.1,5.1,62.4,37.6,2422,11.0,47.0,2336,51.9,48.1,2536,40.2,19.5,19.6,62.5,2.2,31.8,0.4,43.8,59.3,2022
12086003921,Census Tract 39.21; Miami-Dade County; Florida,62.0,6.4,52.8,7.0,0.6,31.9,36.4,105174,258113,110678,7.5,2.6,2.4,5.9,10.1,6.1,12.7,11.1,13.5,28.0,5.9,1.4,10.2,2.9,55.5,33.8,7.8,59.8,40.2,2707,1.0,45.3,3085,43.0,57.0,3111,45.7,19.2,21.8,76.4,3.7,11.4,4.0,49.1,63.4,2022
12086003922,Census Tract 39.22; Miami-Dade County; Florida,62.8,4.5,43.9,9.8,5.4,24.1,24.5,95278,196647,86070,1.6,0.7,5.8,2.7,16.4,15.6,11.9,14.8,5.1,25.4,2.8,3.7,10.1,6.7,63.7,29.7,0.0,42.6,57.4,2280,16.9,37.3,2922,33.8,66.2,2355,42.5,19.3,22.5,64.3,0.0,21.1,5.4,52.4,48.5,2022
12086004000,Census Tract 40; Miami-Dade County; Florida,67.4,1.5,55.6,2.8,5.4,26.2,22.0,124504,250901,88450,8.4,0.0,4.8,2.1,8.6,6.0,13.1,8.1,7.7,41.1,7.0,8.0,3.0,5.2,30.6,49.5,14.7,79.1,20.9,1834,32.3,61.3,2984,51.2,48.8,4553,36.1,33.0,14.3,85.7,0.9,9.6,0.0,39.6,27.3,2022
12086004102,Census Tract 41.02; Miami-Dade County; Florida,61.6,0.0,53.9,0.0,1.1,33.5,25.0,181875,349372,175740,2.1,0.5,4.7,2.6,0.8,9.3,11.4,9.8,10.7,48.1,7.2,1.3,8.7,7.2,45.3,36.5,11.0,83.4,16.6,3028,6.7,28.8,1892,62.4,37.6,2473,50.8,14.1,27.5,75.3,3.7,17.3,2.9,29.6,38.5,2022
12086004103,Census Tract 41.03; Miami-Dade County; Florida,55.5,1.9,57.9,5.7,17.3,8.9,26.4,42238,104213,62041,6.0,11.6,18.7,7.2,12.3,8.5,8.6,2.5,15.1,9.5,24.4,32.6,11.8,31.8,56.5,10.8,1.0,20.6,79.4,1387,11.6,42.1,2101,62.2,37.8,2196,54.9,5.2,39.0,52.5,4.2,29.5,0.9,68.3,76.9,2022
12086004105,Census Tract 41.05; Miami-Dade County; Florida,68.2,0.8,40.6,6.0,10.0,16.3,20.9,68125,110518,67222,9.0,0.8,5.0,28.9,4.7,9.0,4.5,22.0,2.4,13.7,15.6,2.2,12.0,27.4,57.4,10.5,4.8,47.0,53.0,1472,3.4,72.9,2723,56.9,43.1,2590,42.3,5.9,20.4,56.9,12.0,29.4,0.7,50.3,40.7,2022
12086004106,Census Tract 41.06; Miami-Dade County; Florida,69.5,2.6,62.3,0.0,5.7,17.7,21.1,160664,341656,148644,3.8,0.0,1.4,1.2,2.9,4.3,8.5,24.9,8.7,44.4,2.8,1.9,4.1,7.6,46.0,35.0,11.5,68.7,31.3,3078,0.0,11.3,1529,72.5,27.5,2685,42.1,25.1,12.9,78.4,4.7,6.9,6.9,23.3,33.7,2022
12086004204,Census Tract 42.04; Miami-Dade County; Florida,76.4,5.6,31.8,4.5,9.8,18.7,25.0,45182,89261,56891,3.2,0.5,19.5,11.1,23.7,10.4,4.9,11.7,7.2,7.8,19.0,13.5,27.5,47.4,39.1,12.9,0.6,13.9,86.1,1594,9.6,50.9,1740,80.3,19.7,2284,41.0,8.4,9.9,60.8,3.4,13.9,4.1,61.2,59.4,2022
12086004205,Census Tract 42.05; Miami-Dade County; Florida,79.6,3.0,28.7,0.6,38.2,20.0,19.4,52104,107010,72782,7.7,3.1,16.2,3.7,11.7,16.4,12.5,4.8,11.3,12.8,10.4,8.7,28.1,50.7,41.1,8.2,0.0,30.6,69.4,1634,10.4,49.9,2233,60.1,39.9,2012,38.5,5.0,13.5,68.2,6.4,8.6,0.5,45.3,66.9,2022
12086004206,Census Tract 42.06; Miami-Dade County; Florida,68.2,0.0,68.3,2.5,13.2,13.6,23.5,67593,88828,44744,7.4,9.0,7.8,13.9,4.2,10.6,7.0,26.5,1.9,11.8,35.5,33.7,6.3,17.4,31.4,50.1,1.1,38.9,61.1,1704,2.0,55.8,1400,64.4,35.6,1909,46.9,11.1,15.5,66.0,4.1,21.1,2.3,61.8,59.0,2022
12086004207,Census Tract 42.07; Miami-Dade County; Florida,73.7,3.9,42.8,6.1,14.2,19.3,24.0,56393,122595,73001,9.5,2.2,10.0,7.2,14.7,13.3,6.7,14.4,11.1,10.7,11.1,4.6,16.0,24.5,55.2,19.3,0.9,7.7,92.3,2280,6.7,50.9,1870,65.0,35.0,2141,37.1,8.6,6.9,73.5,7.6,4.4,0.0,34.5,48.0,2022
12086004208,Census Tract 42.08; Miami-Dade County; Florida,60.2,5.5,33.9,5.8,1.0,17.8,23.4,51917,90076,67538,3.7,10.3,20.9,2.4,9.9,9.8,17.6,6.9,3.6,15.0,24.8,18.1,16.5,34.7,50.9,14.5,0.0,25.4,74.6,2020,1.1,62.2,1219,66.3,33.7,1071,41.0,1.1,30.8,72.2,1.2,7.0,16.7,38.1,55.9,2022
12086004301,Census Tract 43.01; Miami-Dade County; Florida,66.0,4.2,54.7,0.4,4.7,28.9,27.2,78526,118908,71218,5.1,2.4,4.1,7.8,6.2,20.4,17.1,16.0,8.4,12.6,8.0,2.3,17.3,18.9,65.5,13.6,2.1,43.3,56.7,2023,23.5,47.3,2217,59.8,40.2,2287,36.7,10.3,8.0,64.7,6.1,11.9,2.5,44.9,59.1,2022
12086004303,Census Tract 43.03; Miami-Dade County; Florida,85.9,0.4,32.1,9.8,14.2,4.7,23.1,54022,67507,37802,7.1,4.4,11.6,13.0,9.9,22.9,16.2,7.2,1.7,6.1,13.8,10.0,55.9,45.0,47.2,7.8,0.0,18.1,81.9,1644,20.5,50.1,1802,78.6,21.4,2541,38.7,9.7,7.1,56.2,6.3,12.2,2.8,66.1,68.8,2022
12086004304,Census Tract 43.04; Miami-Dade County; Florida,80.3,1.2,44.8,6.6,4.5,13.0,21.6,69659,87154,55087,5.5,10.6,6.5,3.3,12.4,19.3,9.2,14.1,11.4,7.7,18.4,8.0,23.8,32.8,48.0,19.2,0.0,40.6,59.4,1667,21.7,48.5,1608,76.6,23.4,2069,35.7,10.8,6.2,68.2,3.3,15.1,1.4,51.3,55.3,2022
12086004403,Census Tract 44.03; Miami-Dade County; Florida,67.2,5.3,43.0,4.4,18.8,15.5,21.8,49665,83203,48752,5.8,8.5,9.2,8.8,18.5,17.1,15.5,8.6,2.4,5.7,23.2,14.5,25.8,38.8,51.1,9.0,1.0,18.2,81.8,1606,6.0,50.7,2270,74.6,25.4,2977,38.2,12.6,12.2,62.6,6.2,14.8,0.9,57.6,60.8,2022
12086004404,Census Tract 44.04; Miami-Dade County; Florida,45.3,8.6,39.8,1.8,8.7,25.7,20.8,26224,52925,35337,11.7,26.6,8.4,11.0,10.7,13.4,4.9,5.8,3.9,3.7,34.8,34.4,23.8,44.4,50.7,3.1,1.7,21.4,78.6,1261,6.3,34.4,2167,64.9,35.1,2127,46.9,11.5,37.3,65.9,3.9,17.9,0.0,62.5,63.7,2022
12086004405,Census Tract 44.05; Miami-Dade County; Florida,64.1,2.3,23.2,12.0,24.1,10.4,22.4,47450,95385,55017,3.6,16.9,14.7,2.6,13.7,18.0,6.4,15.2,1.7,7.2,21.0,30.3,34.3,48.4,36.3,9.5,5.8,22.5,77.5,1527,4.2,56.6,2207,84.7,15.3,3427,37.3,14.1,21.1,61.4,8.4,6.6,0.4,65.1,55.7,2022
12086004406,Census Tract 44.06; Miami-Dade County; Florida,71.7,7.6,50.1,0.3,8.0,22.1,20.3,68636,121236,74389,5.6,6.9,11.9,10.1,8.1,10.4,7.6,11.6,6.7,21.1,11.0,14.4,19.7,26.2,56.1,17.8,0.0,25.0,75.0,2104,7.7,43.2,1967,75.5,24.5,2417,41.3,12.2,14.7,79.9,3.5,8.3,1.8,41.2,45.0,2022
12086004500,Census Tract 45; Miami-Dade County; Florida,42.6,0.9,58.6,1.4,10.1,22.3,26.0,69983,311030,159703,7.0,13.9,7.9,1.9,7.3,12.6,6.6,4.9,4.1,33.9,16.7,23.0,8.4,21.0,47.0,26.7,5.3,44.7,55.3,1203,15.4,38.5,4705,45.4,54.6,4156,53.3,15.8,38.6,74.4,3.4,7.7,3.1,38.9,45.6,2022
12086004602,Census Tract 46.02; Miami-Dade County; Florida,61.0,1.4,62.3,4.9,6.7,18.1,25.0,239853,389922,98691,1.0,0.0,0.5,0.0,1.1,9.7,11.1,11.9,7.2,57.4,5.0,1.9,4.9,0.8,16.3,40.1,42.9,77.7,22.3,3501,16.8,70.4,1350,85.0,15.0,4698,38.2,31.3,10.7,49.9,1.2,43.0,0.5,75.8,49.0,2022
12086004605,Census Tract 46.05; Miami-Dade County; Florida,55.9,4.8,66.2,2.6,0.7,19.7,25.5,168646,234024,87280,8.0,2.5,2.8,0.6,7.8,10.0,6.1,11.1,3.3,47.8,11.6,1.7,2.9,3.5,46.9,36.8,12.8,68.7,31.3,3501,7.2,51.7,2271,58.3,41.7,3674,42.9,34.0,14.4,56.1,0.9,39.8,0.3,76.4,58.3,2022
12086004607,Census Tract 46.07; Miami-Dade County; Florida,44.6,7.9,50.2,0.6,2.1,42.0,22.5,166250,243794,81591,5.2,0.9,2.9,4.3,7.0,11.3,7.9,8.6,3.8,48.1,8.9,0.9,2.0,0.6,42.7,47.5,9.1,60.5,39.5,3501,21.2,35.9,2685,52.6,47.4,4336,43.6,29.2,22.6,59.9,0.0,39.6,0.0,71.2,68.5,2022
12086004608,Census Tract 46.08; Miami-Dade County; Florida,61.3,3.1,59.2,1.7,5.3,28.1,20.5,101563,170378,70301,3.4,6.2,5.3,4.7,4.8,10.1,14.4,15.0,7.3,29.0,9.0,3.8,3.3,9.1,56.7,27.2,7.1,48.9,51.1,2305,10.2,49.1,1115,71.2,28.8,1931,43.6,30.9,14.4,50.4,0.0,46.3,0.0,79.3,50.3,2022
12086004701,Census Tract 47.01; Miami-Dade County; Florida,59.7,2.5,76.2,1.8,1.8,8.7,25.0,88324,128953,55152,4.0,13.7,6.1,5.3,5.4,9.8,11.4,12.6,11.6,20.1,12.3,7.2,6.7,12.2,32.3,36.2,19.3,71.4,28.6,1366,0.0,64.9,2137,97.1,2.9,4933,46.1,16.9,25.4,66.6,0.0,28.7,0.0,78.8,43.0,2022
12086004703,Census Tract 47.03; Miami-Dade County; Florida,63.3,0.9,72.5,1.8,0.2,8.6,28.8,85703,112398,39670,2.9,3.7,4.2,6.9,11.7,14.1,14.4,27.6,3.3,11.3,14.5,23.9,12.2,4.1,43.5,36.0,16.4,53.6,46.4,1322,9.3,36.2,1892,95.5,4.5,5275,42.4,18.7,21.5,64.2,3.3,24.1,2.2,80.4,50.7,2022
12086004704,Census Tract 47.04; Miami-Dade County; Florida,71.8,3.8,81.2,1.2,3.5,5.6,22.5,75455,87270,30385,3.5,5.7,5.4,6.5,10.3,18.1,17.1,18.3,8.9,6.2,7.5,13.0,19.2,6.5,33.3,41.0,19.2,54.6,45.4,1449,18.4,46.4,890,90.1,9.9,2419,41.5,17.9,15.9,62.4,0.0,26.0,0.0,76.3,53.7,2022
12086004705,Census Tract 47.05; Miami-Dade County; Florida,77.0,0.5,71.1,0.4,3.2,22.4,22.8,101106,114833,55072,1.9,4.9,12.3,5.2,11.4,11.1,1.8,35.4,4.8,11.3,6.8,24.0,4.5,2.7,53.0,29.0,15.3,61.9,38.1,1142,7.7,67.0,1691,95.1,4.9,3521,44.0,16.9,12.7,53.9,1.1,35.3,1.0,75.3,52.9,2022
12086004901,Census Tract 49.01; Miami-Dade County; Florida,63.5,2.6,69.2,3.8,5.7,7.1,26.8,51385,57798,27284,2.8,7.4,10.1,12.2,16.2,19.5,25.6,2.5,3.7,0.0,18.8,25.0,21.8,10.6,50.2,13.3,25.9,22.6,77.4,1401,10.4,58.3,1730,87.2,12.8,3346,47.6,9.4,17.3,49.4,3.7,39.6,0.4,91.6,76.7,2022
12086004903,Census Tract 49.03; Miami-Dade County; Florida,66.2,0.0,64.4,0.9,0.5,6.4,29.6,43428,63328,28853,6.8,14.0,6.6,12.0,16.6,3.9,15.5,20.1,4.5,0.0,15.5,20.8,12.4,8.4,46.8,32.8,12.0,49.8,50.2,1356,0.0,61.2,1545,87.2,12.8,3158,51.3,15.1,29.1,51.6,0.0,44.2,0.0,93.0,71.8,2022
12086004904,Census Tract 49.04; Miami-Dade County; Florida,63.0,1.4,75.0,5.3,1.9,2.2,27.5,62551,67560,25657,2.5,11.0,3.2,14.5,3.0,30.7,14.1,10.5,8.1,2.2,8.8,24.7,11.8,11.9,36.8,35.7,15.5,47.0,53.0,1414,22.3,39.1,1049,82.3,17.7,2302,48.0,12.5,32.7,33.3,0.4,54.1,0.0,93.5,73.8,2022
12086005002,Census Tract 50.02; Miami-Dade County; Florida,57.3,6.2,79.2,7.5,0.5,6.8,29.9,55142,70996,27142,6.5,8.1,11.8,8.2,12.7,15.9,8.4,21.6,3.4,3.4,13.0,33.0,20.5,10.8,34.8,37.8,16.5,44.7,55.3,1421,11.0,47.5,1856,94.1,5.9,4619,48.0,10.1,23.0,51.1,0.7,45.1,0.0,95.7,71.2,2022
12086005003,Census Tract 50.03; Miami-Dade County; Florida,66.3,4.2,55.4,18.8,0.0,8.4,28.8,60975,65707,23513,7.9,0.0,8.3,20.7,5.6,22.2,17.9,12.0,4.5,0.9,21.4,42.9,30.9,20.4,23.8,41.3,14.5,45.2,54.8,1588,12.8,71.3,1282,100.0,0.0,3737,44.9,16.9,18.0,35.7,7.6,47.6,1.0,94.6,68.1,2022
12086005004,Census Tract 50.04; Miami-Dade County; Florida,50.0,5.3,75.7,0.6,4.0,8.3,29.6,44643,77768,26573,5.8,10.3,1.2,15.0,19.3,20.8,14.1,10.2,0.8,2.7,18.9,50.2,17.7,12.8,20.6,47.0,19.7,61.4,38.6,1377,0.0,55.6,1183,98.1,1.9,3908,46.1,13.7,20.4,66.7,0.1,24.9,0.0,97.7,65.9,2022
12086005102,Census Tract 51.02; Miami-Dade County; Florida,62.3,0.0,65.4,3.4,1.8,9.7,28.0,33324,81731,39956,9.6,23.8,10.9,6.9,6.1,11.2,7.4,8.8,6.2,9.2,32.9,46.4,22.6,29.4,50.2,11.5,8.9,26.1,73.9,1006,14.1,39.9,2679,90.7,9.3,5055,44.7,12.2,27.1,46.0,3.1,45.1,0.0,91.9,55.3,2022
12086005103,Census Tract 51.03; Miami-Dade County; Florida,61.1,4.0,75.8,1.5,0.8,4.1,28.8,45023,63310,26037,11.7,13.3,7.6,7.4,16.5,17.3,9.6,5.4,5.4,5.8,12.5,41.2,22.8,16.6,43.0,33.7,6.6,28.7,71.3,1193,18.0,35.4,992,99.3,0.7,2574,44.7,13.2,23.3,49.5,1.4,38.5,0.0,95.9,72.8,2022
12086005104,Census Tract 51.04; Miami-Dade County; Florida,61.8,2.0,73.4,6.4,0.0,6.5,31.2,31440,40927,18742,6.9,18.2,12.4,20.4,14.8,9.6,11.2,6.0,0.5,0.0,34.9,33.6,28.2,12.6,52.9,25.1,9.4,14.7,85.3,1381,8.1,68.1,1932,96.5,3.5,4386,41.3,14.5,15.7,49.7,4.2,34.5,0.0,93.9,76.1,2022
12086005201,Census Tract 52.01; Miami-Dade County; Florida,69.8,0.7,54.5,16.5,2.7,2.4,32.5,36535,48905,20976,9.7,12.5,17.9,6.6,16.5,16.6,4.6,12.0,3.6,0.0,18.6,41.5,30.5,30.4,45.9,21.7,2.0,8.3,91.7,1261,6.2,51.6,2453,96.9,3.1,5426,44.0,21.8,15.6,38.3,1.5,56.4,0.0,98.5,79.2,2022
12086005202,Census Tract 52.02; Miami-Dade County; Florida,63.7,5.2,46.7,12.8,14.9,7.3,30.0,38322,46739,17532,3.9,12.7,17.8,11.0,20.5,18.8,7.2,3.2,4.8,0.0,18.9,39.3,38.8,26.4,48.8,19.9,4.9,4.8,95.2,1320,11.6,56.9,2189,95.8,4.2,6476,45.1,21.4,18.2,48.4,5.2,41.1,0.0,91.7,70.0,2022
12086005303,Census Tract 53.03; Miami-Dade County; Florida,69.1,3.0,44.5,19.8,1.5,4.3,33.6,41177,54459,23164,3.8,9.1,14.8,15.8,12.8,23.0,13.2,2.1,3.4,1.8,21.8,40.2,43.1,33.1,34.1,22.5,10.3,5.0,95.0,1276,3.5,48.1,1371,95.3,4.7,3360,43.9,13.8,11.0,39.2,3.1,48.1,0.0,96.7,79.1,2022
12086005304,Census Tract 53.04; Miami-Dade County; Florida,57.5,6.9,53.6,7.7,7.3,12.8,31.1,30114,41272,18567,6.6,14.1,19.7,17.1,12.5,16.5,6.0,4.8,2.7,0.0,25.9,40.9,30.9,32.0,48.4,16.5,3.1,10.3,89.7,1154,12.0,57.2,1887,96.0,4.0,4336,41.5,16.3,17.3,47.5,5.8,41.2,0.4,90.9,74.4,2022
12086005305,Census Tract 53.05; Miami-Dade County; Florida,60.8,7.9,65.8,20.5,3.0,1.6,26.6,30667,38196,19321,8.4,18.9,18.3,12.0,8.5,17.7,14.7,0.0,1.6,0.0,37.3,46.0,17.7,28.4,53.9,17.2,0.6,5.9,94.1,1277,16.3,49.6,2048,93.0,7.0,3898,46.8,16.0,23.0,43.4,3.0,41.7,4.2,90.8,77.4,2022
12086005306,Census Tract 53.06; Miami-Dade County; Florida,53.1,6.0,42.4,23.7,2.6,0.6,29.6,24507,34794,16123,10.2,13.1,27.1,6.6,3.9,31.8,4.1,3.2,0.0,0.0,28.6,46.4,30.9,41.9,45.5,10.6,1.9,4.4,95.6,1294,21.8,54.6,2148,97.9,2.1,4745,48.4,12.4,25.9,48.4,2.2,42.6,0.0,93.1,72.8,2022
12086005403,Census Tract 54.03; Miami-Dade County; Florida,60.1,6.4,77.6,8.5,0.0,1.4,30.0,52639,66746,19797,3.2,1.1,6.0,19.7,17.5,21.8,7.9,14.5,6.8,1.5,25.7,20.9,25.9,4.3,60.7,21.4,13.7,40.0,60.0,1489,11.4,49.8,524,89.3,10.7,1699,41.2,22.0,14.8,45.0,8.3,28.8,0.0,90.6,70.8,2022
12086005405,Census Tract 54.05; Miami-Dade County; Florida,70.3,3.8,84.3,6.1,1.7,1.5,25.2,47536,57008,21408,4.3,3.9,9.0,17.7,17.8,18.1,20.4,5.6,3.2,0.0,19.9,29.0,28.4,13.5,28.5,43.2,14.9,21.6,78.4,1209,6.6,50.2,1305,97.4,2.6,3940,38.6,16.8,9.2,52.7,10.1,33.0,0.0,91.3,69.3,2022
12086005406,Census Tract 54.06; Miami-Dade County; Florida,60.3,0.9,47.2,8.2,11.0,12.3,29.0,-666666666,181821,69244,13.1,13.1,19.4,8.0,4.7,14.0,9.6,2.5,1.2,14.4,31.0,44.6,26.8,49.8,37.2,8.3,4.7,6.0,94.0,1158,6.1,53.5,1468,94.7,5.3,3392,37.6,23.3,14.7,57.3,0.7,40.6,0.0,97.4,68.2,2022
12086005407,Census Tract 54.07; Miami-Dade County; Florida,61.5,1.1,56.2,2.2,5.2,5.3,32.2,40328,50228,19401,5.5,6.2,18.7,17.0,14.8,16.4,11.0,5.6,4.8,0.0,17.5,30.8,21.2,26.0,37.6,24.6,11.8,27.6,72.4,1213,14.0,48.8,992,93.9,6.1,2559,44.4,19.0,23.1,36.9,0.7,59.4,0.0,96.1,73.0,2022
12086005409,Census Tract 54.09; Miami-Dade County; Florida,56.0,5.0,67.7,5.1,5.1,6.1,31.4,22891,36999,19430,17.5,18.4,16.3,8.8,12.6,17.7,1.7,6.6,0.0,0.5,41.6,55.8,29.8,30.4,45.5,13.4,10.7,7.9,92.1,1089,11.0,69.2,1913,98.8,1.2,3768,47.1,12.3,21.9,45.1,1.9,44.8,1.0,98.0,80.7,2022
12086005410,Census Tract 54.10; Miami-Dade County; Florida,49.1,12.2,70.4,11.4,3.8,6.2,40.1,26328,38420,16832,11.0,12.7,25.0,10.9,15.7,13.3,4.7,4.9,2.0,0.0,40.8,52.1,21.5,36.6,43.8,18.1,1.5,7.9,92.1,1270,13.9,53.6,1380,88.0,12.0,2929,43.0,20.9,21.5,36.0,1.2,49.5,0.0,99.4,71.9,2022
12086005503,Census Tract 55.03; Miami-Dade County; Florida,65.4,5.0,66.3,11.0,0.0,7.4,30.1,50869,64449,23487,1.4,6.4,9.9,15.9,14.7,25.0,11.9,6.9,4.5,3.4,14.6,18.4,15.1,12.9,28.9,41.6,16.6,41.9,58.1,1445,4.7,53.3,1338,90.4,9.6,3658,43.2,17.2,16.1,42.0,0.4,55.9,0.4,95.2,68.5,2022
12086005504,Census Tract 55.04; Miami-Dade County; Florida,53.4,11.6,67.6,12.0,0.0,8.4,29.5,59701,63799,28297,1.8,17.6,11.3,6.6,5.7,25.6,20.0,4.1,0.0,7.3,17.6,39.7,9.7,8.1,54.0,15.6,22.3,17.7,82.3,1259,8.7,38.4,1162,87.6,12.4,2400,44.5,11.7,21.1,47.4,0.5,42.0,2.7,93.9,79.3,2022
12086005505,Census Tract 55.05; Miami-Dade County; Florida,48.0,7.2,74.2,2.9,3.7,3.8,36.2,37317,51546,20012,8.2,18.1,16.2,2.9,12.7,13.9,7.3,17.5,3.1,0.0,29.5,29.6,12.1,11.2,45.5,26.9,16.4,43.6,56.4,1438,2.5,45.9,883,96.3,3.7,2322,43.7,21.5,21.5,56.6,0.0,39.2,0.8,94.6,65.3,2022
12086005506,Census Tract 55.06; Miami-Dade County; Florida,57.1,5.2,83.1,0.0,1.8,0.0,27.5,39821,71372,28993,1.2,33.3,5.0,8.7,6.9,22.5,4.1,11.8,3.7,2.7,33.5,38.3,26.6,11.6,19.3,57.4,11.7,29.6,70.4,1521,19.8,57.4,1263,96.0,4.0,3358,42.6,13.9,15.5,40.0,4.3,48.0,0.0,94.6,70.3,2022
12086005600,Census Tract 56; Miami-Dade County; Florida,58.3,2.0,83.3,0.6,1.5,7.9,28.9,56632,74709,32224,6.7,4.5,16.2,7.8,10.0,15.6,17.9,9.3,6.2,5.7,9.4,27.0,17.3,14.0,40.6,31.7,13.7,41.7,58.3,1591,10.8,62.8,1986,95.7,4.3,4590,52.1,11.0,25.7,58.1,0.8,38.7,0.1,89.5,71.3,2022
12086005701,Census Tract 57.01; Miami-Dade County; Florida,58.5,2.5,74.0,5.9,0.0,8.2,30.4,55433,73264,30427,3.1,20.6,11.8,4.5,8.5,11.9,8.5,13.3,11.6,6.1,19.8,36.3,16.6,13.0,32.3,40.6,14.0,57.0,43.0,794,16.7,36.0,2552,99.2,0.8,6546,52.3,10.0,30.6,52.7,0.7,46.0,0.0,96.3,82.5,2022
12086005705,Census Tract 57.05; Miami-Dade County; Florida,65.1,5.4,72.8,1.4,6.4,2.9,26.8,38457,44467,21447,4.9,11.7,15.3,13.7,25.1,9.7,15.1,3.8,0.0,0.7,16.9,33.6,11.8,12.3,58.8,26.5,2.3,30.3,69.7,1466,10.3,51.1,1521,89.2,10.8,2970,45.7,13.7,30.5,50.5,3.0,44.1,0.0,97.0,80.1,2022
12086005706,Census Tract 57.06; Miami-Dade County; Florida,65.4,2.3,82.1,6.4,0.0,8.3,27.0,60543,65272,32178,10.2,12.7,6.0,2.9,11.9,25.5,13.3,5.0,9.1,3.4,20.4,27.2,12.8,23.5,49.8,24.1,2.6,37.7,62.3,1607,13.6,47.2,2014,85.0,15.0,3785,46.2,17.2,24.7,68.1,2.3,19.9,0.0,98.2,77.5,2022
12086005707,Census Tract 57.07; Miami-Dade County; Florida,62.9,3.2,81.9,2.1,6.1,1.7,31.8,37378,51096,23474,12.5,8.5,14.2,8.7,18.7,18.4,13.0,0.0,0.0,5.9,19.4,43.7,19.5,11.9,45.0,27.2,15.8,11.5,88.5,1494,17.3,59.8,682,94.7,5.3,1562,38.6,17.0,16.6,69.1,0.0,30.3,0.0,96.9,82.6,2022
12086005708,Census Tract 57.08; Miami-Dade County; Florida,50.6,7.3,75.3,4.9,4.0,7.4,29.9,37176,52107,19570,1.6,9.0,10.2,23.5,15.9,14.7,12.5,10.9,1.6,0.0,12.7,31.7,11.5,17.7,41.5,28.3,12.4,38.1,61.9,1439,19.1,52.6,2289,93.6,6.4,6103,45.7,17.8,22.4,56.9,0.3,41.2,0.0,99.0,64.8,2022
12086005803,Census Tract 58.03; Miami-Dade County; Florida,68.0,5.6,80.8,0.0,0.0,13.8,29.1,57390,68975,23727,3.6,5.0,8.1,8.0,15.0,13.8,24.4,18.1,4.0,0.0,9.1,25.4,14.7,9.1,20.8,37.6,32.5,50.9,49.1,1344,14.5,36.6,2249,94.7,5.3,6577,42.0,16.7,17.1,44.3,0.7,51.4,0.0,97.4,82.2,2022
12086005804,Census Tract 58.04; Miami-Dade County; Florida,45.1,6.4,75.0,0.0,0.0,16.1,27.5,53943,73829,25083,1.8,8.7,6.2,20.4,7.0,19.6,10.9,17.6,2.0,5.7,8.7,20.5,17.6,8.7,33.5,33.3,24.4,70.2,29.8,1377,13.1,70.5,1259,97.2,2.8,3916,50.3,15.3,33.8,57.6,1.8,32.5,0.0,96.0,71.4,2022
12086005805,Census Tract 58.05; Miami-Dade County; Florida,56.8,2.3,66.8,2.8,0.2,23.3,23.0,66531,93215,31357,10.0,5.4,9.8,11.0,2.4,19.3,6.0,9.4,14.8,11.9,7.7,24.7,7.0,8.4,31.5,28.6,31.6,70.7,29.3,1635,21.8,54.7,904,88.3,11.7,2426,44.0,14.9,24.3,58.5,0.0,35.4,0.5,92.5,66.5,2022
12086005806,Census Tract 58.06; Miami-Dade County; Florida,67.0,0.8,73.9,0.9,4.1,6.5,29.2,72738,84742,29802,3.3,2.3,7.3,9.4,19.9,9.1,6.9,29.1,11.2,1.6,4.5,20.7,10.7,11.4,38.2,32.7,17.6,62.4,37.6,1406,19.3,33.1,1619,94.5,5.5,4558,42.0,21.0,20.0,47.1,0.5,46.0,0.0,97.2,61.6,2022
12086005901,Census Tract 59.01; Miami-Dade County; Florida,63.8,2.4,77.6,0.0,2.2,15.6,25.4,75399,99860,40512,2.9,2.2,9.0,13.7,7.3,14.5,11.8,16.9,11.7,10.0,10.1,15.6,12.3,6.9,30.0,43.5,19.6,63.2,36.8,1984,11.9,42.9,2144,93.8,6.2,5140,40.6,15.0,18.6,48.3,0.9,40.3,1.9,87.8,60.2,2022
12086005902,Census Tract 59.02; Miami-Dade County; Florida,53.0,0.9,74.9,1.5,0.6,19.0,28.8,47404,77536,29512,1.8,4.9,8.1,18.8,16.6,25.3,4.9,6.8,7.6,5.3,18.0,27.2,12.7,8.1,36.1,38.2,17.6,52.1,47.9,1970,13.7,68.6,1267,93.0,7.0,3324,53.0,16.1,27.4,58.7,2.2,33.8,0.0,91.1,69.0,2022
12086005903,Census Tract 59.03; Miami-Dade County; Florida,53.8,2.9,82.8,1.0,0.0,8.0,27.5,52685,66952,22943,4.6,4.9,15.3,8.0,14.2,18.2,10.4,16.7,5.0,2.6,16.5,46.7,9.6,10.5,31.4,33.3,24.7,37.8,62.2,1489,6.5,55.7,1873,99.2,0.8,5909,47.8,18.6,28.9,44.0,0.7,41.7,0.0,93.1,71.3,2022
12086005904,Census Tract 59.04; Miami-Dade County; Florida,57.8,4.6,76.4,0.0,0.0,11.5,29.8,59850,81257,29456,5.6,7.4,11.2,9.3,10.7,6.6,14.5,24.1,6.1,4.6,20.3,21.4,7.2,3.8,38.1,36.6,21.4,41.7,58.3,1852,0.5,49.7,2136,91.3,8.7,5618,42.2,17.5,17.0,48.5,3.5,40.4,5.1,85.2,71.5,2022
12086006002,Census Tract 60.02; Miami-Dade County; Florida,65.7,2.7,79.3,1.2,0.4,10.4,22.1,74613,100764,31968,1.9,4.4,7.4,7.0,8.3,23.0,12.5,10.0,11.7,13.9,11.9,20.2,7.0,3.9,23.8,47.3,25.0,78.9,21.1,-666666666,0.0,19.9,1989,95.7,4.3,6437,44.1,16.3,18.5,48.4,0.9,42.6,1.7,88.6,56.3,2022
12086006003,Census Tract 60.03; Miami-Dade County; Florida,60.1,3.6,63.6,2.3,0.0,24.8,30.5,139563,124546,41464,0.0,2.1,15.6,2.6,6.4,10.2,3.5,38.6,7.4,13.5,3.7,18.2,6.3,2.2,20.4,50.2,27.1,97.2,2.8,-666666666,0.0,0.0,940,100.0,0.0,2894,45.8,13.8,22.7,38.6,0.0,53.5,0.0,94.5,52.2,2022
12086006004,Census Tract 60.04; Miami-Dade County; Florida,63.6,2.8,69.2,0.8,1.5,15.7,28.6,128636,147652,58013,0.0,1.8,8.0,3.2,18.5,3.8,7.0,16.2,21.1,20.4,1.7,1.4,5.9,3.3,23.8,41.6,31.3,86.0,14.0,2600,0.0,24.6,988,93.7,6.3,2379,47.7,16.5,22.0,65.8,0.0,22.8,4.7,73.9,50.9,2022
12086006103,Census Tract 61.03; Miami-Dade County; Florida,60.4,1.5,78.5,0.0,0.0,9.1,28.4,195566,307472,116600,0.0,3.2,0.8,2.9,0.0,3.6,9.8,8.9,26.2,44.5,2.3,2.3,0.0,3.2,29.1,54.4,13.3,93.9,6.1,-666666666,0.0,43.5,858,87.6,12.4,2014,50.4,26.1,27.2,73.7,0.0,26.0,0.0,53.5,35.5,2022
12086006104,Census Tract 61.04; Miami-Dade County; Florida,51.6,1.0,61.8,1.0,3.7,19.8,24.8,150875,188116,86439,2.9,5.0,3.1,3.3,9.7,12.6,6.2,6.8,15.8,34.6,5.2,0.9,5.1,5.3,43.3,39.9,11.5,79.3,20.7,1872,0.0,68.6,2146,79.1,20.9,3889,51.4,18.2,34.8,68.3,1.3,27.7,0.3,67.1,39.9,2022
12086006105,Census Tract 61.05; Miami-Dade County; Florida,58.9,5.0,77.0,0.0,0.7,19.2,27.4,134205,154216,57914,0.7,3.2,2.0,4.3,6.0,10.9,14.1,12.9,18.1,27.9,8.5,10.8,7.3,3.2,36.6,46.6,13.6,84.2,15.8,3238,23.6,43.4,900,90.8,9.2,2202,42.3,24.4,27.8,67.0,1.2,28.7,2.6,69.6,44.3,2022
12086006106,Census Tract 61.06; Miami-Dade County; Florida,54.1,1.8,57.9,0.0,0.0,27.4,23.0,140875,154621,56674,3.0,0.0,7.9,2.1,2.5,10.2,7.8,17.9,15.3,33.3,4.9,7.0,5.3,1.6,33.9,50.6,13.9,88.0,12.0,2792,0.0,33.6,1009,88.1,11.9,2460,43.7,19.3,19.7,50.3,0.2,43.1,2.2,78.8,45.6,2022
12086006201,Census Tract 62.01; Miami-Dade County; Florida,65.5,3.7,68.3,4.6,1.4,14.6,35.7,50417,79380,37873,0.0,14.3,13.5,7.6,14.2,15.5,9.7,11.1,5.3,8.7,10.9,21.5,15.0,24.4,43.1,26.8,5.7,42.1,57.9,1496,6.3,57.0,1459,93.6,6.4,2914,42.6,15.5,20.0,51.7,1.7,40.9,2.4,81.7,65.8,2022
12086006203,Census Tract 62.03; Miami-Dade County; Florida,63.5,2.3,66.8,2.5,10.1,13.7,25.5,88529,113962,61694,7.0,3.6,11.5,1.3,8.0,10.6,20.0,13.7,10.4,14.0,11.9,4.2,4.2,12.7,58.5,17.9,10.9,40.9,59.1,1792,10.0,42.6,1418,91.3,8.7,2617,45.4,18.9,23.9,71.3,0.3,21.9,2.2,61.1,51.7,2022
12086006205,Census Tract 62.05; Miami-Dade County; Florida,64.3,5.7,70.8,1.7,5.9,10.7,24.4,66394,90437,53901,9.5,2.5,16.3,6.3,7.3,14.9,14.8,13.4,3.4,11.5,20.4,11.3,18.7,9.4,66.8,22.8,1.1,20.9,79.1,1682,11.0,40.0,2368,90.8,9.2,3648,40.1,8.0,19.1,54.5,1.9,33.9,2.5,80.2,64.6,2022
12086006206,Census Tract 62.06; Miami-Dade County; Florida,73.5,2.4,58.7,1.7,10.0,23.4,21.9,108106,165989,79606,5.0,2.5,4.6,6.1,6.2,9.7,11.5,18.4,10.4,25.5,8.5,6.8,3.5,4.9,47.3,39.5,8.3,39.9,60.1,2242,11.3,35.6,2122,86.1,13.9,3896,43.4,16.4,13.7,56.3,0.0,33.0,4.2,71.9,53.5,2022
12086006302,Census Tract 63.02; Miami-Dade County; Florida,59.3,10.8,66.9,3.4,1.0,12.9,26.2,70571,94274,35926,7.6,0.9,12.9,8.9,6.2,15.1,19.3,13.9,5.4,9.7,19.2,26.0,11.6,8.8,46.6,24.3,20.3,46.5,53.5,1713,16.1,55.1,2253,91.9,8.1,5606,41.3,22.1,15.1,52.3,1.1,43.0,0.4,78.4,53.5,2022
12086006303,Census Tract 63.03; Miami-Dade County; Florida,52.0,0.0,67.7,1.7,2.9,17.3,32.2,33644,58583,28390,13.2,17.2,11.8,9.4,6.2,9.2,13.5,7.7,10.0,1.7,23.9,49.7,10.2,26.8,32.8,31.8,8.6,36.9,63.1,1032,10.1,61.4,1711,95.4,4.6,3421,54.1,7.3,31.5,50.2,0.4,45.3,0.3,95.9,77.9,2022
12086006304,Census Tract 63.04; Miami-Dade County; Florida,61.7,2.2,81.0,3.1,8.8,4.0,30.3,44286,52373,23909,5.6,4.5,19.7,8.5,15.3,23.2,14.1,4.9,4.2,0.0,18.2,33.8,11.3,10.2,58.6,27.9,3.4,24.8,75.2,1346,2.0,58.8,1421,89.9,10.1,2906,53.1,13.4,25.7,44.9,5.3,45.5,0.0,88.0,64.6,2022
12086006401,Census Tract 64.01; Miami-Dade County; Florida,54.6,5.2,67.6,3.3,5.6,5.8,28.1,40477,71406,27988,13.3,15.3,12.1,4.0,12.5,8.8,6.0,17.3,1.5,9.3,16.1,41.9,11.7,22.9,38.9,21.1,17.0,24.3,75.7,1269,4.4,55.7,1415,97.5,2.5,3638,42.4,16.0,20.7,43.2,2.1,49.2,0.0,93.0,74.0,2022
12086006402,Census Tract 64.02; Miami-Dade County; Florida,67.4,4.4,72.9,4.0,0.6,14.0,29.1,51739,91165,37273,10.9,3.5,8.2,15.6,10.8,12.4,9.9,9.7,6.0,13.1,23.2,18.5,20.2,11.4,45.0,29.5,14.1,35.6,64.4,1563,4.2,71.0,1749,87.5,12.5,3952,39.4,9.3,14.2,55.6,2.5,30.5,0.0,84.5,67.7,2022
12086006403,Census Tract 64.03; Miami-Dade County; Florida,51.1,2.0,77.7,4.1,2.0,12.1,28.9,34079,70571,34664,5.4,1.5,19.4,25.9,3.2,19.2,4.1,7.2,4.9,9.2,8.3,17.8,17.2,9.6,58.9,19.4,12.1,57.7,42.3,1175,14.5,53.7,1721,89.8,10.2,3228,50.8,9.3,33.8,57.2,2.1,33.3,0.8,86.0,65.7,2022
12086006501,Census Tract 65.01; Miami-Dade County; Florida,59.5,2.6,82.7,0.1,0.0,11.1,27.5,68632,88387,31980,2.2,2.8,4.3,5.2,27.2,23.5,7.7,12.5,8.2,6.2,5.5,19.3,10.2,5.9,30.2,49.7,14.2,51.3,48.7,1426,23.5,44.1,1421,97.3,2.7,3973,43.1,15.4,19.4,45.7,0.0,52.4,0.0,86.0,64.1,2022
12086006503,Census Tract 65.03; Miami-Dade County; Florida,70.1,1.3,65.7,10.7,1.2,10.3,39.4,85870,107538,41714,6.0,6.0,10.7,4.7,7.5,11.0,17.5,16.5,7.5,12.7,15.6,20.1,15.9,13.6,37.4,33.4,15.6,59.1,40.9,1635,19.9,43.2,834,94.5,5.5,2147,44.2,16.5,21.2,50.9,0.7,39.7,3.1,85.9,62.0,2022
12086006504,Census Tract 65.04; Miami-Dade County; Florida,60.6,3.0,73.6,3.8,1.5,13.3,23.4,89922,114528,46931,4.3,2.0,10.8,11.4,5.0,7.3,16.7,17.1,8.8,16.6,15.4,10.9,13.1,7.9,40.9,34.1,17.2,61.6,38.4,1896,7.0,57.2,902,92.8,7.2,2003,44.4,14.8,20.7,62.8,1.0,29.6,0.3,80.6,51.7,2022
12086006603,Census Tract 66.03; Miami-Dade County; Florida,65.6,2.1,57.6,17.1,5.9,5.2,30.3,33477,52517,24849,9.5,13.8,12.2,16.1,16.1,13.0,7.9,6.6,1.4,3.6,31.7,35.6,13.6,27.7,35.6,34.9,1.9,2.9,97.1,1442,17.6,56.1,1347,91.5,8.5,2605,41.5,10.4,21.3,47.9,3.1,27.8,2.8,78.3,64.5,2022
12086006604,Census Tract 66.04; Miami-Dade County; Florida,63.2,4.8,52.5,13.2,18.9,13.3,21.1,57816,72983,44554,8.8,10.4,14.6,4.1,7.9,20.0,15.5,9.8,5.0,3.9,23.1,24.1,9.9,19.3,65.0,15.7,0.0,1.4,98.6,1516,13.2,57.6,1484,82.9,17.1,1989,35.1,9.3,18.2,57.5,0.0,30.8,7.7,76.1,63.4,2022
12086006605,Census Tract 66.05; Miami-Dade County; Florida,72.8,0.0,46.3,3.2,4.7,31.5,18.4,112039,209924,129864,11.1,4.6,1.7,7.4,1.4,7.7,14.7,10.6,22.8,18.2,9.8,15.1,9.6,12.8,55.3,19.9,12.1,33.6,66.4,2292,0.0,54.0,1081,94.3,5.7,1639,41.2,4.9,13.8,64.8,3.0,28.4,0.0,62.4,43.7,2022
12086006606,Census Tract 66.06; Miami-Dade County; Florida,84.1,7.9,46.9,25.4,12.4,0.0,29.4,-666666666,54619,27355,0.0,1.4,42.4,9.8,8.8,13.8,3.7,19.9,0.0,0.0,19.9,35.4,54.6,7.1,82.2,10.8,0.0,1.0,99.0,1385,11.7,51.0,634,98.1,1.9,1289,46.5,16.4,10.5,46.6,7.9,45.2,0.0,98.5,55.2,2022
12086006607,Census Tract 66.07; Miami-Dade County; Florida,69.1,2.6,72.2,6.4,1.0,5.9,29.5,78113,73461,31164,0.0,2.2,10.3,8.0,10.9,16.8,32.4,18.2,0.0,1.2,14.4,21.3,15.0,9.0,59.7,22.6,8.7,21.5,78.5,1541,8.0,44.8,1608,92.4,7.6,3871,35.9,12.3,14.1,64.8,1.5,22.2,1.1,93.3,54.2,2022
12086006608,Census Tract 66.08; Miami-Dade County; Florida,65.7,4.1,63.5,3.2,1.4,18.3,21.9,99191,133455,50040,3.5,3.7,1.4,12.5,7.1,13.5,8.7,17.9,16.6,15.1,4.5,0.5,6.6,11.8,35.7,41.4,11.0,54.8,45.2,1840,2.4,58.0,1615,89.1,10.9,3786,41.9,16.1,11.5,56.4,2.0,39.2,0.0,78.8,43.8,2022
12086006705,Census Tract 67.05; Miami-Dade County; Florida,66.6,3.2,74.9,0.0,5.5,17.1,34.1,103889,122544,64692,5.5,1.7,9.5,9.6,4.4,12.0,3.2,26.9,14.6,12.5,10.5,8.7,3.7,5.3,62.9,30.0,1.8,53.7,46.3,1868,8.0,54.6,2674,82.2,17.8,4035,49.0,12.1,23.7,68.4,2.1,23.0,2.4,74.9,64.6,2022
12086006706,Census Tract 67.06; Miami-Dade County; Florida,70.1,1.9,54.4,4.4,1.1,20.2,16.5,76414,124633,68289,2.2,0.9,2.8,7.2,10.7,25.0,9.8,16.0,11.0,14.5,1.7,0.5,12.8,3.3,65.0,25.2,6.5,38.4,61.6,2265,7.0,65.1,1947,84.8,15.2,3055,43.2,9.0,18.3,53.9,3.7,38.5,1.7,76.2,67.2,2022
12086006707,Census Tract 67.07; Miami-Dade County; Florida,84.9,1.3,44.2,0.5,14.8,31.6,17.8,142014,187023,96979,1.3,0.0,1.4,2.4,1.4,12.8,11.3,20.1,21.0,28.4,1.2,0.0,14.1,10.0,59.8,28.2,2.0,45.8,54.2,2752,5.7,45.9,3308,61.5,38.5,3962,42.2,21.4,10.8,73.5,2.6,21.7,1.1,50.8,58.4,2022
12086006709,Census Tract 67.09; Miami-Dade County; Florida,76.4,2.0,43.5,0.3,12.3,36.7,22.9,159219,252365,137253,3.7,1.6,4.1,2.3,2.3,11.7,9.2,12.1,14.4,38.5,3.4,1.4,12.1,9.6,74.6,12.9,2.9,34.4,65.6,3119,8.1,36.8,1697,55.2,44.8,1569,35.8,8.5,6.6,60.7,4.7,26.3,4.1,42.4,45.1,2022
12086006713,Census Tract 67.13; Miami-Dade County; Florida,77.4,7.8,47.4,5.9,16.2,25.9,23.0,148068,188984,99955,5.6,2.7,1.6,0.9,11.0,6.9,8.3,13.8,14.4,34.8,8.2,3.2,4.7,7.0,62.6,27.6,2.8,40.1,59.9,2460,4.2,44.6,1832,61.3,38.7,2157,34.8,18.3,4.9,67.2,2.9,22.4,2.7,57.8,43.4,2022
12086006714,Census Tract 67.14; Miami-Dade County; Florida,74.8,6.2,57.9,4.9,13.8,16.9,28.0,127298,163707,93942,2.6,0.8,4.8,3.9,3.2,12.7,16.3,16.3,9.4,30.0,6.1,4.8,2.0,10.1,76.7,9.4,3.7,50.6,49.4,2626,7.5,44.7,1846,63.1,36.9,2051,44.3,8.2,17.9,50.7,2.6,36.9,6.6,54.3,63.2,2022
12086006715,Census Tract 67.15; Miami-Dade County; Florida,74.2,4.8,66.8,4.9,0.9,16.4,24.6,98740,119576,55757,5.0,0.0,6.9,0.0,7.2,17.8,16.4,15.9,8.1,22.6,15.1,1.8,5.3,1.6,62.0,30.6,5.8,42.4,57.6,2542,20.3,54.7,1954,93.0,7.0,3904,34.5,17.7,9.0,50.1,7.6,33.9,6.1,67.9,55.8,2022
12086006716,Census Tract 67.16; Miami-Dade County; Florida,55.7,7.4,25.3,0.0,3.5,47.0,-999999999.0,-666666666,73392,63542,22.4,20.1,0.0,14.8,0.0,13.7,0.9,7.2,15.7,5.2,36.8,0.0,6.4,28.9,71.1,0.0,0.0,4.1,95.9,2211,2.5,71.5,1201,53.0,47.0,737,27.9,2.6,0.7,61.2,6.6,30.7,1.5,40.8,52.2,2022
12086006717,Census Tract 67.17; Miami-Dade County; Florida,77.3,1.4,24.6,2.2,37.9,35.3,15.3,173112,190398,99381,12.0,0.0,0.0,0.0,11.0,5.8,1.6,18.3,4.6,46.5,20.3,0.0,28.1,26.6,44.8,28.6,0.0,36.9,63.1,3008,1.8,40.8,1431,76.6,23.4,2187,30.9,16.7,5.2,64.6,0.0,35.4,0.0,51.1,42.2,2022
12086006718,Census Tract 67.18; Miami-Dade County; Florida,94.3,1.6,38.3,17.9,12.5,23.9,18.2,200292,248550,139714,1.1,0.0,0.0,0.0,6.8,5.5,4.2,17.1,14.3,50.9,0.6,8.9,2.5,10.4,58.3,29.8,1.5,33.1,66.9,2393,0.0,16.0,1964,67.2,32.8,2341,41.3,2.0,0.8,62.4,6.5,14.1,5.5,53.1,54.8,2022
12086006719,Census Tract 67.19; Miami-Dade County; Florida,87.4,2.8,42.9,4.6,28.1,7.2,22.1,102039,165974,125867,4.4,0.0,2.7,4.3,7.5,20.4,6.5,16.3,6.1,31.8,6.8,0.0,2.0,16.9,67.0,16.0,0.0,7.0,93.0,3289,11.2,48.0,1897,79.2,20.8,2028,32.2,4.9,1.0,76.6,0.6,11.6,9.2,25.9,23.1,2022
12086006720,Census Tract 67.20; Miami-Dade County; Florida,75.3,0.0,42.7,4.3,35.0,8.3,15.2,136406,226438,128417,0.0,1.1,0.0,0.0,7.1,0.3,8.2,35.4,8.2,39.6,1.1,0.0,1.3,8.8,81.9,9.3,0.0,37.7,62.3,2963,8.8,10.6,1878,69.9,30.1,2368,30.7,11.5,1.0,85.0,0.6,9.5,2.1,55.3,47.2,2022
12086006721,Census Tract 67.21; Miami-Dade County; Florida,88.4,6.2,68.7,5.0,8.9,13.1,19.8,114595,188274,115812,2.3,0.9,2.4,1.1,1.9,8.1,4.5,39.7,9.6,29.5,7.6,0.0,19.9,1.9,64.6,33.5,0.0,18.5,81.5,3501,3.5,40.8,2160,74.7,25.3,2657,32.0,6.5,1.0,37.8,2.1,46.9,10.8,57.8,60.7,2022
12086006722,Census Tract 67.22; Miami-Dade County; Florida,80.0,3.1,36.0,2.4,22.3,28.1,21.6,93387,113348,50460,18.4,0.0,0.0,3.1,0.0,20.0,13.7,23.9,4.2,16.7,15.0,5.9,16.5,24.8,63.1,6.7,5.5,11.6,88.4,2651,20.4,36.5,958,80.0,20.0,1777,35.7,11.7,8.8,34.0,5.2,39.9,2.9,60.9,60.4,2022
12086006801,Census Tract 68.01; Miami-Dade County; Florida,61.4,3.1,53.4,3.5,11.7,22.3,23.2,139659,259938,118245,5.5,2.2,2.7,3.3,3.8,4.0,15.1,14.4,10.2,38.7,12.0,2.6,9.0,7.2,47.8,34.1,10.9,65.5,34.5,2713,0.0,49.7,1735,74.4,25.6,2893,46.8,17.6,26.8,81.0,1.3,15.8,0.9,29.7,33.3,2022
12086006802,Census Tract 68.02; Miami-Dade County; Florida,56.6,1.9,61.7,0.3,4.9,28.5,26.8,181728,277643,111613,2.4,3.3,8.3,1.6,1.6,6.1,6.0,10.5,13.7,46.6,5.5,4.4,3.5,7.7,30.7,49.1,12.5,82.5,17.5,-666666666,16.7,42.8,1825,80.5,19.5,3661,50.4,23.0,29.7,58.6,1.4,29.4,3.3,55.3,35.4,2022
12086006901,Census Tract 69.01; Miami-Dade County; Florida,63.9,2.1,77.6,0.7,2.0,17.1,28.5,78039,152547,61621,4.4,5.1,22.9,3.9,1.8,11.0,10.6,4.5,8.5,27.3,11.4,10.0,15.1,9.0,47.4,24.9,18.7,64.6,35.4,1791,5.1,62.0,1301,94.5,5.5,3201,46.2,18.0,15.4,67.0,2.7,28.6,0.0,79.8,48.5,2022
12086006902,Census Tract 69.02; Miami-Dade County; Florida,65.3,0.5,78.8,0.0,3.4,8.6,21.8,58500,112215,52838,8.1,6.2,13.3,6.9,12.0,8.1,12.3,4.4,3.6,25.2,10.6,8.6,6.4,9.8,39.8,48.8,1.6,66.2,33.8,1644,0.0,67.6,1479,85.5,14.5,2742,46.6,18.7,26.8,61.4,0.0,38.1,0.0,87.5,58.3,2022
12086007003,Census Tract 70.03; Miami-Dade County; Florida,72.1,5.6,68.6,5.3,5.3,6.6,34.6,57829,92604,35041,0.9,7.2,2.0,10.4,9.4,25.5,14.4,18.0,4.7,7.5,9.1,15.1,12.3,9.7,52.9,30.5,6.9,28.9,71.1,2136,0.0,59.5,1849,89.2,10.8,4551,33.6,19.2,10.5,34.5,0.1,54.3,2.4,90.6,52.6,2022
12086007004,Census Tract 70.04; Miami-Dade County; Florida,71.4,1.2,57.1,6.8,6.7,19.5,28.2,68516,88555,39343,4.8,1.6,4.1,6.2,13.1,27.6,9.5,12.1,10.7,10.2,8.3,12.6,13.9,5.4,60.4,24.0,10.2,43.1,56.9,1967,0.0,50.7,2321,89.0,11.0,4852,39.3,21.2,12.7,47.0,4.9,43.5,3.2,64.1,49.5,2022
12086007005,Census Tract 70.05; Miami-Dade County; Florida,56.7,9.1,55.6,6.3,5.9,17.5,22.9,43512,59832,30632,9.1,8.1,11.8,8.0,20.5,21.5,2.4,15.6,0.0,3.0,19.7,27.5,27.0,6.7,63.3,21.8,8.2,36.3,63.7,1876,2.8,54.5,995,92.8,7.2,1804,53.8,9.6,22.5,41.2,0.1,41.5,4.6,82.2,73.0,2022
12086007006,Census Tract 70.06; Miami-Dade County; Florida,64.2,5.6,74.2,1.3,6.3,17.2,28.2,53333,70664,29286,1.4,9.9,14.9,6.0,13.8,25.0,6.8,11.0,4.5,6.6,18.3,9.0,15.8,7.6,58.1,24.3,10.0,33.7,66.3,1891,23.0,55.5,1384,92.6,7.4,3298,36.7,22.5,17.7,51.8,0.0,38.7,0.7,88.3,70.3,2022
12086007007,Census Tract 70.07; Miami-Dade County; Florida,56.2,3.4,45.8,16.6,3.9,22.4,29.8,60291,71666,33917,5.2,3.6,13.1,11.6,7.9,12.1,17.6,21.4,4.4,3.0,26.2,23.5,6.7,11.2,41.8,44.1,2.9,8.4,91.6,2267,20.6,50.2,1307,80.9,19.1,2266,33.7,16.5,12.6,50.5,0.8,31.3,7.5,66.5,50.2,2022
12086007101,Census Tract 71.01; Miami-Dade County; Florida,61.5,7.1,71.5,5.5,0.0,10.3,25.2,56600,134795,55047,12.9,5.2,6.1,16.4,7.9,3.1,9.4,8.9,11.0,19.0,14.1,32.3,6.6,14.3,49.2,22.0,14.6,45.0,55.0,1023,1.5,49.5,1241,87.3,12.7,2771,40.0,20.1,15.4,43.0,26.1,26.1,0.3,44.6,38.1,2022
12086007103,Census Tract 71.03; Miami-Dade County; Florida,64.9,16.2,65.1,7.8,3.7,17.6,34.3,108750,140536,78068,1.7,12.1,4.3,1.7,3.1,10.7,13.8,11.2,28.5,12.9,21.8,2.0,4.1,4.6,76.3,18.5,0.6,50.7,49.3,2172,16.3,21.6,1474,78.4,21.6,2079,39.3,14.3,15.3,55.2,17.7,9.8,12.1,22.8,36.9,2022
12086007104,Census Tract 71.04; Miami-Dade County; Florida,84.6,0.7,60.0,5.6,4.2,26.8,25.2,158750,198255,93196,0.3,1.5,2.9,1.7,12.0,10.6,9.1,10.7,16.4,34.9,1.5,8.8,6.5,4.1,46.9,42.8,6.2,50.1,49.9,1856,3.8,33.5,1619,88.3,11.7,3163,34.8,17.6,7.0,72.5,2.3,21.2,2.1,51.4,32.8,2022
12086007200,Census Tract 72; Miami-Dade County; Florida,61.6,6.4,69.1,7.3,3.3,10.0,23.2,57143,71720,32148,13.2,4.5,9.6,14.2,4.8,26.3,13.4,3.6,3.3,7.1,24.1,21.7,15.4,23.9,55.3,16.3,4.5,20.1,79.9,1237,8.1,57.6,1326,83.4,16.6,2612,38.2,20.0,14.1,17.5,70.4,8.4,0.4,19.3,21.4,2022
12086007300,Census Tract 73; Miami-Dade County; Florida,69.4,2.4,60.6,0.1,0.9,33.6,24.7,250001,291973,103383,0.4,0.0,2.9,5.0,3.9,6.2,4.9,12.9,6.8,57.1,6.8,3.3,4.3,0.9,28.8,54.0,16.4,89.2,10.8,-666666666,21.9,31.6,1739,87.5,12.5,4338,39.4,34.8,11.8,62.6,4.7,29.7,0.7,47.6,35.1,2022
12086007401,Census Tract 74.01; Miami-Dade County; Florida,71.0,0.0,59.2,0.0,0.0,32.4,19.0,229375,266946,110796,0.0,0.0,2.9,4.1,17.7,4.6,0.0,9.9,3.7,57.1,0.4,0.0,0.7,2.9,40.7,44.2,12.2,86.7,13.3,3501,12.5,9.7,569,95.4,4.6,1334,48.6,27.1,19.9,66.9,0.0,33.1,0.0,60.0,29.2,2022
12086007402,Census Tract 74.02; Miami-Dade County; Florida,56.3,2.6,59.9,1.7,2.7,15.2,26.5,126518,210352,93055,6.9,0.0,7.9,6.1,5.9,7.4,7.4,18.2,8.7,31.5,4.6,2.9,2.6,1.6,51.7,29.7,17.1,86.6,13.4,2663,0.0,100.0,1270,91.3,8.7,2740,43.5,23.8,21.1,73.8,0.0,22.2,0.0,61.1,36.8,2022
12086007403,Census Tract 74.03; Miami-Dade County; Florida,57.0,0.7,50.0,0.0,4.5,34.0,23.8,124773,174488,94468,14.8,2.7,4.0,0.6,0.0,2.7,7.6,25.3,9.9,32.4,18.6,4.7,2.2,1.1,58.4,26.1,14.4,52.1,47.9,3020,5.6,43.1,2126,79.4,20.6,3118,35.9,12.3,21.4,54.7,2.2,33.8,6.4,54.3,48.7,2022
12086007501,Census Tract 75.01; Miami-Dade County; Florida,65.9,1.8,59.8,0.6,0.6,30.6,19.7,220804,311782,118571,1.2,1.5,2.0,0.6,5.5,5.2,13.5,8.8,9.3,52.4,2.3,1.6,1.6,1.9,31.4,55.3,11.4,97.1,2.9,3501,0.0,69.2,976,91.5,8.5,2436,48.1,26.0,23.1,61.2,3.9,31.7,2.3,57.1,33.4,2022
12086007503,Census Tract 75.03; Miami-Dade County; Florida,60.3,2.2,66.0,11.2,5.1,17.7,23.1,72000,171838,73432,2.8,9.3,1.2,15.5,4.7,17.1,5.6,8.4,5.3,30.1,12.0,3.1,1.3,13.7,41.6,31.1,13.7,71.4,28.6,2607,0.0,78.8,426,75.6,24.4,766,40.0,24.8,17.5,60.3,0.0,30.3,0.0,60.2,29.0,2022
12086007601,Census Tract 76.01; Miami-Dade County; Florida,69.3,3.0,67.0,3.8,3.8,19.3,24.1,112250,157770,54394,0.0,0.0,5.1,5.5,7.6,17.2,10.3,12.9,11.6,29.7,7.5,4.8,6.1,8.6,22.8,51.2,17.5,78.0,22.0,2164,0.0,60.0,916,91.9,8.1,2497,38.7,24.7,14.5,59.6,0.5,24.6,1.2,75.1,34.4,2022
12086007603,Census Tract 76.03; Miami-Dade County; Florida,50.1,5.6,65.5,9.6,7.9,9.1,32.8,35583,61416,27870,15.3,8.6,14.5,10.7,12.5,10.2,12.4,7.5,2.2,6.1,29.1,20.8,11.9,19.3,50.2,21.7,8.8,34.1,65.9,1760,9.3,73.3,1873,83.5,16.5,3601,34.3,14.7,20.2,45.4,26.2,22.4,5.3,39.9,41.3,2022
12086007605,Census Tract 76.05; Miami-Dade County; Florida,65.4,0.4,74.3,2.2,0.0,14.4,27.6,77826,117579,55331,1.9,3.1,1.8,10.8,9.1,20.2,17.7,19.5,6.6,9.4,8.9,11.6,5.7,2.9,39.0,47.9,10.2,54.0,46.0,2163,11.8,63.0,1740,86.4,13.6,3225,40.1,15.6,17.6,64.1,7.5,26.1,0.7,64.7,44.5,2022
12086007607,Census Tract 76.07; Miami-Dade County; Florida,66.7,2.5,76.0,0.0,0.0,15.1,31.5,94500,136235,60545,3.7,4.8,1.7,19.1,5.4,6.0,13.6,14.9,10.5,20.3,7.6,2.8,1.6,1.5,36.7,37.4,24.5,72.2,27.8,2323,0.0,86.7,1011,93.4,6.6,2124,47.4,11.7,25.8,57.7,0.7,31.7,2.6,68.4,48.3,2022
12086007608,Census Tract 76.08; Miami-Dade County; Florida,66.4,2.1,70.2,4.1,1.4,11.2,25.3,118015,170509,61979,3.4,0.0,0.0,8.5,6.8,21.0,7.2,12.6,13.4,27.1,5.5,3.0,10.0,6.4,34.8,45.5,13.3,78.4,21.6,1374,16.4,44.7,813,97.4,2.6,2239,41.0,26.4,14.3,66.9,8.4,21.7,2.8,37.8,35.0,2022
12086007609,Census Tract 76.09; Miami-Dade County; Florida,67.8,5.2,72.5,16.8,0.0,5.5,31.0,69076,104485,47069,10.8,1.6,2.8,10.8,3.4,27.4,11.1,6.8,7.9,17.2,9.8,3.0,6.9,11.0,55.0,27.0,7.0,59.8,40.2,1972,3.6,47.3,824,81.8,18.2,1557,36.8,15.4,14.6,64.2,6.6,18.6,7.9,53.2,27.3,2022
12086007610,Census Tract 76.10; Miami-Dade County; Florida,69.6,4.8,51.4,11.8,1.5,27.7,31.4,99296,172476,68495,3.9,4.9,5.2,8.2,4.2,11.1,15.1,10.9,4.4,32.1,10.6,4.9,11.6,6.7,41.8,25.1,26.5,60.9,39.1,1443,5.3,49.9,1940,97.3,2.7,4745,39.6,17.7,12.8,48.0,2.8,41.6,5.3,59.7,46.9,2022
12086007704,Census Tract 77.04; Miami-Dade County; Florida,60.5,3.8,64.0,8.1,1.9,19.4,24.6,67704,106204,51740,4.7,2.5,13.9,1.9,12.9,19.7,14.4,14.1,6.3,9.6,5.6,6.0,12.8,4.1,64.4,27.0,4.6,37.9,62.1,1897,17.9,45.2,3171,86.5,13.5,5734,34.8,25.7,16.9,59.7,5.6,30.5,1.0,71.9,45.6,2022
12086007705,Census Tract 77.05; Miami-Dade County; Florida,60.4,4.9,76.8,7.4,1.2,7.0,29.0,59652,115268,56369,8.3,5.6,12.4,5.9,7.4,16.7,9.7,18.4,1.1,14.5,18.3,2.9,2.9,6.5,45.0,39.0,9.4,44.3,55.7,1656,9.8,49.0,2515,96.0,4.0,5120,39.5,16.0,21.7,57.7,3.2,31.4,0.0,72.0,45.7,2022
12086007706,Census Tract 77.06; Miami-Dade County; Florida,65.9,5.0,81.3,1.0,0.0,14.2,27.6,140211,175418,73822,9.1,1.7,3.2,9.8,5.2,7.6,3.4,18.7,9.4,31.9,6.9,11.0,2.0,10.2,28.9,36.9,24.0,85.5,14.5,3177,12.3,33.1,1413,89.2,10.8,3065,54.9,14.5,28.8,61.9,0.0,34.2,1.4,70.0,51.3,2022
12086007707,Census Tract 77.07; Miami-Dade County; Florida,72.2,0.1,54.1,0.0,0.0,35.7,29.9,146396,270060,74750,0.0,0.0,7.7,0.0,7.9,7.9,7.1,32.7,20.5,16.1,17.2,10.5,3.7,0.0,21.3,19.4,59.3,87.5,12.5,-666666666,0.0,0.0,921,98.4,1.6,3364,41.8,16.6,12.2,64.8,0.4,33.4,0.0,72.4,37.1,2022
12086007708,Census Tract 77.08; Miami-Dade County; Florida,59.4,0.0,81.7,0.9,0.0,2.3,29.8,70750,90802,30008,2.3,4.0,5.4,7.9,21.7,11.0,5.4,22.3,14.3,5.7,10.9,12.3,8.3,1.1,12.5,60.8,25.5,70.6,29.4,1893,4.7,64.2,924,84.7,15.3,2460,41.7,12.9,19.8,71.3,2.5,23.3,0.0,94.1,55.6,2022
12086007709,Census Tract 77.09; Miami-Dade County; Florida,69.9,3.9,83.0,0.0,0.0,4.9,28.7,133060,125384,44441,3.4,0.0,0.0,5.4,7.0,15.3,10.2,29.4,17.5,11.8,5.4,7.4,13.6,3.4,25.2,46.7,24.7,77.6,22.4,1818,0.0,15.2,1074,92.6,7.4,2821,49.9,16.0,17.5,50.2,0.1,47.9,1.8,89.5,49.7,2022
12086007801,Census Tract 78.01; Miami-Dade County; Florida,52.5,0.7,60.3,1.7,4.5,26.0,23.9,250001,509662,157923,2.0,0.0,6.8,0.0,9.3,6.8,0.0,14.6,0.0,60.5,5.9,2.0,5.7,0.0,7.3,42.9,49.8,95.6,4.4,-666666666,0.0,100.0,230,89.1,10.9,682,48.8,24.6,27.6,72.3,0.7,21.0,3.1,46.6,22.3,2022
12086007805,Census Tract 78.05; Miami-Dade County; Florida,64.9,3.0,73.0,3.5,0.0,14.7,33.9,143088,193765,73715,4.0,3.0,3.7,3.2,5.6,10.5,8.1,13.6,11.5,36.9,4.2,6.4,3.1,4.9,25.6,45.2,24.3,77.8,22.2,1788,2.7,49.4,1794,93.8,6.2,4515,43.7,24.2,19.8,72.7,0.8,23.1,2.7,61.7,41.9,2022
12086007806,Census Tract 78.06; Miami-Dade County; Florida,53.7,4.5,64.3,3.0,0.3,26.2,30.0,250001,631008,189507,8.5,0.0,1.2,3.7,3.2,2.7,1.0,12.0,9.5,58.3,13.4,0.0,0.1,5.6,11.8,44.1,38.5,96.2,3.8,3501,0.0,0.0,1261,88.9,11.1,3715,44.7,29.6,21.3,76.8,2.2,18.0,0.4,34.5,21.9,2022
12086007807,Census Tract 78.07; Miami-Dade County; Florida,67.4,3.4,64.0,4.0,0.8,26.9,28.2,158984,204822,67758,5.1,2.3,7.3,3.6,4.7,6.7,4.8,14.3,9.1,42.2,6.5,6.8,2.9,5.1,30.9,41.3,22.6,71.7,28.3,1769,8.8,53.8,1711,98.0,2.0,5231,41.5,31.2,14.1,55.7,0.6,39.2,3.0,53.7,33.7,2022
12086007808,Census Tract 78.08; Miami-Dade County; Florida,66.8,1.9,62.8,15.0,2.3,9.8,30.7,46847,84078,48566,6.3,10.1,5.5,15.4,16.6,9.5,4.7,15.9,6.0,9.9,15.5,17.1,16.5,13.3,61.5,24.3,0.9,28.8,71.3,1825,7.8,61.9,2832,84.7,15.3,4187,40.7,11.2,20.4,50.4,5.8,31.9,7.5,72.8,56.5,2022
12086007809,Census Tract 78.09; Miami-Dade County; Florida,67.3,3.0,57.2,8.9,5.1,10.2,32.0,78648,104189,46443,13.7,0.6,5.4,5.9,10.2,13.0,21.6,9.8,9.2,10.8,14.9,13.8,3.8,7.3,44.9,42.6,5.2,56.8,43.2,1918,1.9,37.3,1857,87.9,12.1,3649,40.5,19.2,19.7,52.7,3.8,24.6,13.2,59.1,51.8,2022
12086007901,Census Tract 79.01; Miami-Dade County; Florida,48.2,1.8,70.7,2.0,2.4,16.7,26.1,125306,196900,84112,15.7,0.8,6.1,2.5,3.8,4.3,7.1,25.9,4.1,29.6,13.5,0.0,2.6,27.4,23.6,32.7,16.4,79.2,20.8,1829,0.0,58.4,1836,89.5,10.5,3977,42.6,20.7,22.3,54.4,2.7,33.5,6.6,62.8,41.6,2022
12086007902,Census Tract 79.02; Miami-Dade County; Florida,61.1,4.0,62.5,2.6,0.0,23.3,29.1,179083,324262,117434,7.2,2.3,0.8,1.6,3.9,12.8,5.4,14.2,5.7,46.1,7.4,4.6,2.8,0.8,30.5,51.0,17.7,83.1,16.9,3033,25.0,53.7,1195,88.8,11.2,2984,45.7,25.1,17.8,67.7,0.6,28.3,0.9,57.1,36.7,2022
12086008000,Census Tract 80; Miami-Dade County; Florida,59.9,2.6,80.3,0.0,0.0,9.5,30.1,176778,269827,105243,4.1,0.0,0.0,9.2,14.1,2.9,0.7,13.9,12.1,43.0,6.5,0.0,3.3,1.7,28.7,36.1,33.4,71.9,28.1,1840,2.7,52.0,2277,83.3,16.7,4805,47.7,17.0,19.6,57.9,1.2,34.2,3.9,64.4,34.4,2022
12086008101,Census Tract 81.01; Miami-Dade County; Florida,55.2,6.4,70.2,2.2,0.0,20.2,29.1,250001,329161,99996,0.0,0.0,0.6,2.0,0.6,3.6,9.2,10.9,9.5,63.7,4.3,3.0,2.1,0.0,22.6,43.2,34.2,97.2,2.8,-666666666,0.0,0.0,1157,91.2,8.8,3461,41.2,29.8,14.4,66.5,2.4,23.5,4.9,34.0,26.5,2022
12086008102,Census Tract 81.02; Miami-Dade County; Florida,56.9,5.7,65.5,1.7,2.7,22.6,25.3,168409,214736,74864,3.4,0.0,1.3,1.3,9.4,11.6,4.8,10.7,22.9,34.7,3.3,4.5,2.3,0.0,33.5,35.6,30.9,79.2,20.8,1694,3.9,59.5,1674,94.4,5.6,4652,43.6,24.4,20.2,63.3,2.9,26.4,6.3,41.3,30.1,2022
12086008202,Census Tract 82.02; Miami-Dade County; Florida,65.9,3.4,74.3,0.4,1.5,13.2,36.3,148125,165263,57665,3.0,0.0,10.8,3.5,12.1,5.3,6.7,9.4,15.5,33.7,8.4,2.1,9.7,1.9,26.3,50.6,21.2,78.4,21.6,1544,11.0,42.2,1560,100.0,0.0,4610,40.0,26.2,14.1,69.2,2.3,23.8,2.5,59.2,30.4,2022
12086008205,Census Tract 82.05; Miami-Dade County; Florida,55.1,2.1,65.5,1.2,1.0,23.8,33.9,185559,310196,100274,1.7,0.0,0.0,2.4,4.5,1.4,7.8,25.5,12.4,44.4,1.5,1.3,0.6,2.5,23.9,44.7,28.9,93.4,6.6,2952,0.0,25.0,1547,91.6,8.4,4452,42.9,29.7,20.9,70.5,1.4,23.5,3.7,38.8,25.1,2022
12086008206,Census Tract 82.06; Miami-Dade County; Florida,63.3,7.2,64.3,1.3,1.4,23.4,31.4,97016,188440,72869,1.7,1.1,11.8,0.0,6.0,12.9,17.5,7.2,12.4,29.5,2.2,0.0,4.2,1.4,31.8,46.7,20.1,75.4,24.6,1401,19.9,63.5,1568,95.3,4.7,3851,46.0,24.2,14.9,69.0,1.4,19.9,8.2,45.1,29.4,2022
12086008207,Census Tract 82.07; Miami-Dade County; Florida,72.1,1.4,68.1,0.2,0.6,25.7,35.1,232188,299778,92322,2.0,0.0,0.0,3.8,2.1,4.1,3.8,17.5,8.9,57.7,2.9,0.0,0.2,0.5,17.4,37.1,44.9,97.2,2.8,-666666666,0.0,0.0,1548,94.0,6.0,4940,36.9,27.3,11.2,77.8,0.0,18.9,2.1,34.8,18.4,2022
12086008208,Census Tract 82.08; Miami-Dade County; Florida,67.2,7.8,77.9,2.3,0.4,7.6,36.2,76419,97005,36090,3.3,2.5,7.2,4.2,18.2,13.3,14.8,17.1,9.9,9.4,9.2,16.5,14.8,7.4,30.6,45.8,16.2,40.3,59.7,1740,6.0,57.7,1881,88.9,11.1,4708,38.0,20.6,10.6,53.7,12.2,27.4,2.6,59.2,42.4,2022
12086008209,Census Tract 82.09; Miami-Dade County; Florida,64.3,1.1,69.8,3.3,0.0,15.8,42.4,174130,211565,71657,0.8,2.8,1.6,0.5,6.7,3.2,10.1,14.8,16.5,42.7,4.3,1.8,1.0,4.9,15.8,44.5,34.7,86.6,13.4,3194,6.5,31.5,1457,91.6,8.4,4033,43.6,22.9,17.7,63.4,3.7,23.2,3.4,49.5,26.3,2022
12086008305,Census Tract 83.05; Miami-Dade County; Florida,69.7,2.8,66.5,1.3,1.0,20.8,29.9,107692,152469,56138,1.5,0.6,3.8,6.4,16.8,8.6,11.3,18.5,8.0,24.6,1.6,5.1,6.6,2.0,26.5,54.1,17.4,58.9,41.1,1708,7.3,41.2,1945,96.7,3.3,5276,36.8,21.3,16.1,58.3,3.7,30.4,1.9,54.0,36.6,2022
12086008308,Census Tract 83.08; Miami-Dade County; Florida,62.1,2.7,80.8,0.1,0.0,2.1,31.7,71405,82250,26474,5.6,5.1,7.6,8.3,12.3,17.4,10.5,17.5,11.5,4.0,15.6,32.5,17.9,2.2,25.3,44.5,28.0,55.4,44.6,1485,1.1,42.1,1872,90.9,9.1,5639,38.1,24.3,12.6,37.1,24.0,35.7,0.2,70.8,52.2,2022
12086008309,Census Tract 83.09; Miami-Dade County; Florida,54.2,14.6,72.3,3.8,0.0,0.7,26.9,43510,63625,18897,12.5,8.0,11.5,7.8,17.4,13.8,14.8,5.5,2.7,5.9,21.7,50.9,19.0,16.2,32.3,36.8,14.6,41.4,58.6,1146,10.6,47.6,1577,88.0,12.0,4958,31.0,31.9,8.0,14.6,57.3,14.7,0.1,40.8,23.2,2022
12086008310,Census Tract 83.10; Miami-Dade County; Florida,51.2,4.3,84.4,2.3,0.0,2.7,37.0,75353,90777,25399,3.3,0.0,5.0,12.0,14.3,13.1,24.0,11.2,11.4,5.7,6.1,20.1,14.3,6.2,15.6,55.5,22.8,84.2,15.8,1257,0.0,57.2,1182,100.0,0.0,4426,42.2,24.6,17.1,40.6,9.9,40.8,0.2,70.1,41.0,2022
12086008311,Census Tract 83.11; Miami-Dade County; Florida,67.1,5.4,87.8,0.0,0.0,3.1,33.8,90417,110863,29114,0.8,0.0,3.9,1.0,20.8,12.4,16.3,26.2,7.1,11.4,6.9,25.0,22.8,2.8,17.2,26.5,53.4,87.0,13.0,2060,0.0,74.4,1155,94.4,5.6,4567,36.1,22.7,13.7,46.6,34.3,13.9,1.2,53.4,54.0,2022
12086008312,Census Tract 83.12; Miami-Dade County; Florida,59.0,1.9,77.9,9.9,0.0,0.0,34.3,62945,74275,21016,8.2,1.1,3.9,7.1,21.4,20.0,15.3,17.7,1.8,3.5,19.6,47.4,14.0,19.9,13.5,34.9,31.8,70.0,30.0,1916,3.5,80.3,1103,92.2,7.8,3821,39.3,15.3,16.4,11.0,37.7,42.1,0.0,57.8,41.2,2022
12086008313,Census Tract 83.13; Miami-Dade County; Florida,50.1,7.6,76.5,3.9,0.0,7.8,36.5,59246,91062,31122,9.2,2.9,6.6,4.5,7.1,38.4,8.1,16.3,5.3,1.6,10.2,27.8,6.7,9.6,32.5,30.4,27.5,68.2,31.8,1489,61.5,34.8,1689,95.2,4.8,5595,38.0,24.3,18.1,14.7,58.7,19.6,1.6,38.0,32.5,2022
12086008314,Census Tract 83.14; Miami-Dade County; Florida,64.6,1.2,81.9,0.0,0.0,2.3,33.2,79698,103221,29191,0.0,3.1,1.1,8.1,7.3,23.2,17.1,24.8,10.4,4.8,3.5,11.3,8.0,0.0,15.9,40.5,43.7,96.0,4.0,2263,0.0,83.3,749,100.0,0.0,2833,35.9,22.6,14.5,31.2,36.6,19.1,2.0,59.9,43.1,2022
12086008315,Census Tract 83.15; Miami-Dade County; Florida,59.3,3.4,87.7,2.8,0.0,2.4,34.5,89688,100148,25896,1.5,3.9,3.6,1.7,0.7,22.6,28.1,20.1,9.3,8.5,15.0,21.1,27.7,7.6,16.8,27.9,47.7,82.4,17.6,1899,34.5,16.3,1154,100.0,0.0,4950,40.7,15.1,15.8,12.4,43.2,35.5,2.1,47.2,54.0,2022
12086008409,Census Tract 84.09; Miami-Dade County; Florida,56.9,4.6,72.6,2.0,0.7,12.5,35.4,73750,129258,51632,3.3,0.0,10.5,8.7,5.6,22.6,4.8,14.7,5.1,24.5,8.3,3.8,10.6,3.7,30.5,47.0,18.7,78.1,21.9,2199,0.0,54.7,2111,94.8,5.2,5174,45.8,20.1,17.2,65.9,5.3,18.4,5.4,52.0,30.7,2022
12086008415,Census Tract 84.15; Miami-Dade County; Florida,67.5,4.1,69.9,0.3,0.0,18.8,29.3,194643,241870,77755,0.0,0.0,1.8,1.7,3.6,14.8,8.0,10.8,13.7,45.5,0.3,0.7,1.9,0.0,10.3,47.3,42.3,98.9,1.1,-666666666,0.0,0.0,1502,97.3,2.7,4695,43.7,20.6,20.7,72.5,1.1,23.3,0.5,60.7,19.8,2022
12086008416,Census Tract 84.16; Miami-Dade County; Florida,69.8,1.6,69.9,2.3,2.3,14.0,33.9,60903,113303,46654,1.9,6.4,6.3,9.0,14.3,20.0,7.6,6.4,6.7,21.5,8.4,16.9,10.1,1.1,50.3,33.4,15.2,44.4,55.6,1705,6.3,73.4,1270,97.6,2.4,3062,39.3,23.4,14.5,61.6,0.4,30.2,1.6,71.3,46.4,2022
12086008418,Census Tract 84.18; Miami-Dade County; Florida,61.0,3.7,75.0,3.6,1.0,15.8,33.8,82097,107572,40774,2.5,3.7,3.3,1.9,12.3,19.4,15.8,16.8,12.2,12.0,12.6,4.7,5.4,2.5,39.4,44.6,13.4,58.0,42.0,2177,12.0,37.1,1135,95.2,4.8,2854,36.0,15.9,18.3,43.4,1.8,37.3,2.7,81.0,49.4,2022
12086008419,Census Tract 84.19; Miami-Dade County; Florida,67.7,4.8,88.1,0.9,0.0,4.9,32.6,69023,92481,37346,3.0,0.8,4.6,9.7,9.2,28.4,15.5,14.0,5.2,9.8,7.1,20.0,22.5,7.1,33.9,49.1,9.8,42.1,57.9,1805,7.5,34.3,2263,95.6,4.4,5640,41.9,21.3,15.2,49.6,7.2,33.8,1.3,71.7,46.6,2022
12086008420,Census Tract 84.20; Miami-Dade County; Florida,68.9,4.5,86.4,0.0,0.0,1.8,23.3,101472,108992,52722,0.0,0.0,7.9,2.4,11.9,13.6,9.6,35.3,9.1,10.2,0.0,10.7,10.4,5.0,45.6,41.7,7.7,82.8,17.2,1728,0.0,88.0,676,85.9,14.1,1240,42.2,22.6,19.0,66.2,0.0,25.2,0.7,67.4,28.9,2022
12086008421,Census Tract 84.21; Miami-Dade County; Florida,56.3,5.6,83.3,0.0,0.0,7.1,29.4,160599,138027,45953,0.0,0.9,7.6,3.3,8.2,5.9,10.9,5.8,38.5,18.8,8.5,3.6,8.6,1.0,21.3,43.5,34.2,87.4,12.6,2629,17.1,13.5,1840,91.2,8.8,4593,51.8,13.5,23.6,65.7,0.9,22.0,0.0,69.0,50.7,2022
12086008422,Census Tract 84.22; Miami-Dade County; Florida,68.5,0.3,86.5,0.0,0.0,8.8,41.2,113281,125609,46843,4.0,16.4,0.0,2.2,8.4,8.9,3.1,24.1,15.5,17.4,15.4,12.0,8.2,3.2,28.9,35.4,32.5,80.3,19.7,1362,0.0,50.0,908,99.3,0.7,2421,48.5,18.2,20.5,67.1,0.1,32.4,0.0,81.0,56.3,2022
12086008423,Census Tract 84.23; Miami-Dade County; Florida,58.7,1.1,83.5,1.8,0.0,8.3,28.2,95286,131803,45018,3.2,5.3,0.4,2.3,10.2,20.0,14.4,10.0,17.8,16.5,19.0,12.2,8.2,1.1,24.9,34.9,39.0,76.7,23.3,1578,9.0,59.1,1747,97.5,2.5,5011,41.6,19.1,17.3,49.8,0.0,44.9,3.7,62.4,51.7,2022
12086008424,Census Tract 84.24; Miami-Dade County; Florida,58.4,0.9,76.8,3.2,3.9,9.6,33.8,32246,55853,30967,14.2,16.5,12.0,9.0,4.8,14.5,7.2,14.2,4.7,2.9,22.9,37.8,10.3,25.4,33.5,29.3,11.8,22.9,77.1,1433,10.5,32.8,1991,92.4,7.6,3374,54.1,5.2,28.7,59.0,6.7,29.1,2.1,79.6,64.0,2022
12086008425,Census Tract 84.25; Miami-Dade County; Florida,51.9,4.2,65.9,4.0,5.8,7.2,31.7,58393,101314,46216,12.2,4.9,8.7,4.9,12.3,12.9,23.3,6.9,4.7,8.9,22.5,26.4,5.8,10.8,59.6,20.9,8.6,67.9,32.1,1467,18.3,44.7,993,95.7,4.3,2110,51.7,16.4,25.4,66.4,0.8,21.6,2.0,77.6,54.7,2022
12086008426,Census Tract 84.26; Miami-Dade County; Florida,67.1,4.1,75.0,1.5,0.0,10.6,29.7,142108,161117,51536,0.0,0.0,2.5,0.0,2.6,12.1,11.2,23.6,16.1,32.0,1.6,4.1,3.8,2.1,14.7,53.1,30.0,96.9,3.1,-666666666,0.0,0.0,1278,91.0,9.0,3701,42.9,23.6,20.7,56.8,14.5,18.1,4.2,47.0,31.3,2022
12086008427,Census Tract 84.27; Miami-Dade County; Florida,66.8,3.2,75.1,1.9,0.0,8.6,32.1,104554,122471,48258,1.8,2.0,0.6,11.1,12.1,15.0,5.3,8.3,30.2,13.5,3.6,5.8,6.3,0.0,37.3,33.1,29.7,76.1,23.9,2180,0.0,60.0,771,92.2,7.8,1864,40.5,19.8,15.5,49.8,13.7,22.6,5.4,63.0,45.5,2022
12086008428,Census Tract 84.28; Miami-Dade County; Florida,76.2,2.0,70.9,1.1,0.0,15.1,26.6,135278,161539,58546,0.0,0.0,0.4,3.0,9.6,17.6,7.0,15.0,20.7,26.6,0.7,15.6,3.9,3.0,28.4,48.3,20.3,81.3,18.7,1991,33.1,49.7,918,98.3,1.7,2535,41.6,19.3,14.2,51.0,5.7,33.1,3.0,77.3,29.4,2022
12086008429,Census Tract 84.29; Miami-Dade County; Florida,66.4,0.0,47.7,6.2,0.5,21.2,28.7,152407,214134,56329,0.0,0.0,2.7,3.6,2.6,13.0,7.9,16.0,26.4,27.9,17.2,12.3,2.3,1.3,22.5,42.7,33.5,70.6,29.4,2327,0.0,22.5,1276,94.8,5.2,4485,27.4,45.2,10.4,44.3,0.4,42.6,0.0,70.8,47.3,2022
12086008430,Census Tract 84.30; Miami-Dade County; Florida,69.3,2.1,80.3,2.3,0.0,3.7,27.9,47631,60576,25545,14.2,2.1,6.1,10.4,20.1,12.9,15.3,14.9,2.4,1.6,18.4,16.1,11.6,6.8,54.8,27.8,10.6,20.7,79.3,1623,8.3,51.5,2312,91.7,8.3,5297,36.4,15.8,12.1,53.4,6.2,29.1,4.4,82.4,66.7,2022
12086008431,Census Tract 84.31; Miami-Dade County; Florida,19.4,3.9,72.7,0.0,6.3,5.4,23.5,46250,87119,26615,13.2,0.0,20.8,9.0,7.0,13.8,2.8,8.2,8.2,17.0,38.8,8.4,3.4,10.8,38.2,42.4,8.6,70.2,29.8,2544,6.0,88.0,500,100.0,0.0,2411,78.7,5.6,63.5,55.8,9.0,31.1,3.5,57.9,57.8,2022
12086008502,Census Tract 85.02; Miami-Dade County; Florida,61.1,3.9,72.5,0.8,0.0,9.7,28.7,116250,139200,47368,4.4,4.3,6.4,8.6,9.3,6.4,5.5,13.4,20.7,21.1,5.7,18.1,7.3,5.4,22.6,44.8,27.2,73.3,26.7,1490,5.7,78.5,1512,94.5,5.5,4252,46.7,22.7,21.9,56.7,0.4,33.8,6.3,80.2,49.5,2022
12086008503,Census Tract 85.03; Miami-Dade County; Florida,53.2,5.3,86.0,6.0,0.0,5.5,29.0,59750,91701,33423,1.6,6.9,2.9,13.1,20.2,15.7,5.0,13.8,5.0,15.9,14.6,31.4,17.1,8.5,22.2,38.4,30.9,73.2,26.8,2114,0.0,92.4,1136,95.6,4.4,3396,43.0,15.3,27.9,55.7,0.6,42.7,0.1,91.4,69.2,2022
12086008504,Census Tract 85.04; Miami-Dade County; Florida,50.0,0.3,82.6,0.7,0.4,13.0,29.3,84817,90278,30058,6.5,2.7,0.9,10.0,7.8,11.3,16.2,29.3,12.8,2.6,8.0,13.0,4.3,9.8,19.0,35.1,36.2,86.2,13.8,2144,0.0,24.2,932,100.0,0.0,2863,43.3,23.8,17.6,61.2,0.8,32.4,0.0,91.2,45.2,2022
12086008601,Census Tract 86.01; Miami-Dade County; Florida,61.9,4.4,72.1,0.0,0.0,18.6,34.2,104183,155241,51064,6.8,6.7,2.3,6.3,4.4,11.8,8.3,18.7,14.2,20.4,9.9,22.7,12.6,3.5,34.7,30.6,31.2,82.8,17.2,1810,0.0,62.5,1519,95.0,5.0,4595,51.0,14.4,21.0,49.6,0.8,48.1,0.0,87.2,61.1,2022
12086008603,Census Tract 86.03; Miami-Dade County; Florida,65.8,0.6,78.3,0.3,0.2,11.2,41.4,108958,133557,54308,11.5,2.6,0.0,7.5,12.2,8.1,6.8,21.8,17.7,11.8,16.3,6.7,11.0,0.0,27.6,38.0,34.4,83.6,16.4,2669,38.4,37.4,1608,100.0,0.0,4070,48.0,11.9,21.0,56.2,0.1,35.2,3.4,84.5,67.1,2022
12086008604,Census Tract 86.04; Miami-Dade County; Florida,64.7,1.5,71.4,0.0,0.0,22.8,33.7,102447,141103,52222,19.3,0.0,3.9,0.0,0.0,13.4,3.5,29.7,13.4,16.9,18.7,1.3,19.7,0.0,21.0,59.3,19.7,97.0,3.0,-666666666,0.0,0.0,512,90.2,9.8,1292,45.2,22.5,21.9,50.8,1.3,43.3,1.2,87.5,47.6,2022
12086008702,Census Tract 87.02; Miami-Dade County; Florida,51.7,9.8,83.0,2.5,0.6,5.4,31.5,87750,86913,27224,5.2,4.3,7.3,3.2,15.3,7.9,13.5,30.7,9.5,3.0,8.5,34.3,15.7,1.8,28.5,29.1,40.6,82.6,17.4,2193,10.2,73.6,1775,98.3,1.7,5685,47.0,13.7,21.5,57.5,0.9,34.8,0.6,89.9,59.8,2022
12086008703,Census Tract 87.03; Miami-Dade County; Florida,49.9,5.8,93.6,0.0,0.9,1.9,29.8,80417,90471,31426,3.5,9.1,6.4,15.0,5.0,9.0,14.3,17.2,5.9,14.6,20.3,37.1,12.9,4.9,16.7,45.3,33.1,86.3,13.7,2355,0.0,80.0,720,91.4,8.6,2198,59.0,8.4,26.9,59.6,0.1,37.1,0.4,90.4,64.3,2022
12086008704,Census Tract 87.04; Miami-Dade County; Florida,67.4,2.2,77.5,0.1,0.0,6.3,30.0,68854,97703,32038,6.8,0.6,1.9,5.0,15.4,22.3,17.2,9.5,9.1,12.2,7.5,16.4,15.6,6.9,19.3,44.6,29.2,83.8,16.2,2676,16.0,71.0,895,98.7,1.3,2842,50.4,16.4,21.8,57.4,0.1,36.1,1.4,82.6,65.4,2022
12086008805,Census Tract 88.05; Miami-Dade County; Florida,55.1,4.1,84.1,0.7,0.0,7.7,25.6,41532,61617,24587,6.4,16.2,9.9,12.8,7.9,16.8,8.2,11.7,6.3,3.8,25.3,26.5,18.3,9.1,28.8,40.9,21.2,40.9,59.1,1633,0.0,66.2,1515,91.1,8.9,3836,46.3,12.4,21.7,68.3,1.2,26.0,0.8,89.9,65.8,2022
12086008806,Census Tract 88.06; Miami-Dade County; Florida,64.1,1.7,79.6,0.5,0.0,1.4,32.6,80364,95626,32891,1.7,0.3,9.4,7.2,8.0,21.5,11.5,20.3,9.6,10.4,7.3,22.8,15.2,0.7,28.7,50.4,20.1,73.7,26.3,1744,0.0,53.2,1460,99.4,0.6,4520,45.7,19.9,21.7,44.0,0.0,55.2,0.0,95.5,67.9,2022
12086008807,Census Tract 88.07; Miami-Dade County; Florida,67.2,5.9,87.7,0.0,0.0,9.6,30.7,103133,112132,41930,2.2,0.4,4.7,4.3,4.4,5.9,21.1,40.4,8.7,8.1,2.5,13.8,6.5,1.1,24.3,28.7,45.9,88.9,11.1,2216,0.0,23.4,1571,100.0,0.0,4363,51.7,9.9,19.7,34.8,0.2,63.4,0.0,95.6,74.7,2022
12086008808,Census Tract 88.08; Miami-Dade County; Florida,56.4,7.8,94.8,0.3,0.0,0.0,31.9,67781,63923,22902,3.8,12.4,5.7,10.5,8.4,26.6,15.6,14.3,2.2,0.6,16.9,33.4,9.8,3.2,41.3,34.9,20.6,41.6,58.4,1413,19.6,42.2,1163,98.3,1.7,3350,49.3,15.1,21.9,66.9,4.4,26.2,0.0,94.7,75.7,2022
12086008809,Census Tract 88.09; Miami-Dade County; Florida,60.2,1.6,81.7,0.0,1.2,10.0,30.3,102382,120109,41296,0.0,0.0,0.0,11.7,10.6,12.6,7.5,33.7,10.5,13.3,0.4,14.5,3.3,7.8,12.9,47.5,31.8,89.1,10.9,1956,0.0,72.6,687,97.1,2.9,2092,50.7,11.3,32.3,71.2,1.3,24.9,0.0,91.5,53.3,2022
12086008810,Census Tract 88.10; Miami-Dade County; Florida,60.8,4.6,83.6,0.0,2.8,6.4,27.4,75109,103181,38723,3.4,1.0,2.9,28.2,11.6,2.8,15.6,22.7,5.5,6.3,3.8,20.6,9.8,7.8,34.6,32.9,24.7,69.9,30.1,1650,8.1,69.3,1631,98.1,1.9,4447,46.0,17.2,21.2,45.9,3.9,42.5,0.0,98.8,60.0,2022
12086008904,Census Tract 89.04; Miami-Dade County; Florida,28.3,25.1,31.6,2.3,41.4,4.0,17.6,-666666666,-666666666,4165,-666666666.0,-666666666.0,-666666666.0,-666666666.0,-666666666.0,-666666666.0,-666666666.0,-666666666.0,-666666666.0,-666666666.0,-666666666.0,-666666666.0,9.4,-666666666.0,-666666666.0,-666666666.0,-666666666.0,-666666666.0,-666666666.0,-666666666,-666666666.0,-666666666.0,0,-666666666.0,-666666666.0,3538,20.1,0.2,0.0,61.1,23.7,6.8,6.8,36.5,12.4,2022
12086008906,Census Tract 89.06; Miami-Dade County; Florida,58.4,2.8,81.7,0.5,0.3,8.8,29.2,59615,97574,37063,1.7,2.1,9.1,9.3,16.0,17.5,10.1,11.7,9.2,13.2,8.2,30.9,11.6,6.7,22.0,54.0,17.2,62.2,37.8,1582,19.8,49.9,1796,95.0,5.0,4714,50.4,15.8,24.9,55.5,0.6,42.3,1.0,91.3,64.8,2022
12086008907,Census Tract 89.07; Miami-Dade County; Florida,56.4,4.0,81.8,0.9,0.5,11.2,28.1,44065,79958,35506,5.4,6.9,14.8,7.2,19.1,11.5,10.3,13.6,1.8,9.3,14.3,27.0,9.2,9.7,47.2,29.1,14.1,51.9,48.1,1652,5.5,49.0,1863,96.2,3.8,4254,50.7,14.1,28.1,43.2,2.8,46.3,6.3,77.1,73.7,2022
12086008908,Census Tract 89.08; Miami-Dade County; Florida,55.1,1.3,85.0,0.3,0.0,10.9,30.6,81581,101898,35699,4.5,3.9,19.0,6.2,1.2,13.3,9.5,19.2,10.6,12.6,4.0,33.5,21.5,7.4,39.6,35.5,17.5,81.3,18.7,1348,6.8,28.3,1173,100.0,0.0,3512,45.7,15.8,31.1,46.2,0.1,45.4,4.7,90.7,69.2,2022
12086008909,Census Tract 89.09; Miami-Dade County; Florida,64.6,2.6,69.9,0.3,0.0,4.5,28.8,62330,83913,29675,5.2,3.9,5.3,0.7,14.1,24.3,17.5,16.8,5.0,7.2,12.1,22.5,11.7,11.9,29.1,40.9,18.1,66.7,33.3,1476,19.0,41.5,1293,97.5,2.5,3705,54.0,6.5,22.3,38.7,7.7,44.0,0.0,94.1,75.0,2022
12086008910,Census Tract 89.10; Miami-Dade County; Florida,62.1,1.9,83.2,0.0,0.0,9.6,42.3,63368,97378,34803,5.0,4.7,6.9,15.6,5.2,14.8,10.3,3.3,16.6,17.6,7.3,27.1,8.9,3.6,25.2,50.6,20.6,76.3,23.7,1875,15.0,56.8,1103,96.2,3.8,3080,48.6,12.4,26.5,49.7,1.0,44.9,0.0,95.3,56.6,2022
12086008911,Census Tract 89.11; Miami-Dade County; Florida,71.7,0.8,88.6,0.0,0.0,10.1,29.2,97906,113413,32734,0.0,3.8,2.1,3.4,10.6,18.9,18.9,18.0,7.4,17.0,5.9,11.7,6.3,5.1,14.2,54.4,26.2,87.5,12.5,2083,0.0,78.1,884,95.4,4.6,3073,44.3,24.6,13.0,66.7,0.6,32.3,0.0,85.8,58.3,2022
12086009010,Census Tract 90.10; Miami-Dade County; Florida,64.7,4.2,71.1,0.3,1.0,14.0,22.5,89028,108279,43161,7.6,1.4,2.3,10.1,7.9,12.6,19.0,15.8,13.7,9.5,13.6,7.2,11.3,7.5,40.6,41.2,10.7,40.4,59.6,2361,3.3,55.7,3273,85.3,14.7,7265,38.8,20.1,10.9,65.2,5.9,18.7,5.7,76.4,65.4,2022
12086009014,Census Tract 90.14; Miami-Dade County; Florida,70.5,0.3,72.6,2.3,0.0,9.4,31.9,84464,85681,30563,0.6,3.2,4.9,2.5,10.5,21.8,21.3,28.8,3.4,2.8,5.7,19.9,10.1,1.3,34.1,46.6,18.0,47.8,52.2,1827,9.3,38.2,1560,93.6,6.4,4268,39.2,19.1,11.4,65.7,0.6,26.6,2.4,91.5,73.0,2022
12086009015,Census Tract 90.15; Miami-Dade County; Florida,62.5,2.7,72.1,1.6,1.8,8.2,29.3,47553,59712,26004,2.7,6.3,15.6,14.1,14.3,22.7,9.5,8.3,4.1,2.5,14.7,29.5,13.2,11.1,40.4,39.2,9.3,46.2,53.8,1612,15.1,50.8,2616,88.4,11.6,5520,45.8,12.7,22.5,51.4,1.3,40.9,1.4,93.9,75.5,2022
12086009020,Census Tract 90.20; Miami-Dade County; Florida,57.1,10.1,90.1,1.1,3.6,2.3,26.3,39635,49680,19292,7.8,10.3,12.8,7.8,20.5,18.5,7.5,13.6,1.1,0.0,19.5,39.2,11.1,7.7,46.4,34.3,11.6,14.9,85.1,1437,10.8,46.0,1174,97.1,2.9,3075,38.9,20.6,12.7,43.2,0.0,55.0,0.5,93.7,80.7,2022
12086009021,Census Tract 90.21; Miami-Dade County; Florida,59.8,4.4,76.9,0.5,2.6,12.0,29.5,50823,67341,23508,6.5,7.9,8.1,9.9,16.6,11.2,11.9,20.8,4.8,2.3,19.3,31.1,16.6,2.4,37.7,41.7,18.2,31.0,69.0,1705,8.2,57.8,1424,97.4,2.6,4273,41.0,15.5,15.4,43.2,3.7,47.0,1.0,94.1,73.7,2022
12086009022,Census Tract 90.22; Miami-Dade County; Florida,58.6,5.0,88.6,0.1,0.0,7.8,32.7,63107,76945,23202,5.1,3.1,10.1,16.1,7.4,17.9,18.3,17.4,1.7,2.8,11.0,36.0,15.6,4.4,34.1,37.1,24.3,68.7,31.3,1925,11.8,51.8,703,100.0,0.0,2507,43.7,18.9,12.9,66.0,0.1,30.3,0.0,94.3,68.0,2022
12086009024,Census Tract 90.24; Miami-Dade County; Florida,72.8,1.5,76.7,0.9,0.0,11.4,29.8,78800,76109,29053,4.3,3.8,7.1,1.9,15.1,16.6,24.0,22.5,4.2,0.6,9.7,15.6,18.1,7.1,40.9,44.2,7.8,11.4,88.6,2088,10.5,42.6,2293,83.6,16.4,5404,32.8,18.5,9.1,64.0,0.5,20.5,7.1,85.0,72.1,2022
12086009026,Census Tract 90.26; Miami-Dade County; Florida,64.3,1.8,79.4,2.5,0.0,5.7,26.7,45900,54540,23844,3.2,4.8,9.6,14.1,24.9,23.6,11.2,6.5,1.3,0.8,8.4,30.1,10.3,10.4,43.4,40.8,5.4,42.7,57.3,1696,11.8,71.4,951,91.1,8.9,2119,49.8,13.3,20.9,71.0,1.0,19.6,0.2,95.0,76.9,2022
12086009027,Census Tract 90.27; Miami-Dade County; Florida,69.8,6.6,79.4,0.4,0.3,9.9,23.6,61713,67191,30119,10.0,0.0,5.6,6.6,18.5,26.4,11.6,17.8,2.3,1.1,10.9,21.9,19.1,3.8,41.4,48.2,6.5,38.0,62.0,1775,15.0,39.4,1868,87.8,12.2,3834,43.8,11.3,18.1,62.6,2.9,30.0,0.9,90.6,68.8,2022
12086009028,Census Tract 90.28; Miami-Dade County; Florida,66.6,4.0,73.6,0.0,0.0,12.7,26.8,68893,85857,31538,4.2,0.0,7.1,4.8,12.6,25.1,16.1,15.4,7.7,7.1,13.5,18.7,13.2,2.1,28.1,61.0,8.8,65.1,34.9,1821,6.3,46.2,2237,91.6,8.4,5775,40.0,22.2,11.3,60.1,0.7,27.2,3.2,88.6,62.6,2022
12086009029,Census Tract 90.29; Miami-Dade County; Florida,62.6,3.9,67.7,4.4,0.6,6.5,26.9,71413,76966,26627,0.8,10.3,5.2,8.7,10.7,15.8,17.3,25.9,2.7,2.8,10.9,37.1,12.6,5.5,33.8,41.2,19.5,47.6,52.4,2126,11.9,43.3,1624,89.5,10.5,4234,44.3,17.0,16.5,58.5,1.0,37.5,1.8,91.9,73.7,2022
12086009030,Census Tract 90.30; Miami-Dade County; Florida,70.1,1.6,77.4,2.9,1.8,4.9,28.6,54075,67989,28102,7.2,5.2,7.0,8.7,17.6,21.5,14.0,10.5,5.9,2.4,13.5,22.0,18.1,2.4,38.6,47.7,11.3,43.6,56.4,1620,9.3,60.1,2024,92.7,7.3,4914,44.5,13.8,17.3,63.9,0.8,28.8,0.0,94.7,77.8,2022
12086009031,Census Tract 90.31; Miami-Dade County; Florida,67.9,0.7,70.2,7.1,2.4,10.3,28.3,56450,67239,25441,5.1,3.9,6.0,7.7,19.6,17.5,21.1,16.0,0.7,2.4,13.3,24.0,11.0,6.4,34.0,51.1,8.5,18.3,81.7,1833,9.0,51.7,1579,96.5,3.5,4147,40.7,17.3,12.1,61.9,0.0,21.4,4.6,89.7,75.5,2022
12086009039,Census Tract 90.39; Miami-Dade County; Florida,66.9,1.6,75.1,0.6,1.5,9.5,23.3,69911,105550,32375,8.5,3.1,4.8,2.7,10.5,22.7,13.5,13.1,5.1,16.1,14.5,4.0,14.5,5.6,36.4,43.6,14.4,35.7,64.3,2419,1.4,74.7,2554,89.7,10.3,7753,35.1,27.1,4.8,62.7,0.1,25.1,0.4,87.7,71.8,2022
12086009040,Census Tract 90.40; Miami-Dade County; Florida,59.0,4.6,72.8,3.3,0.3,15.1,25.1,76957,109784,32891,6.6,2.3,1.8,10.7,12.0,15.0,12.0,20.9,6.0,12.7,10.2,10.6,13.4,4.0,28.2,44.4,23.5,48.4,51.6,2748,7.9,58.9,2697,80.6,19.4,7395,34.3,26.7,6.5,68.3,0.6,25.0,2.0,87.3,76.7,2022
12086009043,Census Tract 90.43; Miami-Dade County; Florida,65.3,2.9,77.2,1.6,0.0,13.7,26.5,92188,109869,31007,10.6,0.0,2.8,6.5,4.9,14.5,13.8,22.7,14.2,9.8,10.4,9.4,9.0,1.7,25.7,51.3,21.2,65.8,34.2,2811,5.6,63.9,1468,93.7,6.3,5001,34.1,33.4,4.9,61.3,0.7,28.3,4.1,85.4,64.3,2022
12086009044,Census Tract 90.44; Miami-Dade County; Florida,62.0,5.7,75.1,0.0,0.6,10.2,23.8,75208,108647,30190,2.0,0.0,2.4,13.2,7.7,24.6,13.7,14.2,10.3,11.9,5.4,6.3,15.0,4.6,29.2,44.6,21.6,52.4,47.6,2368,6.0,84.4,985,90.7,9.3,3304,36.5,28.2,8.1,63.0,0.0,24.5,5.4,84.0,76.2,2022
12086009048,Census Tract 90.48; Miami-Dade County; Florida,57.3,3.3,73.3,0.0,0.0,17.3,29.5,119597,179142,54189,1.1,0.0,0.6,2.7,2.1,10.3,21.3,19.3,15.4,27.1,5.6,2.6,1.7,3.3,20.5,37.6,38.7,55.5,44.5,3501,8.8,75.3,1097,86.4,13.6,3161,35.0,22.0,8.1,61.6,1.0,21.7,9.4,75.6,70.6,2022
12086009049,Census Tract 90.49; Miami-Dade County; Florida,65.7,4.6,68.0,0.5,2.8,19.1,27.3,90123,113376,37560,2.9,1.3,1.1,8.8,6.0,18.8,24.5,16.8,9.8,10.0,3.9,9.6,16.2,0.0,27.5,63.8,8.7,44.4,55.6,2223,15.5,38.4,1653,86.1,13.9,4342,41.9,25.6,9.1,67.4,0.0,27.7,0.4,83.5,69.1,2022
12086009050,Census Tract 90.50; Miami-Dade County; Florida,68.1,4.3,64.2,1.4,1.4,15.2,27.6,76913,114045,31923,5.1,1.6,4.8,5.2,10.5,18.8,15.9,21.1,3.9,13.1,9.9,7.1,11.5,1.0,19.8,57.6,21.5,51.2,48.8,2379,8.8,66.2,1700,92.8,7.2,5762,36.1,27.1,6.9,69.8,0.1,24.2,1.4,88.5,71.7,2022
12086009051,Census Tract 90.51; Miami-Dade County; Florida,44.5,0.0,86.2,5.7,0.0,3.7,34.1,96400,147649,52663,3.8,0.0,1.5,5.3,27.8,9.5,3.8,17.2,15.0,16.2,9.9,22.2,9.2,10.9,22.1,36.1,31.0,54.5,45.5,2091,13.4,56.0,662,100.0,0.0,1992,48.5,16.4,22.9,69.8,0.6,22.9,0.0,88.1,53.7,2022
12086009052,Census Tract 90.52; Miami-Dade County; Florida,57.1,3.0,75.8,0.0,0.0,13.0,28.0,38048,49678,22430,2.4,8.9,25.1,9.5,23.3,9.6,12.5,2.8,3.8,2.1,23.7,37.6,22.2,15.2,44.5,27.1,13.2,42.7,57.3,1402,4.9,65.3,1685,93.2,6.8,3708,51.9,7.6,30.0,56.4,0.0,40.1,0.0,98.1,86.9,2022
12086009053,Census Tract 90.53; Miami-Dade County; Florida,68.5,1.3,81.6,0.0,0.0,5.3,28.3,80287,107473,38169,1.1,3.5,11.5,6.0,5.2,21.8,10.2,16.2,16.0,8.5,8.0,16.6,15.2,8.0,31.9,41.9,18.2,63.3,36.7,2273,0.0,58.5,1799,92.5,7.5,4609,37.5,20.5,15.7,37.1,0.0,52.1,8.0,85.2,79.4,2022
12086009054,Census Tract 90.54; Miami-Dade County; Florida,59.7,3.7,87.7,0.0,2.8,1.6,28.2,91364,91335,27358,4.6,2.2,9.6,7.7,2.2,16.2,12.9,34.3,6.3,3.9,2.5,18.6,14.0,7.4,26.0,36.0,30.6,75.1,24.9,2310,21.5,11.1,542,100.0,0.0,1932,46.6,15.2,21.6,47.0,0.1,45.3,0.0,95.5,71.4,2022
12086009055,Census Tract 90.55; Miami-Dade County; Florida,49.3,6.7,86.3,0.0,0.0,5.2,34.7,67344,69565,24780,8.7,8.7,7.6,10.7,7.9,12.2,17.4,22.4,1.3,3.1,16.1,21.0,16.5,0.0,30.7,41.4,28.0,73.4,26.6,2792,0.0,48.7,723,98.3,1.7,2098,44.8,11.5,20.1,72.9,1.0,24.2,0.0,86.2,62.6,2022
12086009056,Census Tract 90.56; Miami-Dade County; Florida,55.6,2.0,66.3,0.9,0.0,26.3,29.4,90724,107842,44316,5.2,4.1,22.9,0.0,4.0,9.6,7.8,17.1,13.9,15.5,6.4,6.2,4.2,24.4,25.2,41.9,8.5,79.4,20.6,3012,2.7,48.9,1163,95.0,5.0,2724,46.8,22.1,22.8,56.3,0.7,26.6,2.9,64.7,68.9,2022
12086009057,Census Tract 90.57; Miami-Dade County; Florida,64.3,1.7,68.9,0.9,0.0,21.5,22.6,86667,93305,31346,3.1,2.8,5.3,5.7,9.7,19.5,8.7,24.5,14.6,6.0,10.1,6.5,15.1,0.0,33.5,56.5,9.9,42.6,57.4,2642,4.8,64.5,2249,92.7,7.3,6165,34.4,25.2,3.6,69.6,0.0,21.5,2.7,86.5,66.6,2022
12086009058,Census Tract 90.58; Miami-Dade County; Florida,62.8,4.0,75.8,0.0,0.2,11.8,22.7,67674,86890,33994,1.0,9.7,3.2,8.2,8.0,23.7,11.9,20.5,6.0,7.9,16.7,7.9,13.9,3.3,43.6,40.3,12.8,46.8,53.2,2238,11.4,48.4,1685,89.5,10.5,3969,43.1,22.6,13.0,69.6,1.4,18.8,3.3,82.7,66.5,2022
12086009059,Census Tract 90.59; Miami-Dade County; Florida,79.3,2.9,60.6,0.0,2.0,20.4,27.4,74511,89483,27600,0.0,6.5,6.4,4.5,4.8,28.2,20.1,15.7,10.0,3.7,5.4,12.6,7.3,0.0,48.8,39.6,11.6,39.0,61.0,2360,3.5,65.0,948,93.6,6.4,2958,41.0,32.4,7.2,60.0,1.5,27.7,2.3,86.3,71.6,2022
12086009060,Census Tract 90.60; Miami-Dade County; Florida,75.2,1.6,77.3,0.7,0.0,3.9,28.3,113846,120242,37734,5.8,0.0,1.3,0.0,10.5,18.2,11.1,16.9,25.5,10.8,5.8,15.0,10.2,5.8,24.1,53.0,17.1,47.0,53.0,2479,0.0,50.9,1622,93.7,6.3,4902,37.9,28.2,6.3,71.1,0.3,21.5,3.7,84.8,66.0,2022
12086009061,Census Tract 90.61; Miami-Dade County; Florida,55.1,3.1,78.9,9.4,0.0,3.7,31.2,46250,49367,16675,12.1,8.0,13.5,2.2,16.3,29.1,7.8,11.1,0.0,0.0,26.3,54.9,16.4,9.5,31.9,33.9,24.8,57.7,42.3,1041,15.5,65.2,1004,100.0,0.0,3312,45.5,13.6,18.3,55.6,7.7,26.2,0.0,99.4,79.5,2022
12086009062,Census Tract 90.62; Miami-Dade County; Florida,68.7,3.9,86.1,2.1,0.0,3.9,26.7,71541,83519,24927,4.7,0.0,7.9,5.9,8.2,28.7,14.8,17.7,9.3,2.6,13.2,22.3,18.5,1.1,21.9,45.7,31.3,62.3,37.7,1856,0.0,51.6,951,95.7,4.3,3211,44.0,15.0,15.7,61.1,0.0,30.5,4.5,93.8,66.0,2022
12086009063,Census Tract 90.63; Miami-Dade County; Florida,61.7,1.8,86.6,0.0,3.4,0.0,23.9,50046,55969,22087,18.4,1.4,9.2,6.6,14.3,19.2,19.7,9.0,2.1,0.0,12.6,34.4,15.4,15.5,29.5,40.8,14.2,44.0,56.0,1565,26.8,35.2,1107,95.8,4.2,2816,41.4,14.9,16.4,65.1,0.0,32.4,0.1,98.9,72.3,2022
12086009064,Census Tract 90.64; Miami-Dade County; Florida,72.5,4.6,81.5,1.2,0.0,1.1,25.8,63347,63906,23839,0.6,6.0,3.0,10.6,16.2,31.9,20.9,6.9,3.8,0.0,8.6,12.0,9.2,4.1,29.7,51.7,14.5,28.4,71.6,2063,21.3,66.8,1099,86.5,13.5,2672,36.9,18.1,17.8,58.0,3.4,38.5,0.0,90.2,72.3,2022
12086009065,Census Tract 90.65; Miami-Dade County; Florida,62.3,8.0,62.3,0.7,0.0,20.6,24.2,79278,109008,36799,13.0,0.0,9.1,0.0,8.7,12.3,8.8,19.1,11.4,17.6,17.2,10.6,20.6,5.4,48.0,45.2,1.4,26.3,73.7,2047,9.4,40.8,1248,87.9,12.1,3463,37.5,26.2,14.2,51.4,1.4,25.4,1.0,83.3,73.8,2022
12086009066,Census Tract 90.66; Miami-Dade County; Florida,76.4,0.1,60.3,0.7,6.2,11.6,23.2,68562,95188,36988,5.0,0.5,8.4,12.4,8.3,19.0,11.8,17.8,8.6,8.2,16.7,7.8,14.3,5.0,38.3,46.6,10.1,24.4,75.6,1935,8.9,58.1,2979,90.1,9.9,6923,34.7,17.4,8.3,60.7,1.4,31.7,0.8,90.6,76.9,2022
12086009101,Census Tract 91.01; Miami-Dade County; Florida,59.9,4.9,75.5,1.6,0.0,12.2,29.5,52703,58121,17237,2.7,13.1,7.4,16.3,10.2,14.7,26.2,3.3,4.9,1.2,27.8,36.5,20.2,4.3,27.6,39.5,28.7,16.4,83.6,1638,5.1,61.8,842,96.9,3.1,3085,37.5,24.7,15.2,56.5,0.7,42.7,0.1,96.3,69.2,2022
12086009102,Census Tract 91.02; Miami-Dade County; Florida,42.0,2.5,79.9,4.6,1.3,6.3,28.1,41714,50515,16376,12.7,8.8,9.0,16.1,15.1,15.7,11.1,10.5,0.0,1.0,20.8,25.9,17.3,10.1,39.0,41.0,9.8,45.1,54.9,1424,19.3,51.7,1058,99.8,0.2,3443,41.5,10.6,16.5,57.9,17.6,22.9,0.2,82.0,64.2,2022
12086009200,Census Tract 92; Miami-Dade County; Florida,61.0,1.3,71.2,8.3,0.0,6.9,32.5,72241,85080,26878,2.9,1.3,11.7,6.1,7.0,22.0,14.4,21.6,6.6,6.4,15.2,19.2,18.5,8.5,11.7,35.8,44.0,79.3,20.7,2210,0.0,44.6,981,98.7,1.3,3337,46.7,11.7,20.0,49.0,0.1,44.7,0.0,93.6,72.0,2022
12086009305,Census Tract 93.05; Miami-Dade County; Florida,71.6,4.1,77.1,6.7,0.0,9.6,29.3,112578,130945,49184,3.2,4.3,4.0,4.0,5.9,10.5,14.6,18.9,18.7,15.9,5.5,12.9,8.6,4.4,27.9,48.0,19.7,79.2,20.8,1557,8.8,45.1,1903,99.6,0.4,5030,46.5,16.9,19.1,53.6,0.0,35.7,3.7,83.6,46.4,2022
12086009312,Census Tract 93.12; Miami-Dade County; Florida,69.2,5.3,82.7,0.0,4.3,4.7,30.1,74556,80563,37292,3.1,3.1,2.2,7.2,9.4,25.9,24.0,18.6,3.3,3.3,9.3,9.2,5.8,6.4,40.5,42.9,10.3,17.7,82.3,1786,13.3,26.9,2701,92.1,7.9,5434,36.0,17.3,15.6,56.9,3.9,32.7,1.5,86.8,47.1,2022
12086009314,Census Tract 93.14; Miami-Dade County; Florida,53.4,10.1,65.0,2.0,5.7,19.8,25.9,33059,40519,15520,14.6,9.8,13.0,15.1,19.2,8.4,14.8,5.0,0.0,0.0,25.3,61.7,16.1,13.4,46.1,25.5,14.9,25.0,75.0,1508,5.4,68.3,1444,97.9,2.1,3827,46.1,17.0,21.0,39.2,0.0,59.9,0.0,99.5,83.9,2022
12086009315,Census Tract 93.15; Miami-Dade County; Florida,46.7,4.8,83.9,0.0,4.5,0.0,26.8,34478,43302,18387,6.5,17.5,18.5,8.7,6.2,22.6,15.8,4.3,0.0,0.0,19.4,49.1,9.6,18.6,45.6,26.7,9.2,40.0,60.0,1443,19.9,49.9,1293,95.4,4.6,3197,53.5,17.8,34.4,45.8,3.7,38.7,0.0,96.2,74.9,2022
12086009316,Census Tract 93.16; Miami-Dade County; Florida,69.8,6.2,72.9,1.1,0.0,7.4,23.1,72647,76357,23522,0.0,0.0,3.5,17.8,13.8,27.4,13.2,19.6,1.4,3.2,8.8,23.2,21.8,0.0,34.8,38.2,27.0,75.5,24.5,954,5.8,11.6,801,96.1,3.9,2556,40.0,24.1,11.8,51.1,1.1,29.7,2.0,93.3,53.2,2022
12086009317,Census Tract 93.17; Miami-Dade County; Florida,59.6,3.1,81.7,0.6,0.4,5.4,24.0,54796,79212,26882,2.5,9.1,6.2,12.4,7.2,23.4,10.7,20.3,6.5,1.8,14.5,34.0,22.6,6.5,38.2,38.6,16.8,64.3,35.7,1472,0.0,43.6,1471,96.9,3.1,4671,42.4,19.7,16.6,39.2,1.6,50.0,0.0,96.0,66.7,2022
12086009318,Census Tract 93.18; Miami-Dade County; Florida,57.3,7.4,73.8,0.0,0.0,6.3,30.6,54183,68834,21162,1.3,12.2,17.9,5.9,9.3,5.0,20.4,17.1,8.6,2.3,8.2,24.2,9.1,9.9,9.5,61.0,19.6,95.4,4.6,2104,0.0,36.8,525,100.0,0.0,1788,40.2,18.6,18.5,49.8,0.0,46.0,0.0,90.0,47.0,2022
12086009319,Census Tract 93.19; Miami-Dade County; Florida,69.2,2.1,87.9,0.0,0.4,7.9,37.0,92843,104010,35598,0.0,0.0,1.4,2.4,10.1,16.0,33.2,20.3,13.3,3.2,3.5,10.7,23.9,5.1,27.9,39.1,28.0,40.5,59.5,1904,9.7,36.3,1537,96.2,3.8,4539,39.1,21.3,8.9,45.6,0.5,46.5,0.4,92.7,48.3,2022
12086009320,Census Tract 93.20; Miami-Dade County; Florida,64.4,4.2,81.3,0.9,0.0,7.5,29.9,51913,55399,19969,9.1,3.6,10.3,13.3,9.5,21.8,25.2,5.8,1.3,0.0,16.8,58.2,15.3,6.5,33.4,38.1,22.0,20.1,79.9,1398,11.3,48.5,1611,96.0,4.0,4562,40.0,18.8,12.3,31.6,0.9,57.7,0.0,96.3,78.8,2022
12086009321,Census Tract 93.21; Miami-Dade County; Florida,68.5,1.5,63.8,2.1,0.0,16.1,22.3,79394,87160,29389,6.8,1.0,10.2,12.3,10.3,0.0,29.1,6.9,16.6,6.8,15.7,21.9,9.5,3.5,40.1,21.5,34.9,66.4,33.6,1790,0.0,84.8,835,91.7,8.3,2378,46.3,19.3,19.1,56.1,10.8,27.2,0.0,94.7,63.8,2022
12086009322,Census Tract 93.22; Miami-Dade County; Florida,61.5,0.0,71.5,1.3,2.2,12.4,33.8,29232,42575,18223,4.3,5.0,30.2,11.8,18.8,15.7,8.4,4.1,1.7,0.0,21.4,38.0,16.6,12.8,46.9,34.4,5.9,51.3,48.7,1539,7.7,62.6,1717,100.0,0.0,4266,44.2,20.3,27.3,50.5,0.6,34.4,0.0,99.4,78.5,2022
12086009323,Census Tract 93.23; Miami-Dade County; Florida,63.0,4.0,75.2,1.3,0.0,8.7,27.9,71250,89120,27989,4.8,2.5,10.2,5.5,5.6,25.2,12.6,22.7,3.4,7.6,7.9,27.6,27.0,1.9,25.8,42.0,30.3,80.3,19.7,1395,0.0,44.8,842,100.0,0.0,2778,48.7,15.7,18.0,51.8,0.5,42.7,0.0,91.9,72.1,2022
12086009324,Census Tract 93.24; Miami-Dade County; Florida,60.1,3.0,76.6,0.0,0.0,4.8,29.6,47148,58960,24268,5.6,8.1,13.7,8.9,15.7,21.6,8.1,14.5,1.0,2.7,12.4,43.0,9.0,16.9,38.1,34.0,11.0,30.2,69.8,1328,12.0,40.7,1572,100.0,0.0,4237,42.1,19.6,17.4,45.8,0.5,42.1,0.0,96.5,76.4,2022
12086009325,Census Tract 93.25; Miami-Dade County; Florida,68.0,7.9,93.5,0.0,0.0,5.1,25.7,64931,101401,34611,0.0,0.6,3.2,6.6,22.2,17.7,10.1,30.3,0.0,9.3,7.5,11.4,23.3,0.6,35.8,43.6,19.9,66.1,33.9,1385,4.4,58.8,853,94.8,5.2,2433,35.9,18.1,12.3,49.8,0.2,39.4,2.1,96.2,68.6,2022
12086009326,Census Tract 93.26; Miami-Dade County; Florida,43.5,2.8,82.9,0.0,0.0,6.1,25.4,25189,54457,23186,6.5,20.5,22.7,9.6,1.2,14.5,7.8,9.5,2.1,5.6,23.0,53.9,15.7,25.4,41.5,26.5,6.5,59.2,40.8,1304,2.0,41.0,1329,95.3,4.7,3021,53.1,13.0,33.7,38.6,0.0,47.7,0.0,93.9,66.5,2022
12086009327,Census Tract 93.27; Miami-Dade County; Florida,57.4,3.1,80.1,0.0,0.0,5.3,30.1,78192,115990,29148,9.1,6.7,11.4,4.2,8.1,8.6,10.7,12.3,15.5,13.4,17.3,40.9,16.0,1.6,10.9,34.5,52.9,82.0,18.0,2658,0.0,69.0,870,92.5,7.5,3569,47.4,15.2,17.9,42.3,0.1,55.6,0.0,92.7,70.4,2022
12086009401,Census Tract 94.01; Miami-Dade County; Florida,45.9,24.0,66.3,9.6,1.9,8.1,33.0,69313,82692,25960,2.9,11.9,2.4,13.8,4.9,20.4,11.3,24.7,1.3,6.3,16.5,27.1,22.1,4.3,26.6,58.1,11.0,71.2,28.8,1685,6.1,85.7,680,100.0,0.0,2511,35.5,20.0,16.4,8.6,72.6,14.5,0.0,24.3,23.1,2022
12086009402,Census Tract 94.02; Miami-Dade County; Florida,51.1,4.3,89.7,0.3,0.0,7.0,32.7,66130,74349,24178,1.1,1.3,5.7,7.9,10.2,32.3,13.2,23.8,3.1,1.5,7.0,36.8,19.5,11.4,28.9,28.3,31.5,83.9,16.1,1756,16.2,83.8,1048,95.5,4.5,3423,47.9,14.7,25.2,22.9,46.6,28.3,0.0,52.1,42.6,2022
12086009503,Census Tract 95.03; Miami-Dade County; Florida,59.8,5.3,80.1,0.3,0.0,15.7,24.9,79940,85193,27722,3.5,0.5,6.9,4.9,7.6,24.0,23.2,23.7,1.1,4.6,9.2,26.3,14.8,2.9,30.2,42.2,24.7,76.4,23.6,1586,2.6,45.5,1540,96.7,3.3,4967,35.4,25.8,15.6,9.4,76.6,11.1,0.0,24.2,24.0,2022
12086009504,Census Tract 95.04; Miami-Dade County; Florida,55.6,7.5,74.2,10.8,0.0,6.5,31.1,77230,88362,24522,1.1,5.0,2.2,6.4,15.4,16.3,20.1,20.7,2.8,10.1,8.9,26.6,16.8,2.8,28.6,37.9,30.7,82.6,17.4,2297,15.8,78.1,1322,96.1,3.9,5072,37.4,23.9,16.5,9.7,80.7,6.1,0.0,21.7,25.8,2022
12086009505,Census Tract 95.05; Miami-Dade County; Florida,79.0,5.4,53.4,13.7,0.0,16.2,27.8,56563,55598,21259,0.0,12.6,12.6,6.2,15.5,28.9,20.2,2.1,0.0,1.9,28.4,26.8,7.7,13.8,57.2,28.9,0.0,12.1,87.9,1624,9.0,57.4,559,84.1,15.9,1229,29.9,35.6,6.5,0.0,86.4,6.8,4.7,8.5,25.0,2022
12086009506,Census Tract 95.06; Miami-Dade County; Florida,53.7,11.2,78.5,7.5,1.5,2.6,29.9,46929,61562,21374,0.0,5.7,16.0,14.8,21.0,14.8,13.2,6.7,4.7,3.1,22.8,41.2,22.6,11.0,44.7,30.4,13.9,48.9,51.1,1324,0.0,67.2,1591,89.8,10.2,4387,36.4,23.3,10.6,17.0,70.7,8.0,0.0,23.9,46.5,2022
12086009601,Census Tract 96.01; Miami-Dade County; Florida,56.2,7.3,88.7,1.8,0.6,0.0,31.4,72202,74531,33604,5.5,8.6,4.6,2.9,8.3,21.8,31.9,2.9,13.5,0.0,10.3,23.4,15.5,8.3,45.1,29.7,16.9,41.2,58.8,1231,21.6,25.8,1468,95.6,4.4,3437,40.2,9.4,23.7,12.9,74.1,9.9,0.5,19.8,31.1,2022
12086009602,Census Tract 96.02; Miami-Dade County; Florida,61.7,3.0,80.1,7.4,0.0,6.6,26.9,40526,48759,19612,7.8,5.9,12.8,16.2,12.5,30.0,4.3,9.2,1.1,0.0,14.9,24.4,13.2,5.4,49.9,39.0,5.7,25.6,74.4,1378,16.1,47.6,1635,80.7,19.3,3581,33.0,28.2,11.3,2.1,90.6,5.6,0.1,9.0,33.9,2022
12086009703,Census Tract 97.03; Miami-Dade County; Florida,66.3,2.7,63.4,0.0,0.7,14.1,27.7,125433,189272,67265,5.2,0.0,3.4,1.3,3.6,14.8,9.4,25.4,10.2,26.6,2.0,4.4,4.8,1.7,22.7,61.4,14.2,87.7,12.3,2383,48.5,43.7,1104,86.9,13.1,2755,43.6,24.2,19.7,75.3,1.6,18.7,3.9,44.4,46.1,2022
12086009704,Census Tract 97.04; Miami-Dade County; Florida,62.0,4.4,77.3,0.0,2.2,10.3,27.4,89577,134143,46623,1.1,3.1,6.3,7.7,10.8,16.6,10.5,16.8,7.7,19.4,10.1,8.3,9.2,3.0,31.7,43.3,21.9,73.7,26.3,1784,5.1,70.8,1969,86.6,13.4,5153,42.8,26.3,16.9,71.6,11.1,11.8,2.0,39.5,39.6,2022
12086009705,Census Tract 97.05; Miami-Dade County; Florida,60.6,5.7,87.8,7.1,0.6,0.5,32.4,40788,51115,25980,8.5,9.5,10.9,17.6,15.8,17.1,11.0,4.4,1.6,3.6,18.9,12.5,9.7,4.5,54.3,26.4,14.8,67.2,32.8,1385,8.5,67.0,2683,78.2,21.8,4292,53.6,8.3,28.0,40.6,21.1,22.9,0.8,65.4,70.5,2022
12086009706,Census Tract 97.06; Miami-Dade County; Florida,64.9,8.8,83.1,3.8,0.0,7.8,29.6,49467,82413,41853,5.8,7.5,9.8,19.6,8.2,15.5,10.2,11.4,5.8,6.2,13.2,16.6,21.5,10.2,48.8,34.1,6.9,63.3,36.7,1400,7.4,58.7,1965,87.5,12.5,3542,43.8,16.6,17.2,60.9,14.8,21.2,1.0,56.3,56.1,2022
12086009803,Census Tract 98.03; Miami-Dade County; Florida,72.9,3.5,80.3,1.6,0.2,6.5,35.3,76711,90299,33691,3.0,0.6,9.6,5.1,8.6,21.7,21.2,20.9,7.2,2.3,6.2,17.6,21.7,2.4,45.1,36.9,15.6,49.4,50.6,2182,21.4,45.6,2606,96.4,3.6,7583,35.9,21.2,8.1,26.7,55.4,9.4,2.1,33.6,54.0,2022
12086009804,Census Tract 98.04; Miami-Dade County; Florida,54.1,6.3,74.7,0.0,0.7,7.6,32.1,92958,94957,26809,3.2,2.6,4.6,6.4,18.0,10.7,9.2,25.0,15.4,4.8,8.9,12.8,14.3,1.3,25.3,45.7,27.7,90.8,9.2,2452,30.9,22.1,913,99.6,0.4,3575,33.6,23.5,13.7,25.1,60.8,10.3,2.2,20.4,40.2,2022
12086009806,Census Tract 98.06; Miami-Dade County; Florida,49.6,6.9,72.2,1.5,3.4,11.2,35.7,40839,54168,27624,2.8,18.1,6.3,11.0,16.2,18.7,17.1,4.0,4.6,1.3,22.1,20.8,17.5,6.4,71.0,16.2,6.4,54.7,45.3,1273,1.5,68.8,1746,95.0,5.0,3537,45.7,14.4,23.4,33.1,43.1,12.9,3.2,29.0,50.8,2022
12086009809,Census Tract 98.09; Miami-Dade County; Florida,68.8,2.7,94.2,0.0,0.0,2.3,35.3,71970,87871,30627,6.5,0.0,7.3,11.2,8.7,17.3,12.1,22.2,4.0,10.5,10.1,11.7,19.3,2.8,49.5,37.2,10.5,75.2,24.8,1869,11.3,44.2,1485,86.6,13.4,3854,42.2,21.1,18.0,10.6,64.1,21.0,1.7,20.2,50.2,2022
12086009810,Census Tract 98.10; Miami-Dade County; Florida,65.0,11.0,80.6,3.4,3.3,6.2,26.9,72457,76563,32723,4.4,2.5,0.0,9.3,18.5,15.4,33.2,7.9,4.4,4.5,4.2,10.9,22.5,9.0,40.0,46.4,4.6,43.0,57.0,1837,0.0,55.1,1601,94.8,5.2,3850,39.7,13.0,15.3,42.6,41.0,15.5,0.2,36.3,48.4,2022
12086009811,Census Tract 98.11; Miami-Dade County; Florida,51.1,2.6,68.2,0.0,4.1,2.7,32.6,32783,80448,47202,8.5,20.5,10.7,19.3,14.0,5.7,1.6,6.9,0.0,12.8,24.0,31.5,6.4,32.8,37.7,28.3,1.2,56.9,43.1,825,8.3,76.8,1228,67.0,33.0,1446,56.7,4.9,41.4,27.0,60.9,9.7,0.8,36.7,50.4,2022
12086009812,Census Tract 98.12; Miami-Dade County; Florida,66.4,7.8,77.9,0.0,0.0,10.3,32.1,66275,80668,29823,11.7,0.0,2.6,5.3,13.8,23.3,21.8,12.2,1.4,7.8,5.7,6.9,11.5,6.6,44.2,35.9,13.3,46.3,53.7,1837,6.9,63.1,2141,93.6,6.4,5577,35.5,26.0,8.0,52.6,16.0,26.4,1.0,39.8,48.2,2022
12086009903,Census Tract 99.03; Miami-Dade County; Florida,46.5,15.9,74.8,2.6,0.0,13.6,32.1,66510,78971,26171,4.2,4.7,8.4,3.8,12.1,21.8,22.0,16.0,3.3,3.8,10.6,26.1,23.8,5.2,35.4,34.5,24.8,77.4,22.6,1755,0.0,63.2,1606,92.5,7.5,5342,41.0,20.2,23.2,2.7,89.0,7.4,0.0,12.2,23.3,2022
12086009904,Census Tract 99.04; Miami-Dade County; Florida,57.1,16.5,83.3,2.9,0.0,10.7,31.6,43344,51101,18437,5.3,6.2,16.5,9.8,22.8,24.1,8.5,6.1,0.0,0.8,27.7,40.5,14.1,12.0,57.6,21.7,8.8,38.6,61.4,1360,18.8,52.1,1418,95.0,5.0,3964,29.4,35.5,7.7,5.9,76.4,15.3,0.0,12.2,32.5,2022
12086009905,Census Tract 99.05; Miami-Dade County; Florida,57.4,7.6,89.3,0.0,0.0,5.0,32.5,70461,81393,23034,1.2,2.8,10.9,6.9,12.5,17.8,19.8,17.2,5.2,5.6,13.0,20.2,26.2,3.1,27.8,42.5,26.7,85.1,14.9,2181,0.0,37.3,1542,95.6,4.4,5664,31.4,26.1,12.9,9.3,77.8,7.1,0.0,19.1,35.8,2022
12086009906,Census Tract 99.06; Miami-Dade County; Florida,59.5,9.3,74.9,8.1,0.1,2.5,36.1,68848,72513,21142,6.5,2.7,8.3,8.2,14.2,14.5,25.7,9.1,8.3,2.5,13.2,26.3,13.9,3.9,27.6,46.5,22.1,84.2,15.8,2306,11.0,45.1,1603,93.6,6.4,5729,37.9,21.8,18.6,7.9,79.8,5.2,0.6,13.8,36.8,2022
12086009907,Census Tract 99.07; Miami-Dade County; Florida,73.0,6.5,85.6,2.3,3.3,7.7,36.6,109000,128414,35391,2.9,0.0,2.5,6.6,3.6,7.5,23.4,16.5,20.5,16.4,4.0,29.5,9.9,2.6,28.5,29.1,39.8,84.3,15.7,1784,32.4,52.6,1188,92.6,7.4,4120,31.8,27.5,12.8,7.9,87.5,1.7,2.2,2.4,32.6,2022
12086009908,Census Tract 99.08; Miami-Dade County; Florida,63.8,11.2,72.8,8.7,1.2,2.4,36.0,44583,49953,20070,10.8,4.7,10.1,16.8,16.5,21.1,10.8,9.2,0.0,0.0,14.5,28.4,20.9,9.7,62.6,22.4,5.3,12.1,87.9,1425,12.1,62.2,1828,97.3,2.7,4557,33.4,26.3,11.4,16.5,74.1,4.8,3.2,20.2,38.8,2022
12086009909,Census Tract 99.09; Miami-Dade County; Florida,71.8,6.0,67.7,7.8,2.6,20.3,33.9,58488,67309,23404,0.0,2.2,9.8,4.5,8.3,47.6,10.3,15.4,1.8,0.0,14.2,45.8,24.5,5.2,58.1,31.9,4.7,36.6,63.4,1775,50.3,30.7,939,100.0,0.0,2823,27.8,41.2,7.9,2.7,92.9,0.0,1.3,5.8,23.0,2022
12086010010,Census Tract 100.10; Miami-Dade County; Florida,61.2,4.6,78.7,1.8,0.0,10.6,31.2,47023,67698,25339,7.5,1.8,9.8,9.7,22.9,9.7,16.8,9.2,10.8,1.9,18.5,31.9,17.5,12.7,21.0,32.5,33.8,62.1,37.9,1348,13.4,60.0,1288,93.1,6.9,3411,40.6,17.4,13.3,44.2,31.6,18.4,0.0,65.0,51.7,2022
12086010012,Census Tract 100.12; Miami-Dade County; Florida,65.3,3.3,83.1,1.3,0.4,7.1,32.1,69709,80618,24110,0.5,0.8,6.0,10.6,13.7,19.0,20.2,22.3,3.6,3.3,7.3,33.4,17.4,2.2,18.3,41.4,38.2,75.3,24.7,2295,23.0,56.1,1951,95.6,4.4,6646,42.5,18.5,13.3,8.4,66.8,17.3,0.0,39.1,43.9,2022
12086010013,Census Tract 100.13; Miami-Dade County; Florida,62.2,1.5,80.4,2.5,2.0,2.0,35.8,68622,95328,28586,1.6,5.7,6.3,8.1,11.7,23.9,8.9,12.3,13.8,7.7,10.3,22.1,17.5,4.5,28.3,27.8,39.3,83.6,16.4,1734,0.0,63.2,1171,98.2,1.8,4146,40.2,22.7,15.1,31.1,20.9,39.5,5.3,72.0,59.6,2022
12086010015,Census Tract 100.15; Miami-Dade County; Florida,55.7,6.4,80.4,0.5,0.0,4.6,31.1,42063,55552,19063,7.0,2.4,17.9,9.9,17.3,21.2,14.3,4.9,2.5,2.5,21.5,34.0,31.9,2.5,32.8,28.9,35.7,54.9,45.1,978,0.0,53.1,1134,93.6,6.4,3285,39.2,21.6,11.6,42.9,6.1,39.0,0.2,91.1,68.0,2022
12086010016,Census Tract 100.16; Miami-Dade County; Florida,53.8,3.1,80.0,1.8,0.1,5.9,30.2,63071,71754,22238,5.8,2.6,5.4,6.6,18.1,23.4,9.3,24.4,4.2,0.4,10.9,36.8,11.4,2.0,28.6,36.9,32.5,85.9,14.1,2071,0.0,36.3,1318,100.0,0.0,4564,46.9,16.8,29.0,44.1,11.5,26.3,7.8,77.4,68.6,2022
12086010017,Census Tract 100.17; Miami-Dade County; Florida,52.5,0.6,84.2,0.0,0.0,9.8,31.4,63967,70486,21591,2.6,2.1,8.3,7.3,11.1,28.6,14.2,20.0,5.1,0.8,7.5,39.4,15.7,2.1,6.7,40.9,50.3,84.1,15.9,2211,26.4,73.6,1048,100.0,0.0,3617,48.8,17.7,19.6,35.8,21.2,38.7,0.0,76.0,60.1,2022
12086010018,Census Tract 100.18; Miami-Dade County; Florida,48.1,1.5,84.0,1.1,3.4,5.3,33.5,53875,69635,23722,11.0,4.7,12.8,6.2,8.1,14.3,18.3,17.0,3.5,4.0,27.9,34.5,23.0,5.3,29.5,39.1,26.1,69.1,30.9,1228,0.0,17.8,987,93.3,6.7,2699,41.3,13.3,28.0,53.7,15.4,27.2,0.5,82.4,57.0,2022
12086010019,Census Tract 100.19; Miami-Dade County; Florida,51.5,7.0,81.2,0.2,0.0,8.2,28.7,45921,78138,34259,13.6,3.9,8.8,11.2,18.6,9.5,10.8,8.4,7.9,7.3,15.1,34.6,21.1,21.6,36.6,22.2,19.6,82.7,17.3,2103,0.0,46.2,1178,100.0,0.0,2776,56.5,11.7,32.1,31.9,30.6,33.5,1.0,69.5,56.8,2022
12086010020,Census Tract 100.20; Miami-Dade County; Florida,60.9,1.7,82.3,0.1,0.0,6.8,27.2,54494,67626,20682,8.9,0.0,8.9,6.5,14.1,23.1,22.1,7.6,7.8,1.1,12.6,39.6,18.2,5.3,22.9,27.8,43.9,93.5,6.5,-666666666,0.0,0.0,1153,97.3,2.7,3905,40.7,17.8,13.3,41.3,23.9,25.8,0.0,78.9,50.5,2022
12086010021,Census Tract 100.21; Miami-Dade County; Florida,51.0,1.6,84.6,6.6,0.0,6.3,31.5,57044,64098,17530,0.0,6.7,9.4,4.5,15.4,23.6,26.1,10.7,3.2,0.4,14.3,33.8,25.7,4.9,17.1,55.8,22.2,45.0,55.0,1784,8.8,67.4,1137,100.0,0.0,4412,34.2,26.1,12.0,30.5,34.1,27.2,0.0,65.0,45.2,2022
12086010022,Census Tract 100.22; Miami-Dade County; Florida,48.8,3.0,84.4,0.0,0.0,0.5,32.0,-666666666,72069,27472,5.6,0.0,22.9,18.3,5.1,7.6,5.6,24.4,7.3,3.2,5.5,32.2,13.0,3.1,43.6,30.4,22.9,93.3,6.7,-666666666,54.9,9.9,1285,98.5,1.5,3189,57.9,11.9,41.0,28.8,27.6,24.4,0.0,82.3,63.9,2022
12086010023,Census Tract 100.23; Miami-Dade County; Florida,50.2,10.2,71.6,1.3,0.0,17.3,42.6,34493,41428,18667,17.0,8.3,12.3,14.1,11.6,21.5,12.8,2.4,0.0,0.0,37.9,34.8,16.4,8.3,56.0,21.5,14.2,52.8,47.2,2059,7.2,84.3,860,100.0,0.0,1989,32.1,28.5,15.8,8.7,71.0,20.3,0.0,23.5,37.7,2022
12086010024,Census Tract 100.24; Miami-Dade County; Florida,47.2,8.6,62.0,10.3,0.0,3.2,36.6,32477,62810,23543,10.2,3.5,18.2,21.2,12.1,13.7,7.5,3.8,1.9,8.0,20.9,39.4,19.2,24.6,48.6,14.2,12.6,40.4,59.6,824,15.2,56.5,1672,100.0,0.0,4480,37.5,25.7,17.5,4.3,67.9,21.6,0.0,32.2,32.3,2022
12086010025,Census Tract 100.25; Miami-Dade County; Florida,57.1,4.3,73.0,0.0,0.6,10.9,36.1,64617,71592,24099,6.6,0.9,10.6,4.0,13.8,21.1,28.1,10.5,1.4,3.1,17.6,22.1,18.1,1.2,31.1,48.2,19.5,75.2,24.8,2146,0.0,92.6,1255,95.7,4.3,4034,40.8,21.5,19.3,16.8,74.7,8.5,0.0,23.7,17.8,2022
12086010026,Census Tract 100.26; Miami-Dade County; Florida,53.3,6.1,75.7,6.0,0.0,11.5,29.8,36322,43278,16468,9.6,1.3,8.8,24.4,29.1,10.3,9.0,7.5,0.0,0.0,39.5,46.1,26.1,3.9,66.9,23.4,5.8,55.9,44.1,2065,13.1,80.9,675,92.3,7.7,2294,46.8,25.0,28.3,21.7,37.9,20.6,0.0,62.1,54.1,2022
12086010193,Census Tract 101.93; Miami-Dade County; Florida,61.4,2.6,81.2,0.0,1.4,9.5,34.8,110667,119891,35711,3.1,0.0,7.4,6.2,3.5,8.6,11.8,32.7,14.3,12.5,15.6,5.4,3.8,0.9,20.5,46.5,32.0,85.7,14.3,2856,11.0,55.0,1521,99.0,1.0,5191,39.4,24.3,17.3,50.5,2.8,32.5,3.9,80.2,45.1,2022
12086010198,Census Tract 101.98; Miami-Dade County; Florida,64.6,5.5,71.2,2.2,0.4,21.2,36.9,136588,160073,46389,3.1,3.6,0.0,0.5,9.9,7.4,6.2,31.7,22.6,15.0,3.9,10.5,7.0,0.0,26.6,39.3,34.1,90.8,9.2,2519,0.0,74.2,1148,97.0,3.0,3995,36.7,31.1,8.8,45.0,6.8,25.2,11.8,65.0,37.6,2022
12086010201,Census Tract 102.01; Miami-Dade County; Florida,58.0,3.1,73.2,1.5,0.0,15.8,46.5,106364,118278,38310,2.9,1.2,4.4,5.3,10.0,11.4,10.9,37.6,3.2,13.2,7.8,13.1,10.5,3.8,22.1,37.1,37.1,94.2,5.8,1417,41.7,58.3,1337,96.6,3.4,4115,45.0,21.8,20.4,45.4,9.7,36.1,1.5,77.3,48.6,2022
12086010205,Census Tract 102.05; Miami-Dade County; Florida,54.3,3.6,82.5,1.7,0.0,6.0,34.9,56581,70135,24316,5.6,3.3,12.1,10.4,16.0,17.5,12.1,16.9,3.3,2.8,10.9,26.1,10.9,4.3,28.6,30.5,36.6,89.2,10.8,1903,9.5,51.4,1461,97.0,3.0,4440,49.5,13.8,26.7,43.9,16.7,25.7,0.5,74.1,54.1,2022
12086010207,Census Tract 102.07; Miami-Dade County; Florida,52.0,12.3,59.8,8.2,1.6,1.9,42.8,28225,44814,19419,8.9,14.0,23.0,10.8,10.7,18.1,9.9,2.7,0.0,2.0,41.7,34.0,20.1,23.8,40.1,31.5,4.6,5.2,94.8,1296,8.6,52.0,1868,92.8,7.2,4106,40.4,23.6,18.8,34.3,22.5,30.4,0.4,72.0,58.2,2022
12086010208,Census Tract 102.08; Miami-Dade County; Florida,58.8,4.4,77.8,2.0,0.0,1.6,33.3,54549,55014,19994,7.0,14.5,5.1,9.4,12.0,26.8,13.5,9.6,1.6,0.5,18.9,43.7,24.0,13.4,43.5,24.5,18.6,38.0,62.0,1283,16.4,44.4,1668,92.0,8.0,4548,42.2,20.7,17.6,40.6,13.4,28.5,5.4,76.1,58.0,2022
12086010209,Census Tract 102.09; Miami-Dade County; Florida,58.1,6.9,72.1,1.7,0.0,9.7,36.9,78176,86111,24503,5.6,8.5,4.0,6.8,11.4,11.2,14.7,28.2,7.0,2.5,14.5,28.9,18.5,6.6,19.7,40.4,33.3,77.8,22.2,1763,29.5,44.3,1708,94.7,5.3,6135,40.0,20.9,12.1,40.4,28.2,24.8,1.4,59.4,44.2,2022
12086010211,Census Tract 102.11; Miami-Dade County; Florida,60.6,8.6,76.4,1.9,0.0,7.5,37.6,63281,69346,23623,5.5,8.8,3.4,13.8,13.0,14.9,19.8,8.6,11.2,0.9,26.6,33.4,21.3,1.0,28.5,40.0,30.5,70.0,30.0,2128,8.3,75.2,1366,100.0,0.0,4169,45.5,16.7,16.6,52.4,6.0,38.2,0.0,82.1,58.2,2022
12086010212,Census Tract 102.12; Miami-Dade County; Florida,72.9,1.8,87.6,0.2,0.0,8.9,30.4,135846,164185,45301,2.2,5.4,1.2,0.0,4.7,5.2,17.0,25.9,15.7,22.6,3.5,5.4,15.3,0.0,20.8,37.8,41.4,91.8,8.2,-666666666,0.0,0.0,863,92.9,7.1,3115,38.0,27.5,7.1,39.3,17.3,42.1,0.0,72.8,32.6,2022
12086010213,Census Tract 102.13; Miami-Dade County; Florida,54.9,11.4,82.3,2.4,1.4,0.0,37.9,42176,56252,19428,18.3,4.0,20.6,3.4,13.1,4.1,15.0,17.3,0.0,4.4,28.7,42.1,30.8,13.6,26.5,27.6,32.3,63.9,36.1,1263,5.4,70.3,1429,96.5,3.5,4222,40.1,15.7,14.7,43.0,24.1,24.6,1.9,71.7,53.4,2022
12086010214,Census Tract 102.14; Miami-Dade County; Florida,52.4,1.3,76.6,2.0,3.4,11.7,43.2,49750,68064,30079,0.0,8.4,22.8,6.3,12.9,12.4,8.6,19.1,9.5,0.0,5.2,19.0,7.5,1.4,48.5,18.5,31.5,77.8,22.2,-666666666,30.6,2.7,698,93.6,6.4,1584,43.0,15.8,29.1,38.0,18.8,23.6,13.8,55.6,58.2,2022
12086010301,Census Tract 103.01; Miami-Dade County; Florida,53.4,9.1,89.6,0.0,0.0,0.0,31.2,97596,112125,33129,5.2,0.0,3.6,4.7,16.7,6.8,14.5,13.5,25.3,9.9,9.8,24.9,20.8,3.6,29.4,29.7,37.4,65.2,34.8,1351,22.1,33.7,915,98.3,1.7,3073,37.8,21.9,17.0,72.4,4.3,20.6,0.4,65.3,39.6,2022
12086010302,Census Tract 103.02; Miami-Dade County; Florida,67.1,1.7,62.1,0.0,0.0,10.1,53.2,93772,113008,31998,0.0,7.5,3.9,4.2,9.3,5.4,23.6,19.7,11.2,15.1,9.4,7.5,26.8,0.6,8.5,32.9,58.0,67.9,32.1,1624,0.0,41.0,883,94.7,5.3,2966,44.7,18.4,14.7,52.9,4.0,22.3,7.5,77.0,53.5,2022
12086010303,Census Tract 103.03; Miami-Dade County; Florida,42.1,2.8,65.3,0.2,2.6,3.9,37.4,83579,146822,51750,14.4,2.8,2.0,5.5,7.0,14.2,13.6,8.5,25.2,6.7,20.0,13.3,17.8,0.0,25.3,45.0,29.6,79.2,20.8,-666666666,0.0,38.7,1289,95.6,4.4,3609,46.8,15.2,16.6,67.5,7.0,22.0,0.0,59.4,30.3,2022
12086010400,Census Tract 104; Miami-Dade County; Florida,70.3,2.2,88.4,0.5,0.0,5.4,43.0,77542,99152,31962,3.2,6.9,3.1,10.3,3.9,21.4,14.6,21.4,3.6,11.5,10.7,36.8,14.4,3.6,34.4,40.5,21.5,60.5,39.5,1492,28.0,53.4,1786,95.1,4.9,5568,39.5,25.6,12.2,51.8,15.2,32.9,0.0,61.8,40.3,2022
12086010501,Census Tract 105.01; Miami-Dade County; Florida,53.0,14.6,71.9,7.9,0.0,2.2,40.5,40904,54832,20494,3.2,16.7,16.1,11.0,12.4,15.4,6.6,15.4,1.6,1.6,28.5,55.5,22.5,17.6,30.8,33.6,18.0,42.8,57.2,833,12.8,53.7,2139,88.1,11.9,5391,39.9,23.1,15.0,28.5,43.1,26.6,0.0,52.2,34.9,2022
12086010502,Census Tract 105.02; Miami-Dade County; Florida,71.4,6.4,72.3,4.0,0.0,11.9,43.1,98056,103246,29097,1.4,2.3,1.1,3.0,4.8,22.7,17.0,26.7,15.0,6.0,6.2,18.7,16.3,0.6,22.7,56.9,19.8,79.1,20.9,2132,0.0,28.0,2854,94.6,5.4,9956,33.5,29.6,6.2,47.3,12.8,36.8,0.2,70.9,43.4,2022
12086010604,Census Tract 106.04; Miami-Dade County; Florida,65.3,7.2,77.8,0.9,0.5,11.9,36.4,98819,116838,39378,6.9,2.5,2.9,7.0,6.8,14.3,11.4,20.5,11.5,16.2,12.6,11.4,11.0,1.4,15.6,53.7,29.3,83.5,16.5,2182,9.1,67.4,1526,96.0,4.0,4471,40.3,21.9,15.4,61.4,9.9,24.0,1.2,49.9,32.5,2022
12086010608,Census Tract 106.08; Miami-Dade County; Florida,68.1,2.2,71.6,2.9,0.0,11.8,39.3,72975,87262,26318,1.8,2.8,5.6,4.1,19.5,19.6,16.3,15.9,7.9,6.4,10.2,19.8,12.3,1.2,21.6,48.7,28.5,68.7,31.3,1936,2.8,60.2,1723,96.6,3.4,5837,38.0,27.2,10.8,56.0,6.0,27.9,0.9,68.7,41.0,2022
12086010609,Census Tract 106.09; Miami-Dade County; Florida,58.1,2.4,82.8,1.3,0.0,5.1,37.9,37824,52310,19897,2.3,11.6,12.3,18.6,16.6,15.7,10.1,10.2,2.7,0.0,19.3,37.6,18.2,15.2,45.6,28.9,10.3,27.0,73.0,1271,2.7,61.9,2172,95.0,5.0,5864,31.7,23.5,15.1,51.0,9.9,35.3,1.3,72.0,50.4,2022
12086010610,Census Tract 106.10; Miami-Dade County; Florida,49.4,7.4,65.2,3.1,0.0,26.4,37.1,89777,117491,37679,4.4,8.9,9.1,3.7,0.7,17.7,9.5,18.7,8.2,19.2,9.4,21.0,5.3,11.3,24.9,38.9,24.9,74.9,25.1,287,19.0,34.9,1487,89.5,10.5,4261,46.9,23.1,32.5,62.1,8.0,24.8,2.9,54.1,38.9,2022
12086010613,Census Tract 106.13; Miami-Dade County; Florida,62.7,0.3,73.2,1.7,0.5,6.4,42.5,57250,80250,33523,1.9,7.6,5.4,22.1,7.3,13.3,13.2,15.4,8.9,4.9,10.8,29.1,11.4,6.5,34.4,50.6,8.5,38.1,61.9,1582,13.5,38.2,2335,93.8,6.2,5574,48.2,16.4,25.5,47.3,4.3,39.7,3.5,72.9,53.2,2022
12086010618,Census Tract 106.18; Miami-Dade County; Florida,65.3,6.9,78.7,2.4,0.0,13.8,40.3,90729,110540,34681,0.0,0.9,8.4,0.0,24.0,13.2,11.9,23.4,4.5,13.8,10.6,30.6,4.4,5.1,22.6,47.4,24.9,60.5,39.5,2506,7.9,67.5,1332,96.0,4.0,4203,44.2,19.7,17.7,59.0,12.2,18.3,0.5,65.7,42.5,2022
12086010619,Census Tract 106.19; Miami-Dade County; Florida,70.8,0.0,63.8,0.5,2.7,19.4,38.4,74868,94848,34160,0.0,0.0,0.0,7.5,24.6,18.0,17.4,8.6,14.6,9.3,12.0,26.1,9.5,0.0,38.0,30.8,31.2,76.2,23.8,1940,9.1,65.1,829,94.3,5.7,2458,39.7,25.1,10.9,43.5,24.1,20.2,2.2,56.6,45.4,2022
12086010620,Census Tract 106.20; Miami-Dade County; Florida,63.9,6.8,78.5,1.7,0.0,14.9,41.8,101611,115619,38466,0.0,2.1,0.0,8.0,20.7,10.3,5.4,29.6,10.3,13.5,1.6,5.4,17.3,0.0,10.0,46.5,43.5,82.9,17.1,2661,0.0,86.2,979,100.0,0.0,2973,36.6,22.2,14.4,43.2,10.0,41.4,0.0,69.0,42.8,2022
12086010621,Census Tract 106.21; Miami-Dade County; Florida,66.3,6.4,63.5,1.2,1.7,7.4,43.6,76845,99343,28797,4.3,1.1,2.9,9.6,6.0,24.9,16.0,20.3,4.7,10.2,13.5,20.0,15.9,0.0,33.4,45.5,21.1,66.4,33.6,1788,0.0,69.2,1317,100.0,0.0,4750,34.5,26.1,7.1,40.3,17.7,33.8,3.2,74.3,43.6,2022
12086010622,Census Tract 106.22; Miami-Dade County; Florida,59.0,5.2,77.3,5.4,1.5,0.0,41.2,62238,73694,21751,5.0,2.3,5.6,3.0,11.0,32.8,19.2,9.8,11.3,0.0,13.3,39.4,15.7,11.8,22.1,53.3,12.9,55.2,44.8,1557,19.4,34.1,1317,95.7,4.3,4432,37.0,30.7,9.3,39.8,34.7,21.0,0.0,58.3,44.6,2022
12086010623,Census Tract 106.23; Miami-Dade County; Florida,58.3,4.5,60.8,0.8,0.0,8.0,40.4,67542,83446,25517,2.1,4.3,0.0,15.2,10.5,23.5,16.3,17.6,7.1,3.3,18.1,26.0,19.3,5.2,18.9,48.7,27.2,73.5,26.5,1851,10.7,47.4,1066,96.4,3.6,3516,35.5,23.2,11.0,52.4,8.9,29.5,3.3,49.1,36.8,2022
12086010624,Census Tract 106.24; Miami-Dade County; Florida,65.4,7.8,79.2,3.0,0.0,7.8,42.6,77455,98257,33201,2.1,1.9,11.0,1.2,12.9,15.2,10.6,30.9,2.7,11.4,7.9,20.6,15.6,7.8,27.2,31.6,33.4,88.8,11.2,-666666666,0.0,52.7,982,100.0,0.0,3056,41.9,12.9,17.5,46.2,3.1,44.3,2.5,67.8,49.4,2022
12086010625,Census Tract 106.25; Miami-Dade County; Florida,69.1,3.6,71.1,1.3,0.0,18.2,39.7,95066,99643,31906,9.2,0.0,0.5,5.2,11.1,11.8,18.2,34.1,3.5,6.5,8.2,8.9,19.7,0.0,26.4,48.1,25.5,59.8,40.2,2103,13.3,32.5,1772,97.9,2.1,5580,34.4,30.3,5.0,40.3,9.2,42.2,0.8,70.7,41.6,2022
12086010626,Census Tract 106.26; Miami-Dade County; Florida,62.4,10.5,83.6,0.0,0.0,10.3,33.6,62083,81646,27457,0.0,4.6,12.8,7.2,11.6,23.1,3.4,24.6,9.6,3.2,16.6,38.1,9.3,3.7,45.3,31.9,19.1,35.8,64.2,1563,4.9,58.3,1244,99.9,0.1,3924,31.7,33.6,11.5,47.3,22.4,27.1,1.5,69.1,39.0,2022
12086010705,Census Tract 107.05; Miami-Dade County; Florida,64.1,4.0,72.0,4.8,0.8,6.6,39.2,59936,97049,28491,3.2,1.2,10.4,5.8,17.9,20.3,14.7,15.8,1.7,9.1,15.6,34.9,13.3,4.6,23.9,43.7,27.8,66.9,33.1,1771,5.9,54.7,1391,100.0,0.0,4795,34.5,32.3,8.5,47.8,21.2,19.2,0.0,78.4,40.4,2022
12086010706,Census Tract 107.06; Miami-Dade County; Florida,62.7,11.7,62.3,1.8,0.0,13.0,38.8,59554,67817,18267,4.9,0.0,9.4,12.7,18.5,5.0,32.9,13.1,2.3,1.1,14.2,33.3,28.1,7.9,22.4,47.6,22.1,42.7,57.3,844,3.1,62.1,892,93.3,6.7,3334,29.6,31.0,6.8,34.9,19.5,41.9,0.0,76.9,47.5,2022
12086010707,Census Tract 107.07; Miami-Dade County; Florida,61.0,7.6,88.5,0.0,0.1,2.7,35.3,56050,67850,18282,7.1,0.0,17.3,6.1,0.0,28.8,19.0,17.9,2.9,0.8,24.0,51.3,9.7,14.5,7.3,38.3,40.0,75.1,24.9,-666666666,0.0,62.8,1031,93.2,6.8,3912,33.5,31.9,12.6,37.8,35.9,25.4,0.0,48.3,36.2,2022
12086010708,Census Tract 107.08; Miami-Dade County; Florida,62.1,4.9,82.4,0.6,0.0,8.1,43.3,60975,84569,26341,9.5,0.0,5.1,11.5,10.8,25.4,6.0,21.1,5.7,4.9,16.0,27.0,15.3,15.5,25.4,30.9,28.1,64.1,35.9,1245,4.0,72.3,1586,98.2,1.8,5414,39.7,22.6,12.2,43.1,22.6,19.9,3.9,69.9,60.0,2022
12086010709,Census Tract 107.09; Miami-Dade County; Florida,67.0,4.3,68.2,2.2,0.0,2.7,36.8,79965,105026,31338,2.4,0.0,0.5,0.0,14.8,15.5,36.1,21.0,4.3,5.5,6.2,12.9,18.0,1.9,16.8,60.8,20.4,90.0,10.0,1882,1.9,91.8,1724,96.8,3.2,5601,33.2,31.6,5.7,43.6,7.0,40.3,1.7,65.8,39.9,2022
12086010710,Census Tract 107.10; Miami-Dade County; Florida,75.0,4.7,74.6,0.0,0.0,7.5,44.9,75748,90621,31641,0.4,1.3,14.5,5.5,5.8,20.7,17.1,17.9,14.6,2.3,3.9,33.6,12.7,1.9,32.5,20.0,45.7,69.4,30.6,1347,0.0,50.5,2300,98.0,2.0,6826,41.8,15.3,14.9,45.0,15.3,32.1,0.2,82.1,56.4,2022
12086010803,Census Tract 108.03; Miami-Dade County; Florida,61.2,10.7,60.9,0.0,0.0,13.9,42.5,36974,50784,17977,16.1,5.6,10.6,14.9,6.1,24.0,1.4,17.5,3.8,0.0,38.5,49.3,19.5,25.9,32.2,37.6,4.3,26.2,73.8,1584,9.7,60.2,1179,91.1,8.9,3131,23.6,38.7,6.0,36.4,47.6,10.7,0.0,46.9,26.7,2022
12086010804,Census Tract 108.04; Miami-Dade County; Florida,58.8,12.7,60.7,2.7,2.3,14.4,38.7,55885,64967,21266,2.9,2.6,23.1,8.6,11.4,17.6,20.5,11.3,0.7,1.4,29.9,33.1,26.8,8.4,51.9,23.2,16.4,18.8,81.2,1477,1.9,52.1,2412,94.2,5.8,7232,30.5,31.4,6.7,45.2,27.8,20.5,0.8,61.3,48.1,2022
12086010805,Census Tract 108.05; Miami-Dade County; Florida,55.1,6.8,74.2,3.8,0.0,11.7,31.9,33799,44442,15924,7.6,4.1,14.3,35.2,15.9,10.2,7.2,1.9,0.4,3.0,27.7,44.4,17.6,8.7,54.6,23.5,13.2,28.8,71.2,1556,3.1,78.0,1909,97.3,2.7,5535,27.3,30.9,7.5,63.3,11.4,11.8,2.5,82.3,34.9,2022
12086010806,Census Tract 108.06; Miami-Dade County; Florida,52.2,5.7,75.1,3.0,0.0,9.7,39.7,44846,59403,17788,14.0,1.8,6.4,15.3,15.4,17.3,14.6,9.1,1.8,4.2,30.7,34.5,23.1,10.3,25.9,42.1,21.7,49.3,50.7,1770,9.9,55.4,1377,94.7,5.3,4726,32.3,37.7,8.5,37.7,33.4,17.6,1.4,63.2,43.5,2022
12086010900,Census Tract 109; Miami-Dade County; Florida,59.1,7.9,75.4,2.7,0.6,1.5,31.8,35525,54077,18349,6.2,9.2,9.0,23.6,18.2,15.3,6.5,8.0,1.6,2.5,25.2,56.3,25.8,3.3,44.6,37.4,14.8,20.7,79.3,1311,6.9,58.3,2222,96.8,3.2,6894,34.7,27.6,8.2,48.4,10.3,29.5,0.1,85.5,54.0,2022
12086011003,Census Tract 110.03; Miami-Dade County; Florida,58.6,2.5,77.4,2.6,0.0,6.5,36.2,70313,81514,23433,5.4,3.3,12.4,7.2,6.8,19.6,14.5,14.1,11.4,5.3,10.9,39.1,28.9,9.3,14.9,39.2,36.6,78.0,22.0,1819,10.6,21.6,1276,93.9,6.1,4591,40.7,21.3,16.5,72.2,6.0,20.0,0.0,90.2,50.6,2022
12086011008,Census Tract 110.08; Miami-Dade County; Florida,68.5,6.3,83.8,3.6,0.0,4.8,40.3,79417,86571,26824,6.9,0.0,1.7,6.4,10.8,20.9,16.9,26.8,4.6,5.0,9.4,25.0,13.3,0.8,19.4,68.3,11.5,65.1,34.9,2037,4.1,58.2,1455,95.8,4.2,4802,32.5,33.5,6.7,43.0,22.2,27.3,3.0,63.3,34.7,2022
12086011009,Census Tract 110.09; Miami-Dade County; Florida,58.3,9.2,78.1,2.3,0.0,7.6,38.7,71875,80689,26875,6.8,2.1,7.3,9.2,8.8,19.4,10.4,25.8,5.2,5.1,13.0,20.1,13.6,7.4,30.8,47.8,14.0,55.8,44.2,1784,5.8,41.0,2328,98.8,1.2,6932,33.1,29.0,7.0,54.0,20.4,18.8,1.1,53.9,34.4,2022
12086011010,Census Tract 110.10; Miami-Dade County; Florida,56.5,8.5,69.9,2.4,1.5,2.5,35.0,37235,42303,16345,6.3,16.7,12.5,8.2,26.9,17.4,4.7,6.6,0.6,0.3,16.6,53.8,18.3,25.4,38.2,30.6,5.8,10.9,89.1,1193,22.8,49.8,1974,96.4,3.6,5228,33.7,26.6,14.9,42.2,29.7,19.8,0.0,64.8,45.5,2022
12086011011,Census Tract 110.11; Miami-Dade County; Florida,60.2,5.4,70.7,3.5,0.0,0.7,41.6,45189,55548,18395,7.6,6.5,16.5,2.6,20.7,19.9,14.2,5.5,6.5,0.0,26.5,37.8,17.7,1.6,39.3,39.6,19.5,46.9,53.1,1096,9.3,39.0,1320,95.3,4.7,4059,37.3,22.6,11.7,59.6,19.7,15.4,0.0,79.0,51.3,2022
12086011012,Census Tract 110.12; Miami-Dade County; Florida,56.3,9.1,86.8,0.3,0.0,7.7,36.5,50417,66453,20670,7.2,7.5,5.0,17.0,12.5,24.5,5.0,10.6,7.0,3.6,28.3,44.5,22.8,3.9,22.7,33.1,40.3,86.1,13.9,1852,0.0,84.7,672,95.2,4.8,2268,38.5,22.1,16.6,45.8,13.2,25.5,0.0,75.0,47.9,2022
12086011013,Census Tract 110.13; Miami-Dade County; Florida,64.2,3.5,55.6,0.0,0.0,19.7,29.7,66597,74448,20907,4.3,4.7,9.9,10.2,2.8,23.9,15.1,20.9,3.1,5.1,13.2,24.3,18.1,1.7,21.2,37.8,39.2,82.2,17.8,1699,28.5,54.2,1024,95.6,4.4,3716,37.7,28.4,9.4,52.5,6.8,37.8,0.0,85.9,52.7,2022
12086011014,Census Tract 110.14; Miami-Dade County; Florida,55.1,9.9,75.1,1.0,0.0,8.5,34.0,87917,93411,32053,2.7,7.7,2.9,6.7,5.3,16.2,14.1,30.3,3.6,10.3,12.8,15.3,10.2,4.9,39.9,46.2,9.0,63.9,36.1,1900,4.2,60.9,1520,98.7,1.3,4569,35.9,27.7,13.1,52.3,20.0,22.3,1.6,55.9,29.4,2022
12086011015,Census Tract 110.15; Miami-Dade County; Florida,72.0,2.6,79.6,5.5,0.2,6.6,35.8,100556,101808,29363,0.9,0.4,3.5,1.3,14.6,14.5,14.1,34.7,14.8,1.2,2.1,10.4,5.7,0.0,27.1,43.7,29.2,82.9,17.1,2179,0.0,61.7,3158,93.5,6.5,10301,30.1,34.1,7.9,40.9,32.4,20.4,0.2,55.7,32.6,2022
12086011103,Census Tract 111.03; Miami-Dade County; Florida,70.6,0.0,82.2,1.5,0.0,4.3,31.3,39347,43312,16665,8.6,6.6,7.6,14.2,32.0,14.2,15.2,1.6,0.0,0.0,17.3,35.9,7.7,1.6,38.9,49.7,9.7,22.2,77.8,1502,1.2,82.2,1168,94.1,5.9,3106,32.5,28.7,6.1,68.1,26.0,4.3,0.0,73.8,40.7,2022
12086011104,Census Tract 111.04; Miami-Dade County; Florida,61.0,0.0,52.0,2.6,3.2,5.4,32.8,24700,38735,11891,9.7,9.1,32.3,8.2,11.1,13.7,10.7,4.1,0.0,1.1,40.7,51.8,45.5,26.2,31.4,38.9,3.4,18.2,81.8,1246,0.0,66.9,1621,93.1,6.9,5483,27.0,39.0,3.0,24.8,13.0,30.3,0.0,86.5,48.9,2022
12086011105,Census Tract 111.05; Miami-Dade County; Florida,62.1,4.8,67.7,0.3,0.1,16.8,38.3,138750,139529,39936,6.4,1.5,4.1,5.1,2.4,9.5,4.4,26.5,14.1,26.0,7.5,13.3,11.9,3.1,17.9,23.9,55.1,92.0,8.0,1686,0.0,62.3,1128,98.4,1.6,4116,35.5,25.1,10.7,73.3,5.4,18.7,0.0,70.6,30.0,2022
12086011106,Census Tract 111.06; Miami-Dade County; Florida,71.7,0.0,76.4,0.0,0.0,3.2,42.1,76846,99836,25956,0.8,1.3,22.3,7.7,2.6,8.9,20.6,10.4,11.9,13.5,24.3,32.5,22.2,2.5,24.6,31.4,41.5,67.6,32.4,1729,23.4,56.4,1016,97.5,2.5,4194,34.2,29.2,10.3,29.1,3.2,46.6,1.0,83.7,35.1,2022
12086011203,Census Tract 112.03; Miami-Dade County; Florida,60.3,2.0,56.7,0.1,0.0,0.8,36.2,30462,39451,10021,4.3,2.3,40.4,13.6,9.4,18.1,7.2,4.4,0.2,0.0,51.3,38.1,44.7,14.3,45.3,28.7,11.7,22.2,77.8,1542,13.7,63.7,1820,91.4,8.6,7174,25.5,44.5,5.5,54.1,6.2,17.9,0.0,91.1,49.4,2022
12086011204,Census Tract 112.04; Miami-Dade County; Florida,60.6,2.5,71.2,0.0,0.0,13.0,39.6,94107,104485,34030,0.0,0.0,10.0,4.2,19.1,7.3,10.2,24.8,20.2,4.2,5.8,8.0,20.7,1.4,25.0,49.5,24.1,92.3,7.7,1800,0.0,100.0,648,100.0,0.0,1984,38.0,22.2,16.2,89.5,0.1,9.1,0.0,66.7,30.3,2022
12086011205,Census Tract 112.05; Miami-Dade County; Florida,54.2,5.2,72.8,0.0,0.0,1.4,34.3,49637,52500,16225,9.3,6.3,8.7,10.1,16.0,29.9,4.6,14.3,0.0,0.7,28.4,23.9,20.4,7.2,34.2,36.0,22.7,64.8,35.2,873,8.1,47.3,1171,97.6,2.4,3882,29.1,32.3,6.1,49.0,27.9,21.3,0.0,52.2,28.1,2022
12086011206,Census Tract 112.06; Miami-Dade County; Florida,72.0,2.0,73.9,0.0,0.2,10.5,38.4,96295,109763,29168,0.0,0.0,5.5,1.3,9.3,10.7,25.5,23.4,16.4,7.8,4.9,11.5,19.8,1.1,14.9,38.9,45.1,87.5,12.5,1433,0.0,14.3,910,90.0,10.0,3150,33.2,31.1,12.6,55.2,0.7,36.2,4.4,73.8,24.1,2022
12086011301,Census Tract 113.01; Miami-Dade County; Florida,43.1,17.0,43.4,2.7,3.7,0.0,51.3,19583,36509,11631,38.6,9.4,10.8,7.9,3.7,11.2,6.5,10.5,1.4,0.0,45.8,68.3,39.3,11.7,67.7,10.1,10.5,12.5,87.5,1134,7.6,71.1,1411,92.0,8.0,4005,31.0,26.0,6.2,29.0,52.9,15.0,0.0,46.7,47.9,2022
12086011302,Census Tract 113.02; Miami-Dade County; Florida,39.3,12.3,61.1,3.8,1.2,2.6,37.5,27877,35798,10930,23.6,7.0,9.9,21.8,12.7,12.5,8.0,4.5,0.0,0.0,44.2,45.6,36.0,28.6,33.9,22.2,15.3,23.2,76.8,1184,9.1,71.8,1830,97.8,2.2,6696,26.9,34.6,8.9,36.6,37.8,14.5,0.0,56.1,33.2,2022
12086011405,Census Tract 114.05; Miami-Dade County; Florida,53.1,0.0,76.3,0.0,0.0,0.8,31.9,48168,68596,22566,7.8,14.9,11.2,8.9,10.9,13.0,10.5,8.3,2.8,11.6,27.3,59.6,36.5,10.5,42.9,33.9,12.7,32.9,67.1,1049,16.3,24.9,1190,96.7,3.3,3585,29.3,27.4,19.6,25.1,44.5,10.2,0.0,55.7,35.5,2022
12086011406,Census Tract 114.06; Miami-Dade County; Florida,51.7,2.7,89.0,3.3,1.5,1.1,41.6,51699,57463,17856,10.3,5.0,2.1,7.2,18.6,32.7,15.9,3.9,4.2,0.0,23.5,25.2,29.0,3.5,25.0,31.9,39.7,58.8,41.2,1401,0.0,64.5,993,90.3,9.7,3063,34.8,29.8,13.3,59.9,9.5,15.5,0.5,65.1,41.9,2022
12086011407,Census Tract 114.07; Miami-Dade County; Florida,54.4,9.3,75.2,1.1,0.0,9.8,32.1,51369,65243,16644,1.5,2.7,8.0,18.2,18.2,13.1,20.7,12.4,4.2,0.9,22.4,35.6,26.0,1.4,30.5,47.4,20.6,51.5,48.5,1623,10.4,56.9,960,94.9,5.1,3944,28.7,34.7,11.0,36.6,34.1,14.7,0.0,57.2,34.7,2022
12086011408,Census Tract 114.08; Miami-Dade County; Florida,23.3,7.5,85.5,0.0,1.1,0.0,21.7,36034,41210,6591,1.4,0.0,21.0,10.7,44.6,15.7,0.0,6.4,0.0,0.0,29.8,42.5,27.5,3.9,58.2,29.8,8.2,3.3,96.7,920,50.1,10.5,749,93.3,6.7,5405,31.6,31.0,7.6,37.7,18.2,40.2,0.1,71.0,27.8,2022
12086011409,Census Tract 114.09; Miami-Dade County; Florida,49.0,12.7,83.2,0.0,0.0,6.3,34.0,52530,67946,20618,4.6,7.6,14.7,0.0,18.1,20.5,11.0,20.6,0.8,2.1,23.6,26.6,21.4,6.1,41.8,42.9,9.2,41.2,58.8,1681,7.6,61.4,1958,92.8,7.2,6187,28.8,37.3,8.7,40.3,24.2,25.7,0.0,65.6,34.5,2022
12086011410,Census Tract 114.10; Miami-Dade County; Florida,70.3,4.2,84.1,0.0,0.0,1.9,40.6,87248,107114,37257,1.5,3.7,2.6,4.3,0.0,21.0,40.3,15.2,6.0,5.4,8.6,6.6,18.7,0.6,31.9,49.0,18.6,52.9,47.1,1819,22.7,8.9,1577,82.4,17.6,3881,36.3,25.6,7.3,57.2,16.3,19.5,0.0,46.5,33.0,2022
12086011411,Census Tract 114.11; Miami-Dade County; Florida,55.6,0.8,68.5,3.5,0.0,14.7,29.1,66330,92984,28963,1.2,0.0,0.7,6.6,12.2,34.3,10.6,2.1,27.5,4.8,2.1,13.1,0.2,0.0,24.3,49.9,25.7,71.8,28.2,2397,0.0,83.4,809,89.9,10.1,2530,38.0,30.3,13.8,47.4,8.7,42.0,0.0,77.7,23.6,2022
12086011412,Census Tract 114.12; Miami-Dade County; Florida,75.1,0.0,81.4,3.2,1.0,2.1,49.3,61290,71199,25756,1.8,6.7,2.2,5.4,7.4,39.5,22.1,5.7,9.2,0.0,10.2,19.7,10.6,0.7,33.3,56.1,9.8,38.6,61.4,1696,11.4,57.9,2837,94.5,5.5,7618,34.6,30.1,1.8,44.5,26.3,26.0,0.5,57.3,27.1,2022
12086011500,Census Tract 115; Miami-Dade County; Florida,60.8,0.4,81.3,0.6,0.5,7.1,43.1,101452,102220,34329,7.6,0.0,4.3,2.8,3.2,5.7,12.9,46.9,12.5,4.2,7.9,15.1,15.9,1.5,10.8,39.4,48.3,84.7,15.3,2063,6.9,77.1,2080,87.8,12.2,5644,40.5,20.0,15.4,52.3,10.1,25.9,1.7,72.3,46.5,2022
12086011601,Census Tract 116.01; Miami-Dade County; Florida,57.5,15.4,69.7,0.0,1.6,20.0,31.3,93221,97858,31418,8.5,3.0,1.4,6.5,7.8,9.0,19.0,22.7,10.2,11.9,13.2,18.5,20.9,5.9,42.4,41.4,10.2,64.6,35.4,1761,0.0,29.6,1186,97.9,2.1,3734,42.4,24.6,21.0,29.1,12.2,45.6,0.0,78.6,71.9,2022
12086011602,Census Tract 116.02; Miami-Dade County; Florida,82.0,3.4,75.3,0.0,0.0,6.1,29.7,83092,87223,33062,4.9,0.0,2.1,10.2,13.1,17.3,12.2,31.1,8.4,0.8,6.5,21.5,10.0,2.3,42.5,39.5,15.6,28.8,71.2,2039,3.4,54.1,1562,93.1,6.9,4022,36.2,26.9,5.0,31.0,9.5,42.5,0.4,87.5,64.4,2022
12086011701,Census Tract 117.01; Miami-Dade County; Florida,61.8,1.4,89.3,3.8,0.0,5.2,86.6,80667,83794,30548,0.0,0.0,7.2,2.4,17.8,14.6,28.4,18.3,11.3,0.0,4.8,12.6,22.0,0.0,5.7,69.6,24.7,100.0,0.0,-666666666,-666666666.0,-666666666.0,634,93.8,6.2,1781,53.3,10.6,27.1,25.8,9.7,44.9,0.0,86.6,62.0,2022
12086011702,Census Tract 117.02; Miami-Dade County; Florida,63.4,2.8,79.0,0.5,1.0,6.2,31.9,43763,50590,21426,11.0,3.1,12.1,13.3,21.0,18.1,11.7,8.9,0.0,0.8,10.4,30.7,12.7,15.4,41.6,38.7,4.3,19.1,80.9,1427,12.4,58.1,1882,98.2,1.8,4645,39.1,23.2,15.8,40.2,7.8,30.4,0.0,84.7,58.5,2022
12086011800,Census Tract 118; Miami-Dade County; Florida,53.4,1.3,83.1,1.2,3.1,3.2,30.4,81587,98461,30628,1.1,0.0,9.0,6.4,6.0,13.5,16.2,31.9,10.0,6.0,6.3,39.0,16.9,0.0,15.8,41.6,42.7,90.6,9.4,2308,12.7,48.0,1110,97.7,2.3,3521,49.4,13.3,23.7,31.7,16.4,36.3,3.9,74.1,49.7,2022
12086011900,Census Tract 119; Miami-Dade County; Florida,69.9,4.3,76.1,0.0,0.4,11.6,34.0,82147,107140,37111,3.1,3.3,3.8,6.4,7.0,21.8,10.5,22.1,11.5,10.4,9.5,17.0,13.0,2.7,22.5,38.3,36.5,77.0,23.0,1863,2.5,56.1,2085,94.0,6.0,5785,43.0,20.9,13.7,43.6,8.6,35.7,0.0,83.4,48.8,2022
12086012001,Census Tract 120.01; Miami-Dade County; Florida,72.1,8.3,75.6,0.0,0.0,11.2,35.7,44101,61098,28063,6.0,5.2,9.2,19.8,16.5,16.8,14.8,5.3,0.0,6.4,29.0,10.5,28.2,3.5,42.0,48.0,6.5,6.1,93.9,1758,15.2,57.5,1410,98.2,1.8,3074,35.5,15.6,3.6,39.3,16.9,30.9,0.0,70.8,76.0,2022
12086012002,Census Tract 120.02; Miami-Dade County; Florida,63.7,3.3,80.9,3.1,0.0,4.2,31.9,42540,53756,22597,2.8,4.0,8.8,22.9,18.4,18.2,12.6,10.1,2.2,0.0,17.7,39.8,15.0,7.7,53.2,36.4,2.7,17.1,82.9,1565,7.4,59.9,2557,90.9,9.1,5660,39.8,18.1,10.2,50.7,9.1,19.1,1.0,88.1,68.0,2022
12086012101,Census Tract 121.01; Miami-Dade County; Florida,80.5,1.9,84.1,0.0,0.0,6.2,32.9,71181,77001,32499,1.0,4.2,9.3,4.6,5.4,31.8,19.8,14.4,9.4,0.0,19.7,20.9,12.0,3.2,35.7,57.0,4.1,70.8,29.2,2131,14.2,55.2,1271,98.4,1.6,2987,41.4,17.8,8.9,39.0,0.0,52.8,0.0,95.3,72.3,2022
12086012102,Census Tract 121.02; Miami-Dade County; Florida,75.4,2.0,77.4,0.8,0.0,4.6,30.3,67917,78553,29616,7.1,4.4,7.2,2.2,8.3,24.4,19.1,13.9,12.1,1.3,14.4,19.6,14.7,8.1,18.4,62.9,10.6,25.4,74.6,1574,14.8,40.5,1858,98.9,1.1,4986,39.6,20.0,10.6,47.1,6.6,39.8,0.0,86.2,68.2,2022
12086012103,Census Tract 121.03; Miami-Dade County; Florida,76.0,4.8,81.9,2.3,0.0,14.4,34.3,75687,89437,35354,1.9,0.0,3.8,6.8,5.5,27.6,29.4,10.9,0.0,14.1,5.7,5.6,26.7,0.0,32.0,59.8,8.2,46.0,54.0,1542,32.6,30.6,1337,97.4,2.6,3602,41.0,22.4,3.9,42.2,2.2,26.6,0.0,88.2,60.5,2022
12086012104,Census Tract 121.04; Miami-Dade County; Florida,58.2,10.2,80.4,0.0,0.0,19.6,31.5,45636,57079,16755,0.0,0.0,2.3,32.9,29.5,19.1,2.0,11.4,0.5,2.3,24.4,37.1,10.6,0.9,52.9,41.4,4.8,27.0,73.0,1843,11.7,72.1,560,100.0,0.0,2331,19.5,47.8,6.2,55.9,25.6,16.6,0.0,64.4,32.0,2022
12086012105,Census Tract 121.05; Miami-Dade County; Florida,65.0,3.9,87.8,0.0,0.0,6.4,29.4,72259,85895,27259,13.1,6.1,0.0,4.5,8.9,29.8,7.4,19.1,0.0,11.0,20.2,20.0,6.5,2.7,26.9,53.8,16.5,52.2,47.8,1837,32.3,31.4,951,100.0,0.0,3059,43.0,21.0,9.9,57.3,6.3,29.4,0.0,95.6,64.3,2022
12086012200,Census Tract 122; Miami-Dade County; Florida,62.4,4.8,79.4,0.0,0.1,8.4,31.8,92714,110847,33187,3.0,0.7,5.0,6.2,10.0,16.0,12.0,23.7,9.9,13.5,9.8,16.5,13.1,2.0,9.8,51.1,37.1,91.3,8.7,2579,0.0,80.5,1581,96.5,3.5,5303,43.0,23.2,22.6,63.9,0.1,26.6,0.0,84.9,44.9,2022
12086012301,Census Tract 123.01; Miami-Dade County; Florida,61.1,4.1,65.6,2.6,0.0,9.3,37.1,68673,96442,29155,1.5,3.5,3.7,4.0,8.2,38.2,7.6,14.4,10.8,8.0,15.8,11.2,13.9,2.9,9.6,53.2,34.2,77.0,23.0,2450,0.0,77.7,763,98.0,2.0,2608,44.6,22.0,18.4,50.2,12.5,18.4,3.4,77.3,62.1,2022
12086012302,Census Tract 123.02; Miami-Dade County; Florida,64.7,3.2,82.1,2.3,0.0,10.5,34.0,79694,90162,29444,5.7,4.9,1.3,11.8,8.1,12.5,17.6,21.2,13.0,3.8,11.3,25.1,4.4,6.3,17.6,45.1,31.0,80.6,19.4,2607,6.8,81.8,1276,100.0,0.0,4256,43.4,20.7,14.2,41.6,3.4,44.7,1.1,85.1,55.1,2022
12086012401,Census Tract 124.01; Miami-Dade County; Florida,67.3,7.4,86.8,0.0,0.6,1.7,31.3,93340,113620,29915,0.0,2.1,3.6,0.8,4.1,29.3,13.6,20.9,16.5,9.1,5.6,25.0,12.9,0.0,23.9,27.4,48.7,75.3,24.7,2340,0.0,71.3,1371,100.0,0.0,5375,41.7,20.8,14.0,55.7,2.0,35.9,1.3,90.8,52.6,2022
12086012402,Census Tract 124.02; Miami-Dade County; Florida,75.4,2.6,67.9,1.3,0.0,18.1,35.4,152548,151515,42107,0.0,0.6,4.7,3.2,1.6,2.3,16.0,21.4,25.8,24.3,0.8,7.3,3.1,1.2,8.9,46.6,43.3,96.9,3.1,-666666666,0.0,44.8,942,100.0,0.0,3475,40.1,24.8,8.3,53.6,1.0,36.0,0.8,90.1,42.3,2022
12086012403,Census Tract 124.03; Miami-Dade County; Florida,67.6,6.6,76.7,0.0,0.0,10.3,42.1,120811,147429,47007,0.0,3.0,8.5,14.0,11.1,6.6,1.1,15.7,12.9,27.1,19.1,14.0,6.4,10.7,17.9,43.2,28.2,91.5,8.5,-666666666,0.0,100.0,542,100.0,0.0,1725,46.7,22.4,13.1,43.7,6.0,47.7,0.0,84.5,56.7,2022
12086012501,Census Tract 125.01; Miami-Dade County; Florida,65.3,0.0,75.0,0.0,0.0,14.5,27.8,115919,138641,42054,0.0,0.0,5.2,12.0,5.2,8.7,5.7,25.0,15.3,23.0,7.1,18.0,4.8,0.0,10.3,54.7,35.0,93.6,6.4,-666666666,0.0,100.0,543,100.0,0.0,1851,46.7,15.2,14.2,57.1,0.0,38.4,0.0,96.2,64.9,2022
12086012502,Census Tract 125.02; Miami-Dade County; Florida,59.6,2.9,78.1,1.2,0.0,13.7,33.6,74154,87984,24838,3.9,0.6,0.8,11.5,10.4,24.6,9.2,28.8,6.2,4.0,15.9,36.8,14.3,1.9,17.6,47.6,32.9,87.1,12.9,1484,17.5,82.5,1266,100.0,0.0,4602,45.2,15.5,18.7,44.3,0.6,49.9,0.0,97.0,75.2,2022
12086012601,Census Tract 126.01; Miami-Dade County; Florida,71.2,0.0,82.9,0.0,0.0,5.8,32.0,68101,73247,25813,0.0,7.5,3.3,6.5,13.7,33.2,12.1,15.3,6.5,1.7,13.2,25.2,7.8,0.5,21.9,56.7,20.9,62.9,37.1,1983,16.2,46.5,1062,100.0,0.0,3102,39.6,22.4,12.6,54.8,0.7,44.3,0.2,97.5,64.5,2022
12086012602,Census Tract 126.02; Miami-Dade County; Florida,65.1,5.3,80.9,1.6,0.0,11.7,40.0,95353,116631,32727,0.7,0.0,10.6,3.4,7.7,13.0,26.3,18.5,5.9,13.9,10.1,40.7,11.4,3.8,13.8,47.3,35.1,60.5,39.5,1878,35.7,17.1,1054,98.2,1.8,3828,42.9,21.5,15.2,37.6,0.2,56.0,0.0,96.7,65.6,2022
12086012701,Census Tract 127.01; Miami-Dade County; Florida,72.4,2.0,71.6,0.3,0.0,18.4,42.5,121250,129974,40434,0.4,1.9,3.9,4.6,7.0,7.1,12.5,30.3,13.6,18.7,4.7,8.9,5.4,5.8,13.8,55.2,25.2,84.9,15.1,2505,18.3,47.4,3691,92.0,8.0,11186,35.4,22.0,11.9,40.5,1.3,45.6,4.9,87.9,57.8,2022
12086012702,Census Tract 127.02; Miami-Dade County; Florida,64.2,1.1,79.3,0.0,0.0,11.7,34.1,107644,168760,55244,0.0,3.0,0.0,6.5,7.6,19.3,11.7,10.3,15.4,26.2,4.1,6.4,5.4,0.0,26.7,34.2,39.1,93.5,6.5,-666666666,0.0,40.7,1369,97.1,2.9,4164,47.5,22.1,19.8,53.3,5.0,35.8,0.0,87.6,51.8,2022
12086012801,Census Tract 128.01; Miami-Dade County; Florida,55.9,5.9,83.5,0.0,0.0,11.8,27.6,84333,99266,32476,5.7,0.6,3.4,7.1,11.8,11.3,19.8,21.6,7.6,11.2,4.0,20.7,13.6,1.8,26.4,35.2,36.6,95.4,4.6,-666666666,0.0,0.0,1394,95.5,4.5,4067,46.2,21.4,17.4,56.3,0.1,26.1,0.0,96.8,48.7,2022
12086012802,Census Tract 128.02; Miami-Dade County; Florida,70.1,1.4,69.9,2.5,0.0,14.9,28.6,101563,125208,47117,1.8,0.9,0.7,5.9,9.3,14.9,12.0,29.5,14.3,10.6,1.7,6.6,6.5,1.9,34.6,51.4,12.0,59.7,40.3,2380,26.4,32.6,1246,100.0,0.0,3321,39.8,25.4,14.7,53.8,1.9,38.3,0.0,89.4,45.6,2022
12086012900,Census Tract 129; Miami-Dade County; Florida,68.9,4.4,75.1,0.8,1.5,15.5,25.1,58313,68453,26026,2.0,7.8,7.1,11.7,14.0,21.7,16.2,11.5,6.3,1.8,13.3,38.1,9.5,0.9,32.5,39.0,27.6,53.0,47.0,1763,14.0,45.4,1630,94.2,5.8,4208,46.2,14.0,14.7,58.5,0.0,35.0,0.0,96.9,80.6,2022
12086013000,Census Tract 130; Miami-Dade County; Florida,64.0,2.1,79.8,0.0,0.5,9.5,30.5,66063,82465,28163,3.2,2.7,10.8,3.9,17.5,17.2,17.6,14.8,9.7,2.6,15.5,33.5,10.1,4.8,31.5,37.2,26.6,70.2,29.8,1778,21.1,46.0,1440,99.1,0.9,4348,47.3,15.3,20.5,48.3,0.3,44.1,0.4,97.6,75.2,2022
12086013100,Census Tract 131; Miami-Dade County; Florida,69.5,1.9,82.2,0.2,0.6,10.1,28.4,57068,70696,24372,3.4,1.3,12.2,9.4,17.4,19.6,13.4,14.6,5.2,3.4,17.2,43.0,12.3,5.7,28.3,47.0,18.9,42.0,58.0,1733,10.2,56.2,1808,98.0,2.0,5346,41.9,20.0,15.2,54.3,0.5,36.8,0.4,93.9,72.3,2022
12086013201,Census Tract 132.01; Miami-Dade County; Florida,69.6,2.4,86.1,0.0,1.3,8.5,28.8,77121,88427,28947,0.6,8.7,5.6,7.7,12.5,11.0,19.8,21.2,11.0,2.0,11.3,31.9,11.2,2.4,24.3,33.0,40.3,72.1,27.9,2023,0.0,31.2,720,98.9,1.1,2362,46.6,15.7,20.9,53.9,0.3,41.7,0.0,96.1,71.7,2022
12086013202,Census Tract 132.02; Miami-Dade County; Florida,67.9,4.1,83.1,0.0,0.0,10.9,32.0,99583,103320,30139,4.7,3.9,3.5,8.7,7.0,7.6,14.7,27.7,18.4,3.7,7.5,34.6,10.7,4.5,17.1,28.6,49.7,85.5,14.5,1836,0.0,31.6,1010,98.3,1.7,3499,48.8,11.2,18.9,55.1,0.1,38.7,0.0,98.7,80.0,2022
12086013301,Census Tract 133.01; Miami-Dade County; Florida,66.8,3.5,71.9,1.2,0.0,21.7,34.5,63938,70218,27524,1.7,4.2,10.6,3.7,10.5,40.2,11.7,8.6,8.8,0.0,16.2,24.2,9.9,4.1,33.7,40.9,21.3,67.4,32.6,1769,7.1,72.8,988,97.3,2.7,2754,49.8,15.8,17.5,44.4,0.5,47.3,0.0,98.0,75.6,2022
12086013302,Census Tract 133.02; Miami-Dade County; Florida,69.1,2.5,80.9,0.0,0.2,4.2,25.7,61979,70953,23341,6.6,7.5,2.9,8.4,16.7,18.4,13.3,21.4,2.9,2.0,14.2,34.7,13.3,5.5,28.0,52.7,13.8,40.0,60.0,1778,9.0,50.9,1001,100.0,0.0,3166,38.3,27.2,11.7,52.9,0.0,35.7,0.0,93.5,63.8,2022
12086013400,Census Tract 134; Miami-Dade County; Florida,58.4,6.1,78.0,1.6,2.2,12.9,31.9,38367,64960,23373,9.8,5.8,12.0,17.8,14.0,6.1,11.4,14.9,6.5,1.7,24.0,44.4,13.1,8.4,35.3,36.7,19.6,57.8,42.2,1781,6.8,62.2,1752,97.0,3.0,5032,43.4,21.3,18.3,49.8,3.5,38.5,1.0,92.4,66.3,2022
12086013500,Census Tract 135; Miami-Dade County; Florida,51.3,4.7,67.0,1.5,0.4,14.2,25.7,39831,49840,16842,14.1,8.1,7.4,14.5,13.0,24.2,10.7,3.3,3.9,0.7,23.8,49.0,14.6,10.0,41.9,43.1,5.0,29.4,70.6,1582,9.4,53.1,1832,95.5,4.5,5434,44.0,19.8,12.6,53.9,0.8,31.8,1.3,96.4,78.0,2022
12086013600,Census Tract 136; Miami-Dade County; Florida,66.1,5.5,68.0,1.9,1.8,14.9,26.1,44688,62521,22843,0.9,7.8,10.9,18.5,14.4,13.6,19.2,11.1,1.5,1.9,10.6,45.9,18.9,7.1,32.3,39.4,21.2,40.6,59.4,1617,13.1,49.7,2071,97.1,2.9,5857,42.2,19.2,13.7,38.5,0.0,51.4,2.8,95.4,78.6,2022
12086013700,Census Tract 137; Miami-Dade County; Florida,60.1,2.9,67.4,0.7,1.7,13.0,27.1,41081,48957,19018,1.2,10.4,18.6,14.5,17.2,18.9,10.7,6.2,2.3,0.0,18.3,47.1,18.6,9.6,37.8,44.5,8.1,45.2,54.8,1536,6.1,59.8,2278,97.8,2.2,6199,39.4,18.6,19.0,44.0,2.6,43.7,0.0,96.5,75.7,2022
12086013801,Census Tract 138.01; Miami-Dade County; Florida,60.2,7.0,88.8,0.0,0.0,2.8,27.8,49483,61496,20480,10.8,2.9,19.3,7.9,10.0,16.3,20.4,5.3,0.0,7.1,14.3,48.8,15.4,10.0,28.0,44.7,17.3,52.7,47.3,1791,0.0,48.6,699,94.1,5.9,2096,37.5,17.6,10.7,52.5,4.9,34.6,0.0,94.0,68.4,2022
12086013802,Census Tract 138.02; Miami-Dade County; Florida,53.4,1.9,65.3,2.3,4.4,10.6,27.4,-666666666,103692,37117,1.3,6.4,23.2,21.9,6.0,15.9,12.8,2.0,5.6,4.9,22.0,65.7,22.4,10.8,54.5,33.1,1.6,16.6,83.4,1462,7.5,49.7,1738,100.0,0.0,4961,44.5,22.5,15.4,46.1,0.3,52.5,0.0,100.0,79.0,2022
12086013900,Census Tract 139; Miami-Dade County; Florida,67.1,4.1,87.6,0.5,0.0,6.1,31.5,60066,73448,24783,2.1,3.6,2.9,7.5,20.1,26.5,22.8,3.5,6.8,4.3,10.7,20.8,16.2,0.0,19.6,56.2,24.3,66.4,33.6,1855,17.8,64.5,1431,98.3,1.7,4278,48.5,17.8,17.7,48.4,0.2,42.7,0.0,95.9,64.2,2022
12086014100,Census Tract 141; Miami-Dade County; Florida,2.8,0.0,75.6,0.0,0.0,0.0,-999999999.0,160333,123865,3825,0.0,0.0,19.2,0.0,0.0,0.0,0.0,23.1,57.7,0.0,17.7,0.0,0.0,0.0,0.0,57.7,42.3,42.3,57.7,-666666666,0.0,0.0,26,100.0,0.0,1876,39.9,2.7,9.9,34.6,40.5,24.1,0.3,49.8,31.8,2022
12086014200,Census Tract 142; Miami-Dade County; Florida,63.8,1.2,86.4,1.1,0.2,2.8,32.2,116591,133081,44206,0.5,1.5,2.2,4.9,9.1,11.2,8.1,24.2,16.6,21.6,2.2,18.3,6.1,0.6,18.3,45.9,35.2,91.0,9.0,2663,7.9,13.5,1530,98.0,2.0,4521,50.7,13.7,19.3,57.0,1.5,39.0,0.0,92.3,66.3,2022
12086014300,Census Tract 143; Miami-Dade County; Florida,62.1,2.8,79.1,0.2,0.0,9.5,36.0,88750,104572,36807,9.7,2.3,8.5,3.6,5.0,12.6,11.9,22.1,11.2,13.1,11.7,10.9,11.1,1.2,27.3,38.8,32.7,90.8,9.2,2640,0.0,62.1,1153,97.5,2.5,3289,48.6,13.1,21.6,56.4,0.4,36.9,0.1,92.9,66.2,2022
12086014400,Census Tract 144; Miami-Dade County; Florida,65.5,2.7,84.2,1.2,0.1,7.0,35.4,77276,94311,29586,1.1,0.7,18.2,1.5,7.0,19.1,15.9,20.5,8.9,7.1,15.4,11.5,18.5,0.8,23.6,52.9,22.7,66.7,33.3,2164,1.7,84.3,1505,98.5,1.5,4873,38.7,18.6,13.2,49.0,3.6,43.6,0.6,90.9,60.8,2022
12086014500,Census Tract 145; Miami-Dade County; Florida,61.3,0.8,75.1,0.0,0.0,8.6,31.8,90293,125572,40807,2.9,2.5,3.2,4.8,8.5,16.2,19.7,16.3,10.3,15.5,6.6,17.4,3.7,2.0,24.8,42.9,30.3,92.0,8.0,1802,0.0,48.1,1361,97.4,2.6,4350,48.2,15.7,24.5,57.9,0.5,38.9,1.8,86.2,61.5,2022
12086014601,Census Tract 146.01; Miami-Dade County; Florida,67.8,0.0,89.0,1.1,0.6,0.0,24.8,41646,51636,24754,10.3,4.5,21.3,6.7,14.4,6.3,26.4,9.3,0.0,0.8,21.2,19.4,16.7,2.4,63.4,23.9,10.3,31.9,68.1,1716,4.5,58.9,1453,94.8,5.2,3136,41.5,15.7,18.0,57.2,1.4,31.0,0.0,94.1,83.0,2022
12086014602,Census Tract 146.02; Miami-Dade County; Florida,62.4,2.3,72.4,0.1,0.0,11.8,36.8,49970,77805,31150,3.6,2.5,3.8,23.4,16.9,10.0,21.9,6.7,7.4,3.8,6.3,17.2,9.6,0.9,48.3,28.1,22.8,59.3,40.7,2075,8.5,73.3,1537,97.5,2.5,4143,48.6,13.4,23.7,55.4,0.2,42.0,0.0,97.3,82.2,2022
12086014701,Census Tract 147.01; Miami-Dade County; Florida,66.1,0.0,83.2,0.0,0.0,0.0,32.2,54940,57126,23223,2.1,27.2,2.7,1.8,13.7,17.6,21.2,12.1,0.0,1.7,17.9,15.6,5.2,23.2,36.2,19.6,21.0,40.2,59.8,1647,12.1,64.9,876,92.8,7.2,2092,37.0,17.0,19.0,42.0,1.3,45.1,1.2,94.5,76.1,2022
12086014702,Census Tract 147.02; Miami-Dade County; Florida,67.7,1.7,84.2,0.0,0.0,5.5,37.7,70423,97369,36653,4.7,10.0,1.1,7.2,15.0,16.0,5.6,20.2,9.6,10.7,9.4,10.8,11.9,0.0,27.2,52.4,20.4,72.0,28.0,1843,0.0,74.1,1526,93.0,7.0,3907,51.9,15.2,21.8,54.9,0.0,40.8,0.0,94.9,61.6,2022
12086014800,Census Tract 148; Miami-Dade County; Florida,55.3,10.2,85.7,1.5,0.0,6.5,31.1,45930,57267,19789,15.2,11.8,6.0,10.4,13.0,14.4,9.4,16.2,2.9,0.6,26.2,46.0,15.8,5.7,22.3,39.5,32.4,57.3,42.7,1500,7.3,57.6,1972,96.1,3.9,5867,46.4,13.7,21.8,59.6,1.4,36.5,0.0,92.5,75.1,2022
12086014900,Census Tract 149; Miami-Dade County; Florida,58.5,3.6,82.3,1.3,0.3,10.7,36.5,81389,88630,28907,3.0,4.1,9.3,8.6,8.0,12.9,24.5,15.3,6.0,8.2,12.1,26.4,13.1,2.0,27.4,30.7,39.9,79.1,20.9,2352,6.7,68.0,1697,99.7,0.3,5386,46.4,16.9,25.5,57.9,0.1,37.0,0.0,91.1,62.3,2022
12086015001,Census Tract 150.01; Miami-Dade County; Florida,59.2,3.3,79.2,0.7,0.7,5.7,39.1,72313,115954,38619,0.7,4.3,6.5,5.5,12.5,21.3,12.0,15.6,15.8,5.8,4.6,23.1,9.2,3.7,21.8,48.2,26.2,87.7,12.3,2341,0.0,67.4,1499,100.0,0.0,5002,51.0,11.5,29.2,59.6,2.8,35.5,0.0,96.2,74.4,2022
12086015002,Census Tract 150.02; Miami-Dade County; Florida,63.1,5.5,76.7,0.0,0.0,14.4,31.7,96953,128380,34268,0.0,1.5,7.9,6.7,5.8,10.8,20.1,14.4,6.6,26.2,13.5,18.4,6.2,1.4,20.0,35.9,42.6,70.6,29.4,2709,0.0,68.7,1335,94.7,5.3,4922,39.1,23.0,17.0,54.3,0.2,39.3,0.0,94.1,63.8,2022
12086015101,Census Tract 151.01; Miami-Dade County; Florida,67.0,0.9,85.1,0.0,0.3,11.7,38.8,126213,128634,41213,11.8,0.0,0.0,0.0,5.1,10.0,10.3,31.5,17.8,13.4,4.9,6.6,7.3,0.0,30.3,32.0,37.7,73.1,26.9,2347,0.0,100.0,1401,100.0,0.0,4619,41.3,19.7,8.6,62.0,0.4,24.3,1.5,87.6,58.1,2022
12086015102,Census Tract 151.02; Miami-Dade County; Florida,65.9,4.5,77.0,0.0,0.0,10.6,39.4,104647,124562,38136,2.2,0.0,0.6,3.9,4.6,0.0,32.1,29.1,14.7,12.7,3.9,21.3,4.4,0.0,26.5,41.1,32.3,95.7,4.3,-666666666,0.0,0.0,863,100.0,0.0,2940,42.0,25.3,18.3,70.0,0.1,22.2,0.5,83.3,51.4,2022
12086015103,Census Tract 151.03; Miami-Dade County; Florida,54.6,0.0,72.7,0.0,0.8,8.4,30.5,166250,156399,41887,7.5,0.0,0.0,0.0,9.8,17.2,10.8,4.3,12.5,37.9,14.6,15.8,8.7,0.0,7.1,43.9,49.0,70.9,29.1,3078,0.0,20.5,996,97.0,3.0,3790,45.2,18.8,10.3,58.0,0.1,34.8,5.0,73.6,57.2,2022
12086015201,Census Tract 152.01; Miami-Dade County; Florida,75.7,1.1,73.5,0.1,0.0,9.5,40.4,103846,122172,37776,1.9,0.0,5.4,0.8,9.8,13.2,18.2,26.3,4.4,20.1,1.2,15.7,1.7,0.0,20.2,39.8,40.0,63.1,36.9,2666,8.1,35.3,959,99.3,0.7,3121,40.7,25.7,11.5,50.1,2.1,37.4,2.2,85.2,48.2,2022
12086015202,Census Tract 152.02; Miami-Dade County; Florida,61.3,1.6,86.4,0.0,0.0,5.4,42.8,85625,110106,31957,1.7,6.9,4.7,5.5,8.1,14.9,16.5,12.3,16.4,13.0,10.8,24.7,16.9,1.2,23.1,50.3,25.4,63.9,36.1,2046,4.1,53.7,1226,100.0,0.0,4201,38.2,27.9,12.5,60.4,0.4,30.3,0.0,79.8,49.6,2022
12086015300,Census Tract 153; Miami-Dade County; Florida,61.6,3.6,80.8,0.4,0.0,14.3,36.8,110500,134938,41846,6.4,1.1,0.7,7.3,4.1,11.5,15.2,24.4,7.5,21.6,7.3,14.1,3.0,2.1,15.3,43.0,39.6,83.3,16.7,2830,18.0,47.8,1945,99.3,0.7,6643,42.4,19.1,16.2,61.7,0.0,30.8,0.0,96.5,46.2,2022
12086015400,Census Tract 154; Miami-Dade County; Florida,58.8,3.8,88.6,0.0,0.0,5.9,38.5,84697,131011,42574,2.9,2.0,3.9,11.0,3.8,19.0,13.3,15.4,9.8,18.9,9.9,17.8,9.6,5.7,14.7,44.0,35.6,92.9,7.1,2322,18.7,54.5,1798,96.7,3.3,5666,43.9,17.4,20.3,58.5,0.7,38.0,0.0,90.8,61.2,2022
12086015501,Census Tract 155.01; Miami-Dade County; Florida,49.0,8.5,86.9,0.0,0.0,3.0,30.5,46964,79650,29022,3.1,1.4,16.0,13.1,17.2,17.8,7.4,16.3,1.0,6.7,12.9,20.2,8.0,11.2,32.1,32.3,24.5,90.5,9.5,1392,0.0,100.0,979,97.8,2.2,2684,48.8,19.5,33.9,52.1,0.5,42.7,0.0,89.5,49.4,2022
12086015502,Census Tract 155.02; Miami-Dade County; Florida,63.0,3.3,87.3,0.9,0.8,6.7,31.5,86250,99846,33775,3.8,5.0,1.7,9.5,12.5,15.0,8.5,27.2,9.6,7.2,7.3,16.2,4.9,7.3,14.5,30.2,48.1,82.6,17.4,2616,0.0,60.6,985,96.5,3.5,2937,48.7,9.9,21.9,66.3,0.0,31.6,0.3,91.7,67.9,2022
12086015600,Census Tract 156; Miami-Dade County; Florida,63.3,6.1,74.4,1.8,0.0,14.5,35.1,77596,115730,39750,2.9,0.0,5.8,3.6,9.5,25.5,20.1,13.4,10.6,8.6,9.8,15.3,8.5,2.0,19.4,59.6,19.0,74.5,25.5,2144,0.8,57.3,1709,95.1,4.9,4624,36.9,20.2,13.7,71.7,2.5,22.8,0.1,68.8,43.4,2022
12086015700,Census Tract 157; Miami-Dade County; Florida,53.0,3.5,84.2,0.0,3.3,5.5,25.7,114191,160880,51616,8.0,1.0,1.6,5.8,0.0,20.1,2.7,14.6,21.3,24.7,13.9,7.2,4.5,1.5,9.2,53.1,36.2,81.7,18.3,3501,13.7,68.4,725,92.6,7.4,2221,53.4,18.1,29.4,61.6,0.9,34.8,1.3,78.7,55.2,2022
12086015800,Census Tract 158; Miami-Dade County; Florida,58.3,4.7,89.2,0.4,0.8,5.1,33.8,62634,76728,26817,1.2,2.7,6.2,7.9,17.2,22.8,14.2,20.4,4.7,2.7,2.5,21.6,12.6,1.3,25.7,45.1,27.9,69.7,30.3,1774,21.8,53.5,1649,100.0,0.0,4896,49.8,13.6,25.2,58.4,0.3,35.2,1.2,91.5,69.8,2022
12086015900,Census Tract 159; Miami-Dade County; Florida,58.7,6.0,87.3,0.2,0.4,6.5,33.8,68207,100520,36380,2.3,1.0,7.2,10.6,14.7,19.5,6.8,20.5,10.4,7.0,8.2,18.9,17.5,1.7,30.4,39.7,28.2,76.4,23.6,2128,48.7,33.1,1096,100.0,0.0,3153,54.7,11.9,25.3,54.0,0.1,44.8,0.0,91.4,68.7,2022
12086016000,Census Tract 160; Miami-Dade County; Florida,61.4,1.4,81.3,0.4,0.4,8.6,37.0,70508,83817,32735,0.7,4.0,8.5,14.6,6.9,18.7,12.8,23.0,7.0,3.7,11.0,19.0,5.4,0.4,39.3,36.8,23.5,76.7,23.3,1837,21.5,41.2,1651,97.6,2.4,4331,50.3,13.0,29.0,51.9,0.5,37.2,6.7,82.3,67.7,2022
12086016100,Census Tract 161; Miami-Dade County; Florida,60.7,4.6,67.4,0.0,0.5,17.6,38.1,96786,100644,36802,1.7,1.8,6.1,15.5,5.7,15.2,4.2,30.9,10.5,8.4,4.6,19.1,6.0,5.1,16.7,55.4,22.8,94.1,5.9,2668,0.0,36.0,1545,98.1,1.9,4245,55.8,12.9,26.4,65.9,0.3,24.8,4.3,87.0,69.5,2022
12086016200,Census Tract 162; Miami-Dade County; Florida,62.5,2.1,79.4,2.0,0.1,10.8,43.6,80966,103485,40489,1.5,6.1,9.3,3.4,11.5,14.3,8.0,23.2,5.1,17.6,7.3,16.8,4.3,5.9,29.2,48.4,16.6,90.7,9.3,2281,0.0,93.3,1186,94.7,5.3,3012,51.4,14.4,25.7,54.5,1.8,35.3,2.5,83.0,61.0,2022
12086016300,Census Tract 163; Miami-Dade County; Florida,57.0,4.1,73.2,1.2,0.0,11.8,39.3,97566,106269,33151,0.0,3.8,8.6,3.8,4.8,23.5,6.8,23.0,17.2,8.6,13.8,17.4,11.1,0.4,17.2,45.3,37.1,92.8,7.2,3362,11.1,40.4,1536,96.7,3.3,4622,46.4,19.8,24.1,56.3,3.8,27.7,0.5,87.9,55.5,2022
12086016401,Census Tract 164.01; Miami-Dade County; Florida,64.5,2.0,90.0,0.7,0.0,7.9,37.1,145938,137370,41973,2.6,3.2,1.0,0.0,5.8,11.7,8.9,17.2,37.7,11.9,7.6,6.7,1.7,0.0,21.7,44.9,33.5,91.1,8.9,2754,0.0,72.7,1461,98.6,1.4,4652,42.3,22.1,16.7,53.7,0.2,38.6,3.7,82.6,57.1,2022
12086016402,Census Tract 164.02; Miami-Dade County; Florida,56.4,0.5,86.0,0.0,0.0,8.9,36.8,96375,104398,29414,9.0,6.0,0.0,4.3,6.3,14.2,11.0,25.5,15.0,8.9,10.0,12.7,5.4,1.1,10.8,50.5,37.6,91.1,8.9,2793,0.0,79.3,655,100.0,0.0,2390,41.1,27.4,17.0,61.9,1.1,34.1,2.9,89.2,51.4,2022
12086016501,Census Tract 165.01; Miami-Dade County; Florida,52.6,5.7,85.0,1.3,0.0,3.0,32.2,104229,117436,32739,11.4,1.9,3.7,8.8,0.0,9.6,11.1,19.2,14.4,19.9,29.8,11.8,14.9,9.4,4.9,51.7,34.1,80.9,19.1,2438,0.0,0.0,939,100.0,0.0,3522,45.6,13.8,16.3,48.9,0.8,47.4,1.9,82.7,53.6,2022
12086016502,Census Tract 165.02; Miami-Dade County; Florida,65.9,2.3,94.6,0.0,0.5,0.0,42.0,137917,137768,39164,4.3,0.0,0.7,2.9,2.1,8.1,16.8,21.7,27.4,15.8,6.2,4.1,5.6,0.0,5.3,62.7,32.0,82.3,17.7,2363,0.0,50.4,1502,100.0,0.0,5417,37.8,25.5,8.5,58.9,8.4,24.9,3.8,81.0,47.0,2022
12086016600,Census Tract 166; Miami-Dade County; Florida,67.8,1.3,78.1,1.7,0.5,8.2,34.1,69290,79345,32139,2.9,3.4,8.6,4.2,4.6,38.6,12.4,18.7,4.6,2.1,8.8,9.6,5.4,2.9,36.9,36.2,24.1,88.5,11.5,1754,0.0,26.7,1417,98.7,1.3,3652,49.8,11.4,20.2,45.6,5.8,44.9,0.0,92.3,75.5,2022
12086016700,Census Tract 167; Miami-Dade County; Florida,59.9,3.2,87.0,0.6,0.6,5.3,44.6,90083,92274,28843,3.5,2.4,5.2,2.3,13.2,10.3,19.9,29.7,10.4,3.2,9.0,9.3,13.1,0.0,21.6,39.1,39.2,77.3,22.7,2581,36.3,25.3,1376,98.4,1.6,4539,48.4,16.4,21.0,50.3,0.4,41.3,1.7,91.3,62.7,2022
12086016800,Census Tract 168; Miami-Dade County; Florida,54.7,4.9,91.1,0.0,0.0,5.7,30.7,56304,88029,29837,11.4,3.1,7.4,3.1,16.0,20.9,4.2,15.0,7.7,11.2,13.3,26.0,8.3,1.0,38.7,36.3,24.0,80.4,19.6,1915,4.2,74.3,1268,95.4,4.6,3796,45.4,13.7,23.2,51.2,0.0,46.8,0.6,91.7,56.3,2022
12086016900,Census Tract 169; Miami-Dade County; Florida,56.2,6.7,78.6,1.1,0.0,5.3,38.0,60114,61726,24639,4.5,6.4,6.6,15.1,11.9,30.4,12.0,10.0,0.8,2.3,11.7,24.6,10.7,3.4,48.4,36.0,12.2,61.4,38.6,1734,2.5,67.5,1841,97.9,2.1,4558,45.8,18.5,24.6,54.0,2.2,38.5,0.0,90.9,70.5,2022
12086017000,Census Tract 170; Miami-Dade County; Florida,56.7,5.0,88.6,2.3,0.0,0.6,29.8,56865,75922,30377,10.3,4.2,5.0,8.1,10.6,24.9,13.1,13.7,4.5,5.6,14.1,15.4,16.1,2.2,31.9,48.6,17.3,67.4,32.6,1873,9.0,56.2,1945,94.9,5.1,4768,50.2,14.1,26.1,44.9,1.2,51.2,0.3,92.4,72.8,2022
12086017101,Census Tract 171.01; Miami-Dade County; Florida,59.1,3.3,93.0,3.1,0.0,3.9,36.2,53325,64249,27096,14.4,0.0,10.9,7.8,10.4,19.8,17.1,12.6,4.2,2.8,16.8,11.4,8.6,0.0,41.2,48.3,10.5,53.9,46.1,1677,7.3,60.0,1483,100.0,0.0,3747,43.9,16.6,18.2,61.3,1.9,31.4,0.0,88.5,67.7,2022
12086017102,Census Tract 171.02; Miami-Dade County; Florida,66.0,1.2,87.3,0.0,0.0,5.6,25.5,98155,93119,32129,11.4,0.0,7.5,0.7,7.7,14.7,15.0,30.5,9.6,3.0,8.7,12.9,8.2,1.3,21.5,70.0,7.1,55.0,45.0,1746,0.0,49.1,918,97.8,2.2,2799,39.5,21.7,12.2,56.9,1.9,37.6,0.2,73.2,51.1,2022
12086017200,Census Tract 172; Miami-Dade County; Florida,51.0,4.0,72.3,2.1,0.0,16.7,33.1,78828,92065,33713,24.4,1.2,3.6,4.3,4.5,10.6,12.9,15.4,11.1,11.9,13.2,12.5,5.2,1.2,32.1,38.3,28.5,82.0,18.0,2758,19.2,25.0,1326,98.0,2.0,3732,51.1,16.2,31.7,54.2,4.9,40.6,0.0,84.8,58.8,2022
12086017300,Census Tract 173; Miami-Dade County; Florida,61.6,0.8,83.9,1.3,0.9,6.9,29.2,41078,71460,31070,9.8,4.4,6.1,19.6,16.0,8.9,7.4,19.4,3.7,4.7,12.9,17.3,13.8,3.7,40.2,33.0,23.0,53.8,46.2,1713,0.0,71.6,1680,96.9,3.1,4014,52.4,7.9,23.7,44.8,5.7,37.2,2.2,76.8,66.2,2022
12086017401,Census Tract 174.01; Miami-Dade County; Florida,35.2,22.8,88.0,0.0,0.0,1.0,38.7,63783,90013,28359,3.1,5.3,2.0,13.2,16.3,22.3,0.9,19.0,8.4,9.5,3.2,5.3,3.0,1.3,25.6,47.5,25.6,90.7,9.3,-666666666,0.0,23.8,470,96.4,3.6,1510,47.4,19.5,21.0,59.4,0.0,38.5,0.0,66.8,44.8,2022
12086017402,Census Tract 174.02; Miami-Dade County; Florida,57.3,4.4,74.7,0.0,0.7,5.1,37.0,78413,75253,29891,3.2,16.6,12.7,2.1,4.2,8.9,24.5,19.5,3.5,4.6,17.0,23.0,10.4,0.8,42.5,39.7,16.9,52.1,47.9,1483,6.1,33.8,2029,94.8,5.2,4891,48.3,14.5,22.1,57.0,0.6,38.7,0.3,86.9,58.3,2022
12086017500,Census Tract 175; Miami-Dade County; Florida,63.1,1.5,85.0,0.0,0.0,6.8,36.2,40481,57990,25166,5.0,10.0,16.0,15.0,12.1,20.7,6.1,7.6,5.5,2.0,17.4,40.5,10.5,19.8,41.8,31.5,6.9,23.5,76.5,1218,7.8,59.7,1443,95.1,4.9,3592,40.1,18.1,20.8,43.3,0.9,53.2,0.0,93.9,72.1,2022
12086017600,Census Tract 176; Miami-Dade County; Florida,67.4,3.6,90.0,2.7,0.0,3.5,35.1,55262,70046,28850,2.8,10.7,9.4,8.5,15.4,17.3,15.8,9.4,7.4,3.2,16.0,22.7,12.1,3.9,34.4,50.0,11.7,31.0,69.0,1796,2.2,61.5,2707,94.8,5.2,6789,37.1,16.9,12.1,50.7,0.9,38.2,5.2,86.9,71.9,2022
12086017700,Census Tract 177; Miami-Dade County; Florida,61.9,1.6,84.7,4.3,0.9,3.5,35.2,64571,70548,25653,4.8,2.5,13.6,10.2,8.1,21.8,10.6,22.8,4.2,1.5,14.3,26.6,10.3,6.3,32.4,48.6,12.8,41.9,58.1,1524,7.1,47.3,1665,96.1,3.9,4602,44.5,12.0,13.9,49.2,1.1,47.4,0.2,91.1,69.4,2022
12086017800,Census Tract 178; Miami-Dade County; Florida,63.1,4.0,86.3,3.3,2.5,3.2,36.7,53992,62975,24346,4.9,5.0,19.6,5.0,13.5,23.0,11.1,10.7,2.4,4.8,21.9,31.7,17.4,4.3,47.7,42.1,5.9,30.8,69.2,1591,12.2,53.7,2238,96.8,3.2,5907,44.0,17.7,18.6,51.3,0.0,45.6,0.0,95.2,77.2,2022
12086017901,Census Tract 179.01; Miami-Dade County; Florida,62.4,1.8,76.8,1.2,1.5,11.3,42.2,103750,109616,33633,6.3,4.8,1.2,1.9,6.7,15.7,8.6,22.8,24.1,7.9,4.0,15.0,4.9,3.6,22.2,35.4,38.8,89.4,10.6,2446,0.0,88.0,1205,98.1,1.9,3958,44.1,22.4,15.2,59.4,1.6,25.7,2.3,86.9,54.1,2022
12086017902,Census Tract 179.02; Miami-Dade County; Florida,65.9,2.2,77.1,2.2,0.0,10.0,35.0,116651,124179,39014,6.4,0.0,1.3,4.8,4.2,1.4,16.0,41.0,14.2,10.7,9.1,5.9,8.4,0.0,18.9,38.4,42.7,96.6,3.4,-666666666,0.0,78.3,1381,99.0,1.0,4669,48.2,16.0,19.2,51.8,2.5,32.7,4.0,81.4,51.0,2022
12086018001,Census Tract 180.01; Miami-Dade County; Florida,68.0,4.8,86.7,0.0,0.0,7.0,34.8,112345,130449,45519,0.0,2.9,0.0,0.0,4.2,8.0,10.5,39.7,18.7,16.0,2.0,18.3,13.1,0.0,22.1,63.4,14.5,98.7,1.3,-666666666,0.0,0.0,569,92.1,7.9,1529,44.4,23.0,11.2,67.9,0.0,24.7,0.0,89.2,41.4,2022
12086018002,Census Tract 180.02; Miami-Dade County; Florida,60.6,2.9,84.7,0.8,0.0,3.2,41.7,109412,124093,39128,3.2,0.9,0.9,2.9,5.6,20.6,14.3,14.6,24.9,12.2,9.9,8.0,10.6,0.0,12.6,64.8,22.6,77.1,22.9,2335,0.0,48.1,807,99.6,0.4,2602,41.7,20.5,13.0,48.5,8.1,32.1,1.9,82.9,46.5,2022
12086018003,Census Tract 180.03; Miami-Dade County; Florida,58.9,2.1,74.2,1.6,1.2,8.1,41.0,86869,102550,30841,6.7,0.0,3.9,11.4,8.9,14.1,16.2,20.8,4.8,13.2,19.5,13.8,7.9,0.5,32.3,48.4,18.7,47.4,52.6,2170,20.9,53.8,2519,97.9,2.1,8306,35.7,27.9,10.9,46.6,5.4,36.0,0.0,84.0,57.4,2022
12086018100,Census Tract 181; Miami-Dade County; Florida,53.8,4.4,83.4,1.9,1.5,3.4,41.4,51917,69426,26126,3.0,4.8,16.5,14.9,6.8,20.2,10.6,9.9,10.1,3.2,13.1,19.2,12.6,2.6,39.4,37.0,21.0,63.9,36.1,1762,1.7,72.1,1744,100.0,0.0,4814,44.8,17.0,20.7,48.0,0.6,34.9,1.0,89.1,62.3,2022
12086018200,Census Tract 182; Miami-Dade County; Florida,58.6,4.7,84.9,3.0,0.0,7.3,36.2,81471,90652,28361,3.7,3.2,0.0,11.5,6.5,19.7,24.9,17.8,7.4,5.3,10.1,25.8,15.6,3.3,34.3,38.2,24.2,61.8,38.2,1756,11.7,58.9,844,99.1,0.9,2815,41.7,22.5,16.4,54.0,4.0,27.1,1.8,87.2,65.8,2022
12086018300,Census Tract 183; Miami-Dade County; Florida,65.9,5.1,78.2,2.7,0.0,8.0,40.6,72857,93639,30346,5.5,1.7,3.3,9.5,9.6,21.2,14.6,21.3,6.1,7.1,6.3,15.8,14.1,2.3,25.2,43.9,28.6,73.2,26.8,2111,5.8,76.9,1380,98.0,2.0,4367,44.9,16.2,16.3,49.4,4.6,28.8,0.3,78.7,62.9,2022
12086018400,Census Tract 184; Miami-Dade County; Florida,64.0,4.2,76.3,2.5,0.0,5.3,37.8,57118,76955,32446,4.5,2.9,2.0,6.3,27.4,20.5,12.1,16.0,3.9,4.5,11.7,20.0,6.4,5.1,48.4,33.9,12.6,43.9,56.1,1769,17.8,55.4,1682,91.7,8.3,3754,41.3,17.2,16.5,43.6,2.7,41.6,1.7,74.8,56.8,2022
12086018500,Census Tract 185; Miami-Dade County; Florida,63.3,3.8,81.0,2.3,0.5,8.1,34.9,71458,94975,34830,3.8,1.6,14.0,7.4,11.1,12.9,12.1,16.1,12.2,8.8,11.6,9.5,15.7,6.6,39.7,32.2,21.5,41.4,58.6,1945,7.9,53.9,1818,99.0,1.0,4824,39.9,21.1,13.7,46.2,5.0,27.1,3.7,70.9,50.9,2022
12086018601,Census Tract 186.01; Miami-Dade County; Florida,62.3,0.5,90.6,0.0,0.0,6.9,27.2,76250,89250,28214,1.7,3.2,0.6,23.1,6.1,15.3,11.3,18.5,14.2,6.0,20.8,6.9,14.8,0.4,32.1,36.7,30.8,63.3,36.7,2458,0.0,83.4,1262,100.0,0.0,4418,36.9,28.0,8.2,41.6,14.9,39.7,0.0,77.0,60.9,2022
12086018602,Census Tract 186.02; Miami-Dade County; Florida,61.5,4.4,77.2,2.2,0.2,9.6,33.5,77597,88304,28601,1.6,4.8,3.9,1.7,11.6,23.4,18.5,26.3,4.3,3.9,4.7,20.3,14.3,4.9,22.5,47.0,25.6,64.7,35.3,1911,22.1,53.8,1287,92.5,7.5,3864,45.5,12.0,20.2,65.0,1.7,28.3,0.4,90.6,70.3,2022
12086018700,Census Tract 187; Miami-Dade County; Florida,54.8,4.3,71.0,0.0,0.0,15.8,31.2,80338,103429,31325,5.6,0.0,2.0,6.6,14.3,10.2,21.6,11.1,20.2,8.5,10.3,6.9,7.7,0.8,27.5,26.6,45.1,89.4,10.6,2585,0.0,100.0,1278,100.0,0.0,4391,46.9,19.2,21.2,47.5,0.8,34.9,5.8,81.0,52.2,2022
12086018801,Census Tract 188.01; Miami-Dade County; Florida,61.6,0.0,78.9,0.4,0.0,7.5,33.7,118750,117148,35037,6.1,0.0,1.9,8.9,9.3,8.0,11.2,28.9,13.6,12.3,7.1,9.1,2.1,0.0,21.2,39.2,39.7,73.1,26.9,1878,0.0,47.2,829,95.2,4.8,2729,49.5,20.6,28.6,69.0,3.0,24.7,2.5,56.0,45.8,2022
12086018802,Census Tract 188.02; Miami-Dade County; Florida,64.0,5.1,80.1,1.1,0.0,0.0,28.4,61653,79447,32495,11.5,2.1,0.0,9.7,17.5,14.2,15.1,11.3,14.0,4.6,12.3,8.7,8.6,0.9,39.7,50.8,8.6,23.1,76.9,1806,0.4,55.5,1069,97.0,3.0,2654,42.9,19.1,20.5,65.4,4.7,26.1,1.6,67.7,61.7,2022
12086018803,Census Tract 188.03; Miami-Dade County; Florida,64.2,1.3,88.9,3.6,0.0,5.9,28.9,78929,82209,27321,8.4,2.8,6.9,8.3,11.2,10.8,12.8,20.8,16.1,1.9,19.7,6.7,19.3,2.5,25.1,59.6,12.8,64.2,35.8,1786,1.0,56.5,1297,95.3,4.7,3654,33.5,28.4,9.7,68.4,0.8,16.7,2.0,60.9,41.5,2022
12086018901,Census Tract 189.01; Miami-Dade County; Florida,69.8,5.5,75.7,1.9,0.0,10.4,29.5,100142,95048,34033,2.1,3.1,2.5,8.1,3.8,16.2,13.5,36.8,11.8,1.9,2.4,14.0,16.8,3.4,29.2,52.3,15.1,82.6,17.4,1963,11.8,26.5,1123,95.5,4.5,3091,37.4,24.9,14.6,63.2,11.4,12.2,0.0,49.0,35.1,2022
12086018902,Census Tract 189.02; Miami-Dade County; Florida,60.7,1.1,82.2,2.8,0.0,7.1,29.5,93229,117728,38650,1.4,0.0,5.9,8.4,11.5,14.7,11.8,13.5,7.4,25.3,6.0,2.1,7.3,0.0,17.0,59.7,23.3,94.4,5.6,-666666666,0.0,100.0,1081,100.0,0.0,3357,47.3,22.1,21.3,50.8,1.2,27.4,11.2,63.9,51.7,2022
12086019000,Census Tract 190; Miami-Dade County; Florida,61.9,3.5,79.0,2.7,0.0,10.7,30.9,78585,95101,35707,9.5,0.9,4.8,4.5,14.0,15.3,13.9,14.2,15.5,7.5,11.0,8.4,12.4,0.6,28.1,44.9,26.4,78.7,21.3,2174,11.7,32.5,2111,98.4,1.6,5686,43.7,18.0,18.5,51.3,4.1,39.4,2.5,77.3,55.9,2022
12086019100,Census Tract 191; Miami-Dade County; Florida,57.6,0.0,78.9,0.0,0.0,11.4,27.4,61382,86122,37689,8.9,9.0,11.7,11.0,4.1,10.0,16.0,14.0,3.1,12.1,13.0,9.9,7.4,7.5,46.9,34.4,11.1,51.1,48.9,1796,0.0,52.0,2314,97.9,2.1,5364,50.5,14.8,27.8,52.4,1.0,36.1,0.0,79.1,56.8,2022
12086019200,Census Tract 192; Miami-Dade County; Florida,65.0,2.2,82.8,0.2,0.2,11.1,28.5,82361,96901,32890,4.8,4.7,5.0,6.4,5.8,15.2,13.5,25.0,14.8,4.9,12.6,9.5,9.0,3.7,29.4,44.1,22.8,79.5,20.5,1880,10.1,42.0,1743,97.2,2.8,5210,39.7,24.2,15.6,63.4,1.3,30.0,3.5,59.1,43.1,2022
12086019301,Census Tract 193.01; Miami-Dade County; Florida,58.8,2.1,79.1,0.0,0.0,8.7,33.9,79448,84811,26506,2.2,3.3,10.7,0.0,10.8,19.2,26.7,13.0,6.5,7.7,16.8,8.0,11.0,2.1,30.9,58.3,8.7,63.5,36.5,2118,6.4,61.1,952,90.4,9.6,2955,31.7,24.7,5.8,43.9,16.9,27.4,4.1,57.4,39.1,2022
12086019302,Census Tract 193.02; Miami-Dade County; Florida,66.9,2.3,73.2,1.6,2.4,10.7,32.7,79766,99224,34602,5.8,4.4,3.4,2.5,9.9,20.2,18.3,10.5,17.8,7.2,7.8,7.7,6.4,0.4,35.0,34.3,30.3,62.0,38.0,1976,7.2,55.6,1789,94.5,5.5,5024,37.4,19.0,12.6,43.2,12.1,30.0,7.3,60.3,49.3,2022
12086019401,Census Tract 194.01; Miami-Dade County; Florida,65.2,1.4,68.5,0.4,1.2,22.2,31.3,108074,125728,41183,1.9,0.0,0.0,2.5,11.4,11.0,16.2,32.3,16.3,8.4,0.6,5.3,5.5,0.0,29.6,58.7,11.7,76.0,24.0,3195,0.0,70.1,891,100.0,0.0,2693,44.9,23.5,20.3,59.7,1.4,23.2,3.1,60.0,48.1,2022
12086019402,Census Tract 194.02; Miami-Dade County; Florida,67.0,5.8,80.6,1.1,2.0,8.3,28.4,85476,103023,30790,5.6,0.0,5.5,9.2,6.4,19.4,16.0,11.9,13.7,12.2,19.6,5.6,8.4,0.8,18.4,53.2,27.6,55.9,44.1,2241,13.6,61.4,1766,97.6,2.4,5924,32.7,28.5,7.3,52.7,3.9,29.2,4.9,64.4,48.2,2022
12086019501,Census Tract 195.01; Miami-Dade County; Florida,69.4,4.8,76.2,0.0,0.0,10.2,37.5,91442,119124,41676,5.6,0.0,0.0,6.9,5.1,13.6,19.7,27.3,7.5,14.3,12.0,15.7,9.3,3.9,32.4,43.3,20.4,78.9,21.1,2224,18.8,47.6,1327,96.8,3.2,3769,41.6,22.1,13.7,46.3,3.2,35.6,3.9,78.5,52.1,2022
12086019502,Census Tract 195.02; Miami-Dade County; Florida,59.4,0.3,83.5,0.0,0.0,6.2,36.7,91383,118232,35430,0.0,0.0,2.6,0.7,6.0,28.3,24.6,22.1,4.7,11.0,5.1,17.2,8.5,8.8,22.0,34.2,34.9,82.6,17.4,2301,54.8,32.6,1323,100.0,0.0,4526,42.1,15.6,13.2,39.7,6.1,44.3,0.0,81.2,54.6,2022
12086019600,Census Tract 196; Miami-Dade County; Florida,65.5,3.3,80.2,4.3,0.0,9.8,41.8,126688,140841,40261,1.6,0.0,8.5,0.0,4.2,3.3,18.6,22.4,20.6,20.8,4.9,9.1,7.7,0.0,15.7,55.4,29.0,81.4,18.6,2860,0.0,83.9,1809,98.5,1.5,6530,35.2,28.8,8.3,39.8,8.8,32.9,4.3,77.5,42.6,2022
12086019700,Census Tract 197; Miami-Dade County; Florida,54.2,4.9,82.4,0.4,0.0,6.7,40.0,91382,115722,31954,2.2,0.0,1.2,12.2,5.3,12.3,19.8,16.4,19.6,10.8,11.7,9.2,7.1,2.5,7.9,45.3,44.3,93.5,6.5,2809,0.0,92.4,1079,100.0,0.0,4060,41.0,22.7,17.3,60.3,12.7,23.4,1.3,69.5,42.0,2022
12086019801,Census Tract 198.01; Miami-Dade County; Florida,67.5,4.9,75.4,0.0,0.0,10.0,38.4,104338,133947,37033,0.0,3.1,1.1,3.4,5.6,17.1,18.9,23.6,14.5,12.7,3.5,24.6,2.1,0.0,9.9,36.5,53.7,84.6,15.4,3057,0.0,43.6,1421,100.0,0.0,5450,39.9,21.1,16.0,56.9,8.8,26.2,0.7,79.7,41.6,2022
12086019802,Census Tract 198.02; Miami-Dade County; Florida,61.1,2.7,73.1,2.0,0.0,10.9,52.2,139400,133794,39983,0.0,0.0,7.7,0.0,3.7,11.0,13.3,17.1,33.9,13.3,5.2,13.7,9.9,1.3,16.7,45.6,36.4,97.2,2.8,-666666666,0.0,0.0,1658,100.0,0.0,5021,43.3,19.9,20.7,39.6,13.5,23.6,3.4,79.9,52.6,2022
12086019901,Census Tract 199.01; Miami-Dade County; Florida,58.5,5.4,84.4,1.6,0.5,5.3,59.0,57467,84490,27775,12.5,1.5,19.0,6.7,7.2,5.2,18.5,16.2,6.0,7.3,29.4,23.6,11.2,0.0,24.6,42.2,33.2,76.8,23.2,3158,0.0,68.5,1262,96.1,3.9,4093,35.2,25.8,16.2,46.5,6.2,32.8,4.2,70.8,50.1,2022
12086019902,Census Tract 199.02; Miami-Dade County; Florida,60.2,1.5,78.6,0.0,0.0,6.9,42.0,73760,77491,25002,2.7,0.0,2.7,11.9,5.3,33.3,22.4,12.3,8.8,0.5,2.8,24.1,10.5,2.9,30.6,48.9,17.6,63.3,36.7,2150,3.1,47.8,2236,95.8,4.2,7053,37.9,26.0,14.7,46.0,9.7,34.0,2.6,82.5,50.0,2022
12086020001,Census Tract 200.01; Miami-Dade County; Florida,54.0,6.2,76.3,2.6,0.0,2.2,45.4,74397,101072,28968,6.6,2.6,0.0,1.0,18.3,23.8,2.6,18.2,19.8,7.1,8.4,32.5,23.5,1.5,11.1,47.4,40.1,86.0,14.0,-666666666,0.0,0.0,606,100.0,0.0,2320,43.6,15.9,17.5,59.7,4.4,31.5,0.3,88.4,53.5,2022
12086020002,Census Tract 200.02; Miami-Dade County; Florida,59.1,2.5,70.9,0.0,0.0,19.5,41.7,112188,114897,33277,5.5,1.5,0.8,2.6,5.1,19.9,12.8,20.9,19.9,11.0,16.3,14.4,8.9,5.7,6.6,42.0,45.7,79.0,21.0,2833,41.3,5.0,1432,100.0,0.0,5269,42.6,19.6,20.4,51.0,8.6,34.3,0.0,74.4,39.6,2022
12086020100,Census Tract 201; Miami-Dade County; Florida,48.8,2.6,82.2,1.1,0.0,8.5,37.1,77788,104137,27064,2.2,0.0,3.3,11.5,13.4,19.2,18.2,12.4,8.8,10.9,16.8,24.2,9.1,0.9,20.5,44.1,34.5,85.2,14.8,2302,0.0,63.9,1118,100.0,0.0,4465,48.2,16.1,24.9,44.9,3.5,29.9,0.6,80.9,58.6,2022
12086020200,Census Tract 202; Miami-Dade County; Florida,53.3,3.7,80.3,0.4,0.0,9.8,34.5,54883,68976,18748,2.1,6.9,14.2,7.9,13.4,18.5,14.0,14.7,4.6,3.6,23.4,33.5,21.3,1.4,39.1,32.9,26.7,42.1,57.9,1650,13.6,52.6,1513,97.0,3.0,5754,37.7,19.3,12.1,43.4,9.2,34.8,0.6,82.7,54.1,2022
12086020300,Census Tract 203; Miami-Dade County; Florida,58.8,3.8,84.3,0.2,0.1,6.2,39.8,80458,85319,27331,4.4,2.2,10.4,7.4,6.7,13.5,25.9,14.0,7.8,7.7,10.7,25.7,13.2,3.7,18.6,42.5,35.2,83.1,16.9,1901,4.4,67.5,1028,99.2,0.8,3331,45.3,17.1,21.7,38.5,7.4,45.7,0.4,86.6,65.1,2022
12086490100,Census Tract 4901; Miami-Dade County; Florida,72.2,2.9,90.3,3.1,1.8,2.9,26.0,63889,87444,32339,2.2,2.2,13.4,8.9,16.0,22.9,12.3,10.3,8.9,2.8,10.7,19.4,19.0,7.9,30.8,33.6,27.7,41.5,58.5,1201,17.2,35.2,503,98.2,1.8,1373,43.7,11.8,18.9,54.0,0.0,42.5,0.0,96.5,77.1,2022
12086980100,Census Tract 9801; Miami-Dade County; Florida,-666666666.0,-666666666.0,-666666666.0,-666666666.0,-666666666.0,-666666666.0,-666666666.0,-666666666,-666666666,-666666666,-666666666.0,-666666666.0,-666666666.0,-666666666.0,-666666666.0,-666666666.0,-666666666.0,-666666666.0,-666666666.0,-666666666.0,-666666666.0,-666666666.0,-666666666.0,-666666666.0,-666666666.0,-666666666.0,-666666666.0,-666666666.0,-666666666.0,-666666666,-666666666.0,-666666666.0,0,-666666666.0,-666666666.0,0,-666666666.0,-666666666.0,-666666666.0,-666666666.0,-666666666.0,-666666666.0,-666666666.0,-666666666.0,-666666666.0,2022
12086980200,Census Tract 9802; Miami-Dade County; Florida,-666666666.0,-666666666.0,-666666666.0,-666666666.0,-666666666.0,-666666666.0,-666666666.0,-666666666,-666666666,-666666666,-666666666.0,-666666666.0,-666666666.0,-666666666.0,-666666666.0,-666666666.0,-666666666.0,-666666666.0,-666666666.0,-666666666.0,-666666666.0,-666666666.0,-666666666.0,-666666666.0,-666666666.0,-666666666.0,-666666666.0,-666666666.0,-666666666.0,-666666666,-666666666.0,-666666666.0,0,-666666666.0,-666666666.0,0,-666666666.0,-666666666.0,-666666666.0,-666666666.0,-666666666.0,-666666666.0,-666666666.0,-666666666.0,-666666666.0,2022
12086980300,Census Tract 9803; Miami-Dade County; Florida,26.1,25.3,32.2,5.7,41.4,17.2,15.0,-666666666,-999999999,3110,0.0,0.0,0.0,0.0,0.0,0.0,0.0,0.0,0.0,100.0,70.0,0.0,9.1,0.0,100.0,0.0,0.0,0.0,100.0,-666666666,0.0,0.0,12,33.3,66.7,6016,19.5,1.1,0.1,68.3,16.8,5.5,8.4,13.9,10.4,2022
12086980400,Census Tract 9804; Miami-Dade County; Florida,-666666666.0,-666666666.0,-666666666.0,-666666666.0,-666666666.0,-666666666.0,-666666666.0,-666666666,-666666666,-666666666,-666666666.0,-666666666.0,-666666666.0,-666666666.0,-666666666.0,-666666666.0,-666666666.0,-666666666.0,-666666666.0,-666666666.0,-666666666.0,-666666666.0,-666666666.0,-666666666.0,-666666666.0,-666666666.0,-666666666.0,-666666666.0,-666666666.0,-666666666,-666666666.0,-666666666.0,0,-666666666.0,-666666666.0,0,-666666666.0,-666666666.0,-666666666.0,-666666666.0,-666666666.0,-666666666.0,-666666666.0,-666666666.0,-666666666.0,2022
12086980500,Census Tract 9805; Miami-Dade County; Florida,63.8,3.1,90.5,0.0,0.0,9.5,20.9,73375,64918,27919,18.9,3.0,0.0,0.0,12.2,23.8,15.2,26.8,0.0,0.0,16.8,6.7,18.2,0.0,67.7,20.7,11.6,0.0,100.0,2141,10.2,46.9,188,87.2,12.8,411,26.7,16.5,4.4,17.0,7.1,54.3,0.0,80.3,53.0,2022
12086980600,Census Tract 9806; Miami-Dade County; Florida,-666666666.0,-666666666.0,-666666666.0,-666666666.0,-666666666.0,-666666666.0,-666666666.0,-666666666,-666666666,-666666666,-666666666.0,-666666666.0,-666666666.0,-666666666.0,-666666666.0,-666666666.0,-666666666.0,-666666666.0,-666666666.0,-666666666.0,-666666666.0,-666666666.0,-666666666.0,-666666666.0,-666666666.0,-666666666.0,-666666666.0,-666666666.0,-666666666.0,-666666666,-666666666.0,-666666666.0,0,-666666666.0,-666666666.0,0,-666666666.0,-666666666.0,-666666666.0,-666666666.0,-666666666.0,-666666666.0,-666666666.0,-666666666.0,-666666666.0,2022
12086980700,Census Tract 9807; Miami-Dade County; Florida,20.0,50.0,22.6,37.7,0.7,3.4,38.0,-666666666,18078,5241,60.0,7.6,0.0,11.4,12.9,8.1,0.0,0.0,0.0,0.0,83.0,89.5,15.3,56.7,22.4,21.0,0.0,0.0,100.0,-666666666,0.0,77.2,210,100.0,0.0,1242,20.2,42.9,5.4,28.3,58.2,13.4,0.0,32.3,5.5,2022
12086980800,Census Tract 9808; Miami-Dade County; Florida,-666666666.0,-666666666.0,-666666666.0,-666666666.0,-666666666.0,-666666666.0,-666666666.0,-666666666,-666666666,-666666666,-666666666.0,-666666666.0,-666666666.0,-666666666.0,-666666666.0,-666666666.0,-666666666.0,-666666666.0,-666666666.0,-666666666.0,-666666666.0,-666666666.0,-666666666.0,-666666666.0,-666666666.0,-666666666.0,-666666666.0,-666666666.0,-666666666.0,-666666666,-666666666.0,-666666666.0,0,-666666666.0,-666666666.0,0,-666666666.0,-666666666.0,-666666666.0,-666666666.0,-666666666.0,-666666666.0,-666666666.0,-666666666.0,-666666666.0,2022
12086980900,Census Tract 9809; Miami-Dade County; Florida,-666666666.0,-666666666.0,-666666666.0,-666666666.0,-666666666.0,-666666666.0,-666666666.0,-666666666,-666666666,-666666666,-666666666.0,-666666666.0,-666666666.0,-666666666.0,-666666666.0,-666666666.0,-666666666.0,-666666666.0,-666666666.0,-666666666.0,-666666666.0,-666666666.0,-666666666.0,-666666666.0,-666666666.0,-666666666.0,-666666666.0,-666666666.0,-666666666.0,-666666666,-666666666.0,-666666666.0,0,-666666666.0,-666666666.0,0,-666666666.0,-666666666.0,-666666666.0,-666666666.0,-666666666.0,-666666666.0,-666666666.0,-666666666.0,-666666666.0,2022
12086981000,Census Tract 9810; Miami-Dade County; Florida,-666666666.0,-666666666.0,-666666666.0,-666666666.0,-666666666.0,-666666666.0,-666666666.0,-666666666,-666666666,-666666666,-666666666.0,-666666666.0,-666666666.0,-666666666.0,-666666666.0,-666666666.0,-666666666.0,-666666666.0,-666666666.0,-666666666.0,-666666666.0,-666666666.0,-666666666.0,-666666666.0,-666666666.0,-666666666.0,-666666666.0,-666666666.0,-666666666.0,-666666666,-666666666.0,-666666666.0,0,-666666666.0,-666666666.0,0,-666666666.0,-666666666.0,-666666666.0,-666666666.0,-666666666.0,-666666666.0,-666666666.0,-666666666.0,-666666666.0,2022
12086981100,Census Tract 9811; Miami-Dade County; Florida,17.9,0.0,78.6,0.0,0.0,0.0,-999999999.0,51250,62710,12998,0.0,0.0,0.0,0.0,34.5,31.0,34.5,0.0,0.0,0.0,0.0,31.0,25.7,34.5,31.0,34.5,0.0,0.0,100.0,1191,69.0,0.0,29,100.0,0.0,244,39.9,4.1,13.5,41.8,39.8,18.4,0.0,48.4,30.3,2022
12086981200,Census Tract 9812; Miami-Dade County; Florida,-666666666.0,-666666666.0,-666666666.0,-666666666.0,-666666666.0,-666666666.0,-666666666.0,-666666666,-666666666,-666666666,-666666666.0,-666666666.0,-666666666.0,-666666666.0,-666666666.0,-666666666.0,-666666666.0,-666666666.0,-666666666.0,-666666666.0,-666666666.0,-666666666.0,-666666666.0,-666666666.0,-666666666.0,-666666666.0,-666666666.0,-666666666.0,-666666666.0,-666666666,-666666666.0,-666666666.0,0,-666666666.0,-666666666.0,0,-666666666.0,-666666666.0,-666666666.0,-666666666.0,-666666666.0,-666666666.0,-666666666.0,-666666666.0,-666666666.0,2022
12086981300,Census Tract 9813; Miami-Dade County; Florida,2.4,0.0,9.3,0.0,0.0,90.7,-999999999.0,-666666666,-999999999,1913,0.0,0.0,0.0,0.0,0.0,100.0,0.0,0.0,0.0,0.0,0.0,0.0,0.0,0.0,100.0,0.0,0.0,91.3,8.7,-666666666,0.0,100.0,46,100.0,0.0,1884,46.9,3.7,10.1,36.0,44.6,19.2,0.2,34.8,18.7,2022
12086990000,Census Tract 9900; Miami-Dade County; Florida,-666666666.0,-666666666.0,-666666666.0,-666666666.0,-666666666.0,-666666666.0,-666666666.0,-666666666,-666666666,-666666666,-666666666.0,-666666666.0,-666666666.0,-666666666.0,-666666666.0,-666666666.0,-666666666.0,-666666666.0,-666666666.0,-666666666.0,-666666666.0,-666666666.0,-666666666.0,-666666666.0,-666666666.0,-666666666.0,-666666666.0,-666666666.0,-666666666.0,-666666666,-666666666.0,-666666666.0,0,-666666666.0,-666666666.0,0,-666666666.0,-666666666.0,-666666666.0,-666666666.0,-666666666.0,-666666666.0,-666666666.0,-666666666.0,-666666666.0,2022
