GEOID,NAME,employment_rate_pct,unemployment_rate_pct,commute_drove_alone_pct,commute_public_transit_pct,commute_walked_pct,commute_wfh_pct,mean_commute_time_min,median_household_income,mean_household_income,per_capita_income,hh_income_under_10k_pct,hh_income_10k_15k_pct,hh_income_15k_25k_pct,hh_income_25k_35k_pct,hh_income_35k_50k_pct,hh_income_50k_75k_pct,hh_income_75k_100k_pct,hh_income_100k_150k_pct,hh_income_150k_200k_pct,hh_income_200k_plus_pct,poverty_rate_pct,snap_benefits_pct,no_health_insurance_pct,hh_no_vehicle_pct,hh_1_vehicle_pct,hh_2_vehicles_pct,hh_3plus_vehicles_pct,owner_occupied_pct,renter_occupied_pct,median_gross_rent,rent_burden_30pct_plus,rent_burden_50pct_plus,total_housing_units,occupied_units_pct,vacant_units_pct,total_population,median_age,under_18_pct,age_65_plus_pct,white_alone_pct,black_alone_pct,two_or_more_races_pct,asian_alone_pct,hispanic_latino_pct,foreign_born_pct,year
12086000107,"Census Tract 1.07, Miami-Dade County, Florida",59.2,0.0,72.0,0.0,3.0,23.5,31.9,50488,72010,42694,3.2,3.1,16.7,12.4,13.2,22.7,8.9,9.0,4.0,6.9,7.5,1.2,10.4,16.9,59.2,19.3,4.6,27.2,72.8,1700,6.2,70.9,2651,53.2,46.8,2439,54.6,10.5,27.4,83.6,1.4,14.1,0.0,60.8,5.2,2020
12086000109,"Census Tract 1.09, Miami-Dade County, Florida",62.1,6.1,76.7,7.6,0.0,3.5,31.1,36621,55629,22180,13.5,7.6,19.1,6.3,14.9,14.9,10.1,6.2,3.5,3.8,27.7,30.6,23.3,11.1,44.0,35.8,9.2,27.9,72.1,1211,20.0,56.0,1415,84.7,15.3,3207,37.2,22.4,7.5,63.4,10.7,19.0,2.6,70.2,0.5,2020
12086000115,"Census Tract 1.15, Miami-Dade County, Florida",58.9,4.9,78.5,2.4,0.5,11.6,32.5,76333,172911,71560,9.6,2.1,5.1,4.3,9.8,17.6,14.0,5.7,8.3,23.6,7.2,1.1,13.9,7.0,45.2,33.6,14.2,49.4,50.6,1760,6.1,42.9,2599,40.2,59.8,2588,42.0,21.6,18.9,95.1,0.9,3.4,0.5,42.7,1.0,2020
12086000118,"Census Tract 1.18, Miami-Dade County, Florida",44.3,4.2,59.1,0.0,0.0,30.6,30.2,77917,199501,77992,4.9,4.3,9.4,7.4,10.1,12.1,6.5,16.4,7.0,22.0,4.7,1.6,15.1,11.9,57.0,28.3,2.9,78.5,21.5,3109,0.0,58.4,1871,23.8,76.2,1162,52.0,17.0,28.2,70.7,2.3,21.6,1.1,37.4,6.5,2020
12086000120,"Census Tract 1.20, Miami-Dade County, Florida",65.7,8.3,74.5,1.6,0.9,16.7,28.4,85267,123564,58144,5.0,2.7,3.5,6.6,12.1,13.5,23.7,9.7,5.8,17.4,9.1,5.9,16.7,11.5,42.6,31.9,14.0,74.4,25.6,1471,10.4,43.0,2295,85.0,15.0,4226,43.6,16.9,13.3,81.8,4.7,9.6,1.8,53.8,2.4,2020
12086000121,"Census Tract 1.21, Miami-Dade County, Florida",36.9,5.7,79.6,0.0,1.9,13.3,28.0,108750,159347,67226,4.7,5.0,8.2,8.2,3.9,8.0,7.3,22.7,5.5,26.3,7.3,2.2,5.5,4.4,55.5,35.8,4.3,73.2,26.8,1994,9.3,21.7,1574,40.3,59.7,1497,49.5,25.4,34.5,84.6,4.3,4.6,5.5,21.6,1.3,2020
12086000122,"Census Tract 1.22, Miami-Dade County, Florida",49.7,0.9,55.7,0.0,0.0,18.0,31.3,79049,122724,59481,7.7,2.7,7.1,5.2,15.9,7.1,13.8,19.3,10.5,10.6,10.4,2.9,4.4,5.8,54.9,33.0,6.3,73.9,26.1,1599,9.8,69.7,3079,60.5,39.5,3952,54.5,17.2,31.3,93.0,0.0,5.6,0.4,45.5,4.3,2020
12086000123,"Census Tract 1.23, Miami-Dade County, Florida",44.5,2.3,73.9,0.6,0.0,8.5,31.9,49356,98382,46470,19.8,3.0,12.3,7.3,8.6,6.8,7.6,18.2,4.2,12.3,19.1,6.2,8.2,5.3,55.7,28.9,10.1,73.1,26.9,1602,7.2,44.7,4393,42.2,57.8,3935,55.4,13.1,35.1,78.9,3.7,13.7,3.2,41.7,0.3,2020
12086000124,"Census Tract 1.24, Miami-Dade County, Florida",55.8,8.5,62.7,13.7,13.1,6.2,30.5,37357,51033,20289,6.4,10.0,12.1,16.2,21.5,16.6,11.4,4.5,0.0,1.4,13.0,43.6,27.3,16.7,51.8,18.9,12.5,30.0,70.0,1139,14.9,49.2,1396,89.1,10.9,3674,38.7,11.8,14.7,48.9,40.2,4.4,0.5,45.5,2.5,2020
12086000125,"Census Tract 1.25, Miami-Dade County, Florida",56.5,1.9,68.3,1.5,7.1,5.1,38.4,42698,57935,28956,26.3,1.7,6.0,7.1,17.7,11.3,10.8,13.0,3.5,2.7,16.9,2.2,9.4,9.2,63.5,23.4,3.8,62.5,37.5,1969,2.0,64.5,3431,60.2,39.8,4276,44.8,22.7,25.6,91.4,3.0,2.4,1.2,42.5,4.2,2020
12086000126,"Census Tract 1.26, Miami-Dade County, Florida",41.7,6.5,79.3,8.7,0.0,6.0,36.5,30212,58389,31330,17.9,5.4,20.4,14.7,9.3,12.7,6.4,7.6,2.5,3.1,17.1,9.6,8.4,25.4,54.5,17.0,3.1,39.2,60.8,1096,4.2,54.0,2204,47.9,52.1,2055,59.5,12.7,38.7,85.8,0.5,6.4,3.6,38.3,0.0,2020
12086000127,"Census Tract 1.27, Miami-Dade County, Florida",54.2,3.0,85.0,0.0,0.9,6.1,31.1,36798,78505,40292,10.2,4.9,19.7,12.2,11.8,14.9,8.6,8.1,2.6,7.1,13.0,8.6,11.8,9.4,55.1,31.8,3.7,64.1,35.9,1383,0.0,66.7,1828,74.7,25.3,2844,47.2,18.6,24.9,86.9,4.0,7.4,1.1,40.3,5.3,2020
12086000128,"Census Tract 1.28, Miami-Dade County, Florida",74.1,7.2,72.1,3.4,0.3,17.7,37.2,64667,101862,44650,1.7,3.7,5.0,5.9,9.1,32.2,19.2,12.5,5.4,5.4,4.4,8.1,11.0,5.9,51.8,37.8,4.5,57.8,42.2,1359,17.1,24.2,2276,66.0,34.0,3393,47.2,18.3,13.9,84.0,7.5,7.1,0.9,65.1,1.9,2020
12086000129,"Census Tract 1.29, Miami-Dade County, Florida",36.6,0.0,61.4,0.0,8.6,22.2,37.9,116944,194814,99539,7.4,3.3,5.8,9.9,11.2,3.5,5.9,7.7,15.4,29.9,6.9,0.9,4.2,7.6,40.5,42.6,9.2,85.1,14.9,3014,4.9,74.6,2038,50.0,50.0,2108,64.3,11.1,47.7,90.4,0.5,2.1,3.7,24.8,1.0,2020
12086000130,"Census Tract 1.30, Miami-Dade County, Florida",48.0,3.4,73.9,1.0,0.0,16.6,32.5,67113,149835,77773,2.0,0.0,8.7,17.4,8.0,18.6,5.7,17.3,11.0,11.3,4.1,2.4,5.7,7.1,58.2,31.0,3.7,64.8,35.2,1928,3.2,46.8,3391,33.7,66.3,2288,59.1,11.2,36.9,93.8,2.8,1.4,0.7,37.2,2.1,2020
12086000131,"Census Tract 1.31, Miami-Dade County, Florida",56.9,8.6,75.4,2.1,1.1,13.3,31.7,69217,132013,62191,3.2,4.0,8.3,6.8,14.0,21.5,6.1,14.2,5.4,16.5,6.6,3.6,6.1,8.8,54.1,26.7,10.4,57.4,42.6,2142,11.0,52.3,3047,57.6,42.4,3937,42.5,21.5,20.5,85.9,0.4,5.2,1.0,40.2,1.7,2020
12086000132,"Census Tract 1.32, Miami-Dade County, Florida",49.0,3.4,68.4,0.0,0.0,20.3,31.0,33411,47416,30602,15.4,7.9,15.8,14.7,8.6,18.4,9.9,6.8,1.1,1.4,15.8,2.8,6.1,19.1,59.7,17.4,3.8,66.5,33.5,1603,9.5,63.4,3873,72.9,27.1,4342,59.8,8.8,46.5,85.2,5.4,7.8,1.2,54.9,1.0,2020
12086000134,"Census Tract 1.34, Miami-Dade County, Florida",53.2,3.5,76.6,7.8,2.5,4.9,30.3,33097,49856,26537,7.9,12.5,16.5,15.3,9.4,9.4,16.2,9.7,1.4,1.6,21.4,12.7,20.5,19.1,49.2,27.0,4.7,58.9,41.1,1397,4.5,79.3,1960,78.5,21.5,3069,51.3,11.8,23.4,79.8,7.9,7.6,2.6,47.1,0.3,2020
12086000140,"Census Tract 1.40, Miami-Dade County, Florida",74.6,5.1,89.4,0.9,3.5,3.2,37.1,55560,68265,35391,5.0,4.6,8.4,9.1,18.9,26.9,14.7,5.9,1.5,5.0,10.7,3.8,8.6,1.9,75.9,21.6,0.6,18.9,81.1,1541,7.4,53.0,2294,79.6,20.4,3696,38.1,15.2,6.2,65.5,1.5,27.4,2.1,72.4,0.4,2020
12086000141,"Census Tract 1.41, Miami-Dade County, Florida",68.8,9.4,79.4,3.8,0.0,14.7,28.3,91140,116243,50324,0.0,0.0,7.8,23.8,9.4,5.5,13.7,17.8,6.7,15.4,4.2,9.0,1.8,2.1,41.3,48.3,8.4,21.5,78.5,2224,6.1,48.5,1250,57.2,42.8,1681,39.2,19.3,6.2,83.9,2.4,12.7,0.0,44.0,4.4,2020
12086000142,"Census Tract 1.42, Miami-Dade County, Florida",49.1,6.0,73.7,1.0,2.3,10.6,33.8,50812,104759,55627,7.6,5.2,13.6,8.8,13.2,8.6,11.4,6.3,10.0,15.3,11.7,4.1,6.8,9.9,50.2,34.7,5.1,64.9,35.1,1944,2.2,63.3,4308,57.2,42.8,4771,54.8,12.4,36.1,89.8,3.6,0.6,4.3,44.2,3.9,2020
12086000143,"Census Tract 1.43, Miami-Dade County, Florida",54.6,1.4,87.2,1.5,0.0,4.9,30.8,63125,112731,60897,8.0,11.5,14.7,3.6,3.0,12.6,16.5,7.8,6.4,15.9,13.4,3.4,6.6,18.1,38.7,38.6,4.5,56.6,43.4,1911,8.0,63.8,2159,75.8,24.2,3077,54.1,14.7,27.6,83.2,0.0,14.1,2.5,43.8,3.8,2020
12086000144,"Census Tract 1.44, Miami-Dade County, Florida",54.0,11.0,89.7,0.0,0.0,5.8,49.2,63396,93101,40386,6.3,0.0,9.6,10.1,11.6,19.0,7.3,5.6,25.7,5.0,4.9,4.0,3.8,0.0,58.1,41.9,0.0,46.0,54.0,2641,10.7,64.4,947,64.0,36.0,1398,41.9,23.0,10.9,92.5,1.6,4.3,1.6,45.5,1.1,2020
12086000145,"Census Tract 1.45, Miami-Dade County, Florida",68.9,4.6,61.7,1.3,0.0,29.6,28.1,175191,202093,63217,5.1,1.2,3.9,0.0,2.8,5.8,8.2,17.7,25.0,30.3,4.2,5.6,9.6,1.2,14.3,65.5,19.0,93.5,6.5,-666666666,0.0,22.4,1037,85.7,14.3,2874,39.0,29.7,5.3,77.4,0.0,22.6,0.0,46.8,12.6,2020
12086000146,"Census Tract 1.46, Miami-Dade County, Florida",55.4,5.7,80.2,0.0,2.1,16.9,28.7,98750,159331,67606,1.6,0.0,2.6,1.9,16.6,9.6,17.7,18.6,10.8,20.6,3.5,1.0,1.6,1.1,41.9,36.0,21.1,65.7,34.3,2248,7.2,54.4,2786,65.5,34.5,4445,50.6,15.8,30.0,82.1,0.0,16.4,0.7,33.2,1.7,2020
12086000204,"Census Tract 2.04, Miami-Dade County, Florida",63.0,7.6,87.7,7.0,2.6,0.0,29.0,69241,84040,22499,3.2,3.0,11.4,9.0,10.0,20.8,21.0,12.9,1.7,7.1,14.5,23.2,25.0,4.1,14.7,48.7,32.5,75.0,25.0,1561,0.0,54.8,1155,90.6,9.4,4418,33.1,21.0,11.9,26.5,61.4,4.1,0.4,23.9,5.5,2020
12086000206,"Census Tract 2.06, Miami-Dade County, Florida",55.4,7.2,65.6,6.9,0.0,8.1,33.2,47738,49243,14224,13.0,6.3,7.6,7.8,27.7,20.6,7.5,9.0,0.4,0.1,16.3,32.9,15.7,15.5,30.4,35.0,19.0,55.8,44.2,1287,5.1,69.8,1821,88.4,11.6,6699,37.3,30.1,14.8,14.8,72.8,4.1,1.9,21.1,1.7,2020
12086000211,"Census Tract 2.11, Miami-Dade County, Florida",60.7,12.9,79.6,5.2,0.6,3.5,38.5,51161,66486,24934,5.5,4.9,11.4,11.6,15.1,19.0,7.2,19.3,3.6,2.4,10.8,16.6,14.4,7.9,40.5,35.7,15.9,59.1,40.9,1741,8.3,68.9,1020,86.9,13.1,2608,39.8,16.5,13.3,70.4,15.4,6.8,4.2,57.7,1.6,2020
12086000212,"Census Tract 2.12, Miami-Dade County, Florida",57.7,13.9,77.4,3.5,1.9,3.4,33.8,35547,40801,17233,7.8,7.4,14.1,19.6,26.1,16.3,5.7,1.9,0.2,1.0,23.5,23.1,36.1,12.0,57.1,25.7,5.1,11.9,88.1,1134,5.7,59.2,1911,82.5,17.5,4425,34.2,19.7,7.9,42.6,49.2,4.1,1.5,39.4,6.0,2020
12086000213,"Census Tract 2.13, Miami-Dade County, Florida",65.2,2.7,66.9,6.8,3.4,4.5,32.2,42049,64769,19879,7.2,7.9,8.5,18.1,14.6,10.2,17.1,7.8,4.5,4.0,13.6,19.4,21.5,11.8,40.5,31.8,15.9,44.5,55.5,1340,4.7,61.1,1597,83.3,16.7,4755,34.0,27.5,15.0,42.7,41.5,8.5,3.2,18.8,4.3,2020
12086000215,"Census Tract 2.15, Miami-Dade County, Florida",56.9,12.6,76.2,9.5,1.5,4.4,32.6,38566,92361,30223,5.4,3.0,19.6,11.7,24.1,17.0,5.9,5.3,5.3,2.7,12.5,19.3,25.6,8.8,51.6,25.3,14.3,43.2,56.8,1214,6.3,60.7,1558,94.7,5.3,4911,37.2,22.3,13.8,11.0,84.3,1.1,1.9,12.1,1.9,2020
12086000216,"Census Tract 2.16, Miami-Dade County, Florida",65.6,8.2,80.5,9.5,1.3,1.3,34.5,59960,73693,19854,6.0,0.0,10.2,5.3,19.3,22.1,9.1,15.4,8.0,4.6,11.8,29.9,19.7,4.1,27.0,38.9,30.0,79.7,20.3,1573,10.7,79.9,1128,96.5,3.5,5103,34.4,19.3,12.2,11.7,79.0,1.6,2.4,14.1,1.5,2020
12086000218,"Census Tract 2.18, Miami-Dade County, Florida",63.0,11.8,72.4,12.0,1.3,4.6,33.6,35857,53856,18784,0.9,7.0,28.2,12.7,11.4,19.6,4.5,10.6,3.7,1.5,29.9,32.8,24.6,13.3,40.2,27.1,19.4,62.9,37.1,1084,0.0,73.9,1008,92.3,7.7,3341,39.1,24.0,12.3,12.9,78.5,4.4,0.0,20.9,2.8,2020
12086000219,"Census Tract 2.19, Miami-Dade County, Florida",65.4,5.5,60.9,11.2,3.1,6.9,31.0,39375,49453,16421,9.1,5.4,11.4,18.0,14.1,31.1,8.5,1.9,0.0,0.6,21.7,27.5,33.1,17.3,50.4,28.0,4.3,20.2,79.8,1118,6.3,54.9,1818,85.7,14.3,5086,30.9,28.2,7.2,22.4,61.1,9.9,1.0,29.8,2.9,2020
12086000220,"Census Tract 2.20, Miami-Dade County, Florida",64.9,3.6,84.1,6.8,0.4,1.1,34.6,42778,49022,16559,8.4,6.9,15.4,17.3,15.6,19.9,6.9,5.8,2.8,1.1,28.9,36.7,25.0,13.6,43.7,26.4,16.3,36.5,63.5,1207,10.4,71.2,1831,90.9,9.1,5715,32.1,30.1,10.7,17.5,73.3,2.6,0.9,24.2,2.3,2020
12086000221,"Census Tract 2.21, Miami-Dade County, Florida",58.7,4.9,73.1,15.2,0.0,7.4,29.4,50552,51189,19007,11.2,7.8,3.0,11.1,13.5,36.9,7.9,6.4,2.1,0.0,11.6,11.2,6.4,0.0,55.5,30.9,13.5,58.3,41.7,1167,0.0,27.5,731,100.0,0.0,2160,48.1,19.2,24.0,55.5,41.6,0.0,2.5,44.4,0.0,2020
12086000222,"Census Tract 2.22, Miami-Dade County, Florida",64.3,10.3,67.9,3.4,1.8,0.0,37.5,40453,48267,18207,3.2,8.2,18.7,15.0,29.0,4.5,9.6,8.2,3.1,0.5,25.2,19.3,24.4,0.9,45.2,34.4,19.5,56.6,43.4,1166,41.8,58.2,1441,92.3,7.7,4041,32.7,25.5,9.6,52.8,39.6,2.8,1.6,62.6,0.1,2020
12086000223,"Census Tract 2.23, Miami-Dade County, Florida",58.3,8.6,63.3,18.3,0.8,9.0,32.3,36224,46514,15454,3.8,5.0,5.9,30.7,19.5,21.1,8.6,3.3,0.0,2.0,25.2,26.6,22.4,16.6,34.2,37.5,11.7,46.9,53.1,1211,0.0,67.2,1070,98.1,1.9,3558,43.5,28.1,16.0,25.5,68.5,4.0,0.6,26.2,1.8,2020
12086000224,"Census Tract 2.24, Miami-Dade County, Florida",54.3,13.7,78.5,9.1,0.0,0.0,36.2,28380,36062,13993,16.8,9.9,15.7,23.4,8.5,14.8,7.1,3.2,0.5,0.0,28.5,34.1,33.9,15.7,58.9,24.4,1.1,7.0,93.0,1161,7.5,67.6,1877,90.5,9.5,4906,32.4,25.2,7.0,25.8,70.1,2.3,0.3,22.8,4.2,2020
12086000225,"Census Tract 2.25, Miami-Dade County, Florida",70.1,3.4,69.4,10.8,4.4,0.0,31.3,37971,58788,23529,1.7,6.6,8.4,28.1,16.6,20.6,11.9,3.9,0.0,2.3,14.6,25.1,23.8,11.0,50.7,37.3,1.0,28.4,71.6,1169,6.1,52.7,1821,95.4,4.6,4397,32.2,28.5,7.6,45.2,21.3,18.5,9.2,57.2,4.0,2020
12086000226,"Census Tract 2.26, Miami-Dade County, Florida",53.9,6.2,59.6,0.0,3.0,16.1,26.2,78556,99634,28475,11.1,0.0,5.4,9.3,2.9,17.7,33.6,8.9,2.6,8.5,3.1,15.6,0.6,9.6,42.0,29.3,19.0,93.4,6.6,-666666666,0.0,66.7,1041,65.8,34.2,2617,32.7,39.2,18.8,75.9,11.7,0.8,2.9,13.0,10.4,2020
12086000227,"Census Tract 2.27, Miami-Dade County, Florida",59.8,5.1,72.2,5.6,0.0,5.4,31.9,47222,66087,21893,5.0,5.3,15.0,12.9,13.7,13.0,11.1,18.0,6.0,0.0,18.2,36.5,21.1,19.1,27.0,41.0,12.9,50.7,49.3,1107,7.8,57.6,879,98.1,1.9,3433,40.3,19.2,15.9,15.5,68.0,14.8,0.8,25.4,3.1,2020
12086000228,"Census Tract 2.28, Miami-Dade County, Florida",57.5,5.8,65.8,20.7,0.0,2.4,34.5,41912,52337,16625,9.3,0.0,16.1,12.8,13.0,33.5,2.2,10.1,0.7,2.2,31.0,25.8,25.9,3.8,54.3,26.7,15.1,35.4,64.6,1335,5.1,77.5,1013,93.2,6.8,3382,33.4,23.6,11.3,9.8,85.8,3.1,0.0,11.0,1.3,2020
12086000302,"Census Tract 3.02, Miami-Dade County, Florida",59.2,3.6,73.3,11.6,0.0,1.2,28.4,53864,66203,18830,0.8,4.4,18.1,10.1,14.5,10.9,20.4,16.3,3.3,1.0,12.3,21.6,29.2,1.5,28.4,37.3,32.8,87.4,12.6,1463,8.7,91.3,680,90.0,10.0,2471,35.4,21.5,11.5,39.2,52.7,2.6,0.8,39.7,5.1,2020
12086000306,"Census Tract 3.06, Miami-Dade County, Florida",52.6,8.8,70.9,15.9,0.3,2.3,31.0,35309,56475,19181,9.6,8.8,15.5,15.3,17.3,14.7,4.3,7.4,2.1,4.9,24.2,34.6,23.4,22.0,46.3,13.4,18.3,28.2,71.8,1084,8.5,65.1,1932,83.7,16.3,4959,37.1,26.0,15.7,21.7,68.9,6.6,0.3,24.2,2.7,2020
12086000307,"Census Tract 3.07, Miami-Dade County, Florida",57.7,4.9,75.7,3.2,0.0,9.8,37.0,49167,76540,24172,6.3,3.2,13.4,12.0,15.6,21.9,8.9,7.5,6.6,4.6,11.1,31.3,24.4,8.2,23.8,35.0,33.0,80.1,19.9,1306,14.1,45.5,1146,91.4,8.6,4080,42.0,12.9,19.5,25.0,70.6,1.7,1.1,22.6,3.3,2020
12086000308,"Census Tract 3.08, Miami-Dade County, Florida",64.1,9.0,73.6,5.2,0.4,9.6,31.2,66224,73528,21165,4.7,0.2,7.4,5.5,3.0,42.0,16.0,15.7,3.4,2.0,6.4,20.0,16.4,4.7,20.9,44.6,29.8,88.3,11.7,1575,0.0,54.9,1343,91.7,8.3,5002,37.8,18.2,12.2,27.4,67.2,3.8,0.4,31.0,2.1,2020
12086000309,"Census Tract 3.09, Miami-Dade County, Florida",55.1,2.7,64.3,15.6,0.0,3.0,29.4,45642,45208,13767,7.0,7.3,12.5,10.1,18.9,33.4,7.2,3.5,0.0,0.0,11.2,36.4,31.8,18.5,47.2,23.9,10.4,21.1,78.9,1165,7.7,58.3,1213,87.9,12.1,4044,40.4,25.6,19.4,28.3,70.7,0.1,0.1,25.6,2.7,2020
12086000310,"Census Tract 3.10, Miami-Dade County, Florida",52.5,15.1,60.6,13.9,10.5,1.1,36.6,40707,60143,21959,9.1,3.6,20.1,12.7,12.1,13.2,10.1,8.8,6.1,4.1,29.4,37.5,13.9,15.5,36.9,31.0,16.6,52.4,47.6,1238,10.6,75.6,1311,94.9,5.1,4059,33.8,28.0,8.9,15.5,67.5,11.4,5.3,26.1,3.2,2020
12086000311,"Census Tract 3.11, Miami-Dade County, Florida",52.1,10.3,74.7,17.5,0.0,1.1,39.7,44773,53143,14060,11.6,0.0,5.4,30.9,7.1,26.8,2.1,12.9,3.0,0.0,15.1,53.4,24.4,10.9,34.3,29.5,25.4,67.5,32.5,1138,0.0,91.4,1280,95.5,4.5,5409,33.0,27.3,15.2,17.5,73.1,7.9,0.0,13.0,0.6,2020
12086000312,"Census Tract 3.12, Miami-Dade County, Florida",54.5,15.3,80.6,1.9,0.0,1.5,26.9,41076,48556,20952,12.8,0.0,10.6,11.2,34.0,15.1,3.5,11.6,1.2,0.0,12.1,23.4,25.9,0.0,48.7,35.1,16.2,31.3,68.7,1164,17.8,51.2,1315,80.8,19.2,2688,37.5,24.9,18.6,38.8,52.7,3.5,1.5,32.7,1.4,2020
12086000402,"Census Tract 4.02, Miami-Dade County, Florida",52.3,11.7,60.3,21.3,0.5,0.8,33.3,31515,38324,13538,15.6,2.0,20.2,14.0,17.2,21.5,7.1,2.5,0.0,0.0,28.0,39.1,23.2,14.1,51.0,21.4,13.5,57.9,42.1,1274,13.8,62.4,1258,94.4,5.6,3982,32.2,25.8,10.0,12.3,78.1,3.1,5.3,14.1,1.0,2020
12086000405,"Census Tract 4.05, Miami-Dade County, Florida",59.0,5.7,85.1,1.2,0.0,0.0,30.1,50428,74199,25820,8.4,4.3,14.1,13.2,9.4,20.1,17.5,8.5,1.4,3.1,12.1,21.5,14.1,5.8,38.9,26.6,28.6,85.8,14.2,1609,0.0,87.0,1094,98.8,1.2,3485,40.6,19.3,16.4,25.7,65.5,2.7,0.0,33.9,0.8,2020
12086000408,"Census Tract 4.08, Miami-Dade County, Florida",49.7,10.3,78.8,11.5,1.1,0.8,34.3,42143,49182,16096,9.8,4.5,13.8,13.8,16.6,22.4,12.1,3.4,3.7,0.0,22.1,52.7,22.1,13.9,41.6,28.5,16.0,38.6,61.4,1089,13.2,54.8,1760,86.3,13.8,5627,37.5,22.6,17.7,16.0,66.5,0.6,1.0,34.7,3.6,2020
12086000409,"Census Tract 4.09, Miami-Dade County, Florida",65.2,4.9,79.7,6.7,1.2,1.5,33.2,46536,52570,17178,8.3,5.0,11.6,15.0,13.1,22.5,13.4,10.1,0.0,0.9,13.6,45.2,18.2,3.9,44.8,35.5,15.8,42.5,57.5,1334,3.9,60.1,1266,96.5,3.5,4429,34.4,25.1,9.6,18.0,74.6,0.3,2.3,26.6,5.7,2020
12086000410,"Census Tract 4.10, Miami-Dade County, Florida",58.9,4.2,83.6,6.8,0.0,0.4,29.0,58990,64503,16471,7.0,3.3,14.9,7.3,12.9,26.8,14.9,9.3,1.1,2.7,19.5,36.4,15.3,2.7,26.5,39.5,31.3,74.8,25.2,1401,8.5,47.4,1192,96.6,3.4,5367,40.1,22.6,18.1,17.4,76.1,3.2,0.4,21.9,2.0,2020
12086000411,"Census Tract 4.11, Miami-Dade County, Florida",56.7,4.2,79.8,11.0,1.2,0.0,31.0,37028,49014,16873,12.4,2.6,21.8,11.1,18.2,23.0,5.7,3.0,1.6,0.6,23.3,42.3,27.4,20.3,49.1,23.5,7.2,32.0,68.0,1169,8.3,62.2,1965,90.8,9.2,6036,39.0,29.0,12.0,10.9,82.5,2.7,0.0,14.9,4.7,2020
12086000413,"Census Tract 4.13, Miami-Dade County, Florida",61.3,6.1,81.1,8.5,0.0,2.2,30.6,48145,54833,17309,6.7,5.1,18.6,11.6,13.0,27.8,8.6,4.8,3.3,0.4,22.9,33.1,15.0,7.9,44.1,27.2,20.9,69.4,30.6,-666666666,16.4,21.8,1490,92.9,7.1,4916,32.3,29.5,11.3,20.4,76.8,1.5,0.5,21.3,1.6,2020
12086000414,"Census Tract 4.14, Miami-Dade County, Florida",61.0,9.3,67.8,6.7,2.1,5.3,36.8,35091,47755,20303,18.8,1.9,14.5,14.8,15.4,18.1,4.0,10.2,0.7,1.6,23.4,16.7,20.6,12.9,51.5,23.2,12.5,33.9,66.1,1063,13.3,55.2,1857,87.9,12.1,4112,39.6,21.3,12.5,10.2,85.4,2.5,0.0,12.0,0.5,2020
12086000415,"Census Tract 4.15, Miami-Dade County, Florida",60.1,8.8,81.3,17.6,0.0,0.0,37.1,54563,56480,16345,2.4,5.4,12.1,14.0,13.7,33.1,7.8,9.0,2.4,0.0,18.6,13.0,11.5,9.6,46.1,29.8,14.6,66.6,33.4,1392,0.0,70.5,701,100.0,0.0,2726,34.5,30.7,11.0,14.1,75.0,1.9,0.0,35.2,10.5,2020
12086000416,"Census Tract 4.16, Miami-Dade County, Florida",46.5,7.5,80.6,9.6,0.0,3.3,28.6,28409,39505,14438,17.3,10.8,19.7,9.4,12.5,13.2,14.9,0.9,1.1,0.0,25.4,53.2,16.3,28.6,29.4,28.1,14.0,38.2,61.8,501,10.6,32.6,1645,93.6,6.4,4478,36.5,28.0,15.2,36.3,53.2,5.5,0.0,48.2,1.0,2020
12086000417,"Census Tract 4.17, Miami-Dade County, Florida",47.6,17.8,72.3,8.4,1.9,0.0,26.2,38155,41196,15921,17.3,13.8,7.5,9.4,21.4,10.8,13.6,6.4,0.0,0.0,24.5,53.2,17.8,25.5,44.6,24.3,5.6,34.1,65.9,1081,1.1,52.9,1704,92.1,7.9,4767,43.0,19.5,15.1,27.6,69.5,2.9,0.0,35.0,2.7,2020
12086000418,"Census Tract 4.18, Miami-Dade County, Florida",61.4,6.6,82.9,5.7,0.0,1.0,31.8,34610,44686,14958,8.7,2.1,18.1,23.3,17.9,11.6,9.7,8.7,0.0,0.0,28.0,28.5,33.9,14.1,26.0,35.4,24.5,58.6,41.4,748,0.0,56.1,930,95.6,4.4,3222,28.7,26.3,4.4,2.3,94.9,0.0,0.0,4.0,2.9,2020
12086000419,"Census Tract 4.19, Miami-Dade County, Florida",56.3,2.1,96.2,0.0,0.4,2.1,34.4,45368,64338,20588,3.7,0.0,20.1,14.2,14.8,15.9,25.2,1.8,3.1,1.2,12.3,29.4,11.2,1.3,49.2,24.5,25.0,50.0,50.0,1201,5.7,61.1,1184,91.8,8.2,3948,40.0,23.9,17.4,21.8,74.0,0.1,0.0,28.8,1.3,2020
12086000420,"Census Tract 4.20, Miami-Dade County, Florida",44.2,10.5,74.0,3.9,9.0,0.4,32.3,41750,51268,15129,5.6,12.1,4.5,12.6,29.0,14.1,16.5,2.7,1.4,1.5,37.3,35.1,32.2,15.3,25.8,42.7,16.2,78.7,21.3,-666666666,0.0,68.3,905,93.3,6.7,3242,41.3,18.5,22.9,25.4,68.8,2.2,0.0,26.7,2.1,2020
12086000504,"Census Tract 5.04, Miami-Dade County, Florida",47.9,7.8,87.3,1.7,0.0,2.3,24.8,25247,43962,15723,19.6,10.1,19.8,9.4,10.0,9.5,11.8,7.1,2.2,0.5,36.4,53.0,15.8,13.8,34.2,23.8,28.2,48.7,51.3,1017,6.1,66.7,1718,97.4,2.6,5196,42.9,25.6,23.6,41.1,46.7,8.0,0.0,58.6,2.1,2020
12086000505,"Census Tract 5.05, Miami-Dade County, Florida",54.5,4.9,86.4,1.5,1.3,3.9,30.9,30925,39894,14710,17.5,9.5,12.5,20.6,12.2,10.1,12.5,3.4,1.5,0.0,29.4,46.8,24.3,17.0,32.9,34.7,15.4,37.9,62.1,1188,8.0,65.0,1801,96.6,3.4,5308,43.6,18.0,20.2,76.6,11.6,8.6,0.0,88.3,1.1,2020
12086000506,"Census Tract 5.06, Miami-Dade County, Florida",53.7,11.7,96.2,0.0,0.0,0.0,33.8,41307,54155,17000,16.4,6.2,7.0,7.9,26.5,16.3,0.0,15.4,2.5,1.8,28.3,17.6,38.7,7.1,20.9,44.9,27.1,70.2,29.8,2008,8.2,78.9,712,94.8,5.2,2737,38.5,18.6,12.5,16.6,82.3,0.7,0.5,10.3,0.9,2020
12086000507,"Census Tract 5.07, Miami-Dade County, Florida",44.1,10.8,80.2,0.0,4.2,2.5,27.1,44083,52693,15273,5.3,8.5,10.5,19.7,13.6,22.2,7.4,11.0,0.6,1.2,16.0,48.7,23.5,5.6,35.4,41.4,17.5,43.3,56.7,1287,11.7,59.6,1093,97.2,2.8,4635,31.2,19.1,15.0,38.5,47.0,10.3,0.9,46.3,1.4,2020
12086000508,"Census Tract 5.08, Miami-Dade County, Florida",44.6,9.9,71.8,10.6,0.0,0.0,28.1,16635,28045,12279,32.8,12.9,19.2,15.7,5.1,10.2,0.8,0.0,0.0,3.3,58.3,60.8,18.6,35.0,42.6,18.0,4.4,3.2,96.8,889,11.3,57.7,1388,86.9,13.1,3286,28.7,30.2,6.2,22.9,72.4,1.6,0.0,28.6,3.4,2020
12086000509,"Census Tract 5.09, Miami-Dade County, Florida",50.2,14.2,86.3,5.5,2.9,0.0,29.5,30813,47322,15412,7.9,12.8,20.8,9.8,3.6,20.4,12.0,10.0,2.8,0.0,39.2,46.7,26.0,16.1,27.4,41.5,15.0,49.6,50.4,1007,5.8,65.1,1137,95.1,4.9,3701,29.0,24.2,7.1,42.6,40.7,8.8,0.0,42.4,0.0,2020
12086000601,"Census Tract 6.01, Miami-Dade County, Florida",62.3,1.6,74.0,1.0,0.0,10.5,29.0,45337,58857,20779,8.7,7.2,15.3,10.1,14.6,13.4,12.7,13.2,4.6,0.0,18.1,23.5,18.6,3.5,39.0,29.3,28.2,68.9,31.1,1661,27.2,42.9,1329,95.7,4.3,4200,42.7,17.1,18.1,89.4,0.8,2.9,0.8,93.3,2.0,2020
12086000602,"Census Tract 6.02, Miami-Dade County, Florida",59.6,4.2,84.5,0.0,0.1,6.5,29.1,58583,63758,20001,5.7,6.2,13.2,8.2,11.8,23.6,14.7,11.0,3.2,2.4,13.1,30.5,13.9,2.9,26.7,31.6,38.8,82.6,17.4,1142,10.4,74.0,1745,96.3,3.7,6028,46.1,15.9,20.2,78.2,0.2,20.5,0.0,96.1,0.6,2020
12086000603,"Census Tract 6.03, Miami-Dade County, Florida",61.4,3.0,72.4,3.6,0.0,9.0,33.2,47873,65582,26219,10.4,10.0,11.0,10.8,10.8,18.7,8.1,13.0,4.6,2.6,14.8,29.4,19.9,6.7,28.5,41.8,23.0,56.6,43.4,1326,0.0,51.8,1638,97.4,2.6,4879,46.0,11.8,19.2,79.3,0.2,14.6,1.1,95.7,3.7,2020
12086000605,"Census Tract 6.05, Miami-Dade County, Florida",51.0,4.6,79.3,1.4,0.3,5.8,30.3,64770,70863,20880,7.4,4.3,14.8,5.2,11.6,15.2,12.4,18.0,10.3,0.9,21.3,51.4,21.0,0.5,29.9,30.8,38.7,72.7,27.3,1633,0.0,56.5,1482,94.4,5.6,5282,46.5,12.1,22.3,67.0,3.3,26.1,3.2,93.2,2.2,2020
12086000607,"Census Tract 6.07, Miami-Dade County, Florida",46.1,10.1,85.0,0.7,2.3,2.4,27.9,30000,54355,22156,15.2,4.6,18.8,18.0,7.1,17.4,8.6,3.2,2.6,4.4,16.5,44.7,17.7,11.8,39.9,30.0,18.3,56.7,43.3,1143,2.2,72.9,1534,98.3,1.7,4314,52.5,11.3,30.8,80.0,4.1,14.3,1.2,96.4,1.7,2020
12086000609,"Census Tract 6.09, Miami-Dade County, Florida",58.0,0.8,88.9,1.9,1.9,3.2,26.4,20000,30059,13954,24.6,14.8,19.1,12.6,8.4,10.5,4.9,5.2,0.0,0.0,34.3,63.5,30.9,13.7,48.1,25.3,13.0,21.0,79.0,948,10.5,64.6,1361,93.6,6.4,3572,50.5,16.0,24.8,72.1,5.8,20.9,0.0,97.5,0.1,2020
12086000610,"Census Tract 6.10, Miami-Dade County, Florida",60.0,2.6,69.7,1.7,0.0,22.6,33.7,38980,46226,17885,20.0,7.2,3.9,12.9,14.8,19.7,10.5,10.9,0.0,0.0,23.3,23.5,26.8,8.4,32.4,30.4,28.8,45.2,54.8,1111,3.3,33.1,978,98.5,1.5,2884,51.1,8.7,27.0,77.9,0.5,16.4,0.0,96.6,1.1,2020
12086000611,"Census Tract 6.11, Miami-Dade County, Florida",60.7,3.0,80.8,6.0,0.2,8.0,29.6,34347,48239,16889,6.8,7.4,21.2,16.1,13.5,16.6,5.8,9.3,2.5,0.9,29.9,32.8,14.2,10.2,31.0,32.6,26.2,50.7,49.3,1221,9.7,78.8,854,95.2,4.8,2703,46.1,18.5,18.1,86.8,2.3,8.9,1.5,96.5,0.4,2020
12086000612,"Census Tract 6.12, Miami-Dade County, Florida",62.2,3.8,75.7,4.6,0.5,9.7,27.3,76071,73941,22598,6.0,5.5,10.6,5.7,3.5,17.7,26.2,16.9,5.7,2.3,17.4,40.4,11.4,3.8,29.3,40.5,26.3,77.7,22.3,1649,0.0,45.5,936,92.5,7.5,3255,46.8,8.8,19.4,78.2,0.0,18.8,0.6,94.8,1.0,2020
12086000705,"Census Tract 7.05, Miami-Dade County, Florida",52.1,7.6,67.1,1.6,8.0,7.6,22.6,23111,32859,14500,20.6,10.7,22.0,8.3,19.0,13.1,4.4,1.9,0.0,0.0,23.8,52.8,15.2,23.3,40.0,28.3,8.4,27.0,73.0,1180,8.1,48.6,2078,97.5,2.5,4944,47.9,19.6,25.6,80.9,1.2,16.4,0.0,99.3,2.4,2020
12086000710,"Census Tract 7.10, Miami-Dade County, Florida",57.3,3.3,60.0,9.1,2.5,9.4,33.1,27795,34402,14314,19.8,6.6,18.7,14.3,13.6,22.9,2.7,0.0,1.3,0.0,21.8,60.8,26.9,21.0,50.0,22.6,6.4,5.3,94.7,1038,10.6,52.0,2028,94.3,5.7,5136,43.4,16.9,20.0,80.4,2.0,11.5,0.1,97.5,0.5,2020
12086000711,"Census Tract 7.11, Miami-Dade County, Florida",50.3,5.6,70.8,1.7,2.2,13.0,30.4,32316,48105,16974,16.9,9.3,14.4,15.6,13.1,16.3,3.0,10.1,0.5,0.8,31.0,39.9,22.1,9.7,45.3,30.6,14.4,34.8,65.2,1119,8.5,71.8,1922,98.2,1.8,5935,46.9,17.5,18.7,77.5,3.5,15.8,0.0,94.4,2.2,2020
12086000712,"Census Tract 7.12, Miami-Dade County, Florida",63.5,5.5,79.8,1.0,1.2,2.7,23.0,36866,49876,18965,10.9,7.2,15.4,9.9,18.2,18.9,10.0,4.3,4.2,0.8,18.2,30.9,24.3,11.1,33.7,41.3,14.0,24.0,76.0,1182,7.4,62.9,854,97.1,2.9,2440,39.4,13.9,13.4,77.8,2.4,12.8,0.0,98.2,1.0,2020
12086000713,"Census Tract 7.13, Miami-Dade County, Florida",52.7,5.0,68.5,1.3,0.1,5.7,27.5,17364,35433,19202,32.4,14.6,8.1,6.7,8.3,12.0,15.0,1.5,1.5,0.0,29.1,38.8,25.7,17.3,50.1,15.6,17.0,37.2,62.8,1282,9.8,56.3,1469,98.0,2.0,3002,54.0,4.4,24.9,87.3,1.5,10.8,0.0,99.5,2.0,2020
12086000714,"Census Tract 7.14, Miami-Dade County, Florida",48.7,2.8,70.5,0.0,1.2,9.7,29.8,33261,36778,12895,4.9,10.1,24.4,16.2,20.7,16.9,4.3,2.4,0.0,0.0,29.9,50.4,20.1,7.2,53.8,26.2,12.8,37.6,62.4,1460,1.4,80.2,1649,99.3,0.7,5032,43.7,20.4,25.3,76.9,0.0,17.3,0.0,99.2,0.2,2020
12086000715,"Census Tract 7.15, Miami-Dade County, Florida",49.6,2.4,75.6,3.7,1.7,7.4,38.4,34702,55728,18026,3.7,11.0,9.8,26.0,16.3,12.3,10.6,6.5,1.7,2.1,21.7,39.2,18.1,10.2,33.0,37.3,19.6,64.4,35.6,1395,5.9,68.6,1122,100.0,0.0,3890,46.9,16.2,25.5,84.8,0.0,9.1,0.3,96.0,2.1,2020
12086000716,"Census Tract 7.16, Miami-Dade County, Florida",51.1,2.5,70.5,8.1,0.0,9.7,29.1,65768,68126,22667,4.2,4.0,12.7,11.7,5.6,28.3,14.0,11.7,5.4,2.3,24.2,27.4,23.9,2.5,33.5,40.1,24.0,70.3,29.7,1619,12.4,49.8,855,100.0,0.0,2862,43.6,15.3,25.3,77.6,1.4,17.8,1.1,94.1,3.4,2020
12086000717,"Census Tract 7.17, Miami-Dade County, Florida",46.1,8.4,77.5,0.0,0.0,15.9,23.7,43571,55990,19294,13.6,0.0,21.3,6.4,17.2,9.1,5.0,20.0,7.4,0.0,15.5,41.1,29.9,11.5,25.8,29.2,33.5,73.5,26.5,1387,0.0,42.9,912,98.9,1.1,2907,52.8,9.5,29.1,89.9,0.6,2.7,0.0,96.8,0.0,2020
12086000718,"Census Tract 7.18, Miami-Dade County, Florida",62.4,4.9,90.3,0.0,0.7,1.5,29.7,55796,64639,25623,6.0,5.5,9.1,7.0,6.0,47.1,8.8,5.4,0.0,5.2,12.9,28.2,21.9,11.0,20.3,60.8,7.9,56.1,43.9,1283,6.2,56.2,1724,96.4,3.6,4613,50.8,6.9,36.7,56.3,0.7,17.9,0.0,95.6,0.8,2020
12086000719,"Census Tract 7.19, Miami-Dade County, Florida",47.5,2.6,73.1,10.2,0.0,7.5,38.9,30221,45099,15203,4.0,0.0,40.5,25.4,0.0,3.6,13.5,13.1,0.0,0.0,37.1,39.7,35.0,14.7,24.0,30.8,30.6,76.2,23.8,915,0.0,71.7,545,92.5,7.5,1697,52.2,14.1,17.4,96.0,0.2,3.6,0.0,96.1,0.0,2020
12086000720,"Census Tract 7.20, Miami-Dade County, Florida",46.5,0.0,68.4,0.0,1.6,11.5,26.9,41484,54636,20129,11.1,7.4,23.2,5.7,11.8,23.2,6.8,5.0,1.1,4.6,21.8,38.6,19.2,15.7,37.1,24.4,22.9,40.4,59.6,1158,1.7,80.6,1345,97.9,2.1,3853,51.2,14.7,27.7,89.7,0.2,6.7,0.0,94.7,0.7,2020
12086000804,"Census Tract 8.04, Miami-Dade County, Florida",53.4,0.7,68.8,4.4,0.2,11.5,29.6,39182,51430,20535,2.2,17.1,14.9,10.2,22.7,14.0,6.5,6.5,3.4,2.4,21.5,37.6,25.2,4.9,37.0,25.4,32.6,39.7,60.3,1241,19.7,55.4,1600,94.8,5.2,4441,50.8,12.0,25.8,79.2,2.3,8.5,0.0,96.6,0.0,2020
12086000805,"Census Tract 8.05, Miami-Dade County, Florida",54.0,6.8,74.8,1.2,3.2,10.6,28.4,37616,61426,20166,5.7,7.9,13.1,17.4,15.0,13.7,12.3,8.9,3.8,2.2,17.5,35.0,21.5,6.7,32.9,39.8,20.7,51.9,48.1,1269,2.2,61.2,1699,95.5,4.5,5944,46.9,18.9,22.1,81.0,0.1,14.2,0.1,94.9,1.1,2020
12086000806,"Census Tract 8.06, Miami-Dade County, Florida",47.1,5.5,79.2,2.7,0.5,10.1,35.5,26932,36244,15679,17.0,9.4,19.6,9.5,22.1,13.0,4.8,4.6,0.0,0.0,25.2,55.5,21.2,20.3,43.9,29.6,6.2,20.6,79.4,1062,20.7,61.7,1715,99.0,1.0,4523,49.6,14.2,31.8,78.5,3.4,12.3,0.1,97.7,1.1,2020
12086000807,"Census Tract 8.07, Miami-Dade County, Florida",51.6,7.7,71.9,7.3,0.0,2.4,31.0,25382,32755,14929,16.2,15.1,17.9,12.0,21.4,9.7,3.5,2.3,1.9,0.0,26.1,34.0,21.5,26.9,38.1,13.7,21.3,5.8,94.2,1050,8.2,66.4,1667,99.6,0.4,4074,51.3,14.9,23.0,76.9,1.4,19.6,0.0,94.5,3.4,2020
12086000808,"Census Tract 8.08, Miami-Dade County, Florida",59.4,10.5,79.4,3.6,1.2,6.6,28.5,35407,48293,18614,8.2,5.8,16.2,19.3,9.1,22.4,8.9,8.6,1.5,0.0,18.2,51.5,38.6,10.2,46.6,24.7,18.4,27.4,72.6,1137,6.4,58.3,1612,97.9,2.1,4613,47.4,12.4,22.7,81.7,2.5,10.9,0.0,94.4,0.5,2020
12086000903,"Census Tract 9.03, Miami-Dade County, Florida",58.3,3.2,70.4,7.6,0.5,3.6,33.6,37553,54229,15964,16.0,5.2,7.5,19.4,18.7,9.9,8.9,13.6,0.0,0.8,38.3,40.3,19.4,9.9,48.7,26.7,14.8,50.4,49.6,1111,0.0,74.0,967,91.1,8.9,3437,29.3,32.4,10.9,18.8,62.7,7.1,0.0,36.3,2.2,2020
12086000904,"Census Tract 9.04, Miami-Dade County, Florida",51.0,3.1,85.7,0.1,0.0,0.0,36.2,42250,53500,16950,9.1,6.0,9.1,10.8,19.4,21.5,15.6,5.0,3.6,0.0,9.9,29.8,10.6,13.0,23.1,39.3,24.7,83.2,16.8,1680,0.0,94.5,737,92.9,7.1,2491,41.9,25.3,16.8,44.9,28.1,18.2,0.0,69.4,1.4,2020
12086000905,"Census Tract 9.05, Miami-Dade County, Florida",60.0,2.4,88.1,0.9,0.0,3.0,33.7,51045,57071,19485,8.9,3.9,13.8,15.5,5.7,27.2,10.9,7.5,6.6,0.0,10.4,36.3,33.3,3.7,38.5,27.0,30.8,62.2,37.8,1160,22.9,61.3,1133,90.6,9.4,3743,45.3,11.8,20.3,54.2,20.9,14.4,0.7,79.4,2.9,2020
12086000906,"Census Tract 9.06, Miami-Dade County, Florida",48.5,5.7,89.8,3.2,0.0,7.0,34.6,-666666666,186044,55766,19.7,0.0,2.6,24.4,1.3,10.3,12.9,4.4,10.8,13.6,16.4,36.4,28.0,0.0,22.4,57.7,19.9,43.8,56.3,1232,0.0,45.4,544,100.0,0.0,1757,37.9,9.4,18.9,29.2,47.4,5.4,0.0,70.1,3.1,2020
12086000907,"Census Tract 9.07, Miami-Dade County, Florida",82.9,0.0,94.8,0.7,0.0,4.4,46.6,50979,54951,22434,0.3,0.5,28.5,0.8,6.6,44.0,8.7,10.7,0.0,0.0,8.2,21.6,44.2,0.0,55.0,44.3,0.8,16.5,83.5,1647,11.9,75.3,483,81.4,18.6,1109,30.0,22.5,15.3,74.7,16.1,9.2,0.0,90.3,3.1,2020
12086000908,"Census Tract 9.08, Miami-Dade County, Florida",52.2,5.0,82.7,3.1,0.0,0.0,33.7,50768,62234,18818,6.3,11.2,8.9,5.8,14.9,26.1,11.1,8.2,3.2,4.1,20.2,37.9,14.4,3.8,28.9,17.0,50.3,87.2,12.8,1304,0.0,66.1,899,100.0,0.0,3724,47.8,15.5,18.0,66.1,6.2,2.0,3.0,87.1,3.2,2020
12086001003,"Census Tract 10.03, Miami-Dade County, Florida",58.8,5.5,82.9,4.3,0.0,1.7,31.4,40072,49369,18759,19.0,6.7,11.0,7.6,12.5,16.8,20.0,4.1,1.1,1.3,24.5,30.1,21.8,9.6,33.9,41.0,15.5,56.4,43.6,1298,4.7,64.4,2111,95.7,4.3,6124,43.1,19.9,14.5,15.6,71.8,6.2,0.0,25.4,0.2,2020
12086001004,"Census Tract 10.04, Miami-Dade County, Florida",53.7,10.8,80.1,9.2,1.1,0.4,26.5,32411,38384,14277,17.2,2.7,19.6,14.3,24.6,9.1,7.0,4.8,0.4,0.2,35.8,48.5,14.0,19.8,53.5,16.4,10.4,19.5,80.5,1048,12.4,54.2,2530,89.8,10.2,6545,30.1,30.8,9.4,21.9,73.4,1.1,0.3,25.8,0.5,2020
12086001005,"Census Tract 10.05, Miami-Dade County, Florida",33.0,8.9,87.7,4.6,0.0,0.0,30.7,31722,44863,20802,11.3,11.5,16.1,12.8,12.2,21.2,5.9,5.4,0.0,3.5,35.5,37.0,10.1,28.3,46.3,14.4,11.0,28.0,72.0,939,16.4,45.9,842,94.3,5.7,1980,54.6,13.6,36.0,12.6,82.8,2.6,0.2,12.5,2.4,2020
12086001006,"Census Tract 10.06, Miami-Dade County, Florida",52.3,13.8,68.2,17.1,0.0,8.2,37.8,36193,45165,16632,29.0,6.1,8.3,5.9,17.5,14.6,5.7,8.4,2.1,2.3,30.0,44.3,25.7,31.4,40.7,18.1,9.8,39.0,61.0,789,1.0,49.2,1745,88.7,11.3,5017,35.1,27.0,14.6,14.0,66.0,10.4,1.3,26.7,2.6,2020
12086001007,"Census Tract 10.07, Miami-Dade County, Florida",51.5,14.4,69.0,14.3,0.0,0.0,43.4,40285,43307,13950,3.6,0.0,18.1,15.0,41.7,12.4,4.2,5.0,0.0,0.0,21.0,35.8,34.3,14.3,48.7,22.3,14.7,58.8,41.2,1119,22.7,61.9,982,97.5,2.5,3290,38.0,26.5,16.1,21.9,64.7,0.4,0.0,36.3,0.0,2020
12086001008,"Census Tract 10.08, Miami-Dade County, Florida",57.2,8.2,79.3,11.7,0.0,1.3,37.2,57731,64822,26488,7.0,1.7,6.1,18.6,13.4,19.9,9.2,9.5,14.6,0.0,13.8,40.0,20.3,18.6,42.9,22.2,16.2,47.6,52.4,1402,5.9,37.5,1123,92.2,7.8,2835,34.6,26.6,12.7,17.0,68.2,10.2,0.0,36.5,6.9,2020
12086001101,"Census Tract 11.01, Miami-Dade County, Florida",55.4,10.0,63.5,7.8,0.0,7.0,32.1,52394,68164,18654,2.1,1.5,8.4,12.5,18.1,21.9,14.8,16.4,1.8,2.5,16.6,33.1,27.8,2.9,30.7,44.5,22.0,63.2,36.8,1573,0.0,64.3,1513,91.1,8.9,5951,35.0,23.4,15.8,28.3,54.1,11.6,2.8,31.6,4.2,2020
12086001102,"Census Tract 11.02, Miami-Dade County, Florida",53.0,6.4,81.0,4.3,3.2,6.2,29.0,78603,95189,23497,3.7,2.9,8.1,8.9,11.4,12.6,20.4,15.4,7.1,9.5,14.5,19.8,13.0,3.7,24.9,40.0,31.4,70.1,29.9,1468,5.2,56.2,1200,94.3,5.8,5164,30.0,15.8,10.7,37.9,47.0,5.3,1.9,32.7,4.4,2020
12086001103,"Census Tract 11.03, Miami-Dade County, Florida",59.6,12.4,74.2,6.7,0.0,13.8,31.8,48108,84825,28356,3.8,2.6,11.1,22.3,14.2,15.7,5.8,10.8,9.7,3.8,27.2,34.9,23.3,6.1,38.0,41.4,14.4,47.5,52.5,1130,10.2,55.0,1620,85.1,14.9,4402,36.5,25.1,12.4,20.9,57.3,12.5,1.4,28.4,4.7,2020
12086001104,"Census Tract 11.04, Miami-Dade County, Florida",69.1,3.3,70.7,0.8,0.8,11.7,26.3,135913,144812,48667,1.1,0.7,3.9,1.6,6.3,14.1,9.9,27.2,13.9,21.3,3.9,0.7,5.3,5.0,19.6,56.4,19.0,92.0,8.0,3000,1.8,77.2,1702,87.1,12.9,4462,42.6,26.7,15.4,60.9,18.4,9.6,3.2,32.0,3.9,2020
12086001204,"Census Tract 12.04, Miami-Dade County, Florida",65.9,7.8,81.6,1.1,0.7,6.8,32.9,55077,87003,39745,5.3,1.4,13.7,12.1,13.2,21.1,12.6,10.5,2.6,7.5,9.1,13.7,11.4,9.0,52.3,31.1,7.5,55.1,44.9,1362,15.1,57.6,2920,82.6,17.4,5581,42.5,20.1,18.9,78.7,14.1,5.4,0.4,57.3,5.3,2020
12086001205,"Census Tract 12.05, Miami-Dade County, Florida",74.8,2.3,76.1,1.6,2.2,5.8,30.6,111042,151175,53603,3.1,2.1,7.7,4.5,3.1,10.0,10.3,18.7,11.7,28.8,2.9,3.4,11.8,12.7,21.2,40.9,25.2,77.9,22.1,1418,5.4,64.1,979,85.9,14.1,2488,40.2,25.8,10.6,91.7,4.9,2.0,0.7,38.3,2.3,2020
12086001206,"Census Tract 12.06, Miami-Dade County, Florida",59.6,7.9,68.0,10.6,1.3,10.0,30.1,92425,123967,49115,14.2,0.4,1.7,4.9,2.4,13.5,15.0,18.3,10.1,19.6,16.8,10.3,6.4,2.5,46.0,39.4,12.1,72.3,27.7,1187,3.6,59.7,2057,78.6,21.4,4141,43.8,18.3,17.3,82.0,13.9,1.0,1.5,36.2,3.3,2020
12086001207,"Census Tract 12.07, Miami-Dade County, Florida",65.7,2.3,91.7,0.0,0.0,3.3,34.3,60208,86322,21826,3.0,0.0,9.1,5.4,25.4,12.5,9.9,18.3,13.1,3.2,4.4,3.0,4.6,3.0,18.9,63.4,14.7,70.6,29.4,1430,11.5,65.5,529,95.1,4.9,2073,19.6,48.1,7.3,38.0,49.5,12.5,0.0,34.2,2.7,2020
12086001208,"Census Tract 12.08, Miami-Dade County, Florida",55.3,11.0,83.3,3.5,4.1,2.5,36.1,36396,49775,21930,10.7,0.0,23.2,11.9,13.5,16.6,10.1,13.5,0.6,0.0,20.2,36.1,24.0,11.1,50.1,38.8,0.0,12.8,87.2,1455,8.8,59.0,1483,82.9,17.1,2888,45.7,13.7,23.1,19.4,61.8,2.1,3.0,13.9,3.2,2020
12086001209,"Census Tract 12.09, Miami-Dade County, Florida",77.7,5.0,76.6,5.6,0.0,3.6,42.1,30677,42181,17192,24.0,2.2,13.6,20.3,13.3,11.5,10.9,0.0,2.5,1.6,20.2,21.0,23.3,15.4,50.9,26.0,7.6,13.7,86.3,1218,4.2,69.9,1263,96.7,3.3,3578,37.0,23.9,6.1,27.6,50.4,12.9,0.0,45.6,0.4,2020
12086001301,"Census Tract 13.01, Miami-Dade County, Florida",66.7,1.5,71.4,10.3,0.0,3.8,31.4,38762,56706,29453,15.1,5.7,11.7,15.5,13.8,18.6,7.4,8.5,0.7,3.0,13.0,20.7,25.2,25.3,53.8,16.8,4.1,26.2,73.8,1152,15.1,54.5,2929,93.1,6.9,5386,35.9,16.9,12.8,46.2,41.6,1.4,6.0,34.0,4.0,2020
12086001302,"Census Tract 13.02, Miami-Dade County, Florida",69.5,2.7,74.8,2.5,1.5,13.3,26.6,54306,96378,49685,4.1,0.8,15.5,8.4,17.4,9.7,16.0,15.3,4.5,8.4,6.0,4.0,10.7,8.9,48.9,26.7,15.6,54.9,45.1,1407,11.1,49.2,3193,84.3,15.7,5377,43.4,15.9,21.4,64.3,18.7,9.9,1.5,50.4,3.4,2020
12086001401,"Census Tract 14.01, Miami-Dade County, Florida",49.6,11.7,77.8,12.9,2.2,0.0,34.3,20461,30092,11128,18.1,16.5,27.2,11.9,10.0,10.9,2.3,2.5,0.0,0.6,44.7,53.5,19.9,35.3,42.1,20.2,2.5,13.6,86.4,881,8.1,52.9,2427,90.8,9.2,6606,30.1,30.0,11.1,8.3,81.1,4.7,0.0,20.1,2.4,2020
12086001402,"Census Tract 14.02, Miami-Dade County, Florida",61.6,6.2,48.7,15.3,5.1,17.1,33.0,30230,48657,19731,18.9,5.5,20.0,11.4,26.4,11.0,0.8,4.4,0.0,1.7,30.3,39.7,18.8,25.9,57.1,12.6,4.5,17.0,83.0,936,5.2,62.8,2482,92.3,7.7,5956,35.8,26.3,14.6,28.3,61.2,7.2,0.0,38.3,1.3,2020
12086001501,"Census Tract 15.01, Miami-Dade County, Florida",37.7,17.9,49.1,26.7,4.3,0.0,34.3,20154,37011,12237,38.4,6.9,12.3,5.7,16.2,3.1,5.4,9.6,0.0,2.5,57.2,66.8,19.2,46.9,34.2,16.4,2.5,23.5,76.5,324,5.2,51.5,1284,78.2,21.8,3420,25.4,35.6,7.2,5.2,86.0,7.3,1.0,7.5,0.0,2020
12086001502,"Census Tract 15.02, Miami-Dade County, Florida",40.6,11.4,75.4,11.9,2.3,5.0,32.6,30436,40021,13066,24.9,3.6,7.3,19.3,26.4,10.3,5.5,0.7,1.0,1.0,32.6,61.3,15.9,16.9,47.6,15.6,19.9,21.7,78.3,922,6.5,59.5,1456,85.6,14.4,4242,24.8,33.7,8.9,14.9,79.5,0.0,0.0,29.7,1.3,2020
12086001603,"Census Tract 16.03, Miami-Dade County, Florida",47.3,4.9,75.8,2.6,1.7,1.8,24.5,45020,50129,21207,2.2,19.4,10.6,15.2,9.6,22.2,9.0,9.4,2.1,0.2,15.8,27.7,20.1,15.7,39.1,28.8,16.3,74.9,25.1,1118,9.0,67.1,1063,95.7,4.3,2783,54.1,9.9,31.2,75.2,1.3,13.6,0.0,95.9,2.3,2020
12086001605,"Census Tract 16.05, Miami-Dade County, Florida",47.0,7.8,73.4,0.6,3.2,4.4,29.2,22212,28260,13863,25.9,10.8,15.0,20.7,11.1,11.5,2.0,3.1,0.0,0.0,32.6,61.4,21.5,29.7,48.5,19.2,2.6,5.9,94.1,857,5.0,54.7,1944,94.1,5.9,3980,49.5,13.0,26.2,69.9,9.1,11.9,0.0,97.7,0.4,2020
12086001606,"Census Tract 16.06, Miami-Dade County, Florida",57.7,3.3,65.2,1.3,3.5,13.2,23.4,35317,39801,15683,14.0,3.3,14.1,18.1,22.2,14.8,8.6,4.9,0.0,0.0,12.1,42.9,26.6,17.9,36.2,36.5,9.3,20.1,79.9,1017,17.8,43.2,1679,97.0,3.0,4773,43.7,17.6,16.5,72.3,3.1,9.0,0.2,97.6,1.2,2020
12086001607,"Census Tract 16.07, Miami-Dade County, Florida",67.9,3.3,81.4,0.0,0.0,12.8,25.5,70969,79448,24220,7.9,4.1,12.4,3.3,6.2,19.8,10.3,29.4,5.0,1.6,9.3,51.1,19.7,7.0,20.1,48.8,24.2,67.4,32.6,1073,9.3,53.6,1146,95.4,4.6,3458,49.5,12.1,23.6,72.2,0.4,3.2,2.3,96.2,2.5,2020
12086001608,"Census Tract 16.08, Miami-Dade County, Florida",61.9,1.1,85.2,0.0,0.0,8.4,25.2,53438,64680,21789,9.8,5.7,15.8,6.1,9.3,15.6,15.4,12.8,6.6,2.8,13.0,37.0,29.2,6.6,26.2,27.8,39.4,75.5,24.5,1395,9.7,72.2,929,99.9,0.1,3338,42.2,13.1,18.5,71.5,1.2,16.9,0.8,93.0,1.7,2020
12086001701,"Census Tract 17.01, Miami-Dade County, Florida",51.9,7.5,88.5,3.8,2.3,1.1,35.5,28075,41010,16151,15.2,9.0,16.7,16.9,14.4,19.9,4.5,1.4,0.0,2.1,38.4,39.1,27.3,9.5,38.0,38.7,13.8,36.7,63.3,963,7.8,63.8,1677,90.8,9.2,4540,37.3,20.9,7.6,25.6,44.3,12.7,0.2,51.5,3.3,2020
12086001702,"Census Tract 17.02, Miami-Dade County, Florida",59.1,14.2,75.9,9.5,0.6,5.6,34.8,30911,39801,15750,7.9,13.7,16.0,22.6,17.8,7.8,5.5,6.6,1.6,0.5,28.3,34.1,35.9,25.5,45.3,11.9,17.3,24.5,75.5,1034,3.4,68.6,1455,92.0,8.0,3896,34.6,29.9,10.4,45.4,41.3,9.8,0.4,54.8,5.1,2020
12086001704,"Census Tract 17.04, Miami-Dade County, Florida",44.8,6.7,77.0,7.0,2.9,0.0,33.4,23700,32613,11241,15.9,12.9,22.9,14.4,15.4,5.7,9.7,1.2,1.8,0.0,38.2,33.7,37.8,18.1,45.6,25.1,11.2,25.5,74.5,1132,10.4,64.6,818,89.7,10.3,2389,36.1,26.9,15.4,71.1,4.3,3.6,0.0,88.2,7.5,2020
12086001705,"Census Tract 17.05, Miami-Dade County, Florida",66.8,0.0,84.9,6.7,0.4,0.0,27.8,35114,46291,19943,9.6,5.9,25.7,8.6,13.4,20.1,4.6,10.1,2.0,0.0,19.8,51.5,24.2,9.1,49.5,34.2,7.3,15.7,84.3,1070,1.5,46.8,672,90.2,9.8,1652,43.4,16.0,14.5,68.2,3.1,20.0,0.0,90.0,0.0,2020
12086001801,"Census Tract 18.01, Miami-Dade County, Florida",41.2,16.7,76.1,8.1,0.0,4.3,27.0,26250,37186,12591,21.9,12.4,14.8,7.4,14.2,18.6,7.2,2.0,1.6,0.0,44.6,40.0,14.2,25.0,41.0,25.2,8.7,47.7,52.3,744,12.7,74.1,1761,93.4,6.6,5296,26.3,39.7,14.4,13.7,81.1,1.9,0.1,20.6,0.4,2020
12086001802,"Census Tract 18.02, Miami-Dade County, Florida",54.5,6.3,71.4,10.7,2.2,8.6,31.3,28109,36402,14588,12.1,11.3,21.1,22.6,13.9,11.2,2.9,3.4,1.1,0.6,34.2,45.5,24.1,14.9,54.8,18.6,11.7,40.0,60.0,1303,6.0,68.8,1507,92.8,7.2,4110,33.4,24.9,11.0,36.8,39.7,9.0,0.0,58.8,2.6,2020
12086001803,"Census Tract 18.03, Miami-Dade County, Florida",55.7,9.4,68.7,21.0,1.0,0.0,35.0,17265,34113,15518,17.4,19.5,23.0,5.5,12.3,14.9,3.7,0.2,3.7,0.0,36.0,58.0,12.6,40.7,43.2,7.4,8.7,13.8,86.2,450,27.5,37.1,1584,78.5,21.5,3191,31.2,22.8,17.6,34.3,57.6,1.5,0.0,32.6,0.8,2020
12086001901,"Census Tract 19.01, Miami-Dade County, Florida",40.0,21.5,88.5,10.7,0.0,0.0,26.9,22645,37623,15574,24.7,6.7,26.3,12.9,6.5,13.6,5.5,1.7,1.5,0.6,36.5,52.6,14.0,28.3,55.2,11.6,4.9,17.9,82.1,931,6.8,58.4,2180,86.7,13.3,5203,35.1,29.3,13.5,18.1,70.3,3.2,0.0,30.8,1.2,2020
12086001903,"Census Tract 19.03, Miami-Dade County, Florida",56.7,14.0,59.1,30.5,0.0,1.4,42.0,31439,35613,16326,24.5,3.0,14.8,11.3,22.1,11.6,10.9,1.3,0.5,0.0,24.9,43.8,28.0,34.0,42.4,16.7,6.8,18.3,81.7,1002,11.4,63.2,1507,87.2,12.8,3312,34.1,19.3,9.2,14.1,81.7,0.5,0.0,14.4,2.4,2020
12086001904,"Census Tract 19.04, Miami-Dade County, Florida",51.4,11.5,83.4,8.3,1.3,0.9,34.3,21563,32454,14577,27.3,8.7,21.7,11.1,9.9,14.3,5.7,0.9,0.0,0.5,41.8,47.1,15.6,28.9,43.4,22.6,5.2,22.9,77.1,1067,12.2,71.9,1807,93.0,7.0,4362,35.2,29.7,12.4,25.7,64.5,6.6,0.0,36.7,1.8,2020
12086002001,"Census Tract 20.01, Miami-Dade County, Florida",44.2,8.0,51.1,22.6,0.0,8.2,30.6,20557,29939,11781,31.5,8.7,25.5,4.6,6.4,15.0,4.6,3.1,0.7,0.0,33.9,56.0,40.2,41.0,36.5,18.4,4.1,20.5,79.5,505,8.9,52.8,1598,90.2,9.8,4282,35.7,23.3,17.5,11.8,79.3,0.0,4.3,18.1,1.5,2020
12086002003,"Census Tract 20.03, Miami-Dade County, Florida",34.5,20.6,65.5,23.9,0.0,4.0,34.1,18525,26420,12206,36.4,3.7,23.1,10.9,13.6,7.1,3.0,0.8,1.4,0.0,50.1,48.6,18.3,32.0,46.4,19.6,2.1,14.2,85.8,889,2.1,68.7,1467,82.8,17.2,3072,35.5,26.0,20.4,24.4,63.8,5.8,0.0,29.9,4.4,2020
12086002004,"Census Tract 20.04, Miami-Dade County, Florida",49.4,12.9,59.0,20.8,1.1,0.4,32.1,26763,39069,14093,24.7,3.5,17.8,12.0,16.1,11.5,5.9,3.9,4.5,0.0,26.3,46.9,21.6,37.5,42.4,9.3,10.9,16.4,83.6,990,14.1,60.1,1180,84.2,15.8,3380,33.4,28.9,12.3,21.0,78.5,0.2,0.0,23.0,1.6,2020
12086002100,"Census Tract 21, Miami-Dade County, Florida",63.1,4.8,55.1,2.0,4.8,24.5,21.3,85347,162115,72982,4.2,4.0,4.6,7.3,5.8,17.5,12.5,8.6,5.8,29.7,8.9,1.7,10.0,12.0,46.8,26.8,14.4,43.3,56.7,1589,8.0,35.6,1370,83.0,17.0,2573,41.2,15.0,11.5,71.8,9.9,8.5,8.0,41.6,2.4,2020
12086002201,"Census Tract 22.01, Miami-Dade County, Florida",65.6,6.9,66.5,1.7,9.6,8.6,25.7,65536,70122,25047,9.2,5.4,9.0,4.5,8.5,23.7,23.7,9.3,2.1,4.6,21.6,13.5,24.2,8.9,46.8,32.5,11.7,20.8,79.2,1720,18.1,48.1,1148,87.6,12.4,3345,37.3,15.2,15.5,67.1,28.1,3.7,0.0,50.0,2.5,2020
12086002202,"Census Tract 22.02, Miami-Dade County, Florida",52.3,8.7,76.5,12.2,1.7,0.7,31.3,41971,55909,18647,10.1,6.2,8.4,9.5,21.8,18.9,11.4,9.1,3.0,1.5,19.7,33.6,30.6,12.4,30.5,48.8,8.3,59.9,40.1,1160,9.2,55.5,2099,90.1,9.9,6331,39.2,18.1,16.8,19.2,65.1,6.2,0.9,26.2,4.2,2020
12086002300,"Census Tract 23, Miami-Dade County, Florida",46.7,8.8,76.7,9.2,0.0,3.5,30.4,37527,42958,14601,16.4,4.7,14.8,12.8,20.1,18.0,7.3,2.8,3.1,0.0,34.1,41.4,17.0,30.0,24.8,34.3,10.9,52.7,47.3,1173,15.9,60.5,2085,82.2,17.8,5877,40.0,25.7,13.6,21.4,61.6,0.6,1.6,37.0,1.6,2020
12086002402,"Census Tract 24.02, Miami-Dade County, Florida",59.6,7.2,77.8,7.8,1.7,3.6,31.6,33563,48581,17024,11.3,9.5,19.7,11.2,19.0,12.3,6.6,5.6,1.6,3.3,21.0,43.7,33.1,18.7,46.4,20.3,14.6,23.2,76.8,1047,10.6,58.2,2053,96.6,3.4,6907,35.2,22.8,13.8,68.7,7.5,18.5,0.2,90.2,2.0,2020
12086002403,"Census Tract 24.03, Miami-Dade County, Florida",55.0,6.3,84.7,7.8,0.0,0.0,33.3,31020,45402,16635,8.5,14.1,19.1,13.7,17.7,6.3,7.0,10.6,2.1,0.7,29.2,45.6,26.4,16.8,41.0,25.1,17.1,29.1,70.9,1019,5.6,63.8,1464,99.0,1.0,4753,40.3,21.2,18.5,61.4,9.1,7.6,0.0,90.8,0.9,2020
12086002404,"Census Tract 24.04, Miami-Dade County, Florida",47.8,7.8,65.3,12.2,8.5,0.0,36.4,21554,34601,15954,26.9,17.0,9.0,15.9,17.7,9.8,0.0,1.6,1.4,0.6,35.9,60.6,28.4,20.3,63.1,10.6,6.1,12.5,87.5,809,11.1,55.4,2770,94.0,6.0,6261,40.3,22.6,22.3,66.2,6.4,12.5,0.0,93.4,4.0,2020
12086002501,"Census Tract 25.01, Miami-Dade County, Florida",55.1,11.1,68.9,7.6,4.4,0.1,33.1,35024,44752,15204,7.1,10.5,10.9,21.5,16.6,17.6,10.3,4.1,0.4,1.0,24.8,52.8,29.4,13.6,47.4,27.9,11.1,30.0,70.0,1140,9.8,58.4,1947,93.6,6.4,6194,39.8,22.8,12.9,50.8,15.9,17.4,0.0,83.9,8.4,2020
12086002502,"Census Tract 25.02, Miami-Dade County, Florida",45.0,4.7,77.2,4.8,1.3,0.0,32.0,31615,37683,13604,18.5,12.0,8.8,13.4,28.3,8.5,4.9,4.4,0.0,1.2,27.1,32.3,43.5,21.5,48.0,23.6,6.9,32.3,67.7,991,10.2,65.1,1248,93.2,6.8,3600,39.4,28.6,17.4,31.6,35.3,0.6,0.0,65.4,4.2,2020
12086002600,"Census Tract 26, Miami-Dade County, Florida",65.2,5.6,53.3,15.0,3.5,11.5,32.5,51583,70895,26409,5.2,10.8,4.2,14.5,15.0,18.1,7.8,11.3,7.7,5.5,21.0,31.6,23.7,24.5,48.3,23.4,3.8,16.4,83.6,1323,8.3,51.6,3060,81.8,18.2,7195,34.1,23.8,10.0,47.9,15.9,14.3,0.0,74.7,5.4,2020
12086002702,"Census Tract 27.02, Miami-Dade County, Florida",65.7,9.3,56.6,11.1,6.7,12.8,27.4,52305,66231,30271,10.6,3.6,9.5,8.7,12.8,25.5,6.9,15.5,3.4,3.5,27.3,7.5,28.4,18.2,53.0,26.0,2.7,6.4,93.6,1670,11.5,50.9,1707,87.1,12.9,3884,33.9,10.8,6.0,63.1,17.0,11.2,1.5,66.7,5.1,2020
12086002705,"Census Tract 27.05, Miami-Dade County, Florida",67.5,8.8,61.9,2.1,3.0,10.5,34.2,63065,93844,44030,3.2,0.5,1.3,6.5,26.1,17.6,14.6,14.5,2.4,13.5,6.3,19.6,27.9,20.3,44.5,29.3,5.9,15.6,84.4,1911,11.2,45.4,2625,75.6,24.4,4625,33.0,11.8,8.9,73.6,6.8,14.4,0.5,73.5,2.8,2020
12086002707,"Census Tract 27.07, Miami-Dade County, Florida",79.1,2.4,72.7,1.8,0.0,9.0,22.9,74216,102946,61742,11.8,0.0,13.2,0.0,6.1,20.9,11.0,9.5,14.3,13.2,8.5,0.0,4.0,14.5,59.7,23.8,2.1,36.9,63.1,1977,4.3,33.6,1321,69.4,30.6,1544,36.2,17.5,5.2,83.3,12.7,0.8,3.2,35.6,2.9,2020
12086002708,"Census Tract 27.08, Miami-Dade County, Florida",85.8,3.5,52.8,4.7,3.8,27.2,24.2,64604,81190,49992,3.6,1.3,12.8,1.5,12.5,30.1,11.0,11.6,8.1,7.6,4.2,1.2,15.3,8.6,62.9,23.2,5.3,19.7,80.3,1830,11.9,41.8,1546,83.7,16.3,2209,36.2,8.1,7.3,74.8,6.9,10.3,6.2,47.8,6.0,2020
12086002709,"Census Tract 27.09, Miami-Dade County, Florida",78.6,5.4,64.7,1.6,2.4,14.2,23.1,95040,113976,69781,5.2,5.6,2.2,5.9,1.0,15.8,17.2,25.5,9.5,12.1,10.4,0.0,10.4,11.9,65.9,21.3,0.9,36.6,63.4,2230,6.0,40.6,3264,71.0,29.0,3922,34.4,5.6,5.1,68.1,11.2,4.4,8.4,40.0,3.0,2020
12086002710,"Census Tract 27.10, Miami-Dade County, Florida",68.3,0.9,73.0,1.5,6.0,9.4,26.1,110518,199506,120724,4.8,3.4,3.7,9.0,9.1,6.1,8.3,26.9,8.0,20.6,5.2,3.6,3.2,0.0,70.7,27.2,2.1,47.6,52.4,1749,0.0,32.6,1837,60.2,39.8,1841,50.1,12.2,17.9,77.6,3.1,11.5,0.0,51.5,2.2,2020
12086002800,"Census Tract 28, Miami-Dade County, Florida",51.0,7.7,48.4,18.4,1.3,23.9,32.1,31319,56108,21115,10.6,4.3,13.6,31.5,6.5,12.3,4.3,8.1,5.3,3.5,45.9,36.3,29.3,19.4,77.1,3.5,0.0,2.8,97.2,1087,12.8,52.7,525,75.6,24.4,1208,41.3,15.0,9.5,31.2,36.8,7.9,0.7,53.1,2.5,2020
12086002900,"Census Tract 29, Miami-Dade County, Florida",56.9,9.2,65.9,14.4,2.5,1.8,32.9,36585,42957,15046,10.0,8.8,15.3,11.3,17.4,22.4,8.3,6.2,0.3,0.0,24.7,49.1,30.4,21.8,46.4,23.2,8.6,17.5,82.5,1091,4.7,51.6,1813,97.9,2.1,6450,38.4,19.3,12.7,63.3,14.0,11.1,1.6,81.9,4.1,2020
12086003001,"Census Tract 30.01, Miami-Dade County, Florida",53.7,2.5,69.3,12.6,1.8,3.8,28.8,25608,45737,22366,28.6,8.4,12.4,8.4,10.8,15.1,3.4,8.6,0.9,3.5,34.4,34.4,25.4,32.6,44.5,16.6,6.3,23.1,76.9,941,17.5,52.4,1632,85.0,15.0,3029,41.8,11.9,16.5,55.1,19.6,21.8,3.1,67.1,2.2,2020
12086003004,"Census Tract 30.04, Miami-Dade County, Florida",33.8,2.7,66.0,6.1,10.9,1.9,26.8,20091,35981,13745,31.3,7.7,15.2,5.7,11.3,15.0,9.7,2.6,0.6,1.0,34.2,49.4,26.7,25.4,55.0,17.4,2.1,4.3,95.7,981,12.9,43.7,2277,88.4,11.6,5922,37.0,8.6,17.0,52.5,31.0,12.4,0.5,68.8,2.4,2020
12086003005,"Census Tract 30.05, Miami-Dade County, Florida",36.0,0.0,79.7,0.0,12.8,0.0,29.4,30274,29667,14667,7.6,8.2,23.7,36.7,9.8,8.6,5.4,0.0,0.0,0.0,22.8,58.9,29.4,26.2,51.0,22.8,0.0,22.2,77.8,1103,0.0,71.0,779,87.8,12.2,1580,47.3,4.4,18.2,77.7,14.9,7.5,0.0,99.3,7.4,2020
12086003006,"Census Tract 30.06, Miami-Dade County, Florida",50.6,8.2,68.4,9.5,5.0,7.5,31.4,26484,35584,13972,17.9,17.0,13.5,12.1,14.3,11.2,13.0,1.1,0.0,0.0,38.6,42.5,29.1,22.5,46.5,15.8,15.2,14.7,85.3,1104,9.1,67.9,1834,93.8,6.2,4829,42.4,17.1,13.8,82.7,4.8,10.6,0.1,89.6,4.4,2020
12086003100,"Census Tract 31, Miami-Dade County, Florida",42.3,17.3,65.4,14.0,6.4,2.2,26.8,25900,42294,15318,25.1,8.5,13.9,15.5,5.5,13.1,3.0,14.7,0.0,0.7,45.6,41.6,19.4,28.2,45.3,16.8,9.7,12.7,87.3,836,3.0,50.2,2040,86.3,13.7,5763,34.8,23.5,9.2,19.6,70.5,9.4,0.4,30.9,1.3,2020
12086003400,"Census Tract 34, Miami-Dade County, Florida",57.7,11.4,64.1,22.6,4.1,0.0,28.1,26142,29093,14809,14.3,13.4,19.7,16.2,28.8,0.6,5.7,1.2,0.0,0.0,29.0,47.5,34.4,48.2,36.2,15.6,0.0,3.4,96.6,974,12.2,67.2,1610,88.3,11.7,2999,38.5,17.8,13.8,31.0,56.0,9.4,0.0,47.4,0.4,2020
12086003603,"Census Tract 36.03, Miami-Dade County, Florida",60.5,8.7,53.3,12.1,4.7,5.1,28.1,30383,40873,20172,16.9,14.6,14.9,10.9,11.6,2.4,23.7,5.1,0.0,0.0,32.7,25.7,28.8,45.2,27.6,19.6,7.6,11.5,88.5,1106,3.2,57.7,992,87.8,12.2,1964,42.1,13.0,15.6,79.2,4.6,2.5,0.0,83.7,4.1,2020
12086003604,"Census Tract 36.04, Miami-Dade County, Florida",78.2,2.1,35.8,14.2,13.3,18.1,30.2,41492,68892,29905,15.9,2.5,1.4,17.6,22.7,21.5,2.0,0.0,8.5,7.9,8.1,27.7,33.2,32.6,48.2,18.7,0.5,7.8,92.2,1199,14.5,45.0,1304,78.8,21.2,2654,37.8,11.5,7.5,79.1,5.4,15.5,0.0,78.4,0.6,2020
12086003605,"Census Tract 36.05, Miami-Dade County, Florida",55.1,1.1,64.3,16.8,10.1,1.5,28.2,23330,40198,23282,20.8,12.2,23.4,7.3,8.9,10.3,11.9,2.3,1.1,1.7,31.1,54.8,16.4,46.4,40.3,9.4,3.9,11.0,89.0,966,9.0,29.3,1720,82.4,17.6,2657,56.6,12.5,33.8,84.2,9.2,2.0,0.0,85.6,1.2,2020
12086003606,"Census Tract 36.06, Miami-Dade County, Florida",49.7,4.9,69.8,8.4,6.8,3.3,25.4,14079,37839,25002,30.9,20.3,18.6,2.6,8.3,3.1,5.6,6.2,0.9,3.4,42.0,66.5,10.0,39.3,52.1,4.9,3.7,0.0,100.0,488,22.0,39.7,1220,95.9,4.1,1929,54.2,7.1,35.1,70.3,6.4,12.3,0.0,77.3,0.9,2020
12086003607,"Census Tract 36.07, Miami-Dade County, Florida",65.0,13.8,72.5,2.5,5.3,1.2,23.6,27800,37969,15567,19.5,9.2,13.7,12.4,21.4,16.2,3.9,0.0,2.5,1.3,37.8,44.8,22.6,16.2,56.5,20.9,6.4,6.0,94.0,975,10.7,57.7,961,95.9,4.1,2458,31.4,32.8,8.8,52.1,39.6,8.3,0.0,59.2,0.9,2020
12086003703,"Census Tract 37.03, Miami-Dade County, Florida",85.4,1.6,45.6,6.9,15.8,26.1,20.8,106771,170971,89070,5.1,0.5,4.7,1.5,9.3,9.2,15.9,22.9,7.4,23.6,7.2,1.6,16.6,10.6,70.7,17.0,1.8,25.6,74.4,2242,8.1,37.1,1903,67.6,32.4,2514,31.5,8.4,1.9,60.9,6.1,28.0,4.1,54.2,2.9,2020
12086003704,"Census Tract 37.04, Miami-Dade County, Florida",76.9,0.0,44.4,12.4,25.7,5.9,23.0,63906,62229,43485,6.6,6.8,6.0,11.8,3.3,32.0,21.3,7.8,3.3,1.2,12.7,10.2,10.8,28.5,63.8,7.7,0.0,11.0,89.0,1693,10.3,39.9,1264,74.7,25.3,1373,33.8,6.0,6.8,81.5,10.6,1.3,2.1,45.0,0.0,2020
12086003705,"Census Tract 37.05, Miami-Dade County, Florida",72.9,1.2,62.8,8.1,16.9,2.7,21.4,90051,105220,62632,10.2,0.0,7.3,3.6,8.4,10.9,19.0,15.5,9.9,15.1,8.7,5.1,3.7,6.3,70.2,19.6,4.0,36.4,63.6,2381,4.5,44.4,1381,69.5,30.5,1672,34.3,9.2,3.3,87.7,3.8,2.4,2.8,65.4,1.6,2020
12086003706,"Census Tract 37.06, Miami-Dade County, Florida",0.0,-666666666.0,-666666666.0,-666666666.0,-666666666.0,-666666666.0,-666666666.0,-666666666,-666666666,4194,-666666666.0,-666666666.0,-666666666.0,-666666666.0,-666666666.0,-666666666.0,-666666666.0,-666666666.0,-666666666.0,-666666666.0,-666666666.0,-666666666.0,-666666666.0,-666666666.0,-666666666.0,-666666666.0,-666666666.0,-666666666.0,-666666666.0,-666666666,-666666666.0,-666666666.0,0,-666666666.0,-666666666.0,1266,37.0,0.0,0.0,55.1,40.1,3.9,0.9,55.1,11.1,2020
12086003707,"Census Tract 37.07, Miami-Dade County, Florida",79.8,1.9,52.0,17.7,6.0,10.7,21.1,80000,94642,59941,12.2,0.0,10.1,0.6,6.6,15.9,9.5,26.0,10.5,8.8,8.5,13.1,11.8,22.4,58.7,18.1,0.8,27.9,72.1,1947,12.5,29.3,1501,70.1,29.9,1676,33.0,6.9,10.4,77.0,2.9,3.3,7.8,58.9,7.6,2020
12086003708,"Census Tract 37.08, Miami-Dade County, Florida",81.7,3.7,47.5,3.7,18.8,16.1,21.0,115000,130123,70498,7.0,0.0,3.4,3.9,4.8,7.0,12.1,25.2,17.7,18.9,5.5,2.6,7.4,4.7,66.0,29.3,0.0,40.5,59.5,2157,14.5,24.1,832,77.4,22.6,1213,32.7,12.3,8.1,84.5,0.0,5.0,6.1,54.7,5.9,2020
12086003709,"Census Tract 37.09, Miami-Dade County, Florida",86.8,1.4,71.3,12.3,0.6,1.3,28.2,49040,61623,35331,4.3,2.5,5.0,13.2,27.9,22.7,9.1,10.7,4.5,0.0,8.9,2.5,20.7,2.1,74.9,18.7,4.3,17.1,82.9,1505,6.1,60.2,796,89.6,10.4,1332,34.0,9.1,0.9,85.5,8.7,1.5,0.6,66.0,2.2,2020
12086003710,"Census Tract 37.10, Miami-Dade County, Florida",72.3,7.6,51.5,8.8,3.8,18.5,22.6,105205,126802,55829,1.6,2.4,2.8,6.6,9.4,17.1,9.6,28.5,10.3,11.7,16.2,1.6,21.7,4.9,69.8,23.6,1.7,23.9,76.1,2328,8.0,46.5,2487,83.2,16.8,4910,36.3,10.1,3.5,52.6,11.0,30.5,5.3,53.0,4.9,2020
12086003801,"Census Tract 38.01, Miami-Dade County, Florida",68.7,6.4,63.2,4.5,2.9,12.4,29.8,99107,141789,52750,3.7,1.3,4.8,5.7,12.2,15.9,6.8,19.9,10.6,19.2,7.9,6.1,8.3,8.4,42.8,39.7,9.1,48.5,51.5,1776,22.5,51.4,2744,78.4,21.6,5866,37.3,30.0,11.3,70.7,3.7,15.5,1.2,52.2,2.9,2020
12086003803,"Census Tract 38.03, Miami-Dade County, Florida",42.1,5.7,66.2,0.0,9.5,17.9,30.0,77005,160332,73149,5.1,9.3,5.4,8.2,10.6,5.8,12.5,14.7,3.8,24.7,19.9,3.7,8.2,6.5,60.1,20.5,13.0,79.0,21.0,1830,0.0,67.8,3560,38.3,61.7,2980,53.8,18.5,35.4,87.1,2.3,4.0,2.1,31.9,5.8,2020
12086003804,"Census Tract 38.04, Miami-Dade County, Florida",53.7,5.6,61.2,7.5,5.5,22.9,32.4,57775,104094,42660,8.2,5.0,8.1,5.9,18.1,12.8,4.2,11.7,12.0,14.0,12.2,17.2,10.0,16.8,41.5,30.7,10.9,59.1,40.9,1631,13.4,66.8,3910,58.4,41.6,5665,43.7,27.2,23.8,86.4,0.0,4.3,0.7,44.9,1.9,2020
12086003906,"Census Tract 39.06, Miami-Dade County, Florida",58.6,1.9,76.8,0.0,1.1,11.0,26.9,185972,353930,117217,3.2,0.3,0.3,0.0,1.4,6.8,11.0,9.1,23.9,44.0,4.7,1.9,5.9,0.6,24.1,53.7,21.6,96.1,3.9,1839,11.1,51.9,1167,84.7,15.3,3144,45.8,31.9,16.4,93.1,0.0,5.1,0.4,29.6,2.8,2020
12086003909,"Census Tract 39.09, Miami-Dade County, Florida",64.7,2.7,59.6,15.4,2.0,15.5,33.5,40972,69739,38014,14.8,8.9,13.0,7.4,8.7,13.7,8.5,18.0,0.2,6.8,19.1,23.5,17.1,36.1,41.6,18.3,4.0,17.0,83.0,1186,16.2,35.8,1297,68.2,31.8,1651,42.1,11.1,24.2,61.7,5.6,4.7,0.7,53.5,0.4,2020
12086003911,"Census Tract 39.11, Miami-Dade County, Florida",70.3,7.5,56.8,29.6,3.3,1.8,32.7,36771,49510,24827,7.1,14.8,17.8,6.1,17.9,17.0,11.2,1.4,5.2,1.6,22.0,21.0,26.2,28.8,44.4,19.5,7.2,26.9,73.1,1139,12.2,53.0,2845,77.9,22.1,4842,40.7,10.0,13.8,40.1,8.4,28.6,3.8,75.2,0.8,2020
12086003912,"Census Tract 39.12, Miami-Dade County, Florida",64.2,2.2,57.7,9.8,4.4,6.3,31.6,49348,76579,31504,14.6,3.4,9.1,4.5,19.0,12.6,11.7,12.4,4.4,8.2,12.8,25.6,19.6,11.9,56.9,21.7,9.6,23.7,76.3,1435,9.6,58.4,2008,84.5,15.5,4211,38.6,19.2,9.6,66.4,3.4,9.6,0.0,73.5,2.3,2020
12086003913,"Census Tract 39.13, Miami-Dade County, Florida",69.6,4.6,57.9,14.8,4.1,8.6,27.7,36828,54724,27879,7.7,8.6,13.8,16.7,15.6,14.8,8.8,4.5,7.9,1.5,17.9,19.1,23.4,25.4,53.5,20.0,1.1,28.7,71.3,1231,3.1,65.0,2549,83.6,16.4,4344,45.2,15.7,15.3,65.1,3.8,7.3,3.8,68.7,2.2,2020
12086003914,"Census Tract 39.14, Miami-Dade County, Florida",67.1,4.9,52.2,9.8,6.5,12.2,34.5,41417,79255,46774,14.5,4.8,13.0,14.1,6.2,11.4,13.8,12.4,4.2,5.6,23.3,15.1,22.4,22.1,61.1,16.7,0.0,35.6,64.4,1276,14.8,58.5,3557,65.8,34.2,3990,50.8,6.9,23.8,67.2,8.9,13.9,0.4,73.9,0.4,2020
12086003915,"Census Tract 39.15, Miami-Dade County, Florida",72.0,6.7,60.9,10.6,6.4,3.6,32.1,55838,69228,30450,4.8,3.2,8.3,8.5,15.5,24.7,14.4,15.4,1.7,3.6,6.3,13.0,16.4,19.4,37.6,34.1,8.9,40.7,59.3,1458,8.7,48.8,2588,82.3,17.7,5136,41.7,18.4,12.1,72.4,2.6,7.2,2.5,72.9,6.4,2020
12086003916,"Census Tract 39.16, Miami-Dade County, Florida",62.6,5.9,50.5,8.9,0.5,12.8,30.3,48564,70132,29991,7.1,1.9,9.7,17.2,15.7,22.5,7.6,9.4,3.6,5.3,10.0,28.7,18.1,14.6,48.0,27.5,9.9,32.9,67.1,1433,17.9,59.4,2014,85.0,15.0,4193,39.0,17.1,10.1,58.0,1.7,16.2,1.2,68.1,4.7,2020
12086003917,"Census Tract 39.17, Miami-Dade County, Florida",75.3,3.8,54.0,7.7,0.2,13.9,33.1,62813,82584,35439,4.0,6.2,4.8,3.9,8.5,27.8,27.1,4.6,8.7,4.5,8.4,15.4,23.8,8.4,39.9,44.9,6.8,35.7,64.3,1765,13.1,50.3,2576,80.7,19.3,5311,40.5,13.6,12.2,70.6,4.5,11.7,0.3,65.8,4.3,2020
12086003918,"Census Tract 39.18, Miami-Dade County, Florida",82.6,3.7,74.9,0.5,0.0,11.8,31.3,84922,97023,47527,5.4,1.9,0.4,11.4,15.3,10.5,20.8,16.2,9.9,8.1,6.2,2.8,14.4,4.7,54.2,36.0,5.1,26.4,73.6,1864,7.3,50.4,1819,73.8,26.2,2797,34.1,15.5,4.0,71.8,1.7,16.1,3.4,60.2,2.4,2020
12086003919,"Census Tract 39.19, Miami-Dade County, Florida",59.5,4.2,64.7,2.0,0.0,30.0,26.5,105394,139368,70771,2.0,0.3,7.9,5.5,5.5,17.4,8.8,21.7,18.3,12.4,1.1,0.0,7.5,0.9,51.2,42.9,5.1,61.9,38.1,2170,8.8,36.2,2454,47.2,52.8,2517,44.3,22.4,22.6,78.1,0.0,17.6,1.1,50.4,2.4,2020
12086003921,"Census Tract 39.21, Miami-Dade County, Florida",65.1,6.1,65.8,5.0,0.4,17.2,32.8,89088,207439,90810,3.0,2.1,6.4,10.7,7.7,15.6,5.9,14.7,13.6,20.3,6.3,1.2,10.4,2.5,50.2,39.5,7.7,61.3,38.7,2508,7.3,38.1,3444,49.6,50.4,3991,45.1,17.9,23.1,74.2,2.3,6.9,4.6,69.5,4.5,2020
12086003922,"Census Tract 39.22, Miami-Dade County, Florida",65.0,2.6,57.8,2.0,4.8,13.9,26.3,91813,158626,78866,1.5,1.5,6.3,7.5,12.7,14.6,8.9,21.0,10.5,15.5,4.4,3.1,9.6,7.7,68.4,19.5,4.4,52.7,47.3,2037,14.8,42.3,3049,36.5,63.5,2319,47.5,9.8,26.0,80.1,0.0,6.5,1.6,62.4,5.0,2020
12086004000,"Census Tract 40, Miami-Dade County, Florida",69.1,1.7,53.0,3.4,11.1,21.2,20.6,108852,228670,77891,6.3,2.3,1.0,3.9,8.4,15.3,4.9,12.5,7.0,38.4,5.2,5.8,3.6,6.1,35.1,52.4,6.5,70.2,29.8,1702,22.3,47.5,3420,48.2,51.8,4998,33.7,34.3,11.4,94.3,0.6,2.7,0.5,36.9,2.5,2020
12086004102,"Census Tract 41.02, Miami-Dade County, Florida",59.4,1.5,67.8,1.0,2.8,17.9,29.6,138631,267543,132409,2.2,4.8,3.2,4.3,4.1,11.6,5.1,15.6,7.4,41.7,8.5,4.0,5.2,8.7,50.6,29.9,10.8,68.9,31.1,2405,2.3,55.8,2000,62.3,37.8,2539,51.0,15.1,25.9,85.9,5.2,6.5,1.9,25.4,1.3,2020
12086004103,"Census Tract 41.03, Miami-Dade County, Florida",54.6,5.0,61.8,6.4,14.2,5.2,29.1,34750,66660,38104,23.2,7.6,12.0,7.6,14.2,9.0,7.8,4.5,9.4,4.6,21.6,33.5,12.7,28.9,57.7,11.4,2.0,15.6,84.4,1261,16.1,37.9,2357,54.1,45.9,2307,53.0,6.5,35.3,57.7,3.3,19.9,0.9,79.7,0.7,2020
12086004105,"Census Tract 41.05, Miami-Dade County, Florida",67.3,2.6,47.6,1.4,7.8,9.9,21.8,63958,98500,61203,8.0,1.6,6.3,23.5,4.7,13.7,6.5,19.4,4.2,12.0,9.5,2.6,8.2,26.8,58.2,11.0,3.9,46.4,53.6,1260,4.2,70.0,2853,55.9,44.1,2646,44.1,5.1,21.1,62.7,16.2,15.7,0.6,44.4,0.3,2020
12086004106,"Census Tract 41.06, Miami-Dade County, Florida",71.0,3.5,55.7,0.7,3.7,25.2,23.5,140388,252029,102966,2.1,1.1,5.0,3.4,1.3,7.9,12.0,19.4,9.0,38.8,1.4,4.7,2.2,8.5,41.3,44.6,5.6,63.2,36.8,2678,2.5,22.5,1573,71.0,29.0,2872,40.2,23.9,13.3,77.6,8.3,1.8,6.5,30.9,3.9,2020
12086004204,"Census Tract 42.04, Miami-Dade County, Florida",79.1,2.3,30.8,5.7,17.1,12.2,23.9,46630,75630,44743,5.7,0.9,14.4,19.3,14.9,16.9,7.2,6.3,8.5,5.9,20.1,8.4,35.1,48.9,37.4,12.0,1.7,15.0,85.0,1386,12.2,44.7,1635,80.2,19.8,2368,36.3,10.6,8.1,66.4,1.6,2.6,1.8,60.4,1.0,2020
12086004205,"Census Tract 42.05, Miami-Dade County, Florida",67.0,2.2,38.1,7.2,31.0,11.4,22.6,56731,98032,54400,12.1,0.5,10.8,13.4,9.1,16.9,14.4,8.3,5.8,8.6,20.4,11.4,29.8,44.3,47.6,8.0,0.0,34.2,65.8,1422,10.2,49.6,2386,48.0,52.0,2111,43.3,11.2,20.0,69.4,7.4,6.3,0.0,51.7,1.3,2020
12086004206,"Census Tract 42.06, Miami-Dade County, Florida",65.4,0.0,61.1,1.9,12.0,7.7,24.1,65592,73843,35353,11.8,7.7,5.7,11.0,8.8,16.6,22.6,4.2,2.9,8.7,34.5,22.6,6.3,18.4,33.5,45.2,2.9,46.3,53.7,1250,7.9,66.3,1497,62.1,37.9,2079,47.0,11.3,19.0,75.0,4.3,17.6,0.6,68.1,0.5,2020
12086004207,"Census Tract 42.07, Miami-Dade County, Florida",78.4,7.2,41.0,7.9,17.0,8.6,24.4,69375,92834,52620,5.4,3.2,5.7,16.7,10.0,10.1,13.6,21.2,5.9,8.2,8.1,7.4,20.1,16.1,60.2,22.3,1.4,9.5,90.5,2004,6.1,51.2,2234,65.7,34.3,2797,35.8,10.3,1.9,64.2,7.9,0.0,0.8,46.7,6.3,2020
12086004208,"Census Tract 42.08, Miami-Dade County, Florida",63.9,8.1,42.6,9.9,2.6,4.5,26.5,53527,79417,54348,9.1,7.5,10.4,2.5,15.9,8.1,16.1,15.7,7.7,6.9,16.9,8.2,6.3,31.9,48.5,19.6,0.0,38.2,61.8,1815,0.0,43.6,1235,77.3,22.7,1411,39.3,7.4,21.0,76.3,3.5,1.9,14.9,42.1,5.0,2020
12086004301,"Census Tract 43.01, Miami-Dade County, Florida",66.6,3.9,54.3,4.1,3.0,20.6,29.1,72813,102092,60674,4.1,1.4,9.1,4.8,7.6,25.3,12.6,15.3,10.0,9.8,8.3,3.5,12.8,18.7,66.4,14.2,0.7,40.0,60.0,2037,18.9,35.4,2098,65.6,34.4,2449,34.7,11.2,6.7,66.6,8.5,4.9,4.1,39.0,1.8,2020
12086004303,"Census Tract 43.03, Miami-Dade County, Florida",83.6,0.8,28.2,12.4,31.9,1.2,24.7,41200,56689,30245,4.4,8.2,20.2,14.8,11.5,23.8,4.9,7.6,2.8,1.8,17.0,20.5,43.7,45.4,41.3,11.8,1.5,17.3,82.7,1392,17.1,55.9,1914,73.2,26.8,2749,42.4,10.1,10.6,54.8,4.9,2.4,3.3,65.3,0.4,2020
12086004304,"Census Tract 43.04, Miami-Dade County, Florida",74.7,4.7,52.0,8.1,11.4,5.3,19.0,59141,74023,43212,6.3,7.9,4.2,9.3,13.7,26.0,11.2,8.3,5.8,7.2,13.3,7.7,31.8,27.8,51.0,18.4,2.8,37.8,62.2,1390,14.8,46.5,1624,73.2,26.8,2209,34.8,11.8,6.7,70.3,1.9,6.0,1.9,56.6,3.2,2020
12086004403,"Census Tract 44.03, Miami-Dade County, Florida",71.4,2.9,40.8,9.8,18.1,10.7,22.2,45680,71265,41198,11.1,9.0,7.6,9.3,18.7,12.6,12.7,9.5,4.8,4.7,22.0,17.7,30.2,44.6,47.0,4.7,3.7,19.3,80.7,1439,5.5,45.6,2453,77.7,22.3,3481,37.5,13.4,11.9,59.2,6.8,9.9,0.3,64.4,1.3,2020
12086004404,"Census Tract 44.04, Miami-Dade County, Florida",47.2,7.7,51.2,1.3,22.3,7.0,22.0,29722,48839,29788,27.6,9.5,9.8,7.4,16.8,7.4,6.2,10.9,2.6,2.0,32.5,38.7,20.5,42.9,45.5,9.5,2.0,19.4,80.6,1115,1.0,36.9,2232,59.7,40.3,2206,45.5,14.2,33.4,61.3,1.4,12.3,0.5,64.9,1.8,2020
12086004405,"Census Tract 44.05, Miami-Dade County, Florida",65.1,4.5,29.7,16.2,21.4,1.1,22.5,39411,49068,26803,13.3,9.9,17.4,5.3,17.4,13.8,4.6,17.6,0.4,0.5,23.8,30.3,33.3,49.5,33.2,9.6,7.7,21.0,79.0,1246,2.0,62.8,2358,82.6,17.4,3763,34.4,15.0,15.1,57.7,11.2,2.3,1.5,68.4,3.8,2020
12086004406,"Census Tract 44.06, Miami-Dade County, Florida",68.9,9.5,53.5,3.4,10.5,14.2,22.1,68598,92639,55905,11.5,5.4,7.9,11.4,3.9,16.1,11.3,11.5,10.5,10.7,10.5,16.3,20.1,29.6,53.6,15.3,1.5,27.6,72.4,1729,13.1,41.6,1966,75.0,25.0,2493,40.8,10.2,15.2,68.6,2.6,3.2,4.1,49.6,2.8,2020
12086004500,"Census Tract 45, Miami-Dade County, Florida",48.2,0.0,52.4,7.2,11.8,18.7,28.6,76996,204900,104227,12.4,5.0,7.3,6.4,8.1,5.5,9.2,7.2,4.9,34.0,11.5,17.1,8.0,20.7,46.9,27.3,5.1,46.7,53.3,1063,15.7,18.2,4839,42.2,57.8,3983,53.2,17.0,34.2,71.7,2.1,5.3,2.2,41.3,1.2,2020
12086004602,"Census Tract 46.02, Miami-Dade County, Florida",63.5,0.3,67.2,10.1,7.3,11.9,27.5,182067,325796,89237,1.5,0.0,0.8,0.0,3.7,6.0,9.6,13.2,17.8,47.4,6.0,0.0,4.8,1.2,11.3,53.2,34.3,83.7,16.3,1966,18.2,59.9,1222,80.4,19.6,3690,45.1,27.2,11.7,74.3,0.0,19.7,0.7,76.9,3.0,2020
12086004605,"Census Tract 46.05, Miami-Dade County, Florida",61.0,5.1,81.0,1.0,1.7,8.0,31.2,173482,215678,70204,3.1,3.9,1.1,6.8,4.1,6.4,6.4,14.5,8.2,45.7,6.3,0.7,4.3,2.9,31.6,56.7,8.8,69.6,30.4,2854,3.6,44.4,2135,53.4,46.6,3689,36.9,36.8,10.3,83.8,0.4,14.1,0.0,73.4,3.1,2020
12086004607,"Census Tract 46.07, Miami-Dade County, Florida",48.1,9.7,60.3,0.7,3.1,32.4,21.7,180694,239881,82029,4.0,1.0,4.6,5.8,8.2,11.2,6.1,7.9,5.4,45.8,5.8,0.0,1.7,3.1,48.0,35.1,13.8,66.7,33.3,2884,31.0,30.2,2579,48.5,51.5,3737,41.6,30.1,20.9,74.4,0.0,25.3,0.0,71.8,4.3,2020
12086004608,"Census Tract 46.08, Miami-Dade County, Florida",56.3,3.3,70.2,1.9,5.8,19.0,23.5,108036,171449,65527,2.3,4.1,6.3,4.6,2.4,13.8,11.8,14.7,11.5,28.6,6.2,2.1,5.3,6.3,48.4,34.9,10.5,54.3,45.7,2210,10.0,46.5,1014,69.3,30.7,1839,40.5,30.9,14.1,81.3,0.0,15.0,0.0,72.6,6.5,2020
12086004701,"Census Tract 47.01, Miami-Dade County, Florida",60.5,2.2,85.3,2.1,0.0,4.4,29.3,71875,101801,40758,4.3,11.3,5.4,10.7,7.9,10.5,11.2,11.3,12.6,14.8,11.0,8.4,7.7,6.5,32.6,40.6,20.4,75.0,25.0,1216,0.0,44.1,2084,92.4,7.6,5031,45.9,19.9,25.3,85.3,0.7,11.9,0.0,72.9,2.4,2020
12086004703,"Census Tract 47.03, Miami-Dade County, Florida",62.6,2.3,76.0,2.8,0.1,5.4,27.2,65714,75418,27846,5.9,2.0,9.4,8.7,12.2,19.1,16.1,17.3,5.6,3.7,14.6,23.3,14.6,6.2,43.5,34.7,15.5,49.8,50.2,1156,14.0,43.6,1889,96.1,3.9,5343,44.6,17.6,21.5,79.2,4.0,11.8,2.2,83.2,3.5,2020
12086004704,"Census Tract 47.04, Miami-Dade County, Florida",67.0,3.9,89.9,0.0,1.2,2.6,24.0,51797,73073,26728,5.8,7.4,8.2,6.1,19.5,13.0,11.2,20.1,3.1,5.6,11.9,14.4,18.9,7.1,33.6,39.6,19.6,56.9,43.1,1194,6.2,38.3,877,87.8,12.2,2322,42.4,18.3,14.7,82.9,1.4,8.9,2.8,76.0,1.6,2020
12086004705,"Census Tract 47.05, Miami-Dade County, Florida",75.0,1.4,73.3,1.7,2.3,22.0,20.4,54258,87334,39243,5.5,3.5,16.8,10.7,10.8,9.2,8.4,21.5,5.3,8.3,7.6,29.8,7.9,2.9,50.5,32.5,14.1,47.4,52.6,970,4.0,73.1,1600,93.9,6.1,3667,41.7,19.6,13.8,78.8,0.0,15.3,1.2,76.3,2.2,2020
12086004901,"Census Tract 49.01, Miami-Dade County, Florida",57.5,2.8,80.4,2.2,1.8,3.6,28.2,40774,47744,22927,11.1,5.2,18.2,13.3,10.1,11.2,27.4,2.8,0.8,0.0,23.3,35.0,23.9,11.1,45.3,19.9,23.7,23.5,76.5,1196,10.9,56.8,1738,93.2,6.8,3674,46.1,15.9,20.3,73.8,8.6,15.8,0.0,89.7,1.1,2020
12086004903,"Census Tract 49.03, Miami-Dade County, Florida",63.5,1.8,72.6,10.4,0.0,3.0,26.7,32353,46312,22350,18.9,7.0,15.4,8.9,10.2,14.5,10.4,13.1,1.1,0.5,37.5,41.9,19.8,20.3,31.1,39.9,8.8,37.2,62.8,1220,0.0,82.3,1534,86.2,13.8,3506,49.0,14.2,28.9,90.9,0.0,7.0,0.0,100.0,1.3,2020
12086004904,"Census Tract 49.04, Miami-Dade County, Florida",59.3,1.3,80.7,7.2,3.2,0.0,25.5,60284,62599,23894,8.2,4.5,13.0,5.4,4.7,33.8,15.7,9.9,2.0,2.7,14.4,19.5,8.8,10.5,47.4,38.4,3.7,52.2,47.8,1559,23.1,52.1,1031,86.0,14.0,2498,43.9,17.4,34.3,70.2,5.4,10.6,0.0,87.8,4.2,2020
12086005002,"Census Tract 50.02, Miami-Dade County, Florida",59.4,5.0,82.2,5.3,1.2,2.4,31.3,37270,49364,17645,11.0,6.5,14.4,16.4,10.9,19.4,6.8,13.2,0.6,0.8,19.3,36.5,22.5,12.2,33.7,40.3,13.9,38.3,61.7,1194,8.7,66.3,1961,96.6,3.4,5518,43.5,15.0,19.2,81.4,3.0,13.9,0.0,96.3,1.1,2020
12086005003,"Census Tract 50.03, Miami-Dade County, Florida",59.0,3.6,70.9,22.0,0.0,1.9,28.3,32213,53267,19321,8.3,8.3,16.1,21.6,0.4,16.3,12.6,14.3,2.1,0.0,24.0,40.2,28.6,24.9,24.0,34.4,16.7,58.2,41.8,990,0.5,80.8,1321,100.0,0.0,4174,53.1,13.1,23.3,69.5,5.0,24.3,0.0,94.8,1.7,2020
12086005004,"Census Tract 50.04, Miami-Dade County, Florida",48.4,1.4,83.1,3.2,3.1,0.1,30.7,34537,45058,15888,11.9,7.0,7.6,26.2,12.1,20.9,8.3,3.5,2.3,0.0,12.5,44.3,21.2,17.4,25.8,39.9,16.8,63.6,36.4,1192,0.0,63.4,1253,95.3,4.7,3811,47.3,13.8,20.3,84.6,0.3,8.9,0.0,99.6,1.2,2020
12086005102,"Census Tract 51.02, Miami-Dade County, Florida",55.8,2.7,71.6,7.1,2.1,1.7,31.8,21997,65315,36579,30.1,13.4,10.2,7.8,5.4,12.3,3.1,7.5,0.6,9.5,36.0,41.7,23.6,36.3,43.3,12.2,8.3,25.8,74.2,-666666666,19.2,30.4,2575,90.6,9.4,4272,48.9,12.5,32.3,72.6,6.2,18.9,0.0,85.8,10.6,2020
12086005103,"Census Tract 51.03, Miami-Dade County, Florida",59.8,5.0,80.7,4.9,0.9,3.0,31.8,32552,49888,19717,16.9,7.6,17.3,10.6,13.3,19.6,6.0,3.1,0.0,5.5,28.5,48.4,27.2,21.0,41.3,24.9,12.9,26.9,73.1,1075,15.4,40.1,992,96.5,3.5,2796,42.1,18.5,19.4,80.3,3.8,11.2,0.4,98.0,0.7,2020
12086005104,"Census Tract 51.04, Miami-Dade County, Florida",64.6,3.3,79.6,3.3,0.8,6.5,28.8,27171,36518,18249,19.5,11.3,14.8,16.2,13.2,16.5,3.4,4.9,0.3,0.0,40.7,35.4,24.0,15.9,51.3,25.9,7.0,16.9,83.1,1191,5.4,66.0,1995,95.0,5.0,4195,40.7,14.3,14.5,71.9,8.5,13.8,0.0,89.8,0.7,2020
12086005201,"Census Tract 52.01, Miami-Dade County, Florida",57.9,7.8,56.6,20.4,1.5,2.9,32.2,27645,38289,15332,16.8,7.7,20.2,15.0,17.7,9.1,2.9,6.8,3.8,0.0,29.7,57.9,24.5,25.9,48.6,24.3,1.1,6.4,93.6,1011,13.3,52.5,2499,92.7,7.3,6039,35.6,24.5,13.1,79.8,3.2,11.7,0.0,98.7,1.2,2020
12086005202,"Census Tract 52.02, Miami-Dade County, Florida",60.0,6.9,46.6,13.8,15.4,6.3,28.2,28679,35789,13990,15.4,6.7,23.0,10.6,25.9,4.3,8.9,4.0,1.2,0.0,28.9,40.1,38.2,31.0,47.9,17.1,3.9,3.8,96.2,1096,6.5,67.3,2241,90.8,9.2,6346,40.4,20.8,14.7,76.8,5.2,14.6,0.0,94.1,1.4,2020
12086005303,"Census Tract 53.03, Miami-Dade County, Florida",57.1,7.8,56.0,22.0,1.4,4.6,33.4,29710,39216,17582,8.4,11.6,16.3,20.1,13.5,23.5,2.1,2.7,1.8,0.0,30.6,44.9,31.6,28.6,45.6,23.3,2.6,2.8,97.2,1034,4.1,61.7,1394,93.7,6.3,3516,40.2,19.9,14.4,79.5,3.2,13.3,0.0,96.6,0.3,2020
12086005304,"Census Tract 53.04, Miami-Dade County, Florida",52.5,6.7,41.6,18.7,9.5,14.1,28.5,25074,29866,13602,15.7,8.7,25.4,16.1,20.6,8.2,5.4,0.0,0.0,0.0,30.5,48.4,35.1,38.3,45.8,14.1,1.8,6.9,93.1,1032,14.9,61.4,1893,92.0,8.0,4425,39.9,13.7,15.9,82.2,2.1,11.4,0.0,95.7,0.5,2020
12086005305,"Census Tract 53.05, Miami-Dade County, Florida",59.2,7.0,59.8,29.6,2.4,1.4,29.8,30840,34667,17034,22.9,14.9,8.9,9.7,14.6,25.0,2.4,0.0,1.4,0.0,32.0,47.7,18.9,28.3,59.6,12.0,0.2,3.2,96.8,1030,15.6,49.3,1970,95.5,4.5,4294,46.8,14.6,20.2,68.9,3.2,24.7,0.0,96.7,1.4,2020
12086005306,"Census Tract 53.06, Miami-Dade County, Florida",58.0,7.4,44.1,26.5,4.2,0.0,28.2,21646,29161,13571,18.2,21.1,13.7,11.4,12.6,21.2,1.5,0.4,0.0,0.0,27.6,49.2,28.7,40.3,47.7,11.0,1.0,1.4,98.6,1099,17.8,59.2,2199,93.0,7.0,4866,44.0,15.5,19.7,68.0,5.4,20.3,0.0,93.3,12.1,2020
12086005403,"Census Tract 54.03, Miami-Dade County, Florida",51.7,7.2,83.9,6.4,0.0,0.6,29.9,29811,42016,13657,10.7,18.6,11.0,15.7,19.3,8.3,8.8,3.9,3.7,0.0,35.4,35.7,28.6,2.4,60.2,26.2,11.2,44.4,55.6,1099,12.0,66.4,585,92.8,7.2,1927,42.0,19.4,16.3,71.0,8.1,15.9,0.0,90.9,0.0,2020
12086005405,"Census Tract 54.05, Miami-Dade County, Florida",66.3,4.2,80.3,8.7,2.8,0.0,25.5,36667,43172,17053,9.0,6.9,16.5,16.1,22.4,18.5,5.0,3.8,0.0,1.8,21.7,47.4,32.8,12.2,30.1,45.0,12.6,16.5,83.5,1112,0.0,65.2,1319,94.9,5.1,4283,38.5,19.1,13.3,78.8,11.3,8.8,0.0,93.3,1.8,2020
12086005406,"Census Tract 54.06, Miami-Dade County, Florida",45.1,3.1,64.7,11.9,3.1,5.3,36.4,32363,158176,65508,6.7,10.5,21.4,12.9,10.4,14.8,7.1,0.7,0.0,15.5,17.9,39.6,24.0,33.9,41.3,12.2,12.6,17.3,82.7,1088,6.3,47.8,1460,97.5,2.5,3704,49.8,13.7,22.4,82.4,1.1,16.0,0.0,97.9,0.9,2020
12086005407,"Census Tract 54.07, Miami-Dade County, Florida",57.2,1.0,57.6,6.5,5.1,5.1,25.9,35833,41667,16075,11.5,6.1,18.5,13.2,16.9,21.1,8.4,4.3,0.0,0.0,13.0,36.4,20.6,30.5,32.7,24.1,12.7,39.0,61.0,977,15.0,32.6,850,92.7,7.3,2348,44.3,16.0,26.9,69.7,3.1,24.0,0.0,96.6,7.9,2020
12086005409,"Census Tract 54.09, Miami-Dade County, Florida",50.0,7.7,68.8,9.9,4.0,3.5,34.3,20813,28644,14061,19.1,18.2,23.8,12.6,13.7,9.6,0.6,1.8,0.0,0.6,37.3,54.6,28.5,30.0,47.3,14.0,8.8,6.3,93.7,911,7.3,76.9,1904,98.1,1.9,4208,43.1,15.8,22.4,79.2,2.5,14.7,0.0,98.6,1.8,2020
12086005410,"Census Tract 54.10, Miami-Dade County, Florida",49.8,10.0,56.5,10.2,4.5,3.6,29.1,23295,36958,16506,14.7,8.9,28.1,11.2,12.2,17.2,3.7,1.9,1.3,0.9,33.5,50.9,18.7,28.4,50.6,20.4,0.7,6.0,94.0,1066,6.9,54.1,1454,92.2,7.8,3282,41.8,21.4,19.3,76.4,1.2,16.2,0.0,99.3,3.2,2020
12086005503,"Census Tract 55.03, Miami-Dade County, Florida",60.7,6.9,54.9,16.3,0.0,4.2,27.8,41786,54158,21379,10.7,6.3,13.3,16.4,7.9,18.2,17.6,4.9,3.8,0.9,13.4,32.6,18.9,23.1,37.0,30.6,9.3,38.9,61.1,1130,3.6,58.6,1381,88.5,11.5,3670,40.8,20.8,19.9,76.8,0.4,22.5,0.3,91.3,4.2,2020
12086005504,"Census Tract 55.04, Miami-Dade County, Florida",51.2,9.5,68.9,13.2,0.0,7.3,32.6,25500,43306,21464,5.3,25.6,18.5,8.9,6.8,21.1,7.3,1.2,0.0,5.4,37.1,47.0,9.6,10.7,54.4,17.9,17.0,21.5,78.5,964,14.5,50.6,1188,91.2,8.8,2362,44.7,12.7,23.2,82.9,0.3,12.2,2.4,96.2,2.9,2020
12086005505,"Census Tract 55.05, Miami-Dade County, Florida",54.2,0.0,73.6,4.6,0.0,0.8,36.2,29935,43198,16959,18.0,4.1,20.2,12.0,12.1,11.1,15.1,7.3,0.0,0.0,29.3,39.8,15.9,7.9,54.3,24.3,13.5,38.6,61.4,1190,15.8,40.6,972,100.0,0.0,3093,45.4,20.0,24.4,85.6,5.2,4.8,3.2,93.1,2.0,2020
12086005506,"Census Tract 55.06, Miami-Dade County, Florida",57.2,4.2,82.7,3.5,1.0,2.2,26.6,50249,64469,22479,9.5,7.3,0.2,7.9,23.7,30.5,9.6,8.2,1.4,1.7,19.2,28.8,22.0,17.8,16.2,40.8,25.2,50.7,49.3,1301,31.2,39.2,1298,96.6,3.4,4310,42.6,16.9,14.7,67.5,3.7,25.4,0.0,93.7,5.0,2020
12086005600,"Census Tract 56, Miami-Dade County, Florida",59.1,3.3,80.7,1.3,2.7,6.1,28.2,50560,66997,27750,7.1,5.0,19.5,6.6,11.1,19.9,7.8,12.6,3.7,6.8,8.6,28.9,18.0,8.9,48.8,31.4,10.8,45.5,54.5,1267,8.7,61.9,2056,91.9,8.1,4954,48.1,12.2,23.5,79.3,3.5,15.6,0.2,91.4,0.7,2020
12086005701,"Census Tract 57.01, Miami-Dade County, Florida",58.9,5.1,80.2,0.8,1.8,3.7,28.9,48528,61346,24886,9.4,20.1,5.7,4.5,12.9,22.9,3.7,14.3,2.7,3.9,19.5,43.3,18.9,9.7,33.7,35.4,21.2,53.9,46.1,920,8.8,40.4,2689,100.0,0.0,7616,45.9,12.0,23.0,75.5,1.1,23.1,0.0,96.8,1.4,2020
12086005705,"Census Tract 57.05, Miami-Dade County, Florida",59.2,1.1,71.8,1.7,0.0,5.3,29.9,31222,40554,17821,14.6,3.6,24.0,13.0,13.7,16.9,11.7,1.5,0.0,1.2,14.3,36.7,9.9,12.3,57.1,24.8,5.8,31.1,68.9,1243,8.1,51.6,1466,91.9,8.1,3556,45.3,17.7,26.1,81.7,7.2,11.1,0.0,97.3,3.2,2020
12086005706,"Census Tract 57.06, Miami-Dade County, Florida",58.4,0.8,85.3,9.1,2.0,1.5,34.6,36096,46702,23684,16.0,11.6,10.7,10.3,10.2,24.4,10.5,3.0,0.0,3.4,21.4,22.2,15.6,24.7,49.9,20.6,4.8,25.9,74.1,1330,7.0,49.1,1932,88.8,11.2,3691,44.7,10.8,25.1,83.9,0.4,6.7,0.0,94.0,0.9,2020
12086005707,"Census Tract 57.07, Miami-Dade County, Florida",59.2,3.3,76.5,7.2,7.5,3.3,34.5,24965,38594,19479,23.4,5.7,21.1,8.6,13.5,20.3,3.8,0.0,0.0,3.6,31.8,46.1,27.6,25.4,42.2,26.0,6.4,14.1,85.9,1209,7.1,80.1,688,100.0,0.0,1701,42.3,15.8,18.4,95.8,0.0,4.2,0.0,95.2,0.7,2020
12086005708,"Census Tract 57.08, Miami-Dade County, Florida",51.0,6.7,83.9,1.9,2.0,7.4,29.5,33766,47262,17222,3.5,9.8,10.7,27.7,17.4,12.8,8.5,6.7,2.4,0.7,17.7,33.7,16.2,13.3,44.0,25.5,17.3,33.4,66.6,1347,15.2,58.0,2492,97.3,2.7,7945,44.1,19.3,19.7,80.1,2.4,17.2,0.3,97.5,0.0,2020
12086005803,"Census Tract 58.03, Miami-Dade County, Florida",70.2,6.3,86.3,1.0,1.4,6.6,29.7,52415,66703,22112,4.7,1.8,9.3,11.6,11.0,27.7,8.2,22.3,2.8,0.5,7.8,27.7,14.6,4.6,21.2,42.2,32.1,54.0,46.0,1182,17.6,37.0,2374,93.4,6.6,7687,44.4,16.7,15.3,76.8,1.4,18.9,0.0,98.7,0.4,2020
12086005804,"Census Tract 58.04, Miami-Dade County, Florida",46.4,6.1,82.6,4.5,0.0,7.2,26.7,46287,60272,20725,5.9,6.4,11.6,15.4,15.8,17.7,11.8,7.2,7.2,1.1,7.0,21.7,17.5,6.7,38.0,34.1,21.2,64.4,35.6,1550,8.3,68.6,1383,100.0,0.0,4693,45.5,16.0,26.8,82.7,2.1,11.2,0.0,96.0,0.3,2020
12086005805,"Census Tract 58.05, Miami-Dade County, Florida",47.6,2.4,88.2,0.0,0.0,4.7,25.4,43777,66325,24569,9.0,15.1,10.4,12.7,7.0,12.8,3.4,16.7,3.9,8.8,7.0,35.9,3.9,18.0,39.1,24.1,18.9,75.8,24.2,1319,41.7,51.5,956,91.3,8.7,2715,47.8,13.0,33.8,95.5,0.1,4.4,0.0,94.7,1.8,2020
12086005806,"Census Tract 58.06, Miami-Dade County, Florida",61.6,2.3,84.4,1.4,4.1,3.2,30.9,53750,68623,23915,5.0,5.3,12.3,4.5,22.8,4.8,18.0,19.0,4.6,3.6,8.0,27.4,11.1,13.2,29.1,39.1,18.6,64.5,35.5,1258,20.6,50.6,1626,93.5,6.5,4967,42.8,20.1,17.8,66.1,2.2,24.5,0.6,95.9,3.5,2020
12086005901,"Census Tract 59.01, Miami-Dade County, Florida",62.4,1.5,84.3,0.0,0.4,6.7,25.5,48135,72656,29110,2.3,4.0,13.3,16.0,16.6,7.9,11.1,20.5,5.1,3.1,17.1,21.8,9.8,5.8,36.0,44.6,13.6,53.3,46.7,1603,6.3,48.2,2303,94.4,5.6,5993,44.4,17.0,19.7,78.2,3.0,13.5,0.0,91.0,2.2,2020
12086005902,"Census Tract 59.02, Miami-Dade County, Florida",59.4,1.0,78.0,2.1,1.6,13.1,28.4,56351,66963,24001,3.5,5.0,11.4,12.2,10.1,27.3,8.4,14.5,7.4,0.3,16.2,26.6,15.4,5.5,27.4,44.5,22.6,53.4,46.6,1598,24.9,52.6,1275,93.8,6.2,3838,50.8,8.9,21.2,87.7,3.0,9.3,0.0,91.2,2.3,2020
12086005903,"Census Tract 59.03, Miami-Dade County, Florida",55.3,2.3,81.9,1.3,0.3,7.2,30.0,46480,64718,20566,5.6,3.4,16.7,12.1,15.7,16.9,10.2,13.0,5.7,0.6,17.6,45.1,12.6,9.3,30.0,34.6,26.1,36.2,63.8,1234,9.4,58.3,1801,96.7,3.3,6276,44.4,18.3,26.9,72.9,0.4,15.7,0.0,93.4,2.4,2020
12086005904,"Census Tract 59.04, Miami-Dade County, Florida",57.8,2.6,75.6,0.3,1.0,4.9,27.8,52467,96688,35466,5.2,6.2,7.6,12.5,14.3,16.0,10.7,18.9,0.6,8.0,18.0,23.6,7.9,4.1,36.6,43.0,16.3,55.2,44.8,1750,9.5,34.5,1937,91.1,8.9,5582,40.6,18.2,20.4,81.8,4.2,10.8,1.9,88.1,2.3,2020
12086006002,"Census Tract 60.02, Miami-Dade County, Florida",66.2,1.1,76.6,0.9,0.3,10.2,24.6,66324,103978,33605,6.5,2.5,8.1,5.8,8.3,22.1,15.1,8.1,9.5,14.0,13.4,21.9,2.8,4.7,26.8,45.0,23.5,79.6,20.4,-666666666,2.0,15.5,1871,96.1,3.9,6358,44.1,17.8,20.3,69.6,1.3,26.2,0.8,86.3,0.8,2020
12086006003,"Census Tract 60.03, Miami-Dade County, Florida",66.8,0.0,82.8,2.3,0.0,9.0,30.5,118295,107786,38424,0.7,3.7,12.5,0.0,8.2,9.7,8.3,32.2,16.8,7.9,4.7,15.9,10.2,0.0,16.6,45.3,38.1,86.7,13.3,-666666666,0.0,0.0,914,100.0,0.0,2832,45.8,11.7,15.7,90.3,1.6,5.0,2.9,88.5,2.7,2020
12086006004,"Census Tract 60.04, Miami-Dade County, Florida",61.1,1.5,77.6,0.7,0.8,15.0,32.3,120956,129131,48476,7.7,0.0,9.7,3.2,6.1,14.7,3.0,16.5,11.9,27.2,6.1,5.0,5.4,0.0,26.2,35.1,38.7,80.7,19.3,2341,0.0,33.3,965,100.0,0.0,2802,46.7,14.0,25.6,92.3,0.0,4.5,2.6,79.1,2.2,2020
12086006103,"Census Tract 61.03, Miami-Dade County, Florida",61.1,0.0,84.0,1.3,2.9,4.5,24.8,170385,282583,86971,0.0,1.9,0.0,0.0,0.0,8.2,3.1,25.4,19.4,42.0,0.6,0.0,3.5,1.9,27.5,58.0,12.6,86.6,13.4,3381,16.8,24.8,858,87.6,12.4,2536,40.0,36.8,13.6,88.7,0.0,11.3,0.0,50.2,0.7,2020
12086006104,"Census Tract 61.04, Miami-Dade County, Florida",52.1,0.0,72.4,2.7,5.5,6.1,28.2,96781,146441,68907,6.1,7.3,0.2,6.1,7.4,11.8,12.7,15.7,11.3,21.3,9.3,1.9,6.5,4.5,41.4,46.1,8.0,76.4,23.6,2433,0.0,83.1,2098,80.9,19.1,3866,53.5,16.5,36.9,87.9,0.3,9.0,2.8,58.2,7.1,2020
12086006105,"Census Tract 61.05, Miami-Dade County, Florida",58.1,0.5,84.0,2.0,0.0,7.2,22.8,119853,134407,53998,0.0,7.9,4.7,4.3,7.4,16.1,5.0,14.0,17.9,22.7,6.3,7.4,2.6,4.5,34.8,48.4,12.3,88.8,11.2,2713,21.1,43.7,888,89.4,10.6,2024,46.0,24.5,26.8,80.1,2.4,14.5,1.1,76.4,0.8,2020
12086006106,"Census Tract 61.06, Miami-Dade County, Florida",62.9,4.0,75.8,0.0,0.0,7.8,21.7,119464,142342,51557,0.0,3.9,2.9,1.7,9.8,17.9,5.3,13.9,24.4,20.3,4.5,4.6,3.7,1.1,33.1,46.4,19.4,80.8,19.2,2931,0.0,34.1,1005,92.6,7.4,2643,42.6,22.6,15.9,85.8,0.3,11.2,2.6,73.6,2.6,2020
12086006201,"Census Tract 62.01, Miami-Dade County, Florida",66.0,3.0,77.1,3.6,1.6,8.5,29.0,37372,68857,32323,1.5,14.6,17.6,12.7,14.5,11.1,9.0,5.3,5.4,8.2,14.7,22.3,14.0,22.5,43.1,27.7,6.6,48.3,51.7,1361,0.9,65.0,1437,89.6,10.4,2822,42.3,18.4,17.8,75.2,3.3,18.1,2.6,81.2,1.6,2020
12086006203,"Census Tract 62.03, Miami-Dade County, Florida",61.6,0.6,68.5,0.7,8.3,14.8,20.2,73808,97423,53798,8.6,5.3,11.7,2.0,6.4,17.5,18.3,11.8,6.5,11.8,6.4,5.0,5.9,16.5,56.0,18.1,9.4,36.2,63.8,1621,8.1,36.1,1441,91.7,8.3,2654,48.4,16.0,26.5,88.1,0.7,9.0,1.0,66.2,5.7,2020
12086006205,"Census Tract 62.05, Miami-Dade County, Florida",70.7,3.1,70.3,3.6,5.4,7.4,27.7,59674,79963,44608,8.8,8.5,12.0,4.7,13.2,13.5,15.2,11.7,3.0,9.4,21.3,11.1,20.9,12.2,65.1,22.3,0.4,15.6,84.4,1534,4.8,44.3,2414,87.8,12.2,3997,40.0,13.0,17.3,85.6,1.6,9.7,1.2,84.2,2.6,2020
12086006206,"Census Tract 62.06, Miami-Dade County, Florida",73.0,4.9,68.7,3.4,4.9,15.0,22.1,92759,133403,64190,3.9,4.3,4.8,4.9,7.7,19.0,9.1,10.5,11.9,23.9,6.2,1.1,5.9,4.9,52.1,36.5,6.5,36.8,63.2,1993,11.7,30.9,1905,83.8,16.2,3387,41.9,18.8,12.2,86.7,0.3,8.5,2.5,68.6,3.6,2020
12086006302,"Census Tract 63.02, Miami-Dade County, Florida",53.4,12.5,82.6,2.3,0.0,5.2,25.4,54018,76241,28128,7.6,3.0,16.2,10.5,6.5,22.9,9.7,12.1,6.0,5.5,16.6,24.4,11.7,5.7,47.1,30.7,16.5,51.3,48.7,1473,13.5,63.9,2293,89.6,10.4,5914,46.6,16.8,21.2,76.6,0.9,20.4,0.0,86.9,4.8,2020
12086006303,"Census Tract 63.03, Miami-Dade County, Florida",47.0,0.0,69.0,1.5,2.8,15.1,30.4,30755,38253,16601,10.3,13.3,15.4,20.8,18.0,8.4,8.4,4.8,0.4,0.0,31.6,41.6,14.7,13.5,46.1,29.6,10.8,46.7,53.3,979,5.7,71.2,1646,100.0,0.0,3933,52.4,7.9,26.3,78.1,0.1,18.3,0.2,95.1,4.1,2020
12086006304,"Census Tract 63.04, Miami-Dade County, Florida",61.1,5.3,73.9,3.4,12.6,3.6,26.7,37965,43681,19206,8.0,1.0,20.7,13.4,16.2,25.6,14.3,0.7,0.0,0.0,16.8,33.9,12.5,6.3,63.4,29.3,1.0,26.3,73.7,1270,2.3,61.0,1378,90.9,9.1,3128,53.9,10.9,21.7,85.6,0.0,13.8,0.0,93.6,0.5,2020
12086006401,"Census Tract 64.01, Miami-Dade County, Florida",55.9,8.9,73.3,5.3,4.2,7.6,31.9,38243,68664,29159,20.7,5.3,13.1,4.6,14.9,8.4,10.5,15.1,0.0,7.3,16.2,34.5,11.9,17.5,39.7,26.7,16.1,26.0,74.0,1112,6.9,48.9,1479,97.7,2.3,3738,41.6,13.1,23.9,83.8,3.3,11.1,0.0,93.9,1.2,2020
12086006402,"Census Tract 64.02, Miami-Dade County, Florida",65.5,5.9,75.9,4.6,0.0,9.4,30.3,46458,79748,31015,10.2,6.1,9.6,14.8,9.9,16.4,6.1,10.3,3.7,13.0,26.2,20.1,22.0,9.8,44.3,35.0,11.0,39.3,60.7,1390,4.3,64.0,1636,86.7,13.3,3986,37.9,13.1,12.3,75.2,1.8,14.1,0.0,86.1,3.1,2020
12086006403,"Census Tract 64.03, Miami-Dade County, Florida",50.0,6.5,77.8,4.4,0.8,7.9,29.4,30277,51455,24506,2.2,7.8,23.3,24.9,15.9,8.8,3.1,8.9,2.5,2.5,14.7,17.8,19.1,9.7,60.9,18.7,10.7,49.5,50.5,1141,14.8,72.0,1776,88.8,11.2,3542,50.7,10.8,33.1,84.7,3.0,6.2,2.1,86.6,1.7,2020
12086006501,"Census Tract 65.01, Miami-Dade County, Florida",65.2,1.7,89.3,0.9,0.0,4.3,27.0,61993,78190,29636,6.4,4.1,6.7,7.2,12.8,32.9,6.7,10.2,7.0,5.9,5.8,22.1,16.4,6.3,32.7,48.2,12.8,40.1,59.9,1383,4.4,50.4,1437,94.2,5.8,4155,40.4,14.8,15.6,72.2,4.2,21.3,0.0,86.1,6.0,2020
12086006503,"Census Tract 65.03, Miami-Dade County, Florida",56.5,3.7,82.8,2.4,1.3,5.8,29.0,65197,78642,31949,6.9,3.0,7.3,9.0,12.8,19.6,10.5,18.2,9.6,3.0,14.5,15.3,11.3,8.0,41.1,39.8,11.1,67.3,32.7,1374,7.3,32.3,892,92.2,7.8,2154,47.0,14.5,24.8,84.9,1.2,10.3,1.2,85.7,0.8,2020
12086006504,"Census Tract 65.04, Miami-Dade County, Florida",60.7,2.2,75.7,8.9,2.7,6.9,26.7,68050,88472,34246,5.9,4.2,16.9,7.6,5.9,14.4,13.2,15.9,5.7,10.3,11.6,15.3,16.4,7.4,39.3,37.5,15.8,54.3,45.7,1663,15.2,48.5,925,96.8,3.2,2326,42.1,16.4,19.5,84.5,1.7,8.6,0.7,85.9,2.6,2020
12086006603,"Census Tract 66.03, Miami-Dade County, Florida",59.5,1.7,47.8,13.7,10.9,17.1,28.9,32018,58133,25065,10.5,3.6,24.8,14.0,7.6,10.9,10.9,11.7,0.0,5.8,24.3,36.2,11.8,31.9,38.4,23.7,6.0,2.4,97.6,1236,14.4,47.6,1235,80.6,19.4,2490,36.9,11.5,22.2,54.9,6.2,19.7,5.0,78.5,0.0,2020
12086006604,"Census Tract 66.04, Miami-Dade County, Florida",49.7,6.5,60.5,23.9,13.1,0.0,23.9,31735,51699,24991,13.8,3.0,17.9,20.4,12.6,17.7,10.6,0.0,1.8,2.0,27.7,37.6,27.4,20.9,72.5,6.6,0.0,6.7,93.3,1182,6.3,67.1,1328,84.9,15.1,2397,46.3,12.2,29.9,91.9,2.7,0.0,3.0,89.6,12.1,2020
12086006605,"Census Tract 66.05, Miami-Dade County, Florida",76.2,1.5,57.2,7.4,3.3,23.2,19.9,78125,159930,107914,17.1,0.0,0.0,7.2,7.8,14.0,12.0,5.8,26.9,9.3,11.4,12.5,12.3,4.4,68.3,14.9,12.3,29.7,70.3,2108,7.4,40.6,1096,90.4,9.6,1476,41.2,2.4,14.8,86.4,1.5,12.1,0.0,61.0,9.1,2020
12086006606,"Census Tract 66.06, Miami-Dade County, Florida",74.7,0.0,42.6,26.5,3.3,0.0,29.8,53289,57011,28692,8.2,5.2,16.7,12.8,6.4,19.6,12.8,18.3,0.0,0.0,15.5,28.9,13.1,23.2,51.2,8.2,17.4,3.9,96.1,942,0.0,58.3,862,100.0,0.0,1816,45.7,9.2,13.5,80.7,11.2,8.0,0.0,95.8,18.9,2020
12086006607,"Census Tract 66.07, Miami-Dade County, Florida",62.3,3.6,76.0,10.5,2.2,3.6,32.7,50000,49801,24493,9.7,3.7,15.6,15.7,5.3,18.3,24.1,7.6,0.0,0.0,16.8,26.8,15.7,16.4,53.3,24.0,6.3,18.0,82.0,1230,9.2,52.7,1673,97.1,2.9,3986,37.7,12.1,19.2,89.2,2.1,5.3,1.6,96.1,0.4,2020
12086006608,"Census Tract 66.08, Miami-Dade County, Florida",63.2,4.7,73.7,1.4,1.3,11.0,24.3,87227,119004,44826,7.4,0.0,5.3,10.6,2.8,17.1,11.1,17.7,12.8,15.2,9.7,4.9,5.9,6.5,38.1,47.3,8.1,56.9,43.1,1626,13.3,41.7,1640,92.6,7.4,4000,43.5,14.2,15.4,71.6,2.4,23.5,1.6,79.4,2.0,2020
12086006705,"Census Tract 67.05, Miami-Dade County, Florida",69.5,5.6,74.5,1.8,4.7,10.6,30.3,100000,133779,74866,9.1,3.0,4.4,9.7,5.3,11.1,7.4,29.3,5.5,15.3,11.9,7.9,4.4,9.6,57.8,29.9,2.7,49.4,50.6,2167,3.2,47.6,2693,78.6,21.4,3716,45.7,11.2,22.8,79.6,1.8,11.4,2.5,69.2,1.7,2020
12086006706,"Census Tract 67.06, Miami-Dade County, Florida",74.3,0.5,58.9,3.1,1.6,12.3,19.1,82500,107578,56580,4.0,1.4,4.9,19.2,8.5,10.4,10.2,15.6,11.3,14.5,4.4,0.0,15.4,4.4,64.4,27.6,3.6,43.6,56.4,2203,6.1,56.9,2050,74.8,25.2,3004,45.1,14.3,19.8,76.4,2.4,19.1,1.8,76.4,5.4,2020
12086006707,"Census Tract 67.07, Miami-Dade County, Florida",76.7,2.5,57.9,0.0,10.4,23.5,20.5,117420,163873,82358,4.6,1.3,3.3,3.9,2.0,13.7,8.5,25.1,10.5,27.1,4.0,0.0,11.1,6.3,68.1,23.0,2.7,48.0,52.0,2440,4.7,44.4,3566,66.8,33.2,4784,41.7,21.4,14.0,94.7,0.0,3.8,0.7,56.3,3.1,2020
12086006709,"Census Tract 67.09, Miami-Dade County, Florida",76.2,1.4,51.3,0.0,14.3,26.1,22.2,140423,248035,147326,5.7,1.9,3.3,2.7,1.1,14.6,8.5,18.3,7.5,36.4,6.9,0.0,13.0,8.9,65.9,22.8,2.4,36.0,64.0,2915,8.7,31.6,1697,53.9,46.1,1472,35.1,8.4,5.0,71.7,3.5,15.1,7.1,43.0,4.1,2020
12086006713,"Census Tract 67.13, Miami-Dade County, Florida",78.1,7.7,48.7,9.5,15.4,15.5,23.0,100268,176344,91574,8.0,0.8,0.7,10.5,2.4,11.8,15.6,12.5,10.3,27.4,8.2,2.3,8.3,9.4,59.4,29.4,1.8,27.8,72.2,2341,6.5,40.4,1894,72.7,27.3,2710,32.9,20.6,5.1,76.9,3.0,8.5,5.1,46.4,6.6,2020
12086006714,"Census Tract 67.14, Miami-Dade County, Florida",69.4,4.4,69.9,1.5,11.8,9.6,28.3,103906,153186,89010,12.8,0.8,1.8,3.1,6.4,13.7,11.0,14.5,9.1,26.8,15.5,0.7,5.7,10.7,73.4,12.3,3.6,56.1,43.9,2009,6.2,39.2,1765,60.9,39.1,1884,45.2,9.9,18.8,69.3,2.6,24.1,1.6,59.6,2.1,2020
12086006715,"Census Tract 67.15, Miami-Dade County, Florida",69.8,4.0,66.2,6.5,0.0,8.9,25.9,81875,107205,48725,2.9,1.4,11.5,3.7,8.1,16.0,23.6,7.7,12.2,12.8,18.2,1.3,6.9,4.7,58.9,29.2,7.3,24.2,75.8,2127,19.7,52.0,1850,80.9,19.1,3503,33.9,16.8,9.6,88.2,4.3,3.4,0.1,59.1,3.2,2020
12086006716,"Census Tract 67.16, Miami-Dade County, Florida",57.3,0.0,50.0,0.0,0.0,0.0,-999999999.0,-666666666,70483,60176,49.6,0.0,0.0,0.0,0.0,0.0,0.0,50.4,0.0,0.0,42.7,0.0,0.0,49.6,50.4,0.0,0.0,0.0,100.0,1802,0.0,49.6,884,40.2,59.8,412,27.6,0.0,0.0,57.3,0.0,42.7,0.0,28.6,0.0,2020
12086006717,"Census Tract 67.17, Miami-Dade County, Florida",79.0,0.0,30.0,4.4,45.0,19.0,15.3,167742,181194,79822,0.0,7.2,0.0,2.4,9.3,0.0,12.6,12.7,27.1,28.9,6.6,0.0,25.4,20.1,53.0,26.9,0.0,32.5,67.5,2312,4.1,25.3,1325,76.9,23.1,2525,32.3,23.8,4.2,74.7,0.0,25.3,0.0,66.6,4.0,2020
12086006718,"Census Tract 67.18, Miami-Dade County, Florida",93.9,2.5,39.5,31.0,2.1,17.3,17.9,-666666666,151484,90621,0.0,5.9,0.0,6.0,7.5,13.8,0.0,21.1,32.7,13.0,3.7,0.0,2.4,0.0,70.6,29.4,0.0,29.7,70.3,2112,0.0,30.7,1317,62.9,37.1,1326,42.2,0.0,0.0,86.7,0.0,0.0,0.0,58.7,0.0,2020
12086006719,"Census Tract 67.19, Miami-Dade County, Florida",95.3,4.7,55.5,3.1,16.3,3.1,22.3,-666666666,109982,85221,2.2,0.0,2.8,7.3,7.8,34.8,1.3,14.1,10.8,19.0,8.6,4.4,9.7,16.8,75.6,7.6,0.0,3.1,96.9,2823,8.6,56.7,1544,75.8,24.2,1655,32.1,0.0,0.0,87.0,1.3,1.9,8.6,23.7,0.0,2020
12086006720,"Census Tract 67.20, Miami-Dade County, Florida",72.3,0.0,65.6,5.7,22.0,2.5,19.9,115549,157416,94344,1.8,0.0,6.8,0.0,4.0,2.8,13.9,40.8,10.5,19.5,8.5,0.0,4.7,5.7,80.9,13.5,0.0,30.9,69.1,2383,2.6,39.8,1807,71.1,28.9,2212,30.9,9.1,5.1,88.9,0.0,1.2,2.1,65.4,7.0,2020
12086006721,"Census Tract 67.21, Miami-Dade County, Florida",89.4,5.9,77.9,6.7,9.1,4.7,21.6,101425,134189,85006,3.8,0.0,1.5,0.5,1.2,11.2,3.0,58.7,5.1,14.9,7.9,0.0,21.2,1.5,59.4,39.0,0.0,17.8,82.2,3013,0.8,44.4,1864,69.3,30.7,2131,29.7,5.1,0.2,43.5,1.6,45.9,8.9,62.1,2.3,2020
12086006722,"Census Tract 67.22, Miami-Dade County, Florida",69.4,2.5,44.1,4.1,23.6,16.1,23.9,85792,106555,50185,11.2,0.0,4.7,5.9,3.5,11.1,25.8,20.4,2.6,14.7,20.0,4.2,21.6,15.5,64.6,14.7,5.2,28.8,71.2,2188,15.0,35.2,976,81.4,18.6,1796,36.6,6.5,9.0,70.7,3.2,10.0,7.6,47.0,4.5,2020
12086006801,"Census Tract 68.01, Miami-Dade County, Florida",58.3,4.9,62.2,2.9,10.9,18.7,22.0,152143,208368,86207,2.5,0.0,1.9,3.8,7.9,7.0,5.7,20.6,15.7,34.8,8.0,2.0,2.0,2.8,42.8,38.6,15.9,68.3,31.7,1887,0.0,57.5,1676,68.5,31.5,2836,47.3,20.8,25.7,90.6,2.0,6.2,1.2,24.9,2.8,2020
12086006802,"Census Tract 68.02, Miami-Dade County, Florida",54.8,1.8,71.6,0.4,1.4,16.5,24.9,153934,230057,105702,2.9,4.8,7.3,2.2,6.4,3.4,6.9,13.6,12.5,40.0,5.9,3.9,1.5,11.0,36.0,41.8,11.1,83.1,16.9,-666666666,17.3,44.7,1899,82.7,17.3,3452,56.3,20.7,36.8,89.7,1.7,8.0,0.3,43.8,5.5,2020
12086006901,"Census Tract 69.01, Miami-Dade County, Florida",63.5,1.4,84.1,2.4,4.5,6.0,26.8,46857,93945,44663,6.1,6.6,17.3,2.9,20.6,12.4,10.6,9.0,7.2,7.2,11.0,16.3,16.3,14.8,58.3,15.8,11.1,47.3,52.7,1310,13.3,58.8,1325,89.6,10.4,2721,46.4,9.1,23.4,87.0,0.2,10.8,0.0,86.9,4.5,2020
12086006902,"Census Tract 69.02, Miami-Dade County, Florida",60.0,3.7,85.3,0.0,2.8,4.4,24.1,62969,90599,39691,14.7,7.4,10.2,6.4,6.1,12.1,12.2,5.5,20.5,5.0,12.2,12.5,12.8,7.3,40.7,45.3,6.7,62.6,37.4,1356,0.0,61.8,1530,91.2,8.8,3338,52.0,16.5,25.3,80.3,0.0,19.7,0.0,82.8,1.5,2020
12086007003,"Census Tract 70.03, Miami-Dade County, Florida",71.4,3.6,62.9,9.0,6.4,1.5,35.2,53548,72412,25918,3.7,7.8,6.4,11.9,13.0,24.4,13.0,10.3,4.5,5.0,11.2,17.9,10.1,17.6,42.3,30.5,9.6,36.7,63.3,1780,0.0,64.3,1815,90.1,9.9,5372,34.1,21.2,11.9,55.6,3.5,33.8,2.3,92.4,2.9,2020
12086007004,"Census Tract 70.04, Miami-Dade County, Florida",62.8,2.9,62.9,5.3,6.1,16.0,31.1,60792,85385,34253,3.8,4.8,1.4,10.2,19.7,19.4,12.2,14.9,6.3,7.3,5.8,15.8,12.2,5.1,56.2,22.6,16.2,41.0,59.0,1814,3.5,45.8,2560,82.6,17.4,5582,46.1,20.0,17.3,75.3,3.3,13.1,1.8,76.4,6.4,2020
12086007005,"Census Tract 70.05, Miami-Dade County, Florida",56.2,11.2,38.9,7.1,2.2,12.6,25.1,42864,60668,27866,26.3,0.0,8.7,5.9,19.9,24.9,2.3,6.8,0.0,5.2,28.3,32.1,34.2,8.2,53.8,31.5,6.6,36.0,64.0,1382,13.3,56.0,1016,91.3,8.7,2202,52.4,11.5,19.5,75.6,2.5,6.4,3.0,90.0,0.0,2020
12086007006,"Census Tract 70.06, Miami-Dade County, Florida",64.7,4.1,75.0,3.9,4.6,11.2,27.5,46623,64629,26927,2.0,10.9,12.7,12.6,13.5,18.8,9.6,14.3,0.0,5.7,15.7,13.2,11.7,3.6,52.2,30.8,13.4,36.2,63.8,1672,12.2,59.6,1435,83.8,16.2,3300,43.3,21.3,18.4,72.9,0.2,24.7,0.0,92.2,0.7,2020
12086007007,"Census Tract 70.07, Miami-Dade County, Florida",67.3,7.1,63.8,15.9,1.3,2.8,28.8,46333,66605,32810,12.7,4.7,9.5,7.2,19.1,17.5,5.0,12.1,6.4,5.7,21.7,25.2,14.9,9.4,51.0,36.0,3.5,15.4,84.6,1763,22.9,57.1,944,92.6,7.4,1977,38.7,15.1,10.3,76.0,3.3,2.8,17.9,61.0,5.0,2020
12086007101,"Census Tract 71.01, Miami-Dade County, Florida",57.1,10.7,75.2,5.2,0.0,5.2,25.2,67692,116264,47697,20.1,4.3,8.0,10.0,6.0,4.0,10.8,12.4,10.7,13.7,15.9,25.3,6.6,19.1,46.4,28.6,6.0,49.7,50.3,942,2.1,42.1,1220,85.4,14.6,2639,42.5,21.1,17.9,54.2,26.2,17.1,0.0,45.5,2.1,2020
12086007103,"Census Tract 71.03, Miami-Dade County, Florida",61.6,17.4,79.5,4.0,2.8,8.3,35.0,109722,127677,72451,16.3,1.2,2.0,2.5,5.0,12.9,6.8,35.5,6.6,11.2,22.8,1.1,4.2,4.3,77.4,17.4,0.9,49.1,50.9,1763,7.6,22.4,1614,78.4,21.6,2241,41.3,11.2,19.5,57.4,18.4,6.4,16.0,28.2,1.9,2020
12086007104,"Census Tract 71.04, Miami-Dade County, Florida",81.6,3.6,70.2,4.7,5.8,12.3,22.9,107661,150327,65816,0.7,1.7,3.7,2.6,11.3,16.2,12.7,15.5,13.4,22.2,1.8,3.9,4.5,1.6,46.2,46.5,5.7,44.8,55.2,2061,7.6,42.5,1585,88.2,11.8,3334,33.7,22.7,6.3,87.3,2.6,7.2,2.0,49.9,6.1,2020
12086007200,"Census Tract 72, Miami-Dade County, Florida",55.4,6.4,76.3,8.1,9.6,2.0,24.3,43750,57340,25295,13.5,8.5,15.7,10.1,5.5,28.8,5.9,4.8,3.6,3.6,28.5,30.0,12.1,22.0,54.8,15.4,7.8,25.5,74.5,1033,9.3,60.0,1272,83.2,16.8,2667,40.6,21.0,14.6,27.1,71.8,0.1,0.0,17.4,0.2,2020
12086007300,"Census Tract 73, Miami-Dade County, Florida",66.1,3.4,62.7,0.1,1.9,30.0,24.2,228644,293148,98390,3.1,2.0,3.6,4.0,0.5,6.9,7.9,12.6,6.3,53.2,14.2,3.6,6.4,0.5,24.2,55.6,19.7,85.0,15.0,2000,17.0,10.0,1806,85.0,15.0,4639,40.8,34.5,11.6,70.7,6.2,17.4,4.4,46.8,3.8,2020
12086007401,"Census Tract 74.01, Miami-Dade County, Florida",69.0,2.6,66.4,0.0,0.0,12.1,20.4,116167,263158,104419,2.3,0.0,0.0,5.6,14.9,17.1,6.5,12.2,7.0,34.4,0.8,0.0,0.8,12.2,28.1,43.7,15.9,93.5,6.5,-666666666,0.0,0.0,572,100.0,0.0,1580,35.6,31.2,16.0,92.3,0.0,7.7,0.0,64.3,10.4,2020
12086007402,"Census Tract 74.02, Miami-Dade County, Florida",59.3,1.5,70.0,3.8,1.1,10.4,25.6,113438,179303,80764,6.5,4.6,7.5,7.3,3.1,7.8,11.5,11.1,12.1,28.3,7.1,2.9,3.4,1.7,52.8,31.4,14.2,75.9,24.1,1742,0.0,42.6,1285,87.3,12.7,2625,47.8,21.6,20.1,91.4,0.0,8.1,0.0,62.4,1.9,2020
12086007403,"Census Tract 74.03, Miami-Dade County, Florida",56.4,3.2,58.4,2.9,1.1,31.3,21.7,108844,180139,92512,17.1,2.4,2.5,1.1,0.0,1.7,4.9,33.2,10.1,26.9,13.4,5.5,0.0,1.1,54.4,29.6,14.9,59.9,40.1,2718,7.0,44.2,1826,76.4,23.6,2695,34.4,16.4,21.6,73.0,1.5,20.1,5.4,54.7,7.0,2020
12086007501,"Census Tract 75.01, Miami-Dade County, Florida",61.7,3.2,71.0,0.8,2.0,15.9,21.2,175938,246599,88510,0.8,0.0,2.7,6.1,4.3,5.6,13.1,9.8,11.0,46.7,3.0,3.1,3.1,2.3,26.0,60.2,11.6,97.1,2.9,3288,0.0,22.2,975,94.1,5.9,2669,49.0,27.1,23.6,84.0,4.3,10.5,0.0,61.2,6.4,2020
12086007503,"Census Tract 75.03, Miami-Dade County, Florida",67.6,3.6,63.6,11.4,11.1,10.2,22.9,70313,150682,65431,6.2,3.4,1.2,9.0,8.4,25.1,7.4,7.1,7.4,24.8,11.0,2.2,1.1,15.5,37.5,26.3,20.7,69.0,31.0,1863,14.0,59.3,407,79.4,20.6,747,33.3,28.1,15.3,82.6,0.0,15.0,0.5,50.7,1.3,2020
12086007601,"Census Tract 76.01, Miami-Dade County, Florida",66.6,3.4,71.5,0.9,4.7,16.1,24.9,108333,132369,42312,1.3,2.3,6.4,6.3,9.1,12.7,6.6,17.0,17.8,20.5,17.6,5.6,7.1,10.1,23.6,44.9,21.4,79.6,20.4,1575,15.2,60.6,885,93.6,6.4,2683,37.9,27.9,14.9,82.7,0.1,7.3,1.1,73.7,2.6,2020
12086007603,"Census Tract 76.03, Miami-Dade County, Florida",43.2,10.8,65.8,12.7,8.4,5.0,28.8,30625,47838,19947,18.3,11.6,13.9,10.8,15.3,12.4,5.7,7.0,1.8,3.1,29.7,28.8,7.5,19.0,52.8,20.5,7.7,30.8,69.2,1622,9.0,70.1,1715,82.3,17.7,3806,28.6,15.0,17.8,51.3,37.2,6.1,4.7,34.9,1.0,2020
12086007605,"Census Tract 76.05, Miami-Dade County, Florida",67.9,4.1,78.5,4.2,0.0,9.1,28.0,66964,89328,39578,2.8,2.5,7.4,13.6,4.9,25.0,11.0,17.5,8.0,7.4,7.1,15.1,9.2,1.0,44.5,40.2,14.4,51.3,48.7,1727,8.2,59.4,1741,88.7,11.3,3611,34.7,14.3,14.3,82.4,4.3,11.4,1.4,74.3,1.4,2020
12086007607,"Census Tract 76.07, Miami-Dade County, Florida",68.3,2.5,71.7,0.6,2.5,14.1,33.1,64732,111068,47760,5.7,3.9,3.9,15.9,11.5,12.5,4.9,13.0,12.7,16.2,7.5,4.7,8.2,3.0,33.5,41.3,22.2,70.7,29.3,2184,12.0,73.2,945,96.0,4.0,2152,47.0,11.4,25.7,76.7,0.7,12.5,1.5,74.7,2.0,2020
12086007608,"Census Tract 76.08, Miami-Dade County, Florida",62.8,3.5,63.4,7.3,1.5,10.3,26.8,106845,151435,56103,5.8,0.0,3.2,14.2,6.3,12.9,5.6,13.1,18.4,20.5,5.1,2.4,10.6,7.0,35.6,47.2,10.1,74.3,25.7,1259,0.0,44.4,781,100.0,0.0,2207,40.6,23.7,12.8,76.0,12.2,5.5,5.8,48.4,3.6,2020
12086007609,"Census Tract 76.09, Miami-Dade County, Florida",73.4,3.2,74.6,20.0,0.0,4.3,35.1,74632,106645,43847,1.9,1.9,5.1,11.9,0.7,28.8,11.9,15.4,8.5,13.9,8.3,2.1,6.5,13.7,31.4,46.5,8.3,40.2,59.8,1497,4.4,27.8,730,91.9,8.1,1761,39.4,14.6,11.9,76.3,4.9,2.5,12.9,56.6,1.6,2020
12086007610,"Census Tract 76.10, Miami-Dade County, Florida",69.8,6.3,48.8,14.2,4.3,23.6,32.5,98947,187181,69113,0.7,3.1,5.5,8.6,15.2,0.9,16.9,6.9,14.9,27.3,3.5,4.3,16.9,8.1,36.4,31.4,24.0,62.9,37.1,1211,20.1,44.9,1845,93.8,6.2,4814,35.9,17.0,12.0,64.0,0.3,28.5,6.5,69.0,5.7,2020
12086007704,"Census Tract 77.04, Miami-Dade County, Florida",58.0,7.5,68.6,6.0,6.8,9.7,26.3,48750,79797,38087,6.0,2.5,6.8,21.6,14.2,14.5,10.4,13.5,3.4,7.1,11.4,9.1,10.8,6.0,63.3,24.1,6.5,47.9,52.1,1589,14.2,44.0,2874,84.7,15.3,5402,35.7,21.8,20.7,75.3,3.9,19.2,0.8,74.0,13.3,2020
12086007705,"Census Tract 77.05, Miami-Dade County, Florida",64.4,2.0,80.4,9.8,0.7,4.7,31.9,65018,98765,50643,9.3,4.6,8.7,3.6,9.0,27.6,10.4,9.0,2.0,15.9,8.8,3.8,3.9,6.9,44.0,39.3,9.8,47.4,52.6,1439,13.3,41.2,2329,96.9,3.1,4746,41.9,12.3,17.6,83.1,0.6,11.2,0.8,70.1,3.0,2020
12086007706,"Census Tract 77.06, Miami-Dade County, Florida",67.6,0.6,86.0,1.0,0.0,10.1,29.5,94632,131897,57135,4.8,1.1,12.4,6.6,6.5,8.5,13.0,18.6,6.7,21.7,6.5,7.7,2.7,2.6,31.3,45.3,20.7,81.2,18.8,1833,0.0,46.6,1414,93.4,6.6,3138,55.5,13.5,32.9,92.4,0.0,5.4,1.8,62.0,3.0,2020
12086007707,"Census Tract 77.07, Miami-Dade County, Florida",73.1,0.0,66.8,0.0,0.0,29.5,32.9,127784,162966,50326,0.0,7.5,12.9,4.3,10.1,4.6,1.7,42.0,7.2,9.8,25.0,17.2,4.8,3.5,12.1,38.3,46.0,82.2,17.8,2284,0.0,21.6,908,100.0,0.0,3199,47.5,14.3,11.6,83.8,0.3,15.2,0.0,78.5,0.4,2020
12086007708,"Census Tract 77.08, Miami-Dade County, Florida",54.6,0.0,80.8,0.2,0.0,4.7,32.7,42432,85362,29206,6.3,2.4,12.2,23.3,8.6,5.1,8.2,23.3,5.1,5.6,11.4,13.1,7.0,2.1,23.9,51.6,22.4,73.1,26.9,1929,5.3,44.0,877,91.7,8.3,2597,40.9,15.0,23.5,92.9,1.5,4.1,0.1,89.8,0.0,2020
12086007709,"Census Tract 77.09, Miami-Dade County, Florida",58.9,2.2,81.7,3.4,0.0,3.3,32.7,109583,99164,32628,3.2,0.0,5.2,7.5,10.2,14.9,5.0,33.7,18.5,1.8,12.0,10.4,21.9,4.5,21.3,40.2,34.0,78.4,21.6,1466,0.0,35.9,1018,100.0,0.0,3515,44.9,16.5,17.7,81.6,10.4,7.6,0.5,87.7,3.3,2020
12086007801,"Census Tract 78.01, Miami-Dade County, Florida",54.4,0.5,67.9,3.6,0.5,15.6,25.9,216094,362492,99657,0.0,1.6,4.0,0.0,8.0,8.4,0.0,17.2,8.0,52.8,4.4,1.6,8.5,5.2,10.0,34.0,50.8,96.4,3.6,-666666666,0.0,100.0,254,98.4,1.6,911,44.9,23.6,18.3,86.2,2.1,9.2,2.0,52.8,2.7,2020
12086007805,"Census Tract 78.05, Miami-Dade County, Florida",60.1,4.1,76.9,6.3,0.4,7.2,32.8,106750,145268,53004,5.6,2.6,4.2,3.3,9.2,12.7,9.3,17.4,13.5,22.2,5.3,4.9,4.3,5.0,20.4,52.2,22.3,72.1,27.9,1686,9.2,48.7,1723,86.4,13.6,4287,45.6,22.3,20.1,88.5,0.4,6.9,2.4,64.7,1.0,2020
12086007806,"Census Tract 78.06, Miami-Dade County, Florida",57.6,5.9,75.5,2.7,0.5,16.4,29.6,250001,604614,178566,7.1,0.0,3.2,0.7,1.4,2.2,3.7,9.5,8.3,63.9,11.9,0.0,0.4,2.5,8.7,45.0,43.8,94.8,5.2,3501,0.0,59.6,1311,85.9,14.1,3881,45.2,28.1,19.7,86.1,2.1,9.1,1.1,38.4,3.6,2020
12086007807,"Census Tract 78.07, Miami-Dade County, Florida",69.3,3.6,68.7,5.9,0.0,22.3,28.4,168973,204202,66408,0.5,4.3,4.2,5.9,7.6,4.3,9.2,8.9,14.9,40.2,3.3,6.1,3.1,5.2,27.2,48.7,18.9,69.8,30.2,1933,6.2,56.3,1790,96.1,3.9,5394,41.6,31.2,13.4,71.3,1.2,21.3,3.8,50.1,2.6,2020
12086007808,"Census Tract 78.08, Miami-Dade County, Florida",65.4,4.3,76.5,4.1,1.7,7.7,26.5,52188,87045,46629,8.8,6.4,7.6,12.0,12.0,15.1,10.1,10.9,5.4,11.8,11.7,21.1,12.0,8.1,64.9,26.7,0.4,35.3,64.7,1582,11.6,52.5,2618,74.0,26.0,3622,39.5,13.4,19.5,77.6,1.3,8.4,11.5,79.5,9.8,2020
12086007809,"Census Tract 78.09, Miami-Dade County, Florida",58.8,4.3,53.8,21.9,0.0,9.0,34.2,57372,78435,32367,18.0,5.7,7.0,5.8,6.0,20.0,12.9,13.2,7.7,3.8,29.2,6.7,6.3,1.6,48.8,44.1,5.5,45.8,54.2,1721,9.0,40.2,1794,83.1,16.9,3618,40.8,15.3,18.6,74.9,6.3,6.1,11.5,54.2,11.4,2020
12086007901,"Census Tract 79.01, Miami-Dade County, Florida",53.1,0.0,80.2,2.5,0.0,13.8,28.3,111522,205894,88755,12.6,0.8,3.8,3.3,0.0,10.9,9.6,20.0,5.9,33.2,11.1,1.0,3.5,20.5,29.1,36.8,13.5,77.4,22.6,1811,0.0,54.6,1736,88.5,11.5,3612,43.9,18.8,23.5,78.8,3.4,10.4,7.4,56.9,6.3,2020
12086007902,"Census Tract 79.02, Miami-Dade County, Florida",60.8,4.1,76.2,3.7,0.8,9.7,31.3,129167,262238,98340,4.5,2.4,1.7,8.1,6.1,13.9,6.7,10.7,5.9,39.9,5.9,7.4,4.4,0.7,30.8,49.1,19.4,85.4,14.6,1465,25.5,60.2,1131,92.1,7.9,2860,47.2,25.2,18.8,85.1,0.8,13.3,0.3,55.2,6.8,2020
12086008000,"Census Tract 80, Miami-Dade County, Florida",60.3,0.8,82.7,3.4,0.0,9.1,34.5,180233,269076,89326,1.6,0.0,3.2,7.7,4.7,8.6,7.4,12.5,13.4,40.9,1.4,0.9,0.7,0.7,25.5,39.5,34.3,76.8,23.2,1697,0.0,33.0,2258,84.4,15.6,5772,45.4,22.5,21.7,80.1,1.6,14.4,3.3,63.4,1.3,2020
12086008101,"Census Tract 81.01, Miami-Dade County, Florida",55.7,1.7,86.8,1.0,0.0,10.3,31.2,185000,249620,75067,4.4,0.0,1.7,3.2,3.8,5.7,3.0,13.7,25.5,39.1,9.1,2.5,2.1,1.9,16.2,48.2,33.7,95.3,4.7,-666666666,0.0,0.0,1156,95.8,4.2,3744,44.5,29.3,16.2,88.2,0.5,7.6,3.6,42.8,6.2,2020
12086008102,"Census Tract 81.02, Miami-Dade County, Florida",52.9,4.8,75.6,2.9,2.0,9.8,30.4,151429,182078,59202,3.7,3.9,0.5,4.5,11.5,11.5,3.1,11.1,20.5,29.8,12.2,6.3,9.4,3.5,30.5,35.0,31.0,81.0,19.0,1409,3.5,62.8,1671,89.8,10.2,4902,42.1,23.3,20.9,81.3,2.9,6.0,7.5,34.5,3.4,2020
12086008202,"Census Tract 82.02, Miami-Dade County, Florida",60.0,4.3,81.1,0.9,1.0,7.6,37.1,118676,145118,46886,3.5,0.3,9.4,2.9,10.8,12.2,5.9,18.1,7.0,30.0,5.4,3.5,10.1,1.0,24.3,45.6,29.1,77.8,22.2,1352,8.7,26.9,1457,98.7,1.3,4589,40.0,26.4,15.1,81.0,3.3,13.9,0.6,55.3,7.2,2020
12086008205,"Census Tract 82.05, Miami-Dade County, Florida",53.6,1.4,75.2,1.3,0.6,14.1,34.4,164764,244363,79959,0.7,1.1,1.2,3.0,3.7,4.8,6.3,23.3,14.6,41.2,2.8,2.9,1.9,3.4,29.4,37.7,29.5,93.4,6.6,2125,14.5,30.1,1530,82.5,17.5,3979,44.5,25.5,20.9,81.9,0.7,12.0,5.4,30.7,1.4,2020
12086008206,"Census Tract 82.06, Miami-Dade County, Florida",61.1,9.9,75.0,1.2,1.4,16.1,34.5,98125,158315,58696,13.7,1.3,0.7,1.8,8.4,12.6,12.9,12.0,6.6,30.0,6.0,4.6,4.3,1.7,32.0,45.9,20.5,74.5,25.5,1338,10.8,63.4,1483,95.3,4.7,3804,45.0,24.6,16.7,79.0,3.1,9.7,6.5,49.7,3.2,2020
12086008207,"Census Tract 82.07, Miami-Dade County, Florida",67.7,6.5,70.8,1.1,0.0,24.2,39.3,170781,240169,67136,1.0,0.0,0.0,5.5,0.6,9.2,8.0,22.4,10.0,43.3,3.2,2.5,0.2,0.0,17.8,34.8,47.4,95.6,4.4,3501,0.0,74.4,1447,96.0,4.0,5318,37.4,26.7,12.0,88.1,0.0,6.8,3.4,33.2,2.3,2020
12086008208,"Census Tract 82.08, Miami-Dade County, Florida",68.6,5.6,75.8,9.3,0.0,3.4,45.5,76429,92811,30858,1.0,0.5,4.5,11.8,11.4,17.3,16.8,21.9,9.3,5.5,6.9,15.6,12.4,4.3,18.8,52.6,24.3,51.4,48.6,1423,5.1,49.6,1573,90.7,9.3,4679,35.2,22.2,8.6,66.2,9.1,13.5,5.8,51.8,5.6,2020
12086008209,"Census Tract 82.09, Miami-Dade County, Florida",62.2,9.6,80.6,2.6,0.0,7.4,42.2,131875,168130,53599,2.7,3.3,0.5,2.7,5.2,5.1,7.5,33.1,16.0,24.0,9.4,1.3,1.6,5.0,16.5,46.1,32.4,88.5,11.5,2818,13.6,48.6,1368,95.8,4.2,4305,41.0,23.4,14.2,83.2,1.5,8.2,5.0,49.8,2.6,2020
12086008305,"Census Tract 83.05, Miami-Dade County, Florida",68.5,2.0,81.8,1.7,1.1,8.5,31.9,87917,124102,46838,1.8,0.7,3.9,8.5,10.1,16.9,14.2,16.8,8.0,19.1,2.6,7.2,5.7,2.3,23.4,51.9,22.4,56.3,43.7,1453,13.7,34.2,1857,90.9,9.1,4841,37.0,18.3,13.9,76.3,4.0,11.9,1.4,55.8,5.2,2020
12086008308,"Census Tract 83.08, Miami-Dade County, Florida",67.3,3.5,74.7,1.9,0.0,3.2,35.6,53419,63859,22178,6.9,3.0,10.7,11.4,16.2,21.1,11.9,12.9,6.1,0.0,10.8,28.4,12.3,6.3,27.2,42.1,24.4,54.8,45.2,1216,9.7,48.7,1714,86.6,13.4,4543,39.2,23.6,14.5,64.3,21.3,7.9,1.1,65.1,2.9,2020
12086008309,"Census Tract 83.09, Miami-Dade County, Florida",51.5,21.5,74.2,11.7,0.0,3.1,36.7,36711,42920,12127,11.0,9.1,11.1,14.4,23.8,16.1,8.5,4.4,1.7,0.0,32.6,48.5,16.7,13.6,36.6,36.9,12.9,46.9,53.1,1091,13.0,64.9,1501,85.9,14.1,5110,26.9,38.2,6.7,19.2,74.3,2.7,0.9,21.0,2.2,2020
12086008310,"Census Tract 83.10, Miami-Dade County, Florida",52.2,4.2,83.5,4.4,1.9,0.5,36.1,65769,75401,20050,1.5,1.4,10.4,3.6,8.4,38.2,14.5,10.4,8.5,3.0,6.3,18.7,14.6,3.3,18.2,55.9,22.6,85.3,14.7,1272,0.0,55.6,1128,98.6,1.4,4617,41.3,24.8,15.3,45.7,15.2,29.8,2.2,65.0,4.2,2020
12086008311,"Census Tract 83.11, Miami-Dade County, Florida",63.9,8.3,83.4,8.4,0.0,1.9,36.4,75108,86167,24126,2.2,3.6,4.3,1.0,19.5,19.1,10.5,20.0,18.9,0.9,3.7,29.5,22.4,1.1,17.4,39.4,42.1,88.6,11.4,1625,0.0,54.1,1114,94.3,5.7,4366,41.8,18.9,17.0,51.6,44.1,3.1,0.3,47.1,2.1,2020
12086008312,"Census Tract 83.12, Miami-Dade County, Florida",60.8,3.5,73.8,15.2,0.0,3.0,32.9,43703,62487,18793,4.6,0.0,3.8,20.6,29.2,8.4,11.1,22.2,0.0,0.0,10.7,28.4,13.8,16.4,30.8,30.5,22.2,67.3,32.7,1254,4.3,80.5,1079,91.7,8.3,3751,42.5,16.9,16.9,23.0,54.5,13.3,0.0,49.2,0.3,2020
12086008313,"Census Tract 83.13, Miami-Dade County, Florida",51.7,7.1,81.0,7.0,0.0,2.5,37.0,54453,91118,32622,9.2,3.3,8.9,4.0,9.9,31.9,6.1,16.8,7.6,2.2,7.6,28.3,14.4,12.4,20.4,34.6,32.6,81.5,18.5,1323,50.9,36.6,1493,96.3,3.7,5240,44.3,21.9,17.7,18.3,67.1,13.9,0.8,29.7,0.0,2020
12086008314,"Census Tract 83.14, Miami-Dade County, Florida",63.2,2.2,82.0,0.0,0.0,1.9,43.2,70000,80947,24550,1.4,2.5,5.7,11.3,12.6,20.6,10.3,27.1,5.9,2.6,2.9,16.5,12.9,2.2,19.1,37.5,41.2,94.2,5.8,1397,0.0,90.0,703,98.2,1.8,2652,37.8,19.4,14.9,45.5,33.7,3.4,6.9,47.1,2.9,2020
12086008315,"Census Tract 83.15, Miami-Dade County, Florida",59.1,2.7,90.1,3.1,0.0,0.0,34.8,68931,75987,18979,2.8,2.2,8.0,3.0,9.6,31.6,20.2,19.9,0.0,2.8,18.6,15.8,40.7,5.5,15.2,33.0,46.4,80.9,19.1,1720,18.3,40.8,1058,94.6,5.4,4784,37.6,18.8,12.7,37.9,38.5,16.5,3.7,48.9,3.1,2020
12086008409,"Census Tract 84.09, Miami-Dade County, Florida",63.2,3.5,77.1,3.5,0.5,8.0,36.1,83986,125782,50031,3.4,0.4,5.2,2.4,8.6,24.2,11.5,19.4,6.5,18.4,4.1,2.0,12.3,1.6,29.9,49.2,19.3,78.9,21.1,1782,7.6,24.8,2137,94.5,5.5,5394,41.9,19.4,16.9,74.2,7.2,10.6,3.9,51.2,1.8,2020
12086008415,"Census Tract 84.15, Miami-Dade County, Florida",63.2,2.7,79.7,0.9,0.0,10.8,30.0,144805,179474,54036,2.9,0.0,3.6,1.8,3.6,16.3,8.3,16.0,14.0,33.5,7.0,3.6,7.5,0.0,11.3,54.0,34.7,98.1,1.9,-666666666,0.0,100.0,1470,97.1,2.9,4883,41.4,24.3,19.1,91.5,0.2,6.5,0.4,65.6,2.0,2020
12086008416,"Census Tract 84.16, Miami-Dade County, Florida",70.8,1.2,80.7,5.7,0.2,6.8,32.7,56313,115370,43633,2.8,6.1,9.3,11.3,14.9,9.1,5.2,12.0,10.2,19.2,7.8,13.2,10.7,1.8,39.8,36.5,21.9,55.0,45.0,1479,5.6,78.2,1197,98.7,1.3,3239,35.9,21.2,12.4,87.2,1.8,3.8,2.1,73.2,3.6,2020
12086008418,"Census Tract 84.18, Miami-Dade County, Florida",68.7,2.5,82.9,2.0,0.1,9.2,34.1,71442,83789,32782,1.1,4.3,2.2,5.6,12.3,28.7,12.1,27.1,3.4,3.1,4.3,5.2,3.7,2.5,43.3,46.8,7.4,54.2,45.8,1878,33.9,35.2,1109,94.7,5.3,2780,41.5,22.7,15.6,62.0,2.1,15.2,6.2,79.2,1.5,2020
12086008419,"Census Tract 84.19, Miami-Dade County, Florida",67.0,5.4,87.6,1.7,0.9,4.1,32.4,57677,77659,31161,2.9,4.2,6.5,7.6,24.1,13.0,17.1,13.1,5.7,5.9,12.9,19.5,25.2,1.4,40.8,48.6,9.2,46.2,53.8,1629,5.7,54.9,2204,95.6,4.4,5626,44.2,20.0,18.7,69.6,0.3,22.6,2.2,79.3,2.1,2020
12086008420,"Census Tract 84.20, Miami-Dade County, Florida",74.7,3.1,96.1,2.3,0.0,1.6,25.5,89904,99611,45826,2.7,0.0,3.9,7.4,8.1,14.0,16.0,32.0,5.6,10.4,1.2,10.3,6.8,0.0,44.1,39.4,16.5,86.5,13.5,2074,45.0,30.0,646,92.0,8.0,1350,39.1,23.0,13.0,74.7,0.0,9.5,0.0,72.1,3.8,2020
12086008421,"Census Tract 84.21, Miami-Dade County, Florida",54.0,5.2,86.6,0.0,0.0,1.1,30.4,77469,103657,33156,2.2,2.9,7.9,11.2,3.4,15.2,13.0,12.2,23.0,8.9,8.5,5.6,10.2,4.1,14.2,47.1,34.7,91.8,8.2,2126,5.9,25.4,1815,91.8,8.2,4908,49.8,15.0,23.0,80.3,3.9,8.3,0.6,65.2,1.5,2020
12086008422,"Census Tract 84.22, Miami-Dade County, Florida",63.9,6.3,97.2,0.0,0.0,2.8,35.2,85859,108965,39963,4.7,12.9,2.7,0.0,6.1,21.4,6.8,16.1,18.0,11.3,20.1,10.5,7.5,0.0,35.2,28.7,36.1,78.9,21.1,1315,8.4,67.1,884,91.3,8.7,2346,46.0,12.2,16.9,95.1,0.2,4.8,0.0,74.5,5.1,2020
12086008423,"Census Tract 84.23, Miami-Dade County, Florida",67.7,4.8,84.5,3.1,0.1,7.0,28.7,61364,101503,37892,5.8,5.6,4.3,4.2,13.1,24.0,9.1,11.8,10.6,11.4,18.8,12.4,7.1,1.1,28.2,40.2,30.5,71.0,29.0,1384,6.3,62.7,1640,98.7,1.3,4411,41.8,19.5,21.6,78.5,0.1,17.2,3.8,61.8,3.9,2020
12086008424,"Census Tract 84.24, Miami-Dade County, Florida",62.7,0.7,79.0,2.7,7.4,5.8,34.0,41250,49679,25261,27.2,5.7,6.4,4.7,13.2,18.7,13.4,9.2,0.7,0.8,20.0,40.2,8.5,22.5,34.3,32.4,10.8,25.3,74.7,1269,3.1,34.8,1852,94.9,5.1,3678,47.8,9.5,24.4,77.2,5.5,14.2,2.0,84.3,0.0,2020
12086008425,"Census Tract 84.25, Miami-Dade County, Florida",55.5,6.2,74.9,2.9,1.6,8.0,37.8,45156,81559,35215,6.0,7.8,6.4,9.9,32.9,9.4,6.3,3.2,8.1,10.1,13.7,22.2,6.0,14.4,48.3,20.6,16.7,69.1,30.9,1344,5.3,41.7,948,90.2,9.8,2020,45.7,16.8,22.0,91.2,0.1,2.0,0.5,72.5,2.7,2020
12086008426,"Census Tract 84.26, Miami-Dade County, Florida",66.3,1.7,80.3,2.5,0.0,8.6,34.7,118500,125001,39902,3.4,0.0,1.4,2.4,6.5,16.0,13.0,26.9,10.5,19.9,3.0,9.3,1.3,0.0,22.5,43.4,34.0,90.8,9.2,2564,0.0,57.3,1259,92.0,8.0,3820,42.5,24.5,16.3,73.4,17.2,3.6,5.0,45.6,0.7,2020
12086008427,"Census Tract 84.27, Miami-Dade County, Florida",66.2,3.5,84.6,2.4,0.0,2.8,36.2,93803,115576,42623,2.8,1.1,4.8,9.7,2.7,19.5,14.2,21.5,10.4,13.2,2.6,8.6,9.7,0.0,37.8,33.5,28.7,66.8,33.2,1726,32.9,26.9,753,94.4,5.6,1990,39.0,19.8,11.6,67.5,12.8,2.2,16.2,49.5,0.0,2020
12086008428,"Census Tract 84.28, Miami-Dade County, Florida",65.5,4.7,68.6,2.4,0.0,11.5,29.7,92500,142982,42065,3.2,0.0,0.0,5.2,15.8,14.9,13.2,5.3,12.9,29.4,7.6,15.4,11.5,4.2,22.3,55.2,18.3,75.1,24.9,2103,36.0,64.0,857,93.8,6.2,2790,35.8,29.7,18.6,86.3,4.1,7.0,2.2,77.7,6.9,2020
12086008429,"Census Tract 84.29, Miami-Dade County, Florida",59.3,0.9,61.5,2.6,0.6,3.7,34.5,116534,188963,46771,0.0,0.0,5.2,7.1,1.3,5.6,24.8,24.8,11.3,19.8,18.3,22.3,0.0,0.0,20.5,40.9,38.7,64.8,35.2,2522,0.0,73.0,1141,88.6,11.4,4224,26.9,45.2,13.7,59.5,0.0,23.5,0.0,68.1,0.9,2020
12086008430,"Census Tract 84.30, Miami-Dade County, Florida",68.2,2.1,83.8,1.1,0.0,1.0,30.5,48173,58440,25521,8.7,4.3,8.6,13.6,17.6,15.0,22.0,5.8,2.1,2.1,10.2,14.8,11.4,3.7,54.9,29.9,11.5,23.4,76.6,1369,9.1,43.8,2162,89.6,10.4,4909,36.4,9.8,13.8,70.6,8.6,16.8,2.9,81.4,1.1,2020
12086008431,"Census Tract 84.31, Miami-Dade County, Florida",29.2,3.6,74.6,6.6,7.1,2.3,31.2,52247,80226,25631,7.4,8.6,12.2,0.0,8.6,21.6,13.6,8.2,7.6,12.4,27.2,8.6,4.9,22.4,27.3,41.9,8.4,70.3,29.7,1496,22.1,59.7,538,93.1,6.9,2070,76.0,8.6,58.7,91.9,3.2,2.6,0.4,60.3,3.3,2020
12086008502,"Census Tract 85.02, Miami-Dade County, Florida",58.4,3.2,81.1,0.1,0.3,5.2,25.0,108432,125713,38379,2.9,2.1,3.7,10.9,12.8,7.3,6.5,24.5,12.3,17.0,5.4,12.3,7.7,0.7,19.8,49.4,30.1,76.8,23.2,1490,4.7,69.6,1425,91.8,8.2,4435,43.7,20.9,20.6,74.0,0.4,14.6,4.3,81.4,1.6,2020
12086008503,"Census Tract 85.03, Miami-Dade County, Florida",59.1,3.6,83.2,4.1,0.0,3.5,27.2,55938,102443,31482,8.0,7.0,5.1,18.2,10.1,16.1,1.6,10.6,13.0,10.1,20.6,24.5,15.6,4.6,19.6,47.9,27.9,63.9,36.1,1464,0.0,95.7,1096,100.0,0.0,3870,41.4,19.8,17.2,77.2,0.0,17.3,5.1,85.9,7.5,2020
12086008504,"Census Tract 85.04, Miami-Dade County, Florida",52.1,0.2,91.0,1.4,0.5,5.0,29.2,69348,72712,24340,9.0,3.0,6.8,14.3,6.8,12.9,16.6,24.3,4.5,2.1,3.6,16.7,8.8,16.0,15.5,38.2,30.3,88.5,11.5,2095,0.0,38.2,901,96.6,3.4,2722,38.7,22.0,19.7,85.5,0.6,13.3,0.0,88.7,4.4,2020
12086008601,"Census Tract 86.01, Miami-Dade County, Florida",60.0,4.4,77.2,0.3,0.0,9.4,34.3,83456,117332,33626,4.4,4.8,2.2,6.8,8.7,20.1,8.4,15.7,7.2,21.6,4.7,23.6,12.6,2.0,28.6,42.2,27.2,81.7,18.3,1488,9.4,52.1,1449,96.4,3.6,5208,46.8,14.9,22.2,80.3,0.5,18.9,0.2,89.8,1.8,2020
12086008603,"Census Tract 86.03, Miami-Dade County, Florida",66.1,2.0,83.1,0.3,0.3,7.4,41.3,88552,112751,41826,6.2,3.4,1.6,7.8,12.5,10.9,24.4,21.8,6.9,4.5,10.8,16.8,5.8,0.0,33.1,32.6,34.2,84.9,15.1,2424,19.1,58.8,1594,98.6,1.4,4619,46.0,16.8,22.6,71.6,0.2,17.7,4.6,86.9,0.8,2020
12086008604,"Census Tract 86.04, Miami-Dade County, Florida",54.9,5.1,79.7,0.0,2.0,6.0,32.0,79340,125936,44038,14.2,4.6,4.3,3.7,8.5,8.7,12.6,20.6,6.6,16.2,13.2,4.3,7.1,0.0,33.4,40.5,26.1,97.0,3.0,-666666666,-666666666.0,-666666666.0,493,88.6,11.4,1357,45.9,15.8,28.0,87.7,1.0,2.7,8.7,81.4,1.8,2020
12086008702,"Census Tract 87.02, Miami-Dade County, Florida",53.7,7.4,81.9,2.4,1.0,3.5,31.4,71343,76807,23301,4.9,6.4,7.6,9.6,12.7,10.4,22.2,15.4,8.3,2.7,14.5,35.1,17.8,0.9,33.9,28.0,37.2,77.0,23.0,1732,7.4,76.5,1706,100.0,0.0,5944,44.3,14.6,19.1,83.5,1.3,11.3,2.6,87.6,3.0,2020
12086008703,"Census Tract 87.03, Miami-Dade County, Florida",55.8,3.1,92.8,0.0,0.0,0.0,31.0,75647,91543,28187,2.4,0.0,12.9,7.4,10.8,15.5,12.7,21.4,11.5,5.5,9.7,36.6,11.3,1.6,18.8,37.2,42.4,73.7,26.3,1449,11.2,62.4,702,96.4,3.6,2629,43.4,17.2,17.9,77.1,5.3,13.2,0.0,92.5,1.4,2020
12086008704,"Census Tract 87.04, Miami-Dade County, Florida",66.3,1.9,93.6,0.0,0.0,1.2,31.4,57976,78448,29730,8.5,1.8,9.3,8.5,13.6,22.5,6.9,10.3,14.5,4.1,10.5,15.2,13.9,12.0,21.5,34.4,32.1,79.5,20.5,2048,26.0,61.0,853,95.4,4.6,2513,53.3,12.4,23.6,95.2,0.0,3.1,0.2,76.2,5.5,2020
12086008805,"Census Tract 88.05, Miami-Dade County, Florida",55.9,2.7,84.8,2.3,1.1,3.7,27.7,35156,49527,17922,6.6,8.7,20.9,13.7,10.7,18.6,13.1,4.1,2.3,1.3,23.4,40.0,21.0,7.3,33.6,34.9,24.1,42.2,57.8,1469,1.4,68.3,1459,90.9,9.1,4481,41.6,14.1,19.9,89.8,2.1,6.4,0.0,94.1,4.3,2020
12086008806,"Census Tract 88.06, Miami-Dade County, Florida",60.0,2.6,78.3,1.5,0.0,0.6,31.7,63333,76029,24133,1.8,6.5,12.2,3.6,7.6,28.6,7.4,23.7,5.7,2.8,12.9,20.4,17.4,2.0,26.6,37.5,33.9,71.4,28.6,1792,0.0,71.3,1367,98.3,1.7,4856,44.6,19.1,21.6,74.2,0.0,25.4,0.0,96.6,1.2,2020
12086008807,"Census Tract 88.07, Miami-Dade County, Florida",68.5,1.9,84.8,0.0,0.0,2.0,31.3,79988,80859,32085,0.0,1.4,14.0,8.2,1.9,4.3,46.6,18.8,2.5,2.3,6.8,18.8,9.0,5.0,35.2,18.8,41.0,88.3,11.7,-666666666,18.9,56.8,1462,99.2,0.8,4073,52.4,8.2,26.9,73.7,0.0,26.1,0.0,93.5,0.2,2020
12086008808,"Census Tract 88.08, Miami-Dade County, Florida",63.5,5.3,92.2,0.6,0.8,0.6,32.9,60020,65293,22563,0.0,6.1,6.2,10.5,17.8,31.4,9.4,16.8,0.6,1.2,9.4,29.9,12.3,1.3,27.3,53.4,18.0,54.9,45.1,1234,21.0,42.2,1130,98.1,1.9,3459,47.2,16.6,18.9,87.2,1.3,9.8,0.0,92.2,0.2,2020
12086008809,"Census Tract 88.09, Miami-Dade County, Florida",59.6,0.9,85.5,0.0,0.1,8.1,34.0,79032,107131,36736,10.2,0.0,6.7,7.5,7.3,15.3,9.1,18.8,12.5,12.7,6.4,6.1,6.5,9.4,12.8,41.1,36.7,81.7,18.3,1425,0.0,53.7,675,94.8,5.2,2111,44.9,12.7,23.6,98.0,1.0,0.5,0.0,92.6,0.8,2020
12086008810,"Census Tract 88.10, Miami-Dade County, Florida",61.0,6.1,88.7,0.0,2.3,4.8,30.7,77735,87266,31775,1.4,3.8,6.8,12.4,12.2,11.5,33.6,10.3,5.1,2.9,9.0,17.4,10.1,0.8,34.9,33.5,30.8,67.4,32.6,1423,15.2,70.9,1613,96.9,3.1,4691,42.9,15.4,18.7,70.4,4.6,25.0,0.0,97.9,4.9,2020
12086008904,"Census Tract 89.04, Miami-Dade County, Florida",26.6,22.0,44.2,2.5,36.2,9.3,14.6,-666666666,-666666666,3049,-666666666.0,-666666666.0,-666666666.0,-666666666.0,-666666666.0,-666666666.0,-666666666.0,-666666666.0,-666666666.0,-666666666.0,-666666666.0,-666666666.0,11.3,-666666666.0,-666666666.0,-666666666.0,-666666666.0,-666666666.0,-666666666.0,-666666666,-666666666.0,-666666666.0,0,-666666666.0,-666666666.0,2713,20.3,0.6,0.0,50.5,41.4,3.4,4.1,31.4,1.5,2020
12086008906,"Census Tract 89.06, Miami-Dade County, Florida",59.1,3.2,79.5,0.6,1.4,7.4,33.7,55500,80678,29384,11.8,1.6,12.1,6.0,12.0,22.4,8.8,9.1,9.0,7.1,11.3,23.8,13.6,7.9,20.3,54.3,17.5,63.7,36.3,1465,19.9,44.0,1779,96.0,4.0,4891,46.1,17.0,22.6,82.4,0.7,11.1,5.4,89.3,1.9,2020
12086008907,"Census Tract 89.07, Miami-Dade County, Florida",56.0,5.7,76.0,0.0,5.4,12.6,32.0,45657,69186,29744,9.1,3.1,13.4,16.7,11.9,13.7,10.1,14.4,2.5,5.3,14.4,25.9,9.5,9.6,46.0,28.0,16.4,60.4,39.6,1447,7.2,57.3,1787,95.7,4.3,4429,51.4,10.2,27.4,76.4,1.1,13.2,9.1,79.8,0.7,2020
12086008908,"Census Tract 89.08, Miami-Dade County, Florida",52.6,2.3,82.2,0.0,0.0,12.8,30.7,73111,87615,28378,6.7,0.0,20.9,2.9,1.0,21.7,11.1,19.3,13.5,3.0,3.7,38.1,21.9,5.8,38.6,26.6,28.9,80.0,20.0,1395,7.9,36.6,1155,93.7,6.3,3875,45.1,15.3,30.6,61.6,0.0,25.3,7.9,88.4,0.4,2020
12086008909,"Census Tract 89.09, Miami-Dade County, Florida",60.4,4.6,73.8,0.3,0.0,0.4,32.1,49514,77365,26643,4.5,3.9,1.0,22.0,18.9,16.7,8.0,14.3,5.7,4.9,17.4,28.3,10.2,9.7,40.6,33.9,15.8,59.1,40.9,1274,18.6,54.1,1221,93.6,6.4,3656,48.8,13.5,24.7,74.5,3.6,18.7,0.0,94.3,0.7,2020
12086008910,"Census Tract 89.10, Miami-Dade County, Florida",47.2,3.4,93.2,0.0,0.0,2.7,32.9,57321,72054,33037,8.0,6.8,18.0,5.1,9.2,7.7,15.3,16.9,9.9,3.0,15.0,14.8,4.5,7.5,35.2,37.0,20.2,84.3,15.7,1228,0.0,100.0,1042,95.6,4.4,2586,59.8,6.3,43.2,85.2,1.0,8.2,0.0,92.8,5.3,2020
12086008911,"Census Tract 89.11, Miami-Dade County, Florida",64.0,0.0,93.5,0.9,0.0,5.6,28.8,72569,76222,27082,16.5,0.0,2.1,3.1,11.3,19.1,30.3,5.0,3.4,9.1,9.8,23.5,7.6,4.0,32.1,46.4,17.5,95.0,5.0,-666666666,0.0,85.0,864,92.0,8.0,2537,47.2,22.8,18.5,95.0,0.4,4.6,0.0,85.1,1.1,2020
12086009010,"Census Tract 90.10, Miami-Dade County, Florida",60.0,4.8,79.1,0.8,1.4,7.7,25.4,81626,95288,31554,7.2,2.2,7.4,4.6,9.8,14.1,13.9,23.9,7.8,9.1,10.0,5.6,14.5,6.3,30.7,44.0,19.1,54.6,45.4,2098,2.6,58.5,2574,78.9,21.1,6615,37.4,19.5,11.2,84.3,3.6,3.0,4.9,80.6,4.9,2020
12086009014,"Census Tract 90.14, Miami-Dade County, Florida",72.0,2.4,83.7,1.9,0.0,3.6,32.3,70809,72320,26411,2.1,3.6,5.6,6.4,18.1,18.5,29.8,11.2,1.5,3.3,6.6,18.1,17.5,2.7,26.7,52.5,18.1,48.8,51.2,1705,9.7,53.1,1524,94.0,6.0,4248,41.1,17.8,11.7,78.5,1.3,11.0,6.4,86.1,2.0,2020
12086009015,"Census Tract 90.15, Miami-Dade County, Florida",67.0,2.6,82.0,3.6,1.7,3.0,29.5,45833,54792,24028,3.9,5.1,8.4,12.8,24.5,23.9,9.6,9.7,1.4,0.5,5.6,27.4,13.9,6.7,46.3,35.5,11.4,46.7,53.3,1407,24.8,39.5,2473,90.0,10.0,5578,46.1,12.1,18.1,87.1,1.7,6.9,1.6,93.0,4.9,2020
12086009020,"Census Tract 90.20, Miami-Dade County, Florida",53.5,13.2,90.3,2.1,1.6,1.0,31.1,33980,40821,17138,18.4,10.4,11.4,11.2,18.0,13.9,6.2,10.6,0.0,0.0,25.2,48.0,14.6,14.1,47.6,29.4,8.9,14.5,85.5,1163,6.2,48.1,1154,98.2,1.8,3120,38.5,19.5,15.4,73.8,1.7,22.6,0.5,93.4,0.9,2020
12086009021,"Census Tract 90.21, Miami-Dade County, Florida",52.2,1.9,83.8,1.4,2.8,8.8,29.5,38088,48289,16980,11.9,4.7,15.3,14.7,14.6,22.0,2.8,11.1,2.8,0.0,25.9,42.5,12.5,4.4,34.9,41.1,19.5,31.6,68.4,1420,4.2,63.7,1390,99.1,0.9,4707,42.0,17.1,17.5,85.0,2.6,4.8,3.4,92.8,1.6,2020
12086009022,"Census Tract 90.22, Miami-Dade County, Florida",58.5,3.8,92.2,1.0,0.0,3.9,32.1,55528,63224,19081,5.7,6.5,18.4,8.7,8.5,21.2,15.2,11.6,0.9,3.2,14.0,29.6,13.5,3.8,35.8,33.9,26.5,69.5,30.5,1783,13.4,55.4,679,100.0,0.0,2681,43.6,18.8,14.3,79.3,2.8,17.3,0.0,93.7,0.7,2020
12086009024,"Census Tract 90.24, Miami-Dade County, Florida",75.4,1.3,75.9,0.8,0.0,8.9,29.9,59851,63212,23338,3.3,4.1,9.1,7.3,18.3,19.6,24.9,12.5,1.0,0.0,16.0,16.1,23.0,2.7,43.5,47.7,6.1,12.2,87.8,1819,13.7,45.6,2227,89.3,10.7,5958,30.9,21.3,8.1,85.3,1.0,4.8,2.8,90.2,3.5,2020
12086009026,"Census Tract 90.26, Miami-Dade County, Florida",62.6,3.2,72.5,9.0,2.5,2.3,27.6,40429,42407,17245,7.3,3.4,19.3,12.8,30.3,17.6,5.3,3.1,0.9,0.0,12.3,37.2,14.1,7.9,45.7,41.7,4.6,33.5,66.5,1447,7.5,77.8,926,86.0,14.0,2146,44.6,17.5,18.0,93.2,1.2,2.7,0.1,94.1,2.7,2020
12086009027,"Census Tract 90.27, Miami-Dade County, Florida",68.3,5.6,82.6,1.0,0.0,5.2,27.0,51952,56947,23986,8.6,2.6,6.1,8.4,19.7,27.5,11.3,15.8,0.0,0.0,8.9,24.1,15.1,3.7,46.5,44.4,5.4,30.6,69.4,1555,14.9,39.1,1749,87.4,12.6,4087,41.7,13.7,19.0,90.1,4.1,4.5,1.0,93.6,4.5,2020
12086009028,"Census Tract 90.28, Miami-Dade County, Florida",65.5,1.7,81.3,0.3,0.4,7.3,27.1,61774,73234,25247,5.3,0.5,7.8,6.7,10.0,25.7,19.6,19.1,3.4,1.9,12.5,17.8,14.2,2.6,25.7,61.3,10.4,61.9,38.1,1691,5.6,39.2,2232,89.0,11.0,6177,42.7,22.3,14.0,84.8,1.2,9.0,4.0,88.2,4.3,2020
12086009029,"Census Tract 90.29, Miami-Dade County, Florida",58.5,5.5,69.4,5.8,0.6,4.6,31.1,53431,63039,21982,6.6,5.4,7.5,11.1,14.9,16.4,13.2,22.8,2.0,0.1,10.5,33.2,14.6,5.6,32.3,41.2,20.9,54.1,45.9,1849,7.4,52.6,1557,91.1,8.9,4322,45.5,17.6,14.4,78.8,0.3,20.3,0.0,95.1,1.6,2020
12086009030,"Census Tract 90.30, Miami-Dade County, Florida",70.4,2.1,83.2,3.1,3.1,1.3,27.4,49250,54661,21977,9.2,3.4,7.5,13.0,17.6,26.9,8.6,10.6,2.9,0.4,12.7,19.2,16.1,3.4,35.9,51.9,8.8,44.2,55.8,1443,14.9,51.5,1909,94.2,5.8,5161,40.7,17.5,15.3,84.6,0.0,11.8,0.0,95.6,1.9,2020
12086009031,"Census Tract 90.31, Miami-Dade County, Florida",67.9,1.5,75.9,6.9,2.8,3.7,26.9,45901,52954,20565,6.2,6.9,12.1,11.8,19.4,15.2,16.2,10.8,1.4,0.0,20.3,33.4,13.2,10.4,38.5,41.0,10.1,16.5,83.5,1679,10.5,65.3,1458,95.4,4.6,3939,40.4,19.9,10.3,88.6,1.1,5.9,2.5,90.7,2.8,2020
12086009039,"Census Tract 90.39, Miami-Dade County, Florida",66.5,1.5,85.5,1.7,0.6,5.9,26.2,75116,95396,29959,11.7,3.9,4.2,1.4,12.7,16.1,14.7,14.5,8.0,13.0,15.0,2.9,11.7,7.5,28.9,49.5,14.0,38.2,61.8,2030,3.8,60.8,2307,76.5,23.5,5871,35.7,29.2,2.9,85.9,1.2,7.5,2.7,83.7,8.1,2020
12086009040,"Census Tract 90.40, Miami-Dade County, Florida",61.2,3.4,77.2,5.0,0.3,8.1,27.0,76765,91080,26954,8.7,4.5,3.5,12.0,12.1,8.4,17.0,16.7,3.5,13.6,13.0,8.1,20.6,2.5,28.0,49.8,19.7,45.6,54.4,2417,10.6,41.8,1684,79.5,20.5,4641,32.0,28.1,5.5,83.8,2.7,10.4,2.1,83.7,2.9,2020
12086009043,"Census Tract 90.43, Miami-Dade County, Florida",69.2,1.6,80.0,0.6,0.0,9.1,36.6,102926,110681,29375,7.2,0.0,4.4,3.7,8.5,15.7,9.9,23.0,18.1,9.6,7.3,11.7,12.2,2.7,18.8,55.5,23.0,65.9,34.1,2450,3.3,58.4,1351,82.5,17.5,4358,33.1,34.1,5.2,82.2,1.4,11.6,3.5,86.7,4.8,2020
12086009044,"Census Tract 90.44, Miami-Dade County, Florida",57.6,4.3,76.0,0.0,1.3,5.1,27.4,67000,86970,23065,7.4,1.8,5.5,9.8,8.6,23.1,10.7,16.4,10.8,5.9,14.6,3.4,16.7,0.5,31.1,50.1,18.2,51.2,48.8,2053,5.8,74.5,944,80.3,19.7,3020,34.4,30.7,5.4,88.6,0.1,8.0,1.5,88.2,2.4,2020
12086009048,"Census Tract 90.48, Miami-Dade County, Florida",56.8,0.0,83.5,1.2,0.0,12.0,26.1,91250,125264,35254,2.8,0.0,5.2,2.2,3.6,18.1,20.4,22.9,12.5,12.3,5.1,0.0,3.1,3.7,24.2,38.0,34.1,51.0,49.0,3015,20.4,54.3,1040,74.4,25.6,2889,31.7,26.5,6.2,81.8,2.2,4.5,6.3,74.8,3.2,2020
12086009049,"Census Tract 90.49, Miami-Dade County, Florida",71.2,2.9,79.9,0.0,0.0,11.6,34.0,65669,84040,27437,8.3,3.2,5.9,7.7,9.4,18.2,15.4,14.4,10.9,6.6,14.8,11.7,23.2,4.3,21.9,67.5,6.3,44.5,55.5,1870,2.8,61.4,1558,77.0,23.0,3864,42.6,26.0,6.9,91.5,0.0,6.9,0.3,84.1,4.3,2020
12086009050,"Census Tract 90.50, Miami-Dade County, Florida",65.6,3.5,73.8,1.0,0.8,6.6,27.8,66981,84632,22796,5.3,2.9,3.0,8.6,10.9,27.2,11.2,18.8,6.6,5.5,9.2,6.3,14.7,1.3,18.6,57.1,23.0,47.8,52.2,2198,18.9,60.7,1574,88.2,11.8,5403,35.8,27.0,6.3,84.5,2.0,7.5,1.9,86.4,2.9,2020
12086009051,"Census Tract 90.51, Miami-Dade County, Florida",49.5,0.1,85.7,7.4,0.0,0.0,31.1,50795,64100,24193,4.0,0.0,4.1,11.1,26.4,27.4,7.8,17.2,1.6,0.5,10.5,20.3,11.6,12.5,29.3,35.3,22.9,68.7,31.3,1585,13.1,82.3,632,100.0,0.0,1900,52.6,15.8,33.2,92.5,5.1,2.5,0.0,90.4,5.2,2020
12086009052,"Census Tract 90.52, Miami-Dade County, Florida",59.5,2.4,80.8,7.5,0.0,9.5,27.7,38750,48090,20174,4.5,7.6,31.2,3.5,15.1,15.1,17.8,2.8,1.9,0.6,12.3,27.7,17.2,13.4,40.3,31.0,15.3,45.2,54.8,1389,13.9,62.9,1638,96.4,3.6,4303,43.4,11.0,24.2,86.3,0.7,12.3,0.7,95.2,0.8,2020
12086009053,"Census Tract 90.53, Miami-Dade County, Florida",67.2,5.5,84.9,0.0,0.0,4.5,29.7,90452,99581,34860,1.1,2.0,7.3,6.9,9.2,16.2,13.1,22.6,19.2,2.3,6.2,14.0,17.7,6.0,33.8,41.9,18.3,63.4,36.6,1893,0.0,56.1,1667,90.6,9.4,4491,37.3,20.3,14.7,59.6,1.0,34.1,5.0,87.8,2.4,2020
12086009054,"Census Tract 90.54, Miami-Dade County, Florida",64.8,1.3,94.9,0.0,0.9,0.5,29.0,79915,73135,24049,7.6,8.1,3.3,5.4,3.6,14.3,36.2,15.0,5.8,0.7,5.4,17.0,4.0,11.2,25.5,25.0,38.3,86.6,13.4,-666666666,0.0,0.0,553,100.0,0.0,1935,47.8,16.2,17.8,76.9,0.2,21.9,0.0,95.9,5.1,2020
12086009055,"Census Tract 90.55, Miami-Dade County, Florida",50.3,5.7,92.7,0.8,0.0,4.4,36.7,61005,73987,25082,10.5,1.1,14.1,13.4,3.5,12.7,25.7,11.3,1.1,6.6,15.3,30.8,13.3,3.1,20.8,45.0,31.1,78.3,21.7,2202,0.0,41.8,711,100.0,0.0,2376,46.4,11.6,23.1,90.3,0.6,5.5,0.0,87.8,0.8,2020
12086009056,"Census Tract 90.56, Miami-Dade County, Florida",47.4,0.0,77.4,0.0,0.0,19.5,27.5,69087,91540,36133,4.6,0.0,29.2,1.6,6.3,14.2,10.0,10.4,13.6,10.2,1.8,6.0,9.3,30.7,25.7,33.6,10.1,84.3,15.7,1980,9.6,25.2,1212,89.4,10.6,2766,49.2,17.4,24.8,74.2,0.7,10.4,3.6,81.5,5.6,2020
12086009057,"Census Tract 90.57, Miami-Dade County, Florida",65.9,0.7,68.9,1.2,0.7,11.2,23.8,51522,74922,24645,0.0,8.8,1.7,10.7,25.7,8.5,20.1,15.2,7.1,2.2,13.8,10.5,15.5,0.0,45.1,46.5,8.4,46.5,53.5,2149,3.0,77.1,1775,76.6,23.4,4190,31.7,25.8,3.1,90.3,0.0,6.5,0.0,92.4,9.0,2020
12086009058,"Census Tract 90.58, Miami-Dade County, Florida",64.8,4.0,73.1,0.0,0.8,13.0,25.5,74763,89126,33937,2.4,4.4,3.9,11.5,15.0,13.3,12.9,24.3,5.3,7.1,11.5,12.1,17.7,1.2,51.6,30.5,16.8,47.9,52.1,1903,6.9,43.8,1579,81.3,18.7,3534,43.9,19.7,15.6,93.2,0.6,1.1,2.5,85.1,4.5,2020
12086009059,"Census Tract 90.59, Miami-Dade County, Florida",75.1,3.6,71.0,0.0,2.2,9.0,27.7,62946,77153,22611,6.2,2.0,8.0,1.4,28.3,13.6,16.1,17.2,5.0,2.2,9.5,20.8,11.6,0.0,34.8,56.2,9.0,30.2,69.8,2071,10.7,71.5,902,87.3,12.7,2839,40.6,36.6,5.7,92.8,0.0,3.5,2.1,84.5,5.2,2020
12086009060,"Census Tract 90.60, Miami-Dade County, Florida",75.2,2.6,78.0,0.6,0.0,3.4,30.6,83688,105553,30768,5.6,1.1,0.9,0.0,14.5,19.9,9.7,32.1,6.8,9.4,6.8,12.8,21.0,4.3,23.9,54.3,17.5,35.3,64.7,2167,0.0,50.2,1539,96.1,3.9,5310,34.8,30.2,4.7,79.3,2.4,6.1,10.7,77.9,5.6,2020
12086009061,"Census Tract 90.61, Miami-Dade County, Florida",57.1,2.5,76.9,10.8,0.0,3.6,34.6,46207,52591,18041,6.4,7.2,16.6,9.3,16.1,21.5,14.4,5.5,2.2,0.8,17.8,51.1,15.5,10.7,32.9,24.6,31.8,62.4,37.6,878,14.0,57.0,982,100.0,0.0,3706,47.5,13.1,18.7,79.7,4.9,4.3,0.0,98.1,0.3,2020
12086009062,"Census Tract 90.62, Miami-Dade County, Florida",64.5,2.6,88.1,0.8,1.2,3.6,29.7,55104,58437,19219,7.6,1.8,12.3,7.0,19.8,20.3,18.7,9.3,3.0,0.0,16.8,26.6,15.3,3.9,29.7,35.1,31.3,63.5,36.5,1692,2.8,56.7,866,95.5,4.5,2995,40.6,15.3,16.3,83.5,1.4,4.7,5.5,92.7,1.1,2020
12086009063,"Census Tract 90.63, Miami-Dade County, Florida",62.9,1.1,87.5,2.0,2.8,0.0,27.3,39943,46605,17242,21.7,3.0,7.2,3.8,25.9,19.8,13.1,3.8,1.6,0.0,16.0,43.1,19.0,22.7,21.4,43.2,12.7,34.0,66.0,1305,25.7,35.6,1062,93.7,6.3,3004,44.1,17.0,21.2,96.0,0.0,3.5,0.1,99.0,3.1,2020
12086009064,"Census Tract 90.64, Miami-Dade County, Florida",59.8,5.3,75.3,1.7,0.0,2.9,27.6,47616,61257,20580,0.0,9.1,3.2,17.1,24.9,18.8,9.3,15.3,0.0,2.2,7.6,20.0,12.0,3.8,31.0,58.3,6.9,31.1,68.9,1743,17.4,54.4,1062,89.6,10.4,3192,38.7,19.7,24.6,89.8,1.9,7.8,0.0,94.0,2.9,2020
12086009065,"Census Tract 90.65, Miami-Dade County, Florida",57.0,12.5,73.9,0.0,0.0,8.5,20.0,75764,90446,29157,7.7,0.0,14.4,3.1,8.8,15.2,5.7,26.2,6.3,12.5,13.3,26.5,23.4,4.1,52.7,40.2,2.9,20.3,79.7,1850,12.8,40.3,820,82.8,17.2,2465,31.7,25.8,18.2,72.3,2.1,4.7,1.1,82.5,1.4,2020
12086009066,"Census Tract 90.66, Miami-Dade County, Florida",73.4,3.1,66.0,0.9,3.0,7.4,25.4,68000,91266,36174,5.2,3.6,7.9,8.4,10.5,20.2,19.0,16.0,1.2,8.0,15.3,6.9,16.0,4.7,36.2,47.5,11.6,38.9,61.1,1652,10.9,39.6,2314,79.2,20.8,4732,34.4,17.4,6.6,73.8,2.5,15.4,3.7,84.3,0.5,2020
12086009101,"Census Tract 91.01, Miami-Dade County, Florida",59.3,2.6,77.9,0.6,0.0,10.0,25.7,43025,49801,15819,16.0,7.1,11.2,8.7,16.6,15.3,16.3,3.7,5.1,0.0,18.0,45.2,19.0,6.3,35.2,27.3,31.2,23.1,76.9,1371,8.3,53.0,805,100.0,0.0,3237,42.1,17.7,20.2,82.6,0.5,16.7,0.1,98.2,0.7,2020
12086009102,"Census Tract 91.02, Miami-Dade County, Florida",40.5,3.9,83.6,3.9,2.2,2.4,26.8,38393,46918,13109,9.2,8.4,14.0,15.0,23.3,10.6,8.1,10.7,0.0,0.7,26.3,37.9,14.3,10.6,32.7,45.5,11.2,40.0,60.0,1170,17.0,54.0,993,94.3,5.7,4017,41.0,12.5,17.7,82.0,13.4,4.1,0.0,74.6,1.1,2020
12086009200,"Census Tract 92, Miami-Dade County, Florida",56.2,1.4,70.5,5.8,0.2,7.9,30.3,57625,76625,22937,6.0,3.0,13.0,4.3,13.4,27.1,10.2,11.6,4.8,6.6,9.2,19.6,20.9,10.3,10.4,50.6,28.7,72.9,27.1,1786,2.4,86.1,984,96.4,3.6,3590,44.0,12.9,17.8,81.2,0.1,14.9,0.0,93.6,1.3,2020
12086009305,"Census Tract 93.05, Miami-Dade County, Florida",72.2,2.6,77.0,8.1,0.0,9.4,30.5,103906,121211,42252,2.8,2.7,4.1,4.4,10.0,12.7,9.7,18.6,22.3,12.6,4.5,8.6,11.3,0.2,32.5,44.7,22.5,79.0,21.0,1499,15.6,41.4,1893,98.2,1.8,5415,45.3,18.1,19.9,80.8,0.0,8.9,3.4,81.8,2.0,2020
12086009312,"Census Tract 93.12, Miami-Dade County, Florida",65.1,5.9,83.4,0.3,3.7,2.4,31.9,56658,64528,27201,6.8,6.2,1.4,12.1,19.4,22.8,12.7,12.9,3.3,2.3,16.1,11.9,11.5,6.6,41.6,43.3,8.4,17.3,82.7,1576,12.7,43.7,2486,92.0,8.0,5627,39.1,18.7,14.8,84.0,4.0,4.2,2.3,83.5,1.5,2020
12086009314,"Census Tract 93.14, Miami-Dade County, Florida",58.6,3.9,61.4,5.4,1.0,19.0,31.3,27500,37062,14891,13.3,15.0,15.3,24.1,11.3,7.5,6.0,6.9,0.6,0.0,29.0,57.0,19.5,14.6,44.7,30.3,10.5,24.3,75.7,1127,2.9,72.7,1455,97.7,2.3,3954,42.4,19.6,16.5,85.1,0.0,11.4,0.0,98.5,2.9,2020
12086009315,"Census Tract 93.15, Miami-Dade County, Florida",47.8,3.6,71.9,0.0,5.0,9.4,28.3,20843,35031,16084,11.6,23.3,20.8,7.9,12.1,12.0,7.1,5.2,0.0,0.0,28.7,48.4,13.8,19.1,44.0,30.2,6.7,33.5,66.5,1277,18.7,62.9,1355,92.9,7.1,3105,51.6,13.9,32.9,84.4,2.7,10.5,0.0,94.8,2.8,2020
12086009316,"Census Tract 93.16, Miami-Dade County, Florida",57.1,0.0,62.2,1.3,0.0,11.3,27.5,41594,53638,16103,0.0,15.4,18.8,12.5,5.2,22.7,11.7,10.4,3.3,0.0,33.8,17.1,14.9,0.0,35.9,24.9,39.2,85.7,14.3,1851,37.0,43.5,795,96.5,3.5,2906,50.6,13.8,33.2,96.4,0.1,3.4,0.0,91.4,2.2,2020
12086009317,"Census Tract 93.17, Miami-Dade County, Florida",55.9,2.0,88.5,1.1,0.0,0.6,26.6,41304,49806,18332,13.0,7.9,13.5,9.7,18.0,17.2,11.0,8.6,0.0,1.0,15.2,32.5,29.0,6.5,43.4,35.8,14.3,59.8,40.2,1178,5.6,62.3,1470,97.7,2.3,4691,43.6,16.1,18.4,70.6,4.3,24.2,0.0,95.8,1.3,2020
12086009318,"Census Tract 93.18, Miami-Dade County, Florida",63.9,1.9,82.7,0.0,0.0,5.9,29.7,36838,52274,18623,18.8,7.4,7.6,13.8,11.5,12.5,12.1,13.8,0.0,2.4,23.3,17.1,13.8,6.5,22.9,48.4,22.2,79.1,20.9,1819,18.9,59.4,537,100.0,0.0,1628,43.2,20.5,17.9,94.2,0.1,1.7,0.0,95.0,1.3,2020
12086009319,"Census Tract 93.19, Miami-Dade County, Florida",69.1,1.4,95.0,0.0,0.0,3.6,35.2,76745,98954,35555,2.3,2.3,7.8,8.5,8.9,14.9,25.3,14.9,6.9,8.3,9.3,6.4,24.2,4.7,34.4,37.0,23.8,45.2,54.8,1409,4.9,44.9,1515,95.0,5.0,4324,35.5,20.1,9.8,65.2,0.3,31.5,0.4,88.6,5.5,2020
12086009320,"Census Tract 93.20, Miami-Dade County, Florida",67.9,3.1,83.6,0.7,0.0,4.1,28.2,39432,46843,17313,5.3,6.9,18.4,14.5,14.7,21.1,13.6,5.5,0.0,0.0,22.9,66.3,11.8,7.8,35.8,35.6,20.8,17.7,82.3,1165,13.8,53.5,1623,96.7,3.3,4818,38.2,21.3,10.9,65.9,0.8,27.4,0.0,95.5,0.8,2020
12086009321,"Census Tract 93.21, Miami-Dade County, Florida",60.6,4.6,80.9,0.4,0.4,11.0,25.1,55625,65747,20195,8.4,4.3,13.3,17.7,5.4,10.2,22.1,8.7,8.2,1.6,22.9,43.9,14.0,3.0,38.7,32.3,25.9,53.3,46.7,1329,2.7,75.7,837,95.0,5.0,2772,45.6,19.6,18.6,87.3,4.9,7.0,0.0,96.1,0.0,2020
12086009322,"Census Tract 93.22, Miami-Dade County, Florida",60.9,1.1,70.0,2.2,2.0,12.5,34.7,20378,36170,16870,5.0,9.9,42.3,9.0,6.4,16.1,5.3,4.0,2.0,0.0,22.0,30.5,18.9,10.0,55.4,29.1,5.5,51.7,48.3,1108,3.9,65.4,1773,100.0,0.0,4318,51.3,14.2,32.2,80.5,0.7,5.8,0.0,97.7,0.0,2020
12086009323,"Census Tract 93.23, Miami-Dade County, Florida",53.7,5.7,72.7,2.1,3.0,7.4,26.0,47366,52173,17400,6.6,4.5,15.4,12.7,16.0,18.7,16.6,8.6,0.0,0.9,14.4,34.2,13.0,1.7,29.7,43.8,24.8,73.7,26.3,1381,0.0,55.1,863,100.0,0.0,2786,47.7,18.7,19.9,93.9,4.3,1.8,0.0,93.6,0.0,2020
12086009324,"Census Tract 93.24, Miami-Dade County, Florida",48.2,3.1,70.3,1.9,0.0,2.4,33.9,34554,40576,17459,24.4,10.6,12.5,2.6,23.8,10.1,8.9,5.2,0.0,1.9,25.0,62.8,14.3,19.5,47.0,21.5,12.0,22.5,77.5,996,13.2,41.2,1603,100.0,0.0,4493,44.7,16.1,17.9,82.0,1.2,7.5,0.0,97.1,0.6,2020
12086009325,"Census Tract 93.25, Miami-Dade County, Florida",55.5,15.0,96.2,0.0,0.0,3.2,23.7,55476,82743,28413,5.2,4.6,0.0,11.2,27.4,20.4,17.9,2.5,3.0,7.8,12.9,27.6,23.0,3.0,51.6,31.3,14.0,56.5,43.5,1112,3.8,51.0,756,100.0,0.0,2338,35.1,19.7,10.1,51.4,0.0,33.3,2.2,97.8,2.7,2020
12086009326,"Census Tract 93.26, Miami-Dade County, Florida",40.9,10.7,79.1,0.0,0.0,14.6,30.3,40646,43677,17381,22.5,2.0,18.6,4.6,21.2,14.2,8.3,5.6,3.0,0.0,17.8,48.0,13.2,21.5,32.9,34.3,11.3,59.4,40.6,1111,21.5,36.6,1387,97.4,2.6,3443,51.5,14.6,29.7,75.3,0.0,17.9,0.0,96.9,2.1,2020
12086009327,"Census Tract 93.27, Miami-Dade County, Florida",56.0,4.5,77.9,0.0,0.0,3.1,29.0,-666666666,78757,24038,5.5,4.4,18.3,3.8,20.5,3.4,7.1,26.1,6.6,4.5,6.7,35.4,12.2,0.0,28.5,38.6,32.9,86.6,13.4,1952,0.0,57.3,882,93.1,6.9,3239,47.2,15.8,23.6,73.5,0.1,26.5,0.0,89.7,0.0,2020
12086009401,"Census Tract 94.01, Miami-Dade County, Florida",51.0,22.5,61.3,9.8,2.9,6.4,39.1,61319,77604,24458,6.5,2.9,1.5,19.6,12.6,16.0,12.3,20.1,5.2,3.3,17.6,14.4,23.0,1.3,33.8,56.2,8.7,76.5,23.5,1438,0.0,94.1,635,96.4,3.6,2267,31.8,19.8,15.8,15.5,74.7,7.9,0.0,23.1,1.9,2020
12086009402,"Census Tract 94.02, Miami-Dade County, Florida",50.4,7.9,85.4,1.7,0.0,2.0,34.2,50735,62930,20486,6.4,1.2,12.6,13.0,16.1,17.9,15.9,8.5,6.9,1.4,13.0,33.1,13.0,10.3,29.1,38.5,22.1,86.9,13.1,1240,12.9,67.3,968,91.5,8.5,3317,44.7,18.8,16.8,27.9,57.9,9.5,0.0,41.9,9.8,2020
12086009503,"Census Tract 95.03, Miami-Dade County, Florida",48.4,7.1,81.9,0.6,0.0,12.2,28.1,64773,67355,20203,8.4,1.4,7.5,9.2,16.1,17.6,30.2,3.0,3.9,2.8,13.2,18.5,17.4,4.1,25.8,48.6,21.6,69.8,30.2,1528,5.5,63.0,1349,92.4,7.6,4683,39.7,25.0,16.9,14.7,81.0,3.9,0.0,19.1,4.0,2020
12086009504,"Census Tract 95.04, Miami-Dade County, Florida",56.4,7.5,80.7,10.3,0.0,2.2,33.8,69539,80220,22830,1.3,6.2,4.4,12.3,8.2,23.2,14.7,19.5,7.5,2.6,10.1,25.9,16.1,4.5,23.0,38.5,34.1,84.5,15.5,1943,34.5,50.8,1210,94.3,5.7,4865,37.8,21.7,18.1,19.3,77.6,0.3,0.0,17.5,1.5,2020
12086009505,"Census Tract 95.05, Miami-Dade County, Florida",60.9,18.8,69.2,9.0,0.0,5.4,28.6,34583,42071,16661,12.1,9.1,17.7,12.8,17.7,8.9,16.7,2.7,2.2,0.0,16.0,28.8,9.3,13.3,57.4,27.1,2.2,11.1,88.9,1206,8.7,62.6,522,77.8,22.2,1036,32.4,35.1,8.6,0.0,97.2,2.1,0.0,10.5,2.9,2020
12086009506,"Census Tract 95.06, Miami-Dade County, Florida",55.6,1.4,89.2,6.8,0.0,0.0,31.3,34780,44920,16069,8.3,3.3,20.9,18.0,18.0,16.7,3.6,11.1,0.0,0.0,21.5,30.6,30.2,15.0,38.6,33.2,13.3,48.2,51.8,1180,2.9,74.4,1466,88.5,11.5,3986,33.8,28.1,10.7,21.1,77.4,0.6,0.0,20.4,5.0,2020
12086009601,"Census Tract 96.01, Miami-Dade County, Florida",58.9,4.3,90.0,2.4,0.0,0.0,31.6,49762,60237,23290,2.6,5.1,10.4,10.9,21.7,27.3,11.0,2.7,8.2,0.0,8.7,19.7,23.8,3.9,51.5,24.9,19.8,40.3,59.7,1168,0.0,40.6,1318,88.6,11.4,3718,38.9,8.8,21.9,26.6,70.7,0.9,0.0,28.2,2.9,2020
12086009602,"Census Tract 96.02, Miami-Dade County, Florida",65.7,6.3,81.1,14.5,0.0,4.3,29.3,36411,40895,17803,9.3,8.9,10.8,18.3,24.6,17.8,7.6,1.9,0.8,0.0,19.1,21.2,25.1,11.6,53.7,29.0,5.7,24.9,75.1,1188,22.5,39.2,1518,87.6,12.4,3398,33.7,22.5,12.4,3.9,95.6,0.3,0.1,5.1,3.3,2020
12086009703,"Census Tract 97.03, Miami-Dade County, Florida",60.5,3.7,74.8,0.0,0.0,10.6,27.7,107330,168292,52495,0.6,2.7,5.1,0.8,6.0,12.8,13.7,17.7,16.4,24.4,2.8,9.7,8.4,1.7,12.4,66.1,19.9,92.2,7.8,2556,54.4,17.6,1083,83.6,16.4,3001,43.1,31.0,18.4,91.8,2.3,3.5,1.9,35.5,2.3,2020
12086009704,"Census Tract 97.04, Miami-Dade County, Florida",61.9,3.2,81.3,0.0,1.8,8.8,25.5,83250,130729,42991,3.4,0.7,10.0,3.6,11.2,16.6,13.2,16.4,4.1,20.8,9.1,7.8,5.1,0.7,30.6,45.2,23.5,76.0,24.0,1634,6.8,51.3,1862,85.6,14.4,5116,39.5,26.1,17.1,86.7,8.4,1.1,0.2,35.1,0.8,2020
12086009705,"Census Tract 97.05, Miami-Dade County, Florida",59.5,4.5,91.7,5.9,0.0,0.5,36.4,35754,42991,22233,10.9,7.4,19.2,10.9,22.2,18.1,1.9,5.7,3.7,0.0,14.2,11.2,11.6,12.8,44.8,29.8,12.5,66.0,34.0,1225,4.2,69.7,2577,87.2,12.8,4694,55.1,9.4,31.7,52.1,23.8,12.5,0.3,59.9,1.3,2020
12086009706,"Census Tract 97.06, Miami-Dade County, Florida",67.0,8.0,75.5,8.8,0.0,9.9,30.0,44871,77581,35525,7.4,1.8,19.4,12.1,15.7,14.1,8.9,15.9,1.0,3.8,9.4,12.5,28.1,9.1,47.1,35.6,8.2,56.4,43.6,1266,5.7,60.8,1876,83.0,17.0,3533,43.7,17.5,14.0,74.7,17.9,3.0,0.6,56.0,8.5,2020
12086009803,"Census Tract 98.03, Miami-Dade County, Florida",70.6,5.9,85.8,4.4,0.2,2.6,33.9,57744,70839,22206,1.3,1.1,12.0,11.3,18.0,25.8,12.2,10.5,4.5,3.3,6.5,23.6,22.2,1.1,40.0,45.3,13.6,65.0,35.0,1718,14.2,64.2,2138,90.6,9.4,7022,33.7,26.0,9.9,28.6,64.8,1.5,1.7,24.7,0.7,2020
12086009804,"Census Tract 98.04, Miami-Dade County, Florida",56.3,11.8,80.2,3.1,0.8,2.9,36.9,77679,88101,27209,3.2,3.8,3.8,11.2,10.2,16.2,14.4,24.8,6.1,6.3,6.4,10.5,28.0,1.7,21.4,45.0,31.8,93.6,6.4,1882,8.5,23.4,875,92.2,7.8,2824,38.0,18.7,11.3,45.4,46.5,5.2,0.8,31.4,1.9,2020
12086009806,"Census Tract 98.06, Miami-Dade County, Florida",44.0,7.5,89.0,1.2,0.0,2.6,34.2,35536,44135,22658,23.8,0.0,13.6,12.4,16.7,19.7,9.9,1.5,0.9,1.6,24.4,18.4,16.8,3.8,70.7,17.7,7.7,58.4,41.6,993,0.0,78.1,1688,92.5,7.5,3450,56.0,12.5,28.7,35.6,60.0,1.2,0.0,27.0,1.3,2020
12086009809,"Census Tract 98.09, Miami-Dade County, Florida",70.3,0.9,95.2,0.0,0.0,1.6,34.7,73810,70689,27595,7.0,4.8,5.4,11.9,12.9,10.7,21.5,21.6,4.2,0.0,12.3,10.3,20.9,0.0,56.6,28.3,15.1,84.5,15.5,-666666666,0.0,64.5,1247,87.4,12.6,2912,44.2,23.3,16.7,23.4,52.6,19.1,3.2,22.1,1.4,2020
12086009810,"Census Tract 98.10, Miami-Dade County, Florida",65.8,4.3,86.6,2.1,3.6,2.2,28.2,58417,73882,27130,3.5,3.5,1.9,9.5,23.2,25.0,8.3,15.6,6.1,3.5,11.9,13.3,23.8,5.0,38.6,38.6,17.9,38.2,61.8,1514,0.0,42.2,1575,97.1,2.9,4547,39.9,13.6,11.1,37.2,49.6,12.4,0.0,38.9,8.5,2020
12086009811,"Census Tract 98.11, Miami-Dade County, Florida",47.7,6.2,70.2,1.9,4.8,3.4,28.3,26825,32613,17481,15.0,11.0,14.4,23.2,16.7,10.7,7.4,1.5,0.0,0.0,19.3,21.0,14.5,28.3,51.3,13.1,7.2,50.8,49.2,874,6.7,57.1,1114,77.3,22.7,1667,60.1,3.3,39.6,32.9,56.0,0.0,0.0,36.7,15.8,2020
12086009812,"Census Tract 98.12, Miami-Dade County, Florida",64.9,8.3,83.0,1.9,0.0,3.1,33.3,62349,73441,27754,9.7,2.8,5.8,10.9,11.0,22.9,17.2,8.0,4.5,7.2,6.3,10.7,13.3,1.0,59.3,30.2,9.6,45.4,54.6,1424,6.1,56.1,2033,88.9,11.1,4832,35.5,27.9,8.3,71.0,15.9,8.9,0.0,40.9,5.4,2020
12086009903,"Census Tract 99.03, Miami-Dade County, Florida",48.0,20.8,79.2,3.3,0.4,8.9,30.5,70156,73845,23150,5.8,7.0,3.9,7.6,12.6,18.0,20.8,13.7,6.1,4.3,10.6,22.9,26.9,4.5,35.4,30.8,29.3,73.0,27.0,1703,4.1,53.4,1431,96.9,3.1,5590,39.9,20.0,18.8,4.7,93.4,1.5,0.0,6.9,0.9,2020
12086009904,"Census Tract 99.04, Miami-Dade County, Florida",53.9,16.5,86.0,3.5,0.0,4.1,33.3,37849,40745,13710,5.1,3.3,19.0,17.1,23.8,23.4,5.9,2.4,0.0,0.0,26.2,39.5,13.5,9.1,63.4,24.2,3.2,36.1,63.9,1159,6.7,56.5,1166,91.3,8.7,3499,27.2,37.2,7.9,7.9,80.3,9.4,0.0,10.1,2.1,2020
12086009905,"Census Tract 99.05, Miami-Dade County, Florida",56.9,7.1,90.7,4.1,0.0,1.0,32.3,61500,71961,18483,1.3,6.6,11.6,10.0,9.6,19.7,15.4,16.8,6.0,2.9,10.0,18.9,28.9,1.9,32.6,41.8,23.7,78.8,21.2,1494,8.2,47.9,1458,93.1,6.9,6010,31.8,23.5,12.5,8.6,80.8,3.5,2.5,11.7,2.0,2020
12086009906,"Census Tract 99.06, Miami-Dade County, Florida",59.7,7.6,84.0,8.6,0.1,1.4,35.7,59402,62048,17791,9.3,2.5,8.7,12.0,10.4,25.0,17.5,9.8,3.1,1.5,15.2,23.0,17.5,3.0,21.5,44.6,30.8,79.6,20.4,1915,7.5,40.9,1483,92.9,7.1,5564,35.2,25.2,13.4,12.0,81.9,1.2,0.0,14.8,0.6,2020
12086009907,"Census Tract 99.07, Miami-Dade County, Florida",66.0,2.1,95.7,0.7,0.0,0.0,34.8,76208,92645,25702,0.0,1.2,7.3,11.6,9.7,18.8,8.3,30.6,5.9,6.6,6.8,20.9,13.7,0.0,31.3,27.5,41.2,86.2,13.8,1359,20.7,79.3,1057,95.6,4.4,3726,38.6,28.2,12.3,10.7,86.4,1.6,1.4,6.5,1.9,2020
12086009908,"Census Tract 99.08, Miami-Dade County, Florida",61.0,8.1,77.7,9.1,0.0,0.0,35.8,43725,49219,17901,6.5,4.9,10.3,13.6,29.4,20.2,7.0,8.0,0.0,0.0,15.7,24.7,12.3,12.6,61.2,18.0,8.3,23.6,76.4,1222,13.2,48.8,1623,96.7,3.3,4643,30.9,26.2,11.2,17.6,75.8,0.4,3.7,17.9,0.7,2020
12086009909,"Census Tract 99.09, Miami-Dade County, Florida",67.5,5.2,75.1,8.2,0.0,16.7,30.3,53387,63812,20118,4.4,0.0,7.8,11.5,18.1,29.6,1.8,23.8,3.0,0.0,31.8,48.9,27.4,0.0,68.4,27.3,4.3,29.6,70.4,1378,46.9,30.1,809,95.6,4.4,2656,27.3,35.9,5.3,9.1,89.6,0.0,1.3,9.1,0.0,2020
12086010010,"Census Tract 100.10, Miami-Dade County, Florida",53.6,9.9,90.1,3.7,0.0,2.4,31.6,50417,53854,16514,9.3,7.5,7.3,19.4,5.5,27.6,4.1,17.2,2.0,0.0,28.2,49.0,16.1,10.1,29.0,29.5,31.4,56.0,44.0,1391,13.5,50.2,1166,82.9,17.1,3730,33.8,22.5,12.5,58.3,31.3,2.7,0.0,66.9,1.2,2020
12086010012,"Census Tract 100.12, Miami-Dade County, Florida",59.7,4.1,84.0,4.9,0.2,4.5,33.2,58185,68696,20034,0.2,2.7,7.4,11.9,20.4,19.2,13.2,20.7,3.9,0.4,6.8,34.5,22.9,3.0,22.2,40.3,34.4,78.2,21.8,1887,24.5,64.4,1807,92.6,7.4,6492,40.6,18.7,12.8,13.6,70.4,7.6,0.5,34.7,1.5,2020
12086010013,"Census Tract 100.13, Miami-Dade County, Florida",55.6,2.9,89.1,0.0,0.0,0.8,31.3,64167,71721,21706,4.2,4.1,8.6,15.1,6.8,17.1,23.2,10.3,8.7,1.9,12.6,15.7,18.9,1.9,24.0,35.3,38.7,85.8,14.2,1941,0.0,52.2,1108,92.8,7.2,3845,40.8,21.3,16.9,51.2,28.1,15.6,2.9,68.3,3.1,2020
12086010015,"Census Tract 100.15, Miami-Dade County, Florida",61.2,7.0,86.8,0.4,0.0,0.6,31.9,37363,45103,15657,7.4,12.8,8.2,14.7,23.8,19.0,7.1,4.8,2.1,0.0,19.2,41.3,33.2,1.9,33.2,22.9,42.0,55.2,44.8,808,0.0,69.2,1071,94.5,5.5,3295,39.2,21.8,9.0,81.2,8.3,5.2,0.0,85.2,3.2,2020
12086010016,"Census Tract 100.16, Miami-Dade County, Florida",52.8,7.7,80.7,3.8,0.1,6.0,33.4,56382,65094,18458,3.3,2.9,12.1,9.2,12.1,25.1,17.5,14.2,2.1,1.4,11.7,23.5,15.8,1.5,29.2,38.6,30.7,82.5,17.5,2003,0.0,52.0,1234,96.3,3.7,4945,43.3,20.7,25.3,66.8,11.4,6.9,7.1,76.4,1.0,2020
12086010017,"Census Tract 100.17, Miami-Dade County, Florida",52.8,1.2,89.2,0.3,3.3,2.6,34.8,56250,65373,20296,3.0,0.0,15.7,4.9,19.0,26.9,16.7,8.7,5.0,0.0,5.6,23.5,14.5,0.0,7.6,47.8,44.6,90.7,9.3,-666666666,51.6,48.4,1021,100.0,0.0,3835,48.1,12.8,19.6,63.5,24.4,7.8,0.0,71.3,0.9,2020
12086010018,"Census Tract 100.18, Miami-Dade County, Florida",49.5,3.3,84.5,0.0,3.5,0.8,31.4,45239,55317,21627,9.6,1.4,16.6,9.4,27.1,12.0,11.8,5.8,2.9,3.4,25.3,30.2,21.7,1.0,30.4,36.0,32.5,63.7,36.3,1304,0.0,39.7,947,92.3,7.7,2536,45.4,12.2,31.6,70.9,14.9,8.6,0.1,85.4,2.9,2020
12086010019,"Census Tract 100.19, Miami-Dade County, Florida",46.2,8.1,91.1,3.5,0.0,3.4,29.5,45711,59111,24414,10.6,1.0,8.0,12.8,26.8,14.6,10.8,10.8,3.0,1.3,7.7,38.5,18.3,8.8,45.1,15.1,31.0,93.6,6.4,-666666666,0.0,52.2,1127,93.3,6.7,2884,54.1,6.9,29.8,47.3,36.2,15.5,1.0,61.0,0.0,2020
12086010020,"Census Tract 100.20, Miami-Dade County, Florida",63.9,2.1,83.8,0.1,0.0,4.3,32.3,49480,61478,19321,5.9,2.8,4.8,14.4,25.4,21.3,7.5,15.6,2.2,0.0,5.5,28.7,7.5,2.5,12.1,48.2,37.3,92.5,7.5,-666666666,0.0,65.1,1069,94.6,5.4,3503,45.2,16.6,13.9,63.9,29.8,0.1,0.0,75.2,1.0,2020
12086010021,"Census Tract 100.21, Miami-Dade County, Florida",53.5,2.6,86.5,8.8,0.0,0.0,33.8,44453,51818,14210,5.5,4.4,7.3,14.8,33.0,17.3,9.9,5.1,2.1,0.7,22.7,28.5,25.5,5.4,36.8,43.0,14.8,57.0,43.0,1333,5.5,50.9,1055,100.0,0.0,4425,32.0,32.3,11.7,34.3,47.3,8.4,0.0,48.8,1.0,2020
12086010022,"Census Tract 100.22, Miami-Dade County, Florida",47.0,0.0,87.6,1.0,0.0,1.2,36.1,-666666666,50899,19683,6.5,26.6,11.5,7.4,10.3,9.7,7.9,20.2,0.0,0.0,5.9,29.2,9.3,6.0,41.5,29.3,23.2,94.0,6.0,-666666666,100.0,0.0,1305,97.7,2.3,3184,55.5,20.5,33.8,36.4,33.3,16.7,0.0,76.4,2.7,2020
12086010023,"Census Tract 100.23, Miami-Dade County, Florida",51.5,24.4,93.9,0.0,0.0,0.0,46.0,35500,37072,14460,10.0,13.1,4.5,19.7,28.4,17.5,6.8,0.0,0.0,0.0,19.4,16.5,6.3,0.8,66.8,19.4,13.0,76.6,23.4,1828,10.5,80.1,732,100.0,0.0,2007,31.1,37.8,11.9,1.4,92.8,5.8,0.0,5.6,0.0,2020
12086010024,"Census Tract 100.24, Miami-Dade County, Florida",53.9,9.9,80.5,7.6,0.8,3.7,37.8,27108,52087,18461,13.2,5.3,19.4,21.1,12.2,12.0,6.9,1.5,1.7,6.9,34.2,46.5,13.5,19.9,40.8,25.1,14.2,43.9,56.1,811,16.2,60.2,1599,94.7,5.3,4573,37.5,33.0,12.9,14.3,76.8,7.6,0.0,22.9,0.6,2020
12086010025,"Census Tract 100.25, Miami-Dade County, Florida",56.1,6.2,78.3,0.6,0.0,7.4,37.5,54778,73762,21526,12.2,2.3,7.2,5.4,15.9,18.7,22.2,6.6,5.1,4.4,21.6,25.7,21.9,5.3,27.4,41.5,25.8,82.4,17.6,2126,0.0,85.9,1106,98.0,2.0,4659,41.4,23.3,16.7,23.8,75.1,1.0,0.1,24.5,1.6,2020
12086010026,"Census Tract 100.26, Miami-Dade County, Florida",57.7,5.7,89.0,6.1,0.0,0.0,31.3,39096,46756,17645,7.7,0.0,17.9,15.4,26.8,11.2,9.3,11.7,0.0,0.0,33.4,48.9,34.9,6.7,56.7,21.4,15.2,72.2,27.8,1494,28.9,71.1,633,90.2,9.8,2396,42.7,20.7,24.7,50.5,33.3,1.8,0.0,66.6,2.3,2020
12086010193,"Census Tract 101.93, Miami-Dade County, Florida",63.6,2.2,81.3,1.1,1.8,3.1,39.4,108497,115760,33447,2.1,1.3,2.7,10.4,0.7,15.8,11.7,25.0,21.4,9.0,10.5,4.3,3.6,0.4,20.3,46.1,33.2,86.1,13.9,2404,28.3,27.2,1432,98.4,1.6,5199,37.6,25.0,17.8,65.7,2.6,15.6,4.8,78.8,4.5,2020
12086010198,"Census Tract 101.98, Miami-Dade County, Florida",63.4,4.1,82.1,0.3,0.5,14.6,38.1,109450,121219,34222,2.1,1.3,0.0,6.2,8.0,14.9,10.9,34.1,14.3,8.3,1.7,7.1,6.7,0.0,24.8,39.8,35.5,91.9,8.1,2299,0.0,63.8,1096,97.5,2.5,4072,36.7,30.9,9.4,53.3,13.2,17.1,10.1,55.8,1.1,2020
12086010201,"Census Tract 102.01, Miami-Dade County, Florida",64.6,1.2,80.3,0.1,0.0,9.2,40.5,67750,89392,27804,2.1,0.0,14.7,7.3,14.8,13.9,15.4,18.6,2.4,10.8,10.7,17.2,11.1,2.5,19.0,30.4,48.1,94.2,5.8,1152,23.5,76.5,1207,94.9,5.1,3951,42.7,20.8,11.5,73.0,9.2,9.9,0.9,75.1,1.7,2020
12086010205,"Census Tract 102.05, Miami-Dade County, Florida",52.3,4.8,87.7,1.7,0.3,2.4,40.4,36455,61812,20637,6.6,3.7,14.0,22.8,7.6,23.6,9.9,4.3,6.6,0.9,9.9,23.6,14.5,7.1,29.7,36.2,27.0,78.2,21.8,1466,15.7,58.0,1422,94.1,5.9,4573,49.2,15.9,23.0,68.6,14.7,7.0,2.0,70.2,3.8,2020
12086010207,"Census Tract 102.07, Miami-Dade County, Florida",51.3,7.5,61.6,7.2,2.8,0.0,43.5,25759,33637,13658,18.1,9.8,20.1,10.7,17.7,15.6,6.7,1.4,0.0,0.0,37.3,40.5,21.2,23.0,47.6,23.2,6.1,5.2,94.8,1081,9.5,54.3,1699,90.9,9.1,3981,37.1,27.6,16.8,62.7,18.5,9.1,4.6,75.2,2.5,2020
12086010208,"Census Tract 102.08, Miami-Dade County, Florida",55.7,4.4,77.3,3.5,0.8,1.7,35.5,32993,44309,17134,18.6,4.6,11.4,17.5,10.3,23.6,8.4,3.8,1.2,0.6,20.5,48.6,22.7,15.2,42.8,27.9,14.0,38.5,61.5,1131,13.2,58.0,1553,94.7,5.3,4539,40.7,18.0,17.4,67.3,13.5,7.6,6.2,74.4,1.4,2020
12086010209,"Census Tract 102.09, Miami-Dade County, Florida",60.7,4.1,78.0,2.5,0.4,7.4,36.1,62531,72772,20492,5.5,6.0,5.8,7.1,20.5,16.0,12.9,18.3,4.5,3.3,16.5,33.8,20.9,2.5,20.1,47.9,29.6,73.0,27.0,1536,15.7,51.9,1664,94.5,5.5,6370,38.3,23.6,8.8,65.5,29.6,1.4,1.0,58.9,2.7,2020
12086010211,"Census Tract 102.11, Miami-Dade County, Florida",60.4,10.0,80.0,3.7,0.0,0.4,41.1,61029,65324,21028,4.2,6.3,9.3,15.0,3.9,30.4,12.9,11.6,4.5,2.0,22.7,33.6,18.8,2.0,28.5,43.0,26.5,71.9,28.1,1819,9.2,52.2,1324,100.0,0.0,4465,39.1,21.6,13.2,78.7,6.9,9.9,1.6,79.6,1.4,2020
12086010212,"Census Tract 102.12, Miami-Dade County, Florida",62.2,2.3,92.8,0.4,0.0,5.1,36.3,128382,137939,39961,2.1,6.3,5.6,0.6,6.5,4.7,10.3,20.5,29.1,14.3,4.7,5.3,18.3,1.2,18.9,39.0,41.0,85.3,14.7,1853,0.0,5.2,791,97.9,2.1,2988,37.3,27.2,10.7,59.1,14.8,24.2,0.0,74.2,5.8,2020
12086010213,"Census Tract 102.13, Miami-Dade County, Florida",59.7,4.8,86.8,1.8,1.2,0.0,39.0,37273,51871,17625,14.1,7.8,15.1,11.3,10.1,11.3,15.0,12.8,2.4,0.0,17.4,38.6,38.2,16.1,23.3,29.1,31.5,61.0,39.0,1091,7.0,70.7,1292,90.1,9.9,3839,43.1,12.4,15.4,67.3,15.8,11.2,1.8,78.0,4.5,2020
12086010214,"Census Tract 102.14, Miami-Dade County, Florida",60.6,8.0,66.9,1.5,4.9,21.5,45.5,47955,59240,24050,11.6,4.6,14.7,0.0,22.1,16.8,12.5,11.2,6.4,0.0,9.9,21.6,20.1,4.5,41.4,28.2,25.9,72.6,27.4,-666666666,0.0,40.4,650,93.2,6.8,1672,47.2,19.4,13.8,62.6,28.0,0.5,5.1,53.9,1.6,2020
12086010301,"Census Tract 103.01, Miami-Dade County, Florida",48.3,8.7,88.1,1.7,0.0,0.7,36.8,80766,90682,28683,14.7,3.7,4.2,0.8,10.1,11.4,15.0,15.1,21.5,3.5,20.8,25.3,15.6,5.7,26.0,35.4,32.9,60.1,39.9,1125,19.3,27.2,839,100.0,0.0,2758,42.8,21.0,16.8,83.9,10.6,2.9,1.2,37.4,5.9,2020
12086010302,"Census Tract 103.02, Miami-Dade County, Florida",65.1,4.0,72.7,0.0,0.0,5.9,41.6,44676,64374,21729,6.4,12.4,3.4,2.0,31.9,13.0,6.9,15.3,7.1,1.6,24.0,20.5,27.0,0.0,15.6,43.2,41.2,70.5,29.5,1354,0.0,66.7,807,94.7,5.3,2552,46.4,12.8,13.6,72.0,6.8,5.3,4.4,80.2,5.8,2020
12086010303,"Census Tract 103.03, Miami-Dade County, Florida",47.6,1.7,78.4,0.6,4.1,5.7,37.8,93514,166210,62434,11.4,3.8,6.3,3.9,7.8,13.6,5.1,12.9,25.9,9.2,16.9,15.5,14.5,0.0,14.7,53.3,32.0,81.2,18.8,-666666666,0.0,33.1,1192,95.3,4.7,3466,49.7,16.6,18.2,98.5,0.5,0.0,0.0,52.3,2.5,2020
12086010400,"Census Tract 104, Miami-Dade County, Florida",66.7,2.8,84.1,0.7,0.5,3.0,43.6,49451,75188,25592,2.1,4.2,6.2,12.9,27.0,16.2,9.5,10.8,6.4,4.7,16.8,40.8,18.0,5.6,30.9,40.3,23.3,53.3,46.7,1344,26.1,50.9,1536,94.9,5.1,4760,38.9,20.6,10.1,73.2,17.1,8.8,0.0,60.3,5.5,2020
12086010501,"Census Tract 105.01, Miami-Dade County, Florida",46.9,15.2,78.0,3.4,1.4,2.1,37.6,32246,45232,15787,9.1,13.5,19.4,12.3,13.5,14.1,9.1,7.5,0.6,0.8,27.3,63.8,20.4,15.1,38.4,28.1,18.5,36.7,63.3,765,19.2,50.5,1931,89.5,10.5,5658,39.2,23.2,13.9,50.4,42.2,6.1,0.0,57.4,1.8,2020
12086010502,"Census Tract 105.02, Miami-Dade County, Florida",67.3,5.9,74.2,2.8,0.0,9.7,42.4,85532,87064,24611,2.2,0.6,0.6,6.8,11.0,25.4,16.4,28.4,6.9,1.8,7.8,20.4,15.7,0.0,17.8,67.0,15.1,78.8,21.2,1786,0.0,36.6,2417,96.4,3.6,8743,34.6,27.3,7.6,70.4,12.7,13.3,0.5,67.9,8.0,2020
12086010604,"Census Tract 106.04, Miami-Dade County, Florida",60.8,7.3,76.9,1.7,0.0,10.0,38.3,90850,97754,30996,9.8,0.7,4.8,4.3,10.1,14.3,10.8,25.5,12.5,7.2,12.8,11.6,11.7,0.0,17.4,52.4,30.2,85.1,14.9,1760,0.0,60.7,1432,94.1,5.9,4462,40.8,21.1,17.0,80.4,10.2,6.7,0.5,46.7,4.4,2020
12086010608,"Census Tract 106.08, Miami-Dade County, Florida",70.4,2.6,70.3,4.0,0.7,13.6,41.7,65313,81647,25217,1.5,2.0,5.8,8.5,17.4,24.9,11.1,15.8,10.2,2.7,9.3,17.7,12.9,2.5,19.2,51.7,26.6,71.8,28.2,1820,5.3,60.4,1611,93.0,7.0,5342,38.9,28.2,8.6,72.2,6.1,15.6,1.3,62.9,0.6,2020
12086010609,"Census Tract 106.09, Miami-Dade County, Florida",57.9,2.5,80.1,4.7,1.4,2.3,39.2,30463,44494,16341,10.3,7.6,14.9,23.2,12.9,15.6,4.7,10.0,0.9,0.0,20.9,42.5,18.8,17.2,44.4,25.7,12.7,25.0,75.0,1100,6.2,66.7,2059,95.5,4.5,6180,34.5,22.0,14.7,65.2,15.4,16.2,2.2,64.4,2.2,2020
12086010610,"Census Tract 106.10, Miami-Dade County, Florida",48.8,10.6,72.6,2.9,0.0,13.3,46.9,90012,104190,31835,9.6,5.2,5.3,2.4,4.2,17.4,15.7,16.0,8.6,15.5,7.9,18.3,9.5,9.8,27.8,33.5,28.9,75.1,24.9,277,21.8,28.8,1373,93.6,6.4,4460,42.6,25.8,24.7,74.5,15.2,5.9,1.5,57.3,1.4,2020
12086010613,"Census Tract 106.13, Miami-Dade County, Florida",63.9,3.7,78.7,3.4,0.0,1.1,45.2,58750,80181,32634,6.9,9.3,6.4,15.0,4.2,16.8,16.1,10.9,8.1,6.4,11.2,33.0,4.1,8.0,29.0,53.7,9.3,37.7,62.3,1347,24.9,30.5,2244,88.4,11.6,5256,45.9,18.5,22.2,67.2,7.4,20.9,2.7,70.8,3.2,2020
12086010618,"Census Tract 106.18, Miami-Dade County, Florida",68.9,3.8,73.8,5.0,0.0,7.7,44.5,90947,98949,29314,0.0,0.0,4.1,0.0,10.9,18.3,25.6,29.3,7.5,4.3,9.2,14.1,8.9,0.0,20.6,52.6,26.8,76.0,24.0,1865,15.2,50.2,1237,100.0,0.0,4498,39.7,20.8,15.8,71.6,15.8,8.3,2.9,60.2,4.9,2020
12086010619,"Census Tract 106.19, Miami-Dade County, Florida",80.4,0.0,67.7,2.0,3.2,15.7,39.0,81008,98534,27175,0.0,1.5,0.0,9.8,23.4,11.6,22.1,10.5,12.9,8.3,15.4,20.4,10.2,0.0,30.8,27.4,41.8,66.3,33.7,1912,5.0,71.0,758,94.3,5.7,3084,29.7,33.2,6.4,47.1,32.4,17.3,1.7,58.4,5.8,2020
12086010620,"Census Tract 106.20, Miami-Dade County, Florida",64.5,8.9,82.7,0.5,0.0,8.7,50.2,77612,98697,36334,2.8,1.6,0.0,13.5,17.1,14.7,11.9,20.2,6.0,12.2,2.4,7.1,14.4,2.8,11.7,55.0,30.5,84.1,15.9,2331,0.0,90.5,862,100.0,0.0,2549,40.9,22.5,10.2,62.6,18.8,14.4,2.4,59.5,5.5,2020
12086010621,"Census Tract 106.21, Miami-Dade County, Florida",68.9,4.6,68.0,2.5,0.5,4.7,44.0,70884,75728,20240,4.0,1.1,0.0,11.9,14.0,26.1,14.1,23.1,2.3,3.4,12.6,17.3,19.7,1.1,22.8,50.4,25.7,63.6,36.4,1775,0.0,61.0,1224,97.5,2.5,4688,31.0,31.4,5.0,57.6,28.2,10.5,1.4,64.3,3.3,2020
12086010622,"Census Tract 106.22, Miami-Dade County, Florida",60.3,4.8,85.9,2.8,0.0,0.0,39.9,54409,67946,18816,4.4,3.3,3.6,5.0,21.7,29.5,18.1,9.4,1.9,3.2,10.1,32.7,17.1,8.9,27.1,46.1,18.0,56.1,43.9,1356,24.8,24.6,1256,95.1,4.9,4817,31.9,30.8,8.3,49.5,42.4,4.2,0.0,50.2,1.3,2020
12086010623,"Census Tract 106.23, Miami-Dade County, Florida",55.9,6.1,80.3,0.0,1.6,4.8,43.3,68525,77913,24540,1.0,5.2,3.1,9.6,11.4,27.0,15.2,18.0,9.6,0.0,18.8,29.5,19.5,0.5,17.2,64.8,17.4,78.6,21.4,1904,0.0,33.3,985,95.4,4.6,3373,33.8,26.4,10.9,74.5,5.9,14.7,1.7,54.0,2.1,2020
12086010624,"Census Tract 106.24, Miami-Dade County, Florida",69.1,4.2,72.1,3.3,0.0,2.6,46.4,103000,105242,33570,0.0,1.1,10.9,5.0,12.9,3.4,16.1,31.4,10.1,9.1,6.0,7.6,11.4,7.3,27.7,29.6,35.4,82.8,17.2,1896,0.0,36.9,934,95.5,4.5,3073,37.1,17.0,16.0,76.2,14.9,5.5,0.5,58.8,2.0,2020
12086010625,"Census Tract 106.25, Miami-Dade County, Florida",66.2,7.7,77.5,2.2,0.0,9.0,41.2,77047,84393,25242,8.5,1.0,3.8,5.6,9.6,18.3,28.8,13.4,8.3,2.6,8.8,14.2,17.2,1.5,33.6,39.3,25.6,47.1,52.9,1731,10.6,44.0,1598,93.3,6.7,5249,31.0,31.3,4.4,63.8,12.2,19.4,0.8,76.2,4.8,2020
12086010626,"Census Tract 106.26, Miami-Dade County, Florida",66.3,9.0,84.4,0.0,3.1,4.7,37.9,59640,76151,24360,1.2,5.5,9.5,12.4,8.9,28.8,0.0,22.1,9.1,2.5,14.0,48.4,11.9,2.3,39.8,41.0,17.0,40.4,59.6,1303,2.8,57.4,1197,100.0,0.0,3968,34.6,29.5,11.8,67.7,21.1,10.1,0.6,71.8,8.0,2020
12086010705,"Census Tract 107.05, Miami-Dade County, Florida",59.4,2.4,80.7,5.8,0.0,6.2,42.4,64821,62268,21139,4.0,2.9,17.3,8.4,8.0,22.0,12.2,25.3,0.0,0.0,14.0,37.3,21.1,11.3,26.2,39.8,22.7,74.9,25.1,1506,0.0,42.8,1181,100.0,0.0,3747,38.1,25.9,12.2,65.8,26.8,2.7,0.0,72.3,2.0,2020
12086010706,"Census Tract 107.06, Miami-Dade County, Florida",60.2,8.5,70.5,6.1,0.0,6.4,46.5,26522,40300,10855,3.6,12.7,27.2,15.3,12.2,3.3,22.4,3.3,0.0,0.0,31.3,58.2,43.4,0.8,37.0,37.6,24.6,25.4,74.6,594,16.0,62.4,698,92.6,7.4,2802,21.2,39.5,2.1,52.5,29.8,15.4,0.0,76.2,0.1,2020
12086010707,"Census Tract 107.07, Miami-Dade County, Florida",63.7,11.1,88.2,0.0,0.1,1.7,29.2,66932,67104,19181,5.9,0.0,12.0,7.2,16.1,21.3,8.3,26.0,3.2,0.0,22.0,37.9,15.1,7.3,13.8,41.7,37.2,78.0,22.0,1494,0.0,48.3,1028,89.0,11.0,3614,37.8,26.1,10.3,54.2,33.9,10.2,0.0,50.2,2.7,2020
12086010708,"Census Tract 107.08, Miami-Dade County, Florida",67.1,4.7,83.3,0.0,0.0,6.8,41.0,52702,58866,16913,5.0,1.7,21.4,7.1,8.7,31.1,16.9,5.5,0.6,2.1,22.0,32.3,15.3,8.9,24.7,39.5,26.9,57.5,42.5,1370,13.9,54.5,1447,99.0,1.0,5601,33.7,27.2,11.8,55.2,36.3,3.2,4.8,57.3,4.5,2020
12086010709,"Census Tract 107.09, Miami-Dade County, Florida",55.4,4.6,86.0,1.2,0.0,0.9,38.7,83053,116302,31730,3.7,0.0,0.0,1.5,5.9,30.1,29.7,20.4,3.3,5.3,4.1,8.3,8.9,2.1,13.7,67.3,16.9,96.6,3.4,1839,0.0,68.4,1208,92.4,7.6,4187,30.1,31.0,9.5,72.9,7.0,17.7,0.0,57.3,2.3,2020
12086010710,"Census Tract 107.10, Miami-Dade County, Florida",65.9,3.7,72.5,1.9,0.0,2.6,47.3,52072,58772,21188,1.1,5.0,27.4,4.7,10.4,26.6,7.4,13.5,3.9,0.0,7.9,47.5,15.2,0.4,42.0,24.4,33.3,58.9,41.1,1179,5.9,68.6,2302,96.0,4.0,6802,42.3,19.1,16.5,62.7,15.2,14.8,0.4,80.9,2.4,2020
12086010803,"Census Tract 108.03, Miami-Dade County, Florida",69.2,13.3,53.2,8.7,0.0,13.0,38.1,33418,44298,14231,10.5,3.2,31.2,9.0,8.9,17.7,16.0,3.6,0.0,0.0,34.9,58.1,21.3,11.7,43.3,35.0,10.0,26.2,73.8,1104,13.2,51.9,857,93.6,6.4,2765,25.7,42.6,5.7,64.8,32.7,0.0,0.0,67.2,3.1,2020
12086010804,"Census Tract 108.04, Miami-Dade County, Florida",59.9,12.4,66.8,1.8,1.5,6.4,38.8,49342,49792,15257,9.5,4.8,12.2,13.9,10.2,32.1,11.0,6.3,0.0,0.0,22.4,30.2,24.6,7.0,47.3,31.7,14.0,24.2,75.8,1291,16.8,44.7,2056,94.6,5.4,7001,31.3,30.5,8.1,55.4,34.4,7.6,0.7,55.8,1.3,2020
12086010805,"Census Tract 108.05, Miami-Dade County, Florida",61.5,7.0,69.7,3.3,0.0,4.9,32.4,31593,43093,14183,12.7,1.7,14.2,32.3,12.1,16.9,3.5,3.1,0.5,3.0,30.0,46.0,24.5,5.5,51.6,29.6,13.2,29.9,70.1,1265,2.5,69.3,1666,96.5,3.5,5365,27.1,29.3,6.6,65.3,15.1,7.5,2.3,79.0,6.3,2020
12086010806,"Census Tract 108.06, Miami-Dade County, Florida",50.7,10.2,77.1,0.0,0.0,0.4,39.4,36463,47795,13040,12.8,3.3,12.7,16.0,21.0,16.7,7.1,7.1,3.3,0.0,34.3,37.9,20.4,9.1,27.4,49.1,14.4,51.7,48.3,1715,6.6,80.1,1221,88.1,11.9,4384,26.7,41.6,6.5,56.7,26.0,10.8,2.8,71.8,2.6,2020
12086010900,"Census Tract 109, Miami-Dade County, Florida",56.0,12.6,72.6,3.1,0.4,1.4,31.2,28886,42456,14580,10.0,9.0,16.0,28.1,11.2,14.5,3.0,5.4,1.4,1.4,33.6,55.4,28.3,11.5,41.7,36.0,10.8,24.5,75.5,1096,8.3,55.9,2071,94.2,5.8,6546,32.2,28.8,7.7,65.6,14.6,13.6,0.0,84.2,4.3,2020
12086011003,"Census Tract 110.03, Miami-Dade County, Florida",58.5,4.1,73.9,1.7,0.2,6.6,34.6,53798,62596,17221,6.9,3.5,10.7,16.3,5.7,23.5,16.7,10.1,4.1,2.4,14.4,40.5,28.4,7.8,20.8,44.1,27.4,73.1,26.9,1764,4.8,30.6,1218,95.7,4.3,4986,40.4,25.0,15.9,79.8,7.7,11.1,0.0,88.5,3.5,2020
12086011008,"Census Tract 110.08, Miami-Dade County, Florida",70.3,8.9,79.6,2.4,0.0,7.5,44.3,59226,69586,20793,6.9,2.7,7.3,6.7,13.5,25.4,15.4,16.5,3.9,1.8,11.3,27.7,12.9,0.9,28.5,60.8,9.9,55.1,44.9,1754,10.1,64.9,1188,97.0,3.0,4185,31.3,37.8,5.7,62.2,22.0,9.4,3.4,57.0,3.7,2020
12086011009,"Census Tract 110.09, Miami-Dade County, Florida",57.0,9.8,76.6,2.0,0.0,8.0,41.3,65128,74965,23413,7.2,1.2,6.8,9.8,15.8,28.3,12.3,8.3,3.7,6.5,10.7,20.2,10.2,5.8,32.0,48.4,13.8,51.5,48.5,1559,28.6,34.4,1866,95.1,4.9,5842,31.7,34.6,5.8,67.9,19.8,5.7,2.0,55.1,4.7,2020
12086011010,"Census Tract 110.10, Miami-Dade County, Florida",59.6,7.0,64.0,4.0,1.4,2.7,39.2,32674,40468,15093,17.5,1.6,17.3,20.7,19.6,13.1,0.7,9.0,0.0,0.5,23.4,53.7,18.5,28.2,38.6,29.4,3.8,18.2,81.8,1015,22.2,51.4,1516,100.0,0.0,4546,33.3,28.9,13.2,60.3,23.0,11.1,0.4,68.4,1.9,2020
12086011011,"Census Tract 110.11, Miami-Dade County, Florida",61.4,7.4,57.3,5.5,1.5,2.7,42.7,56913,53122,15277,6.4,10.5,6.8,14.0,3.7,41.3,8.6,3.3,5.3,0.0,20.0,40.1,18.4,5.4,23.7,48.3,22.7,46.7,53.3,925,0.9,49.1,1089,93.6,6.4,4021,28.9,23.6,12.0,90.2,4.3,2.9,0.0,90.7,0.6,2020
12086011012,"Census Tract 110.12, Miami-Dade County, Florida",50.3,11.7,77.5,1.5,0.0,2.3,39.4,44342,52399,14119,6.6,1.0,12.0,20.6,14.5,17.6,20.6,6.1,1.0,0.0,29.5,34.6,26.2,1.9,22.1,46.5,29.6,67.1,32.9,1594,9.7,69.7,675,87.7,12.3,2585,37.2,22.4,13.3,56.9,21.3,3.2,5.2,68.5,2.9,2020
12086011013,"Census Tract 110.13, Miami-Dade County, Florida",69.9,4.0,68.5,0.2,0.0,12.2,30.1,62535,64392,18243,1.1,0.0,13.4,14.8,3.0,42.8,13.9,6.1,4.9,0.0,6.1,17.0,20.3,1.5,20.8,37.1,40.6,79.3,20.7,1265,23.8,76.2,966,95.4,4.6,3584,36.0,29.4,8.0,60.0,4.6,34.1,0.0,88.0,5.1,2020
12086011014,"Census Tract 110.14, Miami-Dade County, Florida",55.7,4.8,66.4,1.1,0.0,8.6,39.0,83294,83396,28726,2.2,0.0,3.0,10.5,13.1,16.4,32.2,12.8,5.8,4.0,12.5,14.6,14.8,1.5,42.4,44.8,11.3,63.6,36.4,1700,7.6,61.8,1045,100.0,0.0,3183,33.8,24.9,15.6,71.0,13.0,15.1,0.0,70.5,3.2,2020
12086011015,"Census Tract 110.15, Miami-Dade County, Florida",67.5,3.1,75.7,5.9,0.0,4.3,38.2,91215,100187,26951,2.7,0.4,4.4,2.0,11.9,16.1,21.2,30.4,9.5,1.4,5.0,15.1,6.6,1.6,22.9,48.6,26.9,73.6,26.4,1943,0.0,46.7,2315,90.6,9.4,8140,31.7,34.3,11.5,54.8,35.5,4.3,0.1,49.8,4.2,2020
12086011103,"Census Tract 111.03, Miami-Dade County, Florida",66.6,1.1,81.2,0.0,0.0,2.8,29.3,36789,45812,15286,2.2,5.4,5.3,28.5,22.1,20.5,15.1,0.8,0.0,0.0,7.0,26.6,16.7,2.2,30.3,59.4,8.2,28.1,71.9,1178,5.9,59.4,918,100.0,0.0,3166,32.8,25.4,4.7,72.9,24.6,2.5,0.0,75.0,10.5,2020
12086011104,"Census Tract 111.04, Miami-Dade County, Florida",67.4,3.1,48.6,13.5,0.4,0.0,44.6,32500,48064,14306,16.0,6.9,23.8,4.6,18.7,11.0,9.9,2.2,5.4,1.6,34.6,43.7,46.3,22.1,44.1,25.2,8.6,20.1,79.9,979,6.7,42.8,1243,98.5,1.5,5163,28.9,27.9,3.2,63.0,5.5,12.9,0.0,90.2,1.1,2020
12086011105,"Census Tract 111.05, Miami-Dade County, Florida",63.3,5.7,86.0,2.3,0.1,5.2,43.2,108519,125710,31251,4.2,1.9,1.5,0.9,5.9,9.4,21.0,22.9,10.8,21.5,7.1,12.9,11.5,0.0,26.5,22.2,51.3,99.1,0.9,-666666666,-666666666.0,-666666666.0,1011,97.5,2.5,4272,32.1,24.7,9.7,85.7,10.1,2.9,0.0,57.3,0.7,2020
12086011106,"Census Tract 111.06, Miami-Dade County, Florida",66.1,3.4,77.9,0.0,3.3,0.0,44.6,65074,89747,24039,3.2,2.3,16.7,6.9,10.6,17.3,6.5,18.9,8.0,9.7,19.0,30.9,19.2,1.3,30.8,36.7,31.2,62.9,37.1,1485,5.4,64.1,938,93.7,6.3,3771,32.8,32.4,8.4,53.9,4.9,25.5,0.0,72.9,1.5,2020
12086011203,"Census Tract 112.03, Miami-Dade County, Florida",61.5,5.4,39.0,1.8,0.0,1.4,38.6,32582,39058,8931,3.4,4.8,31.5,18.2,7.1,24.5,10.4,0.0,0.0,0.0,51.6,34.5,51.5,13.4,45.1,37.2,4.3,24.4,75.6,1261,13.5,69.4,1473,88.6,11.4,6538,22.9,45.2,4.5,63.9,4.0,6.9,1.7,91.4,2.5,2020
12086011204,"Census Tract 112.04, Miami-Dade County, Florida",57.0,3.7,89.5,1.6,0.0,0.0,44.7,65521,77048,23928,0.0,2.6,3.8,5.0,14.7,32.3,6.2,32.9,2.6,0.0,5.0,7.4,27.2,0.0,15.1,52.2,32.7,91.6,8.4,1625,35.7,64.3,543,92.4,7.6,1693,31.2,25.4,13.0,96.3,0.5,3.2,0.0,62.5,2.2,2020
12086011205,"Census Tract 112.05, Miami-Dade County, Florida",58.7,9.2,67.7,9.0,0.0,0.9,42.1,41094,48240,12905,9.0,6.6,17.9,6.7,21.1,20.0,9.4,7.7,0.9,0.9,39.5,42.4,19.7,14.5,31.3,27.1,27.1,53.1,46.9,1244,27.1,43.8,958,96.7,3.3,3784,25.5,40.3,2.9,51.8,32.7,8.7,5.1,54.3,0.9,2020
12086011206,"Census Tract 112.06, Miami-Dade County, Florida",64.4,4.7,78.0,0.0,0.0,3.0,34.4,76771,95511,23846,0.0,5.7,2.9,4.3,10.7,24.1,15.9,17.5,12.7,6.2,13.6,19.1,20.6,3.9,12.5,48.6,35.0,83.7,16.3,1408,0.0,46.1,859,84.1,15.9,3010,31.6,34.1,10.6,76.8,1.4,14.3,2.8,71.1,3.1,2020
12086011301,"Census Tract 113.01, Miami-Dade County, Florida",41.2,13.0,43.1,6.9,4.6,4.7,32.5,15605,27795,9327,40.5,8.2,12.9,10.5,9.6,7.1,4.6,6.5,0.0,0.0,50.9,59.3,34.5,19.6,53.5,19.9,7.0,14.0,86.0,930,8.5,78.5,1261,89.0,11.0,3515,31.9,25.6,7.3,27.3,62.6,6.5,0.0,37.4,0.9,2020
12086011302,"Census Tract 113.02, Miami-Dade County, Florida",48.5,8.8,59.3,0.0,4.7,0.6,35.1,27934,32538,9435,17.6,6.5,20.6,21.2,15.1,13.4,5.4,0.3,0.0,0.0,44.0,52.1,31.5,31.3,37.4,21.2,10.0,20.6,79.4,980,8.4,67.0,1608,93.8,6.2,6424,26.2,37.7,7.7,47.3,38.4,5.5,0.0,56.6,0.5,2020
12086011405,"Census Tract 114.05, Miami-Dade County, Florida",52.9,5.2,66.2,1.9,0.0,7.2,37.8,40027,58218,19688,28.2,1.8,11.9,8.0,11.0,14.1,5.1,6.6,13.4,0.0,25.1,55.5,25.3,10.1,50.9,28.4,10.5,37.9,62.1,963,12.1,42.6,1084,91.0,9.0,3074,32.5,30.3,20.9,30.2,52.2,6.5,0.0,46.6,2.9,2020
12086011406,"Census Tract 114.06, Miami-Dade County, Florida",45.2,12.2,72.4,2.7,3.6,0.0,41.0,48115,61543,16407,8.2,4.7,5.2,8.2,29.7,18.6,9.7,5.5,10.3,0.0,17.4,30.1,24.9,3.8,21.4,32.7,42.1,53.5,46.5,1205,6.1,29.4,970,79.4,20.6,3489,29.3,31.5,11.8,77.0,4.9,1.2,0.0,64.5,1.5,2020
12086011407,"Census Tract 114.07, Miami-Dade County, Florida",48.3,16.3,62.4,1.4,0.0,16.1,34.6,41964,51547,14167,1.2,1.2,18.8,20.0,17.4,24.9,6.7,8.1,0.8,0.9,27.3,43.2,25.6,2.9,34.1,44.8,18.2,49.2,50.8,1473,6.6,68.4,941,94.8,5.2,3929,27.9,29.0,8.9,49.7,40.4,2.3,0.0,46.3,0.6,2020
12086011408,"Census Tract 114.08, Miami-Dade County, Florida",21.9,6.2,79.8,0.0,0.4,4.0,23.8,30717,35531,4820,0.0,7.7,23.0,43.2,11.8,4.0,7.5,2.8,0.0,0.0,35.4,45.8,33.6,6.6,53.7,31.0,8.8,4.6,95.4,803,41.4,20.7,700,95.9,4.1,6224,32.1,30.2,4.4,48.2,23.8,25.9,0.1,66.3,2.4,2020
12086011409,"Census Tract 114.09, Miami-Dade County, Florida",64.9,7.6,70.2,0.0,0.0,8.2,31.8,57899,69606,19133,6.8,5.2,4.5,4.7,19.8,20.0,19.2,14.5,0.0,5.3,14.9,37.7,13.7,8.9,27.0,53.0,11.1,46.1,53.9,1449,26.5,54.5,1606,78.6,21.4,4899,25.7,44.8,5.0,58.8,24.9,12.9,0.0,58.1,2.6,2020
12086011410,"Census Tract 114.10, Miami-Dade County, Florida",68.2,17.8,77.8,0.0,0.0,0.0,41.8,79226,95462,33150,5.2,14.6,1.7,7.0,3.1,5.6,35.8,14.1,5.1,7.8,17.6,20.9,24.7,6.6,41.6,38.3,13.5,44.5,55.5,1845,10.2,42.0,1341,76.7,23.3,3122,30.3,28.2,6.7,66.9,25.3,0.1,0.0,48.1,2.4,2020
12086011411,"Census Tract 114.11, Miami-Dade County, Florida",65.7,0.0,68.6,8.2,0.0,13.6,44.5,70924,86360,26485,0.0,0.0,0.0,3.3,23.3,30.3,10.5,25.0,7.6,0.0,0.0,10.9,0.0,0.0,25.2,36.0,38.8,80.2,19.8,2160,0.0,73.6,631,100.0,0.0,2132,38.3,33.1,12.6,78.3,3.2,18.4,0.0,62.6,3.1,2020
12086011412,"Census Tract 114.12, Miami-Dade County, Florida",75.5,3.9,79.0,8.2,1.3,0.0,43.5,51326,59320,23964,11.5,1.7,5.5,7.3,13.2,40.7,7.3,10.8,2.1,0.0,16.2,28.4,12.5,3.5,48.4,39.6,8.5,26.3,73.7,1388,3.4,66.7,2445,92.4,7.6,6642,38.9,30.1,4.5,55.3,35.1,9.3,0.0,55.2,0.9,2020
12086011500,"Census Tract 115, Miami-Dade County, Florida",61.6,4.1,83.5,2.0,0.4,3.9,41.1,88167,99121,28942,0.0,0.8,5.3,4.1,2.4,19.4,38.5,14.7,9.5,5.4,5.1,17.8,21.2,0.5,11.9,26.7,61.0,89.2,10.8,2016,0.0,47.3,2018,83.9,16.1,6409,39.8,18.8,12.9,72.4,5.6,16.6,2.1,72.1,1.5,2020
12086011601,"Census Tract 116.01, Miami-Dade County, Florida",52.6,12.6,74.3,1.2,0.0,12.9,34.3,65417,75061,24400,10.1,0.0,10.1,11.1,4.3,17.1,17.9,19.5,5.0,4.9,9.7,26.7,9.8,1.5,40.8,53.3,4.4,62.2,37.8,1596,0.0,27.4,1133,95.5,4.5,3450,42.9,25.3,14.5,64.3,21.9,6.8,0.9,74.5,15.7,2020
12086011602,"Census Tract 116.02, Miami-Dade County, Florida",77.9,0.0,87.2,0.0,0.0,1.1,34.5,54576,68093,25701,7.8,3.2,3.3,14.7,10.5,21.6,13.8,18.9,6.1,0.0,15.5,16.8,12.5,0.0,47.3,40.1,12.6,21.1,78.9,1782,0.0,52.1,1534,92.5,7.5,4048,33.8,30.7,4.2,64.3,2.8,27.7,0.8,91.2,0.8,2020
12086011701,"Census Tract 117.01, Miami-Dade County, Florida",58.8,8.7,90.1,0.0,0.0,2.0,98.7,60994,67452,21920,0.2,0.0,10.8,2.9,15.7,42.3,6.2,21.9,0.0,0.0,16.7,17.0,24.6,0.2,7.1,72.3,20.4,91.1,8.9,2234,4.1,95.9,569,96.3,3.7,1995,53.2,16.5,29.2,59.8,12.1,28.1,0.0,83.1,2.3,2020
12086011702,"Census Tract 117.02, Miami-Dade County, Florida",63.8,2.2,80.3,0.7,0.7,3.3,31.7,34883,41817,17887,15.9,2.3,19.0,13.0,20.7,18.9,7.9,1.6,0.0,0.7,12.5,31.4,14.0,16.4,46.8,35.2,1.6,13.3,86.7,1171,15.0,66.9,1798,98.8,1.2,4397,41.1,24.1,14.9,67.1,10.6,6.9,0.0,81.0,2.2,2020
12086011800,"Census Tract 118, Miami-Dade County, Florida",51.7,2.3,85.7,1.4,3.2,2.4,33.0,71696,85979,25725,1.3,2.4,6.3,4.7,7.3,35.0,7.0,27.2,6.1,2.9,4.6,32.4,16.9,0.9,25.7,33.4,40.0,87.5,12.5,2125,19.8,33.3,1043,96.3,3.7,3582,47.4,16.1,21.3,58.5,14.1,18.1,3.9,75.5,1.5,2020
12086011900,"Census Tract 119, Miami-Dade County, Florida",64.4,6.5,79.1,0.8,1.5,4.9,35.2,67857,81396,28271,5.9,2.3,5.2,6.7,13.6,23.3,10.0,22.3,5.2,5.4,10.8,21.8,15.0,1.1,30.3,31.4,37.2,79.1,20.9,1695,21.8,51.0,2007,92.8,7.2,5751,40.4,21.6,15.1,71.9,9.5,13.2,0.0,82.4,2.1,2020
12086012001,"Census Tract 120.01, Miami-Dade County, Florida",72.1,10.3,72.5,2.2,0.0,5.3,34.5,42287,53635,21966,11.1,7.5,0.0,14.7,24.9,13.8,12.7,12.3,2.9,0.0,15.7,17.6,27.2,7.1,40.6,44.1,8.2,3.7,96.3,1570,6.9,53.3,1212,97.9,2.1,3051,34.3,20.2,4.2,67.0,10.3,12.9,0.0,86.0,1.9,2020
12086012002,"Census Tract 120.02, Miami-Dade County, Florida",62.0,5.9,76.9,2.6,1.1,4.6,31.3,30203,41565,17290,10.3,7.8,13.9,26.2,6.2,24.1,8.3,1.5,1.7,0.0,26.4,39.1,16.4,5.7,54.5,38.3,1.4,10.1,89.9,1323,6.7,64.2,2478,90.7,9.3,5689,38.4,18.8,10.7,70.0,8.3,3.7,0.8,91.3,3.7,2020
12086012101,"Census Tract 121.01, Miami-Dade County, Florida",68.2,2.9,94.1,0.0,0.0,3.5,36.5,65193,70763,26420,0.7,7.2,9.1,0.0,1.5,53.6,12.4,11.9,3.7,0.0,12.2,25.2,20.4,6.0,26.9,55.8,11.2,69.0,31.0,1743,5.1,63.3,1195,100.0,0.0,3421,39.5,17.9,14.1,76.0,2.5,21.3,0.2,94.1,0.0,2020
12086012102,"Census Tract 121.02, Miami-Dade County, Florida",72.4,4.1,77.1,0.0,0.0,0.0,29.5,51922,58870,23993,6.8,6.4,12.5,4.7,6.3,42.2,6.6,3.9,10.4,0.0,16.9,27.0,13.6,6.1,36.4,50.3,7.3,18.3,81.7,1395,5.6,51.3,1738,98.3,1.7,4496,39.6,20.5,12.6,78.6,8.0,13.4,0.0,90.3,1.8,2020
12086012103,"Census Tract 121.03, Miami-Dade County, Florida",80.3,3.6,92.6,1.1,0.0,0.0,33.7,50511,73687,29637,2.3,1.4,8.0,9.0,27.9,23.3,4.6,8.9,14.5,0.0,8.4,13.4,13.9,4.9,27.6,56.9,10.6,37.6,62.4,1465,26.6,49.0,1379,96.7,3.3,3730,39.1,22.2,4.0,67.5,5.8,7.6,0.0,87.7,14.2,2020
12086012104,"Census Tract 121.04, Miami-Dade County, Florida",66.4,5.1,93.8,0.0,0.0,2.1,32.3,54735,65626,23339,0.0,5.4,4.0,6.1,22.4,27.0,18.6,16.5,0.0,0.0,24.3,24.1,11.9,0.0,28.4,70.7,0.9,63.6,36.4,1373,4.7,36.3,704,100.0,0.0,2476,41.7,25.6,12.6,85.3,7.3,7.4,0.0,85.4,0.2,2020
12086012105,"Census Tract 121.05, Miami-Dade County, Florida",74.3,3.3,90.3,0.0,0.0,1.6,30.0,66219,78216,23932,4.6,0.0,0.0,19.3,4.0,27.3,23.9,15.3,0.0,5.6,7.0,25.5,12.1,1.4,28.1,44.9,25.7,52.1,47.9,1521,8.7,28.8,791,100.0,0.0,2722,27.6,27.8,4.5,90.3,3.1,1.2,0.0,89.5,0.0,2020
12086012200,"Census Tract 122, Miami-Dade County, Florida",60.2,2.1,84.7,0.0,0.4,5.1,33.2,96313,106699,30352,3.1,0.0,3.4,4.3,9.2,16.5,16.7,24.4,13.5,8.8,7.2,10.3,12.1,1.5,13.2,44.7,40.6,91.4,8.6,2514,0.0,48.5,1542,97.2,2.8,5694,47.3,17.7,24.9,84.1,1.0,4.4,0.0,82.7,2.1,2020
12086012301,"Census Tract 123.01, Miami-Dade County, Florida",60.3,2.1,70.3,3.1,0.0,5.0,36.7,60651,75026,22079,2.7,0.0,6.5,8.1,18.9,38.4,3.1,12.2,7.3,2.7,13.9,14.8,19.0,5.4,9.6,57.1,27.8,68.9,31.1,1947,0.0,79.9,754,97.7,2.3,2716,43.1,20.5,17.6,64.7,13.5,5.1,3.4,78.3,7.2,2020
12086012302,"Census Tract 123.02, Miami-Dade County, Florida",61.7,0.9,84.7,2.3,0.0,1.0,36.9,78179,81695,24755,10.7,2.1,7.7,1.9,5.8,19.7,17.2,27.3,5.5,2.1,11.0,20.8,5.8,3.0,22.1,38.3,36.7,89.8,10.2,2133,0.0,100.0,1204,98.3,1.7,4462,40.5,21.8,13.2,63.8,7.0,19.7,0.5,80.8,7.3,2020
12086012401,"Census Tract 124.01, Miami-Dade County, Florida",68.3,7.3,94.3,0.0,1.8,0.8,33.4,80140,100268,28676,0.0,4.6,5.8,3.4,13.8,21.1,12.5,16.4,11.3,11.0,4.0,21.2,9.4,1.9,12.4,32.6,53.1,77.1,22.9,2025,7.7,68.3,1316,95.1,4.9,4644,41.8,17.3,12.8,65.3,6.4,25.6,2.1,85.2,3.8,2020
12086012402,"Census Tract 124.02, Miami-Dade County, Florida",83.1,4.0,72.3,3.1,0.0,13.1,35.4,136763,131563,37203,0.0,0.0,6.6,3.3,0.0,14.4,8.4,33.1,23.3,10.8,0.0,3.0,3.8,1.6,21.9,39.8,36.7,100.0,0.0,-666666666,-666666666.0,-666666666.0,867,100.0,0.0,3317,31.5,26.5,3.2,84.5,1.3,11.2,0.4,92.9,0.6,2020
12086012403,"Census Tract 124.03, Miami-Dade County, Florida",74.7,3.5,89.2,0.0,0.0,6.7,34.7,84938,118554,38459,1.8,0.0,9.2,5.1,7.2,16.1,12.7,23.5,4.9,19.5,0.6,7.8,10.9,8.9,11.4,52.4,27.3,88.4,11.6,-666666666,64.1,0.0,553,100.0,0.0,1702,42.2,20.9,11.6,92.5,0.6,4.3,0.0,76.0,3.0,2020
12086012501,"Census Tract 125.01, Miami-Dade County, Florida",61.1,0.0,72.4,0.9,0.0,15.4,35.9,138125,155385,37837,2.0,0.0,3.2,6.1,4.3,10.1,6.5,32.3,11.8,23.7,7.6,21.1,5.1,0.0,8.5,42.8,48.7,93.5,6.5,1375,0.0,100.0,493,100.0,0.0,2158,47.5,12.9,18.8,90.1,0.1,9.8,0.0,95.9,0.1,2020
12086012502,"Census Tract 125.02, Miami-Dade County, Florida",63.4,2.8,74.1,0.5,0.0,17.1,35.3,56145,69567,21020,2.7,4.0,15.7,9.0,13.3,21.2,7.3,21.9,2.6,2.3,15.9,36.9,23.6,0.6,20.2,54.1,25.1,89.4,10.6,1432,17.6,67.6,1292,96.0,4.0,4480,45.0,16.0,15.1,74.3,1.6,20.4,0.0,93.7,0.5,2020
12086012601,"Census Tract 126.01, Miami-Dade County, Florida",73.9,1.7,77.0,0.0,0.0,9.3,30.6,61599,66393,22284,8.2,2.6,2.0,18.4,7.4,26.6,16.3,14.7,4.0,0.0,16.2,26.7,17.5,1.0,22.9,58.1,18.0,54.4,45.6,1782,9.6,47.6,1079,98.0,2.0,3413,39.2,24.0,9.6,82.0,1.9,11.3,2.6,94.3,2.2,2020
12086012602,"Census Tract 126.02, Miami-Dade County, Florida",63.1,5.0,79.5,1.0,0.6,11.3,36.7,66016,78531,23200,1.5,1.7,8.4,6.8,22.0,15.3,25.9,12.0,0.0,6.5,6.7,44.5,10.0,0.0,19.2,47.7,33.1,68.6,31.4,1752,36.3,8.8,1052,96.9,3.1,3917,45.5,19.0,14.7,69.9,0.0,25.1,0.0,99.0,1.7,2020
12086012701,"Census Tract 127.01, Miami-Dade County, Florida",65.8,2.2,76.5,0.4,0.0,11.6,37.0,95763,100471,29802,2.4,1.0,5.7,4.9,12.1,16.8,9.9,29.3,8.9,9.0,7.8,4.9,10.1,3.9,17.4,52.6,26.1,89.8,10.2,2098,21.5,61.4,2642,89.2,10.8,8229,35.5,29.0,10.3,73.7,1.5,17.5,1.5,94.3,4.5,2020
12086012702,"Census Tract 127.02, Miami-Dade County, Florida",68.6,5.3,85.5,0.9,0.0,7.5,29.8,90313,158044,54046,2.9,0.9,2.4,9.2,12.6,14.7,10.4,9.2,10.9,26.9,2.5,7.0,4.7,1.6,24.8,36.5,37.1,96.6,3.4,3501,0.0,67.4,1382,98.0,2.0,4171,44.8,20.9,16.3,87.5,1.3,6.8,0.2,88.2,2.4,2020
12086012801,"Census Tract 128.01, Miami-Dade County, Florida",59.3,5.8,80.0,5.4,0.0,8.5,30.4,76121,92895,29883,0.6,1.2,6.7,7.2,3.9,27.5,20.6,14.3,13.2,4.8,4.6,13.4,12.3,0.9,18.0,48.1,32.9,93.3,6.7,-666666666,0.0,100.0,1409,97.7,2.3,4657,47.7,20.3,13.9,78.9,0.1,7.0,0.0,98.0,5.0,2020
12086012802,"Census Tract 128.02, Miami-Dade County, Florida",63.4,1.6,75.7,1.8,0.0,14.2,28.1,104452,134935,44574,1.0,0.8,4.5,7.5,6.0,15.5,8.5,38.8,6.5,11.0,3.0,3.8,7.7,1.8,37.3,49.3,11.5,62.4,37.6,2224,13.0,30.9,1249,97.8,2.2,3816,37.1,27.1,15.5,83.9,4.0,4.7,1.0,85.7,9.0,2020
12086012900,"Census Tract 129, Miami-Dade County, Florida",69.5,3.1,77.1,0.6,1.3,14.7,27.2,56258,62736,22364,3.0,7.4,8.9,7.9,16.1,24.6,17.3,10.6,2.7,1.5,11.3,36.7,12.3,3.8,23.4,43.6,29.3,48.4,51.6,1475,11.6,46.3,1628,97.8,2.2,4998,45.5,14.8,14.6,80.9,0.2,16.2,0.0,97.2,0.3,2020
12086013000,"Census Tract 130, Miami-Dade County, Florida",67.6,1.8,80.3,0.0,0.0,10.5,33.6,59276,76227,25806,3.0,5.0,8.4,14.3,9.2,22.0,16.7,14.1,0.0,7.3,10.9,35.4,13.6,3.4,35.1,38.5,23.1,74.2,25.8,1439,10.7,57.7,1451,100.0,0.0,4685,45.4,17.8,17.6,74.7,0.5,19.7,0.4,96.1,3.1,2020
12086013100,"Census Tract 131, Miami-Dade County, Florida",67.0,2.5,77.6,0.2,1.9,12.4,29.7,47414,67341,22131,1.5,10.2,6.5,9.3,26.8,14.8,15.0,11.8,1.5,2.6,13.3,42.1,13.0,4.5,33.8,41.0,20.7,46.0,54.0,1494,2.2,62.7,1809,98.3,1.7,5956,41.6,21.5,14.9,78.1,0.7,13.0,0.2,94.9,1.7,2020
12086013201,"Census Tract 132.01, Miami-Dade County, Florida",69.0,2.2,75.0,1.7,1.2,7.6,28.1,44219,60300,20165,5.3,9.1,8.8,4.6,24.7,19.1,12.2,11.3,3.2,1.7,16.1,35.2,18.0,0.0,21.4,44.1,34.5,70.3,29.7,1884,0.0,61.5,723,99.0,1.0,2626,44.1,17.4,17.4,73.6,2.9,13.9,4.3,94.7,1.9,2020
12086013202,"Census Tract 132.02, Miami-Dade County, Florida",69.8,3.3,85.7,0.0,0.0,9.3,32.3,78571,83255,26838,0.6,6.4,10.6,10.3,6.0,14.3,10.9,28.9,12.2,0.0,8.2,22.6,11.9,3.7,21.9,30.3,44.1,88.9,11.1,1540,0.0,26.7,1004,100.0,0.0,3385,48.4,10.5,20.6,78.7,0.1,17.0,0.0,98.6,0.5,2020
12086013301,"Census Tract 133.01, Miami-Dade County, Florida",72.4,3.6,69.5,0.0,0.0,22.1,36.2,71332,69320,27574,4.2,3.1,10.4,8.2,12.2,20.5,22.2,16.3,2.8,0.0,13.3,24.8,9.0,5.5,30.2,39.2,25.0,75.5,24.5,1494,16.0,63.4,963,95.8,4.2,2709,45.4,14.6,14.0,69.2,0.8,22.7,1.0,97.4,0.6,2020
12086013302,"Census Tract 133.02, Miami-Dade County, Florida",73.4,0.3,76.2,0.0,0.1,8.8,25.1,58170,69421,23508,5.1,4.2,3.3,14.7,13.0,20.0,17.4,13.8,8.4,0.0,8.4,24.3,19.3,1.8,30.6,44.2,23.5,43.6,56.4,1712,11.5,52.5,1018,100.0,0.0,3435,38.9,20.9,9.1,83.6,1.9,11.0,0.0,96.0,0.0,2020
12086013400,"Census Tract 134, Miami-Dade County, Florida",62.9,3.5,79.3,1.4,1.6,9.8,31.8,42216,52589,18267,12.0,4.5,14.0,10.0,17.8,13.5,13.7,13.0,1.7,0.0,19.0,45.0,18.9,6.4,33.0,37.3,23.2,56.4,43.6,1546,6.7,64.5,1741,97.1,2.9,5707,38.4,19.7,15.0,71.5,5.9,13.3,1.5,90.7,3.0,2020
12086013500,"Census Tract 135, Miami-Dade County, Florida",53.0,1.7,63.0,1.2,0.8,19.9,26.5,34385,41277,14616,13.1,7.4,17.7,13.5,22.7,13.3,4.9,6.8,0.7,0.0,21.0,45.6,19.5,9.5,48.9,33.8,7.9,32.9,67.1,1260,13.3,54.8,1834,97.3,2.7,5803,41.9,21.4,13.8,86.2,1.5,9.0,1.4,95.6,2.2,2020
12086013600,"Census Tract 136, Miami-Dade County, Florida",58.4,6.7,64.7,1.4,0.8,17.3,26.9,37644,46951,17327,7.4,7.4,13.6,14.6,20.9,20.2,9.2,3.9,2.2,0.5,12.0,40.5,20.0,9.1,36.0,45.7,9.2,53.4,46.6,1353,15.3,55.8,2048,98.4,1.6,6066,42.7,23.9,14.1,78.9,0.4,12.1,2.6,95.2,0.9,2020
12086013700,"Census Tract 137, Miami-Dade County, Florida",58.3,2.0,60.5,0.6,2.1,18.6,25.4,40293,45420,17196,5.6,9.4,10.4,19.0,18.9,23.3,7.7,3.5,2.1,0.0,19.9,45.5,19.6,10.9,38.8,40.2,10.0,50.3,49.7,1354,6.2,47.4,2153,96.8,3.2,6177,44.7,16.0,23.3,78.7,2.2,15.4,0.0,95.6,1.5,2020
12086013801,"Census Tract 138.01, Miami-Dade County, Florida",57.0,3.3,80.6,0.0,0.0,15.2,27.9,34773,48874,16356,2.7,5.5,31.2,10.8,6.7,22.1,15.4,2.2,3.4,0.0,17.8,51.5,25.2,9.1,28.8,54.9,7.2,53.1,46.9,1590,0.9,59.3,729,97.7,2.3,2465,37.4,21.2,11.9,86.7,6.3,1.5,0.0,95.9,6.2,2020
12086013802,"Census Tract 138.02, Miami-Dade County, Florida",53.1,1.8,76.5,0.0,2.8,8.2,25.0,34135,87524,29101,5.1,4.4,32.4,10.6,8.4,19.6,9.6,3.5,1.9,4.5,21.4,57.5,20.0,13.0,49.6,30.2,7.3,18.4,81.6,1284,7.9,46.1,1677,100.0,0.0,5385,36.3,24.8,14.5,73.4,0.3,23.5,0.0,100.0,0.0,2020
12086013900,"Census Tract 139, Miami-Dade County, Florida",69.2,4.6,75.5,3.0,0.0,7.4,29.4,51437,61358,20573,3.7,2.0,6.3,9.3,25.9,29.7,12.2,7.2,2.4,1.3,10.4,28.8,11.2,0.0,20.3,49.7,30.0,67.1,32.9,1601,19.1,53.8,1409,97.4,2.6,4587,46.3,16.2,16.3,82.2,0.1,11.5,0.0,96.7,2.9,2020
12086014100,"Census Tract 141, Miami-Dade County, Florida",0.9,0.0,100.0,0.0,0.0,0.0,-999999999.0,-666666666,-999999999,3642,0.0,0.0,0.0,0.0,0.0,0.0,0.0,100.0,0.0,0.0,0.0,0.0,0.0,0.0,0.0,100.0,0.0,0.0,100.0,-666666666,0.0,0.0,14,100.0,0.0,2857,38.4,1.8,13.7,55.5,37.4,6.5,0.2,46.9,2.1,2020
12086014200,"Census Tract 142, Miami-Dade County, Florida",57.5,2.0,86.3,0.5,0.2,2.6,34.7,100975,111483,34515,1.7,0.0,3.1,6.1,7.8,12.2,17.6,30.4,6.1,14.9,2.7,24.8,7.1,0.0,23.7,45.3,31.0,91.4,8.6,2103,6.9,16.8,1422,96.6,3.4,4599,49.2,16.3,21.4,77.5,1.5,18.6,0.0,92.6,2.5,2020
12086014300,"Census Tract 143, Miami-Dade County, Florida",61.2,0.8,83.0,0.0,0.0,6.7,34.4,74817,88256,30438,9.8,1.7,8.0,4.2,7.2,19.4,11.9,24.5,7.1,6.2,10.7,11.5,11.9,2.5,27.6,46.2,23.7,94.9,5.1,2621,0.0,67.3,1082,98.7,1.3,3358,48.6,17.7,20.2,81.3,0.3,16.7,0.3,92.3,6.9,2020
12086014400,"Census Tract 144, Miami-Dade County, Florida",63.9,1.4,81.5,1.3,0.2,7.4,39.4,98654,105062,30421,1.2,3.9,0.6,7.5,11.7,16.1,10.9,33.3,4.2,10.5,7.1,11.8,21.3,0.5,29.6,48.7,21.1,64.4,35.6,1771,1.8,32.4,1443,98.4,1.6,5199,35.7,25.1,13.5,78.2,3.1,17.7,0.7,91.7,5.4,2020
12086014500,"Census Tract 145, Miami-Dade County, Florida",59.4,4.8,78.5,0.2,0.0,10.9,33.2,72125,94616,31357,3.0,2.8,7.7,1.5,13.8,21.4,18.6,13.3,8.1,9.6,6.5,12.5,9.6,1.4,18.4,49.1,31.1,90.1,9.9,1950,0.0,63.1,1300,94.7,5.3,4359,48.5,10.1,24.0,87.6,0.4,10.5,0.0,89.9,0.3,2020
12086014601,"Census Tract 146.01, Miami-Dade County, Florida",58.0,0.0,85.1,2.3,0.6,2.2,29.1,23882,37795,17001,10.1,18.5,24.0,7.6,9.2,15.3,7.3,8.0,0.0,0.0,33.4,22.3,21.6,6.3,56.9,30.7,6.1,39.6,60.4,1563,12.9,66.7,1378,95.9,4.1,3296,44.9,16.6,25.8,84.5,2.2,8.7,0.0,94.1,4.2,2020
12086014602,"Census Tract 146.02, Miami-Dade County, Florida",63.8,2.1,83.5,0.0,0.0,9.3,32.0,45833,59038,20699,2.1,3.2,9.3,21.3,21.4,16.4,15.4,3.4,7.3,0.0,6.7,13.4,12.3,1.0,44.4,19.8,34.8,51.9,48.1,1747,9.4,62.2,1497,97.4,2.6,4570,47.1,14.0,19.4,82.3,1.2,13.7,0.0,96.6,0.0,2020
12086014701,"Census Tract 147.01, Miami-Dade County, Florida",55.5,0.0,94.2,0.0,0.0,0.0,29.5,-666666666,44639,20937,6.1,11.2,30.2,6.7,7.5,19.0,10.3,7.2,1.8,0.0,6.4,15.9,6.1,24.4,34.9,24.6,16.1,59.8,40.2,1478,0.0,77.0,845,93.3,6.7,1785,51.7,13.9,30.0,77.4,0.0,11.0,10.8,88.1,2.0,2020
12086014702,"Census Tract 147.02, Miami-Dade County, Florida",66.9,0.0,88.9,0.0,0.0,1.1,36.9,88807,91098,33553,7.4,4.9,5.0,7.9,11.9,9.0,7.6,30.0,6.3,10.0,6.1,12.6,14.5,2.5,28.1,49.0,20.4,68.2,31.8,1605,0.0,69.6,1508,93.0,7.0,4172,52.5,13.1,22.7,78.9,0.0,18.0,0.0,96.8,2.6,2020
12086014800,"Census Tract 148, Miami-Dade County, Florida",55.1,7.4,86.9,0.0,0.3,1.8,35.0,40068,49542,16463,17.0,7.5,6.7,17.1,12.5,14.9,12.6,9.5,2.3,0.0,20.2,46.1,17.4,1.3,27.6,39.5,31.6,66.5,33.5,1321,2.7,59.0,1923,98.2,1.8,6430,45.4,14.6,19.4,82.3,1.6,13.4,0.7,95.7,1.5,2020
12086014900,"Census Tract 149, Miami-Dade County, Florida",57.6,2.5,84.5,0.9,0.0,9.8,35.8,74250,76328,21998,5.8,5.2,8.2,9.3,7.9,14.5,22.2,17.1,8.1,1.7,10.3,30.7,12.0,1.1,23.9,32.8,42.2,84.7,15.3,2111,13.3,60.6,1608,97.3,2.7,6242,45.3,17.4,22.4,81.7,0.1,15.8,0.0,90.6,2.2,2020
12086015001,"Census Tract 150.01, Miami-Dade County, Florida",58.4,4.0,86.0,0.7,0.0,4.6,39.0,74648,101474,32926,0.8,5.4,5.5,6.9,11.7,19.9,19.4,16.2,11.5,2.7,4.2,28.3,9.2,2.7,20.9,40.0,36.4,79.1,20.9,1871,0.0,69.5,1441,99.2,0.8,5224,49.5,10.2,28.3,84.7,2.3,12.1,0.0,95.7,2.5,2020
12086015002,"Census Tract 150.02, Miami-Dade County, Florida",62.1,6.7,94.1,0.0,0.0,2.4,34.0,86143,93846,27737,1.4,5.5,12.6,9.7,1.3,6.8,22.5,19.1,18.4,2.7,16.5,11.4,7.3,6.4,15.9,43.2,34.5,78.2,21.8,2683,0.0,69.0,1235,94.8,5.2,4235,40.1,24.9,16.7,83.9,0.1,9.6,1.6,94.5,0.9,2020
12086015101,"Census Tract 151.01, Miami-Dade County, Florida",63.7,4.7,87.3,0.0,0.6,3.4,42.1,97959,91580,29318,16.4,0.0,0.0,8.3,5.5,16.9,9.6,28.7,8.8,5.8,12.3,11.4,12.3,0.0,34.9,31.7,33.4,60.1,39.9,2206,0.0,67.3,1429,100.0,0.0,4976,38.7,21.8,7.5,85.8,0.3,4.3,1.4,83.0,3.8,2020
12086015102,"Census Tract 151.02, Miami-Dade County, Florida",68.4,1.9,82.7,0.3,0.0,3.0,40.4,89886,108700,34803,5.5,0.0,0.0,1.9,2.1,3.7,40.5,30.9,4.4,11.0,5.3,22.6,4.0,2.1,20.9,49.6,27.3,91.5,8.5,1855,0.0,0.0,838,100.0,0.0,2903,38.2,25.6,17.7,84.4,2.1,3.9,2.7,74.8,1.1,2020
12086015103,"Census Tract 151.03, Miami-Dade County, Florida",53.2,4.9,82.0,0.0,0.0,6.1,34.6,66808,116680,32239,6.2,0.0,0.0,2.1,15.2,28.4,9.0,6.8,12.5,19.9,13.9,11.3,9.0,0.0,10.4,53.3,36.3,68.9,31.1,2457,0.0,40.1,962,100.0,0.0,3653,45.2,23.4,11.6,74.3,0.1,21.8,0.4,79.0,2.2,2020
12086015201,"Census Tract 152.01, Miami-Dade County, Florida",72.2,5.7,83.9,0.1,0.0,5.3,37.9,109041,122852,35312,1.2,3.6,3.3,1.9,6.2,9.9,19.8,22.8,18.6,12.8,3.6,11.6,6.4,0.0,20.4,42.2,37.4,67.5,32.5,2282,29.9,53.8,919,97.0,3.0,3232,38.2,25.8,8.8,71.8,5.4,14.8,0.0,87.1,8.4,2020
12086015202,"Census Tract 152.02, Miami-Dade County, Florida",68.3,0.6,82.0,0.0,0.0,8.1,41.2,77750,101304,28574,1.6,1.4,2.2,12.0,10.6,15.5,18.8,24.6,6.4,7.0,7.6,12.9,13.3,2.0,14.6,50.9,32.6,76.3,23.7,2306,3.6,22.9,1160,100.0,0.0,4372,39.3,26.1,11.7,70.0,2.9,21.4,0.5,90.3,1.8,2020
12086015300,"Census Tract 153, Miami-Dade County, Florida",59.6,1.1,82.5,0.0,0.0,8.5,36.7,97878,109395,32358,7.7,1.5,3.6,8.5,8.1,8.9,16.0,16.5,19.5,9.9,5.5,14.3,3.9,2.1,17.3,39.8,40.7,87.1,12.9,2398,23.3,39.4,1803,98.3,1.7,6568,42.9,19.2,19.1,81.0,0.4,7.3,1.5,94.4,4.0,2020
12086015400,"Census Tract 154, Miami-Dade County, Florida",58.4,3.9,86.5,0.7,0.3,5.2,38.2,75473,97059,31653,3.1,6.8,4.0,10.8,5.2,19.7,15.5,17.0,8.6,9.3,13.8,17.0,10.3,6.1,18.7,41.8,33.3,90.7,9.3,1705,0.0,88.1,1747,99.3,0.7,5843,43.8,16.4,22.5,85.6,1.3,12.2,0.0,89.5,0.6,2020
12086015501,"Census Tract 155.01, Miami-Dade County, Florida",52.1,6.7,83.3,1.3,0.0,3.7,35.0,41895,74824,24875,1.3,0.9,11.3,14.1,26.8,12.9,5.8,13.9,7.2,5.7,6.3,21.9,9.9,9.5,30.9,31.8,27.9,88.4,11.6,1490,15.2,84.8,920,92.0,8.0,2829,44.8,21.2,31.7,83.2,0.8,12.2,0.0,89.2,9.1,2020
12086015502,"Census Tract 155.02, Miami-Dade County, Florida",55.6,4.2,84.9,2.2,0.0,6.9,32.6,69688,83842,27203,3.0,7.1,1.6,16.4,10.7,12.7,14.8,21.4,4.6,7.7,9.0,19.7,10.3,3.7,18.1,35.2,43.0,85.7,14.3,2603,29.0,37.0,936,98.4,1.6,3075,46.0,12.2,23.3,88.2,0.8,10.8,0.0,89.4,2.5,2020
12086015600,"Census Tract 156, Miami-Dade County, Florida",66.4,6.0,78.9,1.5,0.0,10.2,35.8,66975,86832,30280,2.5,1.2,6.0,7.3,12.8,29.1,12.9,19.7,3.4,5.2,11.4,18.3,7.3,1.2,31.1,46.4,21.4,69.9,30.1,1747,1.8,64.7,1631,95.0,5.0,4791,38.0,18.6,14.7,77.1,1.7,11.1,0.0,77.1,3.1,2020
12086015700,"Census Tract 157, Miami-Dade County, Florida",52.4,4.0,86.8,0.2,2.1,4.7,28.2,96250,156518,44552,5.5,1.7,7.6,3.4,3.7,10.6,22.6,12.4,15.8,16.7,13.2,6.2,6.5,1.3,10.7,43.6,44.4,78.8,21.2,2224,7.9,69.0,738,95.9,4.1,2637,42.7,24.2,20.0,80.7,0.6,13.4,5.1,77.0,0.8,2020
12086015800,"Census Tract 158, Miami-Dade County, Florida",58.9,4.1,85.1,0.8,1.5,8.2,34.8,52368,78135,26032,3.4,4.4,10.2,11.7,17.9,22.0,11.1,11.7,2.2,5.3,6.5,22.7,13.9,2.6,29.1,41.3,27.1,72.6,27.4,1718,9.5,53.8,1561,98.3,1.7,5000,45.7,14.8,21.8,86.8,0.1,7.6,1.7,86.0,1.2,2020
12086015900,"Census Tract 159, Miami-Dade County, Florida",57.3,6.7,86.5,0.2,0.3,4.8,37.2,58816,80214,30345,4.0,1.4,7.7,17.5,14.7,18.1,8.8,17.6,5.0,5.1,13.4,10.5,22.1,2.9,27.5,48.8,20.8,81.8,18.2,1798,50.8,39.2,1130,100.0,0.0,3229,55.3,11.7,28.5,91.0,0.1,5.7,0.6,85.1,1.1,2020
12086016000,"Census Tract 160, Miami-Dade County, Florida",60.7,4.3,84.4,0.2,0.1,5.3,38.4,50469,68357,24037,6.0,7.5,7.0,17.1,11.7,12.0,15.0,17.1,2.9,3.7,17.4,22.6,12.4,0.7,38.1,40.2,21.0,71.7,28.3,1605,6.3,65.9,1586,94.9,5.1,4648,44.9,14.9,21.3,80.3,0.6,9.7,3.9,86.0,2.5,2020
12086016100,"Census Tract 161, Miami-Dade County, Florida",67.5,3.4,79.5,4.1,0.0,8.2,40.6,89857,93751,33538,0.9,1.0,11.1,2.2,13.4,13.4,12.1,35.1,6.6,4.2,4.3,16.3,11.0,1.9,15.2,54.4,28.5,86.7,13.3,2163,5.7,38.9,1474,98.1,1.9,4565,50.2,12.0,17.6,86.4,0.2,5.5,5.0,86.8,1.9,2020
12086016200,"Census Tract 162, Miami-Dade County, Florida",60.8,2.1,88.2,1.3,0.1,3.5,44.2,74009,86841,31672,3.7,2.0,11.3,5.8,11.6,16.7,11.7,25.3,6.5,5.3,10.1,14.1,5.7,4.3,25.7,47.9,22.2,85.2,14.8,1860,0.0,72.9,1136,92.2,7.8,3183,47.7,14.6,24.8,79.1,1.4,12.3,4.2,84.3,5.0,2020
12086016300,"Census Tract 163, Miami-Dade County, Florida",58.6,2.5,77.3,1.1,0.0,4.8,39.6,94352,110415,35394,1.4,3.3,7.5,0.7,17.6,12.4,13.4,21.2,12.1,10.5,12.6,19.3,8.1,0.3,13.7,41.7,44.2,94.2,5.8,2246,16.0,32.1,1499,97.3,2.7,4706,44.9,17.4,22.3,73.3,0.3,7.6,0.4,89.9,3.4,2020
12086016401,"Census Tract 164.01, Miami-Dade County, Florida",63.3,0.8,87.7,1.0,0.0,4.0,39.4,104313,117755,33092,0.9,0.9,1.1,1.7,8.7,14.8,18.8,29.2,13.7,10.2,5.0,7.8,2.9,1.8,21.5,47.9,28.8,95.5,4.5,2417,0.0,73.3,1355,98.0,2.0,4898,40.5,22.3,16.1,75.1,0.1,17.0,1.3,86.4,3.5,2020
12086016402,"Census Tract 164.02, Miami-Dade County, Florida",60.1,0.4,89.2,0.0,0.0,4.0,40.1,76352,92227,27950,7.5,5.2,2.0,3.1,2.3,25.9,14.4,20.2,12.1,7.4,7.3,9.5,3.1,0.0,14.9,54.5,30.6,95.1,4.9,2350,0.0,59.4,653,100.0,0.0,2261,42.6,25.8,13.0,78.0,7.5,7.3,2.5,88.1,3.8,2020
12086016501,"Census Tract 165.01, Miami-Dade County, Florida",56.6,3.1,71.9,1.0,0.0,0.9,43.5,105125,99204,29267,2.6,11.1,12.1,0.0,1.4,9.1,13.5,31.4,7.4,11.3,20.0,7.7,4.1,0.8,15.9,45.9,37.4,93.5,6.5,-666666666,0.0,0.0,919,100.0,0.0,3349,41.5,15.5,17.7,78.9,0.4,19.8,0.4,86.5,5.7,2020
12086016502,"Census Tract 165.02, Miami-Dade County, Florida",60.2,3.4,91.2,0.7,0.0,2.1,40.2,106765,118568,32292,6.6,1.3,3.9,2.2,2.5,7.5,20.5,26.6,19.7,9.2,11.3,5.2,6.5,0.0,4.4,61.3,34.3,78.2,21.8,2146,0.0,60.5,1433,99.0,1.0,5575,36.7,26.9,8.3,78.3,5.9,14.0,0.3,82.9,3.2,2020
12086016600,"Census Tract 166, Miami-Dade County, Florida",64.4,1.2,87.8,1.7,0.4,4.6,38.4,82778,77688,32259,6.8,2.9,6.2,4.4,7.2,16.7,37.4,9.1,6.4,2.9,11.7,15.0,7.0,1.3,44.3,39.0,15.4,90.0,10.0,1441,0.0,15.4,1381,98.0,2.0,3578,44.4,13.1,15.2,77.1,1.3,20.9,0.0,95.5,3.4,2020
12086016700,"Census Tract 167, Miami-Dade County, Florida",59.0,3.8,85.6,0.5,0.0,6.6,48.6,70417,81224,25484,1.5,0.0,9.9,6.1,19.1,20.5,17.2,11.8,10.4,3.5,8.3,15.9,15.8,0.0,20.7,44.7,34.7,76.9,23.1,2143,3.6,69.1,1359,100.0,0.0,4808,47.2,15.8,17.5,77.2,2.0,13.1,1.9,91.3,1.3,2020
12086016800,"Census Tract 168, Miami-Dade County, Florida",61.9,7.8,95.6,0.0,0.0,2.7,36.0,66504,106915,34060,9.7,0.8,6.7,5.9,8.9,22.1,9.5,17.4,7.4,11.7,9.4,24.7,12.6,1.0,36.1,35.2,27.7,83.5,16.5,1782,4.4,68.1,1266,97.7,2.3,4108,37.9,15.9,19.2,85.2,0.0,11.9,1.8,86.2,2.8,2020
12086016900,"Census Tract 169, Miami-Dade County, Florida",59.1,7.9,88.7,0.6,0.0,2.3,39.5,58617,57331,24089,6.0,7.0,8.8,11.8,10.2,35.0,7.8,10.4,2.0,1.1,9.8,24.6,14.4,3.6,45.9,38.6,11.9,61.8,38.2,1580,7.8,59.9,1742,96.3,3.7,4222,44.8,18.2,22.5,85.5,3.4,10.7,0.0,88.5,2.6,2020
12086017000,"Census Tract 170, Miami-Dade County, Florida",67.3,2.4,84.9,1.0,0.0,3.9,32.9,52168,70900,27235,5.9,1.9,6.7,7.2,23.1,19.6,13.2,15.5,5.0,1.9,10.0,19.8,15.0,1.2,27.9,49.5,21.4,65.7,34.3,1707,11.8,52.8,1912,98.6,1.4,5345,45.9,14.8,20.1,75.5,0.7,17.5,0.3,94.1,1.3,2020
12086017101,"Census Tract 171.01, Miami-Dade County, Florida",61.3,2.2,97.5,0.5,0.0,1.3,37.4,39549,56707,24035,18.1,3.8,10.7,10.7,16.2,13.7,3.7,16.3,6.8,0.0,20.7,14.1,8.7,0.9,37.6,46.4,15.0,50.5,49.5,1583,0.0,69.7,1440,95.7,4.3,3693,43.1,15.9,14.6,80.3,2.1,13.1,1.8,90.9,2.1,2020
12086017102,"Census Tract 171.02, Miami-Dade County, Florida",67.5,2.5,94.2,0.0,0.0,4.5,25.9,59699,72643,24343,12.1,0.0,6.9,4.5,6.1,34.2,13.5,15.1,4.4,3.2,13.8,18.7,7.5,5.5,20.3,63.9,10.3,52.1,47.9,1491,2.4,39.8,868,100.0,0.0,2975,37.8,27.4,10.4,81.1,1.7,17.2,0.0,73.2,1.6,2020
12086017200,"Census Tract 172, Miami-Dade County, Florida",56.3,3.8,79.2,1.7,0.0,10.0,41.0,85938,92723,29606,22.1,1.2,2.0,2.5,2.1,12.9,9.1,31.4,10.5,6.2,8.8,16.1,11.9,0.7,26.6,35.4,37.3,81.1,18.9,2235,8.5,41.5,1259,96.4,3.6,4090,42.4,18.3,22.0,89.4,3.2,7.1,0.4,84.8,2.2,2020
12086017300,"Census Tract 173, Miami-Dade County, Florida",60.7,3.1,87.8,2.3,0.0,0.5,32.9,43919,64025,24382,9.8,3.2,17.2,11.1,14.4,11.4,7.0,20.1,4.7,1.1,15.5,18.3,14.4,2.1,38.1,43.1,16.7,39.6,60.4,1450,1.2,59.5,1661,95.5,4.5,4567,46.6,14.3,18.0,72.1,5.4,16.6,0.3,80.0,2.1,2020
12086017401,"Census Tract 174.01, Miami-Dade County, Florida",43.7,18.0,82.8,5.5,0.0,0.0,41.5,98819,96222,29695,3.2,3.6,1.3,0.0,23.1,14.9,7.6,31.1,9.5,5.9,3.5,2.5,2.0,1.1,14.7,43.5,40.8,88.2,11.8,-666666666,0.0,0.0,476,100.0,0.0,1600,43.4,18.7,12.4,89.3,0.0,10.8,0.0,70.6,4.2,2020
12086017402,"Census Tract 174.02, Miami-Dade County, Florida",55.1,3.6,85.5,1.9,0.5,4.9,37.9,47109,60124,22863,9.0,20.3,6.6,11.3,5.9,12.3,16.0,11.0,3.0,4.7,23.5,27.3,13.0,3.5,34.7,46.3,15.4,54.0,46.0,1390,3.3,56.8,1911,97.9,2.1,5053,45.0,19.9,20.0,85.7,0.4,10.9,2.7,78.3,3.9,2020
12086017500,"Census Tract 175, Miami-Dade County, Florida",56.1,5.8,86.2,1.7,0.3,5.0,36.9,35526,54295,19439,16.6,5.7,16.6,9.8,8.2,16.0,12.1,10.3,2.0,2.6,21.1,45.9,11.4,14.9,35.9,38.9,10.3,36.2,63.8,1026,15.9,51.7,1378,96.5,3.5,4059,36.8,23.7,19.3,80.9,0.0,14.4,0.0,94.5,1.0,2020
12086017600,"Census Tract 176, Miami-Dade County, Florida",68.1,2.0,91.8,0.9,0.3,3.2,39.7,56269,64506,23949,4.3,14.6,4.3,12.4,8.5,25.1,14.3,6.1,9.2,1.3,23.4,16.6,17.4,2.7,27.5,55.0,14.8,35.6,64.4,1695,5.8,46.9,2717,94.3,5.7,7699,34.9,20.8,10.5,72.2,1.3,12.5,10.8,80.8,1.4,2020
12086017700,"Census Tract 177, Miami-Dade County, Florida",61.4,3.1,84.1,3.2,0.4,3.1,36.7,57579,63727,22401,10.0,2.9,16.9,5.4,6.7,27.2,14.2,9.1,5.2,2.3,12.5,23.0,15.3,4.7,36.5,40.8,17.9,42.6,57.4,1371,14.8,49.3,1547,92.6,7.4,4602,43.2,11.7,11.7,72.7,2.2,17.5,0.6,89.0,2.3,2020
12086017800,"Census Tract 178, Miami-Dade County, Florida",66.6,4.0,87.8,2.3,2.9,3.1,37.2,48864,54317,20275,5.1,7.1,10.6,10.9,16.7,19.9,21.9,3.9,3.8,0.0,21.7,38.4,19.8,6.4,48.0,36.2,9.3,27.3,72.7,1408,9.2,53.8,2132,96.9,3.1,6349,40.3,18.5,15.2,83.6,0.5,15.3,0.0,97.4,2.7,2020
12086017901,"Census Tract 179.01, Miami-Dade County, Florida",69.6,2.5,89.2,0.0,1.5,0.0,45.7,86058,90553,28829,2.7,5.7,1.2,0.4,6.6,22.2,22.9,22.9,15.3,0.0,2.4,7.6,9.3,3.2,20.3,35.5,41.0,84.9,15.1,2247,0.0,69.5,1167,100.0,0.0,3938,39.4,22.1,13.0,83.8,1.1,0.9,4.8,89.6,0.3,2020
12086017902,"Census Tract 179.02, Miami-Dade County, Florida",68.1,3.1,86.2,2.0,0.0,4.1,34.7,87942,88764,29481,4.8,5.6,7.2,3.5,7.4,10.2,21.7,24.8,12.3,2.6,12.9,4.5,10.0,0.0,18.9,47.8,33.3,97.8,2.2,-666666666,0.0,0.0,1359,97.2,2.8,4572,47.3,15.3,15.1,74.8,2.9,16.7,3.8,80.2,1.6,2020
12086018001,"Census Tract 180.01, Miami-Dade County, Florida",59.1,12.1,78.4,0.0,0.0,11.8,28.8,119205,120813,28086,0.0,0.0,4.6,0.0,10.7,0.0,28.8,29.9,15.5,10.5,0.0,21.9,0.0,0.0,17.1,57.1,25.8,95.4,4.6,-666666666,-666666666.0,-666666666.0,558,78.5,21.5,2015,27.5,33.0,6.3,86.2,3.7,3.3,2.4,88.4,3.1,2020
12086018002,"Census Tract 180.02, Miami-Dade County, Florida",64.9,5.7,78.8,0.8,0.0,1.8,46.6,86299,105257,33665,5.1,0.0,3.2,5.8,12.5,14.9,13.3,22.0,16.0,7.1,9.9,7.4,15.9,0.0,15.2,62.9,21.9,76.3,23.7,2019,17.9,44.2,758,100.0,0.0,2647,36.7,19.8,11.6,76.7,10.5,4.2,2.9,79.9,1.0,2020
12086018003,"Census Tract 180.03, Miami-Dade County, Florida",56.0,3.6,82.1,1.8,1.2,6.7,39.9,85814,109597,26758,7.1,1.8,0.0,15.3,4.2,11.9,14.2,30.0,1.5,13.9,18.5,15.4,10.6,0.6,18.9,51.5,29.0,54.7,45.3,2149,16.8,53.5,2182,96.0,4.0,9097,31.6,29.1,8.1,64.7,3.3,25.5,0.7,86.7,2.9,2020
12086018100,"Census Tract 181, Miami-Dade County, Florida",56.8,3.8,84.6,1.5,0.7,1.4,43.4,52500,67501,23036,8.5,4.9,15.7,6.2,8.1,17.4,16.6,13.9,7.3,1.5,17.6,23.9,15.2,4.9,30.8,39.9,24.4,61.0,39.0,1637,4.3,59.3,1646,98.8,1.2,5305,44.5,16.8,16.8,71.7,0.6,12.7,0.0,83.8,2.4,2020
12086018200,"Census Tract 182, Miami-Dade County, Florida",61.7,4.3,93.9,1.4,0.0,1.8,38.9,79500,83997,23163,3.6,1.3,1.5,14.7,10.1,13.5,26.3,17.5,7.3,4.2,9.9,28.4,16.8,2.0,27.1,44.3,26.7,61.8,38.2,1727,14.0,46.7,790,95.4,4.6,3070,40.3,24.9,14.0,71.2,3.7,10.4,3.1,85.1,2.9,2020
12086018300,"Census Tract 183, Miami-Dade County, Florida",63.8,1.8,81.5,7.2,0.0,2.0,48.4,69766,80991,22176,1.8,3.0,3.1,12.9,11.7,24.8,17.8,15.5,3.8,5.8,5.1,24.8,12.9,2.8,22.4,44.2,30.6,63.9,36.1,1928,9.5,52.0,1304,100.0,0.0,5300,44.1,16.8,19.7,70.8,2.3,1.6,6.8,69.8,0.5,2020
12086018400,"Census Tract 184, Miami-Dade County, Florida",67.0,3.7,75.1,4.1,0.0,3.2,35.3,52399,65209,26245,2.8,7.4,8.8,11.1,17.5,23.7,13.0,6.7,5.7,3.4,13.3,21.0,8.4,4.9,47.4,34.5,13.3,44.4,55.6,1627,10.4,72.6,1649,88.4,11.6,3843,37.8,18.5,12.8,69.9,2.3,12.8,2.6,79.2,2.9,2020
12086018500,"Census Tract 185, Miami-Dade County, Florida",68.9,3.2,79.7,2.5,1.4,4.2,39.7,57614,84373,30706,3.0,0.4,21.3,6.4,16.0,10.4,8.0,14.7,17.2,2.6,10.3,9.0,12.5,5.3,39.3,28.0,27.4,42.2,57.8,1721,6.3,65.8,1684,94.5,5.5,4543,37.8,20.1,11.4,59.0,6.9,11.2,2.0,81.6,7.9,2020
12086018601,"Census Tract 186.01, Miami-Dade County, Florida",64.3,0.6,84.9,4.6,0.0,1.6,30.2,80625,84449,23749,4.4,0.0,0.0,5.4,4.4,30.7,22.4,29.5,2.6,0.5,2.6,11.9,9.4,0.6,27.8,42.3,29.4,73.7,26.3,2404,10.6,58.8,1181,100.0,0.0,4785,32.9,29.2,11.2,62.8,15.9,20.2,0.0,77.0,1.1,2020
12086018602,"Census Tract 186.02, Miami-Dade County, Florida",55.4,7.4,83.5,0.7,0.2,7.8,32.9,73824,78019,22024,5.9,1.8,1.3,6.9,7.5,28.2,25.5,15.2,7.9,0.0,9.1,31.8,12.9,1.0,26.1,40.6,32.3,57.5,42.5,1455,8.9,52.9,1218,91.0,9.0,4518,42.2,17.4,19.9,86.5,5.4,3.4,0.0,85.7,2.0,2020
12086018700,"Census Tract 187, Miami-Dade County, Florida",59.0,1.7,80.1,1.3,0.6,3.7,30.2,79688,88654,24862,2.7,1.1,6.4,10.0,14.1,14.6,18.9,13.4,13.0,5.9,6.3,9.1,7.8,1.8,19.4,35.3,43.5,85.3,14.7,2163,0.0,81.4,1240,97.7,2.3,4801,43.5,21.9,18.0,71.5,1.6,18.3,3.8,79.5,4.4,2020
12086018801,"Census Tract 188.01, Miami-Dade County, Florida",62.9,0.0,79.9,1.6,0.0,6.8,28.8,107685,108851,32736,7.0,1.5,12.5,10.0,5.9,7.7,3.9,27.3,3.2,21.1,16.2,6.1,16.1,3.4,12.7,32.2,51.7,77.4,22.6,2130,0.0,80.9,818,100.0,0.0,2896,46.4,15.7,24.2,84.7,1.1,0.3,12.0,50.9,0.1,2020
12086018802,"Census Tract 188.02, Miami-Dade County, Florida",64.4,2.5,80.1,0.0,0.0,4.7,41.0,52382,59976,25891,14.5,9.1,8.1,5.4,7.2,30.7,7.2,6.2,11.4,0.0,24.8,12.8,14.6,0.0,65.4,26.1,8.5,21.0,79.0,1671,2.1,61.8,941,95.7,4.3,2251,39.5,20.4,18.3,90.2,4.5,0.8,2.0,64.1,6.0,2020
12086018803,"Census Tract 188.03, Miami-Dade County, Florida",68.2,0.8,89.7,4.3,0.0,4.0,37.6,57060,70845,24887,15.7,2.6,4.5,12.1,6.0,15.7,17.3,9.4,15.3,1.6,20.9,17.1,19.3,4.6,23.1,57.5,14.9,57.5,42.5,1654,0.0,68.4,1255,99.7,0.3,3600,34.0,30.9,8.0,79.9,2.8,8.3,1.5,61.0,2.0,2020
12086018901,"Census Tract 189.01, Miami-Dade County, Florida",70.4,4.1,76.3,2.3,0.0,7.0,32.1,96049,114229,36784,1.4,0.6,1.2,7.1,3.0,12.4,34.6,24.0,5.4,10.1,1.1,15.6,12.6,4.3,26.0,50.4,19.3,88.2,11.8,1918,4.7,19.7,1098,98.1,1.9,3529,38.1,25.4,14.3,90.8,4.4,1.4,0.0,61.4,5.2,2020
12086018902,"Census Tract 189.02, Miami-Dade County, Florida",66.7,0.4,78.3,2.0,0.0,6.6,30.5,73938,99647,34725,1.1,0.0,9.1,4.3,15.9,21.1,11.5,12.3,11.2,13.4,3.1,2.3,6.0,0.0,14.5,66.2,19.3,93.0,7.0,-666666666,0.0,100.0,1074,100.0,0.0,3443,47.0,20.5,22.7,55.1,5.5,18.1,11.0,62.5,1.2,2020
12086019000,"Census Tract 190, Miami-Dade County, Florida",63.5,4.6,78.9,2.6,0.4,8.6,33.1,73025,86177,29197,7.5,4.1,5.3,6.5,10.4,19.0,15.0,16.3,10.6,5.2,13.5,9.6,14.0,3.6,25.5,43.2,27.7,77.2,22.8,1683,8.6,44.4,2019,95.4,4.6,5942,40.6,20.3,15.7,73.7,4.5,16.4,2.7,69.4,1.5,2020
12086019100,"Census Tract 191, Miami-Dade County, Florida",58.0,1.1,86.9,1.5,0.1,4.5,24.0,53072,82899,35326,12.1,13.4,6.9,9.0,5.1,11.8,14.4,13.7,4.7,8.6,20.1,8.6,12.5,5.5,36.0,46.7,11.8,53.9,46.1,1738,4.3,48.1,2106,93.0,7.0,4914,47.5,13.0,27.6,80.9,1.1,13.7,0.5,72.6,3.6,2020
12086019200,"Census Tract 192, Miami-Dade County, Florida",61.5,3.4,84.3,0.6,0.2,8.1,31.8,72571,80620,26585,8.5,0.4,7.8,7.4,7.6,20.5,10.6,25.4,10.7,1.2,12.0,9.2,7.9,3.4,26.8,48.7,21.2,76.1,23.9,1642,15.5,46.5,1699,96.4,3.6,5274,39.0,26.4,14.6,86.7,1.9,5.8,2.4,57.5,1.8,2020
12086019301,"Census Tract 193.01, Miami-Dade County, Florida",62.9,2.2,89.1,0.9,0.0,2.9,32.8,69118,82995,28999,0.0,4.6,9.7,12.7,10.9,13.8,20.0,10.7,16.1,1.5,9.9,10.9,12.6,0.0,35.1,51.8,13.1,72.0,28.0,1708,0.0,58.0,826,89.6,10.4,2427,39.4,25.2,8.5,77.0,12.6,5.9,1.2,52.4,6.5,2020
12086019302,"Census Tract 193.02, Miami-Dade County, Florida",61.6,1.6,88.5,1.2,0.0,2.2,30.5,65114,76703,28325,9.1,5.3,9.4,1.3,13.5,21.4,12.5,16.4,6.3,5.0,14.5,7.7,9.5,0.0,38.7,42.2,19.1,52.0,48.0,1779,4.2,58.5,1714,90.4,9.6,4417,35.9,20.5,8.9,64.3,9.4,13.6,3.4,57.4,2.2,2020
12086019401,"Census Tract 194.01, Miami-Dade County, Florida",68.0,1.3,64.2,0.4,0.9,8.2,36.2,77482,110280,33998,2.2,4.6,8.9,4.1,8.9,13.2,19.2,7.0,19.1,12.8,13.3,6.8,12.2,4.6,19.1,53.0,23.2,76.4,23.6,2405,0.0,75.9,904,96.1,3.9,2967,38.1,22.1,18.5,90.4,6.1,0.0,3.3,51.7,0.5,2020
12086019402,"Census Tract 194.02, Miami-Dade County, Florida",63.9,6.5,85.7,1.3,2.8,5.4,30.2,69914,80069,23594,8.1,0.0,6.3,12.4,5.3,21.0,16.4,19.5,7.2,3.7,24.4,3.4,9.1,0.8,22.0,47.0,30.2,56.0,44.0,2120,7.6,63.6,1674,94.3,5.7,5568,32.1,30.0,6.2,77.0,4.9,9.4,3.6,62.2,7.5,2020
12086019501,"Census Tract 195.01, Miami-Dade County, Florida",66.2,2.3,78.7,0.7,0.0,2.9,38.3,80447,98455,32151,0.0,0.0,1.6,13.2,7.3,22.0,15.7,22.5,6.7,10.9,7.3,9.7,2.7,6.8,19.6,50.9,22.7,75.9,24.1,1235,0.0,39.7,1267,97.4,2.6,3972,42.1,20.5,10.9,83.1,3.9,4.7,3.4,73.7,3.2,2020
12086019502,"Census Tract 195.02, Miami-Dade County, Florida",55.4,0.6,86.9,0.0,0.0,5.1,36.0,80000,91401,26127,2.2,3.2,0.0,0.6,16.2,22.6,19.8,21.6,7.2,6.6,9.2,21.2,6.9,8.6,16.0,36.8,38.7,88.6,11.4,1959,63.4,36.6,1178,100.0,0.0,4382,44.9,14.7,14.4,61.0,7.0,15.7,4.0,77.9,2.1,2020
12086019600,"Census Tract 196, Miami-Dade County, Florida",66.3,1.0,86.8,4.0,0.0,3.8,42.0,102647,111707,31283,2.4,8.6,7.1,2.3,3.7,9.6,16.0,17.7,22.7,9.8,9.1,4.5,8.6,0.0,14.0,57.6,28.4,82.4,17.6,2312,12.2,78.4,1745,98.8,1.2,6477,35.7,28.3,8.6,58.0,7.6,8.3,9.1,75.3,3.5,2020
12086019700,"Census Tract 197, Miami-Dade County, Florida",56.2,1.1,88.3,0.0,0.0,4.6,38.9,80580,95202,28474,1.2,2.0,3.2,10.3,14.2,12.8,19.1,20.9,10.0,6.1,5.1,8.0,5.5,0.8,7.0,53.3,39.0,90.7,9.3,2394,0.0,89.1,1097,96.2,3.8,3717,40.3,24.9,14.8,71.0,11.8,11.3,1.1,66.6,2.3,2020
12086019801,"Census Tract 198.01, Miami-Dade County, Florida",61.3,8.6,80.1,0.8,0.0,7.0,40.5,89375,113485,29724,0.0,1.8,4.5,4.7,9.8,20.0,13.6,29.6,10.0,6.0,4.4,20.4,6.5,0.0,6.6,47.7,45.7,86.5,13.5,2449,0.0,63.4,1357,100.0,0.0,5594,35.4,24.9,16.8,81.0,4.4,10.0,0.4,78.0,2.1,2020
12086019802,"Census Tract 198.02, Miami-Dade County, Florida",67.1,0.8,80.9,2.3,0.0,3.8,47.7,120515,109782,32791,0.0,0.0,0.0,8.9,7.7,9.9,12.8,43.5,11.6,5.6,6.3,7.5,10.3,0.8,12.4,49.3,37.6,91.9,8.1,2162,11.4,0.0,1512,100.0,0.0,4702,43.2,21.2,22.0,66.9,4.7,10.0,0.0,83.4,3.4,2020
12086019901,"Census Tract 199.01, Miami-Dade County, Florida",53.3,6.9,83.3,0.8,1.9,7.6,47.3,56750,60392,18948,14.5,4.8,12.9,6.9,10.0,19.5,13.5,16.0,0.0,1.8,27.2,15.4,19.8,0.0,19.2,40.1,40.7,70.4,29.6,2583,0.0,91.7,1245,96.1,3.9,4353,32.3,25.0,14.6,66.1,7.7,12.1,7.2,59.8,2.5,2020
12086019902,"Census Tract 199.02, Miami-Dade County, Florida",63.0,2.2,75.9,0.3,0.4,2.9,45.7,64074,73765,21908,2.4,0.6,5.9,4.8,8.2,42.1,12.7,20.4,1.4,1.4,2.9,24.5,8.6,2.2,21.2,51.7,25.0,63.8,36.2,1801,7.2,42.7,2104,98.4,1.6,7464,35.0,27.0,12.8,64.5,9.0,19.3,3.6,85.7,2.5,2020
12086020001,"Census Tract 200.01, Miami-Dade County, Florida",47.3,7.9,71.8,3.8,0.0,2.5,39.9,101023,89131,23776,5.0,5.8,6.4,5.4,11.8,14.3,0.6,44.3,2.3,4.2,10.7,27.6,16.8,4.8,11.4,50.9,32.9,79.8,20.2,-666666666,0.0,0.0,573,90.6,9.4,2084,44.0,14.3,20.5,81.0,4.8,0.0,0.0,90.8,4.8,2020
12086020002,"Census Tract 200.02, Miami-Dade County, Florida",53.7,3.4,79.7,0.0,0.0,9.4,39.8,88086,98477,28246,4.3,0.0,1.2,8.8,26.8,6.1,8.3,29.1,8.8,6.6,15.5,4.3,11.2,0.0,5.2,56.4,38.4,83.7,16.3,2422,0.0,0.0,1508,94.8,5.2,5108,43.3,20.7,23.5,69.9,11.1,7.5,0.0,68.5,11.4,2020
12086020100,"Census Tract 201, Miami-Dade County, Florida",49.0,7.2,80.3,5.3,0.0,4.7,43.1,74000,96345,24195,1.6,3.8,6.3,12.3,7.6,18.7,16.5,12.6,10.7,9.9,20.1,24.0,6.7,0.9,30.3,37.3,31.5,83.3,16.7,1893,0.0,50.0,1126,100.0,0.0,4785,48.0,14.5,27.5,65.4,6.2,3.5,1.8,73.8,6.8,2020
12086020200,"Census Tract 202, Miami-Dade County, Florida",43.8,1.1,88.0,1.2,1.3,1.7,35.5,44399,56475,16120,5.2,4.5,18.8,6.5,17.6,23.2,7.3,12.8,3.3,0.8,14.6,35.7,18.4,6.8,32.8,40.3,20.0,49.2,50.8,1306,10.1,45.5,1214,98.7,1.3,4818,44.0,12.5,14.9,65.9,9.2,14.9,0.7,82.9,13.1,2020
12086020300,"Census Tract 203, Miami-Dade County, Florida",54.8,6.9,87.6,0.8,0.1,3.6,44.9,57083,65423,21395,5.8,1.8,6.4,10.0,15.7,31.0,12.9,11.3,4.7,0.5,13.6,25.8,21.3,2.6,21.1,40.4,36.0,80.0,20.0,1582,4.4,67.6,988,97.6,2.4,3314,44.9,16.8,19.1,68.3,8.8,10.9,0.6,80.3,4.6,2020
12086490100,"Census Tract 4901, Miami-Dade County, Florida",69.4,2.1,89.4,2.5,1.6,1.7,27.6,63931,76838,28438,5.0,4.3,8.0,11.1,7.4,28.3,21.6,9.3,2.9,2.1,5.1,29.9,12.3,6.0,28.9,46.4,18.6,49.5,50.5,1166,5.0,26.5,539,95.5,4.5,1637,48.4,8.1,22.1,76.5,4.5,16.6,2.3,93.5,0.0,2020
12086980100,"Census Tract 9801, Miami-Dade County, Florida",-666666666.0,-666666666.0,-666666666.0,-666666666.0,-666666666.0,-666666666.0,-666666666.0,-666666666,-666666666,-666666666,-666666666.0,-666666666.0,-666666666.0,-666666666.0,-666666666.0,-666666666.0,-666666666.0,-666666666.0,-666666666.0,-666666666.0,-666666666.0,-666666666.0,-666666666.0,-666666666.0,-666666666.0,-666666666.0,-666666666.0,-666666666.0,-666666666.0,-666666666,-666666666.0,-666666666.0,0,-666666666.0,-666666666.0,0,-666666666.0,-666666666.0,-666666666.0,-666666666.0,-666666666.0,-666666666.0,-666666666.0,-666666666.0,-666666666.0,2020
12086980200,"Census Tract 9802, Miami-Dade County, Florida",-666666666.0,-666666666.0,-666666666.0,-666666666.0,-666666666.0,-666666666.0,-666666666.0,-666666666,-666666666,-666666666,-666666666.0,-666666666.0,-666666666.0,-666666666.0,-666666666.0,-666666666.0,-666666666.0,-666666666.0,-666666666.0,-666666666.0,-666666666.0,-666666666.0,-666666666.0,-666666666.0,-666666666.0,-666666666.0,-666666666.0,-666666666.0,-666666666.0,-666666666,-666666666.0,-666666666.0,0,-666666666.0,-666666666.0,0,-666666666.0,-666666666.0,-666666666.0,-666666666.0,-666666666.0,-666666666.0,-666666666.0,-666666666.0,-666666666.0,2020
12086980300,"Census Tract 9803, Miami-Dade County, Florida",24.9,20.2,33.4,8.5,37.7,16.2,12.7,-666666666,-999999999,2535,0.0,0.0,0.0,0.0,0.0,0.0,100.0,0.0,0.0,0.0,85.0,0.0,10.0,0.0,0.0,100.0,0.0,0.0,100.0,-666666666,100.0,0.0,11,27.3,72.7,4653,19.7,1.4,0.1,75.3,12.9,2.3,9.0,12.2,2.5,2020
12086980400,"Census Tract 9804, Miami-Dade County, Florida",-666666666.0,-666666666.0,-666666666.0,-666666666.0,-666666666.0,-666666666.0,-666666666.0,-666666666,-666666666,-666666666,-666666666.0,-666666666.0,-666666666.0,-666666666.0,-666666666.0,-666666666.0,-666666666.0,-666666666.0,-666666666.0,-666666666.0,-666666666.0,-666666666.0,-666666666.0,-666666666.0,-666666666.0,-666666666.0,-666666666.0,-666666666.0,-666666666.0,-666666666,-666666666.0,-666666666.0,0,-666666666.0,-666666666.0,0,-666666666.0,-666666666.0,-666666666.0,-666666666.0,-666666666.0,-666666666.0,-666666666.0,-666666666.0,-666666666.0,2020
12086980500,"Census Tract 9805, Miami-Dade County, Florida",93.2,0.0,100.0,0.0,0.0,0.0,-999999999.0,62857,49892,31195,12.5,0.0,0.0,0.0,29.2,58.3,0.0,0.0,0.0,0.0,6.8,12.5,45.5,0.0,41.7,58.3,0.0,0.0,100.0,1161,0.0,41.7,48,50.0,50.0,44,43.1,0.0,6.8,0.0,0.0,100.0,0.0,100.0,0.0,2020
12086980600,"Census Tract 9806, Miami-Dade County, Florida",-666666666.0,-666666666.0,-666666666.0,-666666666.0,-666666666.0,-666666666.0,-666666666.0,-666666666,-666666666,-666666666,-666666666.0,-666666666.0,-666666666.0,-666666666.0,-666666666.0,-666666666.0,-666666666.0,-666666666.0,-666666666.0,-666666666.0,-666666666.0,-666666666.0,-666666666.0,-666666666.0,-666666666.0,-666666666.0,-666666666.0,-666666666.0,-666666666.0,-666666666,-666666666.0,-666666666.0,0,-666666666.0,-666666666.0,0,-666666666.0,-666666666.0,-666666666.0,-666666666.0,-666666666.0,-666666666.0,-666666666.0,-666666666.0,-666666666.0,2020
12086980700,"Census Tract 9807, Miami-Dade County, Florida",21.8,48.0,25.0,37.5,17.0,3.6,36.6,-666666666,15121,4859,55.2,10.4,3.1,15.6,15.6,0.0,0.0,0.0,0.0,0.0,87.1,96.9,12.2,65.6,18.8,15.6,0.0,0.0,100.0,-666666666,0.0,72.9,96,100.0,0.0,725,22.1,35.4,8.4,45.5,46.8,7.4,0.0,35.0,3.0,2020
12086980800,"Census Tract 9808, Miami-Dade County, Florida",-666666666.0,-666666666.0,-666666666.0,-666666666.0,-666666666.0,-666666666.0,-666666666.0,-666666666,-666666666,-666666666,-666666666.0,-666666666.0,-666666666.0,-666666666.0,-666666666.0,-666666666.0,-666666666.0,-666666666.0,-666666666.0,-666666666.0,-666666666.0,-666666666.0,-666666666.0,-666666666.0,-666666666.0,-666666666.0,-666666666.0,-666666666.0,-666666666.0,-666666666,-666666666.0,-666666666.0,0,-666666666.0,-666666666.0,0,-666666666.0,-666666666.0,-666666666.0,-666666666.0,-666666666.0,-666666666.0,-666666666.0,-666666666.0,-666666666.0,2020
12086980900,"Census Tract 9809, Miami-Dade County, Florida",-666666666.0,-666666666.0,-666666666.0,-666666666.0,-666666666.0,-666666666.0,-666666666.0,-666666666,-666666666,-666666666,-666666666.0,-666666666.0,-666666666.0,-666666666.0,-666666666.0,-666666666.0,-666666666.0,-666666666.0,-666666666.0,-666666666.0,-666666666.0,-666666666.0,-666666666.0,-666666666.0,-666666666.0,-666666666.0,-666666666.0,-666666666.0,-666666666.0,-666666666,-666666666.0,-666666666.0,0,-666666666.0,-666666666.0,0,-666666666.0,-666666666.0,-666666666.0,-666666666.0,-666666666.0,-666666666.0,-666666666.0,-666666666.0,-666666666.0,2020
12086981000,"Census Tract 9810, Miami-Dade County, Florida",-666666666.0,-666666666.0,-666666666.0,-666666666.0,-666666666.0,-666666666.0,-666666666.0,-666666666,-666666666,-666666666,-666666666.0,-666666666.0,-666666666.0,-666666666.0,-666666666.0,-666666666.0,-666666666.0,-666666666.0,-666666666.0,-666666666.0,-666666666.0,-666666666.0,-666666666.0,-666666666.0,-666666666.0,-666666666.0,-666666666.0,-666666666.0,-666666666.0,-666666666,-666666666.0,-666666666.0,0,-666666666.0,-666666666.0,0,-666666666.0,-666666666.0,-666666666.0,-666666666.0,-666666666.0,-666666666.0,-666666666.0,-666666666.0,-666666666.0,2020
12086981100,"Census Tract 9811, Miami-Dade County, Florida",50.0,0.0,46.2,0.0,0.0,0.0,-999999999.0,-666666666,-999999999,21942,0.0,0.0,0.0,0.0,100.0,0.0,0.0,0.0,0.0,0.0,0.0,53.8,46.2,46.2,53.8,0.0,0.0,0.0,100.0,-666666666,46.2,0.0,13,100.0,0.0,26,68.2,0.0,53.8,100.0,0.0,0.0,0.0,80.8,0.0,2020
12086981200,"Census Tract 9812, Miami-Dade County, Florida",-666666666.0,-666666666.0,-666666666.0,-666666666.0,-666666666.0,-666666666.0,-666666666.0,-666666666,-666666666,-666666666,-666666666.0,-666666666.0,-666666666.0,-666666666.0,-666666666.0,-666666666.0,-666666666.0,-666666666.0,-666666666.0,-666666666.0,-666666666.0,-666666666.0,-666666666.0,-666666666.0,-666666666.0,-666666666.0,-666666666.0,-666666666.0,-666666666.0,-666666666,-666666666.0,-666666666.0,0,-666666666.0,-666666666.0,0,-666666666.0,-666666666.0,-666666666.0,-666666666.0,-666666666.0,-666666666.0,-666666666.0,-666666666.0,-666666666.0,2020
12086981300,"Census Tract 9813, Miami-Dade County, Florida",7.1,0.0,0.0,27.3,54.0,18.6,22.1,-666666666,-999999999,3702,0.0,0.0,0.0,0.0,0.0,100.0,0.0,0.0,0.0,0.0,27.0,0.0,67.2,0.0,100.0,0.0,0.0,100.0,0.0,-666666666,-666666666.0,-666666666.0,32,100.0,0.0,2313,44.3,1.9,12.6,52.1,42.0,5.9,0.0,46.4,3.0,2020
12086990000,"Census Tract 9900, Miami-Dade County, Florida",-666666666.0,-666666666.0,-666666666.0,-666666666.0,-666666666.0,-666666666.0,-666666666.0,-666666666,-666666666,-666666666,-666666666.0,-666666666.0,-666666666.0,-666666666.0,-666666666.0,-666666666.0,-666666666.0,-666666666.0,-666666666.0,-666666666.0,-666666666.0,-666666666.0,-666666666.0,-666666666.0,-666666666.0,-666666666.0,-666666666.0,-666666666.0,-666666666.0,-666666666,-666666666.0,-666666666.0,0,-666666666.0,-666666666.0,0,-666666666.0,-666666666.0,-666666666.0,-666666666.0,-666666666.0,-666666666.0,-666666666.0,-666666666.0,-666666666.0,2020
