GEOID,NAME,employment_rate_pct,unemployment_rate_pct,commute_drove_alone_pct,commute_public_transit_pct,commute_walked_pct,commute_wfh_pct,mean_commute_time_min,median_household_income,mean_household_income,per_capita_income,hh_income_under_10k_pct,hh_income_10k_15k_pct,hh_income_15k_25k_pct,hh_income_25k_35k_pct,hh_income_35k_50k_pct,hh_income_50k_75k_pct,hh_income_75k_100k_pct,hh_income_100k_150k_pct,hh_income_150k_200k_pct,hh_income_200k_plus_pct,poverty_rate_pct,snap_benefits_pct,no_health_insurance_pct,hh_no_vehicle_pct,hh_1_vehicle_pct,hh_2_vehicles_pct,hh_3plus_vehicles_pct,owner_occupied_pct,renter_occupied_pct,median_gross_rent,rent_burden_30pct_plus,rent_burden_50pct_plus,total_housing_units,occupied_units_pct,vacant_units_pct,total_population,median_age,under_18_pct,age_65_plus_pct,white_alone_pct,black_alone_pct,two_or_more_races_pct,asian_alone_pct,hispanic_latino_pct,foreign_born_pct,year
12086000107,"Census Tract 1.07, Miami-Dade County, Florida",61.2,1.9,67.4,1.9,2.4,23.8,28.2,53198,89874,47797,4.0,5.5,19.3,10.2,8.2,18.6,6.4,11.2,3.4,13.1,10.3,4.2,10.5,18.5,51.2,23.1,7.1,35.2,64.8,1801,5.3,63.1,2780,54.6,45.4,2898,52.6,15.0,22.6,82.5,1.4,10.8,1.3,52.0,4.1,2021
12086000109,"Census Tract 1.09, Miami-Dade County, Florida",64.2,5.8,79.7,7.5,1.5,2.9,29.6,48369,67488,27751,10.2,5.3,15.8,6.1,15.5,13.8,9.5,13.8,7.4,2.5,24.1,18.3,19.8,8.7,42.1,40.7,8.5,31.2,68.8,1381,16.8,52.1,1536,84.2,15.8,3315,39.4,19.3,6.8,57.1,10.0,22.8,1.8,62.7,0.9,2021
12086000115,"Census Tract 1.15, Miami-Dade County, Florida",54.6,8.3,75.3,3.1,0.2,15.1,31.6,78125,164698,71138,7.4,3.1,7.8,5.3,4.5,19.0,16.9,5.5,7.7,22.7,9.1,3.9,16.4,9.4,46.5,30.3,13.9,54.2,45.8,1806,4.6,46.8,2563,36.3,63.7,2185,43.9,17.7,20.8,88.7,2.6,7.2,0.4,42.8,2.0,2021
12086000118,"Census Tract 1.18, Miami-Dade County, Florida",40.3,5.2,59.1,0.0,3.0,33.3,26.0,63750,170184,69557,7.7,6.1,1.6,13.8,10.8,13.8,4.3,16.5,6.3,19.2,7.2,2.3,13.2,13.8,57.1,26.4,2.7,84.9,15.1,2398,0.0,26.5,1864,23.8,76.2,1110,54.2,16.5,32.0,69.9,2.1,22.1,1.2,35.8,6.6,2021
12086000120,"Census Tract 1.20, Miami-Dade County, Florida",64.4,7.5,77.2,0.8,0.0,15.2,27.1,70287,115120,53943,5.0,2.4,4.5,6.7,18.5,17.0,16.1,7.7,5.3,16.7,9.4,6.0,16.5,10.3,40.2,35.5,14.0,73.7,26.3,1546,6.9,49.0,2272,87.5,12.5,4352,43.9,16.4,13.1,78.1,4.8,12.6,1.3,54.7,2.0,2021
12086000121,"Census Tract 1.21, Miami-Dade County, Florida",42.4,3.0,71.7,0.0,5.8,17.4,27.6,118702,156675,65808,8.3,3.9,5.6,5.6,2.9,7.4,10.1,21.9,8.4,25.9,10.2,2.5,4.2,4.5,56.7,36.1,2.7,73.9,26.1,2214,13.9,17.5,1601,48.2,51.8,1826,51.5,26.6,35.2,79.4,3.5,9.9,6.3,22.1,1.5,2021
12086000122,"Census Tract 1.22, Miami-Dade County, Florida",57.7,0.0,61.2,0.0,0.0,21.7,30.6,84030,130171,63009,2.8,1.6,2.4,7.7,16.6,13.7,10.5,14.2,16.6,13.8,5.1,3.7,5.3,4.9,50.3,34.2,10.6,72.2,27.8,1948,7.2,73.6,3202,63.4,36.6,4317,54.1,14.6,25.3,79.0,1.1,12.6,1.5,49.1,2.5,2021
12086000123,"Census Tract 1.23, Miami-Dade County, Florida",44.0,2.7,67.8,0.8,0.0,12.3,28.3,49761,105661,50472,21.5,2.9,11.4,6.4,8.0,6.3,6.9,17.9,3.4,15.3,22.2,5.6,6.5,5.0,57.3,27.9,9.8,70.6,29.4,1766,5.7,50.2,4519,42.1,57.9,4037,52.7,15.6,33.7,82.0,1.2,15.4,0.9,43.6,0.6,2021
12086000124,"Census Tract 1.24, Miami-Dade County, Florida",56.6,6.3,71.1,13.6,4.2,4.5,32.8,40777,52953,21595,4.4,12.2,9.4,16.6,19.2,22.9,10.7,3.1,0.0,1.5,10.0,38.3,26.2,15.1,54.2,18.9,11.9,36.4,63.6,1219,10.1,49.7,1385,89.5,10.5,3403,38.5,11.9,15.4,46.5,36.6,10.2,0.4,46.9,3.0,2021
12086000125,"Census Tract 1.25, Miami-Dade County, Florida",54.3,1.2,68.7,3.1,5.0,8.7,39.9,45239,62431,29685,24.3,2.2,4.0,7.6,16.9,13.4,8.5,17.4,1.9,3.7,16.9,3.1,7.9,8.5,68.9,19.2,3.4,62.8,37.2,2002,8.2,54.1,3391,61.7,38.3,4511,42.8,25.8,25.9,81.9,2.0,13.6,1.6,38.9,5.0,2021
12086000126,"Census Tract 1.26, Miami-Dade County, Florida",38.6,2.3,79.4,9.3,0.0,6.3,38.0,32188,69321,37499,13.6,5.1,22.4,13.6,10.2,9.9,10.8,9.8,0.7,4.0,21.5,13.2,6.5,16.4,64.0,17.3,2.3,51.1,48.9,1143,4.6,54.9,2209,47.7,52.3,1956,59.6,11.3,40.0,81.7,0.6,12.6,3.1,39.6,0.0,2021
12086000127,"Census Tract 1.27, Miami-Dade County, Florida",56.5,5.4,82.4,0.0,0.7,10.5,30.9,43209,76534,37960,8.8,4.5,18.1,11.8,10.6,19.2,6.1,12.0,3.9,5.0,12.8,7.6,8.8,8.0,58.2,29.1,4.8,69.1,30.9,1491,6.1,59.9,1860,72.3,27.7,2861,45.2,22.6,24.7,82.0,2.6,13.2,1.0,43.9,4.4,2021
12086000128,"Census Tract 1.28, Miami-Dade County, Florida",70.2,5.7,68.3,2.4,1.2,18.2,38.2,67490,118362,51466,1.6,5.8,3.4,4.2,2.7,33.7,18.4,17.8,3.1,9.3,5.5,7.8,13.7,8.7,49.4,31.4,10.5,61.7,38.3,1720,13.9,25.7,2432,63.3,36.7,3534,47.6,18.3,15.5,75.7,11.4,11.6,0.7,69.0,3.3,2021
12086000129,"Census Tract 1.29, Miami-Dade County, Florida",37.5,5.3,65.2,0.0,1.4,30.2,36.5,107625,190381,99488,5.5,3.2,4.4,8.7,11.8,7.9,6.6,9.6,14.2,28.1,6.5,2.0,4.7,8.0,42.6,41.4,8.0,83.3,16.7,2815,12.3,67.3,2082,52.8,47.2,2283,66.0,10.2,52.1,74.2,0.0,10.7,3.5,23.3,1.3,2021
12086000130,"Census Tract 1.30, Miami-Dade County, Florida",48.3,3.2,77.4,1.1,0.0,15.5,33.2,83167,154923,78425,3.0,4.4,8.9,10.0,7.0,14.1,6.8,18.3,8.7,18.8,6.9,2.5,6.8,4.4,57.4,36.2,2.1,66.7,33.3,1986,14.0,35.1,3316,38.1,61.9,2549,62.0,9.4,39.9,81.2,1.1,15.9,0.6,46.9,2.7,2021
12086000131,"Census Tract 1.31, Miami-Dade County, Florida",59.4,6.6,75.3,2.7,0.5,16.2,31.8,72691,121497,53164,3.3,3.3,8.6,3.8,10.5,25.3,2.8,14.2,10.4,17.7,10.9,3.8,5.3,6.1,51.1,31.2,11.6,58.0,42.0,2153,4.8,49.4,3157,58.8,41.2,4285,41.8,23.1,17.7,83.5,0.5,9.1,0.4,38.2,1.5,2021
12086000132,"Census Tract 1.32, Miami-Dade County, Florida",48.3,5.6,80.4,0.0,1.6,8.0,28.1,36048,60332,33438,10.3,13.2,15.5,9.7,11.1,9.8,9.4,11.8,3.4,5.9,19.7,9.4,12.3,19.5,56.7,19.5,4.3,69.0,31.0,1692,5.1,56.4,4062,78.4,21.6,5732,55.8,12.4,38.6,80.0,3.4,11.3,2.5,49.2,2.0,2021
12086000134,"Census Tract 1.34, Miami-Dade County, Florida",55.7,2.5,79.9,4.9,1.4,8.3,31.1,37528,53830,28871,5.2,6.4,21.9,15.0,10.5,11.3,16.7,9.5,0.8,2.7,17.1,13.5,22.7,15.7,54.1,24.7,5.5,59.2,40.8,1387,8.6,76.0,2100,76.4,23.6,3080,49.6,14.2,22.9,68.7,6.6,19.1,2.5,47.2,0.1,2021
12086000140,"Census Tract 1.40, Miami-Dade County, Florida",74.2,6.1,84.4,0.6,4.4,4.9,36.9,51610,68966,35243,6.9,5.0,8.1,11.6,13.7,28.3,11.9,6.0,1.8,6.7,13.6,8.3,8.6,2.6,75.3,21.3,0.8,18.1,81.9,1724,3.5,60.5,2344,74.4,25.6,3519,38.1,15.4,5.3,54.2,2.2,38.5,1.3,74.1,1.1,2021
12086000141,"Census Tract 1.41, Miami-Dade County, Florida",73.7,4.5,76.0,6.4,1.7,14.0,31.2,94031,143097,59584,2.0,0.0,7.3,16.4,7.5,10.8,7.9,18.2,9.4,20.5,7.9,13.3,4.0,5.4,42.9,39.9,11.8,24.6,75.4,2252,9.5,48.3,1347,62.1,37.9,2034,39.2,22.6,7.8,76.5,1.0,19.0,0.0,49.6,5.6,2021
12086000142,"Census Tract 1.42, Miami-Dade County, Florida",47.2,7.6,66.9,1.7,2.7,15.9,34.3,57917,115977,61565,11.2,6.1,7.1,12.2,8.9,8.0,6.9,10.0,11.8,17.8,17.6,5.6,3.3,12.9,52.7,30.6,3.8,77.1,22.9,2301,0.0,68.1,4213,49.9,50.1,4015,59.9,9.0,39.7,73.2,2.4,14.3,5.8,52.9,8.5,2021
12086000143,"Census Tract 1.43, Miami-Dade County, Florida",54.7,1.7,75.9,2.1,0.0,13.9,28.8,44688,120171,68610,10.3,11.7,14.2,6.9,8.4,11.3,4.2,10.1,6.7,16.2,16.3,1.1,8.1,17.7,46.2,29.5,6.7,59.8,40.2,1908,3.2,50.1,2320,74.5,25.5,3007,54.6,11.1,29.8,76.7,0.8,20.3,0.0,56.1,5.5,2021
12086000144,"Census Tract 1.44, Miami-Dade County, Florida",68.9,6.9,78.5,0.0,0.0,7.4,42.8,76827,112905,48090,5.0,0.0,8.3,3.6,10.7,15.2,19.8,6.6,18.4,12.4,2.7,2.6,2.6,2.6,51.9,45.6,0.0,37.1,62.9,1958,22.6,50.2,989,67.0,33.0,1564,42.3,26.7,11.6,81.3,1.1,6.7,1.2,57.4,1.3,2021
12086000145,"Census Tract 1.45, Miami-Dade County, Florida",68.0,6.4,61.4,1.7,0.0,32.6,28.4,146074,203836,61624,6.8,0.0,3.2,0.0,3.2,9.2,4.4,39.0,2.2,32.0,5.3,5.3,9.6,0.0,18.4,65.2,16.4,95.1,4.9,-666666666,0.0,0.0,1154,84.9,15.1,3195,36.9,32.8,3.4,74.1,0.0,25.9,0.0,50.6,10.5,2021
12086000146,"Census Tract 1.46, Miami-Dade County, Florida",51.1,11.2,77.9,0.0,3.6,17.3,31.0,96565,143488,60275,1.6,1.3,2.5,4.3,13.9,11.8,18.7,15.5,4.2,26.1,4.2,1.2,1.7,1.0,45.9,35.4,17.7,71.3,28.7,2272,10.2,64.6,2767,63.9,36.1,4396,51.0,19.2,35.1,77.6,0.0,21.2,0.6,24.9,1.8,2021
12086000204,"Census Tract 2.04, Miami-Dade County, Florida",64.3,3.9,80.0,6.3,3.8,2.6,31.7,69844,87726,25089,2.9,3.0,8.1,4.5,14.4,22.4,22.7,10.7,1.8,9.5,13.4,20.0,16.5,5.9,14.4,48.7,31.0,73.4,26.6,1526,0.0,64.3,1207,91.5,8.5,4172,34.8,22.7,13.8,26.7,53.7,7.3,0.4,27.2,6.4,2021
12086000206,"Census Tract 2.06, Miami-Dade County, Florida",57.1,4.3,66.4,5.9,0.0,8.1,32.4,50118,55325,17009,9.7,7.7,6.7,5.3,19.9,30.1,6.7,11.6,1.1,1.1,11.6,30.1,16.3,16.3,28.2,39.0,16.4,54.5,45.5,1403,3.7,61.2,1963,90.5,9.5,6484,35.6,30.1,16.2,17.6,65.3,7.6,4.0,24.6,2.3,2021
12086000211,"Census Tract 2.11, Miami-Dade County, Florida",60.0,11.3,78.5,5.7,0.6,4.5,37.6,53125,69866,26561,5.2,2.6,7.7,15.9,16.7,13.4,11.3,21.3,2.3,3.5,12.8,18.4,14.9,7.5,39.3,36.9,16.3,58.2,41.8,1846,7.3,68.8,1071,85.0,15.0,2613,40.0,14.5,15.0,65.2,14.9,17.5,0.5,60.4,1.7,2021
12086000212,"Census Tract 2.12, Miami-Dade County, Florida",60.0,12.4,79.7,2.3,0.0,2.4,33.9,35679,41419,17331,5.3,5.8,13.8,24.5,25.4,16.3,3.5,4.5,0.8,0.0,19.6,22.7,32.7,10.4,62.2,26.4,1.0,8.7,91.3,1165,6.4,57.1,2060,83.9,16.1,4480,37.0,20.4,9.6,44.8,42.9,10.9,0.4,46.3,4.6,2021
12086000213,"Census Tract 2.13, Miami-Dade County, Florida",64.6,7.4,58.7,7.9,1.8,7.1,31.1,53816,70767,21501,5.0,6.8,8.5,17.1,10.7,14.7,15.4,12.8,3.5,5.5,13.1,16.1,17.3,11.5,45.9,28.2,14.4,41.0,59.0,1390,1.4,55.7,1719,86.9,13.1,5208,34.1,28.8,14.3,37.1,39.7,13.7,5.2,20.9,2.2,2021
12086000215,"Census Tract 2.15, Miami-Dade County, Florida",56.9,12.9,76.3,5.8,1.3,5.5,33.1,48622,107744,35066,3.4,3.0,18.4,14.8,13.4,17.6,14.5,6.5,4.0,4.4,14.5,19.0,17.6,3.7,53.7,25.6,17.0,43.2,56.8,1294,3.9,64.0,1668,96.6,3.4,5240,37.9,22.9,13.4,8.4,85.2,1.5,1.8,11.2,3.3,2021
12086000216,"Census Tract 2.16, Miami-Dade County, Florida",67.5,4.4,81.3,9.4,1.7,0.4,31.8,60852,75866,21374,3.3,1.5,5.6,8.4,23.2,23.1,9.3,13.0,6.7,6.0,9.0,30.7,21.0,6.1,29.8,34.0,30.2,71.1,28.9,2019,8.9,71.3,1227,95.3,4.7,4845,36.1,18.0,13.7,17.8,75.1,1.1,2.1,18.0,1.2,2021
12086000218,"Census Tract 2.18, Miami-Dade County, Florida",59.9,13.7,74.7,14.1,0.9,4.0,34.4,35972,53226,17422,1.1,3.0,31.9,12.7,13.6,12.5,11.7,10.0,3.2,0.3,32.9,34.8,28.3,13.7,42.4,23.4,20.5,60.7,39.3,1180,0.0,79.9,1088,93.4,6.6,3519,40.8,25.3,13.9,13.7,78.4,3.7,0.0,19.9,2.3,2021
12086000219,"Census Tract 2.19, Miami-Dade County, Florida",64.5,4.9,61.6,10.5,1.6,8.3,30.6,40132,53154,18886,13.8,2.8,8.7,14.9,17.0,25.0,14.4,2.1,0.0,1.3,19.2,30.6,30.6,15.9,48.6,31.5,4.1,16.5,83.5,1205,5.2,55.7,1886,87.8,12.2,4882,31.2,25.6,8.6,23.2,53.5,19.7,0.7,37.1,1.9,2021
12086000220,"Census Tract 2.20, Miami-Dade County, Florida",65.6,3.0,83.3,6.5,0.0,4.2,34.7,36817,49317,17685,6.0,9.1,13.9,17.8,13.3,24.5,3.8,9.2,0.2,2.1,30.6,31.4,25.4,9.7,49.5,25.0,15.8,36.7,63.3,1253,8.2,75.9,1865,93.1,6.9,5278,36.0,28.8,11.4,18.4,74.4,4.1,0.0,20.9,2.1,2021
12086000221,"Census Tract 2.21, Miami-Dade County, Florida",57.2,7.3,72.5,14.7,3.0,3.4,27.2,58306,64039,23068,4.1,14.3,0.0,3.5,15.9,36.0,13.5,8.1,4.6,0.0,11.8,15.2,9.4,0.0,48.3,39.7,12.0,77.4,22.6,1184,0.0,14.3,776,100.0,0.0,2301,51.3,19.4,24.3,65.7,27.6,2.4,4.0,53.0,1.0,2021
12086000222,"Census Tract 2.22, Miami-Dade County, Florida",67.3,7.1,76.0,2.3,1.5,0.0,30.9,47417,60580,22201,3.4,2.5,12.7,13.8,19.6,19.6,11.4,12.7,2.9,1.4,13.2,24.5,20.6,3.9,39.9,38.8,17.4,72.3,27.7,1309,48.6,49.5,1430,96.6,3.4,4205,39.0,22.9,13.3,39.3,38.3,10.7,6.7,47.7,0.5,2021
12086000223,"Census Tract 2.23, Miami-Dade County, Florida",58.8,6.3,72.0,16.5,0.0,1.6,34.7,37672,46513,17467,6.3,0.0,8.4,23.8,25.9,24.1,7.5,1.9,0.0,2.0,15.0,26.1,29.1,7.3,53.4,25.1,14.1,45.6,54.4,1136,0.0,71.7,1120,97.2,2.8,3074,46.3,21.5,12.9,18.7,68.7,7.3,2.6,21.1,0.2,2021
12086000224,"Census Tract 2.24, Miami-Dade County, Florida",63.2,6.4,74.1,9.1,0.0,3.1,33.2,31164,38744,16822,17.1,8.7,16.2,20.3,8.9,17.5,3.7,7.0,0.6,0.1,30.5,25.2,30.7,17.8,57.0,23.1,2.2,9.5,90.5,1215,5.8,69.8,1932,93.8,6.2,4434,35.6,22.3,6.0,25.8,59.1,13.6,0.3,32.4,4.5,2021
12086000225,"Census Tract 2.25, Miami-Dade County, Florida",68.8,3.6,77.9,5.8,0.3,0.0,30.8,49601,66418,27961,2.1,6.4,8.4,7.2,26.9,25.0,15.2,4.5,0.6,3.7,6.7,27.3,24.4,4.9,58.2,35.0,1.9,27.7,72.3,1273,7.0,45.1,1978,90.7,9.3,4436,34.3,28.7,8.9,39.5,20.0,26.0,4.6,64.1,4.9,2021
12086000226,"Census Tract 2.26, Miami-Dade County, Florida",46.5,7.8,57.6,0.0,5.1,7.3,24.0,65978,106538,31278,11.9,3.8,1.7,9.5,2.1,25.6,20.0,16.2,4.0,5.2,5.1,23.1,2.7,8.6,51.8,24.3,15.3,89.7,10.3,2518,0.0,72.2,1083,70.7,29.3,2743,32.2,42.7,19.7,90.4,4.0,2.5,1.4,14.8,9.3,2021
12086000227,"Census Tract 2.27, Miami-Dade County, Florida",61.4,1.9,75.4,5.0,1.5,4.1,28.9,50909,66627,21295,9.5,1.5,14.4,12.0,12.1,15.1,14.7,7.5,13.2,0.0,17.1,39.2,17.5,15.3,33.3,42.0,9.4,51.2,48.8,1194,9.0,52.4,895,98.5,1.5,3305,38.2,20.4,15.7,12.9,68.1,17.8,0.7,25.2,3.8,2021
12086000228,"Census Tract 2.28, Miami-Dade County, Florida",57.1,3.7,68.1,12.4,0.6,0.9,34.4,42426,50910,16867,11.8,2.6,9.5,16.4,15.1,25.7,6.2,12.0,0.7,0.0,35.7,27.1,22.6,2.1,53.2,26.1,18.7,30.1,69.9,1431,6.0,72.7,1086,94.3,5.7,3353,35.2,20.0,13.8,10.4,79.2,9.4,0.0,17.2,2.8,2021
12086000302,"Census Tract 3.02, Miami-Dade County, Florida",61.4,3.6,70.7,8.6,0.0,1.8,27.1,55677,67398,20498,2.0,1.3,15.7,16.9,13.0,9.5,17.4,19.2,3.2,1.8,14.7,21.5,32.7,1.7,23.0,53.3,22.0,91.0,9.0,2036,0.0,100.0,735,81.5,18.5,2151,36.3,21.3,14.5,30.0,55.9,6.8,1.0,30.9,3.6,2021
12086000306,"Census Tract 3.06, Miami-Dade County, Florida",54.5,11.8,73.7,14.3,1.5,0.2,30.7,37620,58807,20672,10.8,6.1,16.0,15.5,15.2,13.9,4.9,11.0,2.4,4.3,29.7,33.8,25.1,20.3,47.6,14.0,18.0,27.0,73.0,1133,8.9,66.9,1991,85.5,14.5,5035,38.4,23.9,15.9,20.9,66.3,8.0,0.1,27.9,3.1,2021
12086000307,"Census Tract 3.07, Miami-Dade County, Florida",53.6,5.8,80.5,2.7,0.0,6.3,33.3,45000,66109,19542,7.1,4.5,9.4,15.8,16.4,16.9,11.9,8.1,5.9,3.9,11.5,32.8,20.9,8.2,23.4,39.5,28.9,81.1,18.9,1309,18.5,67.7,1191,92.2,7.8,4182,40.3,19.1,17.6,22.7,66.9,4.9,0.9,24.0,4.1,2021
12086000308,"Census Tract 3.08, Miami-Dade County, Florida",61.3,13.8,71.5,5.7,0.5,11.3,29.3,63867,72963,21457,5.4,1.9,5.7,4.3,8.9,36.9,14.7,18.2,0.7,3.3,5.4,25.9,19.8,5.4,21.2,41.9,31.5,83.7,16.3,1794,0.0,66.2,1381,95.2,4.8,4920,36.5,19.8,11.6,25.1,63.3,9.1,0.1,33.7,3.4,2021
12086000309,"Census Tract 3.09, Miami-Dade County, Florida",55.4,2.3,64.3,14.6,0.0,2.9,29.9,47517,49130,15247,4.9,6.8,12.4,11.5,20.8,31.0,7.3,4.3,1.1,0.0,9.8,32.9,33.7,15.4,48.7,23.3,12.6,24.8,75.2,1302,8.0,59.3,1254,89.1,10.9,3971,40.3,22.9,18.7,28.3,70.4,0.3,0.1,25.9,2.7,2021
12086000310,"Census Tract 3.10, Miami-Dade County, Florida",50.8,11.2,75.7,3.8,6.6,2.5,31.7,45477,67032,27123,9.9,5.8,15.3,6.9,17.7,11.2,11.1,8.3,10.7,3.1,26.3,38.1,13.5,16.3,35.1,33.8,14.8,57.5,42.5,1200,0.0,81.6,1352,93.7,6.3,3630,38.2,22.3,13.9,12.3,60.6,14.4,11.9,26.3,0.0,2021
12086000311,"Census Tract 3.11, Miami-Dade County, Florida",57.3,10.8,83.5,9.5,0.0,2.1,38.7,34738,46974,13883,15.7,2.2,2.2,32.3,8.1,25.4,3.6,9.3,1.1,0.0,26.3,55.0,27.2,10.0,36.0,30.7,23.4,62.8,37.2,1360,0.0,91.0,1292,93.4,6.6,4628,31.6,31.1,10.1,11.0,77.7,4.8,0.0,10.5,0.6,2021
12086000312,"Census Tract 3.12, Miami-Dade County, Florida",55.5,13.4,79.7,1.8,0.0,4.5,26.4,42801,51640,20410,0.0,3.9,16.0,12.9,25.2,27.5,6.8,6.3,1.3,0.0,7.7,27.6,22.6,6.1,36.7,35.5,21.8,40.7,59.3,1214,8.5,69.0,1300,91.5,8.5,3263,32.5,24.4,16.3,38.6,50.1,8.6,2.7,31.5,0.2,2021
12086000402,"Census Tract 4.02, Miami-Dade County, Florida",50.0,10.9,64.4,10.8,0.0,1.2,29.7,36813,46103,16040,10.7,6.5,15.7,15.9,10.9,21.2,13.7,4.4,1.0,0.0,25.4,35.1,34.1,11.0,37.7,32.8,18.5,57.8,42.2,1514,12.5,47.5,1295,95.7,4.3,3911,35.6,20.9,13.3,11.3,57.5,22.8,7.8,32.1,0.2,2021
12086000405,"Census Tract 4.05, Miami-Dade County, Florida",56.5,3.1,80.7,2.0,0.0,0.0,30.9,54123,85202,26677,5.0,5.9,17.9,7.1,9.0,21.3,20.3,9.3,1.0,3.4,12.6,20.3,17.9,9.9,33.7,29.9,26.5,89.2,10.8,-666666666,27.3,62.0,1138,98.8,1.2,3725,40.5,19.5,16.9,16.8,66.0,9.7,0.0,32.5,3.5,2021
12086000408,"Census Tract 4.08, Miami-Dade County, Florida",48.4,12.7,81.7,11.9,0.7,1.3,34.0,39144,49964,16271,6.9,5.6,13.9,15.4,16.6,24.8,9.7,4.3,1.9,0.8,23.4,53.2,24.0,15.5,42.9,21.9,19.6,33.8,66.2,1144,8.7,62.1,1909,92.8,7.2,6187,38.4,24.4,16.8,14.5,66.3,3.2,0.7,35.2,2.5,2021
12086000409,"Census Tract 4.09, Miami-Dade County, Florida",60.7,9.2,73.5,11.8,2.1,0.0,39.8,56477,56921,17226,8.6,3.6,10.1,10.9,7.5,28.8,22.1,5.5,2.0,0.8,14.4,49.5,24.8,5.2,38.4,40.2,16.2,40.9,59.1,1530,4.9,55.2,1249,95.9,4.1,4453,32.9,25.8,9.6,15.5,72.9,6.1,1.5,30.0,4.5,2021
12086000410,"Census Tract 4.10, Miami-Dade County, Florida",53.9,3.9,79.3,6.0,0.0,1.9,28.6,55069,65620,16568,9.3,1.9,10.6,8.8,15.7,18.2,23.7,7.2,0.5,4.0,22.5,38.0,17.5,2.4,19.8,43.1,34.6,78.8,21.2,1464,14.4,39.7,1240,96.3,3.7,5283,39.7,23.3,18.6,16.4,74.0,5.8,0.0,26.1,1.9,2021
12086000411,"Census Tract 4.11, Miami-Dade County, Florida",59.9,2.4,77.7,9.3,1.2,1.0,28.0,40271,50801,18792,10.3,4.2,20.5,10.9,17.4,20.6,10.4,1.4,3.7,0.5,20.6,44.3,26.1,18.3,48.8,20.6,12.2,32.2,67.8,1268,12.2,57.9,2145,94.8,5.2,5886,40.3,26.5,14.8,12.7,79.5,5.5,0.0,16.6,1.6,2021
12086000413,"Census Tract 4.13, Miami-Dade County, Florida",61.8,6.8,81.1,9.1,0.0,2.6,30.7,57708,65859,20183,5.4,4.9,13.8,11.7,3.8,37.3,6.9,9.1,6.4,0.6,21.2,36.2,14.3,5.3,42.2,29.4,23.0,72.4,27.6,424,15.1,14.2,1538,92.1,7.9,5078,32.8,28.7,12.8,16.9,79.0,2.5,0.7,19.4,1.8,2021
12086000414,"Census Tract 4.14, Miami-Dade County, Florida",55.4,7.1,70.4,5.8,1.2,8.1,31.3,37596,50013,21493,17.8,3.8,12.7,11.9,17.0,16.3,7.8,7.2,3.7,1.8,21.5,15.0,19.8,11.9,54.7,21.3,12.1,34.0,66.0,1161,16.7,52.2,2034,88.6,11.4,4285,40.2,19.3,13.0,6.4,87.0,3.2,0.0,11.7,0.6,2021
12086000415,"Census Tract 4.15, Miami-Dade County, Florida",74.0,2.9,79.0,15.6,0.0,4.1,36.7,47425,72899,22723,9.0,3.8,14.5,5.0,19.5,15.6,9.3,9.5,0.0,13.9,7.0,18.2,17.4,11.1,35.2,33.0,20.7,65.8,34.2,1602,0.0,65.9,739,97.3,2.7,2355,31.4,21.1,6.9,26.9,55.2,10.9,0.0,44.8,4.7,2021
12086000416,"Census Tract 4.16, Miami-Dade County, Florida",48.4,12.3,84.8,6.5,0.0,4.0,27.1,36341,44487,16514,16.5,8.9,12.2,10.3,21.4,9.7,18.7,0.3,1.9,0.0,22.5,49.3,20.1,25.5,28.6,32.4,13.5,40.1,59.9,582,12.7,32.1,1900,91.9,8.1,4930,37.0,29.1,14.1,36.3,49.0,2.5,0.0,49.8,1.0,2021
12086000417,"Census Tract 4.17, Miami-Dade County, Florida",46.8,19.0,78.0,10.3,1.8,2.1,26.8,38949,42966,17777,18.0,13.9,5.2,10.1,17.7,12.2,16.0,7.0,0.0,0.0,22.1,46.0,13.5,21.5,49.3,25.1,4.1,35.6,64.4,1144,1.2,56.4,1816,96.9,3.1,4725,43.0,21.3,18.2,28.8,63.0,8.1,0.0,40.8,3.5,2021
12086000418,"Census Tract 4.18, Miami-Dade County, Florida",53.1,11.1,81.6,8.0,0.0,5.9,30.3,36680,50297,16067,14.8,0.0,18.4,8.2,29.5,14.1,4.9,4.7,0.0,5.4,30.4,33.8,28.4,17.5,16.4,36.1,30.0,55.5,44.5,1008,0.0,52.7,1046,96.0,4.0,3469,30.3,24.2,4.3,0.8,95.7,0.6,0.0,4.3,3.7,2021
12086000419,"Census Tract 4.19, Miami-Dade County, Florida",57.7,1.6,95.1,1.2,0.2,0.0,37.2,46655,56255,19005,3.4,4.6,25.2,9.5,8.6,10.8,30.3,5.0,2.7,0.0,12.7,33.6,10.2,5.4,48.0,18.9,27.7,58.8,41.2,1278,0.0,63.6,1178,93.1,6.9,3610,38.7,25.3,17.0,27.8,66.0,0.1,0.0,31.3,0.7,2021
12086000420,"Census Tract 4.20, Miami-Dade County, Florida",44.9,5.1,63.1,4.6,8.4,0.9,31.0,36569,49378,15973,13.6,7.7,16.9,8.6,7.8,8.8,29.3,7.0,0.2,0.0,49.6,43.9,25.4,26.1,34.9,26.5,12.5,74.4,25.6,-666666666,0.0,39.5,954,97.6,2.4,3102,39.2,18.5,25.5,25.0,68.5,2.2,0.0,23.3,0.1,2021
12086000504,"Census Tract 5.04, Miami-Dade County, Florida",50.1,6.8,88.3,1.5,0.0,1.2,22.8,35170,50818,18219,18.8,4.9,13.0,13.2,11.8,10.9,12.7,10.8,3.7,0.4,32.3,49.0,18.2,12.7,34.3,27.1,25.8,50.7,49.3,893,10.8,57.0,1815,97.9,2.1,5215,45.1,21.8,23.4,31.5,45.8,16.2,0.0,60.6,2.1,2021
12086000505,"Census Tract 5.05, Miami-Dade County, Florida",60.3,4.3,82.1,1.6,1.1,4.6,29.2,33722,44554,16558,11.9,9.5,14.6,15.4,17.0,12.4,13.9,4.7,0.7,0.0,32.0,48.9,20.7,14.4,35.9,38.6,11.1,37.6,62.4,1302,9.2,59.0,1806,96.5,3.5,5032,39.8,20.1,18.0,58.7,11.2,29.0,0.0,88.7,1.4,2021
12086000506,"Census Tract 5.06, Miami-Dade County, Florida",53.9,9.3,91.3,0.0,0.0,0.0,32.9,44223,52097,16114,13.7,4.4,6.0,10.8,24.7,20.1,5.7,11.6,3.0,0.0,20.1,13.9,37.6,5.3,20.5,52.3,21.9,74.6,25.4,2051,9.8,83.3,738,99.2,0.8,2760,38.2,20.7,13.3,10.9,81.6,7.2,0.4,16.0,0.2,2021
12086000507,"Census Tract 5.07, Miami-Dade County, Florida",45.5,10.7,79.3,0.0,3.7,3.1,29.4,44677,56610,17025,2.9,8.0,6.1,24.8,13.7,22.8,6.5,13.5,0.5,1.2,15.7,45.0,24.3,7.6,27.5,37.6,27.3,45.3,54.7,1373,12.0,58.6,1136,97.0,3.0,4321,31.9,18.1,16.7,34.4,37.7,21.3,0.5,56.1,1.7,2021
12086000508,"Census Tract 5.08, Miami-Dade County, Florida",48.8,8.6,64.5,4.9,6.6,0.0,24.5,22606,26874,11268,24.2,8.7,26.1,6.6,23.0,10.6,0.0,0.0,0.0,0.7,41.7,54.6,23.8,23.0,56.3,19.4,1.3,2.2,97.8,967,17.3,55.0,1460,94.9,5.1,3518,31.0,25.1,5.3,19.4,68.0,8.0,0.0,33.5,3.8,2021
12086000509,"Census Tract 5.09, Miami-Dade County, Florida",48.6,13.5,84.3,3.9,0.0,1.9,30.7,50433,53053,16422,2.0,8.8,24.1,7.3,7.0,25.2,15.4,5.5,4.7,0.0,39.0,60.5,21.9,10.3,27.0,46.4,16.3,49.0,51.0,1092,5.0,67.0,1213,93.5,6.5,3846,31.1,24.4,10.4,45.3,37.0,12.1,0.0,47.8,1.0,2021
12086000601,"Census Tract 6.01, Miami-Dade County, Florida",62.5,1.2,74.2,1.4,0.0,7.7,30.9,57744,66314,23107,3.9,10.7,14.5,7.4,11.3,9.2,23.4,12.1,6.4,1.1,14.3,22.0,13.2,3.6,33.5,34.3,28.5,73.8,26.2,1660,22.9,42.9,1327,93.7,6.3,3919,45.0,16.0,20.1,76.1,0.8,13.8,0.8,95.9,0.6,2021
12086000602,"Census Tract 6.02, Miami-Dade County, Florida",60.6,4.5,82.5,0.4,0.3,6.5,30.1,68333,82544,26167,5.8,2.4,3.7,8.8,17.9,15.9,12.6,22.7,7.2,3.0,9.6,23.7,8.8,2.9,23.9,37.8,35.5,84.4,15.6,1171,6.5,27.4,1760,95.7,4.3,5355,52.4,12.6,22.9,62.5,0.1,34.2,0.0,96.6,0.5,2021
12086000603,"Census Tract 6.03, Miami-Dade County, Florida",66.4,3.3,72.3,3.4,0.0,11.4,32.7,66406,74252,26353,8.1,6.4,8.2,5.4,14.2,21.6,11.4,14.6,7.6,2.4,15.1,33.9,18.2,5.4,21.1,44.1,29.4,58.0,42.0,1415,0.0,48.0,1652,96.9,3.1,4957,46.4,13.5,16.9,59.5,0.8,35.5,0.7,96.1,2.8,2021
12086000605,"Census Tract 6.05, Miami-Dade County, Florida",50.1,3.4,78.7,1.3,0.0,11.4,29.1,66483,74777,20831,3.5,4.0,13.1,8.8,9.9,16.3,12.2,22.9,6.9,2.3,20.0,53.2,16.5,4.6,27.0,30.1,38.3,78.3,21.7,1689,0.0,51.1,1493,96.4,3.6,5390,44.3,14.8,22.2,54.8,1.9,41.4,0.0,95.7,1.8,2021
12086000607,"Census Tract 6.07, Miami-Dade County, Florida",50.5,11.1,84.2,0.5,1.3,5.5,29.5,36603,65243,24053,9.5,3.5,17.0,18.0,8.8,19.8,10.2,2.8,3.7,6.7,12.0,45.8,22.1,10.0,35.6,32.3,22.0,58.3,41.7,1387,0.0,59.3,1544,97.3,2.7,4490,50.9,11.6,27.3,64.6,4.4,28.8,1.0,96.1,2.8,2021
12086000609,"Census Tract 6.09, Miami-Dade County, Florida",63.2,2.4,87.0,0.0,1.6,6.1,26.8,21692,38536,17088,17.8,13.6,22.0,12.1,3.2,12.6,9.3,9.1,0.0,0.4,32.0,59.6,25.6,15.2,43.8,26.6,14.4,23.4,76.6,1018,11.4,57.1,1330,92.8,7.2,3275,49.0,17.0,23.5,62.8,1.2,31.9,0.0,98.0,0.1,2021
12086000610,"Census Tract 6.10, Miami-Dade County, Florida",60.9,2.7,68.9,0.0,1.2,22.4,35.5,46379,53284,20093,18.4,3.1,9.9,14.0,7.4,19.0,9.3,16.6,2.4,0.0,20.1,18.8,23.9,6.2,23.6,31.9,38.3,48.8,51.2,1177,21.6,41.2,977,97.0,3.0,3019,51.8,10.0,28.8,71.2,0.2,22.8,0.0,95.1,0.3,2021
12086000611,"Census Tract 6.11, Miami-Dade County, Florida",65.4,3.3,74.2,6.4,0.2,12.6,30.0,44868,65738,21939,7.3,0.0,10.5,14.6,22.5,12.6,13.6,10.6,4.6,3.5,19.6,31.8,16.9,5.4,28.8,30.8,35.0,51.4,48.6,1268,7.7,67.6,853,93.7,6.3,2600,46.4,15.7,15.4,71.9,0.2,25.7,1.0,96.4,0.8,2021
12086000612,"Census Tract 6.12, Miami-Dade County, Florida",61.4,3.0,76.4,3.4,0.7,8.0,29.4,63021,67886,21167,6.3,9.5,9.9,5.5,4.4,32.6,9.6,16.3,5.1,1.0,21.3,39.5,14.6,5.9,30.4,37.5,26.2,76.2,23.8,1585,0.0,66.7,960,94.8,5.2,3108,49.7,10.5,20.0,53.7,0.0,42.6,1.4,94.6,3.6,2021
12086000705,"Census Tract 7.05, Miami-Dade County, Florida",55.5,4.0,70.3,1.0,5.3,9.1,21.5,26649,35181,15322,23.7,8.1,16.7,7.9,19.2,16.0,4.2,3.6,0.5,0.0,22.9,57.0,12.9,23.0,39.7,31.0,6.3,25.2,74.8,1171,14.8,45.2,2098,98.1,1.9,4945,46.1,26.5,21.3,65.5,0.8,31.5,0.0,97.2,1.8,2021
12086000710,"Census Tract 7.10, Miami-Dade County, Florida",59.5,2.0,70.7,5.7,2.8,11.7,32.6,29574,36047,15027,14.2,11.3,13.7,20.0,8.5,26.8,2.6,3.0,0.0,0.0,25.6,68.2,23.8,17.0,50.3,26.9,5.7,4.1,95.9,1128,12.6,55.2,2029,92.6,7.4,4962,43.0,19.0,16.9,59.9,2.9,28.0,0.1,95.8,0.5,2021
12086000711,"Census Tract 7.11, Miami-Dade County, Florida",53.6,1.5,67.8,2.6,1.7,16.3,30.4,36335,55677,20401,11.3,8.5,14.3,13.1,19.5,15.6,6.8,8.2,0.5,2.3,26.0,44.0,22.4,8.4,49.5,28.1,13.9,32.9,67.1,1179,14.1,60.5,1979,96.7,3.3,5603,48.8,16.8,20.8,57.2,4.9,33.2,0.0,94.8,1.7,2021
12086000712,"Census Tract 7.12, Miami-Dade County, Florida",61.3,8.3,78.3,1.3,0.6,5.0,23.0,37868,50415,19890,8.8,9.9,14.7,14.2,18.2,12.8,12.2,5.1,2.5,1.5,19.9,33.8,16.8,10.8,37.5,39.8,12.0,23.0,77.0,1244,4.8,69.8,851,96.9,3.1,2231,40.6,17.5,13.0,56.2,1.3,35.4,0.0,98.6,1.8,2021
12086000713,"Census Tract 7.13, Miami-Dade County, Florida",49.7,3.7,64.8,1.3,0.6,1.1,28.8,-666666666,34896,18437,38.7,10.6,8.5,5.4,9.7,10.2,11.0,4.7,1.2,0.0,31.9,40.8,22.5,20.3,46.2,20.0,13.5,33.7,66.3,1321,3.0,62.7,1450,97.7,2.3,2869,52.3,7.5,23.4,71.0,0.0,27.8,0.0,99.5,1.0,2021
12086000714,"Census Tract 7.14, Miami-Dade County, Florida",50.0,5.7,81.7,0.0,1.7,7.7,29.8,32817,42495,14745,9.0,6.6,18.6,19.2,19.1,16.4,4.0,4.6,2.5,0.0,28.4,60.7,13.6,7.4,41.0,37.4,14.1,32.6,67.4,1637,2.0,68.7,1640,99.1,0.9,4811,44.4,18.8,25.5,66.7,0.0,30.0,0.0,98.9,0.3,2021
12086000715,"Census Tract 7.15, Miami-Dade County, Florida",49.5,1.3,69.0,3.3,1.7,9.7,42.8,43680,69607,21049,3.0,12.5,4.3,23.1,13.2,19.6,2.6,12.8,4.7,4.2,17.8,45.5,16.6,6.9,32.9,39.7,20.4,66.3,33.7,1463,9.1,63.8,1124,97.6,2.4,3859,47.2,17.9,25.7,69.0,0.0,24.4,0.4,96.1,2.0,2021
12086000716,"Census Tract 7.16, Miami-Dade County, Florida",48.1,5.6,63.3,8.1,0.0,16.8,28.7,66742,64212,20561,6.9,5.6,9.9,14.4,5.8,24.4,18.9,9.1,1.6,3.3,21.6,38.2,20.5,3.7,31.5,40.9,23.8,68.5,31.5,1769,18.3,45.1,856,100.0,0.0,2931,42.3,18.8,24.6,55.6,1.0,38.0,0.0,95.7,3.1,2021
12086000717,"Census Tract 7.17, Miami-Dade County, Florida",47.2,8.0,82.4,0.0,0.0,4.7,25.8,51728,63325,25828,9.0,0.0,18.3,16.5,3.5,14.5,17.2,13.1,7.9,0.0,10.1,28.1,16.9,13.8,25.1,26.0,35.1,87.3,12.7,-666666666,0.0,48.2,885,100.0,0.0,2381,57.9,4.4,37.3,77.4,5.5,6.2,0.0,96.3,0.0,2021
12086000718,"Census Tract 7.18, Miami-Dade County, Florida",69.5,2.3,78.3,0.0,3.5,0.7,30.8,58496,70586,25147,6.9,7.6,3.6,10.0,5.5,38.4,7.7,11.9,1.8,6.6,13.3,29.7,14.8,12.5,20.5,55.4,11.6,46.9,53.1,1463,7.9,49.4,1411,96.2,3.8,4243,40.6,11.8,21.4,44.1,0.3,36.9,0.0,93.8,0.0,2021
12086000719,"Census Tract 7.19, Miami-Dade County, Florida",40.9,11.4,63.9,11.1,0.0,15.6,40.9,24196,39729,14506,2.7,0.0,50.6,28.5,3.4,0.0,0.0,14.7,0.0,0.0,42.3,45.9,30.5,16.7,31.0,31.9,20.4,77.9,22.1,-666666666,0.0,100.0,433,94.0,6.0,1251,54.7,17.4,23.3,93.0,0.6,6.2,0.0,98.0,0.0,2021
12086000720,"Census Tract 7.20, Miami-Dade County, Florida",51.5,0.7,78.1,0.0,1.5,8.5,29.4,38125,61103,23073,12.4,7.3,16.7,9.4,10.7,17.4,15.0,2.9,1.2,7.0,17.6,42.9,18.4,16.3,34.8,27.3,21.6,38.9,61.1,1130,9.6,75.7,1330,96.2,3.8,3622,52.4,12.0,27.4,64.3,0.1,30.1,0.0,94.8,0.2,2021
12086000804,"Census Tract 8.04, Miami-Dade County, Florida",53.8,1.9,64.7,5.9,0.3,15.2,32.6,45702,60006,22891,1.8,15.0,10.1,8.2,20.1,15.9,11.9,12.3,2.3,2.4,19.7,38.1,26.4,8.5,30.8,31.8,28.9,38.7,61.3,1457,14.4,46.7,1535,96.9,3.1,4269,50.2,13.7,25.9,56.2,3.2,27.4,0.0,95.6,0.1,2021
12086000805,"Census Tract 8.05, Miami-Dade County, Florida",56.3,8.0,79.6,0.4,1.7,11.3,26.9,52746,74883,24670,6.0,3.5,11.9,10.4,16.5,14.1,14.7,12.1,7.1,3.6,13.2,34.3,18.6,2.5,32.0,42.8,22.7,51.2,48.8,1401,5.6,56.9,1699,96.1,3.9,5623,46.8,17.7,22.1,60.7,0.0,31.1,0.1,96.0,1.1,2021
12086000806,"Census Tract 8.06, Miami-Dade County, Florida",49.6,6.4,70.1,2.7,1.5,18.3,36.4,36576,43436,18541,13.9,6.9,18.4,9.9,20.4,16.1,7.9,4.2,2.2,0.0,22.5,53.9,20.9,23.0,37.9,30.9,8.3,22.8,77.2,1106,27.4,50.3,1630,98.8,1.2,4227,49.8,14.4,30.2,63.8,3.5,22.3,0.2,94.9,0.9,2021
12086000807,"Census Tract 8.07, Miami-Dade County, Florida",54.0,7.0,76.1,6.6,0.0,1.5,28.6,27865,35929,15781,17.8,11.9,14.6,10.4,22.5,11.5,6.2,3.9,0.6,0.6,26.7,39.5,22.7,19.5,40.7,18.5,21.3,7.8,92.2,1124,8.6,65.9,1650,98.8,1.2,4039,51.6,15.1,22.4,61.3,1.9,34.5,0.6,94.5,2.6,2021
12086000808,"Census Tract 8.08, Miami-Dade County, Florida",61.3,7.6,76.1,3.0,1.6,8.4,28.0,37321,51588,19017,6.0,8.8,16.3,17.6,7.1,20.7,9.6,11.6,2.3,0.0,21.6,51.2,29.7,15.1,41.5,26.8,16.6,26.6,73.4,1230,2.6,60.8,1601,94.0,6.0,4338,43.1,19.5,20.1,66.0,1.2,30.3,0.0,94.3,0.4,2021
12086000903,"Census Tract 9.03, Miami-Dade County, Florida",58.6,0.8,77.6,2.5,0.6,4.4,30.7,38628,54513,17596,13.5,7.4,14.9,10.3,19.7,6.9,13.8,12.9,0.0,0.6,42.6,41.6,13.0,10.9,43.2,30.7,15.2,49.2,50.8,1043,0.0,59.0,1080,93.6,6.4,3455,30.8,31.3,13.5,13.3,62.0,16.5,0.0,37.2,2.5,2021
12086000904,"Census Tract 9.04, Miami-Dade County, Florida",47.4,0.0,80.1,0.0,0.0,7.5,36.7,39728,51032,17476,6.2,8.9,13.3,9.3,20.3,15.9,21.0,0.0,5.2,0.0,8.7,35.3,7.6,12.5,34.8,34.8,17.9,80.4,19.6,1558,13.2,81.6,771,94.7,5.3,2337,44.9,18.5,21.1,33.2,32.7,21.8,0.0,65.8,3.7,2021
12086000905,"Census Tract 9.05, Miami-Dade County, Florida",53.4,0.8,86.9,1.7,0.0,0.3,32.0,50638,60656,19337,15.4,6.8,10.5,11.6,4.5,17.3,14.1,11.7,7.6,0.5,14.4,51.8,29.9,1.7,42.3,23.1,32.8,61.2,38.8,1108,10.9,74.2,1190,89.3,10.7,3894,45.2,13.9,20.1,47.5,21.7,24.8,0.0,78.7,2.7,2021
12086000906,"Census Tract 9.06, Miami-Dade County, Florida",45.5,8.8,92.3,0.0,0.0,7.7,29.6,-666666666,67669,23781,19.3,0.0,5.3,29.4,0.0,5.5,16.5,16.1,8.0,0.0,17.2,28.7,23.3,0.0,28.1,55.4,16.5,53.3,46.7,1323,0.0,48.1,565,100.0,0.0,1564,48.4,8.6,29.3,27.9,39.6,18.5,0.0,76.4,2.7,2021
12086000907,"Census Tract 9.07, Miami-Dade County, Florida",53.5,0.0,93.9,0.7,0.0,4.7,36.3,50704,58345,18353,1.1,0.0,12.4,2.0,30.0,37.4,5.2,11.9,0.0,0.0,20.5,27.3,25.6,0.0,26.8,58.6,14.6,56.3,43.7,1780,12.9,59.8,519,85.5,14.5,1558,51.3,11.2,22.8,25.3,7.1,64.9,0.0,93.2,1.5,2021
12086000908,"Census Tract 9.08, Miami-Dade County, Florida",54.4,1.1,81.5,2.6,0.0,3.7,32.3,53686,66417,20802,6.3,10.6,10.8,9.7,3.8,28.2,5.2,14.9,7.8,2.7,16.7,40.0,14.8,1.8,27.8,18.1,52.3,75.3,24.7,-666666666,0.0,37.4,954,100.0,0.0,3463,47.6,16.4,22.5,57.2,3.3,14.5,0.0,92.1,3.4,2021
12086001003,"Census Tract 10.03, Miami-Dade County, Florida",55.5,6.5,84.0,1.6,1.7,1.8,28.4,42130,53808,20436,15.2,8.4,10.6,9.6,11.5,12.9,21.2,7.2,1.8,1.5,24.0,27.5,18.2,9.0,32.8,42.3,15.9,56.4,43.6,1348,5.9,58.7,2257,98.0,2.0,6380,43.7,20.3,16.1,17.7,69.8,8.1,0.0,26.3,0.6,2021
12086001004,"Census Tract 10.04, Miami-Dade County, Florida",50.7,11.9,75.6,13.7,0.0,0.9,27.2,38655,42649,15117,14.0,3.7,17.0,11.2,27.6,11.1,10.4,4.3,0.4,0.4,35.6,52.1,16.5,23.9,47.3,16.3,12.6,22.0,78.0,1107,12.1,52.1,2650,91.3,8.7,7175,29.8,30.4,11.0,16.0,69.1,8.9,0.3,30.6,1.0,2021
12086001005,"Census Tract 10.05, Miami-Dade County, Florida",34.0,7.0,80.6,4.2,0.0,1.6,34.4,24167,40604,20583,18.6,11.4,20.3,9.4,10.3,16.7,4.8,5.7,0.0,2.7,42.7,44.4,10.3,36.4,41.5,13.3,8.9,23.5,76.5,927,18.4,37.3,888,88.3,11.7,1687,57.9,13.9,39.8,14.8,77.4,3.7,1.9,15.5,3.2,2021
12086001006,"Census Tract 10.06, Miami-Dade County, Florida",54.4,14.0,60.2,22.9,0.0,10.3,39.7,34107,46709,17956,27.2,6.6,8.4,8.8,11.7,15.0,9.9,8.4,1.6,2.3,34.3,41.9,23.1,36.7,40.8,15.1,7.4,35.1,64.9,825,2.5,39.4,1815,93.9,6.1,5008,34.6,28.1,12.7,9.0,68.2,10.6,1.5,27.6,3.1,2021
12086001007,"Census Tract 10.07, Miami-Dade County, Florida",43.4,25.3,77.5,6.0,0.0,3.2,34.1,40995,45033,15016,6.4,0.0,17.6,12.3,38.3,10.8,6.3,8.3,0.0,0.0,27.9,32.9,29.7,9.0,50.5,27.0,13.5,62.7,37.3,1104,26.3,57.3,1046,98.7,1.3,3270,34.9,27.6,15.7,19.7,63.9,2.0,0.0,38.5,0.7,2021
12086001008,"Census Tract 10.08, Miami-Dade County, Florida",72.1,3.1,80.0,11.6,0.0,0.0,33.1,43348,52378,23727,3.3,0.0,10.0,16.7,32.4,18.4,10.0,7.6,1.7,0.0,19.2,48.2,26.9,8.7,56.2,17.5,17.6,40.5,59.5,752,5.4,40.3,1157,93.4,6.6,2713,38.7,22.4,9.1,10.9,66.3,0.0,0.0,40.7,6.0,2021
12086001101,"Census Tract 11.01, Miami-Dade County, Florida",56.2,7.7,69.6,7.5,0.0,7.5,31.5,54294,76507,21960,1.2,2.6,9.3,15.0,15.5,20.4,11.1,15.2,4.3,5.3,13.3,25.6,27.1,2.4,29.1,46.0,22.5,65.2,34.8,1471,0.0,63.7,1544,93.5,6.5,5608,37.2,22.9,15.6,27.5,48.0,19.8,1.9,38.1,4.1,2021
12086001102,"Census Tract 11.02, Miami-Dade County, Florida",51.1,6.2,86.6,1.6,2.4,6.3,27.9,86080,99815,25175,3.4,4.3,7.4,7.0,10.2,11.8,21.4,18.1,5.7,10.8,16.1,21.4,18.7,5.0,21.8,41.7,31.6,73.7,26.3,1667,7.8,45.3,1363,94.7,5.3,5606,32.6,15.6,11.1,31.2,51.4,7.6,2.4,27.4,4.3,2021
12086001103,"Census Tract 11.03, Miami-Dade County, Florida",60.2,10.1,77.5,4.0,0.0,13.2,31.9,59625,103870,34095,3.4,3.0,10.8,15.7,8.3,21.2,10.8,10.6,7.5,8.7,28.7,33.5,20.2,3.8,33.0,45.0,18.1,55.5,44.5,1198,11.5,49.3,1757,87.9,12.1,4936,37.0,25.3,13.1,20.9,55.9,14.4,1.1,24.8,1.6,2021
12086001104,"Census Tract 11.04, Miami-Dade County, Florida",70.6,4.4,64.4,1.1,0.4,19.7,27.1,138478,156561,54478,0.9,0.6,2.1,2.2,5.4,14.4,11.0,20.6,18.4,24.4,2.3,0.7,4.6,4.6,25.8,51.5,18.0,90.6,9.4,2643,1.9,71.8,1891,93.5,6.5,5101,40.9,27.3,13.9,58.2,16.4,9.7,3.9,32.3,3.4,2021
12086001204,"Census Tract 12.04, Miami-Dade County, Florida",66.0,5.1,84.6,0.0,0.9,4.8,34.7,59189,92909,43117,3.7,0.0,13.1,17.6,11.1,18.0,13.7,12.7,3.0,7.1,5.9,12.1,11.0,8.6,48.0,35.8,7.6,54.8,45.2,1428,16.7,49.5,2893,83.5,16.5,5487,43.4,18.2,20.7,71.5,12.2,11.2,0.6,56.0,4.0,2021
12086001205,"Census Tract 12.05, Miami-Dade County, Florida",70.6,3.6,68.3,1.6,1.5,17.4,32.1,111528,154890,56996,1.5,3.2,6.8,5.5,4.2,11.6,12.4,17.2,11.3,26.4,2.5,5.3,10.6,11.6,21.3,53.0,14.1,72.3,27.7,1680,4.2,57.7,1105,86.2,13.8,2645,40.1,24.2,9.2,76.7,7.6,9.9,3.4,33.8,2.4,2021
12086001206,"Census Tract 12.06, Miami-Dade County, Florida",62.4,10.4,70.1,4.5,2.9,14.3,28.4,91453,131250,53848,9.5,0.0,5.7,4.7,2.8,19.5,12.5,14.2,10.4,20.8,10.9,4.7,5.3,2.3,40.5,41.4,15.8,79.0,21.0,1367,5.4,70.8,2226,79.6,20.4,4435,46.8,21.1,17.3,83.0,4.5,9.2,1.6,44.7,5.8,2021
12086001207,"Census Tract 12.07, Miami-Dade County, Florida",65.9,0.0,89.2,0.0,1.3,3.4,37.5,57885,72062,19573,2.6,15.7,13.1,10.6,7.6,10.7,7.4,21.3,10.9,0.0,39.8,2.6,2.9,2.6,26.9,55.2,15.4,70.7,29.3,1440,0.0,64.6,574,94.1,5.9,2068,19.3,49.4,6.6,34.5,49.8,13.8,0.0,33.9,2.6,2021
12086001208,"Census Tract 12.08, Miami-Dade County, Florida",66.5,11.0,75.6,6.1,5.7,2.5,36.8,44798,59791,26098,8.6,0.0,15.6,9.8,19.7,15.9,11.5,14.3,1.1,3.5,18.6,27.9,16.4,10.8,48.9,40.3,0.0,15.0,85.0,1497,10.7,50.1,1423,83.3,16.7,2675,35.0,15.3,14.8,21.3,63.8,7.6,0.3,19.1,7.4,2021
12086001209,"Census Tract 12.09, Miami-Dade County, Florida",74.2,4.1,73.0,9.1,1.4,2.3,41.4,36962,52077,19550,17.0,1.4,17.5,5.9,28.3,11.8,13.5,1.8,0.0,2.8,24.0,25.2,30.2,17.3,41.2,35.8,5.7,22.4,77.6,1323,6.1,59.8,1339,92.9,7.1,3713,34.7,27.1,4.9,23.3,57.3,16.2,0.0,39.6,2.2,2021
12086001301,"Census Tract 13.01, Miami-Dade County, Florida",72.4,0.6,68.3,10.8,0.0,3.4,30.6,43792,55815,30210,13.8,5.6,9.4,16.5,7.8,25.0,6.4,8.0,4.7,2.7,13.2,19.4,24.3,24.6,53.0,19.0,3.4,26.5,73.5,1236,11.1,58.8,2857,93.7,6.3,4918,38.0,15.8,10.8,47.9,40.4,8.4,0.4,39.4,3.5,2021
12086001302,"Census Tract 13.02, Miami-Dade County, Florida",66.0,3.1,71.0,1.0,0.0,20.8,24.2,64135,105111,53838,5.9,0.0,7.7,13.4,14.2,12.2,14.4,17.7,2.8,11.5,7.1,4.4,11.2,7.2,47.6,28.6,16.7,54.3,45.7,1595,7.0,55.3,3166,84.7,15.3,5366,43.9,14.9,21.1,61.8,14.6,15.5,1.6,48.3,4.0,2021
12086001401,"Census Tract 14.01, Miami-Dade County, Florida",47.8,11.4,81.8,11.1,1.8,1.8,33.1,22287,34804,11724,14.8,15.2,25.0,11.8,11.6,11.1,5.7,3.0,1.0,0.8,40.4,51.8,22.3,29.9,42.9,24.6,2.6,14.0,86.0,1027,5.9,53.3,2386,89.4,10.6,6871,29.4,32.1,10.7,7.6,80.8,5.0,0.0,20.2,4.8,2021
12086001402,"Census Tract 14.02, Miami-Dade County, Florida",59.3,7.7,49.9,16.1,3.8,16.1,32.2,35559,58333,23231,16.9,6.5,17.5,7.4,19.6,20.0,3.1,6.2,0.0,2.8,27.0,37.6,18.0,21.6,57.7,15.5,5.2,19.4,80.6,972,4.0,59.1,2589,94.4,5.6,6320,37.2,25.7,17.1,24.7,58.7,12.2,0.0,40.4,1.3,2021
12086001501,"Census Tract 15.01, Miami-Dade County, Florida",43.8,21.5,51.9,24.0,2.3,0.0,33.5,24500,40829,15839,27.8,8.5,14.9,6.7,19.0,7.8,3.5,8.7,0.0,3.1,45.0,69.6,27.3,45.1,35.4,10.6,8.9,26.5,73.5,437,3.2,57.8,1274,76.5,23.5,2706,31.7,23.8,8.2,5.2,81.7,11.9,1.2,9.3,0.0,2021
12086001502,"Census Tract 15.02, Miami-Dade County, Florida",42.9,6.5,82.2,7.9,0.0,4.8,29.9,33983,44025,15424,23.1,2.7,9.4,17.0,25.0,13.8,2.7,4.3,1.0,1.0,28.0,57.4,12.5,14.6,49.6,14.6,21.2,28.6,71.4,934,8.2,59.1,1563,88.2,11.8,4318,26.2,33.7,8.6,13.4,80.5,4.1,0.0,29.3,1.4,2021
12086001603,"Census Tract 16.03, Miami-Dade County, Florida",47.6,3.0,73.8,1.8,0.0,5.0,30.0,49750,55338,22918,1.8,13.1,15.5,12.6,7.6,15.3,18.9,13.0,2.0,0.3,13.2,26.8,14.9,17.2,33.9,31.6,17.3,71.9,28.1,1377,3.6,38.2,1048,96.5,3.5,2659,51.6,9.9,30.5,62.0,0.8,25.8,0.0,97.3,2.1,2021
12086001605,"Census Tract 16.05, Miami-Dade County, Florida",52.0,3.1,76.9,0.6,3.0,5.0,30.7,25560,35199,17221,21.4,15.2,11.6,18.2,15.2,8.0,2.6,3.2,4.6,0.0,30.7,55.5,18.4,22.9,51.3,18.0,7.8,7.1,92.9,910,7.0,51.2,1909,92.5,7.5,3885,48.9,12.0,26.4,57.6,5.7,28.3,0.0,97.9,0.2,2021
12086001606,"Census Tract 16.06, Miami-Dade County, Florida",54.4,0.8,68.9,0.0,6.1,8.4,23.2,32122,40499,16693,12.1,5.2,15.1,19.1,21.5,13.8,8.2,4.5,0.7,0.0,17.6,41.5,24.7,17.6,44.8,31.2,6.3,17.7,82.3,1051,18.5,51.2,1696,95.9,4.1,4243,45.1,14.5,18.6,59.9,0.1,22.3,0.1,97.3,1.3,2021
12086001607,"Census Tract 16.07, Miami-Dade County, Florida",68.5,2.0,76.8,0.0,0.0,16.2,24.9,73750,78506,25173,5.7,7.1,7.8,6.3,5.5,18.5,17.7,24.8,1.1,5.5,11.4,55.2,20.0,5.9,24.0,46.5,23.6,67.1,32.9,1157,9.9,42.1,1174,96.6,3.4,3232,50.1,11.2,26.6,65.9,0.7,12.2,2.3,94.4,0.0,2021
12086001608,"Census Tract 16.08, Miami-Dade County, Florida",66.0,1.5,83.4,0.0,0.0,8.3,25.5,53333,67932,22253,5.5,5.6,13.0,6.6,17.2,17.5,17.2,9.2,4.3,3.8,8.1,35.7,19.8,6.8,22.0,32.3,38.9,69.6,30.4,1808,8.5,62.3,962,99.6,0.4,3242,40.7,14.0,18.7,57.6,1.4,33.2,1.0,94.0,2.9,2021
12086001701,"Census Tract 17.01, Miami-Dade County, Florida",53.3,8.9,87.0,3.5,2.3,3.5,34.4,32827,47009,18039,11.5,12.6,12.8,16.5,12.8,20.5,5.6,5.5,0.0,2.2,33.9,41.9,28.0,8.0,38.7,36.8,16.6,36.4,63.6,956,7.2,58.8,1760,94.0,6.0,4816,37.9,19.4,9.9,21.0,46.5,20.3,0.2,53.1,1.0,2021
12086001702,"Census Tract 17.02, Miami-Dade County, Florida",60.0,14.4,76.7,10.0,0.0,5.3,33.8,34359,49962,18995,3.0,12.9,13.6,22.0,17.2,10.0,9.7,6.6,4.3,0.7,26.9,37.5,33.4,23.1,39.7,17.7,19.5,24.8,75.2,1096,5.4,65.0,1505,90.2,9.8,3932,37.5,29.1,10.1,38.7,41.8,14.0,0.3,56.6,5.6,2021
12086001704,"Census Tract 17.04, Miami-Dade County, Florida",49.7,3.8,67.0,9.4,2.1,4.2,32.8,33210,38013,12029,13.6,2.4,19.7,18.6,16.3,15.9,12.1,1.4,0.0,0.0,31.6,33.9,40.4,17.0,37.6,27.3,18.2,31.4,68.6,1450,12.9,49.9,854,84.2,15.8,2465,35.5,26.2,15.2,49.5,3.8,31.6,0.0,89.7,8.0,2021
12086001705,"Census Tract 17.05, Miami-Dade County, Florida",72.0,3.7,87.3,6.2,0.4,0.0,26.8,45000,54994,22455,1.9,9.2,24.4,13.2,4.7,19.9,14.6,9.6,2.5,0.0,16.7,50.9,14.9,6.4,45.0,42.1,6.4,14.6,85.4,1278,6.7,37.4,703,97.3,2.7,1827,36.2,21.3,12.5,59.8,3.5,29.3,0.0,94.3,0.0,2021
12086001801,"Census Tract 18.01, Miami-Dade County, Florida",45.4,10.1,80.4,4.5,0.0,3.8,27.2,35444,43574,14658,18.9,3.5,16.4,10.5,15.2,19.7,5.8,7.9,2.0,0.0,45.1,33.1,14.9,23.8,35.8,30.5,9.9,46.0,54.0,964,8.1,57.7,1856,93.0,7.0,5296,27.6,37.9,13.9,5.2,81.3,9.6,0.1,21.2,1.9,2021
12086001802,"Census Tract 18.02, Miami-Dade County, Florida",55.8,10.4,74.9,7.7,0.0,8.7,29.9,29257,43326,15257,11.2,12.1,23.5,6.3,21.8,9.5,7.1,6.4,0.7,1.4,34.0,52.5,26.6,17.6,48.0,22.7,11.7,32.3,67.7,1335,5.0,62.6,1533,95.6,4.4,4720,31.5,28.4,7.9,33.7,26.4,17.2,0.0,70.1,4.6,2021
12086001803,"Census Tract 18.03, Miami-Dade County, Florida",56.4,6.6,73.9,20.8,0.0,0.0,34.3,18744,33109,15819,19.4,19.2,23.6,9.8,8.0,13.8,1.4,0.6,4.2,0.0,37.2,62.7,10.4,34.6,50.8,5.9,8.8,12.6,87.4,480,33.4,39.5,1636,81.2,18.8,3161,31.2,23.6,18.4,34.4,58.6,2.9,0.0,33.1,0.7,2021
12086001901,"Census Tract 19.01, Miami-Dade County, Florida",45.9,19.8,84.9,14.9,0.0,0.0,26.6,23984,40353,17467,24.6,5.1,25.4,7.5,11.4,16.1,6.3,1.9,0.0,1.6,36.4,46.9,15.8,18.5,64.9,12.7,3.9,15.9,84.1,1022,9.6,57.7,2345,86.2,13.8,5099,33.3,29.9,9.6,11.5,71.9,3.4,0.0,28.0,2.3,2021
12086001903,"Census Tract 19.03, Miami-Dade County, Florida",51.4,14.1,61.3,30.8,0.0,0.9,38.3,34042,35797,15829,29.8,3.9,10.8,6.4,18.9,16.2,12.6,1.3,0.0,0.0,25.5,39.3,31.0,29.1,50.0,13.9,7.1,18.3,81.7,1069,13.1,61.5,1528,82.7,17.3,3112,36.3,16.2,10.2,14.1,79.3,3.8,0.0,16.6,1.6,2021
12086001904,"Census Tract 19.04, Miami-Dade County, Florida",48.9,15.1,88.3,3.5,0.0,0.9,31.3,21718,36636,16486,19.5,10.9,24.0,12.0,10.2,11.4,8.2,2.9,0.0,0.9,44.2,41.2,17.9,25.7,44.6,21.1,8.5,23.1,76.9,1171,10.1,71.5,1852,92.8,7.2,4126,37.5,26.2,13.2,21.7,60.1,13.5,0.2,36.7,0.7,2021
12086002001,"Census Tract 20.01, Miami-Dade County, Florida",41.7,13.2,66.6,15.6,0.0,7.4,31.4,22020,31154,12185,30.4,7.8,24.5,9.3,8.7,6.9,4.2,7.1,0.9,0.0,33.6,53.5,44.0,36.4,41.0,14.9,7.6,16.9,83.1,717,10.3,55.0,1579,87.8,12.2,3884,37.6,21.1,20.2,10.6,72.8,1.9,10.2,17.3,3.1,2021
12086002003,"Census Tract 20.03, Miami-Dade County, Florida",34.8,19.6,65.7,21.6,3.2,4.9,33.2,20202,30507,13710,27.2,11.1,21.5,13.3,12.3,4.3,6.3,0.3,3.8,0.0,49.8,46.4,19.6,36.9,41.8,18.7,2.6,15.6,84.4,999,5.6,67.4,1505,80.7,19.3,2961,35.3,25.9,20.4,21.7,60.9,8.8,0.0,32.4,5.8,2021
12086002004,"Census Tract 20.04, Miami-Dade County, Florida",50.5,10.6,69.1,14.5,2.5,1.2,30.5,23603,38966,14172,25.6,8.2,18.0,10.3,15.3,7.1,4.3,5.4,5.8,0.0,36.0,38.6,20.0,33.2,48.2,7.8,10.8,15.0,85.0,1033,13.3,62.8,1169,88.5,11.5,3214,32.4,29.6,12.4,21.5,76.0,1.4,0.0,24.4,1.9,2021
12086002100,"Census Tract 21, Miami-Dade County, Florida",65.7,6.3,50.6,1.6,4.1,29.0,20.6,99583,163290,68386,3.0,2.9,4.5,6.1,11.3,16.0,6.5,8.5,6.7,34.5,6.1,3.1,12.5,11.5,43.5,29.5,15.5,47.9,52.1,1649,7.3,42.4,1402,78.5,21.5,2687,40.3,14.1,13.0,62.1,9.5,19.0,5.8,51.1,2.8,2021
12086002201,"Census Tract 22.01, Miami-Dade County, Florida",67.5,4.1,65.3,0.0,10.2,11.8,24.5,65162,67994,26679,9.1,4.6,11.0,7.1,6.0,26.4,19.3,10.8,3.2,2.6,24.4,17.8,22.1,5.2,44.9,41.2,8.7,30.2,69.8,1788,20.9,53.5,1213,88.0,12.0,3081,38.8,18.3,16.3,57.1,28.7,11.3,0.6,47.4,2.5,2021
12086002202,"Census Tract 22.02, Miami-Dade County, Florida",52.7,8.6,73.6,12.4,1.0,3.5,30.6,44134,69293,24382,10.5,5.5,12.8,5.8,21.4,14.5,12.1,10.9,4.8,1.7,17.9,33.3,28.4,13.9,32.6,46.1,7.4,59.9,40.1,1276,16.1,49.7,2070,89.2,10.8,5559,42.1,16.0,18.1,18.2,64.3,8.0,0.6,26.9,5.5,2021
12086002300,"Census Tract 23, Miami-Dade County, Florida",48.2,5.4,77.9,5.8,1.4,4.0,28.6,40144,48468,15750,19.5,1.9,8.8,16.0,19.1,16.5,7.6,5.4,3.9,1.2,33.1,40.5,15.1,24.2,23.0,37.9,14.9,52.9,47.1,1303,18.4,63.4,2086,79.8,20.2,5657,37.3,28.3,14.4,23.5,56.5,1.0,1.7,41.7,1.1,2021
12086002402,"Census Tract 24.02, Miami-Dade County, Florida",58.9,9.5,75.7,8.4,4.2,5.4,30.5,36109,50153,18692,10.6,10.1,14.9,11.3,19.6,12.2,6.9,10.6,2.3,1.4,18.0,39.3,32.6,18.2,44.1,20.1,17.6,27.8,72.2,1132,9.2,57.1,1956,97.3,2.7,6224,36.9,20.9,15.3,55.6,7.6,31.6,0.2,88.9,2.4,2021
12086002403,"Census Tract 24.03, Miami-Dade County, Florida",63.9,5.4,86.1,9.6,0.0,1.0,33.2,39741,55700,19703,4.5,15.7,10.6,12.3,15.3,16.6,5.1,13.7,4.7,1.4,30.1,47.1,24.5,18.1,34.7,32.9,14.2,26.2,73.8,1227,5.9,65.1,1405,98.9,1.1,4266,40.2,19.7,16.1,55.6,5.7,22.8,0.0,94.1,0.8,2021
12086002404,"Census Tract 24.04, Miami-Dade County, Florida",39.8,8.2,57.8,12.1,10.4,0.0,35.7,16515,24993,12233,23.5,20.4,20.4,11.3,11.5,11.5,1.4,0.0,0.0,0.0,41.2,71.5,21.2,25.2,57.9,12.0,4.9,13.2,86.8,760,11.7,50.5,2603,94.2,5.8,5537,53.5,17.9,32.1,60.3,10.3,23.2,0.0,91.6,4.4,2021
12086002501,"Census Tract 25.01, Miami-Dade County, Florida",50.6,11.7,72.9,8.7,1.5,0.1,30.4,32635,42147,14042,3.6,9.4,14.6,28.5,14.1,14.7,11.2,3.3,0.5,0.0,24.2,51.4,22.2,9.3,52.2,28.0,10.5,32.2,67.8,1228,8.3,63.7,1955,94.4,5.6,5932,44.1,22.9,14.2,39.9,12.3,31.6,0.0,86.3,9.3,2021
12086002502,"Census Tract 25.02, Miami-Dade County, Florida",47.3,6.5,73.7,4.5,0.8,2.4,31.5,36861,42448,15295,13.1,13.1,7.8,13.1,26.3,12.1,6.3,8.1,0.0,0.0,25.9,27.7,39.8,25.0,44.6,23.9,6.6,37.3,62.7,1201,9.9,67.5,1258,94.5,5.5,3502,39.4,25.4,16.1,21.5,38.7,10.9,0.6,61.7,4.1,2021
12086002600,"Census Tract 26, Miami-Dade County, Florida",72.4,2.0,54.0,8.3,4.5,17.1,29.1,58319,84624,35258,3.9,6.1,9.1,5.7,17.3,19.3,10.0,12.0,7.5,9.1,12.7,31.6,19.5,19.8,54.2,23.2,2.8,17.0,83.0,1783,9.0,52.9,3269,79.0,21.0,6426,36.3,18.9,11.5,42.7,8.0,29.0,0.0,78.7,6.9,2021
12086002702,"Census Tract 27.02, Miami-Dade County, Florida",65.9,10.8,55.7,7.2,8.0,17.9,30.8,59307,87707,39783,6.9,0.5,8.6,13.1,7.9,23.7,8.6,23.5,2.6,4.5,28.8,8.0,24.3,13.6,60.2,23.6,2.6,5.6,94.4,1986,15.2,51.4,1941,86.8,13.2,4128,33.6,10.2,7.1,52.5,17.6,22.2,0.0,64.8,5.5,2021
12086002705,"Census Tract 27.05, Miami-Dade County, Florida",67.6,8.1,55.3,1.7,3.1,17.7,33.5,68065,106829,49517,3.0,0.4,0.0,3.9,15.3,30.8,7.5,20.1,5.5,13.5,6.0,19.4,25.2,18.3,40.3,35.8,5.6,18.0,82.0,2086,25.4,28.9,2827,74.0,26.0,4708,33.0,12.4,9.6,69.1,6.8,19.2,0.4,69.1,3.7,2021
12086002707,"Census Tract 27.07, Miami-Dade County, Florida",79.5,2.0,67.5,1.1,0.0,17.4,23.3,75938,118410,68599,11.5,0.0,8.5,8.7,8.6,10.5,14.0,10.9,8.5,18.8,7.5,0.0,4.5,12.5,60.2,24.6,2.6,41.5,58.5,2545,4.9,42.3,1491,66.1,33.9,1699,37.2,16.7,3.4,76.2,9.4,10.8,3.6,46.1,1.1,2021
12086002708,"Census Tract 27.08, Miami-Dade County, Florida",74.8,4.9,49.1,5.5,2.3,32.9,25.9,63125,79785,45468,4.6,1.4,17.6,2.8,12.8,29.5,12.6,9.7,3.2,5.8,9.3,2.3,12.5,5.4,72.1,18.4,4.1,18.8,81.2,1928,8.3,49.4,1541,84.6,15.4,2368,36.6,10.2,9.9,55.9,7.0,24.1,3.7,58.2,8.3,2021
12086002709,"Census Tract 27.09, Miami-Dade County, Florida",78.0,5.0,59.7,0.6,4.5,19.1,22.4,107519,133729,87919,2.6,6.4,3.2,3.9,5.7,10.8,16.8,25.5,8.4,16.7,11.5,0.0,10.1,12.0,70.2,17.0,0.8,39.3,60.7,2261,4.1,39.1,3691,74.2,25.8,4248,33.7,3.5,3.8,61.6,7.6,12.9,10.6,46.6,2.1,2021
12086002710,"Census Tract 27.10, Miami-Dade County, Florida",64.9,0.2,69.7,8.6,5.3,8.0,23.9,103020,191722,127763,9.5,0.0,3.5,1.7,9.1,19.3,3.1,28.0,2.6,23.1,13.8,1.7,12.4,6.0,55.5,37.4,1.1,47.0,53.0,2076,0.0,37.5,1609,70.1,29.9,1700,42.5,5.9,21.4,54.9,7.5,31.7,0.0,49.0,1.1,2021
12086002800,"Census Tract 28, Miami-Dade County, Florida",52.6,17.6,54.9,7.9,7.1,19.4,30.7,30701,51797,22123,15.2,11.7,15.0,17.0,4.7,15.7,5.5,10.2,2.2,2.7,55.6,32.7,28.7,28.7,63.3,8.0,0.0,1.2,98.8,1245,8.5,57.9,537,74.7,25.3,1076,42.4,14.8,9.1,27.0,39.1,15.4,0.7,56.2,2.6,2021
12086002900,"Census Tract 29, Miami-Dade County, Florida",53.5,7.7,74.2,12.4,3.0,1.9,29.6,37824,42849,14780,12.0,11.2,14.4,11.0,14.8,21.1,7.9,7.4,0.2,0.0,27.8,55.1,27.6,24.0,42.5,27.4,6.1,20.2,79.8,1152,3.3,59.3,1770,98.3,1.7,5850,39.5,20.4,14.4,57.8,12.0,21.5,1.4,82.5,2.9,2021
12086003001,"Census Tract 30.01, Miami-Dade County, Florida",53.6,4.8,72.4,9.9,2.7,4.7,28.1,24828,45532,22368,30.1,10.6,9.5,9.4,12.1,14.3,3.1,5.6,0.7,4.5,42.6,32.9,24.1,34.1,42.5,17.6,5.7,21.3,78.7,993,20.5,58.3,1667,85.8,14.2,3001,42.8,14.1,17.7,51.6,14.6,29.0,4.4,68.9,4.6,2021
12086003004,"Census Tract 30.04, Miami-Dade County, Florida",33.2,1.8,72.7,5.0,7.7,2.8,28.5,24162,36292,14534,26.3,10.1,15.0,5.3,13.4,17.7,8.7,2.6,0.0,1.0,30.8,47.6,24.7,24.2,57.9,16.8,1.1,3.4,96.6,1021,15.8,44.3,2258,92.5,7.5,5844,39.0,7.5,16.8,40.0,29.8,24.6,1.7,70.4,2.2,2021
12086003005,"Census Tract 30.05, Miami-Dade County, Florida",44.8,0.0,75.1,6.2,11.5,0.0,28.7,30303,35174,17638,0.0,11.9,28.9,34.7,5.9,13.9,0.0,4.6,0.0,0.0,30.0,44.0,14.3,18.4,54.8,26.8,0.0,28.5,71.5,1159,0.0,69.5,745,86.7,13.3,1417,45.9,9.5,24.9,50.2,0.0,44.7,0.0,99.2,0.0,2021
12086003006,"Census Tract 30.06, Miami-Dade County, Florida",51.5,6.6,76.3,6.4,3.7,2.1,30.5,25151,38013,14771,11.7,17.9,20.2,8.4,15.9,9.3,9.1,7.6,0.0,0.0,35.6,40.1,26.1,24.5,44.8,16.5,14.1,11.4,88.6,1269,5.6,65.5,1801,93.0,7.0,4603,44.4,17.7,13.6,72.1,0.5,24.3,0.0,89.7,3.0,2021
12086003100,"Census Tract 31, Miami-Dade County, Florida",40.3,27.6,60.1,16.8,7.7,2.4,29.3,26229,39224,14376,23.4,10.3,12.9,17.2,5.8,13.6,10.2,4.4,1.4,0.6,48.2,50.0,17.5,31.1,39.4,12.4,17.2,12.1,87.9,860,4.0,52.7,2055,86.6,13.4,5563,34.2,24.2,9.5,22.6,69.2,7.4,0.4,32.8,2.1,2021
12086003400,"Census Tract 34, Miami-Dade County, Florida",64.5,6.7,60.3,22.7,7.1,1.9,28.6,30875,33611,17161,17.1,11.8,12.9,16.2,27.0,5.2,6.1,3.6,0.0,0.0,28.2,48.6,31.2,47.1,35.9,15.4,1.5,2.8,97.2,1037,10.7,62.4,1748,87.1,12.9,3118,36.6,17.7,10.1,30.8,52.3,12.3,0.0,49.4,0.3,2021
12086003603,"Census Tract 36.03, Miami-Dade County, Florida",59.2,10.8,48.1,10.5,5.2,7.6,27.0,30253,39393,20864,17.4,22.3,6.4,12.9,7.8,11.3,17.4,4.4,0.0,0.0,36.9,28.1,28.6,47.2,31.5,14.0,7.3,7.4,92.6,1119,10.1,52.4,1010,77.2,22.8,1603,42.3,12.3,16.5,73.9,4.7,9.6,0.0,81.6,0.9,2021
12086003604,"Census Tract 36.04, Miami-Dade County, Florida",80.0,0.0,40.4,12.6,11.9,16.1,27.1,55394,77102,34344,9.1,3.8,1.7,15.0,19.4,24.2,5.5,7.0,7.9,6.5,5.6,25.0,28.5,24.0,53.4,21.4,1.2,10.9,89.1,1464,11.0,43.3,1433,79.1,20.9,2688,36.2,12.8,8.6,64.2,4.4,27.2,0.0,81.8,2.2,2021
12086003605,"Census Tract 36.05, Miami-Dade County, Florida",56.7,1.2,53.2,18.6,13.1,4.6,26.9,25905,51834,29673,12.5,12.4,23.2,7.5,11.7,11.5,11.2,4.6,1.0,4.5,27.3,53.7,20.6,39.6,43.1,13.7,3.7,9.0,91.0,1113,4.4,37.2,1754,82.2,17.8,2627,51.9,10.0,29.4,75.2,10.3,10.4,0.0,83.6,2.6,2021
12086003606,"Census Tract 36.06, Miami-Dade County, Florida",49.6,6.0,64.3,9.2,5.5,1.2,29.4,16268,33193,21095,22.8,24.2,14.5,4.7,13.7,6.4,8.6,3.5,0.4,1.2,39.9,63.6,13.3,37.9,52.2,6.4,3.5,0.0,100.0,804,23.0,46.7,1261,96.0,4.0,1938,53.8,7.4,34.9,61.8,7.1,19.8,0.0,79.3,4.5,2021
12086003607,"Census Tract 36.07, Miami-Dade County, Florida",62.7,11.3,78.4,2.6,4.3,0.0,22.7,25268,31150,15376,21.3,11.0,16.9,15.2,20.9,9.5,1.9,2.7,0.0,0.5,38.9,37.5,26.3,19.8,59.2,19.8,1.2,7.8,92.2,1103,13.5,64.1,944,98.0,2.0,2034,32.3,25.1,12.9,50.2,32.5,14.8,2.5,66.6,1.4,2021
12086003703,"Census Tract 37.03, Miami-Dade County, Florida",83.4,3.8,40.7,7.6,12.3,32.4,25.1,104399,162876,87821,6.9,0.5,4.2,3.6,5.5,10.6,11.7,26.0,10.1,21.0,9.1,4.5,19.5,13.2,67.8,17.5,1.5,24.0,76.0,2313,7.6,36.4,2076,71.6,28.4,2809,32.0,7.9,1.5,53.2,4.7,31.5,8.7,50.7,3.6,2021
12086003704,"Census Tract 37.04, Miami-Dade County, Florida",81.8,0.0,48.5,10.2,25.8,4.8,19.8,66711,65682,47215,7.2,2.3,6.5,10.6,2.8,30.9,25.5,10.7,1.8,1.7,8.9,11.2,10.3,29.0,63.5,7.5,0.0,10.4,89.6,1754,12.5,44.0,1320,76.3,23.7,1452,33.7,8.7,7.0,68.0,8.5,12.7,1.9,57.3,0.8,2021
12086003705,"Census Tract 37.05, Miami-Dade County, Florida",79.7,2.2,54.6,5.8,24.4,6.5,21.4,86885,121390,71024,6.0,0.0,3.6,6.8,6.4,16.9,20.4,10.9,14.6,14.3,4.0,4.1,10.3,5.9,68.6,25.4,0.0,36.1,63.9,2455,4.0,56.1,1413,72.6,27.4,1836,31.1,8.9,2.0,64.5,5.3,25.2,2.2,60.5,0.7,2021
12086003706,"Census Tract 37.06, Miami-Dade County, Florida",3.7,0.0,56.5,0.0,0.0,43.5,-999999999.0,-666666666,87609,5853,0.0,13.0,0.0,0.0,0.0,43.5,0.0,43.5,0.0,0.0,0.0,0.0,0.0,0.0,100.0,0.0,0.0,0.0,100.0,1288,0.0,13.0,89,51.7,48.3,1246,37.5,0.0,0.0,55.4,40.3,3.6,0.7,54.0,8.5,2021
12086003707,"Census Tract 37.07, Miami-Dade County, Florida",77.6,4.7,46.8,20.9,6.3,16.4,22.1,83065,96011,61730,6.8,6.5,6.3,0.0,7.7,20.4,7.2,25.3,12.5,7.4,10.1,11.1,12.3,14.2,71.6,13.0,1.3,22.9,77.1,2115,4.8,32.2,1562,70.7,29.3,1729,32.8,5.3,11.5,67.0,6.1,10.3,8.4,54.9,8.4,2021
12086003708,"Census Tract 37.08, Miami-Dade County, Florida",72.8,3.6,37.8,3.4,23.1,20.2,19.6,111974,121821,68979,11.6,0.0,0.0,3.8,3.8,16.2,12.5,22.2,11.9,18.2,8.3,2.7,6.5,4.4,74.8,20.9,0.0,43.1,56.9,2219,11.1,38.5,833,80.0,20.0,1171,35.0,11.2,10.8,70.0,0.0,21.0,5.2,62.9,11.4,2021
12086003709,"Census Tract 37.09, Miami-Dade County, Florida",88.5,0.0,71.5,8.6,0.4,1.2,29.5,49770,62263,36532,4.4,2.8,3.3,8.5,33.1,20.8,12.1,10.8,4.2,0.0,9.9,1.0,25.7,0.6,75.1,21.0,3.3,8.2,91.8,1773,4.0,62.4,826,87.2,12.8,1268,31.0,11.8,0.3,82.1,7.3,6.0,0.6,63.4,1.7,2021
12086003710,"Census Tract 37.10, Miami-Dade County, Florida",73.1,7.5,50.2,6.9,6.7,20.4,20.7,89975,127143,58856,4.1,5.0,1.2,7.6,8.4,15.8,10.3,25.5,8.9,13.3,19.2,4.5,21.4,6.6,68.1,24.6,0.7,17.6,82.4,2371,5.7,52.0,3168,84.5,15.5,5953,34.9,8.4,3.1,43.7,10.4,40.3,4.2,56.7,4.0,2021
12086003801,"Census Tract 38.01, Miami-Dade County, Florida",71.8,4.6,63.3,3.8,2.4,19.4,30.3,79792,130100,49285,5.3,1.2,6.1,4.7,11.8,17.6,7.1,20.6,5.9,19.6,8.8,5.4,10.5,8.0,43.0,41.9,7.0,51.3,48.7,1939,18.5,54.1,2690,81.7,18.3,5934,36.9,30.1,10.7,62.1,4.5,22.9,1.2,53.9,3.8,2021
12086003803,"Census Tract 38.03, Miami-Dade County, Florida",41.8,9.5,63.7,0.0,5.0,21.0,34.1,81424,199637,89702,3.2,11.0,4.9,6.1,8.5,11.8,12.4,10.5,1.7,29.8,21.7,3.5,11.5,4.7,58.4,19.4,17.5,75.0,25.0,1988,0.0,65.6,3774,36.5,63.5,3037,53.6,15.7,36.1,81.0,1.7,11.8,0.0,33.6,5.1,2021
12086003804,"Census Tract 38.04, Miami-Dade County, Florida",58.5,4.9,65.9,6.8,4.1,15.0,33.1,67544,107104,40475,9.5,3.2,11.5,3.9,13.4,14.7,6.4,7.3,16.1,13.9,12.9,13.6,8.4,9.8,43.6,37.5,9.1,60.2,39.8,1692,12.7,72.9,3830,55.1,44.9,5665,41.5,32.4,19.6,82.5,3.6,8.5,0.7,37.9,2.9,2021
12086003906,"Census Tract 39.06, Miami-Dade County, Florida",60.6,2.3,75.8,0.0,1.1,14.0,25.5,179712,347314,115855,0.6,0.4,0.6,0.6,4.3,7.3,5.4,12.1,22.7,46.2,2.1,2.4,6.8,3.9,25.1,49.1,22.0,95.3,4.7,1688,14.7,61.8,1116,81.5,18.5,2838,45.2,30.3,15.8,86.2,0.0,10.6,0.2,30.2,2.6,2021
12086003909,"Census Tract 39.09, Miami-Dade County, Florida",67.2,3.1,70.5,10.6,1.8,11.0,27.4,36767,68345,39554,12.7,13.7,12.7,8.5,7.6,23.8,6.3,8.2,0.7,5.8,22.3,19.3,24.6,37.7,32.6,25.6,4.2,17.6,82.4,1328,19.6,45.0,1200,71.4,28.6,1528,47.4,5.5,25.7,52.0,6.7,25.2,1.6,66.1,1.0,2021
12086003911,"Census Tract 39.11, Miami-Dade County, Florida",68.7,10.5,57.2,21.6,3.3,7.5,35.5,42169,59110,27352,7.4,10.4,16.8,7.7,11.5,19.1,14.1,3.1,7.8,2.1,20.1,20.8,26.7,21.8,45.9,23.9,8.5,33.1,66.9,1235,8.6,55.5,2613,76.7,23.3,4506,41.2,14.0,11.8,37.8,8.3,40.9,0.5,74.5,0.6,2021
12086003912,"Census Tract 39.12, Miami-Dade County, Florida",64.4,4.4,50.6,8.7,6.2,9.8,30.8,46750,78217,34521,18.0,2.4,10.9,2.8,16.5,15.7,8.8,12.2,4.7,8.0,14.6,26.4,18.3,13.4,59.7,20.7,6.2,23.3,76.7,1470,7.5,64.3,1930,89.1,10.9,3949,39.6,21.4,8.2,55.3,4.4,21.2,0.0,74.2,2.6,2021
12086003913,"Census Tract 39.13, Miami-Dade County, Florida",68.7,4.4,59.6,12.2,3.6,10.7,26.7,38858,63055,33382,7.5,5.9,15.0,16.7,17.7,14.4,7.6,2.2,9.4,3.6,15.8,18.4,20.0,23.7,54.5,20.5,1.3,28.1,71.9,1320,8.8,65.3,2432,80.5,19.5,3791,46.5,13.2,15.5,59.6,5.6,10.9,0.4,65.6,2.0,2021
12086003914,"Census Tract 39.14, Miami-Dade County, Florida",62.7,3.6,46.0,7.4,5.2,17.5,34.4,40278,84845,50645,12.9,5.2,10.8,18.6,12.9,10.1,12.1,6.4,4.8,6.3,25.0,14.5,25.5,22.9,64.8,12.3,0.0,35.4,64.6,1342,19.6,61.2,3397,62.5,37.5,3540,50.5,7.3,26.5,55.1,7.6,29.0,1.3,71.0,1.2,2021
12086003915,"Census Tract 39.15, Miami-Dade County, Florida",71.3,5.7,58.6,5.8,5.4,10.8,30.6,58807,89539,41875,1.7,5.5,6.4,14.9,11.2,20.2,15.5,11.9,6.6,6.2,5.1,16.6,14.6,23.6,36.8,30.7,8.9,41.0,59.0,1471,9.8,54.6,2526,85.8,14.2,4913,44.4,15.7,16.6,65.6,3.6,16.3,2.3,71.5,5.4,2021
12086003916,"Census Tract 39.16, Miami-Dade County, Florida",61.0,6.0,44.9,11.5,0.0,23.9,31.9,56232,76063,32921,4.3,3.8,8.7,10.9,17.6,25.4,10.1,8.2,5.9,5.0,10.9,29.6,14.6,15.2,44.9,32.5,7.4,31.2,68.8,1573,17.2,51.2,2016,86.8,13.2,4108,39.5,18.5,10.6,52.4,3.7,21.2,3.3,64.8,6.0,2021
12086003917,"Census Tract 39.17, Miami-Dade County, Florida",71.3,4.6,55.4,3.0,0.0,12.6,30.2,62183,80165,33034,3.0,7.8,6.7,4.0,8.5,30.8,18.3,7.0,8.9,5.0,9.6,16.0,22.7,5.6,40.0,48.5,5.9,36.6,63.4,1783,7.7,53.7,2558,81.7,18.3,5352,43.5,16.3,11.7,55.4,4.7,21.2,2.0,62.7,3.6,2021
12086003918,"Census Tract 39.18, Miami-Dade County, Florida",81.5,4.7,73.0,1.4,0.0,13.4,31.4,79722,98904,46527,4.2,2.1,0.3,6.7,16.1,18.5,18.0,13.2,13.2,7.8,5.2,2.1,12.4,4.4,54.6,35.2,5.8,34.9,65.1,2023,9.2,46.7,1650,75.5,24.5,2705,37.0,15.7,4.5,60.7,1.4,23.0,5.4,56.3,3.1,2021
12086003919,"Census Tract 39.19, Miami-Dade County, Florida",64.2,4.9,52.6,1.1,0.8,37.9,23.4,109063,126634,68033,3.8,1.3,6.4,4.8,5.0,20.3,4.3,27.2,14.0,12.9,2.4,1.0,8.4,0.0,54.0,40.6,5.4,56.8,43.2,2306,13.8,38.1,2394,50.1,49.9,2493,39.9,20.2,18.9,67.7,1.2,26.5,0.9,45.4,2.6,2021
12086003921,"Census Tract 39.21, Miami-Dade County, Florida",61.6,6.1,58.8,6.2,0.5,23.9,35.7,90571,233755,102246,5.7,1.6,4.7,7.2,9.0,13.4,13.2,9.3,13.2,22.8,6.4,1.3,13.2,2.7,53.6,35.8,7.9,56.5,43.5,2684,5.5,46.7,3166,44.0,56.0,3223,44.8,19.0,22.5,76.9,3.2,8.1,2.2,59.7,5.3,2021
12086003922,"Census Tract 39.22, Miami-Dade County, Florida",59.5,3.5,43.5,7.9,5.2,25.3,24.4,84010,163489,75524,0.7,2.4,6.7,3.9,15.1,19.8,7.1,16.5,9.7,18.1,4.1,3.5,12.0,7.5,72.1,20.4,0.0,44.7,55.3,2155,16.8,36.5,3034,33.9,66.1,2299,45.5,16.2,22.9,64.7,0.0,16.3,5.0,60.1,5.1,2021
12086004000,"Census Tract 40, Miami-Dade County, Florida",69.6,1.1,57.3,2.6,8.9,21.9,21.1,114871,239575,78402,5.9,0.0,1.3,6.8,1.5,9.3,10.3,15.3,11.6,38.0,4.9,5.3,2.3,4.2,33.1,49.3,13.4,77.5,22.5,1930,26.7,36.0,3121,50.8,49.2,5046,31.5,36.8,11.3,91.0,0.6,6.0,0.4,36.5,5.1,2021
12086004102,"Census Tract 41.02, Miami-Dade County, Florida",52.9,1.5,57.7,0.0,1.3,25.4,25.4,145250,281861,141022,2.5,3.3,3.9,3.9,2.5,10.4,11.0,13.2,12.2,37.0,7.6,1.4,10.2,9.0,48.0,29.6,13.3,71.8,28.2,2394,3.4,44.7,1898,62.1,37.9,2511,50.6,14.5,28.1,82.6,4.0,11.2,1.9,27.1,1.1,2021
12086004103,"Census Tract 41.03, Miami-Dade County, Florida",57.4,4.4,62.4,5.3,12.7,8.6,27.6,38423,81828,45812,16.1,9.0,13.3,7.7,12.7,8.6,11.6,4.3,10.4,6.3,23.2,36.8,14.7,28.3,56.2,13.7,1.8,17.5,82.5,1315,14.1,36.1,2225,56.7,43.3,2277,53.1,7.5,36.3,57.8,4.5,25.4,1.1,74.4,1.4,2021
12086004105,"Census Tract 41.05, Miami-Dade County, Florida",65.6,2.3,40.5,4.1,7.2,12.7,22.3,-666666666,97298,58936,10.4,1.7,7.8,29.3,2.9,8.7,7.1,17.2,2.9,12.1,16.8,4.6,11.4,27.6,58.7,8.8,4.8,44.1,55.9,1244,4.6,75.6,2766,59.3,40.7,2788,40.9,7.7,18.3,60.8,14.4,20.3,0.6,45.0,0.4,2021
12086004106,"Census Tract 41.06, Miami-Dade County, Florida",69.8,4.3,56.9,0.1,3.9,23.7,24.6,157938,310067,133233,3.1,0.0,1.8,2.9,1.8,6.3,11.0,22.8,6.4,44.0,2.5,2.2,3.1,8.4,36.6,47.8,7.2,66.9,33.1,3153,0.0,14.7,1507,68.9,31.1,2556,41.5,22.0,16.5,79.2,7.4,4.9,6.8,20.3,3.7,2021
12086004204,"Census Tract 42.04, Miami-Dade County, Florida",77.6,5.4,29.5,5.9,18.6,15.5,25.2,44320,75057,46893,5.1,0.7,15.8,12.4,20.1,17.1,6.7,11.3,6.2,4.6,18.9,12.2,32.1,54.8,31.4,12.1,1.7,14.2,85.8,1516,9.5,47.6,1705,84.5,15.5,2420,37.8,9.8,7.6,65.5,1.2,5.2,2.1,66.7,1.0,2021
12086004205,"Census Tract 42.05, Miami-Dade County, Florida",70.8,4.6,36.3,5.1,36.2,10.7,21.6,47213,95734,58879,11.5,2.2,11.9,11.3,14.6,9.1,14.9,8.3,9.2,7.1,16.2,11.2,27.3,44.8,47.2,8.1,0.0,33.3,66.7,1471,11.0,49.0,2305,52.5,47.5,1996,40.5,9.5,17.4,73.6,5.7,7.6,0.6,51.7,0.7,2021
12086004206,"Census Tract 42.06, Miami-Dade County, Florida",64.8,0.0,66.3,2.2,11.4,9.3,24.0,-666666666,67794,34948,10.9,11.4,6.9,12.8,8.6,13.5,23.8,3.1,1.1,7.9,37.4,31.4,5.4,21.6,34.8,42.6,1.1,39.2,60.8,1346,7.5,62.9,1457,62.4,37.6,1907,47.8,10.6,19.7,69.6,3.3,19.3,1.1,68.7,0.7,2021
12086004207,"Census Tract 42.07, Miami-Dade County, Florida",76.7,5.4,36.0,5.1,17.4,12.6,24.6,52802,90964,51969,7.4,1.4,10.6,8.4,13.8,16.8,10.9,16.2,5.4,9.2,8.7,6.6,20.9,22.4,55.6,21.1,0.9,4.4,95.6,2169,5.3,54.1,2016,62.8,37.2,2335,35.9,11.3,3.8,72.3,7.7,0.0,0.3,37.4,4.9,2021
12086004208,"Census Tract 42.08, Miami-Dade County, Florida",54.6,17.5,31.6,6.7,2.8,12.3,24.9,73171,85202,64919,9.4,6.5,15.1,0.5,8.9,12.7,17.4,12.8,4.7,11.9,20.0,11.9,6.3,31.7,51.6,16.7,0.0,33.8,66.2,1812,0.0,49.1,1223,76.2,23.8,1213,38.4,3.1,25.9,76.9,2.6,2.7,16.2,47.7,4.5,2021
12086004301,"Census Tract 43.01, Miami-Dade County, Florida",66.5,5.0,49.1,5.1,3.0,25.7,28.8,74744,104268,62087,5.0,0.5,5.4,9.5,8.0,22.6,15.5,15.6,7.1,10.9,6.3,5.0,12.4,20.3,66.8,10.6,2.3,39.9,60.1,1934,21.0,36.4,2154,63.3,36.7,2382,35.4,10.5,8.1,61.9,12.8,7.6,2.4,41.7,1.1,2021
12086004303,"Census Tract 43.03, Miami-Dade County, Florida",86.0,1.2,30.5,12.8,14.0,3.9,26.8,48920,79109,41522,4.0,4.3,13.8,17.0,11.6,25.5,10.2,6.5,3.2,3.8,11.4,10.6,46.3,45.8,45.5,8.7,0.0,18.9,81.1,1492,17.5,50.8,1758,73.3,26.7,2366,38.5,7.0,10.2,49.3,4.9,13.7,3.1,58.7,0.5,2021
12086004304,"Census Tract 43.04, Miami-Dade County, Florida",73.8,3.4,50.2,5.5,5.9,10.7,19.1,57381,75121,45953,7.5,6.9,5.2,6.2,13.8,24.2,10.6,10.4,9.5,5.6,15.4,8.9,25.3,25.1,53.7,20.6,0.6,37.8,62.2,1585,24.5,39.6,1581,74.3,25.7,2058,36.4,9.9,8.6,67.8,2.5,11.6,0.9,59.4,2.3,2021
12086004403,"Census Tract 44.03, Miami-Dade County, Florida",72.1,4.4,41.2,7.3,19.3,14.8,22.2,47976,80632,45997,6.4,9.7,7.1,10.5,19.1,14.9,13.1,8.8,5.3,5.1,20.8,17.7,31.9,42.4,49.7,6.4,1.5,16.5,83.5,1569,5.9,44.1,2325,75.5,24.5,3207,36.5,14.0,10.2,59.1,4.5,14.4,0.8,58.4,1.2,2021
12086004404,"Census Tract 44.04, Miami-Dade County, Florida",46.9,9.1,51.2,1.4,17.6,10.0,22.0,26203,49841,31220,22.1,18.3,7.7,8.4,16.2,8.3,6.0,7.9,1.8,3.3,34.2,37.0,22.8,41.0,47.5,9.8,1.7,20.3,79.7,1100,2.6,38.0,2175,61.3,38.7,2151,46.6,13.4,35.0,65.6,2.0,13.3,0.4,65.7,2.1,2021
12086004405,"Census Tract 44.05, Miami-Dade County, Florida",64.3,3.3,28.8,13.8,22.4,6.3,22.8,42064,66103,36896,8.1,15.1,14.9,4.8,13.8,15.0,9.3,14.0,2.7,2.3,24.4,28.9,32.3,50.0,34.6,9.6,5.8,20.1,79.9,1353,3.7,56.8,2232,83.9,16.1,3515,35.4,14.8,17.9,60.7,8.2,6.3,0.3,67.2,3.9,2021
12086004406,"Census Tract 44.06, Miami-Dade County, Florida",68.6,11.0,51.0,0.0,10.9,18.1,19.8,54150,102205,64408,10.6,2.7,14.2,15.7,5.0,7.8,10.1,9.1,7.4,17.4,11.9,17.5,21.4,33.7,50.9,15.5,0.0,19.6,80.4,1946,8.6,47.7,1926,73.3,26.7,2238,41.0,11.4,14.9,78.5,2.8,7.6,1.6,45.9,3.5,2021
12086004500,"Census Tract 45, Miami-Dade County, Florida",44.6,0.9,59.6,4.8,12.6,17.9,27.7,73083,230810,119780,11.1,7.1,6.3,6.4,6.0,13.7,6.5,7.1,3.6,32.3,14.5,18.9,7.6,24.9,39.2,30.7,5.1,44.1,55.9,1196,11.7,30.1,4617,42.9,57.1,3799,53.1,18.1,36.7,78.1,2.7,5.8,2.7,38.7,0.6,2021
12086004602,"Census Tract 46.02, Miami-Dade County, Florida",63.0,0.4,69.8,5.5,7.1,12.7,25.1,207931,341977,90581,1.0,0.0,0.6,0.0,2.0,11.0,7.3,15.0,12.7,50.4,4.7,1.6,4.2,0.7,14.3,46.5,38.5,81.6,18.4,2898,17.4,67.6,1365,84.2,15.8,4527,41.6,31.3,9.0,63.2,0.2,32.1,0.6,77.7,2.7,2021
12086004605,"Census Tract 46.05, Miami-Dade County, Florida",58.2,4.9,71.5,1.1,0.0,16.5,29.8,200250,226062,78870,6.1,1.6,1.6,4.5,4.9,6.3,7.4,13.1,4.4,50.1,8.5,1.9,3.7,0.9,39.6,46.2,13.3,75.9,24.1,3405,3.2,35.8,2303,53.6,46.4,3698,41.8,34.6,12.6,71.1,1.0,26.9,0.0,74.8,4.2,2021
12086004607,"Census Tract 46.07, Miami-Dade County, Florida",48.6,7.4,51.6,0.6,2.9,38.8,22.6,160368,218593,71780,5.7,0.4,3.7,3.6,9.4,9.1,6.9,8.0,10.3,42.9,9.1,0.6,1.6,2.0,43.8,44.0,10.2,63.9,36.1,2920,25.2,31.1,2722,52.6,47.4,4464,43.7,31.5,21.5,64.2,0.0,35.3,0.0,71.0,4.5,2021
12086004608,"Census Tract 46.08, Miami-Dade County, Florida",60.1,3.6,66.2,1.9,5.6,22.9,22.0,97000,177814,72231,3.3,5.5,7.7,3.7,2.4,17.9,10.1,12.2,11.2,26.0,8.6,4.8,4.2,9.9,54.6,26.7,8.8,50.5,49.5,2160,10.5,51.1,1126,69.6,30.4,1922,40.7,30.7,15.1,65.8,0.0,30.4,0.0,73.3,6.7,2021
12086004701,"Census Tract 47.01, Miami-Dade County, Florida",56.3,2.3,79.3,1.6,1.0,4.1,23.6,72917,102923,41611,4.2,10.4,5.2,10.0,5.3,15.2,11.5,10.9,12.9,14.2,10.4,7.1,7.7,7.8,38.9,35.7,17.5,77.5,22.5,1264,0.0,66.9,2114,94.7,5.3,5075,45.8,19.9,29.0,75.3,0.0,22.0,0.3,74.0,2.5,2021
12086004703,"Census Tract 47.03, Miami-Dade County, Florida",64.2,1.8,75.4,2.7,0.1,5.2,28.9,69881,83197,32278,4.9,2.1,6.9,10.9,8.4,21.5,15.6,17.9,6.1,5.7,12.5,21.2,13.2,3.3,50.9,31.6,14.2,49.8,50.2,1167,10.8,42.4,1938,94.3,5.7,4916,45.2,16.7,21.1,71.9,3.4,18.5,2.2,81.2,3.3,2021
12086004704,"Census Tract 47.04, Miami-Dade County, Florida",68.8,4.8,87.7,0.0,1.1,5.4,24.5,64286,80339,28426,5.8,7.0,6.1,3.5,18.4,11.6,20.3,15.3,6.1,5.9,10.8,11.6,15.4,5.8,30.3,43.4,20.5,60.7,39.3,1259,10.3,47.3,836,88.5,11.5,2229,42.8,17.5,16.8,71.2,2.1,22.2,0.5,78.3,1.9,2021
12086004705,"Census Tract 47.05, Miami-Dade County, Florida",73.8,1.2,68.4,1.9,4.4,23.1,19.8,84250,102757,47436,2.9,5.5,13.1,9.9,7.5,7.6,8.8,30.0,6.2,8.5,7.5,24.3,5.5,0.8,54.4,30.3,14.4,58.0,42.0,1043,5.1,68.1,1760,97.3,2.7,3889,42.2,19.6,14.5,66.2,0.9,23.9,1.0,73.5,1.5,2021
12086004901,"Census Tract 49.01, Miami-Dade County, Florida",61.8,1.9,76.6,2.4,2.5,6.6,27.5,40934,50243,24619,7.1,5.0,17.6,14.6,12.4,17.0,20.0,3.4,3.0,0.0,21.2,33.8,20.3,8.5,51.5,16.2,23.8,22.7,77.3,1288,10.8,58.2,1683,88.5,11.5,3238,47.7,10.8,18.1,60.2,5.8,28.0,0.0,92.1,1.3,2021
12086004903,"Census Tract 49.03, Miami-Dade County, Florida",64.9,1.7,69.7,12.2,0.7,5.3,27.7,32371,45119,21217,14.4,4.7,19.6,13.9,12.2,11.9,12.0,10.3,0.9,0.0,22.8,38.9,8.3,18.3,42.0,30.2,9.5,36.9,63.1,1269,0.0,85.8,1548,89.9,10.1,3309,50.1,10.8,29.1,70.0,0.0,28.1,0.0,100.0,1.9,2021
12086004904,"Census Tract 49.04, Miami-Dade County, Florida",62.2,0.8,76.9,8.2,2.9,2.7,27.2,54894,58314,22716,6.9,4.1,19.8,5.6,4.7,37.4,1.1,18.0,0.0,2.3,8.3,26.1,14.4,9.2,54.9,26.4,9.5,39.9,60.1,1474,19.0,48.6,1054,82.7,17.3,2253,46.5,15.7,33.1,49.7,3.4,34.0,0.0,88.4,5.8,2021
12086005002,"Census Tract 50.02, Miami-Dade County, Florida",60.9,5.2,79.0,6.7,0.0,6.7,30.7,48152,59018,21786,7.2,6.8,11.2,14.4,12.3,17.7,10.4,16.3,2.3,1.5,11.8,31.1,22.3,8.2,32.0,44.4,15.4,39.6,60.4,1352,6.6,60.0,1918,96.2,3.8,5116,43.3,14.8,18.3,64.5,1.4,31.5,0.0,96.7,0.9,2021
12086005003,"Census Tract 50.03, Miami-Dade County, Florida",64.0,2.9,62.1,20.3,0.0,7.4,27.2,-666666666,54238,19537,7.9,2.9,17.5,22.8,0.0,17.3,17.6,11.8,2.1,0.0,22.7,44.3,31.4,21.9,23.6,34.1,20.4,55.9,44.1,1227,4.6,75.8,1277,100.0,0.0,3791,51.5,11.7,19.8,61.8,6.0,30.1,0.0,94.2,1.1,2021
12086005004,"Census Tract 50.04, Miami-Dade County, Florida",50.4,1.1,74.7,2.3,2.8,7.8,31.2,36796,48286,17295,8.1,8.6,3.3,17.9,26.3,18.8,12.6,2.4,2.0,0.0,15.5,47.3,18.7,12.1,28.7,44.1,15.2,62.2,37.8,1200,0.0,50.6,1229,95.9,4.1,3585,47.6,13.1,18.3,68.5,0.1,21.4,0.0,99.1,0.8,2021
12086005102,"Census Tract 51.02, Miami-Dade County, Florida",58.3,1.0,75.8,5.1,1.2,5.6,30.0,24492,71934,39803,24.8,17.0,8.9,8.1,2.9,14.0,2.5,9.4,2.1,10.2,37.4,44.4,21.1,32.9,46.7,13.3,7.0,28.1,71.9,519,22.5,35.6,2554,91.3,8.7,4293,45.6,11.4,32.2,61.4,3.0,33.0,0.0,91.1,12.1,2021
12086005103,"Census Tract 51.03, Miami-Dade County, Florida",59.3,5.5,83.0,1.8,1.1,3.9,29.7,37885,51486,20579,14.2,10.0,10.7,13.0,14.5,20.7,8.7,3.7,0.0,4.5,27.1,45.1,23.1,18.6,43.0,28.0,10.4,28.9,71.1,1111,16.5,35.4,967,97.0,3.0,2586,43.2,18.0,21.0,65.2,2.1,24.4,0.0,97.7,0.7,2021
12086005104,"Census Tract 51.04, Miami-Dade County, Florida",65.0,0.9,80.7,2.6,0.8,5.2,29.4,29886,42314,19826,17.7,10.1,13.2,16.9,11.6,11.4,10.7,7.3,1.0,0.1,35.3,34.4,23.0,16.8,48.3,24.6,10.3,15.8,84.2,1286,5.6,63.4,1928,94.6,5.4,4223,41.0,15.4,14.1,57.8,10.9,22.1,0.0,86.7,0.5,2021
12086005201,"Census Tract 52.01, Miami-Dade County, Florida",65.4,0.8,54.7,17.0,3.8,2.6,30.4,28701,40872,17111,10.0,14.8,21.2,18.6,10.9,6.2,6.2,8.5,3.7,0.0,26.5,50.9,26.8,31.7,49.2,18.1,1.1,7.9,92.1,1103,7.2,60.8,2439,95.3,4.7,5520,39.2,23.3,16.1,54.4,2.8,35.7,0.0,98.1,1.0,2021
12086005202,"Census Tract 52.02, Miami-Dade County, Florida",63.8,4.2,43.7,13.0,15.9,6.6,27.9,33909,39418,15023,13.6,7.4,18.1,12.0,25.4,10.4,5.6,4.9,2.4,0.0,25.4,41.8,40.4,31.7,45.4,16.5,6.4,4.8,95.2,1167,6.3,63.8,2136,94.1,5.9,6152,40.0,22.3,14.6,63.8,4.4,27.5,0.0,95.2,3.8,2021
12086005303,"Census Tract 53.03, Miami-Dade County, Florida",61.2,5.0,57.4,19.5,0.5,4.7,31.3,32209,46253,20279,9.0,9.9,17.0,16.1,11.9,25.2,3.5,4.7,0.9,1.9,30.5,44.5,35.0,30.7,43.2,19.2,6.9,4.9,95.1,1142,5.9,56.7,1352,93.8,6.2,3235,44.5,19.6,12.3,58.9,3.1,31.7,0.0,97.3,0.3,2021
12086005304,"Census Tract 53.04, Miami-Dade County, Florida",56.4,6.1,46.4,11.7,7.5,15.5,28.9,26213,34082,15573,12.0,9.8,24.5,19.2,16.3,11.1,4.4,2.8,0.0,0.0,27.3,47.9,32.8,37.9,45.1,14.3,2.7,6.0,94.0,1059,14.3,61.5,1881,92.5,7.5,4233,41.2,13.3,17.7,61.1,4.8,29.4,1.4,90.4,1.3,2021
12086005305,"Census Tract 53.05, Miami-Dade County, Florida",61.0,6.8,60.8,26.4,2.7,0.0,27.8,31199,37957,18333,16.4,19.8,9.5,7.6,14.5,14.1,13.9,2.6,1.7,0.0,30.2,48.4,21.3,23.5,58.9,17.5,0.1,1.7,98.3,1213,16.5,49.3,2006,95.3,4.7,4155,46.5,15.2,20.5,63.8,2.3,26.0,4.0,92.1,0.8,2021
12086005306,"Census Tract 53.06, Miami-Dade County, Florida",57.1,3.7,38.6,27.7,3.4,0.0,29.6,-666666666,30998,15134,17.5,18.5,15.7,7.9,9.6,28.0,0.8,1.9,0.0,0.0,29.7,45.7,32.4,37.7,53.8,7.7,0.8,1.5,98.5,1219,22.0,54.6,2109,95.4,4.6,4339,45.9,13.0,23.9,55.9,4.7,33.7,0.0,92.0,7.1,2021
12086005403,"Census Tract 54.03, Miami-Dade County, Florida",54.7,5.2,76.6,8.6,0.0,1.5,31.6,37689,53835,16260,9.7,2.0,20.1,17.8,17.2,11.0,8.3,6.3,5.7,2.0,29.9,33.9,27.3,5.5,62.3,21.3,10.8,38.1,61.9,1167,8.6,66.8,567,89.4,10.6,1843,41.7,22.0,16.3,58.5,7.1,23.7,0.0,91.9,0.0,2021
12086005405,"Census Tract 54.05, Miami-Dade County, Florida",66.2,5.8,85.3,6.1,2.0,0.0,25.4,40565,45791,17513,8.2,5.8,10.5,18.0,21.1,19.5,10.7,3.0,3.3,0.0,24.7,36.0,27.9,10.2,29.3,49.3,11.1,21.3,78.7,1155,6.2,62.6,1268,97.0,3.0,3885,39.3,19.8,11.4,66.2,11.8,20.3,0.0,92.2,2.2,2021
12086005406,"Census Tract 54.06, Miami-Dade County, Florida",51.6,2.3,52.6,16.0,2.9,5.8,32.0,32353,163134,67526,6.6,12.5,21.1,11.9,7.7,19.4,6.2,0.7,0.0,13.9,18.0,36.4,25.7,34.8,44.4,12.1,8.7,13.4,86.6,1169,11.4,51.4,1439,96.2,3.8,3240,49.1,11.7,20.8,71.2,0.7,27.1,0.0,98.6,0.9,2021
12086005407,"Census Tract 54.07, Miami-Dade County, Florida",57.9,2.1,56.8,5.6,5.3,1.8,30.2,33056,42123,16603,8.8,10.3,18.9,12.8,18.4,20.4,5.8,2.0,2.5,0.0,21.9,34.0,23.0,27.9,38.1,23.8,10.2,29.5,70.5,1035,14.2,43.1,914,92.1,7.9,2291,44.6,17.2,25.6,43.7,3.1,50.3,0.0,96.5,7.9,2021
12086005409,"Census Tract 54.09, Miami-Dade County, Florida",53.7,5.0,65.2,6.9,5.6,5.3,34.7,23007,33402,16682,15.0,21.4,19.9,8.2,13.9,15.0,2.6,3.3,0.0,0.6,41.8,55.1,27.5,32.5,45.8,11.2,10.4,6.6,93.4,980,8.1,71.7,1884,98.8,1.2,3992,43.5,16.4,21.4,59.5,2.7,31.2,0.4,98.7,1.8,2021
12086005410,"Census Tract 54.10, Miami-Dade County, Florida",50.3,12.9,71.7,4.6,3.9,10.6,32.2,30809,36087,17069,10.7,9.7,22.7,19.7,15.3,15.4,2.2,3.2,1.2,0.0,34.3,42.3,21.7,22.2,55.2,22.1,0.4,12.1,87.9,1177,6.5,61.5,1375,83.8,16.2,2647,44.0,20.1,22.6,50.1,1.4,35.5,0.0,99.0,3.1,2021
12086005503,"Census Tract 55.03, Miami-Dade County, Florida",61.6,7.5,61.1,12.7,0.0,8.6,29.4,42424,56917,20485,4.8,3.0,14.4,23.0,10.1,21.5,10.6,8.8,1.3,2.4,14.3,22.4,13.5,16.9,26.9,35.1,21.1,42.2,57.8,1273,4.6,55.6,1356,88.3,11.7,3826,42.0,18.8,15.7,55.0,0.4,44.2,0.4,94.3,0.5,2021
12086005504,"Census Tract 55.04, Miami-Dade County, Florida",47.8,13.9,73.2,10.2,0.0,8.6,27.0,38944,50122,23811,7.2,20.1,8.6,11.7,7.0,29.1,7.4,3.8,0.0,5.1,20.9,30.8,13.4,7.6,58.7,11.9,21.8,22.7,77.3,1043,6.4,45.9,1163,90.5,9.5,2283,44.0,10.3,23.0,55.7,0.3,36.4,1.4,96.9,3.0,2021
12086005505,"Census Tract 55.05, Miami-Dade County, Florida",46.9,5.8,72.9,0.0,4.8,4.7,34.0,31322,41887,16617,15.1,8.7,16.6,14.2,6.2,20.6,15.4,1.8,1.3,0.0,28.0,34.9,13.1,9.1,50.9,30.6,9.3,40.5,59.5,1333,11.9,49.2,949,94.9,5.1,2466,45.8,18.7,25.0,68.8,2.4,25.5,1.4,95.0,1.7,2021
12086005506,"Census Tract 55.06, Miami-Dade County, Florida",57.7,4.7,78.4,5.2,1.3,4.1,25.9,47617,56844,21573,4.2,24.5,1.1,4.7,24.6,26.2,3.1,9.9,0.0,1.6,24.2,31.7,25.9,16.1,24.0,40.4,19.5,36.7,63.3,1516,22.4,55.3,1272,96.5,3.5,3669,40.0,17.2,14.1,56.6,3.6,34.7,0.0,94.9,4.2,2021
12086005600,"Census Tract 56, Miami-Dade County, Florida",60.4,3.8,82.2,1.4,2.2,7.5,29.3,53224,72395,30123,6.6,4.1,18.5,5.5,13.8,14.5,14.8,9.9,4.2,8.2,7.9,27.4,16.0,10.4,44.4,33.2,12.1,45.5,54.5,1434,10.8,59.2,2054,94.9,5.1,4925,50.1,12.4,23.6,66.7,0.2,30.5,0.1,92.3,1.4,2021
12086005701,"Census Tract 57.01, Miami-Dade County, Florida",62.9,3.1,77.8,2.8,0.2,6.2,29.9,54904,68545,27750,3.3,18.7,11.1,3.5,9.2,15.9,11.4,19.3,5.1,2.5,15.9,37.8,16.6,11.1,30.5,39.9,18.5,56.4,43.6,747,12.6,35.7,2632,100.0,0.0,7206,47.5,12.1,25.2,65.8,0.8,33.4,0.0,96.2,1.2,2021
12086005705,"Census Tract 57.05, Miami-Dade County, Florida",64.0,4.0,76.2,0.0,0.0,3.8,28.0,37162,44960,20726,8.0,5.2,23.3,6.1,23.6,19.8,11.0,1.5,0.0,1.4,14.2,28.7,13.8,8.6,60.2,27.4,3.8,24.9,75.1,1336,8.0,53.3,1440,91.7,8.3,3148,44.5,16.9,27.3,74.2,2.8,22.5,0.0,97.2,3.6,2021
12086005706,"Census Tract 57.06, Miami-Dade County, Florida",56.3,1.8,82.2,8.3,0.0,5.0,33.5,47901,52538,24181,14.6,8.1,6.1,11.2,12.7,24.8,11.2,7.3,1.5,2.5,23.3,26.9,16.9,23.5,52.4,19.9,4.3,27.6,72.4,1393,11.7,46.3,1949,84.0,16.0,3795,43.8,15.9,25.7,74.9,0.8,14.6,0.0,97.7,2.9,2021
12086005707,"Census Tract 57.07, Miami-Dade County, Florida",60.2,3.1,76.2,6.4,5.4,3.5,33.7,26932,43621,20394,21.0,5.6,20.9,13.9,9.2,20.3,0.0,4.1,0.0,5.0,25.6,45.1,30.4,20.9,43.3,26.5,9.3,14.6,85.4,1338,12.3,72.4,676,100.0,0.0,1669,42.8,15.6,17.0,85.3,0.0,14.7,0.0,92.8,0.0,2021
12086005708,"Census Tract 57.08, Miami-Dade County, Florida",54.1,7.4,77.3,1.4,3.4,10.7,28.1,37730,51301,19222,2.7,5.6,10.6,28.3,19.9,12.9,9.6,6.6,3.1,0.6,15.1,30.4,15.8,13.3,44.1,26.3,16.3,32.9,67.1,1405,16.1,61.3,2400,94.2,5.8,6670,44.8,17.8,19.6,70.9,0.0,28.3,0.4,98.6,0.0,2021
12086005803,"Census Tract 58.03, Miami-Dade County, Florida",67.3,6.6,84.5,0.4,0.0,8.8,30.3,54286,68688,23165,2.5,5.2,8.4,14.2,9.8,21.2,16.8,14.0,7.3,0.6,9.6,29.2,14.5,5.4,18.1,41.0,35.5,60.7,39.3,1297,8.8,39.0,2275,92.9,7.1,6837,42.5,17.3,19.4,57.3,1.2,39.1,0.0,98.1,0.2,2021
12086005804,"Census Tract 58.04, Miami-Dade County, Florida",47.3,6.3,77.0,4.6,0.0,10.9,28.1,47929,67343,23573,0.6,10.5,17.7,13.3,12.3,13.0,7.8,14.5,7.5,2.9,9.7,21.9,15.5,10.6,31.7,35.2,22.5,64.6,35.4,1367,9.3,69.8,1361,97.4,2.6,4315,47.5,14.6,31.2,65.2,2.8,24.7,0.0,96.8,0.0,2021
12086005805,"Census Tract 58.05, Miami-Dade County, Florida",60.0,3.2,69.0,2.3,0.0,19.6,23.2,65266,82002,26731,10.8,6.1,7.7,8.6,0.0,27.7,7.0,16.0,6.7,9.5,6.6,27.8,5.8,6.9,26.3,35.0,31.9,72.3,27.7,1315,24.0,35.1,903,83.9,16.1,2524,43.6,16.4,21.2,74.0,0.0,18.7,0.8,89.4,0.0,2021
12086005806,"Census Tract 58.06, Miami-Dade County, Florida",66.8,1.5,77.1,1.4,3.8,4.2,30.0,73516,74214,26193,4.0,2.5,10.4,3.8,23.9,6.0,19.7,21.7,7.1,0.9,4.0,25.6,11.4,11.9,34.4,34.3,19.4,65.6,34.4,1225,20.4,34.8,1631,94.7,5.3,4737,42.3,19.7,18.1,57.5,2.3,33.8,0.7,95.1,3.7,2021
12086005901,"Census Tract 59.01, Miami-Dade County, Florida",64.4,2.8,80.4,0.0,1.6,11.4,25.7,67500,90666,35405,1.3,3.9,11.8,12.5,14.7,10.5,8.5,23.5,7.3,6.1,11.8,20.4,11.0,6.8,28.7,45.8,18.7,55.3,44.7,1843,9.6,42.5,2162,92.0,8.0,5346,41.5,16.9,16.2,67.4,2.4,22.1,0.7,89.2,2.0,2021
12086005902,"Census Tract 59.02, Miami-Dade County, Florida",55.8,0.2,79.8,0.9,0.0,14.4,29.9,60349,71507,24031,2.5,5.2,6.9,16.5,6.1,36.6,4.9,9.9,10.5,0.9,15.6,32.6,12.3,6.4,29.1,42.4,22.1,49.0,51.0,1666,25.4,53.0,1300,93.2,6.8,3942,51.1,13.8,23.0,71.6,1.8,26.4,0.0,90.2,0.0,2021
12086005903,"Census Tract 59.03, Miami-Dade County, Florida",54.7,2.8,82.7,0.9,0.3,8.7,25.6,47982,60947,20868,4.1,3.7,18.6,6.8,19.3,18.7,7.5,13.6,7.7,0.0,14.6,46.8,11.6,11.9,31.8,30.3,26.0,35.0,65.0,1310,9.6,56.2,1886,96.9,3.1,6033,45.8,18.0,28.2,58.5,0.3,30.1,0.0,93.8,2.6,2021
12086005904,"Census Tract 59.04, Miami-Dade County, Florida",56.0,5.8,77.4,0.0,0.0,8.8,28.6,52791,79542,28466,4.3,11.1,7.4,10.2,15.1,15.6,8.9,19.7,1.5,6.2,21.1,20.7,10.9,6.0,38.0,38.8,17.2,48.3,51.7,1809,5.0,50.4,2012,90.3,9.7,5313,40.4,20.8,17.2,64.5,2.7,25.9,3.5,85.7,2.2,2021
12086006002,"Census Tract 60.02, Miami-Dade County, Florida",65.9,2.8,79.2,0.7,0.4,9.7,22.5,70078,107885,33437,3.4,4.4,8.7,3.0,9.0,22.7,10.2,14.5,10.5,13.5,13.9,23.2,5.8,3.6,25.6,46.1,24.8,80.7,19.3,-666666666,0.0,15.0,1934,95.2,4.8,6405,44.2,17.3,18.6,58.6,0.6,36.1,2.2,88.3,5.7,2021
12086006003,"Census Tract 60.03, Miami-Dade County, Florida",62.0,3.8,66.0,2.6,0.0,25.0,29.8,129255,115606,36103,0.0,0.0,12.5,0.0,8.3,11.1,6.3,38.2,13.4,10.2,2.1,21.0,7.5,0.0,20.5,43.5,35.9,90.5,9.5,-666666666,0.0,0.0,930,100.0,0.0,3181,42.0,13.3,17.8,67.3,0.1,32.2,0.0,89.7,0.3,2021
12086006004,"Census Tract 60.04, Miami-Dade County, Florida",59.5,2.1,71.6,1.7,1.2,19.3,31.1,123173,125382,48012,7.3,1.2,8.4,7.8,5.8,10.9,2.2,22.1,13.9,20.2,7.6,5.1,5.6,3.3,26.1,35.9,34.7,84.1,15.9,2340,0.0,32.1,983,100.0,0.0,2739,47.3,16.5,24.7,81.1,0.0,9.4,6.2,76.7,0.7,2021
12086006103,"Census Tract 61.03, Miami-Dade County, Florida",63.6,1.4,82.1,1.7,1.5,4.0,29.3,173617,275586,89250,0.0,2.2,0.0,1.2,0.0,2.6,5.8,29.6,18.1,40.6,0.7,2.3,3.2,2.2,27.8,57.4,12.6,91.0,9.0,3501,0.0,44.8,875,85.0,15.0,2375,41.2,35.5,13.6,85.3,0.0,14.7,0.0,46.9,3.4,2021
12086006104,"Census Tract 61.04, Miami-Dade County, Florida",52.6,1.3,63.7,2.3,3.9,16.6,24.5,138462,162511,73540,3.3,5.5,2.3,5.2,6.8,14.0,6.2,11.1,20.2,25.4,7.1,2.5,3.8,4.3,40.6,40.8,14.3,76.5,23.5,2235,0.0,72.6,2180,79.5,20.5,4061,47.4,18.2,34.8,78.9,0.3,17.2,2.2,58.1,6.0,2021
12086006105,"Census Tract 61.05, Miami-Dade County, Florida",63.6,4.2,76.4,3.4,0.5,13.2,25.7,127176,153020,59204,0.0,3.1,0.6,2.1,6.9,9.2,18.2,14.2,22.9,22.8,3.6,5.9,1.9,3.4,38.4,43.4,14.8,88.1,11.9,2872,25.7,35.6,944,90.1,9.9,2266,41.9,26.2,21.8,70.6,2.8,24.8,1.3,71.2,0.5,2021
12086006106,"Census Tract 61.06, Miami-Dade County, Florida",59.1,1.5,62.2,0.0,0.0,23.6,23.2,157167,159957,56859,0.8,1.4,3.5,0.9,5.9,14.3,4.6,14.6,27.6,26.5,3.6,6.9,4.4,2.0,35.0,46.8,16.1,87.4,12.6,2794,0.0,26.8,1024,86.7,13.3,2557,43.4,21.0,18.3,64.4,0.2,30.9,2.0,77.7,3.1,2021
12086006201,"Census Tract 62.01, Miami-Dade County, Florida",61.2,5.6,68.8,4.2,1.3,14.6,36.6,40643,73751,33980,0.0,15.9,15.7,10.9,16.1,11.8,7.5,7.2,4.8,10.1,14.2,22.0,12.1,22.0,43.3,27.2,7.4,46.8,53.2,1394,4.8,66.2,1476,91.0,9.0,2996,44.0,17.9,21.3,63.8,1.6,30.4,2.0,84.3,1.7,2021
12086006203,"Census Tract 62.03, Miami-Dade County, Florida",62.6,0.6,64.0,0.7,8.9,16.4,21.4,82500,118378,60980,6.4,4.0,6.3,3.5,5.3,13.9,21.8,12.6,11.1,15.2,5.3,5.9,4.1,11.5,56.8,19.5,12.2,40.4,59.6,1651,11.4,34.2,1441,89.0,11.0,2728,46.2,17.2,24.5,83.0,0.1,12.8,2.4,62.1,5.1,2021
12086006205,"Census Tract 62.05, Miami-Dade County, Florida",71.9,5.2,67.7,2.3,5.4,11.2,26.4,64983,86173,49269,6.8,6.5,13.5,3.2,11.9,14.2,15.0,16.7,3.5,8.7,16.2,12.1,17.0,11.4,64.5,23.7,0.3,19.9,80.1,1594,5.7,41.5,2433,86.6,13.4,3768,37.9,13.9,17.4,73.1,1.8,20.3,2.4,76.3,3.9,2021
12086006206,"Census Tract 62.06, Miami-Dade County, Florida",73.6,3.7,61.1,2.3,10.2,20.8,21.7,92927,137189,68318,4.3,3.1,5.3,5.4,9.6,15.9,10.2,12.1,14.3,19.8,5.7,2.3,4.1,4.2,55.3,34.6,5.9,35.5,64.5,2130,12.4,35.1,2078,83.4,16.6,3505,42.6,18.4,14.2,69.8,0.0,21.2,2.7,73.8,4.4,2021
12086006302,"Census Tract 63.02, Miami-Dade County, Florida",56.5,13.2,72.7,3.5,0.0,10.1,26.1,60032,83128,30083,6.1,2.7,11.0,8.5,10.9,24.3,14.9,8.1,5.4,8.2,18.8,26.5,10.4,8.4,42.8,30.0,18.8,51.0,49.0,1638,15.4,55.7,2254,91.9,8.1,5986,43.6,20.2,16.0,62.0,0.7,34.8,0.0,83.4,4.1,2021
12086006303,"Census Tract 63.03, Miami-Dade County, Florida",56.2,0.0,65.1,1.2,2.8,16.1,28.5,33373,49851,22265,16.2,12.2,8.7,16.4,10.3,8.0,12.7,10.3,5.2,0.0,23.2,43.6,17.5,18.9,40.7,32.3,8.0,38.3,61.7,1091,10.2,66.8,1661,93.8,6.2,3564,49.9,13.3,25.2,64.4,0.1,31.4,0.3,96.5,3.5,2021
12086006304,"Census Tract 63.04, Miami-Dade County, Florida",64.2,4.8,76.2,2.9,13.7,4.4,26.2,40263,47618,21358,6.4,3.9,17.3,13.0,18.8,23.0,14.2,1.8,1.5,0.0,16.3,30.4,12.3,7.4,65.0,23.3,4.4,28.9,71.1,1277,2.2,54.6,1398,89.4,10.6,2982,54.0,12.1,25.3,68.0,0.8,30.5,0.0,92.5,0.7,2021
12086006401,"Census Tract 64.01, Miami-Dade County, Florida",54.8,8.6,78.3,5.3,1.1,8.6,32.7,39327,68745,29357,17.3,9.2,11.4,4.3,16.8,6.4,8.6,16.3,0.0,9.7,18.2,34.2,11.3,16.6,43.2,24.6,15.6,26.8,73.2,1235,6.2,49.7,1429,97.8,2.2,3441,42.1,15.1,22.9,67.4,2.5,24.7,0.0,91.5,1.2,2021
12086006402,"Census Tract 64.02, Miami-Dade County, Florida",69.3,4.2,70.3,4.4,0.6,14.9,30.1,60469,88349,35250,9.4,2.4,8.3,14.5,11.9,15.9,7.2,10.2,6.5,13.7,22.4,18.9,20.0,12.1,43.8,32.0,12.1,36.8,63.2,1534,3.4,61.5,1664,85.6,14.4,3820,38.2,12.3,13.0,61.1,2.4,27.0,0.0,85.0,3.0,2021
12086006403,"Census Tract 64.03, Miami-Dade County, Florida",50.3,6.9,75.1,3.2,0.6,13.3,28.5,30440,58075,27300,2.1,5.7,24.6,23.6,5.5,18.3,2.8,9.9,4.1,3.6,16.1,19.8,18.9,8.4,63.8,16.7,11.1,53.9,46.1,1158,12.4,65.7,1782,89.2,10.8,3461,50.4,12.4,31.3,75.4,2.1,15.1,1.5,84.9,2.3,2021
12086006501,"Census Tract 65.01, Miami-Dade County, Florida",63.5,3.0,87.7,0.1,0.0,8.7,26.1,64039,85202,31415,3.7,2.9,8.3,6.7,18.5,25.7,12.2,4.9,5.8,11.3,4.7,17.1,12.3,5.6,29.7,47.3,17.5,42.3,57.7,1490,14.4,46.5,1424,95.9,4.1,3933,40.8,16.1,16.7,54.7,5.3,37.8,0.0,82.9,5.3,2021
12086006503,"Census Tract 65.03, Miami-Dade County, Florida",63.4,0.8,74.1,4.0,1.3,11.2,28.1,67470,86856,34854,6.8,2.4,11.2,8.0,11.7,16.4,12.0,14.1,8.3,9.2,15.3,18.3,9.1,12.4,31.1,43.4,13.0,66.5,33.5,1364,7.5,41.6,858,92.9,7.1,2025,45.4,17.5,21.5,71.7,0.7,22.5,2.7,82.8,0.2,2021
12086006504,"Census Tract 65.04, Miami-Dade County, Florida",60.2,3.9,69.2,7.7,2.1,12.7,24.6,71184,95796,37784,2.8,3.8,11.9,13.8,7.6,13.3,13.3,13.2,6.6,13.6,12.7,16.5,15.7,9.6,39.3,33.7,17.4,58.7,41.3,1723,14.3,55.3,877,94.9,5.1,2087,43.3,16.2,20.3,73.3,1.4,18.8,0.7,82.2,3.0,2021
12086006603,"Census Tract 66.03, Miami-Dade County, Florida",62.6,2.3,58.1,13.0,11.3,7.7,25.8,37788,59323,27314,17.2,3.5,19.7,8.7,9.6,15.6,9.6,9.0,0.0,7.1,31.8,37.1,10.5,35.4,29.9,30.3,4.4,1.6,98.4,1332,11.5,49.4,1383,84.1,15.9,2559,31.5,14.4,22.2,54.1,11.3,17.5,4.2,72.4,0.0,2021
12086006604,"Census Tract 66.04, Miami-Dade County, Florida",52.7,6.1,57.2,17.4,17.0,5.8,20.4,48142,61499,31936,14.7,5.3,17.6,8.1,6.5,17.5,20.2,5.9,1.6,2.5,27.5,37.8,15.6,17.2,74.7,8.1,0.0,2.8,97.2,1128,14.9,49.6,1494,82.7,17.3,2418,38.7,10.1,26.7,72.0,0.0,19.4,5.8,86.2,15.6,2021
12086006605,"Census Tract 66.05, Miami-Dade County, Florida",73.2,0.0,52.4,5.2,1.2,27.3,18.9,90885,192655,127962,10.3,4.5,0.0,5.5,3.6,18.3,9.4,11.5,23.9,13.0,9.8,14.9,9.7,11.4,59.6,17.6,11.4,30.9,69.1,2087,1.8,49.3,1043,93.5,6.5,1463,42.2,2.6,14.8,78.3,2.5,15.7,0.0,61.4,8.2,2021
12086006606,"Census Tract 66.06, Miami-Dade County, Florida",75.9,0.0,51.2,24.6,3.1,0.0,24.3,25820,47212,26165,7.5,3.1,36.6,8.6,13.0,10.3,7.8,13.1,0.0,0.0,25.8,33.2,23.8,15.4,71.2,3.1,10.3,3.1,96.9,982,0.0,70.4,708,100.0,0.0,1342,46.7,11.8,11.5,75.0,12.4,12.7,0.0,95.6,16.0,2021
12086006607,"Census Tract 66.07, Miami-Dade County, Florida",63.4,4.1,78.4,5.4,1.9,4.9,31.0,58086,58277,27958,4.1,5.2,14.7,9.8,7.7,18.7,27.1,12.7,0.0,0.0,14.3,26.4,15.8,13.3,55.5,25.0,6.3,18.9,81.1,1383,8.4,48.2,1628,94.8,5.2,3645,37.9,12.5,19.4,75.2,2.4,11.3,1.5,96.7,2.8,2021
12086006608,"Census Tract 66.08, Miami-Dade County, Florida",65.0,4.1,67.5,2.2,1.4,15.2,21.6,94115,136085,51446,5.7,5.8,3.2,12.0,5.7,13.5,6.9,15.5,16.3,15.6,6.0,2.1,8.1,13.3,28.1,45.9,12.8,55.0,45.0,1596,14.2,41.0,1570,89.9,10.1,3663,44.9,14.9,11.6,64.0,1.9,32.1,0.4,79.9,1.5,2021
12086006705,"Census Tract 67.05, Miami-Dade County, Florida",66.8,4.4,77.9,0.0,4.1,13.6,34.6,95000,116615,62988,9.3,1.6,10.2,8.6,3.8,8.3,10.8,19.6,17.3,10.5,13.5,6.6,4.3,7.2,59.6,30.7,2.5,48.5,51.5,1986,3.1,60.3,2732,79.0,21.0,3849,47.8,11.0,24.0,76.4,2.0,15.7,2.3,70.7,2.9,2021
12086006706,"Census Tract 67.06, Miami-Dade County, Florida",70.4,2.2,54.7,3.1,1.5,15.8,17.3,70255,110854,61940,4.6,1.3,6.4,4.8,11.8,24.9,12.9,11.2,10.7,11.5,4.1,0.0,16.8,3.5,68.4,22.5,5.6,41.8,58.2,2153,9.6,64.3,1991,78.2,21.8,2850,43.4,10.9,17.9,64.3,2.4,31.1,1.9,79.4,6.2,2021
12086006707,"Census Tract 67.07, Miami-Dade County, Florida",79.6,1.4,54.8,0.0,11.6,25.2,19.4,142472,202118,99288,1.4,0.0,3.0,2.4,2.3,8.5,11.3,26.9,9.9,34.4,1.4,0.0,11.5,10.4,59.0,27.1,3.4,44.1,55.9,2474,5.7,37.5,3447,61.7,38.3,4354,41.4,22.6,13.4,85.1,2.0,10.8,0.3,55.4,2.9,2021
12086006709,"Census Tract 67.09, Miami-Dade County, Florida",75.0,1.7,47.8,0.2,12.0,28.7,23.1,128229,232991,138666,6.1,3.0,5.1,3.0,2.1,14.1,10.5,13.6,8.1,34.4,6.5,0.5,12.0,11.6,70.9,14.7,2.9,36.3,63.7,2848,12.1,38.9,1709,55.1,44.9,1453,35.1,6.2,5.1,67.9,5.1,20.2,4.4,44.2,3.7,2021
12086006713,"Census Tract 67.13, Miami-Dade County, Florida",76.0,8.9,44.0,7.4,18.6,20.4,23.7,101586,166390,91626,7.0,1.7,1.2,10.7,3.8,8.9,12.1,19.4,12.5,22.7,8.2,3.1,7.9,11.6,61.2,25.9,1.3,31.6,68.4,2376,4.0,45.2,1856,69.0,31.0,2365,33.9,16.6,4.7,69.0,3.6,18.1,4.6,49.8,4.2,2021
12086006714,"Census Tract 67.14, Miami-Dade County, Florida",72.6,5.8,60.2,5.3,12.7,14.8,27.8,91161,145361,83942,7.1,4.3,4.3,7.0,4.4,12.9,11.6,16.6,7.4,24.3,14.0,4.8,3.1,12.9,68.7,15.7,2.7,49.8,50.2,2164,8.8,54.3,1811,61.0,39.0,1930,43.9,9.4,15.1,60.7,1.6,33.1,0.8,63.0,1.8,2021
12086006715,"Census Tract 67.15, Miami-Dade County, Florida",71.0,4.6,65.5,5.6,0.0,12.2,24.3,74446,102304,46982,4.0,0.0,7.2,3.3,8.3,28.4,12.4,11.4,15.5,9.5,16.2,1.2,7.5,4.2,66.7,19.0,10.1,36.6,63.4,2435,20.5,55.9,1846,82.8,17.2,3454,34.7,17.1,10.7,67.6,6.9,19.9,3.3,69.9,4.3,2021
12086006716,"Census Tract 67.16, Miami-Dade County, Florida",51.0,0.0,35.5,0.0,0.0,29.3,-999999999.0,-666666666,50941,46311,28.0,25.8,0.0,16.4,0.0,0.0,0.0,29.8,0.0,0.0,49.0,0.0,0.0,28.0,72.0,0.0,0.0,0.0,100.0,1903,0.0,70.2,1124,43.9,56.1,541,27.8,0.0,0.0,74.5,0.0,25.5,0.0,41.4,0.0,2021
12086006717,"Census Tract 67.17, Miami-Dade County, Florida",77.0,0.0,24.2,5.3,35.8,34.6,15.3,162455,177906,98762,11.7,0.0,0.0,1.7,8.5,5.1,5.6,14.6,26.1,26.5,22.9,0.0,30.7,30.4,38.6,31.0,0.0,37.8,62.2,2530,0.0,42.4,1374,75.2,24.8,1941,32.0,11.6,5.8,63.0,0.0,37.0,0.0,52.3,1.9,2021
12086006718,"Census Tract 67.18, Miami-Dade County, Florida",92.5,6.7,44.0,19.5,3.2,23.8,21.5,142484,164413,86210,1.5,0.0,0.0,3.2,10.5,16.2,0.0,18.7,35.3,14.7,0.8,15.7,2.1,5.1,58.6,36.3,0.0,28.6,71.4,2154,0.0,29.3,1607,60.7,39.3,1860,41.5,5.1,0.0,64.4,7.6,15.6,0.0,62.8,0.0,2021
12086006719,"Census Tract 67.19, Miami-Dade County, Florida",91.4,5.8,46.7,3.6,32.3,3.1,21.0,95101,157917,117793,2.8,0.0,2.9,7.8,8.2,22.7,8.4,6.6,10.6,30.0,8.7,4.8,8.1,14.6,75.2,10.2,0.0,0.0,100.0,2828,7.9,49.1,1678,77.4,22.6,1813,32.7,4.1,0.0,79.2,0.7,11.6,7.2,30.0,0.0,2021
12086006720,"Census Tract 67.20, Miami-Dade County, Florida",69.3,0.0,42.8,6.6,24.7,10.6,16.1,121663,166416,93249,0.0,0.0,0.0,5.9,0.0,11.9,7.0,44.7,15.3,15.2,0.0,0.0,7.4,18.7,69.1,12.1,0.0,23.4,76.6,2282,2.7,17.3,1864,71.6,28.4,2424,31.2,9.4,0.9,94.2,0.0,1.8,2.1,62.4,10.6,2021
12086006721,"Census Tract 67.21, Miami-Dade County, Florida",88.4,6.0,73.8,7.6,11.3,5.7,20.3,106423,163395,100953,2.6,1.0,3.4,0.3,2.1,12.3,4.4,48.4,7.9,17.7,8.1,0.0,20.1,2.3,63.2,34.5,0.0,20.5,79.5,3131,0.7,43.7,1995,73.3,26.7,2421,29.9,5.9,0.7,40.2,1.7,47.7,9.7,60.2,2.7,2021
12086006722,"Census Tract 67.22, Miami-Dade County, Florida",74.8,1.7,36.1,6.7,22.9,23.4,23.2,82264,101140,44742,11.1,0.0,4.3,6.8,0.0,23.8,21.4,14.7,1.0,17.0,14.8,3.6,23.2,13.6,70.6,10.6,5.2,23.3,76.7,2121,20.2,43.2,926,89.5,10.5,1952,32.6,14.4,6.4,54.4,2.7,26.4,5.2,55.8,0.0,2021
12086006801,"Census Tract 68.01, Miami-Dade County, Florida",58.8,3.5,53.5,3.0,13.4,25.0,21.3,145950,241965,105458,4.6,1.5,1.3,3.8,4.0,5.5,10.6,22.1,6.2,40.3,11.6,2.4,5.2,1.9,45.6,37.4,15.1,69.3,30.7,2156,0.0,45.0,1668,73.9,26.1,2858,49.6,19.6,27.1,83.8,2.0,12.0,0.8,28.0,4.3,2021
12086006802,"Census Tract 68.02, Miami-Dade County, Florida",56.3,2.5,63.6,0.3,4.3,25.5,24.7,161944,245460,105078,3.3,3.9,8.4,1.0,4.7,2.6,7.7,14.5,11.4,42.6,6.1,4.4,2.9,9.4,35.0,46.7,8.9,81.1,18.9,1653,14.4,44.4,1821,82.4,17.6,3520,50.3,23.0,31.3,66.0,1.5,21.6,4.7,52.0,3.9,2021
12086006901,"Census Tract 69.01, Miami-Dade County, Florida",60.3,1.5,81.0,0.0,2.5,15.5,27.7,46913,110844,52309,3.9,16.4,18.1,3.5,10.1,15.3,6.8,4.9,8.6,12.5,13.5,8.6,17.4,8.2,56.3,22.7,12.9,64.2,35.8,1365,29.9,43.8,1310,90.8,9.2,2652,46.7,13.3,20.2,71.2,0.9,26.7,0.0,82.7,0.0,2021
12086006902,"Census Tract 69.02, Miami-Dade County, Florida",66.1,1.3,82.9,0.0,2.5,7.3,22.5,65385,96865,41408,10.6,3.9,16.0,0.8,12.4,14.4,5.5,5.2,23.8,7.2,8.6,11.7,10.5,6.1,29.6,63.8,0.5,58.9,41.1,1221,0.0,65.7,1505,86.4,13.6,3143,43.6,19.7,24.0,67.2,0.0,32.8,0.0,88.2,1.4,2021
12086007003,"Census Tract 70.03, Miami-Dade County, Florida",73.4,3.2,65.4,7.0,6.9,4.3,37.6,52478,95567,33584,2.0,6.2,4.6,9.3,7.3,29.4,12.7,14.8,3.1,10.5,4.6,12.6,8.1,13.0,45.8,32.8,8.3,29.7,70.3,1821,0.0,59.2,1849,89.1,10.9,5023,33.6,21.5,12.3,44.0,4.3,40.9,2.9,91.8,2.6,2021
12086007004,"Census Tract 70.04, Miami-Dade County, Florida",67.1,5.4,53.9,5.4,8.5,20.2,31.0,63162,87333,38114,3.6,4.3,1.9,8.0,17.9,23.5,8.4,16.0,12.8,3.6,6.4,16.6,14.5,6.9,56.0,23.9,13.3,39.8,60.2,1781,0.0,47.5,2438,84.3,15.7,4916,42.0,17.7,13.2,66.7,2.2,23.4,2.8,70.6,8.1,2021
12086007005,"Census Tract 70.05, Miami-Dade County, Florida",56.5,11.8,44.5,1.9,2.5,11.1,23.9,34732,46053,22018,24.8,2.7,13.7,9.1,11.4,18.0,2.7,17.7,0.0,0.0,26.5,32.1,39.7,11.3,65.3,18.8,4.6,33.4,66.6,1615,2.4,59.0,1051,92.1,7.9,2036,50.0,13.2,13.9,54.9,3.6,22.5,2.8,82.6,0.0,2021
12086007006,"Census Tract 70.06, Miami-Dade County, Florida",66.3,4.4,78.8,2.4,4.9,12.3,27.5,46986,59647,24868,1.2,13.0,12.7,11.9,15.4,27.0,3.7,9.5,0.0,5.6,16.6,9.3,15.3,6.3,57.2,26.3,10.2,32.0,68.0,1758,22.2,59.4,1407,87.4,12.6,3144,42.7,21.5,17.6,63.3,0.0,34.0,0.7,91.7,1.0,2021
12086007007,"Census Tract 70.07, Miami-Dade County, Florida",56.8,2.9,53.2,18.4,2.3,10.1,29.4,56848,80944,37762,6.8,2.7,12.4,4.5,13.3,12.8,14.2,19.6,8.8,4.8,25.8,29.2,9.9,12.6,35.4,49.5,2.5,17.8,82.2,1918,16.8,45.2,1053,80.7,19.3,1900,38.4,14.2,11.5,67.1,0.7,19.4,6.7,65.7,3.7,2021
12086007101,"Census Tract 71.01, Miami-Dade County, Florida",57.2,7.1,73.5,5.5,0.0,6.5,26.3,52188,111551,44152,15.4,5.8,6.9,11.8,5.3,9.2,9.7,10.3,13.8,11.8,14.9,32.3,5.4,16.8,44.2,29.0,10.0,45.8,54.2,1050,0.9,43.3,1235,83.9,16.1,2754,40.8,21.7,17.3,44.0,30.3,21.8,0.2,44.4,1.3,2021
12086007103,"Census Tract 71.03, Miami-Dade County, Florida",64.1,16.1,70.2,8.5,3.1,12.0,33.7,102344,136852,76730,15.9,0.0,3.8,2.1,2.4,13.0,12.3,28.6,10.0,12.0,22.4,1.6,5.2,5.0,75.6,18.0,1.5,49.2,50.8,2124,13.7,22.7,1504,77.6,22.4,2089,39.8,12.9,15.4,59.1,17.0,6.7,13.2,26.3,1.7,2021
12086007104,"Census Tract 71.04, Miami-Dade County, Florida",83.9,0.7,65.9,4.1,4.5,18.6,24.5,128750,165162,74692,0.3,2.2,3.2,0.6,12.0,12.8,12.8,11.0,18.3,26.9,1.4,4.3,3.6,1.8,41.2,49.0,8.1,51.0,49.0,1987,3.5,37.1,1582,85.1,14.9,3106,34.2,20.4,6.8,79.0,2.5,15.8,2.5,46.8,6.6,2021
12086007200,"Census Tract 72, Miami-Dade County, Florida",58.0,6.7,76.2,7.3,2.5,5.7,24.9,43696,62526,26982,15.2,5.8,14.9,12.7,5.9,24.6,6.3,5.3,3.5,5.9,26.5,27.5,14.2,24.3,54.6,14.9,6.1,22.5,77.5,1102,7.3,65.4,1326,84.6,15.4,2851,38.8,22.4,13.3,21.2,72.3,3.8,0.1,16.9,1.0,2021
12086007300,"Census Tract 73, Miami-Dade County, Florida",65.9,2.2,59.9,0.1,0.9,33.2,25.8,167917,249593,87436,2.1,0.0,3.3,4.1,1.7,11.7,9.4,15.5,5.0,47.1,10.1,1.7,4.9,1.2,25.1,56.6,17.1,89.9,10.1,2452,17.1,30.3,1750,86.1,13.9,4328,39.0,35.0,10.9,65.2,3.8,25.1,3.9,53.4,3.8,2021
12086007401,"Census Tract 74.01, Miami-Dade County, Florida",62.5,0.0,61.7,0.0,0.0,26.6,17.5,176845,234704,99920,3.2,0.0,2.9,3.6,10.8,11.8,0.0,15.0,10.3,42.4,1.4,0.0,0.0,12.5,34.7,39.1,13.7,86.8,13.2,3501,0.0,0.0,585,100.0,0.0,1407,48.5,26.2,24.4,79.1,0.0,20.9,0.0,57.3,8.8,2021
12086007402,"Census Tract 74.02, Miami-Dade County, Florida",58.6,1.5,69.8,2.2,2.7,11.0,24.7,133065,190315,86177,6.6,1.0,7.5,7.5,4.8,7.4,7.0,14.9,10.8,32.4,2.8,3.0,2.3,1.5,57.1,29.0,12.5,82.1,17.9,1900,0.0,56.0,1303,88.7,11.3,2706,44.3,25.1,19.4,83.5,0.0,11.5,0.0,55.8,1.3,2021
12086007403,"Census Tract 74.03, Miami-Dade County, Florida",57.0,1.6,50.5,0.0,4.1,33.0,23.4,130886,197661,101607,13.3,1.4,5.2,1.3,1.6,2.1,3.2,29.4,9.3,33.2,12.6,4.8,0.0,1.1,54.7,30.7,13.5,59.1,40.9,2875,2.5,41.8,1989,74.2,25.8,2873,40.4,14.6,22.0,56.9,1.1,32.2,6.9,58.1,5.3,2021
12086007501,"Census Tract 75.01, Miami-Dade County, Florida",60.6,2.9,61.9,0.6,1.0,30.9,20.1,210313,279963,103647,1.3,1.3,2.5,5.5,6.2,9.1,8.0,7.7,7.7,50.7,3.8,2.1,1.9,1.8,28.7,58.4,11.1,98.6,1.4,-666666666,0.0,38.5,989,95.8,4.2,2660,49.0,24.8,23.9,66.9,3.5,26.2,2.5,59.7,5.5,2021
12086007503,"Census Tract 75.03, Miami-Dade County, Florida",65.0,3.1,61.5,12.5,7.0,17.8,25.0,73438,158368,65555,1.2,6.5,0.0,9.8,11.0,22.3,6.5,7.1,7.4,28.2,9.4,0.9,0.7,13.6,40.7,30.0,15.7,73.3,26.7,1924,11.1,59.3,433,77.8,22.2,819,33.8,24.8,16.6,69.1,0.0,20.6,0.5,58.6,6.1,2021
12086007601,"Census Tract 76.01, Miami-Dade County, Florida",68.5,5.1,69.8,2.5,0.7,20.3,23.2,104615,145625,50716,0.7,0.0,4.8,3.7,13.2,14.4,8.6,12.6,19.1,23.0,4.5,5.4,8.9,10.3,28.5,42.8,18.4,79.4,20.6,1493,2.9,57.0,918,95.2,4.8,2573,39.0,26.4,14.4,66.7,0.1,21.3,2.4,75.4,2.3,2021
12086007603,"Census Tract 76.03, Miami-Dade County, Florida",48.7,3.1,67.8,11.7,7.4,5.2,34.1,28125,54110,24010,19.9,10.5,15.5,9.7,10.1,13.8,6.5,7.4,1.8,4.8,33.2,23.8,11.2,18.5,48.9,23.8,8.9,28.7,71.3,1691,4.7,70.0,1845,84.0,16.0,3758,30.4,15.3,18.3,45.6,34.7,14.0,5.1,32.7,0.8,2021
12086007605,"Census Tract 76.05, Miami-Dade County, Florida",67.4,0.8,75.1,4.8,0.0,13.3,26.9,74679,93939,42692,0.3,2.9,5.0,18.4,4.6,19.1,13.2,19.8,10.2,6.6,6.3,14.5,5.9,1.7,48.2,38.5,11.6,52.8,47.2,1860,11.7,57.0,1749,87.7,12.3,3452,39.8,16.2,16.4,78.1,3.1,17.0,1.0,70.8,1.4,2021
12086007607,"Census Tract 76.07, Miami-Dade County, Florida",69.9,3.7,76.0,0.7,2.0,11.4,33.3,67679,110909,49307,3.0,3.9,3.9,18.3,10.5,11.8,7.8,13.7,9.1,18.0,5.8,4.3,1.7,3.0,36.2,36.7,24.1,69.1,30.9,2173,11.6,80.7,1010,94.7,5.3,2179,46.9,10.8,23.2,66.4,0.3,23.4,1.9,76.4,2.0,2021
12086007608,"Census Tract 76.08, Miami-Dade County, Florida",62.8,4.1,65.4,8.6,1.1,12.9,27.6,96731,149509,56893,2.8,0.0,0.6,16.3,7.4,15.9,7.4,10.5,13.7,25.3,4.4,2.6,8.6,9.6,31.1,54.0,5.2,79.3,20.7,1266,0.0,56.2,822,100.0,0.0,2234,43.5,25.6,14.8,75.2,8.5,14.3,1.7,51.1,4.2,2021
12086007609,"Census Tract 76.09, Miami-Dade County, Florida",73.7,2.9,75.0,17.6,0.0,6.1,32.6,75580,113225,49162,4.4,0.9,5.6,15.3,1.4,21.4,15.6,7.9,10.2,17.3,8.7,0.0,5.4,10.8,39.4,45.8,4.0,53.1,46.9,1734,4.8,35.0,771,85.0,15.0,1623,39.4,14.0,13.4,76.0,4.3,9.0,8.1,62.0,4.3,2021
12086007610,"Census Tract 76.10, Miami-Dade County, Florida",71.3,4.1,47.4,9.7,4.1,30.9,28.2,91697,153897,60468,1.3,4.1,5.2,11.8,8.0,8.8,16.1,11.4,11.8,21.5,9.5,6.8,12.5,5.9,44.6,24.2,25.2,61.6,38.4,1293,7.0,50.1,1940,93.9,6.1,4666,39.7,20.2,13.1,49.7,3.1,41.1,4.9,61.8,2.1,2021
12086007704,"Census Tract 77.04, Miami-Dade County, Florida",60.1,4.3,63.1,6.9,7.3,14.7,26.3,59907,81097,39491,5.4,12.9,6.7,2.2,13.6,16.9,15.5,16.5,3.4,7.0,9.4,11.7,10.8,5.4,62.1,27.5,5.0,38.2,61.8,1829,12.5,46.1,2875,84.0,16.0,5116,33.9,20.9,19.5,72.6,3.7,21.2,1.5,74.6,7.9,2021
12086007705,"Census Tract 77.05, Miami-Dade County, Florida",59.3,0.0,82.0,6.1,0.6,4.6,29.6,63533,128316,61803,11.6,3.3,9.2,5.1,8.4,21.5,8.8,10.9,1.6,19.7,13.1,2.0,3.1,4.9,41.3,40.9,12.9,52.8,47.2,1570,13.7,46.7,2335,94.9,5.1,4811,39.8,16.9,20.1,74.0,2.1,19.8,0.5,62.5,4.7,2021
12086007706,"Census Tract 77.06, Miami-Dade County, Florida",62.6,7.3,84.1,0.5,0.0,12.1,29.5,104306,131605,55887,9.9,1.5,2.6,9.0,3.0,14.6,7.4,15.5,11.3,25.2,8.4,10.1,3.5,7.6,31.9,37.9,22.6,84.8,15.2,1907,4.7,46.2,1388,92.5,7.5,3158,57.8,11.0,33.7,72.8,0.0,25.0,1.4,69.1,4.0,2021
12086007707,"Census Tract 77.07, Miami-Dade County, Florida",71.2,0.4,60.8,0.0,0.0,32.7,31.7,135523,205190,61585,0.0,7.1,12.6,0.0,13.1,3.3,1.8,35.6,13.5,13.0,25.7,19.0,4.3,2.6,20.4,26.1,51.0,79.6,20.4,-666666666,0.0,34.6,936,100.0,0.0,3260,45.7,16.4,9.7,79.4,0.6,19.6,0.0,75.9,0.9,2021
12086007708,"Census Tract 77.08, Miami-Dade County, Florida",54.6,0.0,79.4,0.1,0.0,3.9,31.3,55885,78672,26301,5.9,3.3,6.3,20.6,11.4,9.8,9.4,17.1,13.2,3.1,12.0,14.8,7.8,1.5,20.3,54.2,24.1,72.8,27.2,1904,7.2,48.8,907,90.3,9.7,2562,42.4,13.7,23.1,80.8,2.2,16.4,0.0,93.9,0.0,2021
12086007709,"Census Tract 77.09, Miami-Dade County, Florida",63.5,3.6,78.9,3.5,0.0,2.9,32.0,122270,106039,36634,3.8,0.0,5.4,9.0,6.0,12.3,9.0,28.9,20.5,5.0,14.2,6.5,16.9,3.8,23.6,44.3,28.3,81.3,18.7,1452,0.0,20.4,1055,94.1,5.9,3025,46.4,17.6,18.0,74.4,2.0,21.1,2.5,84.8,6.6,2021
12086007801,"Census Tract 78.01, Miami-Dade County, Florida",60.0,0.3,63.8,2.7,4.3,20.4,25.0,240313,459754,129403,0.0,1.8,4.1,0.0,9.2,8.3,0.0,14.7,1.8,59.9,4.9,1.8,5.9,0.0,8.3,39.6,52.1,95.9,4.1,-666666666,0.0,100.0,243,89.3,10.7,780,48.2,25.0,23.1,83.5,1.5,12.8,2.2,48.8,3.2,2021
12086007805,"Census Tract 78.05, Miami-Dade County, Florida",65.2,3.1,74.1,4.7,0.0,14.3,33.0,122660,173715,64985,4.4,5.1,1.8,2.3,6.2,12.4,10.7,16.1,14.2,26.8,5.8,5.6,3.7,3.6,21.8,50.1,24.4,81.1,18.9,1773,13.0,31.2,1759,89.8,10.2,4395,44.9,22.5,19.9,77.6,0.4,19.5,2.0,66.9,2.0,2021
12086007806,"Census Tract 78.06, Miami-Dade County, Florida",56.2,5.5,69.8,2.1,0.3,20.2,29.2,250001,600504,182343,7.9,0.0,6.8,0.7,1.0,2.3,3.5,10.6,7.7,59.4,16.1,0.0,0.1,5.0,10.8,42.6,41.5,93.7,6.3,3501,0.0,59.6,1262,88.1,11.9,3674,44.8,28.6,20.3,80.9,2.1,14.5,0.3,37.4,4.2,2021
12086007807,"Census Tract 78.07, Miami-Dade County, Florida",69.6,3.6,65.5,5.5,0.0,25.9,28.8,146833,193011,64779,3.1,4.3,5.5,4.3,5.0,6.3,9.3,12.5,14.6,35.2,6.0,8.3,3.9,5.7,28.9,45.2,20.2,69.4,30.6,1750,8.5,56.5,1724,100.0,0.0,5325,41.5,31.0,13.1,62.5,0.9,30.9,2.5,51.0,2.6,2021
12086007808,"Census Tract 78.08, Miami-Dade County, Florida",66.4,3.7,65.5,13.6,2.6,9.7,30.1,57595,88518,45957,6.2,9.4,8.7,9.8,12.2,12.0,11.7,16.2,0.0,13.9,14.1,21.8,14.2,12.0,59.6,27.7,0.8,28.4,71.6,1731,11.0,56.3,2780,80.1,19.9,4294,37.6,15.6,15.3,61.3,6.8,21.1,8.5,74.0,7.9,2021
12086007809,"Census Tract 78.09, Miami-Dade County, Florida",66.2,3.0,55.7,18.7,0.0,6.7,33.0,73443,88624,39451,16.4,0.8,9.3,3.7,9.5,12.7,16.1,20.4,6.3,5.0,23.1,12.0,3.4,5.0,45.7,44.1,5.2,52.9,47.1,1770,1.4,34.9,1867,87.6,12.4,3621,36.9,16.9,20.2,61.4,8.5,15.0,11.7,53.4,6.8,2021
12086007901,"Census Tract 79.01, Miami-Dade County, Florida",49.6,0.9,71.0,1.4,0.0,19.8,25.7,109722,176173,77068,14.3,0.0,6.5,2.7,2.7,5.6,15.9,23.0,3.9,25.4,12.3,0.4,3.2,24.0,28.4,33.4,14.2,73.9,26.1,1780,0.0,56.4,1823,90.5,9.5,3867,41.0,20.3,22.8,66.5,4.2,22.4,4.8,58.3,1.9,2021
12086007902,"Census Tract 79.02, Miami-Dade County, Florida",63.2,3.9,66.9,3.1,0.6,19.1,31.3,164219,277978,99451,5.4,2.0,0.9,7.6,2.4,13.9,3.9,13.3,5.8,44.7,7.2,6.5,4.3,0.7,33.2,46.7,19.4,81.9,18.1,-666666666,11.6,65.2,1213,90.9,9.1,3127,44.8,28.0,16.8,80.0,0.7,18.0,1.0,55.5,5.8,2021
12086008000,"Census Tract 80, Miami-Dade County, Florida",62.6,1.9,83.9,0.0,0.0,12.3,33.8,187693,285316,104236,1.3,0.0,1.8,9.7,12.1,4.3,4.1,8.9,17.9,39.9,3.1,0.0,1.6,2.1,26.0,40.1,31.9,73.6,26.4,1797,0.0,54.3,2325,84.5,15.5,5374,49.3,19.6,22.0,71.0,2.8,21.6,3.4,62.0,1.2,2021
12086008101,"Census Tract 81.01, Miami-Dade County, Florida",59.7,4.2,75.8,1.2,0.0,16.3,28.7,199698,261205,81851,0.0,0.0,0.7,2.0,2.3,5.5,8.1,10.5,21.3,49.7,4.1,2.0,1.1,0.0,16.3,53.0,30.7,97.1,2.9,3501,0.0,0.0,1137,92.6,7.4,3407,44.0,30.7,15.8,77.3,3.5,12.7,4.7,31.6,6.4,2021
12086008102,"Census Tract 81.02, Miami-Dade County, Florida",53.0,6.7,72.3,3.7,2.2,14.3,26.9,151806,178670,61043,3.7,2.6,1.4,3.5,7.8,11.4,4.4,14.3,19.1,31.7,6.1,5.4,4.5,0.0,31.5,36.3,32.2,80.1,19.9,1467,3.8,56.3,1649,93.0,7.0,4720,44.1,22.6,22.0,71.9,2.9,18.9,5.1,38.5,3.3,2021
12086008202,"Census Tract 82.02, Miami-Dade County, Florida",61.9,3.1,78.8,0.3,1.2,9.1,35.8,119167,143517,47642,3.4,0.9,8.5,4.8,10.8,11.6,7.9,10.7,14.2,27.3,8.8,3.5,9.5,1.7,21.7,49.1,27.5,77.7,22.3,1628,8.0,39.9,1495,99.5,0.5,4670,40.2,26.8,15.3,72.4,3.8,19.4,1.6,59.4,6.8,2021
12086008205,"Census Tract 82.05, Miami-Dade County, Florida",49.7,3.4,69.4,1.8,0.5,20.2,34.1,163333,255588,83219,0.9,1.2,2.7,2.3,3.9,1.9,6.5,26.5,14.0,40.0,3.4,1.8,0.0,2.5,26.7,42.6,28.2,92.8,7.2,2313,17.0,37.2,1555,83.6,16.4,4069,45.1,27.4,23.1,80.1,1.5,13.8,4.2,36.0,2.6,2021
12086008206,"Census Tract 82.06, Miami-Dade County, Florida",61.7,8.7,68.3,2.2,1.5,19.8,31.9,101118,165495,60700,1.7,0.0,12.5,0.0,6.3,12.1,16.7,11.8,10.6,28.2,1.1,2.8,4.3,2.1,29.2,45.6,23.1,75.3,24.7,1367,13.3,63.6,1521,94.3,5.7,3899,45.4,24.2,15.3,69.7,1.4,17.1,10.7,46.4,5.7,2021
12086008207,"Census Tract 82.07, Miami-Dade County, Florida",71.8,3.3,67.5,0.3,0.0,28.4,35.6,204265,266575,80598,2.1,0.0,0.0,4.9,2.3,3.0,4.9,20.6,10.5,51.7,3.7,0.0,0.2,0.0,17.5,38.7,43.9,97.5,2.5,-666666666,0.0,57.9,1495,95.8,4.2,4989,37.1,26.9,10.5,81.3,0.0,14.7,2.3,35.0,4.5,2021
12086008208,"Census Tract 82.08, Miami-Dade County, Florida",68.4,6.9,79.1,1.5,0.3,5.1,36.8,72401,89120,31434,0.0,1.4,7.0,12.6,14.7,14.4,13.0,20.8,10.1,6.0,10.7,16.0,16.9,5.2,24.1,47.8,22.9,47.5,52.5,1499,6.1,58.6,1751,89.9,10.1,4724,38.5,21.6,9.3,62.9,10.2,19.8,2.9,62.5,4.4,2021
12086008209,"Census Tract 82.09, Miami-Dade County, Florida",62.6,7.2,76.8,1.7,0.0,13.1,42.4,150913,186484,61094,1.7,3.5,0.5,2.8,4.8,4.5,7.6,23.8,19.2,31.5,6.0,0.6,1.7,5.0,14.5,50.0,30.6,86.6,13.4,3161,7.3,44.1,1399,94.4,5.6,4123,43.9,21.7,16.4,69.6,1.8,17.3,4.5,50.7,2.7,2021
12086008305,"Census Tract 83.05, Miami-Dade County, Florida",67.2,2.9,72.2,2.1,1.0,14.1,32.7,87974,133805,50599,2.1,0.6,3.6,11.0,11.5,14.8,11.7,15.9,8.1,20.7,3.0,7.7,6.2,2.2,29.1,48.3,20.4,60.0,40.0,1461,8.6,41.8,1913,93.7,6.3,4962,38.6,20.5,15.3,66.8,4.8,21.4,0.8,55.9,4.1,2021
12086008308,"Census Tract 83.08, Miami-Dade County, Florida",68.9,3.3,81.5,0.5,0.0,2.0,34.5,65280,76018,26222,6.7,4.4,10.1,7.3,12.7,21.5,12.1,12.1,9.4,3.6,14.6,29.0,13.5,4.0,23.3,43.7,29.0,57.9,42.1,1447,6.9,42.4,1834,88.3,11.7,4998,38.2,24.6,12.0,55.4,24.1,15.4,0.5,67.9,3.6,2021
12086008309,"Census Tract 83.09, Miami-Dade County, Florida",54.2,17.2,70.6,4.8,0.0,3.3,29.5,34738,55240,16255,16.0,4.4,15.4,14.8,11.6,17.7,7.9,4.3,2.1,5.8,28.9,53.5,18.3,19.5,32.9,32.1,15.5,40.1,59.9,976,6.9,62.5,1555,86.6,13.4,5095,29.7,34.2,8.2,17.2,60.0,7.7,1.2,37.5,4.9,2021
12086008310,"Census Tract 83.10, Miami-Dade County, Florida",52.4,3.5,82.1,2.8,2.8,1.7,35.5,70635,89592,23807,0.8,0.0,9.0,8.0,14.0,36.2,8.4,7.9,11.8,4.0,7.0,19.0,17.6,2.6,18.3,55.4,23.6,82.7,17.3,1218,0.0,59.1,1189,98.6,1.4,4621,41.8,25.0,16.0,50.1,6.3,34.9,0.0,71.4,5.0,2021
12086008311,"Census Tract 83.11, Miami-Dade County, Florida",63.3,8.0,85.5,4.3,0.0,1.9,38.2,83418,99493,26606,1.1,3.6,3.3,1.0,21.3,12.8,16.3,22.8,12.6,5.1,6.4,29.8,25.7,2.5,19.0,31.5,47.0,84.7,15.3,1821,0.0,30.8,1147,96.6,3.4,4642,36.5,24.0,14.7,53.2,35.2,9.0,0.6,49.3,0.7,2021
12086008312,"Census Tract 83.12, Miami-Dade County, Florida",60.8,2.9,71.2,10.0,0.0,2.7,34.1,47739,64330,18760,3.7,0.0,4.5,25.1,20.6,16.2,12.1,14.2,0.0,3.5,15.0,43.0,13.5,16.1,26.2,31.8,25.9,62.7,37.3,1526,2.6,84.9,1133,94.5,5.5,4088,40.1,16.9,15.2,18.6,39.6,33.7,0.0,56.6,1.7,2021
12086008313,"Census Tract 83.13, Miami-Dade County, Florida",51.1,7.8,82.0,4.4,0.0,2.8,34.2,54336,83629,29306,9.0,2.3,11.1,2.0,20.0,27.5,5.8,16.3,4.2,1.7,6.0,32.2,9.0,8.7,26.3,37.5,27.5,67.5,32.5,1349,61.7,33.9,1637,93.9,6.1,5525,39.4,24.4,16.7,12.5,62.0,17.8,0.9,34.4,0.1,2021
12086008314,"Census Tract 83.14, Miami-Dade County, Florida",63.8,0.7,86.0,0.0,0.0,1.8,38.6,75625,91848,26273,0.0,2.2,1.4,12.9,11.4,21.6,7.1,32.7,7.7,3.1,2.1,10.0,8.2,0.0,15.7,41.7,42.6,98.5,1.5,-666666666,0.0,54.5,737,100.0,0.0,2810,35.6,21.7,14.3,32.6,38.2,12.1,4.9,51.3,2.8,2021
12086008315,"Census Tract 83.15, Miami-Dade County, Florida",54.9,4.8,92.5,3.0,0.0,1.2,33.7,71830,77976,21784,3.0,1.5,8.3,4.0,1.2,40.3,16.6,15.8,7.8,1.6,17.1,18.5,37.7,4.7,14.8,34.7,45.8,85.0,15.0,1794,40.6,28.5,1140,96.8,3.2,4539,41.2,13.5,16.7,21.0,41.6,27.2,3.3,48.1,1.3,2021
12086008409,"Census Tract 84.09, Miami-Dade County, Florida",59.8,4.5,77.0,1.9,0.7,9.8,34.7,91184,128461,51214,4.2,0.5,6.7,7.0,7.6,19.3,6.4,21.7,8.9,17.7,7.5,4.1,10.9,2.0,30.9,42.9,24.2,79.2,20.8,1995,2.9,34.4,2139,94.9,5.1,5284,45.3,19.2,16.7,71.8,4.6,17.7,3.4,54.4,2.5,2021
12086008415,"Census Tract 84.15, Miami-Dade County, Florida",64.9,5.0,77.8,0.4,0.0,13.0,30.5,173125,200886,62657,0.0,0.0,2.7,1.5,3.6,15.6,7.7,12.2,17.1,39.6,0.8,2.3,1.9,0.0,8.4,51.9,39.8,99.4,0.6,-666666666,0.0,0.0,1508,97.5,2.5,4794,43.9,21.0,20.7,84.2,0.3,14.1,0.0,63.8,3.3,2021
12086008416,"Census Tract 84.16, Miami-Dade County, Florida",67.2,2.5,77.1,4.4,0.3,11.2,33.3,54960,110425,44225,3.3,6.4,6.5,13.4,13.2,14.2,5.0,9.6,8.9,19.6,8.5,10.3,11.6,0.8,46.1,34.2,18.9,53.5,46.5,1673,7.2,75.3,1207,98.7,1.3,3017,36.1,23.4,13.0,78.2,2.4,13.2,2.7,66.3,3.4,2021
12086008418,"Census Tract 84.18, Miami-Dade County, Florida",65.4,1.4,81.6,0.7,0.1,10.4,34.8,73841,97825,40573,3.3,0.8,8.5,3.0,13.0,25.0,4.3,22.2,10.9,9.1,7.2,2.7,3.3,2.5,42.4,45.7,9.4,59.1,40.9,2151,17.3,43.2,1116,94.6,5.4,2574,43.4,20.2,18.6,51.3,2.4,24.3,8.3,77.2,3.0,2021
12086008419,"Census Tract 84.19, Miami-Dade County, Florida",66.2,6.6,87.8,1.5,0.0,5.1,31.9,61867,86577,34220,1.7,2.3,5.8,6.7,16.1,25.2,14.3,12.7,8.6,6.6,3.7,21.1,24.8,5.1,35.7,49.3,9.9,45.8,54.2,1725,6.9,36.3,2268,95.9,4.1,5850,43.4,21.1,17.0,57.8,5.4,29.1,1.7,77.1,2.2,2021
12086008420,"Census Tract 84.20, Miami-Dade County, Florida",72.5,3.9,93.0,0.0,0.0,1.0,23.6,106328,102820,47174,2.6,0.0,2.1,5.4,10.2,12.3,15.8,38.7,5.8,7.0,1.2,10.2,8.3,0.0,43.2,44.1,12.7,89.1,10.9,1810,0.0,67.7,669,85.1,14.9,1284,38.9,23.1,16.0,62.1,0.0,19.2,0.0,70.0,3.6,2021
12086008421,"Census Tract 84.21, Miami-Dade County, Florida",58.0,5.6,89.5,0.0,0.0,1.2,31.9,145125,121240,38026,0.0,1.0,10.5,0.0,5.5,14.8,10.2,22.5,25.9,9.6,7.1,5.8,9.0,2.9,17.9,44.2,35.0,88.7,11.3,2239,10.2,31.0,1802,92.2,7.8,4981,47.2,16.1,20.4,81.9,0.5,11.8,0.3,66.9,1.4,2021
12086008422,"Census Tract 84.22, Miami-Dade County, Florida",68.2,0.3,94.7,0.0,0.0,3.6,41.1,111124,125403,43875,9.7,7.4,0.0,0.0,7.4,13.1,4.0,21.2,23.6,13.6,13.6,12.4,10.7,1.2,23.8,33.4,41.6,83.1,16.9,1366,0.0,51.4,922,93.8,6.2,2600,44.8,18.2,18.4,76.0,0.1,23.5,0.0,83.5,3.2,2021
12086008423,"Census Tract 84.23, Miami-Dade County, Florida",63.0,1.0,82.3,1.6,0.1,10.1,27.9,68733,107421,39703,5.6,5.6,6.1,0.5,11.4,24.4,5.2,16.0,13.0,12.1,21.5,9.4,7.7,1.2,26.6,40.3,32.0,77.8,22.2,1486,5.6,61.0,1740,100.0,0.0,4677,41.6,21.4,20.8,67.5,0.1,27.0,4.0,60.7,1.8,2021
12086008424,"Census Tract 84.24, Miami-Dade County, Florida",58.5,2.0,79.5,3.1,4.6,8.1,35.3,38826,51673,28605,30.5,4.4,10.0,3.4,6.1,21.9,8.6,9.9,4.5,0.8,24.0,39.0,8.6,27.5,33.1,27.3,12.1,27.7,72.3,1305,7.6,35.6,1977,94.8,5.2,3485,52.9,4.8,28.0,64.5,7.2,22.2,2.1,79.0,0.6,2021
12086008425,"Census Tract 84.25, Miami-Dade County, Florida",51.7,5.5,70.5,5.9,0.0,7.2,33.5,61397,80388,38532,11.5,7.8,3.9,8.2,12.1,21.4,16.0,7.2,3.9,8.0,22.3,22.5,6.5,9.5,62.8,19.9,7.8,71.0,29.0,1403,0.0,46.5,1008,91.8,8.2,1945,48.8,17.6,23.7,82.8,0.2,7.7,2.7,74.1,4.8,2021
12086008426,"Census Tract 84.26, Miami-Dade County, Florida",61.8,4.5,79.1,3.5,0.0,9.1,32.9,119049,124507,40158,0.0,0.0,1.9,0.8,7.4,20.4,11.8,24.9,17.2,15.6,1.1,10.8,3.8,0.0,19.7,41.6,38.7,91.4,8.6,-666666666,0.0,73.8,1244,95.1,4.9,3827,45.5,22.9,20.1,72.9,13.5,8.7,2.8,46.4,2.3,2021
12086008427,"Census Tract 84.27, Miami-Dade County, Florida",72.0,4.0,81.0,1.1,0.0,4.3,31.2,81630,102105,41725,7.4,0.0,5.1,12.4,0.5,15.8,18.4,6.1,26.2,8.0,4.3,7.8,9.6,0.0,35.4,37.2,27.4,74.5,25.5,2097,23.7,45.4,792,94.4,5.6,1895,40.5,16.1,10.8,75.5,11.2,6.4,2.7,73.1,2.1,2021
12086008428,"Census Tract 84.28, Miami-Dade County, Florida",72.1,1.5,73.2,2.2,0.0,16.7,27.6,127237,147637,48202,0.0,0.0,0.0,3.4,11.3,16.2,10.2,13.6,20.3,24.9,1.0,15.6,9.6,4.0,22.0,48.7,25.3,78.4,21.6,2130,40.9,48.3,927,93.9,6.1,2697,45.1,21.5,21.8,77.2,2.4,15.4,3.6,82.3,11.9,2021
12086008429,"Census Tract 84.29, Miami-Dade County, Florida",59.0,0.4,54.3,2.4,0.6,18.9,32.6,142670,204840,53676,0.0,0.0,2.3,9.9,1.7,8.6,4.0,37.1,8.8,27.7,17.7,14.9,2.8,0.0,25.0,46.3,28.7,70.2,29.8,2188,0.0,29.2,1251,91.0,9.0,4289,30.1,45.3,14.3,49.8,0.4,39.4,0.0,69.8,0.0,2021
12086008430,"Census Tract 84.30, Miami-Dade County, Florida",66.6,1.2,83.5,0.7,0.0,1.8,29.2,45063,58273,24790,10.0,4.3,5.7,15.3,16.6,14.6,17.6,13.1,1.7,1.1,12.2,17.4,11.6,5.2,51.7,32.5,10.5,21.0,79.0,1519,10.6,43.5,2234,91.3,8.7,5194,36.6,12.3,15.0,69.2,6.6,20.0,3.4,79.6,0.9,2021
12086008431,"Census Tract 84.31, Miami-Dade County, Florida",23.6,4.0,71.2,0.0,9.0,4.4,27.9,51944,73438,24624,14.8,5.9,17.3,5.5,5.1,18.7,8.3,8.1,2.0,14.2,35.6,12.6,4.7,16.5,31.3,44.9,7.3,68.3,31.7,1823,24.1,67.2,492,100.0,0.0,2120,79.2,10.8,61.0,77.7,3.3,10.8,5.3,58.5,1.7,2021
12086008502,"Census Tract 85.02, Miami-Dade County, Florida",58.6,5.1,76.2,0.2,0.3,5.9,28.3,113000,135974,43316,4.5,1.4,4.8,8.0,12.0,6.0,5.3,24.5,13.2,20.3,3.3,16.9,7.1,2.5,23.5,46.9,27.1,73.3,26.7,1428,5.2,64.6,1486,95.7,4.3,4508,45.2,22.6,20.4,63.9,0.3,21.4,7.8,79.9,1.6,2021
12086008503,"Census Tract 85.03, Miami-Dade County, Florida",54.7,5.3,83.9,5.9,0.0,6.1,28.1,46553,81044,29919,8.9,2.2,5.0,21.7,14.5,10.7,6.1,12.8,2.6,15.5,21.9,35.9,18.5,8.7,19.5,47.3,24.5,68.4,31.6,1921,0.0,92.0,1126,95.2,4.8,3352,42.5,15.7,21.8,64.9,0.8,33.8,0.0,91.7,1.9,2021
12086008504,"Census Tract 85.04, Miami-Dade County, Florida",57.5,0.2,88.5,1.1,0.3,8.7,30.2,81750,80449,27280,4.6,1.2,6.4,9.7,11.0,14.3,8.0,37.1,7.7,0.0,2.2,12.2,8.1,11.1,21.1,34.7,33.1,82.5,17.5,1868,0.0,26.6,937,97.0,3.0,2728,34.4,27.8,11.6,75.6,0.7,22.9,0.0,90.8,4.6,2021
12086008601,"Census Tract 86.01, Miami-Dade County, Florida",61.1,4.2,72.3,0.4,0.0,16.6,35.7,95489,145194,44385,5.5,5.5,4.1,5.2,5.1,19.6,8.4,18.4,8.6,19.6,8.7,22.0,13.0,3.1,33.8,32.4,30.7,82.5,17.5,1555,0.0,64.5,1454,97.0,3.0,4893,48.2,15.3,20.8,67.1,0.3,31.7,0.4,88.9,1.3,2021
12086008603,"Census Tract 86.03, Miami-Dade County, Florida",66.1,1.9,83.1,0.2,0.3,8.3,40.8,100276,119462,47361,11.9,2.0,0.0,6.6,12.4,8.9,7.7,22.8,19.6,8.0,16.2,13.9,11.2,0.0,33.0,37.0,30.0,80.4,19.6,2341,15.9,67.3,1633,99.3,0.7,4273,47.3,13.7,20.3,66.3,0.2,25.6,4.0,85.0,1.6,2021
12086008604,"Census Tract 86.04, Miami-Dade County, Florida",65.0,1.8,62.9,0.0,2.3,23.7,31.8,92537,111047,40706,25.3,3.2,3.9,3.6,0.0,10.0,13.6,18.2,7.8,14.4,21.5,3.9,18.7,0.0,27.3,54.7,18.0,100.0,0.0,-666666666,-666666666.0,-666666666.0,506,81.2,18.8,1170,44.9,24.1,20.5,67.3,1.4,27.2,1.3,85.0,2.1,2021
12086008702,"Census Tract 87.02, Miami-Dade County, Florida",51.3,9.9,85.5,2.2,0.7,3.4,32.0,75893,79334,24139,5.1,6.0,4.7,6.8,17.6,9.7,24.2,13.2,10.3,2.5,12.2,37.5,16.5,1.1,29.5,29.9,39.6,80.3,19.7,1742,8.6,74.0,1742,98.3,1.7,5757,44.7,15.9,19.7,70.6,1.2,23.4,0.7,89.9,1.6,2021
12086008703,"Census Tract 87.03, Miami-Dade County, Florida",59.3,3.1,98.9,0.0,0.0,0.0,31.9,84205,99593,31506,1.5,0.0,6.8,4.4,12.7,17.6,15.1,19.2,16.1,6.6,6.1,23.2,13.4,0.3,11.9,36.2,51.6,76.8,23.2,2190,13.6,65.6,721,92.0,8.0,2414,45.9,13.8,17.1,63.5,4.6,25.0,0.0,90.8,0.8,2021
12086008704,"Census Tract 87.04, Miami-Dade County, Florida",67.5,2.3,85.6,0.2,0.0,5.8,29.3,64453,95047,34094,3.0,0.0,8.1,5.6,16.8,23.2,10.5,9.3,15.4,8.2,5.2,7.0,15.7,6.7,22.5,38.0,32.8,83.5,16.5,2250,13.7,71.8,873,95.3,4.7,2535,53.1,12.0,22.4,75.1,0.1,18.5,0.7,76.4,4.9,2021
12086008805,"Census Tract 88.05, Miami-Dade County, Florida",54.7,5.2,84.7,0.6,0.3,5.3,26.8,50165,56325,21038,8.4,8.4,10.6,15.1,7.1,20.1,17.7,8.3,3.0,1.2,19.1,30.9,20.0,8.0,31.3,33.3,27.4,43.9,56.1,1590,0.0,62.6,1502,89.5,10.5,4064,45.0,12.6,25.0,83.8,0.9,12.1,0.9,89.3,4.8,2021
12086008806,"Census Tract 88.06, Miami-Dade County, Florida",61.2,2.6,73.1,1.6,0.0,1.2,31.7,59888,85177,27787,1.8,2.9,10.6,9.6,7.7,24.7,6.1,20.8,13.3,2.5,13.4,21.1,18.6,2.3,28.1,42.7,27.0,70.1,29.9,1796,0.0,60.7,1444,98.3,1.7,4773,45.1,20.6,22.0,63.8,0.0,35.4,0.0,96.1,1.7,2021
12086008807,"Census Tract 88.07, Miami-Dade County, Florida",60.5,7.4,87.2,0.0,0.0,10.1,31.4,96295,106724,38408,1.4,0.4,6.4,5.2,4.2,4.1,42.4,23.3,4.6,7.9,2.3,15.6,7.1,5.9,25.1,22.3,46.6,92.6,7.4,1979,22.1,24.8,1564,97.6,2.4,4517,51.8,9.1,24.8,48.5,0.0,50.6,0.0,96.7,0.7,2021
12086008808,"Census Tract 88.08, Miami-Dade County, Florida",55.7,11.1,95.5,1.0,0.6,0.8,31.8,60573,61408,21879,3.3,13.1,3.5,9.3,14.7,36.6,4.2,13.1,0.8,1.4,14.0,37.6,11.6,3.3,29.0,50.1,17.7,48.1,51.9,1379,29.5,35.4,1156,97.4,2.6,3337,49.9,15.0,22.0,76.5,3.1,18.6,0.0,94.6,0.3,2021
12086008809,"Census Tract 88.09, Miami-Dade County, Florida",61.9,0.8,86.3,0.0,0.1,6.8,32.5,93598,114188,41063,6.7,0.0,1.9,8.6,5.0,11.1,20.2,21.9,6.9,17.6,2.4,10.5,3.0,7.1,13.0,49.2,30.7,84.2,15.8,1708,0.0,62.1,683,93.4,6.6,1964,49.4,12.8,28.2,83.2,1.0,13.7,0.0,91.5,4.9,2021
12086008810,"Census Tract 88.10, Miami-Dade County, Florida",63.6,3.9,83.8,0.0,2.0,6.4,35.3,67331,97631,34560,1.8,0.3,6.0,25.8,12.5,8.3,21.2,12.5,4.1,7.6,5.2,18.5,10.4,1.2,30.9,34.7,33.1,68.6,31.4,1592,3.1,70.7,1641,99.3,0.7,4923,43.0,16.5,21.0,64.6,3.8,30.2,0.0,97.8,8.9,2021
12086008904,"Census Tract 89.04, Miami-Dade County, Florida",27.2,26.8,45.9,4.8,35.7,9.2,18.9,-666666666,-666666666,3806,-666666666.0,-666666666.0,-666666666.0,-666666666.0,-666666666.0,-666666666.0,-666666666.0,-666666666.0,-666666666.0,-666666666.0,-666666666.0,-666666666.0,13.1,-666666666.0,-666666666.0,-666666666.0,-666666666.0,-666666666.0,-666666666.0,-666666666,-666666666.0,-666666666.0,0,-666666666.0,-666666666.0,2619,20.3,0.3,0.0,50.0,39.5,4.8,2.9,31.9,1.6,2021
12086008906,"Census Tract 89.06, Miami-Dade County, Florida",59.6,3.0,83.0,0.5,1.5,5.4,31.9,57554,91722,34694,6.7,3.2,9.1,5.3,16.0,18.9,9.5,12.1,5.4,13.8,10.9,26.5,15.6,7.2,19.5,56.5,16.8,64.9,35.1,1524,21.8,44.6,1830,94.7,5.3,4815,48.2,15.3,24.0,67.1,0.6,25.4,5.9,88.5,1.8,2021
12086008907,"Census Tract 89.07, Miami-Dade County, Florida",56.3,5.1,82.4,0.0,0.4,12.1,31.0,43352,74012,31604,6.4,3.4,13.4,12.2,17.0,14.0,9.9,13.3,4.2,6.3,12.6,24.7,7.7,7.2,45.9,32.2,14.6,55.9,44.1,1650,3.4,56.8,1858,97.3,2.7,4508,52.6,13.3,29.2,55.6,2.7,34.1,6.3,79.1,0.6,2021
12086008908,"Census Tract 89.08, Miami-Dade County, Florida",55.0,3.3,77.5,0.6,0.0,15.9,30.2,68902,88500,30311,8.3,1.6,18.2,3.4,2.4,19.6,13.5,18.9,8.6,5.4,4.8,34.0,19.9,6.6,43.0,28.3,22.1,81.1,18.9,1430,16.3,23.1,1182,98.8,1.2,3696,45.2,15.3,30.8,53.0,0.3,35.8,6.3,88.9,0.9,2021
12086008909,"Census Tract 89.09, Miami-Dade County, Florida",63.1,2.4,66.1,0.4,0.0,4.7,28.6,56406,75650,25983,6.6,6.1,4.7,7.3,17.6,18.5,9.7,17.7,8.0,3.9,14.5,21.7,12.7,12.4,34.0,34.1,19.5,72.1,27.9,1415,20.2,48.0,1249,99.2,0.8,3830,50.7,9.4,22.8,54.2,8.7,29.5,0.0,93.2,2.0,2021
12086008910,"Census Tract 89.10, Miami-Dade County, Florida",54.6,2.9,96.3,0.0,0.0,1.9,32.3,78958,83600,34293,8.6,1.1,10.9,9.1,15.3,0.8,20.9,16.5,14.2,2.6,9.8,15.9,7.6,6.6,28.8,41.4,23.1,86.1,13.9,1450,0.0,71.7,1077,95.0,5.0,2823,57.5,5.2,33.4,65.6,0.7,25.6,0.0,93.1,5.8,2021
12086008911,"Census Tract 89.11, Miami-Dade County, Florida",72.5,0.2,91.2,0.0,0.0,7.8,30.4,74643,91768,29309,8.9,0.0,1.2,2.9,11.4,26.0,23.0,9.6,5.2,11.7,7.0,16.4,7.9,4.4,24.9,44.8,25.9,87.6,12.4,-666666666,0.0,92.2,863,95.2,4.8,2782,45.5,22.8,15.1,76.8,0.4,22.3,0.0,85.3,0.4,2021
12086009010,"Census Tract 90.10, Miami-Dade County, Florida",62.3,4.2,74.5,0.3,1.3,10.4,22.0,82232,98481,36569,7.9,1.9,4.2,7.7,10.2,12.7,19.1,19.4,6.4,10.5,11.5,8.2,13.6,6.1,38.6,39.8,15.5,45.7,54.3,2225,2.6,55.1,3138,83.9,16.1,7501,37.8,20.6,10.6,71.3,4.9,14.0,5.3,75.7,3.7,2021
12086009014,"Census Tract 90.14, Miami-Dade County, Florida",72.4,1.0,78.1,1.9,0.0,7.6,31.1,75949,75754,27122,1.7,3.3,5.8,6.0,15.0,16.9,30.7,16.0,2.4,2.3,7.7,19.2,14.9,2.5,29.7,49.0,18.9,47.6,52.4,1785,13.9,45.5,1584,95.3,4.7,4438,39.8,18.1,9.7,73.7,2.1,18.6,2.6,90.4,1.4,2021
12086009015,"Census Tract 90.15, Miami-Dade County, Florida",66.5,3.0,76.5,2.7,2.4,4.3,28.9,47952,57090,25187,3.1,5.1,8.4,16.1,20.6,23.0,11.5,8.0,3.5,0.6,4.4,23.9,15.2,8.7,46.8,34.6,9.9,50.1,49.9,1453,21.6,43.6,2569,88.0,12.0,5372,46.3,13.2,20.2,71.6,1.7,19.9,2.5,91.0,5.4,2021
12086009020,"Census Tract 90.20, Miami-Dade County, Florida",55.6,9.9,90.2,2.1,2.4,2.2,29.8,37146,45647,18011,14.1,7.1,11.9,9.5,23.9,13.5,8.5,10.8,0.6,0.0,24.6,44.7,10.3,8.5,48.4,31.8,11.4,14.3,85.7,1220,5.8,46.9,1183,97.5,2.5,3172,39.2,22.2,13.9,59.2,0.0,39.0,0.4,93.8,0.7,2021
12086009021,"Census Tract 90.21, Miami-Dade County, Florida",55.8,6.1,79.6,0.9,3.2,7.7,26.9,39500,55634,21111,11.9,9.1,12.4,10.7,15.2,14.4,4.4,16.7,5.2,0.0,22.1,32.1,16.4,4.5,34.4,47.9,13.2,30.4,69.6,1535,9.5,55.6,1434,100.0,0.0,4226,41.0,16.0,15.4,59.4,3.2,29.3,2.9,93.0,1.2,2021
12086009022,"Census Tract 90.22, Miami-Dade County, Florida",57.5,5.0,89.9,0.1,0.0,6.9,31.9,47857,60850,18694,6.2,6.8,10.5,19.5,9.7,16.3,12.4,17.4,0.7,0.6,14.3,36.3,16.3,5.0,38.2,30.7,26.1,64.6,35.4,1839,7.0,59.5,694,100.0,0.0,2535,43.5,18.8,13.2,71.3,2.7,23.7,0.0,93.5,0.5,2021
12086009024,"Census Tract 90.24, Miami-Dade County, Florida",71.6,1.7,74.3,2.3,0.0,11.7,29.0,63552,65062,24370,5.0,5.6,6.6,6.4,19.4,16.9,22.9,14.1,3.1,0.0,15.2,17.3,19.8,4.9,44.5,45.0,5.7,12.5,87.5,1895,11.2,47.4,2324,86.8,13.2,5808,33.0,19.8,8.7,72.2,1.1,13.3,6.3,84.1,3.5,2021
12086009026,"Census Tract 90.26, Miami-Dade County, Florida",60.9,2.4,76.1,3.9,1.2,4.5,28.4,39306,45306,20022,6.2,4.9,14.1,19.9,21.3,22.7,6.2,3.3,0.8,0.5,13.5,35.3,12.8,12.2,43.8,38.1,5.9,36.2,63.8,1617,9.6,75.6,955,89.3,10.7,2074,46.1,13.0,21.2,84.7,1.3,8.3,0.1,95.2,4.2,2021
12086009027,"Census Tract 90.27, Miami-Dade County, Florida",68.4,5.7,79.3,0.7,0.6,9.2,25.6,57245,63395,29027,8.6,3.0,4.8,4.1,18.1,32.6,10.3,16.6,0.4,1.5,11.3,23.3,16.6,4.5,46.0,43.9,5.5,35.1,64.9,1642,14.2,35.2,1850,89.6,10.4,3846,42.9,10.3,19.5,77.5,4.1,15.9,0.8,91.7,3.1,2021
12086009028,"Census Tract 90.28, Miami-Dade County, Florida",65.8,3.5,76.1,0.0,0.0,8.0,27.5,54554,70102,25864,4.2,0.0,11.5,8.3,13.3,26.8,11.5,15.6,6.8,2.0,14.5,18.6,12.3,2.7,32.5,55.1,9.7,62.7,37.3,1746,5.6,52.6,2223,90.6,9.4,5581,42.1,21.0,14.1,78.6,0.7,14.1,2.7,90.0,5.1,2021
12086009029,"Census Tract 90.29, Miami-Dade County, Florida",57.4,5.2,68.6,4.7,0.4,6.4,28.5,56268,66196,23780,5.4,9.3,6.9,8.7,11.1,17.7,17.2,19.8,3.1,0.8,11.8,33.9,15.1,6.1,33.5,43.7,16.8,51.2,48.8,2065,12.0,45.9,1622,94.6,5.4,4375,46.0,17.2,18.4,65.5,0.9,31.8,0.2,94.0,2.0,2021
12086009030,"Census Tract 90.30, Miami-Dade County, Florida",70.4,2.0,81.6,3.3,2.6,4.2,27.8,50208,61537,25416,7.8,2.4,7.2,12.1,20.2,22.6,10.6,12.4,3.3,1.5,11.2,18.4,18.8,2.8,36.4,49.6,11.2,41.8,58.2,1533,12.5,55.2,1994,93.7,6.3,4997,43.0,14.6,15.4,73.1,0.7,20.6,0.0,95.4,1.9,2021
12086009031,"Census Tract 90.31, Miami-Dade County, Florida",67.7,1.4,74.3,6.5,2.5,6.1,27.7,50655,58941,22172,6.4,6.5,8.4,8.5,19.5,19.4,16.8,13.5,0.0,1.0,19.4,28.2,11.0,7.1,33.6,49.3,10.0,16.3,83.7,1724,9.3,54.6,1526,96.7,3.3,4082,39.9,19.9,10.7,77.0,0.0,12.4,3.4,88.8,2.3,2021
12086009039,"Census Tract 90.39, Miami-Dade County, Florida",66.1,2.2,77.5,1.1,0.6,9.2,26.0,71020,94060,30398,10.6,3.5,2.9,4.7,11.9,22.8,9.6,15.1,5.5,13.4,15.1,4.7,11.5,6.3,28.3,51.6,13.9,36.5,63.5,2118,6.0,67.6,2599,85.4,14.6,7171,34.7,27.1,3.2,78.7,0.7,15.2,1.5,84.8,7.4,2021
12086009040,"Census Tract 90.40, Miami-Dade County, Florida",61.5,3.0,74.6,3.7,0.4,12.9,25.1,78889,99397,29612,6.8,3.0,2.7,14.6,10.4,12.1,13.7,19.0,7.1,10.4,10.8,9.6,17.2,3.4,27.2,48.1,21.3,50.9,49.1,2486,10.1,52.5,2334,81.7,18.3,6517,31.9,28.9,6.1,76.3,0.6,18.4,2.5,84.3,2.6,2021
12086009043,"Census Tract 90.43, Miami-Dade County, Florida",68.0,3.1,78.0,0.5,0.0,9.8,32.6,94643,108737,31095,8.9,0.0,5.6,4.4,6.6,12.6,13.7,20.6,17.8,9.9,9.5,11.4,11.4,1.9,25.6,49.9,22.6,68.5,31.5,2731,4.7,58.0,1518,90.3,9.7,4919,36.1,30.8,5.4,71.5,1.2,20.8,3.2,87.2,6.9,2021
12086009044,"Census Tract 90.44, Miami-Dade County, Florida",61.2,5.9,78.0,0.0,0.9,7.7,25.3,74643,94735,26010,4.3,0.7,8.2,9.8,6.7,20.4,14.0,16.6,11.2,8.0,10.9,5.8,17.5,2.2,28.2,49.2,20.4,52.7,47.3,2186,4.6,78.2,1056,83.0,17.0,3340,35.1,29.1,6.3,76.7,0.2,16.4,3.3,85.5,3.0,2021
12086009048,"Census Tract 90.48, Miami-Dade County, Florida",54.0,1.7,80.6,1.7,0.0,10.9,26.7,108851,150625,43556,3.6,0.0,0.6,1.8,2.0,15.6,15.6,31.1,13.8,15.9,5.6,0.0,1.7,4.5,23.0,36.4,36.1,44.0,56.0,3185,19.8,56.7,1129,87.5,12.5,3540,31.6,24.8,6.8,78.3,0.9,11.2,7.5,76.5,3.9,2021
12086009049,"Census Tract 90.49, Miami-Dade County, Florida",68.3,3.5,72.0,0.0,2.7,16.9,30.3,80201,100070,32304,6.9,1.5,4.9,8.2,9.6,17.5,20.4,15.7,5.9,9.4,7.8,11.5,22.0,3.7,23.8,63.0,9.5,45.6,54.4,1981,9.5,50.0,1732,77.5,22.5,4283,41.6,24.8,8.1,77.3,0.0,20.9,0.3,85.8,4.8,2021
12086009050,"Census Tract 90.50, Miami-Dade County, Florida",68.3,4.7,67.8,0.9,1.8,10.0,27.8,73527,95910,26060,5.6,2.1,4.4,5.4,8.2,25.3,11.9,23.0,6.3,7.8,8.4,6.2,13.0,2.1,19.7,54.3,24.0,50.6,49.4,2270,11.1,57.3,1764,90.9,9.1,6078,36.6,27.6,6.3,77.8,0.2,15.5,1.5,88.8,3.3,2021
12086009051,"Census Tract 90.51, Miami-Dade County, Florida",44.5,0.7,89.3,6.1,0.0,1.7,34.8,78058,114991,41702,4.7,0.0,4.0,11.3,21.2,6.9,11.6,21.8,11.5,6.9,9.1,19.1,12.4,9.3,25.8,43.0,21.9,43.6,56.4,1734,9.1,54.6,679,100.0,0.0,2020,44.5,25.0,22.4,87.9,1.7,9.2,0.0,89.3,1.3,2021
12086009052,"Census Tract 90.52, Miami-Dade County, Florida",60.7,2.1,72.4,5.6,0.0,14.5,28.6,37109,50820,22882,4.4,22.3,13.2,6.8,18.2,10.1,14.9,4.3,5.3,0.4,23.0,34.8,21.7,14.2,43.9,27.2,14.6,45.7,54.3,1409,6.2,61.5,1714,97.2,2.8,4050,49.0,8.1,24.4,66.6,0.0,30.6,0.4,96.5,0.7,2021
12086009053,"Census Tract 90.53, Miami-Dade County, Florida",67.8,4.5,85.0,0.0,0.0,4.1,30.0,82377,100665,36292,1.2,1.6,12.1,8.4,4.8,12.5,20.7,13.6,19.1,6.0,9.1,19.0,18.7,6.6,33.8,42.6,17.0,64.8,35.2,2198,0.0,61.2,1754,93.5,6.5,4573,37.1,20.3,13.6,48.6,0.8,46.0,4.5,86.3,1.5,2021
12086009054,"Census Tract 90.54, Miami-Dade County, Florida",57.4,3.3,94.6,0.0,0.0,0.6,28.5,85852,79218,25113,6.7,7.3,4.6,5.3,1.3,15.5,24.4,28.8,5.5,0.7,4.5,16.0,15.3,10.6,26.0,29.1,34.2,77.0,23.0,1977,40.0,0.0,549,100.0,0.0,1929,47.9,13.9,20.3,52.2,0.2,41.8,0.0,95.2,4.5,2021
12086009055,"Census Tract 90.55, Miami-Dade County, Florida",50.2,5.5,93.0,0.0,0.0,3.7,33.8,65568,69085,23837,8.9,5.5,13.5,7.9,6.2,14.6,23.9,14.4,1.3,3.8,15.3,30.7,13.2,0.0,26.9,44.8,28.3,76.1,23.9,2368,0.0,40.0,710,100.0,0.0,2196,46.5,11.7,20.1,82.4,1.0,13.3,0.0,88.1,1.0,2021
12086009056,"Census Tract 90.56, Miami-Dade County, Florida",50.9,2.1,66.7,0.0,0.0,28.1,27.7,73576,88633,33967,5.2,3.4,21.3,1.7,8.6,11.9,12.1,12.0,16.9,6.8,4.9,6.2,7.5,22.1,31.9,36.4,9.6,75.7,24.3,2554,4.5,37.6,1210,92.1,7.9,2953,46.2,21.6,20.5,71.2,0.7,16.8,1.3,73.8,4.2,2021
12086009057,"Census Tract 90.57, Miami-Dade County, Florida",66.0,1.7,68.5,0.9,0.0,21.5,22.4,88438,86162,29111,0.8,6.0,3.3,4.5,20.0,14.2,23.2,12.4,11.5,4.0,8.8,10.0,16.7,0.0,33.5,57.4,9.1,45.0,55.0,2287,5.5,66.7,2223,86.5,13.5,5712,34.0,24.6,3.3,72.6,0.0,15.9,0.6,88.0,5.9,2021
12086009058,"Census Tract 90.58, Miami-Dade County, Florida",65.4,3.6,75.4,0.0,0.0,14.3,26.1,62399,80501,32827,2.2,9.5,6.1,10.0,8.2,15.7,15.3,22.5,3.9,6.6,16.8,11.0,15.7,1.3,50.7,35.0,13.0,46.7,53.3,1937,7.7,47.3,1755,85.6,14.4,3827,43.6,21.3,14.4,85.7,0.7,6.2,4.0,81.8,5.5,2021
12086009059,"Census Tract 90.59, Miami-Dade County, Florida",74.7,2.1,66.3,0.0,3.1,14.0,21.0,58393,73024,22209,8.3,4.9,9.6,4.0,1.8,35.6,14.0,14.8,5.1,2.0,13.4,21.0,9.2,0.0,41.2,47.3,11.5,32.7,67.3,2216,3.7,85.0,1033,89.2,10.8,3135,41.6,31.6,7.8,75.7,1.2,15.3,2.2,84.2,1.3,2021
12086009060,"Census Tract 90.60, Miami-Dade County, Florida",76.1,2.7,76.7,0.6,0.0,2.9,28.5,91500,112107,34823,5.7,1.0,0.9,0.0,10.0,24.0,8.8,23.7,15.3,10.6,5.9,15.5,16.6,5.4,28.8,51.2,14.5,41.8,58.2,2274,0.0,57.1,1763,91.3,8.7,5256,35.7,29.9,4.2,76.9,2.8,12.8,5.3,83.5,5.3,2021
12086009061,"Census Tract 90.61, Miami-Dade County, Florida",54.7,2.6,77.7,8.8,0.0,3.6,32.9,45250,50099,17929,9.5,7.2,14.2,5.2,17.5,29.1,9.0,7.4,0.0,0.8,22.3,49.9,16.3,8.1,37.0,30.5,24.4,58.1,41.9,926,16.3,58.3,998,100.0,0.0,3275,49.0,13.4,20.4,71.7,5.5,12.8,0.0,98.5,0.6,2021
12086009062,"Census Tract 90.62, Miami-Dade County, Florida",65.5,3.0,88.2,2.1,0.6,3.7,29.0,62054,66671,21812,9.9,0.0,8.6,4.1,16.3,25.7,14.3,13.8,6.9,0.5,14.6,23.4,16.6,3.5,29.3,37.9,29.3,62.1,37.9,1748,2.6,50.5,918,96.6,3.4,3025,44.0,14.4,15.7,69.7,0.1,19.2,5.6,93.5,1.9,2021
12086009063,"Census Tract 90.63, Miami-Dade County, Florida",64.5,1.4,88.5,0.0,2.3,0.0,25.6,44063,50634,18696,16.9,3.3,4.8,11.7,20.2,20.7,15.3,5.2,2.0,0.0,12.7,36.0,15.8,14.1,25.9,46.5,13.5,34.3,65.7,1415,22.7,35.3,1113,92.2,7.8,2893,40.9,18.1,15.2,86.4,0.0,13.1,0.1,98.8,2.0,2021
12086009064,"Census Tract 90.64, Miami-Dade County, Florida",68.4,5.1,80.0,1.4,0.0,2.6,25.7,59228,63959,22675,0.6,5.5,2.8,12.3,18.8,30.6,16.9,8.2,1.9,2.2,7.9,12.0,11.1,3.7,33.7,56.2,6.5,33.1,66.9,1788,14.6,64.6,1100,89.4,10.6,2916,35.3,22.6,17.9,77.2,2.2,20.6,0.0,92.7,2.8,2021
12086009065,"Census Tract 90.65, Miami-Dade County, Florida",60.0,8.5,61.7,0.0,0.0,21.6,21.0,106397,108922,36719,6.6,0.0,4.2,2.8,6.5,25.6,3.3,18.5,17.0,15.6,9.6,16.1,18.0,1.6,60.1,36.1,2.2,24.3,75.7,1913,6.3,36.5,1066,87.9,12.1,3137,38.8,19.2,20.0,68.9,0.9,11.5,0.8,86.5,0.8,2021
12086009066,"Census Tract 90.66, Miami-Dade County, Florida",76.4,1.2,68.3,0.8,2.3,4.6,23.5,64207,84338,34361,6.4,1.1,5.5,13.0,9.9,22.3,9.0,19.6,6.4,6.7,14.1,8.9,15.3,3.7,37.8,51.7,6.9,31.1,68.9,1738,8.0,51.7,2810,84.5,15.5,5889,34.4,16.7,5.8,63.0,1.2,26.9,0.8,86.3,2.4,2021
12086009101,"Census Tract 91.01, Miami-Dade County, Florida",60.8,4.8,70.4,1.3,0.0,12.0,28.4,45739,52852,15973,5.8,14.9,7.7,14.5,10.9,18.2,20.0,2.1,4.8,1.1,27.4,37.8,21.3,3.6,34.3,29.2,32.9,18.1,81.9,1548,7.8,58.2,840,96.9,3.1,3163,39.3,22.4,15.4,64.5,0.5,34.9,0.2,97.0,1.4,2021
12086009102,"Census Tract 91.02, Miami-Dade County, Florida",41.9,4.3,83.3,4.4,1.5,5.4,27.7,41823,49332,15997,10.3,3.6,14.9,15.1,21.8,13.4,9.8,9.9,0.0,1.1,19.2,32.9,15.8,10.4,34.0,42.6,13.0,45.3,54.7,1298,19.0,51.6,1046,94.6,5.4,3597,41.8,9.9,15.5,69.5,17.8,11.8,0.2,79.1,2.5,2021
12086009200,"Census Tract 92, Miami-Dade County, Florida",59.7,1.8,72.3,8.6,0.3,5.6,31.1,72738,80516,25873,4.2,3.6,8.4,8.2,6.5,25.0,20.5,9.4,9.3,4.9,13.7,17.3,17.8,9.7,10.1,37.8,42.4,73.6,26.4,1466,0.0,45.0,970,97.7,2.3,3288,46.9,10.9,20.5,64.8,0.1,29.4,0.0,91.6,1.0,2021
12086009305,"Census Tract 93.05, Miami-Dade County, Florida",70.4,3.0,76.9,6.2,0.0,10.5,30.2,108243,124380,45036,2.7,1.2,3.8,4.7,9.4,12.2,12.1,21.6,19.0,13.1,3.5,9.5,13.1,1.4,29.1,46.4,23.1,78.5,21.5,1688,15.6,39.2,1938,100.0,0.0,5347,45.5,17.3,17.8,67.0,0.0,23.0,4.1,84.3,2.0,2021
12086009312,"Census Tract 93.12, Miami-Dade County, Florida",66.8,5.5,84.4,0.0,4.0,4.1,28.7,65408,75119,32441,5.3,5.1,0.9,8.1,16.9,23.6,15.2,16.5,5.2,3.2,12.7,12.7,7.2,6.1,40.4,41.0,12.5,15.5,84.5,1700,15.8,35.1,2581,89.9,10.1,5468,36.0,19.3,14.4,68.9,3.7,18.1,2.3,86.1,1.0,2021
12086009314,"Census Tract 93.14, Miami-Dade County, Florida",55.9,6.5,62.8,5.3,0.0,23.3,32.4,28758,34452,13766,11.6,16.9,13.8,22.1,17.0,8.8,7.2,1.8,0.8,0.0,34.3,60.8,17.2,14.3,45.8,29.9,10.0,21.9,78.1,1196,3.1,69.4,1448,97.9,2.1,3861,42.2,21.5,17.1,65.4,0.0,34.5,0.0,98.3,1.7,2021
12086009315,"Census Tract 93.15, Miami-Dade County, Florida",37.1,4.5,80.8,0.0,7.1,2.3,29.5,22047,33464,15948,14.3,20.1,16.4,14.0,11.9,15.2,2.6,5.4,0.0,0.0,25.9,46.6,9.5,18.1,53.8,22.2,5.9,33.2,66.8,1339,21.1,61.6,1308,93.5,6.5,2819,55.8,16.0,37.2,71.8,4.4,18.2,0.0,95.3,2.8,2021
12086009316,"Census Tract 93.16, Miami-Dade County, Florida",61.2,5.2,61.7,1.4,0.0,7.8,27.4,40341,55327,16502,0.0,5.3,11.9,24.5,18.6,17.7,8.6,9.5,3.9,0.0,29.9,28.6,13.6,0.0,39.0,31.2,29.9,74.2,25.8,-666666666,24.4,21.7,801,96.1,3.9,2705,46.0,20.6,22.3,82.0,1.2,6.1,2.2,94.4,2.8,2021
12086009317,"Census Tract 93.17, Miami-Dade County, Florida",56.6,4.2,80.4,0.3,0.0,3.0,25.9,48380,59213,21344,9.6,9.9,11.3,4.2,26.7,12.3,10.8,12.9,1.1,1.1,10.8,38.2,24.4,6.7,38.0,43.1,12.2,58.8,41.2,1297,4.6,52.2,1478,96.1,3.9,4496,42.9,18.1,18.5,55.9,1.6,33.9,0.0,97.1,0.0,2021
12086009318,"Census Tract 93.18, Miami-Dade County, Florida",63.7,6.2,80.7,0.0,0.0,6.4,33.1,-666666666,61043,22576,10.1,7.6,9.9,27.0,0.0,6.5,11.9,23.4,3.8,0.0,17.1,21.4,13.4,4.0,16.4,58.3,21.4,82.9,17.1,-666666666,24.4,26.7,556,100.0,0.0,1560,48.4,6.0,14.6,80.4,0.0,12.4,0.0,93.1,3.5,2021
12086009319,"Census Tract 93.19, Miami-Dade County, Florida",69.9,1.8,90.4,0.0,0.0,6.2,35.9,85588,93394,32934,0.0,2.3,5.4,4.2,9.6,14.2,29.0,21.3,11.3,2.6,6.9,10.5,25.9,4.7,30.5,39.8,25.1,38.7,61.3,1649,8.2,38.2,1543,95.5,4.5,4520,37.9,20.1,8.4,51.2,0.0,42.6,0.3,90.3,4.4,2021
12086009320,"Census Tract 93.20, Miami-Dade County, Florida",64.3,4.6,87.1,0.0,0.0,5.0,30.5,46383,50871,18527,7.2,6.2,14.4,13.1,11.4,20.2,19.9,7.7,0.0,0.0,20.7,66.6,11.9,6.8,38.2,33.8,21.3,17.9,82.1,1227,14.9,50.9,1629,94.9,5.1,4541,39.8,20.4,11.7,49.1,0.9,41.6,0.0,96.2,0.8,2021
12086009321,"Census Tract 93.21, Miami-Dade County, Florida",65.4,2.8,78.5,0.2,0.2,12.4,25.5,74469,83471,27596,7.4,1.6,8.2,19.7,4.7,9.4,22.3,10.0,9.5,7.1,9.8,36.2,9.0,3.2,35.3,33.7,27.8,61.1,38.9,1461,3.2,70.1,848,95.2,4.8,2511,46.9,21.3,14.9,77.4,6.1,15.7,0.0,95.9,0.0,2021
12086009322,"Census Tract 93.22, Miami-Dade County, Florida",65.0,0.0,68.5,1.3,2.1,12.6,34.3,25924,38500,17970,5.1,7.7,36.7,8.3,14.0,13.7,8.5,4.3,1.7,0.0,17.2,31.8,17.8,13.1,52.7,28.2,6.0,53.9,46.1,1273,3.8,62.6,1729,100.0,0.0,3944,44.0,17.6,27.5,70.6,0.7,18.6,0.0,99.3,1.6,2021
12086009323,"Census Tract 93.23, Miami-Dade County, Florida",59.3,4.3,77.6,1.6,0.0,9.5,26.8,65637,79857,25463,5.3,2.9,9.2,10.7,12.4,16.0,17.2,15.9,2.4,8.0,12.8,32.5,24.7,1.9,28.0,44.2,25.9,84.9,15.1,1321,0.0,73.4,849,100.0,0.0,2793,48.2,17.9,19.0,69.2,0.5,25.1,0.0,91.9,0.0,2021
12086009324,"Census Tract 93.24, Miami-Dade County, Florida",53.2,3.7,78.2,1.6,0.0,1.2,33.2,37623,43360,18555,22.8,5.7,13.5,4.9,26.4,7.9,5.2,11.3,1.1,1.2,25.8,57.8,12.2,15.5,46.9,26.1,11.5,24.3,75.7,1126,11.4,45.0,1599,100.0,0.0,4272,43.9,16.8,17.3,67.2,1.3,24.3,0.0,98.5,1.4,2021
12086009325,"Census Tract 93.25, Miami-Dade County, Florida",67.6,8.9,95.0,0.0,0.0,4.0,24.3,69602,97723,32348,0.0,0.0,1.5,8.6,23.5,21.3,12.9,20.0,3.9,8.3,4.6,11.0,21.2,0.0,39.0,37.8,23.3,66.3,33.7,1176,4.0,50.2,821,100.0,0.0,2580,35.6,17.6,11.8,54.1,0.0,33.3,2.4,97.6,2.3,2021
12086009326,"Census Tract 93.26, Miami-Dade County, Florida",31.5,4.0,90.4,0.0,0.0,1.1,25.3,26152,43626,18986,21.3,5.5,21.4,14.0,6.7,15.0,4.7,10.0,1.3,0.0,19.2,54.5,8.1,26.1,41.7,21.7,10.5,65.2,34.8,1312,4.7,51.0,1340,96.3,3.7,2948,55.9,11.5,38.2,57.1,0.0,36.3,0.0,97.5,2.3,2021
12086009327,"Census Tract 93.27, Miami-Dade County, Florida",53.6,4.2,75.8,0.0,0.0,5.8,28.9,-666666666,78343,22344,11.2,12.6,13.9,6.4,7.7,6.4,7.1,16.3,13.7,4.8,19.6,35.6,14.6,1.6,20.5,35.0,42.9,83.9,16.1,2630,0.0,78.0,885,92.4,7.6,3235,47.4,15.5,24.5,65.3,0.0,33.3,0.0,92.6,2.9,2021
12086009401,"Census Tract 94.01, Miami-Dade County, Florida",51.3,20.7,70.1,7.0,2.3,6.5,32.8,75131,85968,25065,0.0,6.2,1.7,14.0,7.2,20.3,15.6,26.2,4.3,4.5,9.3,17.3,24.5,0.0,17.7,66.6,15.7,74.3,25.7,1450,9.0,82.6,668,97.2,2.8,2644,35.8,19.9,15.2,6.7,78.2,13.8,0.0,20.5,1.4,2021
12086009402,"Census Tract 94.02, Miami-Dade County, Florida",55.6,5.9,87.5,1.2,0.0,5.6,29.8,61519,70823,21597,2.0,1.1,8.4,10.1,13.4,33.5,5.0,21.8,3.8,0.8,10.5,33.6,14.8,9.9,23.6,29.6,36.9,84.3,15.7,1663,5.8,73.0,1033,93.6,6.4,3556,44.3,18.8,16.3,33.2,43.9,20.8,0.0,54.1,9.3,2021
12086009503,"Census Tract 95.03, Miami-Dade County, Florida",52.8,7.2,81.7,0.3,0.0,11.1,25.9,62083,74781,23884,4.4,0.7,6.5,6.6,16.0,24.7,26.3,8.5,3.3,2.9,9.4,21.0,14.7,4.3,25.8,47.6,22.3,73.5,26.5,1419,2.4,55.2,1445,94.1,5.9,4640,39.1,24.3,17.2,11.3,80.7,7.5,0.0,19.2,4.8,2021
12086009504,"Census Tract 95.04, Miami-Dade County, Florida",55.1,8.3,80.8,8.4,0.0,4.4,32.7,70250,85236,25022,1.6,4.0,3.2,10.4,11.4,20.3,11.5,26.4,5.1,6.2,9.8,24.6,15.0,3.5,24.5,40.6,31.5,84.1,15.9,1943,22.7,51.5,1279,94.9,5.1,4680,39.9,22.0,16.6,8.9,86.5,2.5,0.0,13.6,1.8,2021
12086009505,"Census Tract 95.05, Miami-Dade County, Florida",74.1,7.6,61.2,8.5,0.0,14.4,27.0,43750,48878,18578,4.2,9.2,20.2,5.6,12.4,25.8,17.6,2.8,2.1,0.0,14.4,23.0,8.2,8.9,59.2,31.9,0.0,13.6,86.4,1316,13.7,54.6,545,78.2,21.8,1120,31.8,38.8,8.5,0.0,95.6,1.9,0.0,6.8,6.1,2021
12086009506,"Census Tract 95.06, Miami-Dade County, Florida",55.0,4.0,86.8,8.2,0.9,0.0,30.9,39100,48801,17942,3.1,5.1,17.8,17.0,21.8,17.3,8.6,4.2,4.5,0.6,19.6,37.6,24.3,11.8,42.9,29.8,15.5,51.9,48.1,1206,0.0,74.1,1532,86.2,13.8,3822,35.3,24.9,12.6,23.0,70.0,7.0,0.0,26.1,4.9,2021
12086009601,"Census Tract 96.01, Miami-Dade County, Florida",66.5,4.7,89.9,1.6,0.0,0.0,30.3,67873,68346,31438,2.6,7.8,2.8,8.9,15.1,36.1,12.0,5.4,9.3,0.0,7.9,13.3,12.1,3.5,51.8,34.2,10.5,39.1,60.9,1203,12.9,28.9,1454,90.9,9.1,3195,38.7,11.7,20.2,14.8,79.7,4.7,0.5,18.8,2.7,2021
12086009602,"Census Tract 96.02, Miami-Dade County, Florida",59.5,4.9,86.9,7.7,0.0,5.5,24.4,37829,42001,18777,9.1,7.0,12.3,20.8,26.8,15.4,6.4,1.0,1.1,0.0,19.5,19.1,19.4,5.9,58.7,32.7,2.7,20.5,79.5,1272,18.5,47.5,1636,89.6,10.4,3450,33.3,25.2,11.7,2.9,93.7,3.4,0.1,6.0,1.7,2021
12086009703,"Census Tract 97.03, Miami-Dade County, Florida",63.8,4.0,66.3,0.0,0.6,15.3,27.8,109646,168846,52652,0.5,2.6,5.2,1.6,8.2,10.5,12.6,19.8,14.3,24.6,3.8,10.1,4.4,1.3,15.0,66.1,17.7,88.1,11.9,2443,52.8,25.8,1103,83.7,16.3,2974,40.9,29.7,14.7,84.8,2.0,10.5,2.4,38.9,4.8,2021
12086009704,"Census Tract 97.04, Miami-Dade County, Florida",62.0,4.3,78.2,0.0,2.0,10.1,26.3,90147,128594,43010,1.6,2.9,7.6,7.5,8.7,15.5,11.4,19.0,5.8,20.1,9.9,8.3,6.0,1.4,34.5,45.3,18.8,78.1,21.9,1932,6.5,61.5,1895,87.0,13.0,5139,39.7,28.4,15.9,80.8,8.1,7.9,0.8,37.9,0.4,2021
12086009705,"Census Tract 97.05, Miami-Dade County, Florida",61.0,6.8,88.3,7.5,0.5,0.4,35.7,37609,46511,25128,10.2,8.5,9.6,19.6,16.3,19.3,5.9,6.9,3.6,0.0,18.2,11.6,10.2,7.1,54.3,26.1,12.6,66.8,33.2,1357,5.2,68.4,2683,80.5,19.5,4162,49.8,9.4,28.6,43.8,22.2,18.7,0.3,63.8,2.1,2021
12086009706,"Census Tract 97.06, Miami-Dade County, Florida",62.3,10.1,81.4,7.6,0.0,5.6,29.4,43297,67349,31651,5.7,4.9,16.3,16.1,14.2,11.4,11.0,15.8,2.1,2.4,13.5,12.6,27.0,6.5,50.3,33.9,9.3,59.3,40.7,1309,7.5,64.0,1949,87.1,12.9,3744,45.0,15.8,16.1,70.4,12.6,13.1,0.8,57.4,6.0,2021
12086009803,"Census Tract 98.03, Miami-Dade County, Florida",71.6,4.4,79.3,2.5,0.2,6.1,32.6,61830,85442,31730,4.3,0.6,10.8,10.3,9.6,26.8,12.0,14.6,7.4,3.5,4.2,22.3,25.2,0.3,49.6,32.2,17.8,56.8,43.2,1947,12.5,62.6,2486,94.4,5.6,7220,36.5,22.7,10.1,30.1,57.9,7.1,1.5,30.7,0.3,2021
12086009804,"Census Tract 98.04, Miami-Dade County, Florida",57.9,7.8,77.0,1.4,0.6,7.5,34.9,86154,91997,28295,3.8,2.3,7.4,9.7,10.8,12.1,10.3,30.2,7.2,6.0,8.0,13.0,18.4,0.0,18.0,51.9,30.1,89.3,10.7,2000,16.3,23.8,891,96.5,3.5,3017,37.4,20.5,15.7,35.8,50.8,9.1,2.7,24.3,2.2,2021
12086009806,"Census Tract 98.06, Miami-Dade County, Florida",49.0,7.4,79.3,0.8,4.3,7.8,35.6,37133,49993,24369,22.9,0.0,7.4,13.9,16.3,17.9,14.2,2.0,4.2,1.3,21.3,21.1,17.5,6.7,63.5,21.5,8.4,51.9,48.1,1124,0.8,68.9,1709,93.9,6.1,3614,48.7,12.0,24.4,38.0,46.8,5.1,2.2,32.0,1.1,2021
12086009809,"Census Tract 98.09, Miami-Dade County, Florida",62.4,4.9,92.0,0.0,0.0,4.2,41.5,65682,79913,26463,6.2,0.0,10.8,12.3,11.3,10.7,13.3,23.2,1.4,10.7,9.6,11.6,20.3,0.0,47.8,35.2,17.0,76.6,23.4,1804,9.7,31.8,1401,84.5,15.5,3618,42.7,23.5,19.0,13.6,66.7,15.9,2.0,15.7,5.6,2021
12086009810,"Census Tract 98.10, Miami-Dade County, Florida",66.8,4.2,88.7,2.1,0.8,3.1,29.0,70783,79327,30889,5.0,6.1,2.0,12.5,11.2,26.2,8.2,13.9,10.7,4.1,19.3,14.6,20.3,10.3,40.1,32.9,16.7,44.3,55.7,1635,0.0,52.6,1617,94.6,5.4,4239,39.4,16.5,12.5,32.6,49.1,17.5,0.0,35.9,12.4,2021
12086009811,"Census Tract 98.11, Miami-Dade County, Florida",39.1,4.9,74.6,2.8,4.9,3.6,28.6,25405,28517,16602,15.3,16.7,17.2,27.3,9.7,6.3,7.3,0.0,0.0,0.0,27.6,30.5,6.0,41.5,42.9,13.9,1.6,51.0,49.0,692,0.0,77.5,1175,67.2,32.8,1394,65.2,5.2,50.7,33.9,61.0,3.2,1.0,35.7,6.0,2021
12086009812,"Census Tract 98.12, Miami-Dade County, Florida",63.7,7.9,77.2,0.0,0.0,8.5,34.1,71891,78326,28245,8.8,2.4,1.5,10.3,11.8,16.4,28.0,11.5,2.9,6.4,6.4,7.2,10.2,4.3,50.3,34.4,11.0,51.8,48.2,1597,7.3,54.6,2142,87.6,12.4,5265,34.6,28.0,8.7,59.1,14.6,20.5,1.2,43.7,4.5,2021
12086009903,"Census Tract 99.03, Miami-Dade County, Florida",47.0,16.9,70.9,4.7,0.5,12.0,31.6,69712,78055,23864,4.6,3.7,4.8,9.9,11.3,21.6,20.1,16.3,3.0,4.7,7.0,28.1,25.8,4.1,33.3,36.7,25.9,76.8,23.2,1777,0.0,63.6,1546,93.5,6.5,5802,40.3,21.5,20.6,2.4,93.5,3.2,0.0,6.3,2.6,2021
12086009904,"Census Tract 99.04, Miami-Dade County, Florida",54.0,22.4,86.5,3.1,0.0,3.5,32.2,39360,41894,14585,4.2,4.7,19.5,12.5,24.9,26.6,6.4,1.2,0.0,0.0,24.1,48.9,13.4,11.7,59.6,22.4,6.3,37.0,63.0,1171,4.2,56.0,1287,93.4,6.6,3662,29.1,37.9,7.3,7.6,80.3,10.7,0.0,10.8,4.3,2021
12086009905,"Census Tract 99.05, Miami-Dade County, Florida",58.3,6.3,94.7,0.0,0.0,1.5,31.4,64659,73273,20507,2.0,5.6,7.7,9.9,11.7,22.7,15.7,15.2,6.1,3.4,12.3,20.5,24.3,4.6,27.6,43.3,24.6,81.8,18.2,1604,8.2,32.8,1511,95.8,4.2,5711,31.9,24.9,12.9,6.1,80.7,7.5,1.3,13.7,3.3,2021
12086009906,"Census Tract 99.06, Miami-Dade County, Florida",58.3,9.7,77.3,7.6,0.1,2.6,36.3,62432,66196,19565,7.9,1.8,9.1,12.7,8.8,22.2,20.3,9.9,5.6,1.5,17.0,24.9,17.2,4.2,22.0,47.1,26.7,82.7,17.3,2048,6.2,44.2,1566,95.0,5.0,5592,36.6,24.7,15.1,11.3,79.7,3.9,0.5,13.7,2.7,2021
12086009907,"Census Tract 99.07, Miami-Dade County, Florida",74.7,4.1,88.9,2.1,2.1,5.8,33.7,106602,115949,29547,0.0,1.1,2.0,8.3,7.9,14.3,9.4,31.9,11.7,13.4,0.6,30.1,14.0,3.6,26.5,26.0,43.9,88.6,11.4,1460,10.2,60.2,1160,96.8,3.2,4414,33.5,30.7,8.7,6.3,89.3,2.9,1.4,5.5,1.8,2021
12086009908,"Census Tract 99.08, Miami-Dade County, Florida",61.0,7.9,76.8,8.2,0.0,1.6,36.5,41776,47342,16988,4.8,10.0,5.9,15.1,27.6,21.7,8.6,6.4,0.0,0.0,17.2,32.0,14.6,14.5,56.9,19.0,9.6,18.4,81.6,1347,15.3,57.5,1731,93.5,6.5,4767,29.3,28.1,9.3,17.4,75.9,4.2,2.6,17.9,0.7,2021
12086009909,"Census Tract 99.09, Miami-Dade County, Florida",74.6,3.3,77.8,5.3,0.0,16.9,31.9,55824,64282,21816,0.0,0.0,4.9,5.3,21.3,45.4,3.7,19.4,0.0,0.0,14.8,45.8,28.2,0.0,57.9,35.4,6.7,33.9,66.1,1412,42.8,30.4,904,95.7,4.3,2717,27.5,38.9,5.1,7.1,91.8,0.0,1.1,7.1,0.7,2021
12086010010,"Census Tract 100.10, Miami-Dade County, Florida",56.2,4.6,88.3,3.3,0.0,2.3,30.4,40820,56272,19537,11.5,2.3,9.8,23.7,9.3,15.8,11.0,9.7,5.4,1.6,28.2,44.0,19.4,14.8,23.2,29.8,32.3,61.1,38.9,1071,12.7,72.6,1239,88.5,11.5,3464,41.4,18.6,13.7,58.7,34.0,4.5,0.0,64.5,3.1,2021
12086010012,"Census Tract 100.12, Miami-Dade County, Florida",60.2,4.5,81.2,1.8,0.5,6.8,32.9,60528,70786,20614,0.2,1.8,10.0,10.2,19.3,14.4,21.0,17.7,4.6,0.8,11.2,36.2,20.8,3.1,19.6,42.6,34.7,74.0,26.0,2043,23.1,65.9,1903,93.8,6.2,6634,41.9,19.0,13.2,11.7,67.9,12.9,0.2,36.1,1.0,2021
12086010013,"Census Tract 100.13, Miami-Dade County, Florida",57.6,1.7,76.8,3.1,4.1,1.1,34.5,65536,84770,24420,0.9,6.7,8.2,8.3,10.6,21.6,13.3,10.6,15.1,5.0,10.5,19.6,23.7,4.4,24.3,33.5,37.9,84.3,15.7,1369,0.0,50.3,1174,94.5,5.5,4233,41.1,21.5,15.2,35.8,23.2,32.1,5.6,69.5,5.5,2021
12086010015,"Census Tract 100.15, Miami-Dade County, Florida",57.2,8.4,85.4,1.0,0.0,0.8,31.1,43427,51625,18726,6.5,4.4,14.1,15.0,20.7,19.4,10.0,5.5,4.5,0.0,15.9,37.7,34.7,1.0,39.5,25.0,34.4,53.2,46.8,950,0.0,51.6,1093,97.3,2.7,3158,40.1,19.9,10.0,62.8,9.4,19.4,0.3,85.6,4.9,2021
12086010016,"Census Tract 100.16, Miami-Dade County, Florida",56.6,3.1,84.4,2.2,0.0,5.0,31.9,62273,71596,21100,2.3,3.8,6.3,7.6,15.0,24.6,16.4,18.5,4.7,0.8,10.5,27.0,11.9,1.9,25.7,34.5,37.9,88.8,11.2,1886,0.0,41.3,1300,96.2,3.8,4724,45.8,19.1,23.7,53.2,12.9,20.1,6.7,73.5,0.8,2021
12086010017,"Census Tract 100.17, Miami-Dade County, Florida",51.9,0.9,91.1,0.0,2.8,2.3,32.7,58304,62640,19680,3.5,0.0,11.0,10.6,14.8,27.0,18.0,11.4,3.6,0.0,10.1,33.4,15.7,3.5,4.3,48.4,43.8,91.7,8.3,-666666666,47.2,52.8,1077,100.0,0.0,3771,52.2,11.1,21.9,51.3,22.9,24.2,0.0,74.1,0.7,2021
12086010018,"Census Tract 100.18, Miami-Dade County, Florida",47.7,1.1,85.4,0.8,3.1,1.0,31.5,48633,60367,21488,8.2,2.3,17.0,4.8,25.9,13.0,15.5,7.5,2.6,3.1,26.8,32.0,22.8,5.0,31.0,35.2,28.7,72.5,27.5,1223,0.0,26.6,984,93.7,6.3,2776,42.6,13.9,29.4,61.1,18.2,15.6,0.4,81.4,3.4,2021
12086010019,"Census Tract 100.19, Miami-Dade County, Florida",50.8,7.1,88.4,0.2,0.0,7.3,27.6,48539,77183,31289,8.7,4.9,6.8,9.0,25.4,6.2,11.7,10.6,12.8,3.9,8.2,39.0,24.2,15.7,37.9,16.6,29.7,84.5,15.5,1710,0.0,38.9,1160,94.3,5.7,2903,54.3,12.2,28.1,33.4,33.3,31.4,1.0,65.3,0.2,2021
12086010020,"Census Tract 100.20, Miami-Dade County, Florida",62.9,1.8,85.2,0.1,0.0,5.0,30.9,51250,59989,19104,1.5,3.4,11.3,13.2,10.6,41.8,4.2,8.1,5.4,0.5,2.8,34.1,10.2,8.1,16.0,40.8,35.1,90.2,9.8,-666666666,0.0,0.0,1129,97.2,2.8,3615,42.1,20.6,14.7,55.6,25.5,9.0,0.0,76.3,1.8,2021
12086010021,"Census Tract 100.21, Miami-Dade County, Florida",48.6,4.9,84.7,7.5,0.0,4.7,34.2,53547,59711,14852,7.1,3.3,9.6,10.2,15.1,27.3,16.1,8.7,1.1,1.4,22.1,35.8,19.4,6.3,27.2,47.9,18.6,51.7,48.3,1702,9.3,67.7,1090,100.0,0.0,4979,31.7,38.7,10.2,33.4,39.8,19.9,0.0,51.7,0.9,2021
12086010022,"Census Tract 100.22, Miami-Dade County, Florida",55.3,1.4,79.6,1.9,0.0,0.0,38.3,50049,64888,23233,6.6,19.4,12.1,3.9,7.8,13.5,7.0,26.3,0.0,3.2,7.5,33.3,15.5,4.8,32.5,34.8,27.8,95.2,4.8,-666666666,100.0,0.0,1256,96.4,3.6,3377,52.3,19.9,32.6,48.6,13.2,24.3,0.0,92.9,2.2,2021
12086010023,"Census Tract 100.23, Miami-Dade County, Florida",47.6,16.8,91.9,0.0,0.0,0.0,39.0,37945,41584,15004,14.7,0.0,13.9,17.2,18.1,21.5,14.6,0.0,0.0,0.0,29.9,34.3,4.4,7.4,50.9,27.2,14.6,62.8,37.2,1791,18.1,75.4,755,100.0,0.0,2163,30.7,37.1,15.8,3.4,84.3,12.3,0.0,12.8,0.0,2021
12086010024,"Census Tract 100.24, Miami-Dade County, Florida",47.9,11.9,80.0,6.5,1.1,3.7,38.1,29119,53758,20542,14.3,3.0,23.4,19.0,12.8,12.1,2.8,3.5,1.6,7.4,29.7,43.3,15.4,22.6,46.2,21.4,9.7,39.4,60.6,757,11.7,60.8,1625,97.3,2.7,4113,39.3,32.0,16.2,14.4,73.7,7.1,0.0,25.2,0.9,2021
12086010025,"Census Tract 100.25, Miami-Dade County, Florida",53.5,4.1,77.2,0.0,0.6,11.0,35.9,57878,71016,21368,11.4,3.7,4.4,8.3,11.2,23.7,26.2,6.1,1.0,4.0,22.8,28.7,22.8,2.9,32.8,43.2,21.1,79.5,20.5,2477,0.0,88.1,1209,94.1,5.9,4376,41.5,24.7,19.4,25.1,71.7,3.0,0.2,27.0,1.8,2021
12086010026,"Census Tract 100.26, Miami-Dade County, Florida",51.5,6.7,84.4,6.8,0.0,4.8,31.0,34762,43831,17289,10.5,2.0,14.8,23.4,18.9,12.0,11.3,7.1,0.0,0.0,27.8,49.8,30.2,4.1,63.7,21.4,10.9,72.7,27.3,1481,29.1,70.9,660,92.1,7.9,2186,48.4,19.3,30.5,36.2,36.9,8.0,0.0,62.3,1.9,2021
12086010193,"Census Tract 101.93, Miami-Dade County, Florida",61.6,3.1,81.0,0.2,1.3,6.8,37.4,109453,112831,34104,2.9,0.9,7.9,5.5,1.3,12.2,15.7,25.2,20.2,8.0,16.3,4.3,4.5,1.1,22.4,46.2,30.3,84.9,15.1,2513,19.3,50.2,1507,99.3,0.7,5099,39.2,23.8,17.7,58.7,2.5,25.1,2.9,81.5,4.7,2021
12086010198,"Census Tract 101.98, Miami-Dade County, Florida",66.3,4.8,81.0,0.4,0.6,15.4,37.9,125781,140248,39735,4.3,1.0,0.0,3.5,9.8,10.8,5.8,34.7,18.9,11.2,3.6,12.3,5.9,0.0,27.2,38.0,34.8,87.9,12.1,2338,0.0,66.4,1159,96.5,3.5,4122,35.3,30.6,8.5,50.8,10.0,21.5,7.9,65.7,1.1,2021
12086010201,"Census Tract 102.01, Miami-Dade County, Florida",62.0,1.8,78.7,0.0,0.0,12.4,45.1,84883,100100,32137,2.7,0.0,7.9,7.0,10.0,14.2,16.3,26.3,5.7,9.9,8.4,12.8,13.1,2.1,22.6,38.3,37.0,95.1,4.9,1300,43.2,56.8,1327,94.6,5.4,4130,45.3,19.4,14.5,58.8,9.9,22.4,0.7,74.8,2.5,2021
12086010205,"Census Tract 102.05, Miami-Dade County, Florida",53.8,3.7,85.7,2.5,0.0,4.0,36.6,43203,62134,21457,6.0,3.9,12.8,20.6,8.2,22.4,10.4,9.3,5.1,1.4,10.3,28.8,12.1,5.0,28.2,33.3,33.5,85.9,14.1,1716,21.9,50.0,1469,95.6,4.4,4525,48.3,15.6,23.6,51.6,14.5,19.8,1.0,73.4,2.1,2021
12086010207,"Census Tract 102.07, Miami-Dade County, Florida",53.6,11.8,56.8,8.8,1.7,1.7,44.4,26181,39751,16235,13.7,12.6,20.6,9.6,14.7,18.8,4.8,3.8,0.0,1.4,36.9,41.1,22.9,21.1,49.0,24.7,5.3,4.2,95.8,1110,9.6,48.5,1786,91.6,8.4,4195,36.6,26.5,16.5,46.9,17.9,17.7,0.2,78.5,1.3,2021
12086010208,"Census Tract 102.08, Miami-Dade County, Florida",56.3,5.7,75.5,3.0,0.0,2.2,33.4,40952,48127,17955,15.7,9.6,11.0,8.8,11.1,24.8,9.4,8.2,0.9,0.5,23.1,51.9,24.4,13.5,43.6,27.2,15.7,36.0,64.0,1206,11.4,51.4,1622,92.1,7.9,4507,40.1,20.8,17.7,48.0,17.0,19.8,5.3,76.6,2.4,2021
12086010209,"Census Tract 102.09, Miami-Dade County, Florida",60.2,7.3,73.5,2.1,0.0,9.7,36.1,69419,76781,23020,7.5,6.6,5.4,6.4,13.5,16.1,13.2,24.9,4.0,2.6,14.4,33.0,19.5,4.2,22.5,41.6,31.7,77.6,22.4,1665,28.2,45.6,1719,94.9,5.1,5902,39.0,20.4,11.1,51.9,27.4,16.1,0.9,61.1,3.7,2021
12086010211,"Census Tract 102.11, Miami-Dade County, Florida",61.6,8.6,78.1,1.5,0.0,5.7,38.9,57500,65563,22984,4.6,6.4,6.7,19.4,9.3,26.5,7.7,10.6,6.6,2.2,25.4,37.0,19.2,1.6,34.4,41.6,22.4,72.4,27.6,1976,9.3,58.3,1382,100.0,0.0,4176,42.7,18.6,13.7,65.4,6.3,22.7,1.3,82.3,1.4,2021
12086010212,"Census Tract 102.12, Miami-Dade County, Florida",66.1,1.3,90.8,0.3,0.0,5.9,30.5,118245,129658,38608,5.0,4.1,3.9,0.7,7.3,7.1,16.6,27.4,11.5,16.4,6.0,4.9,19.5,1.1,21.3,34.5,43.1,86.9,13.1,1775,0.0,9.1,847,94.8,5.2,2947,38.2,28.3,8.1,45.8,13.6,39.1,0.0,74.1,6.8,2021
12086010213,"Census Tract 102.13, Miami-Dade County, Florida",54.0,12.5,88.7,0.9,1.1,0.0,38.9,37708,51493,16523,18.3,2.3,19.0,8.0,10.3,9.6,17.5,13.3,1.0,0.8,24.3,49.6,35.2,14.3,23.4,25.8,36.5,59.0,41.0,1231,3.1,64.1,1403,95.2,4.8,4467,41.0,15.0,14.3,50.9,23.6,21.1,2.3,71.7,2.5,2021
12086010214,"Census Tract 102.14, Miami-Dade County, Florida",61.9,2.9,73.5,2.1,3.5,18.4,46.4,43942,63183,22894,3.0,13.6,14.0,4.7,23.5,15.9,6.9,1.7,16.8,0.0,10.9,36.3,17.8,0.0,35.2,30.4,34.4,76.3,23.7,-666666666,28.6,38.6,709,90.6,9.4,1869,44.1,19.6,16.5,51.5,19.2,7.3,18.4,51.0,0.9,2021
12086010301,"Census Tract 103.01, Miami-Dade County, Florida",48.3,10.7,90.3,0.0,0.0,0.5,33.8,86752,98736,30081,11.7,3.2,2.1,0.6,17.5,1.6,18.6,14.9,23.7,6.2,16.7,27.3,17.6,4.0,30.6,26.6,38.9,65.9,34.1,1190,24.8,29.3,857,100.0,0.0,2832,43.5,22.0,16.5,73.1,7.0,18.2,0.6,58.3,2.8,2021
12086010302,"Census Tract 103.02, Miami-Dade County, Florida",69.5,1.4,68.9,0.0,0.0,5.7,45.5,56378,81442,22952,0.0,12.8,0.0,0.0,33.2,14.1,8.9,13.9,11.9,5.2,12.6,13.1,34.5,0.0,6.9,46.0,47.1,63.1,36.9,1487,0.0,69.6,868,94.7,5.3,2987,44.8,17.8,6.3,55.6,8.8,21.6,4.3,82.7,5.3,2021
12086010303,"Census Tract 103.03, Miami-Dade County, Florida",43.9,3.0,79.5,0.5,4.6,8.5,37.3,120061,172999,67408,11.2,2.6,6.6,3.5,8.8,8.5,7.5,17.4,24.2,9.7,14.7,16.7,15.6,0.0,20.1,53.9,26.0,81.3,18.7,-666666666,0.0,14.0,1241,95.4,4.6,3310,49.7,16.9,18.0,93.4,0.5,4.9,0.0,52.6,2.0,2021
12086010400,"Census Tract 104, Miami-Dade County, Florida",69.1,3.6,87.2,0.7,0.5,3.7,42.5,56983,84021,28265,4.0,4.0,4.1,7.5,14.7,24.6,12.2,16.8,5.2,7.0,11.9,37.2,15.8,1.7,31.2,44.0,23.1,54.3,45.7,1307,26.4,40.0,1682,94.5,5.5,5102,38.9,23.1,12.0,60.5,20.5,18.2,0.0,54.9,3.0,2021
12086010501,"Census Tract 105.01, Miami-Dade County, Florida",48.1,18.8,74.9,5.4,0.0,1.5,40.5,33155,45702,17665,4.1,17.4,21.0,11.7,13.3,16.1,7.2,7.5,0.5,1.3,27.0,62.1,26.3,17.0,32.8,34.9,15.3,40.6,59.4,790,10.4,53.8,2092,88.6,11.4,5201,41.8,20.1,13.7,43.2,40.9,14.4,0.0,54.7,2.2,2021
12086010502,"Census Tract 105.02, Miami-Dade County, Florida",70.9,5.6,71.6,2.2,0.0,11.9,42.1,90958,92603,27177,2.4,1.4,1.2,6.8,6.7,19.8,22.6,26.7,10.2,2.3,5.6,21.5,17.6,0.4,18.7,63.1,17.8,83.0,17.0,2109,0.0,37.4,2645,97.2,2.8,9301,34.0,25.9,6.7,59.3,13.0,25.3,0.1,69.1,7.6,2021
12086010604,"Census Tract 106.04, Miami-Dade County, Florida",64.0,6.8,78.3,0.3,0.3,9.6,37.3,94531,104079,34074,8.5,0.8,5.3,5.9,6.4,12.2,13.8,27.0,10.7,9.4,12.3,11.2,12.8,1.5,14.0,52.6,32.0,83.5,16.5,1958,9.2,46.3,1501,96.3,3.7,4544,39.6,21.2,16.0,72.2,9.6,15.3,0.3,50.2,2.7,2021
12086010608,"Census Tract 106.08, Miami-Dade County, Florida",68.2,2.4,71.2,2.5,0.3,10.3,39.1,67632,83937,26084,1.6,2.5,5.7,4.8,20.1,24.5,14.8,12.4,6.8,6.7,11.1,20.6,14.0,3.0,21.4,52.0,23.6,69.3,30.7,1842,6.3,65.5,1712,95.2,4.8,5603,39.0,27.6,9.5,64.0,6.3,22.6,0.9,65.3,1.2,2021
12086010609,"Census Tract 106.09, Miami-Dade County, Florida",56.5,2.8,79.6,3.0,0.0,5.3,37.8,31887,44893,16985,9.6,9.2,14.4,24.4,11.5,13.0,7.9,7.3,2.7,0.0,22.1,43.4,14.0,14.2,46.5,29.4,9.9,26.6,73.4,1158,3.7,69.6,2131,95.5,4.5,5969,33.3,25.0,14.0,61.0,10.5,25.0,1.3,70.2,2.2,2021
12086010610,"Census Tract 106.10, Miami-Dade County, Florida",47.2,9.5,67.7,3.8,0.0,20.9,45.7,79792,97611,32662,12.1,4.3,7.8,3.6,1.2,18.0,18.0,13.1,9.0,13.0,10.8,20.0,8.5,9.9,29.9,35.8,24.4,74.9,25.1,242,21.1,35.6,1380,95.2,4.8,4113,45.6,23.4,28.5,68.1,12.9,13.9,1.8,54.3,0.4,2021
12086010613,"Census Tract 106.13, Miami-Dade County, Florida",64.7,3.4,76.4,2.9,0.0,2.6,46.4,53236,75872,32333,9.9,8.0,6.5,17.7,5.6,11.6,17.2,9.7,8.3,5.6,12.6,35.3,6.3,9.0,32.3,50.3,8.4,35.4,64.6,1393,21.6,37.5,2306,94.0,6.0,5521,46.9,16.2,23.9,59.0,5.8,26.5,2.8,73.8,3.5,2021
12086010618,"Census Tract 106.18, Miami-Dade County, Florida",66.1,7.7,83.5,2.8,0.0,8.3,43.3,85977,92264,26275,0.0,0.0,10.1,0.0,16.3,15.3,22.1,22.5,5.4,8.3,14.5,28.7,10.1,0.0,22.3,49.8,27.9,72.7,27.3,1914,4.7,68.1,1299,95.6,4.4,4645,39.8,20.6,14.5,75.1,8.4,7.2,0.4,78.6,7.7,2021
12086010619,"Census Tract 106.19, Miami-Dade County, Florida",76.7,0.0,64.9,2.0,3.5,13.7,37.9,69094,84899,27692,0.0,0.0,2.1,7.7,27.4,16.9,17.6,16.2,10.8,1.3,16.1,29.4,10.6,0.0,38.8,30.0,31.2,68.8,31.2,1863,7.2,69.4,809,87.9,12.1,2551,36.5,30.3,8.3,44.5,34.7,13.4,1.8,52.8,7.2,2021
12086010620,"Census Tract 106.20, Miami-Dade County, Florida",65.3,8.8,75.3,0.6,0.0,14.0,42.4,80625,107006,36119,0.0,2.6,0.0,8.8,22.8,14.9,8.9,17.6,10.1,14.4,2.0,5.3,11.8,0.0,14.1,47.9,38.0,84.9,15.1,2333,0.0,89.0,901,100.0,0.0,2814,36.5,26.0,14.4,54.1,12.3,30.7,1.6,55.4,6.8,2021
12086010621,"Census Tract 106.21, Miami-Dade County, Florida",67.2,7.5,71.2,2.3,0.9,3.3,45.2,72348,78751,23264,4.5,2.7,2.0,8.9,10.7,26.5,7.5,32.3,2.4,2.4,14.0,8.0,17.4,1.2,29.0,48.4,21.4,66.5,33.5,1756,0.0,64.2,1234,100.0,0.0,4349,32.8,25.8,4.6,53.6,20.1,20.0,3.9,66.4,2.9,2021
12086010622,"Census Tract 106.22, Miami-Dade County, Florida",64.8,5.3,72.6,5.7,0.0,0.0,41.7,56503,68131,20551,5.7,4.8,3.6,5.1,21.3,30.7,14.0,1.3,10.4,3.3,10.7,31.9,23.3,10.9,21.1,53.4,14.6,54.6,45.4,1361,22.9,22.9,1334,94.5,5.5,4548,30.5,31.3,8.0,41.3,39.8,13.7,0.0,53.9,1.3,2021
12086010623,"Census Tract 106.23, Miami-Dade County, Florida",57.9,4.4,68.0,0.0,1.2,6.4,41.7,64792,78302,23844,1.9,5.2,0.0,16.5,15.6,21.0,14.3,15.9,6.4,3.2,18.7,22.8,17.3,0.6,20.4,56.6,22.4,80.0,20.0,1949,0.0,59.8,1035,92.8,7.2,3331,33.2,26.7,10.4,68.5,7.0,20.4,2.3,49.5,3.2,2021
12086010624,"Census Tract 106.24, Miami-Dade County, Florida",64.2,7.6,76.5,2.9,0.0,8.0,45.8,91136,99889,32038,1.0,0.0,11.0,4.3,12.4,15.8,12.6,24.6,8.8,9.4,6.6,15.3,14.2,7.3,27.4,30.3,35.0,84.6,15.4,1918,0.0,40.1,954,100.0,0.0,3185,44.1,13.2,19.0,58.2,5.0,32.4,2.5,66.4,1.9,2021
12086010625,"Census Tract 106.25, Miami-Dade County, Florida",67.4,7.1,78.9,2.2,0.0,12.6,39.7,82277,89927,26878,8.1,1.1,1.5,2.1,11.6,18.2,26.5,19.0,8.8,3.1,7.9,14.3,16.8,0.0,32.6,38.6,28.8,54.3,45.7,1785,12.0,39.2,1723,96.1,3.9,5764,31.8,32.2,4.0,54.7,12.7,27.1,0.3,73.5,3.5,2021
12086010626,"Census Tract 106.26, Miami-Dade County, Florida",70.0,7.2,84.1,0.0,3.0,5.9,32.5,62449,80461,27260,1.3,4.4,11.8,10.9,7.9,22.9,4.2,25.2,7.6,3.6,14.3,38.7,11.7,1.3,44.0,34.9,19.8,38.8,61.2,1449,2.5,55.7,1244,99.4,0.6,3860,33.8,31.3,9.8,57.2,19.4,21.3,0.5,73.3,9.1,2021
12086010705,"Census Tract 107.05, Miami-Dade County, Florida",65.1,2.5,75.7,6.7,0.6,9.2,43.1,67659,86768,28271,4.0,0.0,16.3,11.3,10.3,20.5,10.1,20.4,0.0,7.2,16.2,32.6,17.8,4.5,21.8,46.8,26.8,72.6,27.4,1595,4.6,35.1,1341,100.0,0.0,4241,37.2,28.8,9.8,57.9,25.9,11.6,0.0,78.0,2.2,2021
12086010706,"Census Tract 107.06, Miami-Dade County, Florida",62.8,12.9,69.0,2.4,0.0,5.1,46.9,47886,54427,15200,1.7,3.2,11.2,15.2,26.7,3.6,33.8,4.5,0.0,0.0,18.5,32.6,35.9,2.1,33.0,40.8,24.1,36.6,63.4,1296,3.3,73.5,770,92.9,7.1,2871,25.5,31.4,3.9,40.6,26.7,31.4,0.0,74.1,3.3,2021
12086010707,"Census Tract 107.07, Miami-Dade County, Florida",65.7,12.2,92.0,0.0,0.1,2.9,33.9,74063,75340,20068,3.8,0.0,14.1,4.3,13.3,14.8,15.2,31.3,3.2,0.0,20.9,45.0,12.1,10.8,8.4,27.4,53.4,70.5,29.5,1638,0.0,29.6,1037,88.1,11.9,3875,37.2,28.1,10.2,46.0,27.0,25.1,0.0,55.4,2.8,2021
12086010708,"Census Tract 107.08, Miami-Dade County, Florida",60.6,5.3,85.7,0.0,0.0,5.1,42.6,56089,61510,18655,4.8,0.0,12.7,17.6,5.1,26.4,19.1,8.9,4.9,0.4,19.5,35.5,17.5,16.3,13.7,41.3,28.6,62.1,37.9,1084,7.6,55.7,1568,99.3,0.7,5622,39.0,25.5,12.1,43.6,34.5,7.5,4.4,58.0,10.4,2021
12086010709,"Census Tract 107.09, Miami-Dade County, Florida",63.3,4.8,81.1,3.6,0.0,1.9,38.3,74995,105004,31661,2.6,0.0,0.0,0.0,18.9,28.5,23.6,9.9,6.3,10.2,9.0,11.4,11.9,1.1,21.6,64.4,12.9,85.4,14.6,1841,0.0,95.9,1604,94.5,5.5,5056,33.2,33.1,5.2,46.9,13.3,26.1,4.7,59.2,5.1,2021
12086010710,"Census Tract 107.10, Miami-Dade County, Florida",69.9,3.2,74.5,0.0,0.0,6.2,46.1,63573,73009,25929,1.7,2.2,22.2,8.0,7.2,28.1,6.8,18.0,4.0,1.8,13.4,37.1,15.8,1.9,35.7,30.8,31.6,71.5,28.5,1228,2.1,60.2,2233,96.5,3.5,6557,42.5,17.4,15.1,46.8,12.7,32.7,0.2,84.0,3.2,2021
12086010803,"Census Tract 108.03, Miami-Dade County, Florida",65.3,6.6,68.4,0.0,0.0,12.6,43.0,45965,46770,16958,15.8,3.0,20.0,5.3,12.4,22.9,12.8,6.2,1.5,0.0,31.6,50.4,14.4,24.2,29.6,42.4,3.8,26.3,73.7,1414,19.4,47.1,1020,95.5,4.5,2824,29.5,38.2,6.6,43.4,44.8,8.9,0.0,49.6,3.3,2021
12086010804,"Census Tract 108.04, Miami-Dade County, Florida",52.8,14.8,65.3,2.0,2.0,6.6,40.4,49432,52309,16474,8.0,2.0,21.1,7.0,12.3,25.8,11.9,11.4,0.5,0.0,27.3,37.5,25.8,6.8,56.9,24.9,11.3,16.3,83.7,1378,10.4,49.1,2243,95.0,5.0,7111,29.6,33.8,7.1,51.7,28.0,13.3,0.6,56.3,3.4,2021
12086010805,"Census Tract 108.05, Miami-Dade County, Florida",58.5,8.3,70.4,2.3,0.0,5.7,30.5,31268,41512,14508,14.8,1.7,13.2,35.3,8.2,17.7,4.8,1.1,0.0,3.1,34.3,53.1,21.3,9.8,49.6,23.2,17.5,31.5,68.5,1285,3.6,72.3,1841,97.7,2.3,5527,27.2,29.3,7.0,57.5,16.2,11.0,2.6,78.1,5.5,2021
12086010806,"Census Tract 108.06, Miami-Dade County, Florida",53.3,8.4,72.7,3.3,0.0,5.8,41.6,48000,59009,16456,11.4,1.7,5.8,21.6,11.1,20.4,14.5,6.6,5.7,1.2,27.5,36.7,21.5,6.9,22.9,49.5,20.7,49.1,50.9,1710,9.7,62.6,1326,91.6,8.4,4807,28.1,40.2,6.9,44.6,32.9,13.2,2.7,63.5,1.4,2021
12086010900,"Census Tract 109, Miami-Dade County, Florida",56.6,12.1,71.8,1.1,0.4,1.6,30.8,29726,47446,16270,10.4,7.7,13.2,30.2,8.4,12.5,5.8,7.8,2.1,1.9,28.1,54.3,28.7,9.2,43.5,33.6,13.7,24.2,75.8,1153,6.2,58.0,2132,95.8,4.2,6616,32.9,28.4,7.8,53.4,11.7,26.8,0.0,84.6,4.9,2021
12086011003,"Census Tract 110.03, Miami-Dade County, Florida",58.1,4.5,74.6,2.1,0.5,7.1,36.7,59512,69954,19386,5.4,2.5,10.3,12.4,5.4,28.1,15.5,13.3,4.7,2.5,11.5,42.5,30.6,8.3,17.0,41.0,33.7,70.2,29.8,1760,12.2,24.7,1252,94.4,5.6,4824,40.5,23.5,15.6,76.5,5.2,16.6,0.0,90.7,4.7,2021
12086011008,"Census Tract 110.08, Miami-Dade County, Florida",67.4,6.5,83.6,3.9,0.0,6.7,41.4,73145,81969,24201,5.6,0.0,1.5,8.5,12.4,23.6,21.2,19.9,5.1,2.3,7.5,27.1,11.1,0.9,23.5,62.2,13.5,57.6,42.4,1824,9.8,54.3,1437,97.7,2.3,5015,31.6,36.7,7.0,52.5,21.3,20.1,2.1,60.1,5.4,2021
12086011009,"Census Tract 110.09, Miami-Dade County, Florida",57.8,10.8,76.7,2.4,0.0,6.6,39.6,62662,77059,24689,4.7,2.7,6.0,9.1,19.6,19.6,10.6,18.7,2.9,6.1,11.5,20.7,14.1,5.6,31.6,49.5,13.2,54.7,45.3,1675,11.1,43.8,2248,98.8,1.2,7083,32.0,31.5,6.1,59.7,17.9,13.7,1.5,58.8,5.2,2021
12086011010,"Census Tract 110.10, Miami-Dade County, Florida",57.6,9.4,67.2,4.4,1.4,3.1,37.6,36285,41313,15058,17.3,2.6,14.3,12.8,24.0,19.4,0.9,8.3,0.3,0.0,18.3,54.4,17.4,26.8,36.2,30.6,6.3,11.9,88.1,1108,21.1,51.4,1895,98.3,1.7,5516,34.0,28.1,15.6,50.5,30.9,12.7,0.6,63.1,2.1,2021
12086011011,"Census Tract 110.11, Miami-Dade County, Florida",62.6,4.2,63.0,5.5,0.8,3.1,46.0,38867,51341,17107,3.4,8.6,15.6,13.2,14.1,27.5,10.4,1.5,5.6,0.0,24.3,40.4,18.4,3.0,39.1,38.4,19.5,42.3,57.7,909,7.2,48.1,1255,95.9,4.1,3929,35.5,22.7,10.6,66.3,18.8,13.0,0.0,78.0,3.2,2021
12086011012,"Census Tract 110.12, Miami-Dade County, Florida",56.2,8.6,88.2,1.0,0.0,1.6,40.1,47806,59599,17114,8.4,2.3,5.6,20.1,20.0,16.7,14.0,6.4,5.5,1.0,26.7,40.7,20.5,3.1,23.7,33.8,39.5,79.7,20.3,1583,13.5,73.0,668,93.0,7.0,2485,36.2,24.9,14.4,50.3,12.5,20.6,5.5,74.4,7.0,2021
12086011013,"Census Tract 110.13, Miami-Dade County, Florida",68.5,2.7,54.4,0.3,0.0,19.8,29.5,62306,68747,19693,3.3,0.0,10.0,12.1,6.3,33.1,19.3,12.6,2.4,1.0,7.9,24.4,18.6,2.5,24.7,38.7,34.1,81.5,18.5,1426,28.9,54.4,1021,95.6,4.4,3701,32.8,31.0,9.9,54.0,8.6,35.8,0.0,86.4,6.0,2021
12086011014,"Census Tract 110.14, Miami-Dade County, Florida",54.6,8.2,66.8,0.7,0.0,8.9,36.9,74896,81473,28748,2.0,6.8,3.5,8.6,10.0,19.2,30.8,8.6,2.6,7.9,19.1,21.6,13.7,6.0,38.6,47.3,8.1,65.1,34.9,1758,7.5,60.7,1382,100.0,0.0,4062,36.1,24.6,13.7,64.8,12.4,19.6,0.0,72.5,2.6,2021
12086011015,"Census Tract 110.15, Miami-Dade County, Florida",72.3,3.5,79.1,4.9,0.3,5.7,36.8,101068,104165,28497,1.7,0.7,0.5,1.9,13.3,14.0,16.2,36.1,13.5,2.2,2.1,14.5,4.6,0.0,23.6,47.0,29.3,81.1,18.9,2026,0.0,40.0,2900,94.3,5.7,10215,29.9,34.6,9.5,47.3,29.8,18.0,0.3,51.9,5.2,2021
12086011103,"Census Tract 111.03, Miami-Dade County, Florida",73.2,0.0,80.5,1.9,0.0,3.6,30.5,35738,43228,16743,7.5,4.4,9.9,25.3,21.0,13.7,16.9,1.4,0.0,0.0,10.5,34.7,14.1,2.3,38.3,49.6,9.7,31.6,68.4,1345,1.9,78.8,1110,96.2,3.8,3070,34.0,28.2,7.2,70.7,25.0,3.2,0.0,71.7,9.5,2021
12086011104,"Census Tract 111.04, Miami-Dade County, Florida",67.4,5.5,51.5,2.0,0.6,3.4,37.4,34167,47066,13258,8.1,6.6,29.3,6.9,15.1,19.9,7.5,0.7,4.5,1.4,33.2,52.3,46.3,17.1,38.2,38.0,6.6,19.1,80.9,1150,3.6,54.8,1543,94.8,5.2,5949,27.6,33.1,2.9,39.7,9.2,22.5,0.0,89.5,0.5,2021
12086011105,"Census Tract 111.05, Miami-Dade County, Florida",66.8,5.5,75.1,3.8,0.1,9.9,44.2,129151,137751,34765,5.9,0.7,2.1,0.5,6.4,7.3,9.8,33.9,11.2,22.2,7.0,12.9,11.8,0.0,23.9,20.1,56.0,97.3,2.7,-666666666,0.0,100.0,1043,98.2,1.8,4427,32.5,26.5,8.2,74.7,10.0,12.5,0.0,59.0,0.2,2021
12086011106,"Census Tract 111.06, Miami-Dade County, Florida",70.1,0.0,74.9,0.0,4.0,0.0,43.5,70903,91239,23976,5.3,2.8,18.8,6.9,7.7,18.5,4.3,15.4,14.8,5.5,22.0,38.3,22.0,1.3,26.9,35.9,35.9,62.1,37.9,1713,8.7,59.2,1009,97.4,2.6,4379,33.6,29.7,11.1,32.3,5.0,41.3,1.7,82.9,1.8,2021
12086011203,"Census Tract 112.03, Miami-Dade County, Florida",59.1,4.3,42.0,1.1,0.0,0.6,39.0,32127,38946,8568,1.2,1.9,36.9,16.4,8.3,27.7,5.9,1.7,0.0,0.0,53.6,37.4,47.1,8.0,50.2,35.7,6.1,22.9,77.1,1270,15.0,65.7,1759,87.9,12.1,7642,21.7,46.8,3.8,60.5,3.2,11.9,1.3,94.1,3.1,2021
12086011204,"Census Tract 112.04, Miami-Dade County, Florida",62.3,2.3,78.4,0.0,0.0,7.9,37.0,75952,89138,27720,0.0,2.2,3.1,3.7,12.1,27.6,11.1,27.4,12.9,0.0,4.9,6.8,22.4,0.9,16.0,53.4,29.8,89.6,10.4,2145,34.4,65.6,621,94.7,5.3,1939,31.9,25.8,13.0,95.2,1.1,2.4,0.0,61.6,3.5,2021
12086011205,"Census Tract 112.05, Miami-Dade County, Florida",51.4,10.1,61.8,2.7,0.0,3.7,34.0,41277,45169,14110,14.0,10.1,11.5,6.5,23.9,17.5,9.0,6.1,0.6,0.8,44.2,42.3,20.3,15.1,37.3,25.6,21.9,56.2,43.8,899,15.3,41.8,1146,97.5,2.5,3788,27.0,37.0,5.3,38.3,33.3,21.6,5.6,52.3,0.7,2021
12086011206,"Census Tract 112.06, Miami-Dade County, Florida",71.6,2.4,78.0,0.0,0.0,7.1,35.3,84375,101060,27526,0.0,0.0,3.9,3.9,14.1,20.3,29.1,6.5,11.1,11.0,4.1,14.8,18.3,1.2,16.2,44.4,38.2,84.3,15.7,1410,8.5,17.1,893,86.5,13.5,2913,33.2,31.3,11.9,62.8,0.4,25.8,3.4,69.6,3.6,2021
12086011301,"Census Tract 113.01, Miami-Dade County, Florida",39.0,16.5,41.8,6.8,4.6,0.0,51.8,16014,30610,10350,43.4,5.4,13.3,4.9,7.8,10.8,7.2,7.1,0.0,0.0,50.1,64.8,37.0,18.5,62.1,11.7,7.7,13.5,86.5,1031,8.2,72.2,1486,90.3,9.7,3885,31.9,23.0,7.5,22.7,58.7,15.5,0.0,41.3,1.6,2021
12086011302,"Census Tract 113.02, Miami-Dade County, Florida",40.9,13.3,60.9,2.8,2.7,1.4,39.2,25493,31400,9174,20.7,6.6,21.0,19.6,12.7,14.2,3.7,1.7,0.0,0.0,45.3,50.1,34.2,33.8,31.4,21.7,13.1,24.1,75.9,1079,8.5,73.8,1790,94.6,5.4,6883,26.5,37.0,9.4,45.5,33.4,12.6,0.0,60.6,1.3,2021
12086011405,"Census Tract 114.05, Miami-Dade County, Florida",56.0,0.0,74.8,0.0,0.0,5.6,33.6,43962,67619,22567,11.4,15.8,10.5,3.8,10.5,13.2,11.8,10.4,0.0,12.5,26.0,53.0,34.7,7.2,48.0,29.5,15.3,34.9,65.1,1045,21.3,26.4,1140,94.4,5.6,3279,29.9,29.0,21.5,29.9,49.8,6.5,0.0,50.1,0.3,2021
12086011406,"Census Tract 114.06, Miami-Dade County, Florida",44.5,13.0,77.7,3.2,1.5,1.3,45.0,50615,59064,17433,2.7,6.4,5.6,6.1,25.4,34.7,7.1,7.1,4.9,0.0,17.8,27.6,21.4,5.4,22.9,36.6,35.0,57.4,42.6,1285,7.2,51.4,953,85.6,14.4,3006,38.3,29.7,16.0,65.3,8.3,8.8,0.0,64.0,2.9,2021
12086011407,"Census Tract 114.07, Miami-Dade County, Florida",50.4,12.9,67.9,1.5,0.0,10.1,33.0,46034,57819,14765,0.5,2.6,12.7,20.6,18.2,29.0,7.2,6.2,1.6,1.5,24.9,39.4,24.1,0.0,35.1,43.1,21.8,53.1,46.9,1589,7.0,70.1,957,92.4,7.6,3881,26.5,34.8,7.6,39.9,38.6,7.4,0.0,54.7,0.7,2021
12086011408,"Census Tract 114.08, Miami-Dade County, Florida",23.4,8.3,80.4,0.0,0.9,0.0,24.1,33514,37732,5500,0.0,0.0,19.9,53.4,10.4,11.4,4.1,0.9,0.0,0.0,34.7,42.6,29.4,5.4,56.0,32.4,6.3,2.4,97.6,819,47.4,11.2,747,94.2,5.8,5774,31.5,32.1,5.1,44.3,19.5,33.1,0.1,69.7,1.1,2021
12086011409,"Census Tract 114.09, Miami-Dade County, Florida",69.2,6.7,68.9,0.0,0.0,18.6,33.7,64141,73438,25192,7.3,0.7,4.0,3.9,25.1,25.6,16.6,9.6,0.0,7.2,7.9,19.0,14.7,10.0,21.7,44.6,23.8,54.8,45.2,1430,16.9,53.8,1777,90.4,9.6,4899,36.0,30.8,12.9,62.7,15.9,17.0,0.0,57.2,3.2,2021
12086011410,"Census Tract 114.10, Miami-Dade County, Florida",67.4,14.2,78.1,0.0,0.0,0.0,40.8,81716,89654,29964,0.0,12.5,2.0,7.9,2.3,13.6,34.2,16.3,5.3,5.8,22.7,23.5,17.7,2.1,36.6,45.9,15.4,39.7,60.3,1903,9.3,33.9,1517,83.8,16.2,3941,30.7,27.0,6.9,72.4,18.3,2.4,0.0,54.3,3.8,2021
12086011411,"Census Tract 114.11, Miami-Dade County, Florida",61.3,0.0,64.7,2.6,0.0,20.5,35.4,61327,92666,31641,0.0,0.0,0.0,9.5,10.5,36.4,2.5,19.9,16.6,4.6,0.0,10.3,0.0,0.0,20.8,52.6,26.6,79.7,20.3,-666666666,0.0,100.0,800,89.4,10.6,2341,38.0,30.3,10.6,47.8,13.5,36.8,0.0,74.7,15.7,2021
12086011412,"Census Tract 114.12, Miami-Dade County, Florida",78.0,2.1,86.5,3.4,1.0,0.0,47.6,53114,55632,19785,12.9,2.4,1.3,7.6,20.2,33.6,14.1,2.3,5.8,0.0,15.4,20.6,17.0,0.0,38.7,41.6,19.7,32.2,67.8,1633,8.4,78.6,2738,92.3,7.7,7650,29.0,32.4,1.9,43.9,43.5,11.2,0.0,44.1,2.0,2021
12086011500,"Census Tract 115, Miami-Dade County, Florida",62.3,1.5,83.4,3.1,1.0,5.2,47.2,93233,99391,30014,0.7,0.0,3.1,5.4,5.3,10.1,44.1,19.6,5.0,6.8,5.8,20.4,17.3,1.5,8.6,33.6,56.3,89.4,10.6,2169,5.5,75.5,2081,88.3,11.7,6572,39.1,20.0,12.5,67.3,5.3,19.6,0.0,77.4,2.1,2021
12086011601,"Census Tract 116.01, Miami-Dade County, Florida",48.3,26.4,67.0,0.0,2.5,22.7,28.4,57800,74901,24427,19.4,2.0,4.6,10.1,7.9,13.3,15.1,9.5,10.0,8.1,24.9,26.1,24.8,3.4,46.1,45.6,4.8,62.0,38.0,1714,0.0,28.6,1189,97.9,2.1,3694,43.0,25.6,20.0,40.4,18.1,32.3,0.1,80.2,1.7,2021
12086011602,"Census Tract 116.02, Miami-Dade County, Florida",81.5,3.0,83.1,0.0,0.0,2.1,31.2,57464,75051,27178,7.4,2.4,3.9,14.7,8.9,19.4,9.4,29.4,3.7,0.7,11.8,23.1,17.0,2.1,43.5,38.0,16.3,21.2,78.8,1834,0.0,57.4,1565,94.1,5.9,4285,35.4,30.3,4.2,45.7,6.9,34.4,0.3,89.2,1.0,2021
12086011701,"Census Tract 117.01, Miami-Dade County, Florida",55.8,7.3,90.9,0.0,0.0,2.4,106.6,70682,68724,24925,2.6,0.0,8.3,5.6,8.2,26.7,33.5,15.1,0.0,0.0,14.7,13.5,24.7,2.6,4.9,67.4,25.2,90.6,9.4,-666666666,0.0,100.0,600,96.0,4.0,1847,53.3,14.5,30.2,45.6,12.3,40.0,0.0,84.2,2.0,2021
12086011702,"Census Tract 117.02, Miami-Dade County, Florida",63.6,4.7,79.4,0.6,0.7,6.4,30.5,37612,49279,21991,17.0,2.3,14.5,13.0,17.0,20.6,10.0,3.1,0.0,2.5,11.9,30.3,12.1,15.9,43.9,36.0,4.2,14.8,85.2,1313,12.7,59.2,1886,97.2,2.8,4431,40.1,22.4,14.0,49.7,9.7,19.0,0.0,82.7,2.3,2021
12086011800,"Census Tract 118, Miami-Dade County, Florida",51.9,1.2,83.7,1.7,3.1,3.7,33.3,72423,89462,27438,1.2,2.2,6.2,7.0,10.6,23.9,10.8,21.6,13.2,3.3,5.3,36.1,16.6,0.0,22.1,34.2,43.7,91.2,8.8,2138,8.6,55.9,1100,96.2,3.8,3546,47.9,14.9,22.1,46.7,15.7,29.8,3.7,75.6,3.2,2021
12086011900,"Census Tract 119, Miami-Dade County, Florida",70.4,5.8,75.1,0.4,0.7,10.1,33.7,73209,94647,33025,4.4,3.0,5.7,5.9,12.2,22.3,8.4,21.4,9.1,7.6,10.7,22.5,13.4,2.9,25.3,37.4,34.4,77.5,22.5,1690,10.3,51.3,2077,94.0,6.0,5825,42.2,21.9,14.1,53.2,8.8,27.2,0.0,81.1,2.6,2021
12086012001,"Census Tract 120.01, Miami-Dade County, Florida",67.1,9.5,78.7,0.0,0.0,7.3,28.0,39886,55757,22974,11.9,7.9,4.3,20.3,15.9,15.7,13.5,3.6,0.0,6.9,28.8,18.6,32.2,5.9,47.7,41.0,5.5,1.5,98.5,1564,6.6,60.4,1324,98.1,1.9,3219,34.3,20.4,4.6,54.0,9.9,23.6,0.0,80.9,1.4,2021
12086012002,"Census Tract 120.02, Miami-Dade County, Florida",63.5,3.8,79.9,3.1,0.0,4.1,33.2,35030,46431,19927,7.8,4.2,11.4,26.6,11.5,22.7,6.9,7.1,1.8,0.0,21.5,37.9,18.7,3.9,57.2,36.8,2.0,15.6,84.4,1409,5.9,60.5,2574,91.7,8.3,5648,40.7,17.8,10.3,59.2,9.9,11.2,0.9,89.9,5.0,2021
12086012101,"Census Tract 121.01, Miami-Dade County, Florida",83.7,1.3,82.8,0.0,0.0,9.6,31.1,67383,78652,33511,0.0,2.8,10.4,4.9,2.0,34.5,25.0,7.0,13.3,0.0,18.3,20.6,11.7,2.8,36.2,53.3,7.7,67.9,32.1,1828,10.4,58.1,1291,100.0,0.0,3050,39.6,15.2,8.4,46.6,3.8,42.5,0.0,92.7,0.9,2021
12086012102,"Census Tract 121.02, Miami-Dade County, Florida",72.9,3.4,73.1,1.3,0.0,3.4,29.8,60875,69616,26674,10.9,6.4,6.4,1.3,7.6,31.4,13.3,10.3,10.6,1.8,16.1,22.0,15.6,7.7,23.3,60.1,9.0,23.5,76.5,1480,6.2,43.7,1831,98.3,1.7,4808,38.9,21.0,9.2,56.5,8.3,31.9,0.0,86.2,1.4,2021
12086012103,"Census Tract 121.03, Miami-Dade County, Florida",78.5,3.6,84.9,4.0,0.0,5.5,33.4,53935,79288,28351,2.0,0.0,6.4,7.1,26.9,25.9,8.3,8.7,0.0,14.6,5.5,10.8,15.7,0.0,26.1,61.4,12.5,43.7,56.3,1645,34.2,45.7,1390,90.9,9.1,3886,40.2,24.8,4.5,58.5,1.3,13.7,0.0,86.7,19.7,2021
12086012104,"Census Tract 121.04, Miami-Dade County, Florida",61.3,4.1,97.2,0.0,0.0,2.8,27.7,55653,60834,20456,0.0,7.9,4.6,14.9,14.4,30.7,9.0,17.9,0.7,0.0,30.1,20.4,14.6,0.0,38.3,61.0,0.7,47.5,52.5,1688,11.6,43.1,592,100.0,0.0,2108,32.1,30.9,9.8,87.2,3.5,9.3,0.0,88.8,0.2,2021
12086012105,"Census Tract 121.05, Miami-Dade County, Florida",73.9,2.7,86.2,0.0,0.0,4.2,28.2,67964,71686,22296,13.3,3.1,0.0,14.0,3.0,27.0,25.1,4.7,4.2,5.6,16.5,23.7,10.9,2.1,33.8,44.9,19.3,53.7,46.3,1611,13.1,40.1,974,100.0,0.0,3198,36.2,25.2,5.6,82.6,5.0,8.5,0.0,92.7,0.0,2021
12086012200,"Census Tract 122, Miami-Dade County, Florida",62.7,3.6,85.4,0.0,0.0,6.1,31.0,95382,105278,30461,3.5,0.0,4.1,4.3,10.1,16.5,19.5,20.4,12.7,8.9,5.4,12.7,11.7,1.2,9.0,51.3,38.5,88.2,11.8,2681,0.0,41.7,1564,96.0,4.0,5498,43.2,20.8,21.0,72.7,0.1,18.1,0.0,84.8,0.6,2021
12086012301,"Census Tract 123.01, Miami-Dade County, Florida",59.3,3.3,67.2,2.5,0.0,7.2,34.0,61698,80648,24127,2.8,1.1,6.9,9.2,13.1,32.3,6.6,15.7,8.1,4.3,11.5,10.9,18.1,6.2,9.3,52.4,32.1,69.8,30.2,2358,0.0,76.8,765,96.9,3.1,2594,43.9,19.4,18.8,60.6,15.3,7.3,2.7,79.0,7.4,2021
12086012302,"Census Tract 123.02, Miami-Dade County, Florida",62.0,3.0,85.2,2.6,0.0,3.5,36.3,74236,84075,27562,10.3,1.8,5.0,8.5,4.1,21.6,13.6,22.1,9.3,3.8,12.3,22.2,4.2,6.0,17.6,46.4,30.0,84.4,15.6,2353,0.0,100.0,1275,100.0,0.0,4269,40.6,22.1,13.9,52.0,6.0,30.7,1.9,80.2,7.5,2021
12086012401,"Census Tract 124.01, Miami-Dade County, Florida",63.6,7.3,94.0,0.0,0.6,2.4,33.8,86239,105277,27373,0.0,5.3,3.0,1.3,5.5,26.9,13.6,26.4,7.2,10.9,5.6,27.4,11.0,0.0,19.8,28.3,51.9,74.3,25.7,2062,8.2,64.2,1370,100.0,0.0,5557,42.0,21.1,15.2,61.6,2.6,31.0,1.1,91.7,2.5,2021
12086012402,"Census Tract 124.02, Miami-Dade County, Florida",81.3,3.2,69.7,2.8,0.0,17.6,32.6,143921,139239,39074,0.0,0.0,3.1,3.3,0.0,7.7,19.4,25.6,29.9,11.0,0.0,4.0,2.7,2.1,14.0,41.2,42.8,100.0,0.0,-666666666,-666666666.0,-666666666.0,921,100.0,0.0,3442,31.3,27.9,3.1,78.6,1.0,17.4,0.6,94.0,1.6,2021
12086012403,"Census Tract 124.03, Miami-Dade County, Florida",75.9,3.1,83.8,0.0,0.0,8.9,37.9,89387,126791,40288,2.2,0.0,14.2,1.2,5.7,4.8,24.0,15.9,2.4,29.5,12.3,16.6,12.5,9.3,10.2,48.5,32.0,73.9,26.1,2172,58.3,23.8,579,100.0,0.0,1863,41.2,18.2,12.3,58.9,1.8,35.4,0.0,90.2,0.4,2021
12086012501,"Census Tract 125.01, Miami-Dade County, Florida",68.6,0.0,77.3,0.0,0.0,11.6,29.3,106429,154349,44917,0.7,0.0,3.8,6.4,13.5,6.8,13.1,18.8,19.2,17.7,7.4,22.4,4.8,0.0,7.1,58.6,34.3,88.7,11.3,-666666666,0.0,100.0,548,100.0,0.0,1928,47.5,16.5,13.4,66.4,0.0,27.4,0.0,96.2,0.9,2021
12086012502,"Census Tract 125.02, Miami-Dade County, Florida",61.1,2.0,77.7,0.5,0.0,14.2,33.9,62083,80999,23514,1.9,0.9,4.1,10.5,15.1,25.6,12.5,22.6,4.8,2.0,15.5,31.0,15.7,0.0,18.8,49.0,32.1,88.3,11.7,1388,20.6,79.4,1319,99.1,0.9,4696,44.0,17.0,17.1,60.1,0.6,36.1,0.0,95.7,0.4,2021
12086012601,"Census Tract 126.01, Miami-Dade County, Florida",72.7,1.6,78.2,0.0,0.0,8.9,31.1,63865,69333,23871,4.8,3.0,2.0,10.2,20.9,20.5,19.9,11.6,7.4,0.0,15.0,27.1,13.5,1.0,22.1,54.5,22.4,58.2,41.8,1838,11.5,45.5,1073,100.0,0.0,3248,39.9,21.9,11.7,64.5,1.6,31.6,1.1,96.3,2.0,2021
12086012602,"Census Tract 126.02, Miami-Dade County, Florida",64.4,3.7,80.8,0.9,0.4,11.4,37.8,78015,101598,29756,0.7,0.8,9.1,0.8,18.0,20.4,22.3,13.8,2.2,12.1,8.8,40.1,9.8,0.0,18.7,46.6,34.7,63.1,36.9,1793,45.9,9.3,1056,99.0,1.0,3802,44.1,19.5,13.9,51.9,0.0,42.4,0.0,99.6,1.4,2021
12086012701,"Census Tract 127.01, Miami-Dade County, Florida",71.5,2.2,70.4,0.5,0.0,18.5,42.7,114804,117064,36417,2.2,2.3,3.9,4.7,3.6,7.2,14.1,36.4,15.4,10.3,8.2,5.8,5.5,3.9,16.8,56.9,22.4,82.9,17.1,2223,18.4,38.2,3241,90.7,9.3,9740,35.3,27.1,8.6,54.6,2.0,30.3,2.8,90.9,6.1,2021
12086012702,"Census Tract 127.02, Miami-Dade County, Florida",64.8,4.2,78.0,0.6,0.0,8.7,31.8,79863,163332,54823,3.0,0.8,1.4,7.9,12.9,15.5,12.6,9.6,12.9,23.5,4.1,7.2,7.0,1.3,28.0,32.9,37.9,95.4,4.6,-666666666,0.0,43.3,1357,96.8,3.2,4102,46.9,19.8,19.6,70.2,1.6,23.8,0.2,90.0,2.8,2021
12086012801,"Census Tract 128.01, Miami-Dade County, Florida",54.5,8.2,88.2,0.0,0.0,6.7,28.1,76136,88987,28635,5.6,5.6,3.7,4.5,9.9,16.0,22.8,15.7,8.3,8.0,8.2,23.7,17.2,1.4,24.6,40.9,33.1,95.5,4.5,-666666666,0.0,100.0,1424,95.9,4.1,4309,45.9,21.7,16.9,67.4,0.1,16.9,0.0,97.4,4.5,2021
12086012802,"Census Tract 128.02, Miami-Dade County, Florida",70.4,2.1,75.7,1.7,0.0,10.9,27.4,107896,124726,45617,0.8,1.6,0.7,4.3,8.2,17.1,13.9,32.4,10.1,10.8,3.6,2.9,10.5,2.7,32.7,54.3,10.4,62.8,37.2,2266,18.2,32.5,1251,97.7,2.3,3377,39.2,25.1,13.9,67.5,2.5,23.8,0.0,87.3,8.4,2021
12086012900,"Census Tract 129, Miami-Dade County, Florida",70.2,4.0,75.4,0.8,1.6,15.9,27.6,57632,61808,23511,3.1,9.2,8.8,7.5,14.7,25.6,16.6,9.5,3.6,1.3,11.8,34.9,10.0,4.6,28.1,39.7,27.6,50.6,49.4,1617,14.5,49.7,1628,97.1,2.9,4415,46.5,15.5,16.0,69.4,0.2,24.4,0.0,97.2,0.5,2021
12086013000,"Census Tract 130, Miami-Dade County, Florida",62.9,2.3,86.2,0.0,0.0,5.2,33.4,58319,76076,26380,4.0,6.4,10.6,6.5,10.4,23.9,12.9,12.7,7.3,5.3,16.8,32.6,11.3,4.9,33.2,37.3,24.6,70.1,29.9,1482,21.7,47.0,1457,99.0,1.0,4422,45.8,17.9,18.9,64.4,0.4,30.9,0.4,96.5,2.7,2021
12086013100,"Census Tract 131, Miami-Dade County, Florida",70.2,2.7,81.5,0.5,0.8,10.0,29.2,52292,71541,24565,1.0,2.8,14.0,8.3,18.7,18.2,15.7,17.9,1.4,2.1,14.6,41.0,12.9,5.3,33.5,43.1,18.2,42.9,57.1,1626,5.5,57.7,1822,98.1,1.9,5565,43.1,19.3,14.7,67.5,0.2,25.7,0.3,95.7,0.6,2021
12086013201,"Census Tract 132.01, Miami-Dade County, Florida",67.0,2.3,74.3,1.1,1.7,10.1,28.4,57734,64846,21302,0.7,3.3,11.8,10.8,23.1,12.2,17.0,17.7,3.3,0.0,14.4,29.9,15.1,2.9,21.1,43.4,32.5,76.2,23.8,1889,0.0,44.4,727,98.9,1.1,2425,44.6,16.3,17.8,67.9,0.3,24.8,0.0,99.0,2.6,2021
12086013202,"Census Tract 132.02, Miami-Dade County, Florida",67.5,4.8,84.0,0.0,0.0,10.4,31.5,93564,92742,27404,3.2,5.9,4.8,10.8,3.3,9.7,15.0,28.1,18.5,0.7,5.4,27.3,12.3,3.8,19.3,27.5,49.4,88.3,11.7,1575,0.0,30.1,1010,100.0,0.0,3584,48.2,11.5,18.5,60.1,0.1,34.8,0.0,98.8,0.5,2021
12086013301,"Census Tract 133.01, Miami-Dade County, Florida",69.1,3.1,68.1,0.0,0.0,26.1,36.8,58122,59961,24788,0.7,3.8,12.3,8.6,12.7,42.6,8.1,6.9,4.4,0.0,13.9,27.3,9.5,6.4,36.5,35.1,22.0,73.6,26.4,1675,5.6,86.3,1000,95.4,4.6,2655,49.3,14.5,15.9,61.5,0.2,30.1,0.3,97.9,0.0,2021
12086013302,"Census Tract 133.02, Miami-Dade County, Florida",73.5,0.3,76.6,0.0,0.1,7.6,25.5,67750,71065,22509,10.5,6.0,2.7,7.5,12.1,17.0,17.6,20.2,6.5,0.0,13.3,32.6,15.6,4.7,28.5,47.3,19.5,41.1,58.9,1734,7.8,52.5,1017,100.0,0.0,3423,36.8,26.3,8.0,67.2,0.8,26.8,0.0,93.0,1.1,2021
12086013400,"Census Tract 134, Miami-Dade County, Florida",63.2,4.7,76.5,1.5,1.5,10.6,33.7,43169,58246,20476,10.5,3.5,9.5,17.4,16.0,14.2,8.5,15.5,4.9,0.0,17.7,39.1,18.1,6.0,34.4,40.5,19.1,61.9,38.1,1589,7.2,56.1,1770,98.6,1.4,5405,42.5,20.0,16.2,64.2,5.7,21.9,1.3,90.5,4.4,2021
12086013500,"Census Tract 135, Miami-Dade County, Florida",49.9,3.8,61.4,1.8,0.3,17.7,26.6,34796,42962,14787,13.2,8.3,14.6,14.5,14.5,23.0,7.1,2.2,2.2,0.6,24.9,47.5,15.8,10.8,47.7,35.8,5.8,32.0,68.0,1358,8.1,60.8,1835,96.1,3.9,5521,42.7,21.7,12.4,67.4,1.1,22.5,1.1,96.9,2.3,2021
12086013600,"Census Tract 136, Miami-Dade County, Florida",62.6,7.7,67.0,2.2,0.7,15.8,24.9,41899,56289,20733,2.5,9.5,13.2,12.9,16.1,26.6,10.2,5.0,2.3,1.7,14.3,42.3,19.6,6.4,36.0,39.1,18.5,40.9,59.1,1431,10.7,48.4,2048,96.8,3.2,5862,41.2,20.9,12.0,55.8,0.6,33.4,3.4,94.7,0.7,2021
12086013700,"Census Tract 137, Miami-Dade County, Florida",59.5,2.4,57.0,0.6,3.2,17.0,23.6,38260,45104,17656,3.0,10.0,21.4,12.2,19.7,20.3,6.6,4.3,2.4,0.0,19.3,46.2,18.1,11.1,41.6,36.7,10.7,48.6,51.4,1381,7.0,50.9,2213,95.6,4.4,5867,42.8,17.0,22.3,66.8,2.5,26.3,0.0,95.0,1.5,2021
12086013801,"Census Tract 138.01, Miami-Dade County, Florida",67.1,5.0,84.9,0.0,0.0,11.6,27.6,59848,59480,19020,5.4,2.3,13.7,6.9,12.6,33.5,20.2,1.6,3.8,0.0,11.7,45.8,15.7,7.2,14.6,63.5,14.8,54.8,45.2,1694,8.1,46.9,711,96.2,3.8,2335,39.3,18.3,6.0,68.5,10.1,13.3,0.0,92.7,1.2,2021
12086013802,"Census Tract 138.02, Miami-Dade County, Florida",51.1,2.1,69.0,2.1,3.3,11.1,27.0,35347,94128,33168,4.3,4.3,34.2,6.7,11.5,21.0,9.1,1.5,2.6,4.8,18.0,64.6,19.8,11.1,53.6,27.6,7.7,17.3,82.7,1381,7.4,50.4,1756,100.0,0.0,5192,41.4,21.8,12.9,55.2,0.3,41.4,0.0,100.0,0.0,2021
12086013900,"Census Tract 139, Miami-Dade County, Florida",70.4,3.1,80.0,1.8,0.0,5.8,30.6,56763,69372,23353,2.2,3.0,4.3,10.1,18.3,29.3,17.5,8.1,4.0,3.2,9.1,22.8,12.8,0.0,18.9,52.7,28.5,67.6,32.4,1763,18.3,54.1,1455,97.3,2.7,4399,46.0,17.7,16.5,66.3,0.2,29.3,0.0,96.5,1.5,2021
12086014100,"Census Tract 141, Miami-Dade County, Florida",1.0,0.0,100.0,0.0,0.0,0.0,-999999999.0,-666666666,-999999999,3905,0.0,0.0,0.0,0.0,0.0,0.0,0.0,100.0,0.0,0.0,0.0,0.0,0.0,0.0,0.0,100.0,0.0,0.0,100.0,-666666666,0.0,0.0,14,100.0,0.0,2545,38.7,2.1,12.5,50.8,38.7,9.7,0.3,45.4,3.1,2021
12086014200,"Census Tract 142, Miami-Dade County, Florida",59.9,1.6,87.3,0.0,0.2,3.7,34.0,117614,117878,39471,2.0,0.6,4.8,4.5,11.7,9.8,10.9,22.7,15.6,17.5,2.7,20.8,9.1,0.7,23.9,45.4,30.0,88.8,11.2,2260,7.5,29.1,1489,96.2,3.8,4293,51.2,15.4,20.8,72.8,1.0,25.7,0.0,92.9,2.6,2021
12086014300,"Census Tract 143, Miami-Dade County, Florida",61.5,2.2,77.7,0.6,0.0,11.0,34.9,78558,94098,32522,10.8,3.0,7.7,3.4,9.1,9.2,17.0,17.7,12.1,9.9,11.9,10.7,11.3,1.2,27.2,42.1,29.6,92.2,7.8,2643,0.0,55.7,1154,97.6,2.4,3442,48.0,15.9,18.9,70.9,0.5,24.5,0.3,91.0,6.0,2021
12086014400,"Census Tract 144, Miami-Dade County, Florida",64.3,2.4,83.3,1.2,0.2,7.2,35.4,69291,82799,25586,0.0,2.0,18.2,4.8,12.0,20.3,12.3,20.6,3.6,6.3,13.4,10.3,20.4,0.6,25.2,50.9,23.4,66.2,33.8,2084,1.8,79.9,1492,96.8,3.2,4911,37.9,22.5,13.8,62.0,3.2,34.6,0.0,92.0,6.0,2021
12086014500,"Census Tract 145, Miami-Dade County, Florida",59.7,3.9,80.8,0.0,0.0,7.7,32.6,81625,115995,34949,2.2,1.4,4.3,3.5,16.4,18.3,14.3,18.7,9.0,12.0,5.9,16.3,6.0,2.0,20.0,38.2,39.8,93.8,6.2,1724,0.0,47.6,1347,98.5,1.5,4795,46.5,11.8,22.4,69.5,0.5,26.9,2.5,86.9,0.7,2021
12086014601,"Census Tract 146.01, Miami-Dade County, Florida",67.9,0.0,87.0,1.1,0.5,2.0,25.8,33669,46496,23078,9.3,6.9,25.3,12.0,10.4,14.4,12.2,8.4,1.1,0.0,23.7,18.9,15.9,4.7,61.2,27.2,6.9,29.5,70.5,1556,4.5,61.5,1471,96.1,3.9,3210,42.2,13.8,24.2,72.0,1.6,18.4,0.0,95.8,4.6,2021
12086014602,"Census Tract 146.02, Miami-Dade County, Florida",63.9,2.6,79.6,0.0,0.0,10.1,33.9,46887,69595,27425,2.8,3.0,10.5,17.0,18.3,15.6,16.6,6.4,5.0,4.7,6.7,16.6,10.2,1.0,47.1,27.4,24.5,54.5,45.5,1771,6.1,67.5,1519,97.4,2.6,4158,48.3,14.5,22.7,73.6,0.7,23.4,0.0,96.9,0.0,2021
12086014701,"Census Tract 147.01, Miami-Dade County, Florida",69.4,0.0,91.1,0.0,0.0,0.0,31.1,41563,51019,23159,23.7,4.8,8.7,6.4,13.5,12.8,17.3,11.0,1.9,0.0,12.3,8.1,13.3,21.8,39.0,19.9,19.3,50.1,49.9,1443,0.0,73.0,876,90.6,9.4,1844,50.7,14.4,23.9,70.3,2.6,20.1,1.7,94.8,2.1,2021
12086014702,"Census Tract 147.02, Miami-Dade County, Florida",72.8,1.6,84.0,0.0,0.0,4.3,37.4,72941,91302,33991,3.5,8.9,5.4,6.6,10.5,17.0,4.2,28.2,5.7,10.0,7.9,9.1,11.5,0.0,26.6,52.4,20.9,64.0,36.0,1644,0.0,66.5,1579,90.7,9.3,4062,52.1,12.6,18.4,68.3,0.0,26.8,0.0,96.2,2.1,2021
12086014800,"Census Tract 148, Miami-Dade County, Florida",56.2,9.2,82.8,0.8,0.0,6.0,32.9,36546,49602,16540,18.3,10.3,3.9,16.3,11.4,15.3,10.3,12.3,2.0,0.0,23.4,47.0,16.3,2.8,25.3,38.1,33.7,61.7,38.3,1408,6.1,61.3,1996,97.4,2.6,6396,45.3,15.1,18.5,70.1,1.2,26.2,0.6,93.3,1.8,2021
12086014900,"Census Tract 149, Miami-Dade County, Florida",58.5,2.9,81.7,1.0,0.3,11.3,34.5,77154,81468,24685,2.3,4.7,8.6,11.6,4.3,15.9,22.9,17.3,10.9,1.4,9.5,33.3,13.0,2.1,23.5,29.7,44.6,80.5,19.5,2104,8.5,63.6,1664,97.8,2.2,5845,45.5,18.2,23.0,68.4,0.0,26.1,0.0,89.2,2.9,2021
12086015001,"Census Tract 150.01, Miami-Dade County, Florida",60.7,1.9,84.2,0.4,0.0,4.4,37.8,80713,91320,30291,0.7,3.0,10.2,2.0,14.9,16.9,16.7,19.3,13.2,3.0,4.3,26.2,8.8,3.2,19.8,41.1,36.0,84.0,16.0,1891,0.0,71.0,1495,99.2,0.8,5203,49.5,11.3,25.6,70.5,2.8,25.0,0.0,99.0,2.8,2021
12086015002,"Census Tract 150.02, Miami-Dade County, Florida",58.7,6.4,89.2,0.0,0.0,7.7,33.2,88314,98713,27916,0.0,0.8,11.5,13.6,4.8,12.7,15.2,19.6,16.4,5.3,13.1,14.7,6.7,2.0,21.4,38.1,38.5,74.7,25.3,2664,0.0,71.0,1290,92.0,8.0,4474,40.3,21.5,17.5,66.9,0.1,27.1,0.0,95.6,1.2,2021
12086015101,"Census Tract 151.01, Miami-Dade County, Florida",66.1,2.1,84.7,0.9,0.4,6.2,41.3,116705,108389,34400,11.7,0.0,0.0,6.9,4.1,14.8,4.3,36.0,13.6,8.6,9.5,11.7,8.0,0.0,33.2,32.5,34.4,66.5,33.5,2325,0.0,92.3,1429,100.0,0.0,4832,39.2,20.5,8.3,72.0,0.3,15.7,1.3,86.5,3.1,2021
12086015102,"Census Tract 151.02, Miami-Dade County, Florida",65.9,4.9,80.2,0.0,0.0,8.3,39.3,101776,119984,37551,2.4,0.0,0.0,2.1,5.6,1.7,36.7,25.4,13.2,12.9,1.5,17.3,3.0,0.0,27.6,42.2,30.3,95.6,4.4,-666666666,0.0,0.0,889,100.0,0.0,2991,38.7,24.4,17.3,81.4,0.2,13.2,0.5,86.1,0.7,2021
12086015103,"Census Tract 151.03, Miami-Dade County, Florida",54.7,1.3,77.3,0.0,0.0,8.5,30.7,86594,120514,34615,7.2,0.0,0.0,1.5,17.1,19.8,9.2,9.1,19.8,16.2,16.1,11.9,11.9,0.0,6.9,49.6,43.5,70.0,30.0,2665,0.0,31.6,1008,100.0,0.0,3663,45.5,20.8,9.9,72.3,0.1,22.9,0.7,77.1,2.3,2021
12086015201,"Census Tract 152.01, Miami-Dade County, Florida",71.0,4.2,81.1,0.1,0.0,5.4,38.8,96691,114851,35463,2.8,0.0,5.7,4.8,10.8,11.6,14.9,27.7,5.6,16.1,1.3,6.7,4.5,0.0,20.0,39.8,40.2,65.1,34.9,2285,0.0,42.8,925,96.8,3.2,2992,41.0,22.7,14.0,68.9,2.1,17.6,2.3,80.0,6.5,2021
12086015202,"Census Tract 152.02, Miami-Dade County, Florida",61.0,1.6,86.0,0.0,0.0,5.9,42.4,74266,98728,28174,6.1,2.9,6.2,12.0,5.1,19.2,10.0,7.9,22.6,8.0,12.3,22.0,18.1,1.2,22.4,52.8,23.6,66.6,33.4,1986,4.2,44.6,1221,100.0,0.0,4266,38.3,28.4,11.7,69.3,0.4,21.9,0.5,78.5,2.0,2021
12086015300,"Census Tract 153, Miami-Dade County, Florida",62.3,3.3,83.8,0.4,0.0,9.8,36.8,96058,107235,33157,7.5,1.2,2.9,7.9,9.0,11.4,12.4,24.9,13.9,8.9,6.9,15.5,3.3,3.3,16.1,42.2,38.3,82.3,17.7,2686,24.6,48.8,1903,98.9,1.1,6596,42.5,19.8,16.9,71.5,0.5,17.9,1.7,93.8,4.0,2021
12086015400,"Census Tract 154, Miami-Dade County, Florida",58.1,2.9,85.6,0.2,0.0,6.2,36.5,78194,109632,35008,2.1,5.3,2.8,10.2,5.5,18.7,18.8,12.5,8.1,16.0,12.7,21.8,8.5,7.2,17.3,40.0,35.5,92.1,7.9,1957,18.4,62.4,1799,100.0,0.0,6017,44.3,17.7,22.4,68.2,0.8,30.2,0.0,91.2,0.4,2021
12086015501,"Census Tract 155.01, Miami-Dade County, Florida",49.0,7.6,85.8,0.0,0.0,3.4,30.5,44871,69438,25278,3.0,2.2,17.4,10.4,18.2,20.3,5.3,15.0,3.5,4.8,12.3,20.7,7.1,10.0,34.7,28.3,27.0,89.9,10.1,1395,0.0,100.0,969,90.9,9.1,2596,48.5,20.3,33.6,60.3,0.7,34.9,0.0,90.1,9.4,2021
12086015502,"Census Tract 155.02, Miami-Dade County, Florida",55.8,3.6,88.2,0.0,0.0,5.3,33.4,77928,84717,28378,4.4,9.9,2.0,13.5,8.8,10.6,15.4,25.6,4.4,5.3,10.3,24.5,7.1,3.8,18.3,32.3,45.6,88.6,11.4,-666666666,0.0,65.2,971,95.5,4.5,2956,46.6,12.1,23.4,73.0,0.0,26.1,0.0,91.9,2.9,2021
12086015600,"Census Tract 156, Miami-Dade County, Florida",66.4,5.9,77.6,1.4,0.0,12.6,34.9,70793,92340,32060,2.7,0.7,5.0,2.8,11.1,31.0,18.3,18.7,5.1,4.7,10.0,14.9,8.3,1.8,21.5,55.6,21.0,70.7,29.3,1881,2.0,54.0,1712,95.4,4.6,4791,36.4,21.1,12.1,68.4,3.0,17.4,0.3,71.0,2.8,2021
12086015700,"Census Tract 157, Miami-Dade County, Florida",52.8,4.1,87.0,0.0,2.4,4.9,28.5,102770,135541,42077,6.5,1.9,6.1,6.7,3.2,19.0,3.1,15.8,20.1,17.5,15.0,11.1,7.7,1.3,11.9,53.3,33.5,78.8,21.3,2233,8.0,70.4,738,97.6,2.4,2508,46.3,20.9,26.0,70.6,0.7,24.9,3.5,77.4,0.9,2021
12086015800,"Census Tract 158, Miami-Dade County, Florida",58.1,4.8,88.6,0.5,1.2,5.6,33.5,56250,72700,24899,2.0,3.7,9.0,11.0,15.7,20.0,10.8,19.5,3.8,4.4,3.5,21.3,13.9,2.5,24.5,47.0,26.1,69.5,30.5,1679,19.0,50.6,1603,98.3,1.7,4882,49.1,13.1,23.7,67.1,0.3,26.4,1.5,90.0,0.7,2021
12086015900,"Census Tract 159, Miami-Dade County, Florida",61.2,7.1,85.3,0.1,0.4,6.4,38.4,65667,94124,35240,3.3,1.6,6.7,12.8,14.0,15.5,15.9,17.4,5.7,7.1,7.9,15.7,19.2,1.7,29.9,39.5,28.8,78.2,21.8,1896,52.4,38.7,1092,100.0,0.0,3093,55.4,11.2,28.8,69.9,0.1,28.2,0.6,88.3,1.0,2021
12086016000,"Census Tract 160, Miami-Dade County, Florida",61.7,3.3,83.4,0.3,0.0,7.3,39.3,68171,80614,29854,5.3,5.4,5.8,12.4,7.1,16.7,14.2,25.5,4.1,3.6,12.0,19.1,6.3,0.4,34.8,42.9,21.8,79.6,20.4,1723,16.6,41.9,1661,96.0,4.0,4571,48.5,11.8,24.8,71.4,0.9,17.8,6.7,83.8,2.6,2021
12086016100,"Census Tract 161, Miami-Dade County, Florida",62.3,3.6,72.2,2.2,0.0,12.1,41.7,91493,95784,33747,1.9,0.0,6.2,12.4,9.7,12.0,14.1,29.0,9.5,5.3,5.4,16.8,10.0,3.3,13.4,59.4,23.8,90.4,9.6,2385,7.6,55.6,1531,97.8,2.2,4443,52.6,13.7,22.3,75.7,0.3,17.4,3.6,88.7,1.9,2021
12086016200,"Census Tract 162, Miami-Dade County, Florida",63.9,1.1,83.2,1.7,0.1,8.1,44.4,78182,91247,34516,5.8,1.3,10.9,2.1,10.3,16.8,13.4,25.4,7.8,6.3,9.3,13.4,3.5,5.8,24.8,51.8,17.6,88.7,11.3,1910,0.0,69.9,1183,91.8,8.2,3053,47.5,16.4,24.3,69.3,1.5,21.5,3.3,83.9,5.1,2021
12086016300,"Census Tract 163, Miami-Dade County, Florida",59.8,3.1,74.7,1.0,0.0,8.7,39.7,99875,109700,34938,0.0,3.1,7.7,3.4,4.9,22.8,8.2,27.0,12.1,10.8,11.0,16.4,8.3,0.4,16.6,45.5,37.4,91.9,8.1,2517,9.3,16.1,1530,99.0,1.0,4841,45.8,19.1,21.6,64.4,0.5,16.5,0.4,91.4,2.2,2021
12086016401,"Census Tract 164.01, Miami-Dade County, Florida",64.1,0.9,90.1,0.5,0.0,6.1,38.6,130327,126346,37833,4.3,0.8,0.3,0.0,8.2,12.8,11.5,27.3,24.2,10.7,5.0,5.6,3.1,1.4,20.9,50.3,27.3,95.3,4.7,2646,0.0,76.1,1447,98.1,1.9,4747,41.3,22.6,15.5,65.7,0.1,26.1,2.4,85.0,2.2,2021
12086016402,"Census Tract 164.02, Miami-Dade County, Florida",58.1,0.5,89.4,0.0,0.0,5.7,39.4,95429,102667,27843,6.7,4.6,1.5,4.6,1.8,17.5,21.9,15.6,16.8,9.0,6.2,13.5,5.0,0.0,12.1,49.9,38.0,92.5,7.5,2673,0.0,84.0,668,100.0,0.0,2579,42.8,28.8,15.6,62.1,7.8,22.4,1.6,87.9,1.9,2021
12086016501,"Census Tract 165.01, Miami-Dade County, Florida",53.8,4.3,85.9,0.8,0.0,0.9,32.9,87235,97703,29819,11.0,5.6,3.7,8.8,1.8,6.1,21.7,19.0,9.0,13.2,28.3,9.9,11.9,5.4,7.4,57.6,29.6,84.5,15.5,-666666666,0.0,0.0,944,100.0,0.0,3252,43.6,12.9,15.7,59.3,0.4,36.7,3.3,83.5,1.5,2021
12086016502,"Census Tract 165.02, Miami-Dade County, Florida",61.6,4.0,90.7,0.0,1.0,2.8,42.2,112088,119148,33816,6.8,0.0,0.8,3.0,1.5,6.7,19.3,30.9,20.0,11.0,8.4,2.6,7.7,0.0,6.7,61.6,31.8,80.8,19.2,2388,0.0,54.2,1480,100.0,0.0,5445,37.1,25.8,8.9,70.7,5.6,20.5,0.0,84.5,3.7,2021
12086016600,"Census Tract 166, Miami-Dade County, Florida",69.0,2.0,82.2,2.1,0.4,5.9,35.8,64627,75210,30530,4.3,3.7,7.1,1.3,4.3,37.8,23.5,11.2,6.3,0.4,10.1,8.8,5.7,1.6,37.5,42.0,18.9,89.3,10.7,1743,0.0,26.2,1424,97.7,2.3,3635,44.7,13.0,15.1,65.7,1.6,29.9,0.0,96.6,1.8,2021
12086016700,"Census Tract 167, Miami-Dade County, Florida",59.6,3.0,84.6,0.8,0.0,8.9,46.6,77332,86366,27427,4.0,0.0,6.4,3.0,15.6,15.4,23.0,20.8,9.9,2.0,7.5,8.9,16.0,0.0,23.7,38.2,38.1,79.7,20.3,2140,44.8,21.3,1393,97.6,2.4,4581,48.4,15.8,20.9,62.3,0.6,29.1,1.9,92.8,2.8,2021
12086016800,"Census Tract 168, Miami-Dade County, Florida",57.4,5.6,93.2,0.0,0.0,3.7,32.1,54208,84752,29754,11.2,3.7,8.2,4.5,20.4,17.3,4.2,10.4,2.1,17.9,15.8,27.0,9.7,1.0,43.3,31.2,24.6,82.1,17.9,1998,4.4,81.8,1290,97.4,2.6,3791,44.4,15.4,25.0,71.9,0.0,25.2,1.4,89.7,2.8,2021
12086016900,"Census Tract 169, Miami-Dade County, Florida",58.7,6.3,81.0,0.7,0.0,3.7,35.0,57281,58701,25356,8.2,5.6,7.1,13.1,9.4,33.9,10.4,8.4,2.0,1.9,13.5,24.4,11.3,2.3,50.9,34.4,12.5,62.4,37.6,1672,5.4,65.7,1821,96.5,3.5,4153,45.5,18.3,22.4,71.8,2.0,25.1,0.0,89.9,1.2,2021
12086017000,"Census Tract 170, Miami-Dade County, Florida",60.9,5.3,86.1,1.1,0.0,3.7,31.4,54647,72941,27973,7.6,3.7,7.4,6.6,10.6,26.1,17.2,12.9,3.9,3.9,12.0,15.9,17.0,1.3,30.1,49.5,19.1,65.3,34.7,1773,11.0,49.5,1967,97.5,2.5,5236,47.5,15.4,20.7,58.1,1.0,36.7,0.3,93.3,1.1,2021
12086017101,"Census Tract 171.01, Miami-Dade County, Florida",58.6,1.7,92.1,3.3,0.0,3.8,36.8,47684,56610,24141,20.1,0.6,11.7,8.8,13.2,20.2,8.2,12.0,2.2,2.9,19.1,12.5,9.2,1.0,42.7,43.8,12.5,50.2,49.8,1508,0.0,66.9,1474,96.7,3.3,3603,43.6,16.7,16.2,68.8,2.0,23.3,0.9,82.8,1.7,2021
12086017102,"Census Tract 171.02, Miami-Dade County, Florida",68.6,3.8,92.1,0.0,0.0,2.0,27.0,90370,83334,28561,13.4,0.0,9.5,2.6,2.6,19.2,10.8,31.8,7.1,2.9,13.4,20.9,7.1,1.6,21.3,69.3,7.8,48.3,51.7,1472,2.6,50.2,911,100.0,0.0,2872,37.7,24.3,9.3,69.3,2.0,28.2,0.0,73.2,0.5,2021
12086017200,"Census Tract 172, Miami-Dade County, Florida",58.0,4.2,76.6,1.7,0.0,12.3,41.5,76154,87440,32437,25.3,0.5,4.0,4.6,2.9,12.2,7.8,18.5,18.2,6.0,10.1,10.8,10.6,1.2,30.6,38.1,30.1,81.5,18.5,2875,12.1,30.3,1319,97.3,2.7,3651,44.4,16.4,23.0,82.8,4.4,12.7,0.1,81.6,1.6,2021
12086017300,"Census Tract 173, Miami-Dade County, Florida",57.0,1.5,89.0,1.5,0.0,1.7,31.2,44810,69273,27008,8.6,2.9,18.7,9.5,15.4,9.5,13.2,16.4,3.9,1.9,10.9,20.0,13.1,2.3,37.3,41.1,19.2,45.9,54.1,1497,1.1,61.2,1707,94.1,5.9,4458,48.3,13.0,21.9,56.3,5.8,24.8,7.5,74.3,3.0,2021
12086017401,"Census Tract 174.01, Miami-Dade County, Florida",38.7,19.8,86.0,5.1,0.0,0.0,50.7,72717,91248,28305,0.0,2.9,0.6,12.0,11.6,31.6,0.0,26.7,9.1,5.6,1.4,0.0,1.8,0.6,24.4,49.2,25.8,90.1,9.9,-666666666,0.0,0.0,484,100.0,0.0,1626,45.8,19.3,22.4,64.3,0.0,33.9,0.0,74.4,0.5,2021
12086017402,"Census Tract 174.02, Miami-Dade County, Florida",57.1,6.1,86.3,0.5,0.8,4.5,37.3,62375,66708,27691,6.3,19.2,9.7,6.1,4.3,13.9,17.1,15.0,3.5,5.0,20.1,23.9,11.0,2.6,44.4,39.2,13.8,49.9,50.1,1490,4.3,45.1,1964,94.2,5.8,4505,47.4,16.8,23.1,68.5,0.6,27.1,3.3,80.0,4.4,2021
12086017500,"Census Tract 175, Miami-Dade County, Florida",61.7,2.4,84.3,0.1,0.2,5.3,33.9,39916,53898,21610,14.4,5.3,11.3,13.1,13.7,22.4,8.1,8.5,0.9,2.4,19.7,43.7,9.6,15.4,39.4,30.8,14.5,27.4,72.6,1163,19.1,52.6,1433,96.7,3.3,3947,39.3,19.7,18.0,63.4,0.9,33.7,0.0,94.2,1.2,2021
12086017600,"Census Tract 176, Miami-Dade County, Florida",68.4,3.1,92.8,1.0,0.2,2.0,35.8,53415,63333,24230,4.5,12.2,4.0,10.4,14.9,23.8,12.2,9.7,8.4,0.0,19.0,14.1,16.0,2.3,28.2,56.6,12.9,35.4,64.6,1695,7.7,55.3,2711,95.0,5.0,7246,35.3,20.9,10.5,61.1,0.7,26.1,7.8,83.5,1.3,2021
12086017700,"Census Tract 177, Miami-Dade County, Florida",58.9,2.9,84.9,4.4,0.8,4.3,35.5,60430,66404,24920,9.8,2.9,14.8,5.0,9.6,23.7,14.0,14.4,3.7,2.1,11.5,27.0,12.6,6.5,34.6,45.5,13.4,46.9,53.1,1403,9.2,44.5,1635,92.0,8.0,4266,46.1,8.5,15.8,61.6,1.0,35.1,0.5,90.4,2.7,2021
12086017800,"Census Tract 178, Miami-Dade County, Florida",68.3,3.4,85.2,4.3,2.7,2.3,36.1,50500,61622,22650,4.1,9.1,12.4,7.8,16.2,22.3,13.8,5.8,3.7,4.8,22.6,35.8,19.3,5.4,48.5,39.7,6.3,29.6,70.4,1459,9.6,54.2,2206,97.4,2.6,6361,41.6,19.5,15.4,70.4,0.3,28.5,0.0,96.3,3.4,2021
12086017901,"Census Tract 179.01, Miami-Dade County, Florida",68.3,1.6,85.3,0.0,1.4,3.7,43.5,102851,100991,31549,2.9,6.6,1.6,1.3,4.6,21.2,10.8,34.6,10.9,5.5,2.3,11.5,5.4,4.6,20.7,32.4,42.3,88.5,11.5,2247,0.0,77.7,1221,100.0,0.0,4009,44.4,22.8,13.5,74.0,0.8,14.8,3.6,86.5,2.0,2021
12086017902,"Census Tract 179.02, Miami-Dade County, Florida",60.7,2.6,83.6,2.0,0.0,6.0,35.5,100248,91826,31346,4.3,0.0,8.2,10.9,4.2,3.4,18.2,36.7,12.2,1.9,9.0,4.8,4.8,0.0,21.8,48.7,29.4,94.0,6.0,-666666666,0.0,56.8,1342,100.0,0.0,4324,48.5,15.1,20.4,66.0,1.9,25.8,2.4,82.0,1.5,2021
12086018001,"Census Tract 180.01, Miami-Dade County, Florida",60.5,9.7,92.4,0.0,0.0,3.8,31.1,137078,140181,40308,0.0,0.0,0.0,0.0,11.0,6.1,13.3,45.9,11.8,11.8,0.0,12.3,0.0,0.0,12.5,64.9,22.6,93.9,6.1,-666666666,0.0,0.0,578,81.8,18.2,1685,36.4,31.8,4.2,93.0,0.0,2.4,0.0,81.1,1.6,2021
12086018002,"Census Tract 180.02, Miami-Dade County, Florida",60.4,6.1,82.6,1.2,0.0,3.7,41.8,87083,103576,30543,1.5,0.0,2.8,5.6,15.0,22.6,10.0,16.8,19.4,6.2,7.0,8.4,10.1,0.0,8.8,67.9,23.3,79.2,20.8,2297,0.0,59.0,808,100.0,0.0,2938,41.4,21.9,16.3,52.1,13.3,24.9,0.6,90.8,5.2,2021
12086018003,"Census Tract 180.03, Miami-Dade County, Florida",59.0,3.4,82.5,2.2,1.2,6.7,40.0,81955,93663,26103,6.1,1.7,3.3,14.7,5.3,12.2,17.5,25.7,2.8,10.8,18.7,15.2,10.4,0.6,25.9,48.9,24.6,54.2,45.8,2099,18.4,54.6,2429,97.9,2.1,8747,34.7,28.5,9.5,56.9,4.2,29.6,0.7,87.4,3.3,2021
12086018100,"Census Tract 181, Miami-Dade County, Florida",55.2,3.9,86.0,1.6,1.4,1.9,40.2,54036,68453,24663,4.2,5.9,12.7,14.0,9.0,16.9,12.9,18.0,4.0,2.5,12.1,20.8,13.3,3.9,35.5,35.7,24.8,61.9,38.1,1716,6.1,63.2,1733,99.0,1.0,5041,45.3,16.1,19.0,61.2,0.8,23.3,0.0,88.8,2.9,2021
12086018200,"Census Tract 182, Miami-Dade County, Florida",61.9,5.3,89.2,2.1,0.0,3.9,37.1,81786,82461,25584,6.1,1.7,0.7,13.9,11.2,11.4,26.6,19.5,5.0,4.0,10.4,27.3,18.0,2.9,32.1,39.7,25.3,60.5,39.5,1764,15.8,54.9,832,96.9,3.1,2797,41.5,21.7,13.9,62.6,4.3,21.1,2.4,87.6,2.9,2021
12086018300,"Census Tract 183, Miami-Dade County, Florida",66.3,4.2,79.0,5.6,0.0,5.9,45.2,68516,87987,27981,4.3,2.1,3.0,15.0,10.0,21.2,17.5,14.5,3.2,9.2,5.0,19.8,10.5,1.9,23.3,48.2,26.5,75.5,24.5,2160,6.0,68.0,1341,100.0,0.0,4539,42.1,16.0,15.8,57.9,3.2,18.0,6.5,76.5,0.6,2021
12086018400,"Census Tract 184, Miami-Dade County, Florida",62.0,5.8,75.8,3.8,0.0,4.9,35.0,51923,70862,28678,3.4,3.1,6.3,8.1,26.5,21.9,8.2,13.5,5.5,3.5,11.3,16.8,8.5,4.5,43.9,37.8,13.8,47.4,52.6,1706,11.1,67.9,1701,89.5,10.5,3916,40.5,18.2,12.7,62.6,3.4,24.3,0.5,81.4,3.9,2021
12086018500,"Census Tract 185, Miami-Dade County, Florida",63.5,3.4,79.6,1.9,2.1,7.1,36.9,73500,87147,31677,4.0,0.9,13.2,7.5,15.4,9.9,12.2,17.5,15.4,3.9,6.5,7.3,17.8,6.6,38.3,31.4,23.7,39.8,60.2,1761,6.6,54.6,1772,96.3,3.7,4713,36.8,21.7,11.8,57.2,5.6,20.3,2.4,75.7,4.9,2021
12086018601,"Census Tract 186.01, Miami-Dade County, Florida",60.1,1.1,86.5,2.0,0.0,7.8,29.1,74180,74013,22205,4.2,0.0,0.0,25.2,6.9,14.6,24.2,21.3,3.1,0.5,19.7,9.7,13.9,0.8,28.8,37.2,33.2,67.0,33.0,2491,0.0,84.0,1271,100.0,0.0,4725,35.1,28.2,8.0,56.8,13.5,29.0,0.0,79.6,1.7,2021
12086018602,"Census Tract 186.02, Miami-Dade County, Florida",53.5,3.5,79.2,3.2,0.3,10.4,31.7,68986,75127,23321,3.3,8.2,3.5,7.3,10.1,25.8,12.8,19.9,9.1,0.0,14.8,23.5,15.8,3.7,24.3,37.0,35.0,64.2,35.8,1579,10.6,67.5,1271,91.4,8.6,3973,47.3,12.0,23.2,76.0,4.6,15.5,0.0,87.5,1.0,2021
12086018700,"Census Tract 187, Miami-Dade County, Florida",56.9,4.3,71.0,0.0,1.0,14.0,31.1,72577,89891,26437,2.9,1.7,6.4,10.6,14.9,17.4,10.9,21.7,8.1,5.4,7.2,9.2,9.0,2.6,22.7,31.6,43.1,87.6,12.4,2411,0.0,92.2,1262,96.8,3.2,4402,43.9,21.0,17.5,60.2,0.6,28.9,4.2,82.0,5.2,2021
12086018801,"Census Tract 188.01, Miami-Dade County, Florida",62.6,0.0,81.1,0.7,0.0,5.7,28.1,113722,117481,34424,7.5,0.0,6.7,8.6,4.7,10.9,5.2,25.5,10.9,20.1,13.4,5.3,10.1,1.6,15.2,32.9,50.3,71.4,28.6,2060,0.0,58.8,836,94.6,5.4,2765,47.7,18.7,26.9,76.2,1.7,11.5,9.6,54.1,2.0,2021
12086018802,"Census Tract 188.02, Miami-Dade County, Florida",61.1,7.3,83.1,0.0,0.0,0.0,38.3,53333,66270,28322,13.7,8.4,1.3,9.7,12.7,21.0,9.5,7.1,14.6,2.1,18.4,7.2,12.0,0.0,54.7,35.2,10.1,22.7,77.3,1708,2.1,60.6,992,100.0,0.0,2496,40.9,18.6,18.4,73.6,2.6,19.3,2.9,64.8,3.6,2021
12086018803,"Census Tract 188.03, Miami-Dade County, Florida",62.1,2.6,90.0,3.4,0.0,4.2,31.5,73780,76683,25038,10.5,6.7,0.9,13.3,8.5,11.8,17.3,12.9,17.3,0.8,17.9,4.6,16.4,2.4,22.0,60.5,15.1,66.5,33.5,1656,0.0,62.6,1275,98.2,1.8,3774,33.6,30.2,8.9,78.2,2.6,9.8,1.4,58.8,2.0,2021
12086018901,"Census Tract 189.01, Miami-Dade County, Florida",75.6,3.6,82.6,1.7,0.0,6.5,29.9,99430,104414,37557,1.4,3.1,1.3,7.0,0.0,14.0,25.0,30.9,8.5,8.8,2.1,9.6,14.0,1.2,26.7,56.9,15.2,89.9,10.1,1977,12.6,21.4,1094,93.4,6.6,2935,38.9,22.1,15.1,85.9,6.3,3.3,0.0,53.4,2.2,2021
12086018902,"Census Tract 189.02, Miami-Dade County, Florida",61.5,0.4,78.4,2.6,0.0,5.1,29.3,84167,104296,36691,1.3,0.0,10.0,5.8,19.1,3.8,16.7,15.3,18.5,9.5,3.3,2.2,8.1,0.0,20.1,59.0,20.9,91.6,8.4,-666666666,0.0,100.0,1100,100.0,0.0,3265,47.5,20.1,21.5,55.2,4.9,22.3,10.0,61.1,1.4,2021
12086019000,"Census Tract 190, Miami-Dade County, Florida",61.8,4.3,79.7,2.3,0.4,9.9,31.7,75089,89446,33090,8.0,1.9,6.0,5.5,17.5,11.0,15.1,16.0,13.3,5.7,12.2,9.9,11.5,2.5,25.8,44.2,27.4,78.4,21.6,1829,9.8,33.8,2136,96.4,3.6,5752,42.7,17.8,17.5,60.0,5.0,30.6,1.8,75.7,1.5,2021
12086019100,"Census Tract 191, Miami-Dade County, Florida",60.6,0.7,83.8,0.0,0.1,9.1,25.3,63462,90922,39001,13.5,10.3,8.0,8.6,3.2,8.6,18.8,10.2,6.3,12.7,17.7,6.8,7.8,5.8,41.6,44.0,8.6,59.0,41.0,1716,0.0,41.9,2192,98.3,1.7,5187,48.6,14.8,27.9,69.7,1.1,22.8,0.4,75.4,4.1,2021
12086019200,"Census Tract 192, Miami-Dade County, Florida",63.7,2.5,85.9,0.5,0.2,7.2,30.5,75000,87828,29755,7.9,3.3,6.8,6.6,6.0,19.4,4.1,30.7,13.6,1.7,13.3,8.8,8.6,3.1,27.3,43.6,26.0,76.6,23.4,1709,9.6,44.4,1744,96.8,3.2,5243,39.4,23.8,15.4,71.1,2.1,20.8,3.4,60.8,1.8,2021
12086019301,"Census Tract 193.01, Miami-Dade County, Florida",61.0,3.8,82.9,0.0,0.0,3.5,32.1,70221,80169,28023,0.0,3.2,10.3,13.2,11.6,20.4,19.4,11.2,8.1,2.5,12.7,9.6,11.0,0.0,37.7,50.2,12.1,67.1,32.9,1862,4.9,59.1,891,90.1,9.9,2536,42.3,20.5,9.5,69.4,12.7,7.5,5.0,52.6,5.3,2021
12086019302,"Census Tract 193.02, Miami-Dade County, Florida",62.0,3.3,78.4,0.6,2.4,9.1,30.4,69926,84737,32390,7.0,6.0,3.4,1.5,14.0,21.2,18.6,12.6,9.8,5.9,9.3,5.8,6.8,0.0,40.3,32.7,26.9,56.1,43.9,1894,4.5,64.6,1746,90.6,9.4,4334,38.1,18.1,10.8,56.5,9.5,18.1,7.2,59.0,1.0,2021
12086019401,"Census Tract 194.01, Miami-Dade County, Florida",64.0,2.0,68.9,0.4,1.2,16.1,35.7,105761,121523,42216,2.8,5.8,0.0,2.5,7.4,11.8,18.2,25.2,15.9,10.4,1.0,0.2,6.1,5.8,24.3,49.2,20.6,86.7,13.3,3098,0.0,62.2,938,95.1,4.9,2612,38.1,21.2,16.2,78.0,4.0,6.4,3.7,58.5,0.0,2021
12086019402,"Census Tract 194.02, Miami-Dade County, Florida",60.7,6.4,80.1,1.3,3.4,8.3,29.2,64856,86350,26193,9.0,1.0,6.0,11.8,7.2,18.5,12.9,11.5,15.1,7.0,27.3,6.4,10.8,0.9,16.5,56.6,26.1,55.0,45.0,2148,15.1,70.0,1768,97.7,2.3,5885,32.3,30.9,6.6,64.5,3.9,19.8,5.5,62.9,1.2,2021
12086019501,"Census Tract 195.01, Miami-Dade County, Florida",62.3,7.0,73.4,0.0,0.0,7.3,34.3,99191,112060,36324,1.7,0.0,1.5,6.0,14.0,12.1,16.6,28.1,6.5,13.6,8.6,13.1,9.4,1.6,33.8,44.7,19.9,77.0,23.0,1752,18.0,44.4,1305,93.3,6.7,3895,41.2,24.9,11.2,70.8,3.1,16.4,4.1,77.2,6.0,2021
12086019502,"Census Tract 195.02, Miami-Dade County, Florida",60.6,0.8,87.8,0.0,0.0,5.2,36.5,81490,106682,33213,0.0,2.9,0.0,0.5,17.5,23.9,19.3,22.7,1.0,12.4,6.5,16.6,10.1,8.6,22.7,37.1,31.6,85.8,14.2,2313,45.7,54.3,1295,100.0,0.0,4331,40.9,15.9,12.9,51.4,5.4,29.6,2.2,81.5,3.0,2021
12086019600,"Census Tract 196, Miami-Dade County, Florida",67.5,3.7,82.8,3.8,0.0,7.4,42.7,103165,121083,35124,1.6,7.0,2.6,1.7,4.7,5.6,25.0,20.0,22.5,9.3,5.1,8.7,7.4,0.0,12.8,57.2,30.0,78.7,21.3,2502,8.9,81.7,1789,98.5,1.5,6505,33.8,27.7,7.3,49.3,6.7,22.6,6.4,77.6,4.3,2021
12086019700,"Census Tract 197, Miami-Dade County, Florida",55.5,1.7,84.2,0.0,0.0,6.7,41.6,81250,100744,30089,0.7,2.0,3.6,12.2,11.6,7.2,21.7,20.9,10.1,10.0,12.9,8.3,6.2,2.8,8.9,44.4,43.9,90.6,9.4,2875,0.0,91.5,1103,94.7,5.3,3683,41.1,24.3,15.0,65.0,13.9,16.0,1.9,68.4,4.7,2021
12086019801,"Census Tract 198.01, Miami-Dade County, Florida",65.7,9.6,77.3,0.0,0.0,9.6,39.0,99755,122420,33055,0.0,2.9,4.0,5.9,2.4,18.5,16.6,18.8,20.7,10.2,4.6,24.4,5.5,0.0,5.2,43.0,51.8,85.8,14.2,2409,0.0,52.1,1451,100.0,0.0,5668,38.0,23.6,15.6,70.5,4.4,17.2,0.2,82.7,1.8,2021
12086019802,"Census Tract 198.02, Miami-Dade County, Florida",64.6,1.4,75.9,2.3,0.0,8.8,49.8,125469,117079,35875,0.0,0.0,6.7,0.1,7.2,11.1,15.6,26.3,27.2,5.9,5.1,12.4,12.3,1.6,15.7,50.7,32.1,97.1,2.9,-666666666,0.0,0.0,1634,100.0,0.0,4783,41.9,22.0,22.7,60.4,1.7,15.4,3.3,85.4,3.2,2021
12086019901,"Census Tract 199.01, Miami-Dade County, Florida",54.1,9.1,82.0,0.9,1.6,6.5,48.4,57697,72005,22104,12.0,5.5,17.5,6.2,5.5,13.5,22.6,12.6,1.4,3.2,28.1,16.2,18.7,0.0,20.1,39.2,40.7,72.6,27.4,3057,0.0,89.8,1258,96.1,3.9,4265,32.0,25.7,13.4,58.2,6.8,21.4,7.0,59.5,2.7,2021
12086019902,"Census Tract 199.02, Miami-Dade County, Florida",60.9,2.1,74.0,0.0,0.0,6.3,45.1,68540,71346,22100,2.4,0.4,5.0,9.3,8.1,43.3,12.8,13.2,4.8,0.7,3.2,27.9,8.8,3.1,26.2,52.7,18.0,62.1,37.9,1913,4.9,49.3,2234,96.7,3.3,7334,35.3,26.9,14.7,61.6,9.0,23.6,1.6,86.1,2.5,2021
12086020001,"Census Tract 200.01, Miami-Dade County, Florida",53.3,6.3,73.9,0.0,0.0,2.5,42.8,62174,81372,24077,6.9,0.3,1.0,11.6,13.9,24.5,1.2,34.3,1.5,4.9,6.5,19.3,26.9,0.0,12.4,63.0,24.6,88.3,11.7,-666666666,0.0,0.0,597,100.0,0.0,2270,44.0,16.5,17.0,83.2,0.4,12.1,0.0,94.8,5.2,2021
12086020002,"Census Tract 200.02, Miami-Dade County, Florida",55.2,3.1,73.5,0.0,0.0,15.8,38.6,108750,110383,30001,5.2,0.4,2.2,7.1,14.4,8.7,8.7,35.7,6.7,10.9,16.3,11.5,9.8,4.8,7.4,43.8,44.0,81.4,18.6,2436,46.5,0.0,1433,100.0,0.0,5611,42.3,21.5,20.9,58.7,11.1,25.1,0.0,72.0,17.0,2021
12086020100,"Census Tract 201, Miami-Dade County, Florida",49.4,5.9,79.2,4.2,0.0,8.2,40.4,80197,95942,23985,1.2,3.1,5.0,11.5,10.5,16.7,16.9,15.6,9.5,9.9,16.2,22.8,8.8,1.6,24.9,40.2,33.3,80.2,19.8,2163,0.0,53.6,1123,100.0,0.0,4732,46.9,16.6,26.0,56.7,6.5,17.3,1.4,79.0,7.8,2021
12086020200,"Census Tract 202, Miami-Dade County, Florida",47.8,3.0,83.0,0.9,1.3,6.9,34.2,56496,64854,17853,2.5,6.1,18.2,2.6,14.9,18.6,21.1,10.3,4.7,1.1,19.2,34.6,18.8,4.2,38.6,32.7,24.5,48.2,51.8,1401,11.8,44.5,1368,96.9,3.1,5176,41.7,15.0,13.3,52.5,8.9,27.5,0.5,83.6,11.8,2021
12086020300,"Census Tract 203, Miami-Dade County, Florida",55.0,6.2,84.5,0.4,0.1,6.2,41.3,69875,71652,22683,6.1,1.9,8.6,6.5,10.6,19.2,24.8,15.5,4.5,2.3,12.3,31.3,18.8,3.5,18.2,43.6,34.7,79.7,20.3,1816,3.6,71.9,1022,98.7,1.3,3402,44.6,17.8,18.8,52.7,9.8,27.5,0.3,81.9,3.7,2021
12086490100,"Census Tract 4901, Miami-Dade County, Florida",71.3,1.6,89.2,2.5,2.4,2.4,28.0,63024,75720,27707,3.3,9.9,13.0,12.2,5.4,20.7,14.0,11.0,8.7,1.7,11.4,25.0,16.2,9.1,27.1,36.4,27.3,49.2,50.8,1198,0.0,42.6,531,97.2,2.8,1497,46.3,11.4,20.0,60.0,4.3,31.7,1.7,94.5,2.1,2021
12086980100,"Census Tract 9801, Miami-Dade County, Florida",-666666666.0,-666666666.0,-666666666.0,-666666666.0,-666666666.0,-666666666.0,-666666666.0,-666666666,-666666666,-666666666,-666666666.0,-666666666.0,-666666666.0,-666666666.0,-666666666.0,-666666666.0,-666666666.0,-666666666.0,-666666666.0,-666666666.0,-666666666.0,-666666666.0,-666666666.0,-666666666.0,-666666666.0,-666666666.0,-666666666.0,-666666666.0,-666666666.0,-666666666,-666666666.0,-666666666.0,0,-666666666.0,-666666666.0,0,-666666666.0,-666666666.0,-666666666.0,-666666666.0,-666666666.0,-666666666.0,-666666666.0,-666666666.0,-666666666.0,2021
12086980200,"Census Tract 9802, Miami-Dade County, Florida",-666666666.0,-666666666.0,-666666666.0,-666666666.0,-666666666.0,-666666666.0,-666666666.0,-666666666,-666666666,-666666666,-666666666.0,-666666666.0,-666666666.0,-666666666.0,-666666666.0,-666666666.0,-666666666.0,-666666666.0,-666666666.0,-666666666.0,-666666666.0,-666666666.0,-666666666.0,-666666666.0,-666666666.0,-666666666.0,-666666666.0,-666666666.0,-666666666.0,-666666666,-666666666.0,-666666666.0,0,-666666666.0,-666666666.0,0,-666666666.0,-666666666.0,-666666666.0,-666666666.0,-666666666.0,-666666666.0,-666666666.0,-666666666.0,-666666666.0,2021
12086980300,"Census Tract 9803, Miami-Dade County, Florida",24.0,26.3,34.5,9.5,27.8,24.5,15.2,-666666666,-999999999,3190,0.0,0.0,0.0,0.0,0.0,0.0,0.0,0.0,0.0,100.0,79.5,0.0,12.4,0.0,100.0,0.0,0.0,0.0,100.0,-666666666,0.0,0.0,12,33.3,66.7,4651,19.6,1.3,0.1,72.1,14.5,4.3,8.1,12.6,2.9,2021
12086980400,"Census Tract 9804, Miami-Dade County, Florida",-666666666.0,-666666666.0,-666666666.0,-666666666.0,-666666666.0,-666666666.0,-666666666.0,-666666666,-666666666,-666666666,-666666666.0,-666666666.0,-666666666.0,-666666666.0,-666666666.0,-666666666.0,-666666666.0,-666666666.0,-666666666.0,-666666666.0,-666666666.0,-666666666.0,-666666666.0,-666666666.0,-666666666.0,-666666666.0,-666666666.0,-666666666.0,-666666666.0,-666666666,-666666666.0,-666666666.0,0,-666666666.0,-666666666.0,0,-666666666.0,-666666666.0,-666666666.0,-666666666.0,-666666666.0,-666666666.0,-666666666.0,-666666666.0,-666666666.0,2021
12086980500,"Census Tract 9805, Miami-Dade County, Florida",69.2,4.3,91.1,0.0,0.0,8.9,26.9,57500,53733,24702,19.3,0.0,0.0,0.0,22.7,44.3,0.0,13.6,0.0,0.0,14.6,10.2,11.3,0.0,58.0,29.5,12.5,0.0,100.0,1853,8.0,54.5,112,78.6,21.4,213,25.7,10.8,8.0,23.0,3.3,59.6,0.0,73.2,15.5,2021
12086980600,"Census Tract 9806, Miami-Dade County, Florida",-666666666.0,-666666666.0,-666666666.0,-666666666.0,-666666666.0,-666666666.0,-666666666.0,-666666666,-666666666,-666666666,-666666666.0,-666666666.0,-666666666.0,-666666666.0,-666666666.0,-666666666.0,-666666666.0,-666666666.0,-666666666.0,-666666666.0,-666666666.0,-666666666.0,-666666666.0,-666666666.0,-666666666.0,-666666666.0,-666666666.0,-666666666.0,-666666666.0,-666666666,-666666666.0,-666666666.0,0,-666666666.0,-666666666.0,0,-666666666.0,-666666666.0,-666666666.0,-666666666.0,-666666666.0,-666666666.0,-666666666.0,-666666666.0,-666666666.0,2021
12086980700,"Census Tract 9807, Miami-Dade County, Florida",23.1,48.0,22.8,30.2,7.4,4.0,33.3,-666666666,18367,6052,51.9,9.9,0.0,14.8,23.5,0.0,0.0,0.0,0.0,0.0,78.3,87.7,18.7,61.7,14.8,23.5,0.0,0.0,100.0,-666666666,0.0,74.1,162,100.0,0.0,956,22.3,36.7,6.1,36.4,47.3,16.1,0.0,39.1,2.7,2021
12086980800,"Census Tract 9808, Miami-Dade County, Florida",-666666666.0,-666666666.0,-666666666.0,-666666666.0,-666666666.0,-666666666.0,-666666666.0,-666666666,-666666666,-666666666,-666666666.0,-666666666.0,-666666666.0,-666666666.0,-666666666.0,-666666666.0,-666666666.0,-666666666.0,-666666666.0,-666666666.0,-666666666.0,-666666666.0,-666666666.0,-666666666.0,-666666666.0,-666666666.0,-666666666.0,-666666666.0,-666666666.0,-666666666,-666666666.0,-666666666.0,0,-666666666.0,-666666666.0,0,-666666666.0,-666666666.0,-666666666.0,-666666666.0,-666666666.0,-666666666.0,-666666666.0,-666666666.0,-666666666.0,2021
12086980900,"Census Tract 9809, Miami-Dade County, Florida",-666666666.0,-666666666.0,-666666666.0,-666666666.0,-666666666.0,-666666666.0,-666666666.0,-666666666,-666666666,-666666666,-666666666.0,-666666666.0,-666666666.0,-666666666.0,-666666666.0,-666666666.0,-666666666.0,-666666666.0,-666666666.0,-666666666.0,-666666666.0,-666666666.0,-666666666.0,-666666666.0,-666666666.0,-666666666.0,-666666666.0,-666666666.0,-666666666.0,-666666666,-666666666.0,-666666666.0,0,-666666666.0,-666666666.0,0,-666666666.0,-666666666.0,-666666666.0,-666666666.0,-666666666.0,-666666666.0,-666666666.0,-666666666.0,-666666666.0,2021
12086981000,"Census Tract 9810, Miami-Dade County, Florida",-666666666.0,-666666666.0,-666666666.0,-666666666.0,-666666666.0,-666666666.0,-666666666.0,-666666666,-666666666,-666666666,-666666666.0,-666666666.0,-666666666.0,-666666666.0,-666666666.0,-666666666.0,-666666666.0,-666666666.0,-666666666.0,-666666666.0,-666666666.0,-666666666.0,-666666666.0,-666666666.0,-666666666.0,-666666666.0,-666666666.0,-666666666.0,-666666666.0,-666666666,-666666666.0,-666666666.0,0,-666666666.0,-666666666.0,0,-666666666.0,-666666666.0,-666666666.0,-666666666.0,-666666666.0,-666666666.0,-666666666.0,-666666666.0,-666666666.0,2021
12086981100,"Census Tract 9811, Miami-Dade County, Florida",50.0,0.0,52.6,0.0,0.0,0.0,-999999999.0,-666666666,-999999999,22445,0.0,0.0,0.0,0.0,100.0,0.0,0.0,0.0,0.0,0.0,0.0,47.4,47.4,52.6,47.4,0.0,0.0,0.0,100.0,-666666666,52.6,0.0,19,100.0,0.0,38,68.1,0.0,52.6,100.0,0.0,0.0,0.0,76.3,0.0,2021
12086981200,"Census Tract 9812, Miami-Dade County, Florida",-666666666.0,-666666666.0,-666666666.0,-666666666.0,-666666666.0,-666666666.0,-666666666.0,-666666666,-666666666,-666666666,-666666666.0,-666666666.0,-666666666.0,-666666666.0,-666666666.0,-666666666.0,-666666666.0,-666666666.0,-666666666.0,-666666666.0,-666666666.0,-666666666.0,-666666666.0,-666666666.0,-666666666.0,-666666666.0,-666666666.0,-666666666.0,-666666666.0,-666666666,-666666666.0,-666666666.0,0,-666666666.0,-666666666.0,0,-666666666.0,-666666666.0,-666666666.0,-666666666.0,-666666666.0,-666666666.0,-666666666.0,-666666666.0,-666666666.0,2021
12086981300,"Census Tract 9813, Miami-Dade County, Florida",8.0,0.0,0.0,25.9,51.8,22.4,22.0,-666666666,-999999999,3266,0.0,0.0,0.0,0.0,0.0,100.0,0.0,0.0,0.0,0.0,24.6,0.0,61.5,0.0,100.0,0.0,0.0,100.0,0.0,-666666666,-666666666.0,-666666666.0,42,100.0,0.0,2174,45.8,2.7,10.9,47.0,42.0,10.9,0.2,41.0,3.9,2021
12086990000,"Census Tract 9900, Miami-Dade County, Florida",-666666666.0,-666666666.0,-666666666.0,-666666666.0,-666666666.0,-666666666.0,-666666666.0,-666666666,-666666666,-666666666,-666666666.0,-666666666.0,-666666666.0,-666666666.0,-666666666.0,-666666666.0,-666666666.0,-666666666.0,-666666666.0,-666666666.0,-666666666.0,-666666666.0,-666666666.0,-666666666.0,-666666666.0,-666666666.0,-666666666.0,-666666666.0,-666666666.0,-666666666,-666666666.0,-666666666.0,0,-666666666.0,-666666666.0,0,-666666666.0,-666666666.0,-666666666.0,-666666666.0,-666666666.0,-666666666.0,-666666666.0,-666666666.0,-666666666.0,2021
