GEOID,NAME,employment_rate_pct,unemployment_rate_pct,commute_drove_alone_pct,commute_public_transit_pct,commute_walked_pct,commute_wfh_pct,mean_commute_time_min,median_household_income,mean_household_income,per_capita_income,hh_income_under_10k_pct,hh_income_10k_15k_pct,hh_income_15k_25k_pct,hh_income_25k_35k_pct,hh_income_35k_50k_pct,hh_income_50k_75k_pct,hh_income_75k_100k_pct,hh_income_100k_150k_pct,hh_income_150k_200k_pct,hh_income_200k_plus_pct,poverty_rate_pct,snap_benefits_pct,no_health_insurance_pct,hh_no_vehicle_pct,hh_1_vehicle_pct,hh_2_vehicles_pct,hh_3plus_vehicles_pct,owner_occupied_pct,renter_occupied_pct,median_gross_rent,rent_burden_30pct_plus,rent_burden_50pct_plus,total_housing_units,occupied_units_pct,vacant_units_pct,total_population,median_age,under_18_pct,age_65_plus_pct,hispanic_latino_pct,white_alone_nh_pct,black_alone_nh_pct,asian_alone_or_combo_pct,white_alone_pct,black_alone_pct,two_or_more_races_pct,foreign_born_pct,majority_group,income_quintile,race_majority,poverty_high,novehicle_high,income_low,transit_dependent_vulnerable
12086000107,Census Tract 1.07; Miami-Dade County; Florida,60.1,3.8,61.6,3.3,0.0,25.7,26.7,53281.0,114816.0,54784.0,13.3,3.6,14.8,11.4,5.4,12.5,8.3,10.6,5.9,14.2,16.9,5.6,13.4,18.9,48.5,23.9,8.6,37.1,62.9,2094.0,6.6,67.9,2509,55.8,44.2,2950.0,48.3,16.7,23.4,37.8,52.4,1.6,4.7,66.3,1.6,22.7,0.0,Majority White,Q2,White-Majority,False,True,False,False
12086000109,Census Tract 1.09; Miami-Dade County; Florida,65.5,1.3,65.3,9.0,2.7,11.0,28.0,59577.0,76117.0,31513.0,0.8,11.4,9.3,4.5,10.3,23.0,15.4,14.8,4.5,6.1,17.8,22.7,22.9,7.0,51.8,35.9,5.3,22.2,77.8,1712.0,14.5,51.8,1788,82.6,17.4,3715.0,32.3,19.6,9.9,56.3,26.2,11.3,4.3,44.7,11.3,30.3,0.0,Mixed,Q2,Mixed,False,False,False,False
12086000115,Census Tract 1.15; Miami-Dade County; Florida,52.8,8.7,63.9,1.0,0.6,14.2,29.1,104427.0,220216.0,94396.0,0.8,4.9,3.5,6.5,13.4,13.0,4.1,17.1,4.8,31.9,6.2,5.3,8.5,10.5,45.2,25.4,19.0,67.2,32.8,2139.0,0.0,52.5,2351,32.0,68.0,1821.0,45.3,17.4,21.7,41.8,52.4,1.5,0.6,76.7,1.5,20.2,0.1,Majority White,Q5 (Highest),White-Majority,False,False,False,False
12086000118,Census Tract 1.18; Miami-Dade County; Florida,43.3,4.6,47.3,6.2,4.1,34.4,33.6,103309.0,205299.0,89072.0,7.1,4.0,0.0,7.8,2.9,20.4,6.4,15.4,6.7,29.2,5.5,0.0,17.6,14.5,58.2,22.3,5.0,80.0,20.0,2750.0,0.0,46.8,1757,24.0,76.0,998.0,56.4,8.3,37.0,28.0,62.8,1.7,1.6,66.6,1.7,25.6,1.5,Majority White,Q5 (Highest),White-Majority,False,True,False,False
12086000120,Census Tract 1.20; Miami-Dade County; Florida,57.3,8.5,59.8,0.8,1.0,28.5,31.3,73667.0,122848.0,59310.0,4.2,1.1,4.8,10.9,11.8,19.4,15.4,16.4,3.4,12.7,11.7,4.2,12.3,9.6,45.6,33.9,11.0,74.2,25.8,1748.0,5.8,62.4,2101,91.4,8.6,4024.0,43.3,15.3,16.2,46.4,42.3,5.8,2.8,62.6,6.0,22.4,0.3,Mixed,Q3,Mixed,False,False,False,False
12086000121,Census Tract 1.21; Miami-Dade County; Florida,45.9,3.2,57.5,0.0,1.6,25.9,27.4,84977.0,127274.0,59956.0,9.3,4.5,4.5,9.7,2.1,10.5,20.3,13.4,6.4,19.4,13.1,1.7,7.9,1.9,63.1,30.9,4.1,67.8,32.2,2242.0,2.9,65.9,1546,56.6,43.4,1856.0,51.2,20.0,37.2,42.2,46.7,3.7,5.2,60.0,3.7,29.7,0.0,Mixed,Q4,Mixed,False,False,False,False
12086000122,Census Tract 1.22; Miami-Dade County; Florida,59.8,1.1,57.3,0.7,0.0,27.5,31.5,99469.0,155590.0,75879.0,0.7,0.0,3.7,2.3,8.8,21.0,14.7,10.4,18.0,20.2,1.7,4.6,2.2,7.0,51.8,31.8,9.4,74.1,25.9,2281.0,0.0,55.8,2936,61.0,39.0,3737.0,54.1,13.1,31.3,52.0,44.5,1.0,2.8,70.9,1.0,22.7,0.0,Mixed,Q5 (Highest),Mixed,False,False,False,False
12086000123,Census Tract 1.23; Miami-Dade County; Florida,44.0,3.0,53.6,3.6,5.7,30.0,25.0,64348.0,133848.0,63744.0,14.5,4.1,3.2,7.4,11.8,12.5,11.5,9.7,11.3,13.9,14.7,3.3,7.3,3.7,61.1,29.7,5.6,70.0,30.0,1683.0,22.1,50.8,4012,47.8,52.2,4050.0,51.3,16.8,30.8,39.3,56.7,0.0,0.9,65.3,1.4,30.6,1.2,Majority White,Q3,White-Majority,False,False,False,False
12086000124,Census Tract 1.24; Miami-Dade County; Florida,54.6,7.0,73.0,7.3,6.7,6.3,31.4,48929.0,56730.0,23883.0,3.8,4.3,16.8,14.3,11.8,27.4,15.9,2.9,1.6,1.2,11.8,38.8,24.1,12.5,66.9,17.1,3.4,32.1,67.9,1482.0,11.3,53.4,1378,89.1,10.9,3188.0,39.0,17.5,15.0,40.4,14.1,41.9,0.4,33.2,41.9,17.4,0.4,Mixed,Q2,Mixed,False,True,True,False
12086000125,Census Tract 1.25; Miami-Dade County; Florida,54.1,6.2,62.4,3.5,5.7,14.3,39.5,53281.0,69904.0,29510.0,18.3,1.9,5.2,4.6,14.5,22.4,10.7,11.6,6.8,3.9,12.7,4.9,13.3,11.1,58.9,27.9,2.1,52.2,47.8,2528.0,3.7,67.7,2873,65.2,34.8,4491.0,44.2,23.1,22.9,41.0,50.0,0.8,4.7,71.7,0.8,25.4,0.0,Mixed,Q2,Mixed,False,False,False,False
12086000126,Census Tract 1.26; Miami-Dade County; Florida,43.1,1.7,68.6,7.7,4.6,13.4,25.5,36287.0,100976.0,58655.0,17.6,8.0,17.3,5.5,18.7,16.9,4.8,3.6,0.0,7.7,23.8,12.6,1.7,15.6,67.3,13.1,3.9,51.4,48.6,1447.0,7.1,61.8,1940,53.8,46.2,1804.0,62.6,5.9,47.3,56.6,38.5,1.2,4.7,65.7,1.2,27.9,0.0,Mixed,Q1 (Lowest),Mixed,True,True,True,True
12086000127,Census Tract 1.27; Miami-Dade County; Florida,62.4,2.0,58.1,3.5,0.5,17.5,33.6,49805.0,91240.0,43488.0,6.0,6.8,17.2,4.1,16.2,14.4,4.6,8.3,10.9,11.5,18.0,8.6,17.0,7.6,60.5,28.3,3.5,76.2,23.8,1710.0,13.2,42.0,1905,80.7,19.3,3275.0,49.5,19.0,24.1,44.3,49.1,2.4,1.6,62.1,2.4,30.0,1.2,Mixed,Q2,Mixed,False,False,True,False
12086000128,Census Tract 1.28; Miami-Dade County; Florida,74.0,3.1,50.5,5.0,0.5,24.0,36.1,80551.0,117938.0,55549.0,4.2,2.1,1.8,5.3,7.3,27.9,11.0,23.1,4.9,12.3,8.7,3.0,9.0,6.6,56.8,31.9,4.7,54.5,45.5,2104.0,18.1,46.8,2702,71.0,29.0,4046.0,47.0,17.1,12.6,55.0,21.9,17.3,7.9,51.6,19.3,23.0,1.5,Mixed,Q4,Mixed,False,False,False,False
12086000129,Census Tract 1.29; Miami-Dade County; Florida,43.8,4.5,67.8,0.0,0.0,24.9,37.1,155764.0,236646.0,121556.0,1.0,0.7,4.1,3.3,12.0,9.0,7.6,10.8,18.4,33.2,2.1,1.8,3.5,5.9,49.2,38.0,6.8,82.9,17.1,3501.0,0.0,75.2,2033,48.2,51.8,2006.0,65.9,9.4,52.2,26.6,65.5,0.0,1.3,69.8,0.0,19.3,5.7,Majority White,Q5 (Highest),White-Majority,False,False,False,False
12086000130,Census Tract 1.30; Miami-Dade County; Florida,48.4,2.1,72.1,0.0,1.2,21.2,33.6,91818.0,206102.0,98760.0,3.4,8.9,9.1,3.8,14.6,3.9,11.9,11.7,4.7,27.9,9.8,3.6,4.5,3.7,58.1,36.5,1.7,73.3,26.7,2669.0,13.4,46.6,2972,51.3,48.7,3221.0,57.6,12.6,36.0,50.7,45.6,0.0,2.3,68.2,0.0,29.1,0.0,Mixed,Q4,Mixed,False,False,False,False
12086000131,Census Tract 1.31; Miami-Dade County; Florida,58.3,4.3,64.8,1.0,0.8,29.8,28.1,80814.0,136740.0,60492.0,6.8,0.7,8.0,6.8,6.4,17.7,13.4,10.9,8.5,20.7,13.4,2.7,6.1,2.6,60.3,28.5,8.6,59.3,40.7,2568.0,5.4,61.6,3015,66.4,33.6,4604.0,43.5,23.5,20.4,35.1,57.7,1.2,0.1,77.5,1.2,16.1,1.5,Majority White,Q4,White-Majority,False,False,False,False
12086000132,Census Tract 1.32; Miami-Dade County; Florida,46.0,3.9,67.1,0.0,4.3,15.2,41.3,48553.0,72004.0,36573.0,11.1,5.6,13.5,9.1,11.0,13.8,10.9,10.4,9.5,5.1,17.5,10.3,14.2,14.5,58.9,20.2,6.4,66.3,33.7,2191.0,11.7,52.6,3593,79.2,20.8,5538.0,52.7,12.5,31.7,51.6,40.9,2.8,2.4,62.0,2.8,27.6,0.8,Mixed,Q2,Mixed,False,True,True,False
12086000134,Census Tract 1.34; Miami-Dade County; Florida,53.7,1.6,68.9,6.7,3.1,18.4,26.1,47528.0,67701.0,31837.0,4.4,2.9,21.5,11.9,12.5,9.0,17.7,13.4,3.2,3.5,19.5,14.4,24.9,12.7,56.7,23.4,7.2,58.3,41.7,1705.0,13.1,63.8,1931,70.3,29.7,2952.0,49.6,16.2,22.4,45.7,40.9,9.4,2.5,55.7,9.4,25.9,1.1,Mixed,Q1 (Lowest),Mixed,False,True,True,False
12086000140,Census Tract 1.40; Miami-Dade County; Florida,75.0,6.7,74.6,0.9,4.8,14.8,40.8,78140.0,92182.0,42115.0,6.1,5.9,3.7,5.4,12.7,13.6,14.7,20.5,10.5,7.0,12.0,9.8,7.3,3.8,73.7,21.7,0.8,23.1,76.9,1868.0,9.7,47.2,2010,77.0,23.0,3404.0,36.5,19.6,5.4,66.0,24.7,1.7,6.6,42.4,1.7,43.8,0.3,Majority Hispanic,Q4,Hispanic-Majority,False,False,False,False
12086000141,Census Tract 1.41; Miami-Dade County; Florida,70.2,2.9,56.9,3.4,3.4,34.0,28.6,93750.0,148392.0,62687.0,4.0,0.0,4.1,2.3,17.8,11.1,11.8,17.0,8.6,23.4,13.4,9.8,11.5,3.8,44.2,47.1,4.9,28.7,71.3,2694.0,16.6,45.0,1315,66.6,33.4,2105.0,35.7,27.1,6.0,43.7,51.5,0.0,0.6,66.7,0.0,26.2,0.0,Majority White,Q4,White-Majority,False,False,False,False
12086000142,Census Tract 1.42; Miami-Dade County; Florida,47.1,3.9,52.6,7.5,0.9,19.3,33.8,84196.0,122000.0,52413.0,7.5,1.7,3.3,7.3,7.4,21.1,12.6,16.7,9.6,12.8,11.6,3.3,8.7,9.7,48.3,39.1,2.9,65.0,35.0,3105.0,0.0,78.1,3984,53.9,46.1,5020.0,50.2,16.3,28.0,44.3,45.0,0.0,5.3,61.6,0.0,30.5,0.4,Mixed,Q4,Mixed,False,False,False,False
12086000143,Census Tract 1.43; Miami-Dade County; Florida,54.6,2.5,57.7,2.2,1.5,25.6,28.9,52105.0,97637.0,54366.0,12.6,10.1,9.6,5.3,11.3,15.3,5.9,11.5,8.0,10.2,16.8,0.8,1.3,15.3,47.2,34.4,3.2,57.9,42.1,2169.0,1.8,57.1,2143,74.0,26.0,2831.0,54.7,12.2,28.4,62.6,35.6,0.3,0.6,61.2,0.3,36.5,0.0,Majority Hispanic,Q2,Hispanic-Majority,False,True,False,False
12086000144,Census Tract 1.44; Miami-Dade County; Florida,62.7,3.7,59.6,0.0,0.0,21.2,29.3,70066.0,94942.0,41868.0,7.7,0.0,15.8,12.8,0.0,17.3,10.7,16.9,5.1,13.9,8.3,3.6,2.9,3.2,62.5,34.3,0.0,42.0,58.0,3101.0,8.5,57.4,845,63.1,36.9,1222.0,41.5,30.7,11.9,64.5,25.8,2.1,4.7,61.0,2.1,25.5,1.1,Majority Hispanic,Q3,Hispanic-Majority,False,False,False,False
12086000145,Census Tract 1.45; Miami-Dade County; Florida,70.2,1.8,46.0,0.0,0.0,40.3,24.7,163027.0,185812.0,55685.0,5.3,2.4,2.5,0.0,0.0,6.8,15.3,12.0,28.3,27.5,8.5,2.9,11.7,1.7,17.6,67.3,13.3,91.9,8.1,1176.0,8.3,20.8,1024,86.3,13.7,2897.0,36.9,33.1,5.4,57.4,41.2,0.0,0.0,62.6,0.0,37.1,0.2,Mixed,Q5 (Highest),Mixed,False,False,False,False
12086000146,Census Tract 1.46; Miami-Dade County; Florida,52.4,10.9,65.9,0.0,3.6,27.9,30.5,101546.0,141540.0,54422.0,3.1,2.5,2.6,2.6,16.0,7.9,11.8,20.6,9.3,23.6,8.4,0.5,0.7,1.3,50.7,33.6,14.5,66.8,33.2,2740.0,3.8,62.9,2649,65.7,34.3,4604.0,47.1,26.4,31.8,27.7,60.7,0.0,0.9,67.6,0.0,30.5,0.0,Majority White,Q5 (Highest),White-Majority,False,False,False,False
12086000204,Census Tract 2.04; Miami-Dade County; Florida,68.1,0.0,77.9,4.7,0.0,6.6,34.1,55859.0,83348.0,27470.0,6.3,8.9,6.9,10.7,13.9,17.8,17.2,5.9,5.3,7.1,23.4,22.7,10.4,5.5,22.7,42.4,29.4,75.4,24.6,1606.0,0.0,65.0,1279,93.0,7.0,3776.0,41.9,22.4,21.1,23.1,14.6,51.5,4.3,25.2,51.5,15.5,1.3,Majority Black,Q2,Black-Majority,True,False,False,False
12086000206,Census Tract 2.06; Miami-Dade County; Florida,59.3,1.8,59.4,5.7,0.6,11.6,31.4,50000.0,57796.0,18021.0,4.7,4.9,14.5,11.9,13.9,25.1,10.9,8.1,5.3,0.7,19.4,30.9,14.8,14.5,37.4,37.5,10.6,54.0,46.0,1528.0,9.5,72.4,2108,93.1,6.9,6653.0,36.1,30.2,15.3,24.5,1.8,70.0,3.3,6.1,71.2,15.3,0.0,Majority Black,Q2,Black-Majority,False,True,True,False
12086000211,Census Tract 2.11; Miami-Dade County; Florida,58.4,5.5,73.0,7.3,0.0,8.7,37.0,58792.0,77220.0,28694.0,3.1,2.8,10.1,12.8,15.5,11.8,15.9,18.7,6.0,3.4,17.1,17.4,16.8,10.0,32.3,31.6,26.1,56.9,43.1,2082.0,4.5,77.8,1121,84.1,15.9,2679.0,43.5,15.3,13.5,62.8,21.1,12.9,1.1,41.1,12.9,37.7,1.8,Majority Hispanic,Q2,Hispanic-Majority,False,False,False,False
12086000212,Census Tract 2.12; Miami-Dade County; Florida,60.1,9.4,81.2,4.7,0.0,5.5,31.1,44120.0,51761.0,21229.0,5.7,4.5,15.1,16.4,16.6,29.0,6.4,4.0,1.7,0.6,14.8,31.6,30.0,15.0,52.0,23.6,9.4,14.9,85.1,1347.0,3.7,55.5,2232,86.7,13.3,5019.0,39.0,23.2,11.6,46.5,8.3,40.4,0.7,32.7,41.0,18.1,3.1,Mixed,Q1 (Lowest),Mixed,False,True,True,False
12086000213,Census Tract 2.13; Miami-Dade County; Florida,58.7,9.7,63.1,4.4,1.1,8.5,28.3,86750.0,95351.0,28259.0,1.9,5.4,1.0,9.0,14.6,16.8,14.2,25.3,2.4,9.3,4.1,27.8,14.1,7.2,50.5,24.8,17.4,50.2,49.8,1728.0,11.2,48.1,1804,91.9,8.1,5677.0,31.7,30.9,15.0,16.9,20.0,52.4,8.6,23.4,53.8,14.7,0.5,Majority Black,Q4,Black-Majority,False,False,False,False
12086000215,Census Tract 2.15; Miami-Dade County; Florida,55.2,14.2,72.1,6.2,1.6,6.2,31.2,55492.0,114172.0,35116.0,5.9,3.9,18.9,6.6,12.8,16.6,13.5,11.4,7.7,2.8,18.5,17.2,16.0,10.4,42.6,24.2,22.8,43.1,56.9,1648.0,8.1,73.4,1756,96.0,4.0,5680.0,35.8,28.1,12.6,9.7,0.6,85.5,3.4,4.9,89.1,3.2,0.0,Majority Black,Q2,Black-Majority,False,False,False,False
12086000216,Census Tract 2.16; Miami-Dade County; Florida,65.4,2.9,80.6,9.5,0.0,1.5,32.9,72777.0,89307.0,25844.0,0.7,1.5,4.0,14.1,10.9,28.0,4.2,22.2,8.8,5.6,6.9,17.8,14.3,12.7,28.3,40.6,18.4,70.2,29.8,1740.0,9.8,69.6,1357,93.5,6.5,4754.0,38.6,19.2,19.9,13.4,3.8,80.4,1.2,6.3,82.4,9.0,0.4,Majority Black,Q3,Black-Majority,False,True,False,False
12086000218,Census Tract 2.18; Miami-Dade County; Florida,62.5,4.8,80.8,8.2,3.8,2.1,30.6,54432.0,60534.0,22155.0,5.5,5.9,13.5,9.5,12.4,21.7,17.3,10.6,2.5,1.1,22.3,38.4,27.1,9.0,48.1,30.3,12.7,68.1,31.9,1346.0,8.7,61.3,1031,94.9,5.1,2934.0,42.8,19.1,20.7,26.4,3.6,68.7,0.9,10.3,68.7,16.1,1.3,Majority Black,Q2,Black-Majority,True,False,False,False
12086000219,Census Tract 2.19; Miami-Dade County; Florida,67.5,2.2,57.7,7.7,0.5,9.5,31.2,47409.0,58949.0,20555.0,8.5,7.1,4.3,21.3,9.1,25.0,13.1,6.6,3.0,2.2,15.3,28.3,26.5,11.7,51.1,32.0,5.2,16.4,83.6,1394.0,5.3,58.4,1742,87.5,12.5,4614.0,32.7,26.1,11.8,42.2,9.0,46.2,0.6,16.3,48.4,30.9,0.7,Mixed,Q1 (Lowest),Mixed,False,False,True,False
12086000220,Census Tract 2.20; Miami-Dade County; Florida,60.8,5.0,85.4,3.2,0.9,6.1,33.6,43719.0,54113.0,17171.0,5.4,9.9,12.4,4.5,24.3,24.5,7.3,8.6,1.8,1.4,26.5,35.4,21.5,6.4,56.0,23.0,14.5,31.6,68.4,1519.0,1.3,90.1,1802,94.1,5.9,5659.0,31.4,32.9,10.1,23.2,5.9,70.9,0.0,10.6,73.4,10.4,0.0,Majority Black,Q1 (Lowest),Black-Majority,True,False,True,False
12086000221,Census Tract 2.21; Miami-Dade County; Florida,61.8,10.9,62.9,9.2,1.8,1.7,24.6,78563.0,74638.0,27216.0,8.7,0.0,1.8,5.0,11.1,18.5,27.8,21.7,3.7,1.8,17.2,26.4,23.8,0.0,51.3,33.6,15.1,51.4,48.6,1768.0,12.2,56.6,710,87.6,12.4,1796.0,41.2,20.9,18.2,74.1,19.9,5.6,0.1,53.5,6.5,34.1,0.0,Majority Hispanic,Q4,Hispanic-Majority,False,False,False,False
12086000222,Census Tract 2.22; Miami-Dade County; Florida,74.0,2.5,67.9,4.3,1.5,2.1,32.3,60750.0,74632.0,28437.0,6.4,4.2,7.0,8.6,10.7,26.3,9.1,17.5,4.4,5.9,13.4,22.9,10.5,6.2,36.2,40.3,17.3,72.2,27.8,1431.0,37.8,49.5,1506,91.6,8.4,3892.0,42.2,17.1,18.9,51.2,16.6,25.4,5.1,32.8,36.6,18.1,1.4,Mixed,Q2,Mixed,False,False,False,False
12086000223,Census Tract 2.23; Miami-Dade County; Florida,59.7,2.2,74.2,10.5,0.0,7.5,31.8,42215.0,57731.0,20853.0,2.1,1.6,0.0,29.2,26.5,14.4,17.8,4.9,2.5,1.0,16.4,15.6,26.6,5.4,42.9,33.9,17.9,40.4,59.6,1661.0,0.0,94.1,1100,93.2,6.8,3091.0,41.2,22.2,13.6,36.4,5.6,55.6,0.0,23.4,56.6,13.7,2.4,Majority Black,Q1 (Lowest),Black-Majority,False,False,True,False
12086000224,Census Tract 2.24; Miami-Dade County; Florida,72.5,2.3,75.8,3.9,0.0,7.0,30.3,37225.0,55225.0,25216.0,15.8,0.6,18.7,7.6,14.1,14.8,7.9,15.5,3.4,1.6,20.7,18.2,16.1,20.9,41.6,27.8,9.7,9.9,90.1,1479.0,2.3,63.1,1880,98.0,2.0,4353.0,35.2,23.3,6.6,25.8,6.4,63.1,0.8,13.1,63.1,16.6,0.2,Majority Black,Q1 (Lowest),Black-Majority,True,True,True,True
12086000225,Census Tract 2.25; Miami-Dade County; Florida,67.5,1.3,73.5,4.1,1.6,2.3,27.9,52740.0,59678.0,30375.0,3.1,9.0,9.9,12.2,15.2,19.1,21.5,6.7,0.0,3.3,13.2,27.0,23.5,6.1,70.6,21.9,1.5,18.7,81.3,1490.0,1.0,59.3,2123,90.3,9.7,3795.0,37.4,18.1,12.3,72.9,7.8,11.1,5.2,25.5,13.7,42.3,0.8,Majority Hispanic,Q2,Hispanic-Majority,False,False,False,False
12086000226,Census Tract 2.26; Miami-Dade County; Florida,40.9,8.2,56.2,0.0,2.8,14.1,18.5,55762.0,96887.0,35165.0,9.3,12.8,11.6,8.4,5.0,9.7,13.3,16.5,6.1,7.3,15.8,18.1,6.8,18.9,48.9,28.6,3.6,91.7,8.3,2644.0,0.0,84.4,1061,73.8,26.2,2213.0,40.0,31.9,26.1,13.5,77.9,5.3,2.2,79.5,5.3,6.5,0.0,Majority White,Q2,White-Majority,False,True,False,False
12086000227,Census Tract 2.27; Miami-Dade County; Florida,60.9,1.4,74.5,6.3,0.9,8.0,34.0,53452.0,79329.0,26961.0,8.4,1.9,17.9,7.7,12.2,10.0,8.2,11.9,11.4,10.4,15.7,37.1,17.9,21.2,31.3,26.8,20.7,53.0,47.0,1342.0,9.7,55.4,876,97.5,2.5,2895.0,42.0,16.7,13.9,26.0,0.9,64.8,2.1,6.5,65.1,25.1,0.0,Majority Black,Q2,Black-Majority,False,True,False,False
12086000228,Census Tract 2.28; Miami-Dade County; Florida,63.2,2.4,75.0,5.1,0.7,1.0,31.3,48500.0,63412.0,22982.0,11.3,1.5,7.7,12.0,21.1,13.7,16.2,13.2,1.3,1.9,19.4,19.4,22.1,4.1,51.7,28.8,15.5,31.0,69.0,1523.0,7.9,68.6,1133,95.7,4.3,3014.0,38.9,19.6,14.9,22.2,3.6,73.2,0.2,5.5,73.4,17.9,0.0,Majority Black,Q2,Black-Majority,False,False,True,False
12086000302,Census Tract 3.02; Miami-Dade County; Florida,67.0,8.5,73.8,4.6,1.4,3.4,26.2,78300.0,86969.0,26988.0,5.7,2.8,3.6,10.5,7.0,19.3,17.5,17.8,11.3,4.7,8.5,14.1,19.6,4.9,21.5,46.4,27.2,84.8,15.2,2608.0,0.0,96.8,729,84.8,15.2,2047.0,35.0,19.6,15.6,38.9,13.0,42.0,2.0,26.0,42.0,19.2,3.2,Mixed,Q4,Mixed,False,False,False,False
12086000306,Census Tract 3.06; Miami-Dade County; Florida,60.4,7.9,63.5,15.3,5.1,2.0,35.5,45451.0,70425.0,28003.0,5.3,3.8,11.9,13.1,20.4,13.3,10.5,13.7,1.5,6.5,26.9,25.5,23.9,17.6,47.1,17.6,17.8,26.6,73.4,1396.0,6.9,59.7,1988,88.2,11.8,4585.0,38.3,21.2,16.7,24.3,6.2,65.3,1.5,13.1,65.8,16.7,0.4,Majority Black,Q1 (Lowest),Black-Majority,True,True,True,True
12086000307,Census Tract 3.07; Miami-Dade County; Florida,49.2,2.6,76.5,1.8,0.0,11.1,32.3,46415.0,64496.0,19327.0,1.7,8.6,5.0,11.8,26.9,17.4,12.7,8.8,4.4,2.7,18.3,40.9,22.3,7.2,32.5,42.8,17.5,78.9,21.1,1782.0,0.0,82.8,1207,95.6,4.4,4033.0,37.0,24.7,15.7,29.9,3.7,61.5,0.8,14.8,61.9,13.0,1.8,Majority Black,Q1 (Lowest),Black-Majority,False,False,True,False
12086000308,Census Tract 3.08; Miami-Dade County; Florida,62.9,8.6,72.0,2.3,1.1,12.6,28.2,81250.0,122119.0,34865.0,2.5,4.4,0.8,3.2,11.4,25.4,13.5,23.5,7.1,8.2,6.6,22.7,16.4,4.5,21.5,44.8,29.2,87.2,12.8,2038.0,0.0,48.5,1356,93.1,6.9,4717.0,39.1,21.3,14.7,26.1,6.5,59.9,1.9,17.0,60.0,17.2,0.0,Majority Black,Q4,Black-Majority,False,False,False,False
12086000309,Census Tract 3.09; Miami-Dade County; Florida,52.5,8.0,79.3,15.9,0.4,1.1,28.3,52044.0,65930.0,20111.0,0.0,3.6,5.7,12.6,20.4,26.5,11.6,10.5,9.2,0.0,9.3,22.9,37.0,9.4,42.3,38.5,9.7,22.5,77.5,1485.0,6.3,54.6,1252,90.2,9.8,3988.0,41.0,20.7,24.8,20.3,3.8,75.6,0.2,18.7,75.8,2.7,0.0,Majority Black,Q2,Black-Majority,False,False,False,False
12086000310,Census Tract 3.10; Miami-Dade County; Florida,47.4,7.6,71.4,0.0,0.0,12.0,28.0,49836.0,70370.0,28514.0,8.6,3.7,19.2,8.5,10.3,17.1,7.8,6.3,15.7,2.9,30.9,42.4,9.7,15.5,34.9,43.1,6.4,61.2,38.8,1641.0,0.0,87.3,1352,94.5,5.5,3590.0,40.4,24.4,18.5,32.7,4.6,54.1,6.2,5.7,54.1,31.6,2.1,Majority Black,Q2,Black-Majority,True,True,True,True
12086000311,Census Tract 3.11; Miami-Dade County; Florida,51.1,1.7,86.5,0.0,0.0,6.6,36.7,37334.0,57184.0,17386.0,15.2,3.4,0.9,11.7,27.3,6.8,24.3,5.1,2.5,2.8,28.0,43.8,18.0,4.3,42.4,20.6,32.6,68.8,31.2,1409.0,0.0,100.0,1323,95.7,4.3,4256.0,40.4,26.1,14.8,19.4,4.9,71.3,0.0,15.4,71.3,3.2,3.8,Majority Black,Q1 (Lowest),Black-Majority,True,False,True,False
12086000312,Census Tract 3.12; Miami-Dade County; Florida,48.6,18.1,72.9,4.4,1.9,11.5,31.4,34922.0,54308.0,22748.0,7.6,3.3,11.2,27.9,19.6,9.4,5.6,12.1,1.0,2.3,23.6,17.5,25.5,16.3,42.1,27.9,13.6,31.9,68.1,1407.0,0.0,82.0,1412,87.2,12.8,3156.0,38.1,26.8,18.4,18.3,8.9,71.0,1.0,13.0,71.0,11.8,0.0,Majority Black,Q1 (Lowest),Black-Majority,True,True,True,True
12086000402,Census Tract 4.02; Miami-Dade County; Florida,47.8,8.6,67.2,4.0,0.0,7.2,28.9,41875.0,56451.0,18253.0,9.4,7.8,12.6,13.1,10.9,15.0,8.7,19.7,2.8,0.0,21.1,25.6,31.6,5.1,37.2,36.8,20.9,60.8,39.2,2051.0,0.0,70.8,1338,94.9,5.1,4243.0,38.6,21.6,15.7,34.1,3.1,61.1,0.0,12.6,61.4,25.0,1.0,Majority Black,Q1 (Lowest),Black-Majority,True,False,True,False
12086000405,Census Tract 4.05; Miami-Dade County; Florida,55.3,3.7,72.1,6.5,0.0,5.5,31.6,58403.0,95386.0,26767.0,3.3,1.4,17.3,16.9,3.5,24.6,11.9,12.3,4.1,4.7,28.1,17.7,22.4,8.4,31.1,45.3,15.1,85.5,14.5,1612.0,16.6,55.8,1139,98.9,1.1,4022.0,40.2,25.2,12.6,37.4,0.6,61.6,0.0,7.3,61.7,24.1,0.0,Majority Black,Q2,Black-Majority,True,False,False,False
12086000408,Census Tract 4.08; Miami-Dade County; Florida,50.3,8.4,78.5,5.1,0.7,3.5,35.6,42744.0,56130.0,19103.0,3.3,12.6,15.5,12.0,10.6,17.6,15.3,9.7,1.1,2.2,26.9,52.6,28.8,20.9,40.0,27.6,11.6,37.5,62.5,1216.0,10.6,52.2,1973,93.8,6.2,5949.0,39.9,20.4,17.1,41.1,1.9,56.9,0.0,5.8,58.8,14.1,0.0,Majority Black,Q1 (Lowest),Black-Majority,True,True,True,True
12086000409,Census Tract 4.09; Miami-Dade County; Florida,60.0,5.7,71.7,8.8,0.0,0.0,39.7,59426.0,64414.0,18478.0,2.4,3.2,10.4,16.9,10.5,17.4,29.3,3.1,5.4,1.3,20.5,39.9,21.8,6.4,38.0,36.1,19.6,50.9,49.1,1711.0,4.0,61.8,1270,95.0,5.0,4595.0,32.5,28.3,12.0,26.7,0.6,70.8,2.0,7.0,71.3,13.1,0.0,Majority Black,Q2,Black-Majority,True,False,False,False
12086000410,Census Tract 4.10; Miami-Dade County; Florida,55.2,5.8,75.4,2.6,0.0,2.9,25.8,68083.0,75067.0,18482.0,2.8,0.0,11.0,10.0,19.1,9.1,20.9,21.9,2.4,2.8,18.4,32.6,17.9,0.0,17.7,49.7,32.5,85.4,14.6,1884.0,0.0,48.6,1229,96.5,3.5,5325.0,37.4,25.5,18.1,14.5,0.1,85.4,0.0,2.1,85.5,8.0,0.0,Majority Black,Q3,Black-Majority,False,False,False,False
12086000411,Census Tract 4.11; Miami-Dade County; Florida,63.8,1.9,78.5,5.2,0.6,1.0,25.7,53027.0,53940.0,19366.0,5.9,3.8,13.9,16.1,9.2,26.7,17.3,5.6,1.6,0.0,19.7,38.9,23.2,14.0,50.3,21.9,13.8,36.5,63.5,1564.0,10.0,53.0,2151,96.8,3.2,6174.0,40.3,24.9,14.3,18.3,3.0,77.5,0.0,7.9,77.5,7.7,0.0,Majority Black,Q2,Black-Majority,False,True,False,False
12086000413,Census Tract 4.13; Miami-Dade County; Florida,58.9,6.2,79.3,4.5,0.0,6.3,25.5,55614.0,69981.0,20092.0,2.5,0.9,8.1,21.7,13.2,18.1,22.2,6.7,1.7,5.0,18.8,28.7,19.0,4.0,50.9,16.7,28.5,71.8,28.2,,7.5,21.3,1534,95.6,4.4,5460.0,29.5,33.3,12.3,24.6,1.0,71.0,0.0,11.4,71.9,10.6,1.4,Majority Black,Q2,Black-Majority,False,False,False,False
12086000414,Census Tract 4.14; Miami-Dade County; Florida,58.0,0.5,62.3,5.7,1.4,13.5,30.8,48695.0,60329.0,23154.0,8.8,7.2,10.2,14.1,12.9,21.1,9.0,8.3,8.0,0.4,36.0,26.9,21.6,9.8,62.5,15.7,12.0,29.5,70.5,1349.0,15.5,53.2,2087,90.2,9.8,5121.0,35.2,23.2,13.1,22.2,1.2,75.9,0.2,5.3,78.7,9.2,0.5,Majority Black,Q2,Black-Majority,True,False,True,False
12086000415,Census Tract 4.15; Miami-Dade County; Florida,63.8,2.5,84.0,4.9,0.0,5.8,33.3,64722.0,95812.0,31024.0,2.4,5.0,14.3,8.1,5.7,16.3,14.0,13.3,5.4,15.6,8.5,19.8,7.9,10.9,21.4,54.5,13.2,79.6,20.4,1452.0,0.0,69.4,740,95.4,4.6,2282.0,40.2,22.3,16.2,34.8,1.8,62.8,0.0,2.3,64.4,19.5,0.0,Majority Black,Q3,Black-Majority,False,False,False,False
12086000416,Census Tract 4.16; Miami-Dade County; Florida,44.9,10.5,82.1,8.5,0.0,6.2,27.1,34279.0,47731.0,18285.0,10.5,13.0,14.9,13.0,11.4,9.9,11.5,14.1,0.3,1.4,25.0,53.4,15.8,29.3,24.8,32.5,13.5,45.0,55.0,,6.2,46.5,1905,92.7,7.3,4786.0,45.9,20.5,24.6,63.0,0.1,35.6,0.9,23.4,36.6,20.7,0.0,Majority Hispanic,Q1 (Lowest),Hispanic-Majority,True,True,True,True
12086000417,Census Tract 4.17; Miami-Dade County; Florida,58.4,11.7,60.4,22.2,1.3,2.2,37.6,44672.0,52414.0,21964.0,9.2,16.6,9.9,7.2,14.3,13.4,17.4,10.8,1.3,0.0,22.1,35.3,20.7,20.9,50.2,24.4,4.5,33.3,66.7,1263.0,2.0,58.9,1788,93.5,6.5,4176.0,37.5,21.8,15.5,45.1,0.3,52.7,1.1,6.7,54.1,31.1,0.0,Majority Black,Q1 (Lowest),Black-Majority,True,True,True,True
12086000418,Census Tract 4.18; Miami-Dade County; Florida,49.5,6.9,70.6,3.2,3.9,16.3,29.7,32476.0,61466.0,18796.0,4.6,7.1,20.6,18.7,16.7,11.3,7.2,3.3,0.0,10.4,34.0,43.8,22.5,12.6,25.8,44.6,17.0,57.8,42.2,1336.0,0.0,84.2,962,96.7,3.3,3122.0,33.5,21.7,7.1,20.3,0.0,78.1,0.0,5.3,78.6,15.1,0.0,Majority Black,Q1 (Lowest),Black-Majority,True,True,True,True
12086000419,Census Tract 4.19; Miami-Dade County; Florida,59.4,0.2,85.2,2.1,0.7,5.5,37.2,71047.0,69166.0,22660.0,7.9,5.2,19.1,4.7,6.1,14.4,11.7,23.0,4.9,3.0,16.6,38.8,11.3,12.1,37.1,16.7,34.1,55.3,44.7,1296.0,3.1,60.8,1074,95.5,4.5,3350.0,45.7,16.6,20.5,37.4,0.2,57.2,0.0,25.3,57.2,8.8,5.2,Majority Black,Q3,Black-Majority,False,False,False,False
12086000420,Census Tract 4.20; Miami-Dade County; Florida,33.5,9.7,65.5,8.8,0.0,1.0,35.5,54322.0,67666.0,18063.0,0.7,0.0,8.1,1.5,17.6,35.6,28.8,4.8,2.9,0.0,41.8,14.6,16.7,13.7,29.5,30.5,26.2,94.7,5.3,,0.0,70.0,988,95.2,4.8,3951.0,36.8,21.7,24.4,17.0,0.6,64.3,0.7,4.0,68.0,20.2,2.7,Majority Black,Q2,Black-Majority,True,True,False,False
12086000504,Census Tract 5.04; Miami-Dade County; Florida,59.9,3.7,69.9,4.7,0.5,10.7,22.9,52097.0,61636.0,21697.0,8.9,11.6,3.7,11.0,9.9,24.6,10.3,15.3,3.8,0.8,19.7,38.8,21.0,9.9,43.7,24.7,21.7,61.0,39.0,1058.0,5.8,58.7,1698,95.1,4.9,4694.0,41.4,21.1,18.4,67.7,0.5,31.3,0.0,20.9,35.4,38.3,0.2,Majority Hispanic,Q2,Hispanic-Majority,False,False,False,False
12086000505,Census Tract 5.05; Miami-Dade County; Florida,66.6,1.3,74.4,0.0,0.9,10.0,28.4,53864.0,74418.0,27331.0,4.2,8.2,15.4,7.8,10.1,17.0,8.7,14.0,5.9,8.8,17.9,52.0,17.7,10.5,28.4,39.7,21.4,38.3,61.7,1501.0,11.4,41.3,1913,98.2,1.8,5236.0,40.0,16.4,19.6,95.3,2.1,2.6,0.0,28.2,5.7,62.8,0.0,Majority Hispanic,Q2,Hispanic-Majority,False,False,False,False
12086000506,Census Tract 5.06; Miami-Dade County; Florida,53.3,7.5,78.3,0.0,0.0,0.0,33.8,49264.0,68149.0,22057.0,5.1,6.8,11.8,5.5,24.5,8.7,16.5,13.4,2.8,5.0,19.1,19.8,30.6,7.7,25.0,54.1,13.1,80.8,19.2,2831.0,24.5,75.5,743,97.3,2.7,2492.0,39.0,19.7,19.9,32.7,4.0,62.6,0.7,12.6,62.6,24.1,0.0,Majority Black,Q2,Black-Majority,False,False,True,False
12086000507,Census Tract 5.07; Miami-Dade County; Florida,51.1,7.0,77.8,0.0,2.2,5.4,25.5,60424.0,79551.0,23125.0,1.4,6.2,3.5,12.0,21.7,13.6,16.8,13.8,5.6,5.4,10.3,45.7,21.4,7.8,18.2,43.4,30.6,42.1,57.9,1543.0,14.1,42.0,1257,95.3,4.7,4877.0,34.6,16.5,13.5,52.8,6.8,36.8,2.8,22.2,38.8,31.1,0.0,Mixed,Q2,Mixed,False,False,False,False
12086000508,Census Tract 5.08; Miami-Dade County; Florida,53.7,2.2,65.8,2.0,6.0,5.7,24.3,24826.0,32681.0,12464.0,19.6,11.3,19.9,10.8,18.5,12.0,3.3,4.6,0.0,0.0,38.8,60.1,16.4,21.0,48.4,29.9,0.6,2.2,97.8,1307.0,16.0,64.9,1412,95.6,4.4,3697.0,31.1,31.3,7.0,43.6,0.0,52.3,0.0,3.9,55.4,29.0,0.0,Majority Black,Q1 (Lowest),Black-Majority,True,True,True,True
12086000509,Census Tract 5.09; Miami-Dade County; Florida,44.4,11.3,81.6,2.6,0.0,8.2,34.3,50927.0,60805.0,18245.0,1.9,8.8,15.1,19.9,3.1,19.3,18.6,4.0,9.3,0.0,29.3,68.1,33.3,11.1,22.9,42.7,23.3,53.8,46.2,1195.0,0.0,61.8,1114,89.5,10.5,3447.0,38.2,23.9,15.5,56.6,14.2,29.1,0.0,28.5,29.1,39.0,0.0,Mixed,Q2,Mixed,True,False,True,False
12086000601,Census Tract 6.01; Miami-Dade County; Florida,61.1,0.9,66.5,1.1,0.0,10.5,30.7,67171.0,81118.0,27164.0,1.5,14.0,9.9,7.4,5.3,15.3,15.1,14.2,12.6,4.7,17.1,32.7,12.2,5.1,26.8,38.5,29.6,71.9,28.1,2018.0,31.0,39.4,1273,95.7,4.3,3765.0,49.0,14.8,21.6,91.0,7.7,0.2,0.6,45.1,0.2,39.0,0.0,Majority Hispanic,Q3,Hispanic-Majority,False,False,False,False
12086000602,Census Tract 6.02; Miami-Dade County; Florida,59.5,2.7,75.9,0.5,0.3,11.1,26.0,59464.0,86718.0,30135.0,7.1,3.9,3.9,14.1,13.2,12.1,10.9,12.5,14.1,8.2,10.0,18.7,7.1,3.2,32.3,31.1,33.4,81.5,18.5,1578.0,6.2,30.0,1753,96.1,3.9,4647.0,54.6,12.2,27.2,95.2,4.7,0.1,0.0,30.3,0.1,64.1,0.0,Majority Hispanic,Q2,Hispanic-Majority,False,False,False,False
12086000603,Census Tract 6.03; Miami-Dade County; Florida,64.5,3.4,70.5,2.9,0.8,15.6,29.9,68109.0,86661.0,29756.0,5.6,6.3,9.3,6.2,11.7,15.5,24.0,7.6,6.8,7.1,14.2,30.5,14.6,4.9,22.7,51.3,21.2,59.1,40.9,1827.0,2.8,43.3,1595,95.6,4.4,4578.0,49.5,15.3,18.3,94.9,4.0,0.4,1.3,24.4,0.8,65.2,0.0,Majority Hispanic,Q3,Hispanic-Majority,False,False,False,False
12086000605,Census Tract 6.05; Miami-Dade County; Florida,49.5,5.4,76.8,0.0,0.5,16.0,28.6,86507.0,88763.0,23719.0,3.2,5.6,6.7,9.5,8.9,11.1,6.9,35.3,10.1,2.7,18.4,47.5,17.5,10.0,21.3,27.0,41.8,85.3,14.7,2060.0,0.0,45.8,1424,97.1,2.9,5143.0,44.7,13.3,19.3,95.5,3.7,0.6,0.5,31.3,2.5,60.6,0.0,Majority Hispanic,Q4,Hispanic-Majority,False,False,False,False
12086000607,Census Tract 6.07; Miami-Dade County; Florida,50.7,7.5,80.4,1.5,1.5,6.8,28.6,41705.0,69868.0,25269.0,8.0,6.1,10.3,20.2,9.1,14.4,13.9,8.8,3.4,5.7,17.5,45.9,14.2,9.7,34.8,38.0,17.5,58.8,41.2,1557.0,1.8,62.0,1582,98.5,1.5,4429.0,52.6,12.9,29.1,96.8,3.2,0.0,0.0,39.8,0.2,53.9,0.0,Majority Hispanic,Q1 (Lowest),Hispanic-Majority,False,False,True,False
12086000609,Census Tract 6.09; Miami-Dade County; Florida,60.1,2.6,74.0,0.0,4.1,13.4,24.5,38529.0,58383.0,23837.0,9.9,19.2,8.8,8.0,10.8,12.7,9.3,14.7,4.4,2.1,29.8,59.6,27.1,12.8,45.5,24.6,17.1,25.0,75.0,1089.0,19.2,37.1,1348,97.3,2.7,3516.0,50.9,15.6,19.9,98.0,1.5,0.3,0.0,35.5,0.3,56.1,0.0,Majority Hispanic,Q1 (Lowest),Hispanic-Majority,True,True,True,True
12086000610,Census Tract 6.10; Miami-Dade County; Florida,60.4,1.8,74.6,0.0,3.4,21.1,36.3,60873.0,63990.0,24201.0,15.3,8.4,9.2,5.2,5.9,21.2,7.8,21.1,5.9,0.0,21.6,34.0,19.9,6.0,27.9,29.3,36.7,53.0,47.0,1493.0,32.3,32.0,958,96.0,4.0,2776.0,48.9,9.1,29.2,96.4,3.5,0.1,0.0,39.6,1.2,46.4,0.0,Majority Hispanic,Q2,Hispanic-Majority,True,False,False,False
12086000611,Census Tract 6.11; Miami-Dade County; Florida,59.1,1.4,72.3,4.1,0.2,12.2,28.2,54850.0,88229.0,27223.0,3.5,3.1,9.5,12.2,18.7,10.8,11.2,16.9,3.3,10.8,22.5,31.9,17.8,10.8,24.1,28.6,36.6,56.6,43.4,1589.0,0.0,78.1,833,93.3,6.7,2576.0,47.5,17.2,15.2,91.1,3.5,2.8,3.1,36.1,2.8,56.1,0.3,Majority Hispanic,Q2,Hispanic-Majority,True,False,False,False
12086000612,Census Tract 6.12; Miami-Dade County; Florida,61.4,2.9,76.4,3.1,0.7,6.7,29.7,80681.0,85162.0,25360.0,5.8,2.0,13.4,3.5,8.1,13.6,19.3,23.8,2.5,8.0,19.6,40.0,14.7,7.1,22.3,41.7,28.8,72.7,27.3,1449.0,4.3,68.8,957,96.9,3.1,3156.0,47.8,14.0,18.4,96.5,3.2,0.2,0.0,28.0,0.7,66.1,0.0,Majority Hispanic,Q4,Hispanic-Majority,False,False,False,False
12086000705,Census Tract 7.05; Miami-Dade County; Florida,61.1,3.2,81.3,0.0,3.1,10.9,20.8,51003.0,51476.0,24620.0,11.9,12.7,6.9,7.0,9.8,33.6,6.6,7.9,1.5,2.0,18.1,45.3,8.4,15.6,49.8,27.7,6.8,32.0,68.0,1419.0,19.4,38.0,2190,98.2,1.8,4636.0,47.6,18.0,25.5,98.4,1.4,0.0,0.0,30.6,0.0,58.2,0.0,Majority Hispanic,Q2,Hispanic-Majority,False,True,True,False
12086000710,Census Tract 7.10; Miami-Dade County; Florida,64.2,1.8,66.6,2.7,0.4,17.3,25.8,42564.0,44301.0,18981.0,5.2,15.4,12.7,10.5,17.9,24.3,8.1,5.8,0.0,0.0,23.2,67.5,18.0,14.5,44.9,32.0,8.5,9.0,91.0,1309.0,14.9,48.7,2003,95.8,4.2,4704.0,47.2,18.6,18.2,96.6,3.3,0.0,0.0,32.8,4.5,54.5,0.0,Majority Hispanic,Q1 (Lowest),Hispanic-Majority,True,True,True,True
12086000711,Census Tract 7.11; Miami-Dade County; Florida,53.4,1.2,59.3,4.3,0.0,18.7,26.3,39191.0,68909.0,25750.0,9.0,6.4,13.0,17.3,17.4,16.3,7.5,6.9,1.2,5.1,26.5,53.1,22.0,11.8,53.7,25.1,9.4,27.6,72.4,1417.0,15.1,56.7,2113,98.2,1.8,5786.0,42.5,21.8,18.2,87.6,0.3,12.2,1.4,25.1,12.6,56.3,0.0,Majority Hispanic,Q1 (Lowest),Hispanic-Majority,True,False,True,False
12086000712,Census Tract 7.12; Miami-Dade County; Florida,58.8,8.9,68.2,1.3,5.7,20.0,25.5,43706.0,53645.0,19340.0,6.2,5.8,11.3,14.2,23.0,22.2,5.2,6.6,3.8,1.7,20.8,41.7,16.0,5.0,36.9,46.6,11.5,27.4,72.6,1452.0,6.1,76.2,883,97.5,2.5,2451.0,40.4,19.8,12.5,99.6,0.4,0.0,0.0,30.8,0.0,61.9,0.0,Majority Hispanic,Q1 (Lowest),Hispanic-Majority,True,False,True,False
12086000713,Census Tract 7.13; Miami-Dade County; Florida,51.1,1.6,59.6,0.9,3.8,1.2,29.7,17450.0,41398.0,20381.0,12.5,30.7,16.0,5.2,5.0,6.4,5.7,16.6,1.9,0.0,36.1,40.3,21.4,23.8,48.1,13.1,15.1,28.1,71.9,1600.0,5.4,66.1,1481,97.8,2.2,3036.0,49.2,10.2,21.3,98.5,0.4,1.1,0.0,49.3,1.1,45.7,0.0,Majority Hispanic,Q1 (Lowest),Hispanic-Majority,True,True,True,True
12086000714,Census Tract 7.14; Miami-Dade County; Florida,52.2,2.5,85.1,0.0,0.0,8.6,28.8,43079.0,54038.0,19074.0,7.8,7.8,20.3,8.1,13.3,13.9,17.1,6.2,2.9,2.7,20.0,55.2,14.8,5.8,33.4,45.9,14.9,37.5,62.5,1708.0,4.0,57.4,1644,100.0,0.0,4586.0,49.4,18.0,26.3,96.8,2.9,0.3,0.0,39.3,0.3,55.3,0.0,Majority Hispanic,Q1 (Lowest),Hispanic-Majority,True,False,True,False
12086000715,Census Tract 7.15; Miami-Dade County; Florida,55.3,2.9,61.7,2.7,1.5,12.2,41.9,56053.0,88382.0,27337.0,2.9,9.8,4.6,8.7,18.3,18.3,9.8,13.3,9.6,4.7,15.0,31.4,16.2,8.9,26.2,41.0,23.9,62.5,37.5,1834.0,15.4,53.6,1109,95.2,4.8,3507.0,49.6,18.0,26.0,96.0,3.3,0.0,0.7,34.4,0.0,50.0,0.0,Majority Hispanic,Q2,Hispanic-Majority,False,False,False,False
12086000716,Census Tract 7.16; Miami-Dade County; Florida,50.5,7.1,66.4,4.3,0.0,11.2,29.3,57143.0,67948.0,23427.0,1.9,13.6,12.1,3.8,14.3,9.0,29.8,7.4,4.5,3.6,16.5,34.3,15.7,7.9,36.6,28.4,27.1,78.4,21.6,1854.0,22.0,39.9,860,100.0,0.0,2663.0,44.0,21.3,24.1,93.6,4.0,0.0,2.4,32.5,0.0,57.5,0.0,Majority Hispanic,Q2,Hispanic-Majority,False,False,False,False
12086000717,Census Tract 7.17; Miami-Dade County; Florida,58.5,5.2,70.2,0.0,0.0,9.9,27.0,70586.0,87590.0,29653.0,0.0,6.5,12.2,10.8,9.6,16.8,6.1,18.5,15.2,4.4,14.4,27.0,21.0,11.8,24.3,31.9,31.9,80.4,19.6,1727.0,0.0,57.7,887,98.2,1.8,2648.0,53.5,10.2,26.1,94.0,4.9,0.9,0.0,44.7,3.5,34.7,0.2,Majority Hispanic,Q3,Hispanic-Majority,False,False,False,False
12086000718,Census Tract 7.18; Miami-Dade County; Florida,66.2,2.1,72.6,0.0,4.4,4.9,29.8,47446.0,64058.0,23814.0,8.6,7.1,2.3,13.4,18.7,35.4,0.0,5.4,3.2,5.8,17.2,31.2,15.2,16.9,25.6,47.4,10.1,46.7,53.3,1771.0,13.9,70.8,1384,94.6,5.4,3858.0,42.7,11.6,25.9,95.3,4.2,0.5,0.0,27.5,0.5,49.8,0.0,Majority Hispanic,Q1 (Lowest),Hispanic-Majority,False,True,True,False
12086000719,Census Tract 7.19; Miami-Dade County; Florida,52.2,7.3,57.6,0.0,0.0,30.5,25.2,37560.0,56576.0,20615.0,2.9,6.4,26.5,11.5,13.2,17.9,3.3,6.4,10.4,1.5,26.3,43.5,12.6,19.0,30.9,44.8,5.3,53.2,46.8,1658.0,7.1,75.0,453,100.0,0.0,1314.0,51.0,11.8,25.1,98.2,1.1,0.4,0.0,39.6,1.4,56.4,0.0,Majority Hispanic,Q1 (Lowest),Hispanic-Majority,True,True,True,True
12086000720,Census Tract 7.20; Miami-Dade County; Florida,52.7,2.9,69.3,0.0,2.9,12.6,27.4,44271.0,64736.0,23668.0,6.8,10.7,13.5,9.7,10.4,16.2,12.1,11.2,6.5,2.9,14.8,47.7,14.8,18.7,32.4,26.2,22.7,39.7,60.3,1435.0,6.1,70.7,1317,95.6,4.4,3498.0,51.1,16.2,24.0,94.5,5.3,0.2,0.0,37.7,0.3,55.7,0.0,Majority Hispanic,Q1 (Lowest),Hispanic-Majority,False,True,True,False
12086000804,Census Tract 8.04; Miami-Dade County; Florida,51.6,5.3,61.7,5.2,0.0,19.0,32.1,54375.0,62908.0,23228.0,1.3,18.4,9.1,6.7,7.9,26.1,13.8,13.0,1.7,1.9,19.5,40.9,28.1,8.3,27.8,35.3,28.6,36.2,63.8,1863.0,15.6,49.3,1548,97.1,2.9,4151.0,48.5,15.0,25.1,97.4,1.4,1.3,0.0,32.1,1.8,55.0,0.0,Majority Hispanic,Q2,Hispanic-Majority,False,False,False,False
12086000805,Census Tract 8.05; Miami-Dade County; Florida,53.8,9.2,72.3,0.6,0.9,18.7,26.8,54836.0,82252.0,28528.0,0.8,8.7,6.4,13.3,12.8,19.8,13.2,12.1,5.6,7.4,16.4,43.8,15.2,3.0,32.5,46.1,18.3,56.2,43.8,1675.0,11.5,60.8,1694,98.9,1.1,5244.0,48.9,17.8,23.1,95.5,3.8,0.3,1.1,36.1,2.5,56.3,0.0,Majority Hispanic,Q2,Hispanic-Majority,False,False,False,False
12086000806,Census Tract 8.06; Miami-Dade County; Florida,49.6,4.1,56.8,2.2,3.4,25.5,34.0,42100.0,48042.0,19905.0,6.8,12.2,13.4,14.0,16.8,19.9,7.2,5.5,4.3,0.0,22.8,51.5,19.6,21.8,44.1,25.4,8.8,24.9,75.1,1329.0,29.7,49.8,1639,96.4,3.6,4084.0,48.6,15.6,28.9,91.7,5.0,0.7,0.8,37.8,2.6,45.8,1.7,Majority Hispanic,Q1 (Lowest),Hispanic-Majority,True,True,True,True
12086000807,Census Tract 8.07; Miami-Dade County; Florida,60.0,3.0,69.2,2.0,1.2,17.1,24.6,42445.0,47705.0,20082.0,6.6,13.2,15.3,7.6,23.3,13.4,12.3,8.3,0.0,0.0,22.8,41.8,21.3,15.3,36.5,31.2,17.1,12.5,87.5,1242.0,12.8,56.4,1650,98.4,1.6,4013.0,51.2,13.3,19.8,91.5,4.3,0.9,1.4,32.0,0.9,66.3,0.0,Majority Hispanic,Q1 (Lowest),Hispanic-Majority,True,True,True,True
12086000808,Census Tract 8.08; Miami-Dade County; Florida,58.6,7.5,72.1,0.6,0.6,17.4,29.9,50243.0,68876.0,25639.0,2.4,8.6,14.7,12.3,11.6,20.2,9.8,7.8,8.4,4.3,17.4,50.5,24.4,9.9,47.6,28.0,14.5,30.8,69.2,1331.0,6.5,58.5,1516,95.3,4.7,3948.0,45.2,14.5,23.3,94.8,3.7,0.3,0.0,36.2,1.4,53.0,0.0,Majority Hispanic,Q2,Hispanic-Majority,False,False,True,False
12086000903,Census Tract 9.03; Miami-Dade County; Florida,56.2,2.5,72.8,5.4,0.5,10.4,27.7,35321.0,54407.0,19825.0,7.4,13.0,20.1,9.0,11.6,8.7,13.4,11.5,5.1,0.0,47.5,53.4,12.9,9.0,51.5,29.6,9.8,47.1,52.9,1062.0,0.0,66.7,1292,95.0,5.0,3590.0,35.0,29.6,13.9,51.3,0.8,46.8,0.0,8.7,46.8,29.6,0.0,Mixed,Q1 (Lowest),Mixed,True,False,True,False
12086000904,Census Tract 9.04; Miami-Dade County; Florida,52.1,3.8,75.6,6.7,0.0,5.6,36.9,50250.0,68394.0,22163.0,4.4,9.5,15.3,2.5,18.0,13.4,19.1,7.3,6.1,4.3,6.5,27.8,13.1,5.5,43.2,29.5,21.8,76.5,23.5,1474.0,20.7,64.4,789,97.1,2.9,2491.0,44.1,19.7,18.5,71.3,1.5,27.2,0.0,16.3,33.8,32.6,0.0,Majority Hispanic,Q2,Hispanic-Majority,False,False,True,False
12086000905,Census Tract 9.05; Miami-Dade County; Florida,55.9,2.9,83.5,2.4,0.0,4.0,29.5,68933.0,78438.0,25910.0,10.3,4.0,6.7,5.0,17.1,8.5,17.2,20.9,2.7,7.7,12.7,37.2,15.9,0.0,41.5,34.3,24.2,67.8,32.2,1395.0,0.0,69.9,1221,93.1,6.9,3803.0,43.8,12.3,20.2,79.0,2.6,17.3,0.0,16.3,22.0,46.1,0.0,Majority Hispanic,Q3,Hispanic-Majority,False,False,False,False
12086000906,Census Tract 9.06; Miami-Dade County; Florida,53.4,5.3,79.3,4.1,0.0,13.0,27.8,60403.0,114365.0,37165.0,10.0,3.8,3.8,8.1,19.0,16.8,7.9,0.0,16.3,14.3,13.5,27.6,23.0,2.5,21.3,44.6,31.5,65.9,34.1,2484.0,0.0,24.6,558,100.0,0.0,1686.0,45.4,6.5,22.1,81.0,0.1,14.7,0.0,30.1,27.5,30.1,1.2,Majority Hispanic,Q2,Hispanic-Majority,False,False,False,False
12086000907,Census Tract 9.07; Miami-Dade County; Florida,49.4,0.0,77.0,2.8,0.0,15.6,33.2,52022.0,81447.0,21652.0,0.0,0.0,0.8,13.9,24.8,32.1,0.8,7.3,15.6,4.8,5.5,37.6,19.2,0.0,14.7,45.6,39.7,63.5,36.5,2288.0,10.5,39.3,532,98.5,1.5,2073.0,37.8,19.7,18.9,95.0,0.1,4.9,0.0,10.4,8.3,63.0,0.0,Majority Hispanic,Q2,Hispanic-Majority,False,False,False,False
12086000908,Census Tract 9.08; Miami-Dade County; Florida,52.6,6.6,82.8,2.2,0.0,9.4,33.9,60989.0,83234.0,24947.0,3.5,12.2,7.9,3.0,4.4,29.3,7.7,12.9,6.1,13.1,12.4,41.5,14.5,3.5,18.5,16.9,61.1,79.1,20.9,1582.0,0.0,62.4,949,100.0,0.0,3286.0,53.2,12.6,25.3,97.0,0.0,0.0,0.0,33.4,1.5,44.1,0.0,Majority Hispanic,Q2,Hispanic-Majority,False,False,False,False
12086001003,Census Tract 10.03; Miami-Dade County; Florida,56.8,2.9,83.3,0.8,2.0,5.5,26.0,69375.0,71102.0,25748.0,8.6,8.3,9.5,8.7,6.8,9.8,16.4,27.4,2.9,1.7,13.7,36.5,13.1,5.3,27.5,43.1,24.1,66.1,33.9,1642.0,9.8,38.8,2129,96.1,3.9,6116.0,42.7,20.0,16.6,43.4,0.7,54.7,0.0,11.8,57.7,12.8,0.0,Majority Black,Q3,Black-Majority,False,False,False,False
12086001004,Census Tract 10.04; Miami-Dade County; Florida,60.3,8.5,79.2,5.2,0.0,7.1,26.4,50710.0,57665.0,20515.0,5.7,4.6,8.0,6.3,23.5,25.7,10.4,12.7,3.1,0.0,17.7,52.9,16.7,24.8,41.0,18.2,16.0,21.1,78.9,1324.0,14.7,40.1,2854,88.0,12.0,7400.0,34.7,24.7,13.5,45.0,2.0,52.5,0.0,6.9,52.9,11.6,0.0,Majority Black,Q2,Black-Majority,False,True,True,False
12086001005,Census Tract 10.05; Miami-Dade County; Florida,34.4,10.0,78.5,9.5,0.0,1.8,28.2,29583.0,42573.0,22398.0,9.5,20.5,16.8,8.3,10.0,17.5,6.6,7.8,2.0,1.2,36.2,44.3,9.5,34.3,40.7,21.4,3.5,29.7,70.3,,15.4,45.3,912,83.4,16.6,1598.0,57.2,10.2,37.1,24.2,4.6,66.1,2.9,7.9,66.1,13.6,0.0,Majority Black,Q1 (Lowest),Black-Majority,True,True,True,True
12086001006,Census Tract 10.06; Miami-Dade County; Florida,53.1,10.9,55.0,22.7,2.3,15.6,34.2,35778.0,53200.0,20140.0,21.3,8.3,9.5,9.9,8.9,17.3,9.2,10.3,1.8,3.6,38.1,45.3,17.4,32.2,41.6,20.7,5.5,37.0,63.0,942.0,4.7,48.7,1818,90.5,9.5,4637.0,34.9,29.0,16.7,36.9,3.1,55.6,2.7,3.5,56.3,16.6,1.2,Majority Black,Q1 (Lowest),Black-Majority,True,True,True,True
12086001007,Census Tract 10.07; Miami-Dade County; Florida,49.7,15.9,84.8,4.4,0.0,6.5,29.8,56467.0,69137.0,19918.0,5.4,0.0,9.5,4.3,26.5,17.5,21.3,7.7,7.9,0.0,21.0,28.9,27.3,6.6,33.0,41.5,18.9,71.3,28.7,1671.0,21.5,51.9,1055,91.7,8.3,3619.0,38.3,25.6,13.5,30.6,2.6,66.0,0.0,6.3,66.4,7.5,0.0,Majority Black,Q2,Black-Majority,True,False,False,False
12086001008,Census Tract 10.08; Miami-Dade County; Florida,67.3,1.1,74.3,13.3,0.0,2.0,30.0,50618.0,58764.0,21980.0,12.0,0.0,9.4,9.4,15.4,31.4,11.1,8.4,0.0,2.9,32.1,39.6,19.9,7.6,52.5,27.9,12.0,44.9,55.1,,5.3,59.2,1231,96.5,3.5,3425.0,38.2,29.7,13.2,30.6,3.8,65.0,0.0,5.9,66.3,13.0,0.0,Majority Black,Q2,Black-Majority,True,False,True,False
12086001101,Census Tract 11.01; Miami-Dade County; Florida,68.6,2.4,71.7,5.1,0.2,9.7,31.8,78125.0,102053.0,30134.0,1.5,1.9,6.1,9.3,10.8,18.9,11.8,16.9,14.3,8.5,7.1,18.5,31.6,3.2,24.7,42.4,29.7,68.0,32.0,1577.0,0.0,64.1,1484,93.4,6.6,5026.0,39.5,22.9,14.3,52.3,12.8,23.6,8.4,31.8,25.5,28.0,0.0,Mixed,Q4,Mixed,False,False,False,False
12086001102,Census Tract 11.02; Miami-Dade County; Florida,46.6,7.0,74.9,1.6,5.0,10.7,25.4,107292.0,115150.0,26163.0,1.7,3.9,5.0,6.1,3.4,14.2,11.6,35.1,4.7,14.3,12.4,17.7,18.4,5.7,17.3,44.7,32.2,83.5,16.5,1791.0,0.0,38.1,1301,97.6,2.4,5930.0,27.3,16.8,11.4,28.1,16.8,48.5,3.9,27.1,49.7,15.8,0.7,Mixed,Q5 (Highest),Mixed,False,False,False,False
12086001103,Census Tract 11.03; Miami-Dade County; Florida,59.6,10.5,75.4,3.9,0.0,13.5,30.5,65424.0,92426.0,28430.0,3.6,0.8,7.4,15.6,7.0,24.6,13.4,18.9,1.9,6.8,30.9,37.7,18.7,6.3,24.9,48.5,20.4,50.0,50.0,1463.0,11.8,41.3,1625,88.6,11.4,4849.0,34.1,27.9,10.6,23.0,14.1,61.7,0.5,18.3,62.4,12.3,0.1,Majority Black,Q3,Black-Majority,True,False,False,False
12086001104,Census Tract 11.04; Miami-Dade County; Florida,68.2,5.2,58.3,0.4,0.6,27.5,24.9,165239.0,196408.0,69949.0,1.6,0.0,1.0,3.6,3.8,11.7,6.8,17.9,18.4,35.1,1.0,3.2,3.6,3.2,31.4,45.3,20.1,93.4,6.6,2342.0,0.0,54.4,1791,96.6,3.4,4817.0,41.0,26.4,14.7,29.9,45.9,13.6,7.2,51.9,13.7,26.1,0.4,Mixed,Q5 (Highest),Mixed,False,False,False,False
12086001204,Census Tract 12.04; Miami-Dade County; Florida,61.7,5.1,74.6,3.4,0.8,9.1,34.7,61925.0,109410.0,45084.0,2.6,0.8,14.6,16.2,11.9,13.7,9.5,12.4,6.2,12.0,24.0,20.1,15.6,8.4,52.5,33.5,5.6,51.7,48.3,1794.0,4.6,70.9,2817,88.1,11.9,6097.0,40.6,25.1,21.0,52.5,22.5,20.3,0.9,47.1,20.9,22.3,2.3,Mixed,Q3,Mixed,True,False,False,False
12086001205,Census Tract 12.05; Miami-Dade County; Florida,67.0,2.5,72.5,0.0,1.6,16.4,32.0,128529.0,162619.0,58386.0,1.2,4.1,0.8,14.1,0.8,6.9,4.1,23.1,15.5,29.4,12.0,8.5,4.8,9.8,41.6,36.3,12.4,72.1,27.9,1778.0,7.6,40.8,1109,79.5,20.5,2441.0,40.3,29.4,13.4,43.7,33.1,15.5,5.1,62.4,15.5,16.3,0.7,Mixed,Q5 (Highest),Mixed,False,False,False,False
12086001206,Census Tract 12.06; Miami-Dade County; Florida,61.2,4.4,60.8,0.0,2.5,15.5,23.7,109792.0,144489.0,61123.0,6.0,0.8,3.8,6.7,3.4,10.8,10.1,26.7,7.1,24.5,5.9,7.9,6.4,3.9,43.1,41.9,11.1,74.9,25.1,1486.0,3.5,60.3,2231,79.5,20.5,4251.0,43.8,23.2,19.8,28.9,55.2,3.3,1.8,64.3,3.6,16.1,9.5,Majority White,Q5 (Highest),White-Majority,False,False,False,False
12086001207,Census Tract 12.07; Miami-Dade County; Florida,60.8,0.0,75.4,0.0,1.5,12.5,38.0,52150.0,71566.0,20689.0,1.4,14.9,9.6,9.4,11.1,17.4,19.7,3.4,8.0,5.1,43.0,1.2,7.5,0.0,37.6,44.8,17.6,72.1,27.9,1829.0,9.0,69.0,618,94.7,5.3,2042.0,20.4,46.9,4.3,34.0,20.1,41.1,2.0,28.3,41.1,24.3,1.7,Mixed,Q2,Mixed,True,False,False,False
12086001208,Census Tract 12.08; Miami-Dade County; Florida,67.3,11.2,78.2,5.4,1.7,5.6,36.4,75434.0,76842.0,33573.0,0.0,0.0,4.0,25.3,11.3,7.0,24.5,21.9,2.4,3.7,10.6,23.7,19.2,9.2,51.4,38.6,0.9,19.2,80.8,1673.0,1.4,46.2,1420,93.7,6.3,3008.0,41.2,16.1,13.6,28.5,2.9,58.9,1.6,17.1,59.4,12.6,4.4,Majority Black,Q3,Black-Majority,False,False,False,False
12086001209,Census Tract 12.09; Miami-Dade County; Florida,71.5,2.5,71.8,14.1,1.1,7.1,43.7,61860.0,81902.0,28106.0,9.7,2.0,11.6,7.9,10.7,19.3,14.9,13.5,5.8,4.5,22.3,26.0,22.2,14.9,46.2,34.9,4.0,26.5,73.5,1718.0,7.7,44.2,1470,87.4,12.6,3929.0,34.0,26.2,4.9,43.9,5.7,48.8,0.3,15.0,50.4,23.7,1.0,Mixed,Q3,Mixed,True,True,False,False
12086001301,Census Tract 13.01; Miami-Dade County; Florida,73.8,7.5,59.3,7.4,1.1,14.6,29.2,59331.0,71501.0,33765.0,6.2,4.0,8.2,6.6,17.3,19.6,12.0,18.2,5.8,2.0,9.8,11.2,26.1,21.5,39.6,30.3,8.6,30.0,70.0,1925.0,14.0,56.1,2904,91.9,8.1,5785.0,34.2,22.3,10.6,31.8,20.7,45.7,0.4,31.0,46.5,19.7,0.4,Mixed,Q2,Mixed,False,True,False,False
12086001302,Census Tract 13.02; Miami-Dade County; Florida,65.6,2.7,62.5,0.0,2.2,25.0,24.2,92162.0,131631.0,68543.0,4.6,1.8,1.6,11.3,15.8,10.4,10.2,17.2,15.2,11.7,4.9,5.3,8.7,10.5,44.9,26.2,18.4,51.9,48.1,1814.0,3.1,49.5,3427,86.3,13.7,5809.0,43.4,12.2,22.6,48.5,30.8,10.8,3.3,49.0,12.2,28.1,0.0,Mixed,Q4,Mixed,False,False,False,False
12086001401,Census Tract 14.01; Miami-Dade County; Florida,47.9,6.2,68.1,14.1,5.4,7.2,33.9,27673.0,41423.0,15133.0,8.3,14.0,18.0,21.2,10.3,12.6,6.6,7.5,0.5,0.9,36.1,51.1,26.5,28.0,49.4,16.6,6.0,13.8,86.2,1204.0,4.0,59.5,2402,88.8,11.2,6053.0,34.0,26.8,12.3,26.3,0.4,71.6,0.3,3.5,72.6,9.9,1.1,Majority Black,Q1 (Lowest),Black-Majority,True,True,True,True
12086001402,Census Tract 14.02; Miami-Dade County; Florida,63.0,1.2,52.5,9.6,7.1,20.5,28.1,38439.0,67119.0,31014.0,9.1,7.0,11.6,15.3,23.5,17.1,2.8,11.0,0.0,2.6,19.1,33.9,12.9,21.4,58.6,13.9,6.0,20.1,79.9,1193.0,3.9,57.8,2501,89.9,10.1,4929.0,37.8,20.6,21.9,41.3,1.9,56.8,0.0,17.7,56.8,17.3,0.0,Majority Black,Q1 (Lowest),Black-Majority,False,True,True,False
12086001501,Census Tract 15.01; Miami-Dade County; Florida,48.3,15.6,44.0,28.6,5.0,6.6,34.1,40484.0,43085.0,15441.0,9.3,18.7,8.8,11.7,22.4,12.9,5.6,8.1,2.5,0.0,39.7,75.2,25.9,48.5,25.5,17.6,8.5,29.9,70.1,576.0,4.3,42.6,1287,80.8,19.2,3359.0,31.5,25.3,6.8,25.9,0.3,68.5,0.0,1.4,75.6,13.6,0.0,Majority Black,Q1 (Lowest),Black-Majority,True,True,True,True
12086001502,Census Tract 15.02; Miami-Dade County; Florida,49.7,5.4,74.0,9.6,0.0,3.7,30.0,32413.0,42503.0,14787.0,22.8,5.4,8.4,16.3,23.0,5.2,6.1,10.4,2.3,0.1,30.1,58.2,20.3,17.5,48.4,14.9,19.2,33.3,66.7,1062.0,0.3,59.9,1586,84.6,15.4,4358.0,28.7,35.9,9.4,34.1,0.2,65.8,0.0,7.2,76.5,10.7,0.0,Majority Black,Q1 (Lowest),Black-Majority,True,True,True,True
12086001603,Census Tract 16.03; Miami-Dade County; Florida,57.8,3.5,63.5,1.5,0.0,5.6,35.5,61944.0,78683.0,27092.0,0.0,6.8,12.4,10.3,3.8,21.3,17.5,19.6,2.4,5.8,10.2,22.2,16.1,14.7,27.2,34.4,23.7,67.2,32.8,1786.0,2.6,24.2,1170,95.0,5.0,3367.0,48.1,11.8,19.6,97.5,2.4,0.1,0.0,29.9,0.1,47.5,0.0,Majority Hispanic,Q3,Hispanic-Majority,False,True,False,False
12086001605,Census Tract 16.05; Miami-Dade County; Florida,54.1,0.0,66.4,0.3,2.2,19.5,28.4,29375.0,41269.0,19978.0,13.3,12.5,13.7,20.3,17.8,11.0,2.9,1.7,5.3,1.4,28.6,57.0,16.6,30.3,44.1,18.6,7.0,8.4,91.6,1094.0,9.6,46.3,1899,92.3,7.7,3744.0,52.2,13.9,28.1,97.9,0.4,1.5,0.0,35.2,3.0,50.4,0.0,Majority Hispanic,Q1 (Lowest),Hispanic-Majority,True,True,True,True
12086001606,Census Tract 16.06; Miami-Dade County; Florida,59.8,1.6,64.1,2.6,2.8,9.5,23.7,41758.0,53510.0,21081.0,6.6,10.2,12.6,12.9,15.2,14.3,12.9,13.8,1.5,0.0,17.7,44.7,19.6,18.7,40.7,28.1,12.4,6.7,93.3,1214.0,13.8,42.8,1727,97.7,2.3,4425.0,45.1,13.2,19.9,97.1,2.3,0.3,0.4,28.9,0.3,58.6,0.0,Majority Hispanic,Q1 (Lowest),Hispanic-Majority,False,True,True,False
12086001607,Census Tract 16.07; Miami-Dade County; Florida,59.2,2.1,63.8,4.7,0.4,22.3,30.3,73350.0,77952.0,25798.0,3.4,8.7,10.5,6.3,4.5,18.0,11.6,31.9,3.0,2.1,16.7,61.8,12.9,9.5,22.1,47.2,21.2,66.5,33.5,1286.0,6.0,47.4,1170,98.2,1.8,2972.0,52.3,12.9,34.0,89.2,2.8,1.2,1.3,30.9,1.6,44.1,5.5,Majority Hispanic,Q3,Hispanic-Majority,False,False,False,False
12086001608,Census Tract 16.08; Miami-Dade County; Florida,65.2,2.2,80.6,0.0,1.9,13.1,25.2,65396.0,76514.0,24965.0,8.0,6.5,5.9,7.8,11.8,16.4,22.0,8.0,11.1,2.6,13.7,44.0,16.7,12.8,27.1,25.4,34.7,70.3,29.7,1663.0,10.2,51.9,950,97.6,2.4,2938.0,46.1,13.1,22.9,95.5,4.1,0.2,0.0,30.0,0.2,63.1,0.0,Majority Hispanic,Q3,Hispanic-Majority,False,True,False,False
12086001701,Census Tract 17.01; Miami-Dade County; Florida,49.8,12.1,76.0,9.3,0.0,6.6,35.1,42088.0,53960.0,20620.0,2.7,8.5,15.8,9.4,22.0,18.9,14.0,7.4,0.8,0.5,26.2,38.6,25.0,8.1,39.7,32.8,19.3,43.1,56.9,1237.0,7.2,52.7,1820,94.7,5.3,4933.0,40.7,14.4,13.5,51.6,1.3,45.7,0.2,12.2,46.8,27.8,0.0,Mixed,Q1 (Lowest),Mixed,True,False,True,False
12086001702,Census Tract 17.02; Miami-Dade County; Florida,51.0,10.6,73.0,8.1,0.0,6.7,31.5,40664.0,51219.0,21412.0,2.2,9.2,13.5,10.6,28.7,19.2,5.6,7.0,3.2,0.7,22.2,35.5,29.6,10.8,52.1,19.8,17.3,33.9,66.1,1376.0,2.8,74.4,1485,89.9,10.1,3448.0,41.4,22.7,17.7,61.2,4.6,31.4,1.9,28.6,32.5,23.9,0.8,Majority Hispanic,Q1 (Lowest),Hispanic-Majority,True,False,True,False
12086001704,Census Tract 17.04; Miami-Dade County; Florida,47.8,6.4,46.6,14.4,0.0,2.3,31.6,38274.0,64758.0,21325.0,8.9,7.1,17.4,13.5,11.1,10.0,17.4,3.3,0.0,11.3,24.9,41.8,27.6,17.7,39.4,24.6,18.2,49.8,50.2,1315.0,3.5,44.8,861,88.6,11.4,2412.0,36.6,26.3,18.7,90.2,4.5,3.8,0.0,29.8,3.8,51.9,0.0,Majority Hispanic,Q1 (Lowest),Hispanic-Majority,True,True,True,True
12086001705,Census Tract 17.05; Miami-Dade County; Florida,64.7,4.2,85.4,4.6,0.4,3.2,27.4,56179.0,59314.0,21975.0,4.5,3.6,18.5,17.8,2.0,25.3,13.4,14.9,0.0,0.0,16.6,49.9,17.2,6.1,37.1,48.7,8.1,8.4,91.6,1399.0,6.0,40.9,731,94.7,5.3,1975.0,36.2,19.9,15.6,99.4,0.6,0.0,0.0,41.2,5.0,43.7,0.0,Majority Hispanic,Q2,Hispanic-Majority,False,False,False,False
12086001801,Census Tract 18.01; Miami-Dade County; Florida,49.3,5.8,72.8,4.5,0.0,9.9,25.6,45135.0,51636.0,19708.0,14.2,4.1,13.3,10.7,14.4,28.4,3.9,7.5,1.7,1.8,31.6,23.9,22.6,20.8,32.9,28.1,18.2,46.8,53.2,1208.0,8.2,52.8,1885,89.6,10.4,4518.0,40.3,26.9,16.6,38.9,1.1,59.6,0.0,5.2,60.7,18.9,0.0,Majority Black,Q1 (Lowest),Black-Majority,True,True,True,True
12086001802,Census Tract 18.02; Miami-Dade County; Florida,57.1,5.5,74.4,3.5,0.0,11.2,29.1,40806.0,49825.0,18865.0,3.3,16.2,9.6,16.1,19.4,14.7,11.8,7.2,0.5,1.2,28.5,41.5,24.6,13.0,46.8,31.0,9.1,40.4,59.6,1715.0,2.2,63.9,1644,96.1,3.9,4368.0,35.5,25.8,10.7,64.1,0.8,34.3,0.7,19.4,35.4,22.3,0.0,Majority Hispanic,Q1 (Lowest),Hispanic-Majority,True,True,True,True
12086001803,Census Tract 18.03; Miami-Dade County; Florida,51.6,5.3,74.9,19.3,0.0,0.0,31.7,20837.0,41283.0,21720.0,16.0,25.3,22.0,0.9,11.2,10.8,5.5,2.3,1.5,4.4,26.8,59.7,2.8,31.1,55.6,3.3,9.9,15.2,84.8,527.0,29.3,39.1,1710,80.6,19.4,2906.0,40.8,18.5,24.1,40.7,0.2,58.2,0.0,16.4,58.2,6.6,0.2,Majority Black,Q1 (Lowest),Black-Majority,True,True,True,True
12086001901,Census Tract 19.01; Miami-Dade County; Florida,49.9,12.2,75.1,11.9,0.0,0.0,26.6,28859.0,42091.0,21199.0,11.9,13.8,11.7,24.8,9.2,14.6,6.8,4.4,0.7,2.1,36.8,52.0,16.1,25.5,56.3,14.1,4.1,18.8,81.2,1201.0,7.4,54.6,2390,84.7,15.3,4275.0,37.7,25.5,13.9,33.8,1.5,62.4,2.3,9.1,63.5,9.5,0.0,Majority Black,Q1 (Lowest),Black-Majority,True,True,True,True
12086001903,Census Tract 19.03; Miami-Dade County; Florida,58.1,7.4,53.0,35.6,0.0,0.5,36.9,40441.0,46508.0,17475.0,16.6,13.7,16.6,2.4,12.7,14.1,14.7,6.4,2.9,0.0,24.2,45.8,38.7,33.7,47.8,15.5,3.0,16.9,83.1,1193.0,11.7,50.9,1567,82.1,17.9,3560.0,33.0,25.2,9.4,42.1,2.8,54.6,0.0,4.9,55.4,14.0,0.0,Majority Black,Q1 (Lowest),Black-Majority,True,True,True,True
12086001904,Census Tract 19.04; Miami-Dade County; Florida,52.8,12.3,69.0,4.6,0.0,4.5,31.9,37550.0,50745.0,21466.0,6.5,7.4,19.2,11.3,16.2,20.4,1.6,13.7,3.4,0.4,29.6,36.5,17.3,19.7,52.6,17.0,10.7,23.4,76.6,1529.0,11.3,71.0,1852,86.2,13.8,4032.0,39.3,23.8,15.3,41.1,5.3,49.0,1.2,14.0,54.5,22.4,0.0,Mixed,Q1 (Lowest),Mixed,True,True,True,True
12086002001,Census Tract 20.01; Miami-Dade County; Florida,43.5,16.1,68.9,9.5,4.2,6.9,29.4,26073.0,40801.0,15649.0,21.3,13.9,10.4,14.9,14.1,9.1,7.7,6.7,1.9,0.0,40.5,45.4,28.4,31.4,51.6,13.0,4.0,11.0,89.0,731.0,8.5,54.7,1573,83.0,17.0,3745.0,40.5,23.1,20.0,20.9,2.9,75.6,0.5,9.0,77.5,8.2,0.0,Majority Black,Q1 (Lowest),Black-Majority,True,True,True,True
12086002003,Census Tract 20.03; Miami-Dade County; Florida,43.7,8.2,63.5,17.2,4.0,10.2,32.5,31406.0,45739.0,18078.0,9.9,17.6,16.3,7.3,19.1,10.5,7.6,5.9,4.4,1.5,47.7,45.6,22.4,29.9,53.5,13.0,3.5,16.1,83.9,1246.0,10.7,66.0,1495,86.7,13.3,3468.0,33.6,26.0,14.5,36.0,5.0,57.6,0.3,14.9,57.9,14.9,0.0,Majority Black,Q1 (Lowest),Black-Majority,True,True,True,True
12086002004,Census Tract 20.04; Miami-Dade County; Florida,58.8,9.7,66.9,15.6,4.1,2.7,32.6,35271.0,49700.0,17418.0,14.4,8.1,13.8,13.0,14.8,16.6,5.7,7.3,6.2,0.0,28.4,34.4,17.6,31.7,45.7,7.4,15.2,17.6,82.4,1288.0,7.5,66.3,1186,88.1,11.9,3246.0,31.9,32.7,14.1,30.5,2.5,66.1,0.0,16.1,74.4,4.5,0.1,Majority Black,Q1 (Lowest),Black-Majority,True,True,True,True
12086002100,Census Tract 21; Miami-Dade County; Florida,62.3,7.7,47.7,1.6,5.4,34.0,24.6,96833.0,215250.0,83828.0,3.9,0.0,4.1,4.8,6.4,17.5,14.7,7.0,2.9,38.7,10.1,2.9,11.0,10.0,53.5,21.1,15.4,52.1,47.9,2142.0,16.6,42.7,1569,75.8,24.2,3048.0,38.9,20.9,13.9,48.2,35.0,12.3,3.4,54.7,12.3,18.6,0.0,Mixed,Q4,Mixed,False,False,False,False
12086002201,Census Tract 22.01; Miami-Dade County; Florida,64.4,6.1,61.9,6.1,4.0,9.6,25.3,67271.0,88262.0,35262.0,5.1,0.0,4.7,11.7,13.8,25.9,16.4,14.6,0.5,7.2,17.0,16.6,20.2,5.0,48.4,41.3,5.3,29.6,70.4,2018.0,11.8,59.2,1263,90.8,9.2,3130.0,37.1,15.2,16.9,40.5,15.5,37.9,2.8,29.5,38.2,21.3,0.2,Mixed,Q3,Mixed,False,False,False,False
12086002202,Census Tract 22.02; Miami-Dade County; Florida,49.4,12.4,65.2,12.9,1.1,6.1,33.0,49685.0,86501.0,27284.0,7.5,7.4,12.8,2.0,22.0,6.2,12.1,18.2,7.9,3.7,24.4,37.4,24.6,11.5,31.7,50.2,6.7,55.1,44.9,1639.0,13.5,46.0,2028,77.7,22.3,5283.0,33.9,22.8,15.8,25.4,4.8,68.0,0.2,11.0,70.6,8.5,0.8,Majority Black,Q2,Black-Majority,True,False,True,False
12086002300,Census Tract 23; Miami-Dade County; Florida,49.1,8.9,67.2,15.6,3.3,12.9,32.7,39857.0,60615.0,21318.0,12.7,8.5,4.9,9.4,17.0,20.2,6.2,13.1,5.5,2.4,32.2,46.9,15.0,26.0,30.0,32.9,11.0,53.1,46.9,1565.0,9.2,59.7,2150,84.3,15.7,5471.0,34.4,29.5,15.0,35.8,0.9,63.1,0.0,12.4,65.6,17.3,0.0,Majority Black,Q1 (Lowest),Black-Majority,True,True,True,True
12086002402,Census Tract 24.02; Miami-Dade County; Florida,59.9,9.2,70.2,8.0,8.5,5.9,29.4,43801.0,56884.0,20118.0,5.3,18.0,7.7,10.0,16.6,17.4,9.0,8.0,7.3,0.6,17.8,38.4,28.1,14.8,48.7,24.1,12.4,34.9,65.1,1339.0,10.7,58.5,1989,94.6,5.4,6305.0,35.8,28.5,15.2,89.7,3.6,6.1,1.2,21.6,8.8,63.7,0.0,Majority Hispanic,Q1 (Lowest),Hispanic-Majority,False,True,True,False
12086002403,Census Tract 24.03; Miami-Dade County; Florida,58.3,4.0,74.0,13.6,1.6,1.2,30.2,57759.0,59136.0,20499.0,4.5,11.5,15.6,3.6,7.7,23.3,21.9,7.2,1.4,3.2,26.7,37.9,23.3,20.9,27.2,27.7,24.2,23.4,76.6,1536.0,13.7,48.8,1410,97.9,2.1,4118.0,42.6,12.3,18.0,94.0,3.3,2.0,0.0,28.2,6.4,52.4,0.0,Majority Hispanic,Q2,Hispanic-Majority,True,True,False,False
12086002404,Census Tract 24.04; Miami-Dade County; Florida,51.3,10.5,53.6,13.8,7.4,0.0,31.7,23516.0,34645.0,15729.0,16.0,17.5,17.7,13.4,7.8,17.4,5.4,4.8,0.0,0.0,27.1,64.3,18.7,26.1,53.6,16.8,3.5,12.1,87.9,1170.0,6.3,62.1,2553,91.3,8.7,5306.0,45.9,17.1,25.3,97.5,0.6,1.9,0.0,32.9,4.0,53.2,0.0,Majority Hispanic,Q1 (Lowest),Hispanic-Majority,True,True,True,True
12086002501,Census Tract 25.01; Miami-Dade County; Florida,45.4,8.3,75.0,18.7,0.2,0.1,30.3,32336.0,44019.0,15225.0,0.9,14.7,16.0,22.3,20.8,12.8,5.0,5.6,0.0,1.7,29.4,53.7,21.6,15.1,48.4,28.1,8.4,24.5,75.5,1343.0,6.4,72.4,2017,95.5,4.5,5792.0,45.7,17.9,20.7,78.0,3.5,17.0,0.0,16.0,19.2,51.4,0.4,Majority Hispanic,Q1 (Lowest),Hispanic-Majority,True,True,True,True
12086002502,Census Tract 25.02; Miami-Dade County; Florida,46.8,9.9,66.9,8.5,0.2,2.3,28.8,47260.0,56974.0,19303.0,3.8,4.8,15.4,15.9,22.7,15.6,4.3,12.6,3.2,1.7,30.6,35.1,28.3,29.2,34.2,30.7,5.9,31.9,68.1,1321.0,12.9,71.6,1209,93.1,6.9,3465.0,41.5,25.6,19.9,74.5,3.8,17.7,0.5,9.9,19.9,42.3,0.0,Majority Hispanic,Q1 (Lowest),Hispanic-Majority,True,True,True,True
12086002600,Census Tract 26; Miami-Dade County; Florida,72.6,2.7,49.1,8.9,3.1,23.9,29.6,82344.0,113756.0,51270.0,3.1,3.9,6.5,2.2,16.8,13.9,13.8,16.6,8.7,14.5,11.1,27.7,17.9,17.9,57.3,22.9,1.9,20.7,79.3,2081.0,4.9,51.9,3553,75.7,24.3,6036.0,35.6,17.1,9.7,76.2,17.4,4.2,0.6,30.1,6.2,48.4,0.4,Majority Hispanic,Q4,Hispanic-Majority,False,True,False,False
12086002702,Census Tract 27.02; Miami-Dade County; Florida,73.5,5.9,52.2,6.0,6.7,23.0,25.7,83465.0,105266.0,50486.0,3.8,1.7,6.7,8.3,7.2,17.8,12.1,21.1,15.8,5.6,17.4,8.3,16.3,15.4,57.9,24.8,1.9,4.4,95.6,2519.0,12.6,51.7,3313,82.9,17.1,6022.0,32.7,16.0,5.6,61.8,18.9,11.0,3.7,46.0,11.6,31.0,1.5,Majority Hispanic,Q4,Hispanic-Majority,False,True,False,False
12086002705,Census Tract 27.05; Miami-Dade County; Florida,68.1,7.9,51.6,0.7,4.3,28.3,31.6,118772.0,164602.0,75623.0,5.4,0.0,0.0,0.0,5.8,30.8,3.3,18.2,6.5,30.1,5.3,19.1,18.7,19.9,41.8,32.7,5.5,24.2,75.8,2801.0,22.9,43.2,2895,79.3,20.7,5143.0,32.5,14.4,7.1,65.7,24.1,3.5,2.4,59.3,5.0,24.3,2.2,Majority Hispanic,Q5 (Highest),Hispanic-Majority,False,True,False,False
12086002707,Census Tract 27.07; Miami-Dade County; Florida,87.5,1.4,53.8,1.7,3.5,22.1,36.4,95855.0,131495.0,77438.0,4.6,0.0,3.2,5.0,13.8,12.0,12.2,13.7,14.6,20.9,8.8,3.3,21.5,2.6,80.2,17.2,0.0,42.3,57.7,2723.0,7.5,57.1,1809,81.1,18.9,2470.0,35.6,16.1,4.1,42.3,41.3,4.7,6.0,48.7,4.7,37.0,0.0,Mixed,Q4,Mixed,False,False,False,False
12086002708,Census Tract 27.08; Miami-Dade County; Florida,80.3,2.1,65.7,1.0,1.7,23.1,26.2,77146.0,120930.0,62413.0,7.0,0.0,6.6,3.9,7.9,21.6,14.6,17.8,8.7,11.9,8.0,8.5,14.8,2.1,65.7,31.5,0.7,17.4,82.6,2246.0,12.2,29.2,1827,93.1,6.9,3324.0,35.7,10.6,7.9,69.3,23.8,2.0,3.8,45.7,2.0,38.1,2.2,Majority Hispanic,Q3,Hispanic-Majority,False,False,False,False
12086002709,Census Tract 27.09; Miami-Dade County; Florida,85.5,2.6,54.0,0.3,5.7,25.5,22.7,123892.0,138185.0,91033.0,1.4,7.1,1.8,0.3,4.6,11.7,11.7,34.4,8.7,18.2,11.6,0.0,7.3,8.5,74.4,14.5,2.5,49.3,50.7,2325.0,7.7,39.1,3666,74.1,25.9,4182.0,34.3,6.0,2.3,43.9,37.8,5.1,14.4,44.5,5.1,35.5,0.0,Mixed,Q5 (Highest),Mixed,False,False,False,False
12086002710,Census Tract 27.10; Miami-Dade County; Florida,68.0,0.9,62.7,8.3,4.6,15.3,21.2,117636.0,176137.0,112127.0,7.5,0.0,3.3,0.6,8.4,23.7,3.0,26.0,7.7,19.8,12.4,3.5,12.8,7.8,59.8,26.6,5.9,54.6,45.4,2422.0,2.2,37.2,1640,69.8,30.2,1800.0,45.5,8.1,19.8,44.7,38.7,6.1,1.1,50.2,6.1,35.3,5.7,Mixed,Q5 (Highest),Mixed,False,False,False,False
12086002800,Census Tract 28; Miami-Dade County; Florida,57.4,12.3,43.8,14.8,8.5,14.3,27.6,38200.0,74649.0,38336.0,9.3,14.4,11.3,13.6,7.8,18.3,2.3,11.1,5.4,6.4,44.1,25.5,28.0,26.7,65.6,6.2,1.6,2.9,97.1,1783.0,4.4,63.4,636,80.8,19.2,1205.0,39.3,8.9,9.3,55.9,16.0,21.0,2.0,18.3,27.1,40.0,0.9,Mixed,Q1 (Lowest),Mixed,True,True,True,True
12086002900,Census Tract 29; Miami-Dade County; Florida,56.0,9.9,69.0,13.6,5.8,2.6,27.5,42875.0,57371.0,19387.0,6.3,12.4,10.6,12.4,12.0,20.2,9.7,11.3,1.2,3.8,32.1,47.7,20.0,23.4,38.1,27.5,11.1,22.9,77.1,1391.0,3.6,62.9,1639,95.2,4.8,5174.0,40.9,19.3,14.9,78.4,7.4,13.1,1.2,33.2,13.9,44.8,0.0,Majority Hispanic,Q1 (Lowest),Hispanic-Majority,True,True,True,True
12086003001,Census Tract 30.01; Miami-Dade County; Florida,53.9,2.4,64.3,7.0,8.0,5.2,28.7,43776.0,62825.0,29886.0,19.0,19.8,3.0,2.5,14.5,14.5,7.0,7.5,3.1,9.2,38.3,29.3,26.3,35.0,43.3,16.4,5.3,19.1,80.9,1161.0,15.5,57.3,1712,84.2,15.8,3202.0,38.9,14.0,15.5,64.0,15.5,10.1,8.1,35.2,12.3,40.6,0.0,Majority Hispanic,Q1 (Lowest),Hispanic-Majority,True,True,True,True
12086003004,Census Tract 30.04; Miami-Dade County; Florida,45.5,0.0,75.6,0.0,10.3,3.6,28.1,35363.0,41378.0,20185.0,10.5,20.7,12.7,5.1,18.1,13.7,14.3,4.5,0.0,0.4,29.5,36.7,16.0,26.5,53.7,18.4,1.3,6.0,94.0,1363.0,16.6,54.8,2633,93.8,6.2,5524.0,38.7,10.5,18.2,70.3,3.1,21.8,4.8,25.3,24.5,37.8,0.0,Majority Hispanic,Q1 (Lowest),Hispanic-Majority,True,True,True,True
12086003005,Census Tract 30.05; Miami-Dade County; Florida,57.7,3.3,68.4,4.8,8.4,1.7,25.9,35933.0,54892.0,25179.0,9.8,1.7,9.1,19.2,39.6,0.0,8.3,8.6,0.0,3.7,20.3,30.6,26.3,18.0,57.9,20.5,3.7,18.4,81.6,1303.0,0.0,81.8,742,96.0,4.0,1611.0,41.1,12.7,19.9,96.5,3.5,0.0,0.0,17.1,1.9,69.1,0.0,Majority Hispanic,Q1 (Lowest),Hispanic-Majority,True,True,True,True
12086003006,Census Tract 30.06; Miami-Dade County; Florida,52.7,6.8,77.3,6.9,2.5,1.9,27.0,39781.0,52127.0,19746.0,7.5,13.3,18.8,8.4,7.9,19.2,4.0,19.4,0.9,0.7,23.2,37.5,25.6,21.7,36.8,25.8,15.7,18.1,81.9,1459.0,2.9,57.3,1817,95.9,4.1,4728.0,47.0,18.7,17.4,90.0,8.4,1.0,3.4,39.9,1.0,50.6,0.0,Majority Hispanic,Q1 (Lowest),Hispanic-Majority,True,True,True,True
12086003100,Census Tract 31; Miami-Dade County; Florida,46.6,24.4,65.5,6.3,6.7,3.0,25.9,41968.0,57816.0,21215.0,7.6,7.5,15.3,12.7,10.9,12.5,14.4,12.1,6.1,1.0,37.3,48.9,18.6,25.3,32.3,15.5,26.9,15.3,84.7,990.0,11.1,32.4,2066,89.4,10.6,5586.0,35.0,16.4,10.0,36.6,2.2,58.0,0.4,21.0,59.9,16.9,0.0,Majority Black,Q1 (Lowest),Black-Majority,True,True,True,True
12086003400,Census Tract 34; Miami-Dade County; Florida,60.9,9.1,51.5,24.8,4.2,8.3,23.9,39210.0,45688.0,23780.0,11.2,8.3,13.3,12.9,24.1,11.1,12.0,1.1,5.8,0.3,25.5,41.6,25.1,44.7,38.2,12.9,4.3,0.0,100.0,1320.0,11.2,61.3,2034,87.2,12.8,3412.0,32.5,17.1,10.6,58.1,10.2,29.3,0.6,29.3,33.1,26.2,0.5,Mixed,Q1 (Lowest),Mixed,True,True,True,True
12086003603,Census Tract 36.03; Miami-Dade County; Florida,72.7,7.7,59.8,1.5,3.5,10.6,21.7,55194.0,64205.0,37397.0,13.2,2.8,14.1,4.6,13.2,25.4,0.0,21.0,0.0,5.6,15.2,30.4,21.3,23.7,57.1,15.8,3.4,7.4,92.6,1380.0,15.0,50.7,1199,84.9,15.1,1825.0,38.5,7.5,18.1,72.8,14.6,5.9,1.4,44.1,7.0,31.2,5.3,Majority Hispanic,Q2,Hispanic-Majority,False,True,False,False
12086003604,Census Tract 36.04; Miami-Dade County; Florida,81.0,0.3,48.0,4.9,15.1,9.2,25.2,54031.0,85621.0,36819.0,8.9,7.2,5.2,1.8,22.9,21.9,16.3,3.7,3.5,8.6,12.9,26.9,22.1,32.1,43.9,20.7,3.3,6.7,93.3,1641.0,16.6,47.7,1549,79.5,20.5,2932.0,37.2,14.2,9.2,79.0,10.9,8.3,0.0,38.4,8.3,47.4,0.0,Majority Hispanic,Q2,Hispanic-Majority,False,True,False,False
12086003605,Census Tract 36.05; Miami-Dade County; Florida,62.3,1.6,57.7,12.7,7.3,7.1,27.5,22433.0,75758.0,46005.0,3.1,25.2,21.9,7.7,6.7,9.7,8.0,4.2,6.7,6.7,36.1,45.7,18.5,35.4,42.3,18.4,3.9,12.2,87.8,1352.0,11.9,54.3,1772,87.0,13.0,2557.0,46.4,8.5,28.9,82.6,9.9,6.5,0.1,43.4,11.7,38.1,0.0,Majority Hispanic,Q1 (Lowest),Hispanic-Majority,True,True,True,True
12086003606,Census Tract 36.06; Miami-Dade County; Florida,54.3,7.3,56.3,7.3,7.1,4.0,34.5,27564.0,42902.0,28261.0,11.6,26.7,10.3,10.3,11.9,6.8,10.3,10.6,1.5,0.0,33.5,50.1,15.4,45.2,44.3,7.4,3.1,0.0,100.0,1116.0,23.0,47.9,1374,95.8,4.2,1985.0,48.7,7.1,31.5,81.7,11.2,3.3,0.0,45.3,3.7,42.9,0.0,Majority Hispanic,Q1 (Lowest),Hispanic-Majority,True,True,True,True
12086003607,Census Tract 36.07; Miami-Dade County; Florida,63.2,15.8,62.2,2.4,5.6,9.5,23.3,34926.0,91087.0,45177.0,12.7,11.2,9.7,16.5,17.2,16.3,1.2,9.5,0.7,4.9,29.2,29.8,15.6,14.3,62.4,22.6,0.7,14.2,85.8,1368.0,13.9,66.0,989,95.4,4.6,1929.0,36.2,19.3,8.4,61.6,3.6,32.1,2.7,30.9,32.1,34.3,0.0,Majority Hispanic,Q1 (Lowest),Hispanic-Majority,True,True,True,True
12086003703,Census Tract 37.03; Miami-Dade County; Florida,85.4,4.3,34.4,6.7,11.2,36.5,24.1,135074.0,187091.0,108978.0,4.4,0.0,3.3,2.5,2.4,8.3,13.2,21.7,16.2,27.8,5.9,5.4,14.8,17.9,69.5,10.1,2.4,31.2,68.8,2652.0,4.5,33.3,2282,75.2,24.8,2982.0,32.9,5.8,1.0,50.4,30.4,6.3,10.8,38.3,6.5,43.2,0.0,Mixed,Q5 (Highest),Mixed,False,True,False,False
12086003704,Census Tract 37.04; Miami-Dade County; Florida,81.5,0.0,43.6,6.2,19.3,13.1,20.4,61311.0,67191.0,48400.0,11.1,9.5,7.3,8.4,6.1,15.8,17.3,11.3,11.3,2.0,17.7,14.4,5.7,39.8,48.4,11.8,0.0,15.8,84.2,2130.0,14.9,44.2,1322,67.7,32.3,1286.0,35.7,7.6,7.5,63.1,25.0,8.6,4.5,41.5,8.6,37.4,0.0,Majority Hispanic,Q3,Hispanic-Majority,False,True,False,False
12086003705,Census Tract 37.05; Miami-Dade County; Florida,88.2,2.1,48.2,2.0,18.3,20.2,19.5,108906.0,161061.0,91542.0,3.8,0.0,0.0,5.9,1.5,20.4,16.7,7.7,21.3,22.7,4.6,5.6,8.9,9.3,61.8,24.9,4.0,51.4,48.6,2683.0,5.9,53.1,1413,71.3,28.7,1796.0,31.0,6.5,1.6,54.0,20.0,11.0,4.4,34.7,11.7,45.5,0.9,Mixed,Q5 (Highest),Mixed,False,False,False,False
12086003706,Census Tract 37.06; Miami-Dade County; Florida,42.7,2.7,33.4,16.9,7.1,27.4,25.6,66545.0,75161.0,26640.0,8.3,0.0,10.4,5.1,10.3,22.1,11.5,24.0,5.2,3.2,9.0,6.7,18.9,35.1,59.0,5.9,0.0,0.0,100.0,2433.0,16.2,51.9,854,83.4,16.6,2096.0,32.7,6.7,0.9,56.1,19.7,19.7,0.6,45.3,24.4,26.9,0.0,Mixed,Q3,Mixed,False,True,False,False
12086003707,Census Tract 37.07; Miami-Dade County; Florida,82.2,3.9,51.7,9.4,5.1,29.9,23.6,115521.0,125760.0,90034.0,4.8,6.6,3.5,1.3,3.2,8.8,18.2,20.4,16.7,16.5,12.5,8.5,10.0,22.3,67.3,10.4,0.0,27.8,72.2,2419.0,7.2,46.0,1643,70.5,29.5,1598.0,34.6,1.8,9.1,50.7,29.2,3.2,10.2,51.1,5.6,29.8,1.1,Mixed,Q5 (Highest),Mixed,False,True,False,False
12086003708,Census Tract 37.08; Miami-Dade County; Florida,71.3,1.5,45.6,2.1,12.9,32.5,21.8,87768.0,174850.0,100017.0,7.0,0.0,0.0,6.4,2.3,26.4,11.1,10.5,15.2,21.1,8.6,2.8,4.8,0.0,77.4,22.6,0.0,41.1,58.9,2808.0,7.1,65.8,817,74.8,25.2,1087.0,37.6,7.1,13.7,60.0,34.9,0.0,4.0,53.9,0.0,38.9,0.9,Mixed,Q4,Mixed,False,False,False,False
12086003709,Census Tract 37.09; Miami-Dade County; Florida,88.1,0.0,55.1,17.6,6.8,7.0,26.2,67130.0,91131.0,55010.0,0.5,0.0,0.0,7.1,17.2,40.7,4.1,10.2,9.9,10.2,0.6,0.9,26.1,7.0,59.2,27.1,6.7,16.9,83.1,1959.0,16.6,49.0,839,92.3,7.7,1321.0,35.3,1.1,4.8,58.0,11.5,8.9,8.2,43.0,10.8,27.5,6.9,Mixed,Q3,Mixed,False,False,False,False
12086003710,Census Tract 37.10; Miami-Dade County; Florida,73.6,7.8,51.5,6.4,5.9,25.9,18.4,105679.0,143495.0,68217.0,6.0,4.3,2.6,3.1,5.5,11.2,13.4,21.9,14.2,17.7,17.0,6.9,21.4,7.3,62.7,28.4,1.5,16.0,84.0,2873.0,4.2,57.0,4283,80.6,19.4,7337.0,34.1,9.6,4.4,56.8,25.9,5.2,7.5,39.2,5.8,47.4,0.7,Mixed,Q5 (Highest),Mixed,False,False,False,False
12086003801,Census Tract 38.01; Miami-Dade County; Florida,67.7,4.7,59.6,2.0,2.9,24.0,30.4,84357.0,140136.0,53785.0,9.1,1.9,4.7,6.1,10.0,14.5,7.5,15.6,8.6,21.9,7.1,5.7,12.6,6.3,48.8,36.4,8.5,50.9,49.1,2348.0,15.9,64.9,2634,83.5,16.5,5848.0,36.9,29.7,12.5,54.2,41.1,1.2,0.1,53.2,1.2,36.1,2.1,Mixed,Q4,Mixed,False,False,False,False
12086003803,Census Tract 38.03; Miami-Dade County; Florida,49.0,8.7,57.4,1.0,4.4,20.7,34.3,91061.0,266606.0,116504.0,9.4,3.7,3.7,4.0,8.0,11.9,13.2,9.5,6.0,30.5,18.0,3.2,14.5,7.3,49.0,25.7,18.0,65.8,34.2,2734.0,10.4,71.0,3629,36.9,63.1,3021.0,49.9,19.2,28.6,28.9,67.6,0.1,0.0,79.3,0.2,18.0,2.5,Majority White,Q4,White-Majority,False,False,False,False
12086003804,Census Tract 38.04; Miami-Dade County; Florida,61.0,3.1,65.2,6.5,2.4,17.6,31.9,88938.0,147151.0,54623.0,11.9,3.3,4.6,7.1,6.7,9.1,11.1,10.6,11.8,23.8,15.4,7.2,9.7,10.1,41.5,40.3,8.1,66.1,33.9,1795.0,21.6,58.3,3841,53.4,46.6,5566.0,41.0,32.3,18.1,34.1,57.5,4.7,3.9,76.1,4.7,16.1,0.2,Majority White,Q4,White-Majority,False,False,False,False
12086003906,Census Tract 39.06; Miami-Dade County; Florida,63.4,2.0,68.5,0.0,0.8,16.5,25.1,191786.0,363210.0,134194.0,4.1,0.0,2.2,4.4,3.8,3.2,4.5,11.9,23.0,42.8,4.5,0.6,5.2,4.1,30.6,45.6,19.7,87.8,12.2,2579.0,0.0,65.7,1113,77.4,22.6,2385.0,49.5,25.6,17.4,30.9,64.2,0.0,1.8,79.4,0.0,14.5,0.0,Majority White,Q5 (Highest),White-Majority,False,False,False,False
12086003909,Census Tract 39.09; Miami-Dade County; Florida,59.7,2.3,59.6,7.8,2.4,25.8,27.0,43431.0,77392.0,43822.0,11.9,12.8,11.5,7.7,10.8,20.6,10.7,6.9,3.9,3.2,25.0,27.0,17.6,39.1,45.9,12.8,2.2,12.7,87.3,1445.0,23.2,40.5,1116,66.4,33.6,1342.0,45.1,12.3,26.8,62.5,13.9,11.4,0.9,25.8,11.4,38.8,2.9,Majority Hispanic,Q1 (Lowest),Hispanic-Majority,True,True,True,True
12086003911,Census Tract 39.11; Miami-Dade County; Florida,71.8,8.0,55.5,21.2,4.6,7.5,34.3,48205.0,67001.0,32794.0,1.8,5.2,17.6,14.3,12.9,23.4,3.3,12.0,6.9,2.4,24.4,12.8,29.5,15.8,46.3,27.8,10.2,37.0,63.0,1656.0,5.8,65.5,2651,76.4,23.6,4381.0,40.4,11.4,14.9,73.6,11.1,4.3,4.0,23.5,6.4,54.4,2.6,Majority Hispanic,Q2,Hispanic-Majority,True,True,True,True
12086003912,Census Tract 39.12; Miami-Dade County; Florida,69.6,5.5,46.2,20.5,4.3,11.8,29.8,58318.0,90157.0,36355.0,16.6,1.9,5.0,6.7,12.1,16.1,12.0,15.2,6.4,8.0,11.3,29.2,23.2,18.2,52.0,22.0,7.8,21.7,78.3,1757.0,7.2,60.5,1962,92.3,7.7,4470.0,35.1,20.0,8.0,83.9,11.2,1.2,0.0,33.8,1.2,36.5,1.6,Majority Hispanic,Q2,Hispanic-Majority,False,True,False,False
12086003913,Census Tract 39.13; Miami-Dade County; Florida,59.2,5.2,64.2,9.6,4.0,12.5,29.7,45369.0,79932.0,40635.0,0.8,10.8,5.6,16.6,18.3,12.9,7.6,6.6,16.7,4.1,16.1,17.3,21.4,22.9,51.0,22.2,3.9,28.5,71.5,1534.0,7.3,60.7,2425,75.5,24.5,3672.0,48.0,12.6,22.5,63.8,17.6,2.8,6.0,43.3,7.7,22.8,9.9,Majority Hispanic,Q1 (Lowest),Hispanic-Majority,False,True,True,False
12086003914,Census Tract 39.14; Miami-Dade County; Florida,62.3,3.1,44.7,10.5,2.6,23.7,30.7,53003.0,120301.0,73242.0,3.2,11.9,5.8,10.7,14.1,14.9,7.7,11.0,5.1,15.5,16.9,12.8,21.5,21.9,64.9,13.2,0.0,38.6,61.4,1636.0,21.2,49.6,3465,60.7,39.3,3396.0,50.9,5.3,29.7,70.0,23.6,0.9,2.5,42.1,7.3,42.2,0.5,Majority Hispanic,Q2,Hispanic-Majority,False,True,False,False
12086003915,Census Tract 39.15; Miami-Dade County; Florida,70.3,6.1,51.7,3.3,4.0,13.1,34.0,63542.0,104241.0,46692.0,1.8,3.3,6.3,14.8,11.5,16.3,14.5,10.9,9.8,10.9,4.9,11.2,22.0,22.5,28.3,37.6,11.5,42.8,57.2,1711.0,13.6,54.1,2555,84.9,15.1,5020.0,45.6,13.0,17.0,68.1,17.7,6.3,3.0,51.4,6.3,31.8,0.4,Majority Hispanic,Q3,Hispanic-Majority,False,True,False,False
12086003916,Census Tract 39.16; Miami-Dade County; Florida,67.9,2.2,46.0,12.4,0.0,20.8,36.5,68154.0,90759.0,40595.0,4.8,5.5,13.5,3.7,7.4,21.7,12.0,16.1,7.1,8.3,17.4,24.1,15.3,24.4,39.5,26.2,9.9,29.0,71.0,1652.0,15.2,42.8,2068,89.7,10.3,4178.0,39.7,14.6,11.3,71.7,17.2,2.8,2.8,32.4,2.8,43.3,0.6,Majority Hispanic,Q3,Hispanic-Majority,False,True,False,False
12086003917,Census Tract 39.17; Miami-Dade County; Florida,70.1,4.0,52.8,1.1,0.0,23.3,30.1,74241.0,89948.0,37975.0,5.2,5.9,2.6,3.7,11.2,21.9,22.9,13.7,3.8,9.2,8.7,15.5,16.8,1.6,49.0,44.3,5.1,39.1,60.9,1966.0,7.3,50.9,2689,79.3,20.7,5269.0,48.0,12.5,13.3,61.8,20.6,6.0,6.3,39.2,6.5,33.1,3.0,Majority Hispanic,Q3,Hispanic-Majority,False,False,False,False
12086003918,Census Tract 39.18; Miami-Dade County; Florida,78.7,3.6,68.1,2.7,0.0,18.5,34.0,87500.0,98684.0,46628.0,4.1,3.5,1.1,5.8,7.6,21.5,9.9,27.9,14.7,3.9,8.2,3.2,12.8,6.0,58.0,29.3,6.8,37.8,62.2,2348.0,11.9,48.1,1675,76.5,23.5,2735.0,40.9,13.5,10.2,57.7,31.1,2.2,6.0,45.6,3.4,33.4,1.6,Mixed,Q4,Mixed,False,False,False,False
12086003919,Census Tract 39.19; Miami-Dade County; Florida,63.8,4.2,38.4,5.2,0.5,47.7,23.8,97167.0,156525.0,77719.0,7.5,1.3,8.0,3.6,3.1,22.5,4.9,12.0,16.6,20.4,7.4,1.1,5.8,5.2,50.0,40.1,4.7,67.0,33.0,2850.0,9.0,45.4,2383,53.0,47.0,2759.0,40.5,20.6,21.3,48.6,38.1,2.2,0.9,54.3,2.2,39.4,0.0,Mixed,Q4,Mixed,False,False,False,False
12086003921,Census Tract 39.21; Miami-Dade County; Florida,54.3,4.6,41.3,6.6,0.7,43.4,36.6,104453.0,273674.0,122312.0,8.0,2.2,2.0,7.8,8.0,6.5,11.2,13.0,12.2,29.2,5.9,1.1,10.0,3.4,63.9,28.0,4.7,61.7,38.3,2959.0,0.0,40.9,3036,40.4,59.6,2756.0,47.0,20.9,22.5,45.3,46.1,2.5,5.0,72.5,3.0,14.9,0.0,Mixed,Q5 (Highest),Mixed,False,False,False,False
12086003922,Census Tract 39.22; Miami-Dade County; Florida,57.2,5.0,41.8,11.8,6.2,33.1,26.8,120481.0,238122.0,100529.0,2.1,3.4,1.8,3.3,13.2,10.9,7.8,19.5,8.9,29.1,5.1,4.0,11.1,3.1,63.3,31.8,1.8,52.8,47.2,2552.0,17.5,32.2,2794,32.5,67.5,2223.0,46.8,18.2,24.4,48.2,36.6,0.0,5.2,59.6,0.0,25.7,3.0,Mixed,Q5 (Highest),Mixed,False,False,False,False
12086004000,Census Tract 40; Miami-Dade County; Florida,61.8,2.9,58.5,3.0,4.4,29.9,23.0,153229.0,273145.0,92035.0,5.1,1.0,4.7,2.1,6.4,7.6,8.6,13.8,6.9,43.8,4.7,7.4,2.0,6.3,27.3,49.3,17.0,82.0,18.0,1797.0,7.0,41.7,2825,56.2,43.8,4867.0,35.3,34.9,15.5,36.2,61.3,0.1,3.3,85.3,0.1,10.6,1.0,Majority White,Q5 (Highest),White-Majority,False,False,False,False
12086004102,Census Tract 41.02; Miami-Dade County; Florida,57.6,0.0,52.7,0.0,3.2,36.2,22.1,189605.0,372803.0,185959.0,2.5,0.8,5.6,2.4,2.0,7.1,9.5,12.9,8.6,48.7,4.3,0.6,7.5,7.7,45.5,36.4,10.5,88.9,11.1,3501.0,10.2,41.7,1875,61.2,38.8,2435.0,51.5,15.4,29.0,29.9,56.8,3.8,4.0,69.0,3.8,23.5,0.0,Majority White,Q5 (Highest),White-Majority,False,False,False,False
12086004103,Census Tract 41.03; Miami-Dade County; Florida,54.1,2.5,62.2,3.2,16.3,10.3,26.3,47837.0,110552.0,65378.0,6.7,11.3,15.6,8.4,9.8,8.8,7.3,6.3,14.6,11.2,21.1,31.8,13.1,29.6,56.8,13.6,0.0,25.8,74.2,1579.0,8.3,40.7,2054,61.0,39.0,2113.0,56.3,6.4,37.0,65.5,22.0,4.0,2.2,46.3,4.0,36.5,0.0,Majority Hispanic,Q2,Hispanic-Majority,True,True,True,True
12086004105,Census Tract 41.05; Miami-Dade County; Florida,68.7,2.4,34.2,6.7,9.5,16.5,20.0,,109020.0,68518.0,10.3,0.8,3.1,8.3,23.9,13.0,2.5,23.8,2.7,11.6,15.8,2.2,13.5,31.2,56.3,8.6,3.9,40.8,59.2,1590.0,0.0,75.7,2789,54.5,45.5,2467.0,39.4,5.3,18.8,54.3,30.7,12.4,1.4,52.0,13.8,32.2,0.5,Mixed,,Mixed,False,True,False,False
12086004106,Census Tract 41.06; Miami-Dade County; Florida,68.8,1.4,62.1,0.9,4.0,24.0,21.0,181375.0,363673.0,150489.0,4.8,0.0,1.7,1.2,1.5,7.4,5.8,20.0,12.9,44.6,4.0,2.1,4.6,10.1,40.2,33.7,16.0,67.6,32.4,3501.0,0.0,20.5,1560,67.4,32.6,2646.0,39.7,31.7,13.9,20.4,69.0,1.8,7.6,78.0,2.0,10.9,0.0,Majority White,Q5 (Highest),White-Majority,False,False,False,False
12086004204,Census Tract 42.04; Miami-Dade County; Florida,71.9,6.0,34.0,4.9,8.9,17.5,25.2,41263.0,84675.0,55633.0,10.5,2.3,13.9,13.9,27.2,3.2,6.7,9.0,1.7,11.6,23.7,11.8,31.9,45.5,39.3,12.7,2.5,16.2,83.8,1660.0,6.9,58.8,1682,75.1,24.9,2004.0,41.1,10.3,8.7,59.6,32.5,3.6,4.2,63.8,3.6,10.6,0.0,Mixed,Q1 (Lowest),Mixed,True,True,True,True
12086004205,Census Tract 42.05; Miami-Dade County; Florida,74.4,4.6,26.1,1.0,35.9,22.5,20.5,59028.0,126145.0,81589.0,8.9,1.9,13.0,3.9,12.4,11.2,16.8,4.4,14.1,13.4,14.9,8.3,32.7,51.0,41.4,6.7,0.9,29.6,70.4,1696.0,13.1,48.6,2239,53.3,46.7,1854.0,39.6,4.3,14.5,46.9,46.8,3.6,2.8,62.3,8.0,13.8,0.0,Mixed,Q2,Mixed,False,True,False,False
12086004206,Census Tract 42.06; Miami-Dade County; Florida,68.3,1.1,66.5,0.8,10.8,11.2,21.6,64896.0,93749.0,46429.0,5.9,9.7,1.5,18.0,3.3,17.7,7.1,25.7,0.8,10.3,38.2,31.3,2.8,16.1,36.3,45.9,1.6,38.1,61.9,1737.0,4.3,57.7,1371,66.4,33.6,1940.0,46.8,15.5,14.3,59.2,30.2,8.6,1.8,57.3,8.6,28.4,0.2,Mixed,Q3,Mixed,True,True,False,False
12086004207,Census Tract 42.07; Miami-Dade County; Florida,72.5,2.3,36.5,6.8,4.9,27.2,22.0,75750.0,159448.0,80871.0,8.0,2.9,5.4,11.6,5.6,15.9,3.0,11.5,21.0,14.9,10.5,6.9,9.5,18.6,50.1,29.7,1.6,9.4,90.6,2400.0,3.9,46.5,1786,60.7,39.3,2169.0,38.9,12.7,8.7,44.1,54.4,1.5,0.0,78.2,2.4,10.3,0.0,Majority White,Q3,White-Majority,False,True,False,False
12086004208,Census Tract 42.08; Miami-Dade County; Florida,68.3,6.1,43.2,6.9,2.1,23.5,25.3,80318.0,124084.0,87671.0,4.2,4.9,16.0,2.5,9.3,11.6,12.4,10.5,7.2,21.4,11.8,8.2,15.7,27.0,57.1,12.7,3.2,42.9,57.1,2141.0,2.5,51.4,1188,70.5,29.5,1184.0,47.4,3.6,21.0,35.6,46.5,1.8,15.9,67.6,1.8,11.2,0.0,Mixed,Q4,Mixed,False,True,False,False
12086004301,Census Tract 43.01; Miami-Dade County; Florida,70.7,2.3,51.6,1.5,5.5,31.4,27.6,77308.0,145341.0,83144.0,4.2,1.8,5.3,8.1,8.1,21.7,15.5,12.1,5.2,18.0,10.2,3.9,17.5,14.9,67.3,16.1,1.8,45.7,54.3,2161.0,18.0,61.2,2234,63.8,36.2,2543.0,37.4,12.1,7.7,47.8,39.8,4.8,4.0,59.6,4.8,19.2,1.8,Mixed,Q3,Mixed,False,True,False,False
12086004303,Census Tract 43.03; Miami-Dade County; Florida,80.6,0.7,29.0,10.1,16.8,5.4,23.8,50945.0,61581.0,33574.0,6.0,4.8,9.0,13.9,15.2,24.4,13.7,8.8,0.0,4.2,22.4,15.4,43.3,47.4,48.5,4.1,0.0,16.2,83.8,1659.0,15.4,63.0,1815,79.4,20.6,2679.0,37.5,14.1,10.0,76.9,17.7,2.4,2.6,53.1,3.1,15.3,0.0,Majority Hispanic,Q2,Hispanic-Majority,True,True,True,True
12086004304,Census Tract 43.04; Miami-Dade County; Florida,79.9,0.0,43.4,7.4,7.2,14.1,23.5,74411.0,104118.0,65113.0,7.0,5.8,10.3,5.8,10.4,12.6,10.3,15.4,9.4,13.0,16.3,8.1,23.7,32.4,50.5,17.1,0.0,46.6,53.4,1683.0,24.2,43.7,1634,78.5,21.5,2169.0,35.9,10.6,7.5,58.3,31.3,4.7,2.9,53.4,4.7,26.2,0.0,Mixed,Q3,Mixed,False,True,False,False
12086004403,Census Tract 44.03; Miami-Dade County; Florida,66.0,6.1,47.4,1.0,22.1,17.1,19.4,50453.0,84089.0,48740.0,7.7,2.1,13.5,5.5,20.4,15.3,17.8,9.0,3.2,5.5,16.7,7.3,24.4,32.2,58.0,8.6,1.1,20.8,79.2,1693.0,6.0,57.0,2230,67.6,32.4,2634.0,38.7,12.0,15.1,49.3,34.5,5.7,4.2,65.6,5.7,21.7,0.0,Mixed,Q2,Mixed,False,True,True,False
12086004404,Census Tract 44.04; Miami-Dade County; Florida,49.0,6.6,33.5,0.7,10.6,36.0,23.5,40744.0,70349.0,48114.0,8.9,22.3,11.1,4.3,10.2,18.0,7.0,5.1,6.0,7.1,35.0,31.6,19.7,49.2,44.7,4.4,1.7,25.9,74.1,1274.0,11.2,33.6,2147,68.2,31.8,2148.0,46.8,14.4,33.6,58.8,35.7,4.2,0.0,54.7,4.2,30.8,0.0,Mixed,Q1 (Lowest),Mixed,True,True,True,True
12086004405,Census Tract 44.05; Miami-Dade County; Florida,60.4,2.3,23.1,5.8,24.9,12.4,18.7,48292.0,94900.0,53602.0,7.4,12.3,17.8,4.8,13.1,18.4,7.2,9.8,1.8,7.5,20.7,32.3,35.0,49.7,36.9,7.7,5.7,20.4,79.6,1548.0,7.8,65.7,2223,86.2,13.8,3514.0,39.3,13.6,22.2,66.4,30.8,1.5,0.3,60.7,5.7,11.4,0.0,Majority Hispanic,Q2,Hispanic-Majority,True,True,True,True
12086004406,Census Tract 44.06; Miami-Dade County; Florida,71.8,8.2,53.3,1.5,7.1,23.2,21.9,67614.0,124345.0,80453.0,4.5,6.3,12.9,9.8,5.1,15.1,5.9,12.4,7.3,20.6,9.5,14.9,19.1,24.7,58.9,15.7,0.7,30.2,69.8,2195.0,4.6,46.3,1988,70.7,29.3,2178.0,42.7,9.0,15.2,39.9,50.4,2.5,3.4,72.0,2.8,12.2,1.5,Majority White,Q3,White-Majority,False,True,False,False
12086004500,Census Tract 45; Miami-Dade County; Florida,43.0,3.0,53.1,0.0,10.9,29.9,25.9,87115.0,299615.0,157746.0,7.6,11.0,8.3,3.8,5.7,13.1,2.4,8.6,7.5,32.0,15.2,21.8,9.2,17.6,49.4,28.5,4.5,44.3,55.7,1240.0,11.0,42.0,4666,45.0,55.0,4023.0,53.2,14.3,37.5,36.5,55.2,3.4,3.0,72.2,3.4,9.5,1.9,Majority White,Q4,White-Majority,False,True,False,False
12086004602,Census Tract 46.02; Miami-Dade County; Florida,65.2,2.0,56.0,4.5,3.3,25.2,24.9,250001.0,418757.0,116324.0,1.5,0.0,1.1,1.5,0.7,7.1,7.9,10.5,5.8,63.8,5.3,1.9,3.3,0.8,15.3,52.1,31.8,79.5,20.5,3501.0,17.9,60.4,1382,84.7,15.3,4513.0,41.1,32.1,10.9,70.5,25.9,1.1,0.4,40.7,1.1,52.8,0.0,Majority Hispanic,Q5 (Highest),Hispanic-Majority,False,False,False,False
12086004605,Census Tract 46.05; Miami-Dade County; Florida,58.9,5.4,56.9,1.7,0.5,31.0,24.3,146719.0,215531.0,87182.0,7.1,1.6,7.3,0.6,8.3,9.4,3.6,12.7,4.4,45.1,8.5,0.9,2.3,5.6,48.9,36.7,8.8,70.7,29.3,3501.0,7.6,66.2,2300,66.4,33.6,3910.0,42.9,31.0,15.8,72.6,23.5,0.5,1.3,50.8,2.4,44.0,0.0,Majority Hispanic,Q5 (Highest),Hispanic-Majority,False,False,False,False
12086004607,Census Tract 46.07; Miami-Dade County; Florida,47.3,3.6,50.2,0.0,3.6,42.4,23.0,170682.0,269188.0,95252.0,5.6,1.6,5.6,3.4,2.5,14.4,9.6,5.9,4.8,46.6,9.6,0.8,2.0,0.0,50.0,44.6,5.4,66.8,33.2,3501.0,23.5,38.6,2718,54.3,45.7,4241.0,43.6,29.1,24.1,70.5,25.0,0.0,0.4,48.5,0.0,51.1,0.1,Majority Hispanic,Q5 (Highest),Hispanic-Majority,False,False,False,False
12086004608,Census Tract 46.08; Miami-Dade County; Florida,60.2,2.6,57.6,0.8,2.6,31.2,20.5,99000.0,178654.0,76209.0,4.2,3.1,7.2,4.2,4.0,8.9,19.0,11.8,9.9,27.6,7.4,5.3,4.0,7.6,60.1,26.9,5.4,57.6,42.4,2710.0,10.2,49.9,1114,74.5,25.5,1964.0,46.5,29.7,15.4,83.8,12.2,0.0,0.0,37.5,0.0,59.1,0.0,Majority Hispanic,Q4,Hispanic-Majority,False,False,False,False
12086004701,Census Tract 47.01; Miami-Dade County; Florida,57.5,2.4,70.7,0.0,0.9,16.7,27.5,90194.0,133097.0,57108.0,3.4,12.9,5.0,5.4,6.3,12.5,10.1,13.5,6.4,24.5,12.2,7.6,10.6,10.9,31.5,41.7,15.8,71.2,28.8,1408.0,0.0,67.5,2140,99.0,1.0,5009.0,45.7,18.8,27.5,79.4,19.2,0.0,0.8,50.1,0.0,44.8,0.7,Majority Hispanic,Q4,Hispanic-Majority,False,False,False,False
12086004703,Census Tract 47.03; Miami-Dade County; Florida,61.5,0.7,70.1,1.3,0.4,12.2,29.3,90137.0,116924.0,41950.0,0.9,4.7,6.5,7.4,12.4,9.1,14.9,24.8,8.2,11.1,13.6,21.6,8.7,5.7,41.9,40.9,11.6,55.1,44.9,1368.0,7.0,42.0,1841,94.9,5.1,5001.0,41.5,20.0,20.3,78.9,14.7,1.1,2.3,51.6,3.0,36.4,1.3,Majority Hispanic,Q4,Hispanic-Majority,False,False,False,False
12086004704,Census Tract 47.04; Miami-Dade County; Florida,72.6,3.5,79.4,1.3,3.5,8.8,23.9,72569.0,89330.0,31942.0,3.5,8.7,5.2,7.6,10.4,16.7,16.4,15.5,7.0,9.0,9.3,12.1,17.7,1.9,39.7,37.6,20.8,53.9,46.1,1614.0,14.8,57.1,862,92.9,7.1,2306.0,42.1,15.3,18.6,81.6,15.4,0.0,1.9,49.3,0.0,37.2,2.8,Majority Hispanic,Q3,Hispanic-Majority,False,False,False,False
12086004705,Census Tract 47.05; Miami-Dade County; Florida,73.4,0.9,65.3,1.4,3.3,25.3,24.7,72778.0,118741.0,56080.0,1.5,3.1,13.2,7.4,12.2,13.6,0.5,33.6,2.6,12.3,5.6,23.8,4.4,2.5,51.8,30.8,14.9,60.8,39.2,1212.0,9.1,58.1,1674,97.4,2.6,3596.0,42.0,17.9,14.6,74.2,25.1,0.1,0.0,45.8,1.1,42.5,0.2,Majority Hispanic,Q3,Hispanic-Majority,False,False,False,False
12086004901,Census Tract 49.01; Miami-Dade County; Florida,64.1,3.9,64.1,3.6,3.8,10.6,25.0,58807.0,63780.0,28539.0,4.2,6.9,5.6,9.3,15.2,21.3,28.3,5.2,3.5,0.5,18.7,28.3,16.5,10.4,47.9,16.8,24.9,25.1,74.9,1541.0,8.1,58.0,1759,88.7,11.3,3578.0,47.3,12.4,17.7,91.7,2.7,3.2,0.4,30.6,3.2,56.2,0.0,Majority Hispanic,Q2,Hispanic-Majority,False,False,False,False
12086004903,Census Tract 49.03; Miami-Dade County; Florida,65.3,0.0,70.7,0.8,0.5,8.8,25.6,46849.0,62223.0,26874.0,5.6,13.1,1.6,9.6,22.4,14.3,12.2,16.0,2.6,2.7,14.3,25.3,19.7,5.9,58.7,20.8,14.6,30.8,69.2,1472.0,2.5,66.9,1562,86.7,13.3,3272.0,46.5,17.5,22.4,95.4,2.4,0.0,0.0,20.5,0.7,69.3,0.0,Majority Hispanic,Q1 (Lowest),Hispanic-Majority,False,False,True,False
12086004904,Census Tract 49.04; Miami-Dade County; Florida,61.0,1.0,72.7,8.2,3.7,1.9,26.6,58735.0,60791.0,22425.0,0.0,10.6,7.3,16.9,5.8,30.3,14.5,9.1,5.5,0.0,13.1,24.9,14.8,10.6,36.9,34.4,18.1,43.9,56.1,1367.0,14.2,59.0,1063,86.9,13.1,2513.0,46.5,14.0,29.7,95.3,4.6,0.2,0.0,24.1,0.2,66.5,0.0,Majority Hispanic,Q2,Hispanic-Majority,False,False,False,False
12086005002,Census Tract 50.02; Miami-Dade County; Florida,55.7,6.2,80.5,5.5,0.6,8.4,29.6,62400.0,77559.0,30568.0,8.4,5.4,10.6,8.9,9.8,16.2,8.6,23.8,3.7,4.5,11.9,28.9,17.8,12.0,33.0,33.7,21.3,49.3,50.7,1603.0,6.7,41.7,1854,94.3,5.7,4502.0,49.8,9.0,21.6,97.1,2.6,0.3,0.0,32.6,1.6,55.7,0.0,Majority Hispanic,Q3,Hispanic-Majority,False,False,False,False
12086005003,Census Tract 50.03; Miami-Dade County; Florida,64.7,4.0,53.4,19.8,0.0,7.1,30.1,60913.0,65933.0,24222.0,9.5,0.0,11.8,6.5,19.0,18.0,11.9,17.6,4.8,0.9,25.7,37.2,32.0,20.7,26.6,33.7,19.0,50.8,49.2,1230.0,8.9,73.5,1258,100.0,0.0,3600.0,49.6,11.1,21.9,95.6,3.6,0.3,0.6,26.6,4.3,59.7,0.0,Majority Hispanic,Q2,Hispanic-Majority,True,True,False,False
12086005004,Census Tract 50.04; Miami-Dade County; Florida,52.0,4.3,71.9,2.5,0.0,12.2,29.0,52813.0,137071.0,45654.0,0.0,5.4,8.2,10.4,23.6,25.1,5.8,10.8,4.6,6.1,18.5,40.1,7.6,3.0,25.8,50.2,21.0,76.1,23.9,1426.0,0.0,21.8,1150,94.9,5.1,3664.0,47.4,13.5,23.2,97.3,2.6,0.1,8.0,40.4,0.1,49.5,0.0,Majority Hispanic,Q2,Hispanic-Majority,False,False,False,False
12086005102,Census Tract 51.02; Miami-Dade County; Florida,57.9,0.7,60.5,4.0,0.0,16.4,26.6,32917.0,84400.0,41981.0,6.9,27.6,12.3,4.8,5.1,8.5,6.1,9.1,11.4,8.0,36.5,48.1,20.8,28.0,54.1,10.6,7.3,26.0,74.0,1077.0,13.0,38.2,2773,93.3,6.7,5269.0,48.1,11.9,29.2,89.4,6.4,4.2,0.0,40.3,4.5,49.6,0.0,Majority Hispanic,Q1 (Lowest),Hispanic-Majority,True,True,True,True
12086005103,Census Tract 51.03; Miami-Dade County; Florida,60.8,2.5,77.8,1.6,2.2,7.0,29.1,34474.0,57725.0,22510.0,8.9,19.1,9.1,13.6,11.7,13.1,9.1,8.3,3.2,3.7,17.1,37.8,34.7,20.6,37.3,37.1,4.9,20.9,79.1,1512.0,11.3,50.0,975,96.4,3.6,2539.0,43.8,17.1,19.3,95.9,2.4,0.7,0.4,42.1,1.1,49.5,0.0,Majority Hispanic,Q1 (Lowest),Hispanic-Majority,False,True,True,False
12086005104,Census Tract 51.04; Miami-Dade County; Florida,63.5,3.7,73.0,5.2,0.6,6.6,30.4,34233.0,45325.0,20387.0,5.5,17.8,9.5,19.9,17.4,12.2,6.4,9.7,0.9,0.7,31.3,32.8,22.1,12.3,50.4,29.0,8.3,14.8,85.2,1531.0,10.7,63.8,1892,95.2,4.8,4218.0,42.6,17.0,13.4,92.1,3.5,2.7,0.3,30.1,4.0,49.4,1.5,Majority Hispanic,Q1 (Lowest),Hispanic-Majority,True,False,True,False
12086005201,Census Tract 52.01; Miami-Dade County; Florida,66.8,2.8,56.6,11.8,2.7,2.5,31.8,40479.0,52730.0,22732.0,9.4,11.4,21.3,0.9,15.7,18.0,3.8,13.5,6.1,0.0,18.3,42.5,29.8,30.3,43.4,24.0,2.3,5.4,94.6,1515.0,6.3,54.1,2471,99.0,1.0,5473.0,47.2,23.6,15.1,97.3,2.0,0.4,0.3,24.2,0.4,61.7,0.0,Majority Hispanic,Q1 (Lowest),Hispanic-Majority,False,True,True,False
12086005202,Census Tract 52.02; Miami-Dade County; Florida,59.7,3.7,50.2,8.4,15.2,6.0,28.7,37423.0,44719.0,17614.0,5.9,9.0,21.0,11.9,19.6,16.2,10.5,3.2,2.7,0.0,18.0,44.6,35.2,27.8,49.4,15.2,7.7,3.5,96.5,1346.0,8.4,58.7,2175,98.1,1.9,6168.0,47.1,21.8,18.4,92.4,5.4,1.7,1.0,34.7,2.5,53.8,0.0,Majority Hispanic,Q1 (Lowest),Hispanic-Majority,False,True,True,False
12086005303,Census Tract 53.03; Miami-Dade County; Florida,67.2,4.0,52.5,15.5,4.6,1.8,30.8,36408.0,60667.0,24218.0,3.4,10.8,15.1,15.9,17.4,9.9,10.6,6.0,7.5,3.5,24.0,38.1,39.8,28.9,38.9,19.5,12.7,6.0,94.0,1382.0,1.7,50.2,1422,97.2,2.8,3604.0,39.9,15.6,9.0,95.3,2.2,2.6,0.0,21.8,2.6,61.5,0.0,Majority Hispanic,Q1 (Lowest),Hispanic-Majority,True,True,True,True
12086005304,Census Tract 53.04; Miami-Dade County; Florida,65.0,8.3,56.7,9.5,7.8,9.7,31.7,35841.0,47139.0,21582.0,7.0,16.7,11.5,13.7,16.2,15.7,9.0,5.1,5.0,0.0,25.2,32.0,36.9,30.5,51.2,15.8,2.6,9.4,90.6,1243.0,8.4,58.3,1866,93.9,6.1,4052.0,41.8,15.0,15.6,90.7,1.9,5.2,1.3,22.5,6.1,65.2,0.0,Majority Hispanic,Q1 (Lowest),Hispanic-Majority,True,True,True,True
12086005305,Census Tract 53.05; Miami-Dade County; Florida,64.7,8.1,60.7,23.9,4.2,1.8,27.9,28460.0,40455.0,20874.0,11.0,16.9,20.4,8.1,16.2,8.2,17.7,0.0,0.0,1.6,43.0,47.0,20.7,33.5,53.4,12.6,0.4,5.7,94.3,1310.0,9.8,52.3,2043,87.9,12.1,3643.0,46.3,14.8,19.5,90.9,2.1,2.4,4.6,22.9,2.4,61.7,0.0,Majority Hispanic,Q1 (Lowest),Hispanic-Majority,True,True,True,True
12086005306,Census Tract 53.06; Miami-Dade County; Florida,53.7,3.8,45.9,29.3,2.2,0.2,31.5,28611.0,35939.0,17500.0,13.3,7.5,27.1,9.6,4.7,29.8,5.2,2.9,0.0,0.0,26.2,38.0,37.2,47.7,43.7,8.2,0.4,3.5,96.5,1380.0,24.2,55.1,2180,96.5,3.5,4433.0,47.1,11.4,23.7,91.9,5.6,2.0,0.0,24.2,2.3,61.9,0.3,Majority Hispanic,Q1 (Lowest),Hispanic-Majority,True,True,True,True
12086005403,Census Tract 54.03; Miami-Dade County; Florida,58.0,5.3,77.4,4.0,2.9,2.2,28.1,54010.0,70187.0,20661.0,3.2,1.0,11.8,21.3,9.7,16.8,11.0,16.0,5.7,3.4,26.7,20.9,25.1,12.0,56.6,21.5,9.9,43.6,56.4,1216.0,5.4,43.6,545,90.5,9.5,1743.0,45.3,20.5,17.2,91.1,0.0,8.9,0.0,32.8,8.9,43.8,0.0,Majority Hispanic,Q2,Hispanic-Majority,True,False,False,False
12086005405,Census Tract 54.05; Miami-Dade County; Florida,68.3,3.8,79.7,6.6,2.5,2.8,29.0,47583.0,56363.0,20876.0,6.6,0.0,10.0,16.9,21.1,22.3,11.4,7.9,3.3,0.4,23.6,31.8,26.8,13.1,31.3,35.5,20.1,22.6,77.4,1364.0,10.8,57.6,1263,99.3,0.7,3872.0,40.7,16.3,12.0,92.3,1.8,5.9,0.0,44.4,10.7,42.1,0.0,Majority Hispanic,Q1 (Lowest),Hispanic-Majority,True,True,True,True
12086005406,Census Tract 54.06; Miami-Dade County; Florida,58.1,2.8,52.7,7.7,10.1,13.1,25.9,43020.0,180310.0,69105.0,6.5,9.2,16.7,11.0,17.8,12.5,6.0,3.0,3.4,13.9,27.1,40.4,27.0,40.5,31.4,23.4,4.7,11.8,88.2,1371.0,7.5,55.1,1540,96.9,3.1,3736.0,38.3,18.0,14.7,98.0,2.0,0.0,0.0,43.2,1.4,51.6,0.0,Majority Hispanic,Q1 (Lowest),Hispanic-Majority,True,True,True,True
12086005407,Census Tract 54.07; Miami-Dade County; Florida,60.1,2.8,56.1,2.2,3.3,6.8,34.0,40057.0,52921.0,20859.0,4.6,9.9,14.6,11.9,22.0,17.4,9.4,3.5,6.8,0.0,21.7,30.2,21.3,21.3,43.9,22.4,12.4,26.6,73.4,1291.0,12.5,47.6,992,95.1,4.9,2484.0,44.3,21.3,21.4,94.7,5.0,0.0,0.0,23.8,0.0,73.0,0.0,Majority Hispanic,Q1 (Lowest),Hispanic-Majority,True,True,True,True
12086005409,Census Tract 54.09; Miami-Dade County; Florida,55.4,7.1,66.9,8.6,2.7,5.2,31.8,22091.0,37426.0,20149.0,16.2,23.9,11.8,5.9,11.2,19.7,4.1,6.4,0.7,0.0,43.0,57.4,31.6,33.8,38.1,16.9,11.2,7.7,92.3,1148.0,11.3,63.2,1928,96.5,3.5,3567.0,49.3,8.7,23.8,97.6,1.0,0.1,2.1,34.2,0.8,54.1,0.0,Majority Hispanic,Q1 (Lowest),Hispanic-Majority,True,True,True,True
12086005410,Census Tract 54.10; Miami-Dade County; Florida,51.7,12.9,64.6,19.6,2.2,7.3,37.5,28423.0,39356.0,16464.0,8.9,13.3,19.8,14.9,16.8,11.6,12.1,1.6,0.0,1.0,42.9,46.4,18.4,24.7,59.6,13.6,2.1,8.9,91.1,1325.0,10.5,59.2,1379,87.2,12.8,2958.0,41.5,21.1,22.1,99.0,1.0,0.0,0.0,23.0,0.4,63.0,0.0,Majority Hispanic,Q1 (Lowest),Hispanic-Majority,True,True,True,True
12086005503,Census Tract 55.03; Miami-Dade County; Florida,64.3,4.1,70.1,11.7,0.0,8.5,29.4,50472.0,62032.0,21316.0,0.0,8.5,5.9,12.0,22.1,26.7,9.8,8.8,6.1,0.0,17.8,24.2,14.4,13.1,31.0,38.9,17.1,47.4,52.6,1521.0,4.5,57.2,1359,90.5,9.5,3819.0,40.5,21.9,16.4,94.6,2.0,3.4,0.7,23.4,3.4,70.2,0.0,Majority Hispanic,Q2,Hispanic-Majority,False,True,True,False
12086005504,Census Tract 55.04; Miami-Dade County; Florida,55.4,7.8,80.2,0.0,0.0,11.1,25.1,65872.0,61156.0,22030.0,4.8,12.1,19.7,5.7,3.9,17.5,18.5,13.3,3.2,1.2,20.7,32.1,6.1,7.9,42.2,24.3,25.6,27.1,72.9,1591.0,11.4,37.1,1201,94.9,5.1,3260.0,39.3,17.1,22.2,94.6,4.2,0.3,0.9,19.4,0.3,71.3,0.0,Majority Hispanic,Q3,Hispanic-Majority,True,False,False,False
12086005505,Census Tract 55.05; Miami-Dade County; Florida,51.5,1.6,74.3,2.9,4.6,4.4,32.7,46442.0,62661.0,22994.0,10.7,16.5,15.4,2.0,6.9,16.3,2.5,23.3,4.7,1.8,23.2,40.4,16.5,16.8,35.1,24.6,23.5,32.1,67.9,1599.0,12.3,48.6,874,93.1,6.9,2270.0,43.5,19.3,21.6,95.5,2.7,0.6,6.2,37.4,0.6,58.0,0.0,Majority Hispanic,Q1 (Lowest),Hispanic-Majority,True,True,True,True
12086005506,Census Tract 55.06; Miami-Dade County; Florida,55.0,5.1,80.9,0.0,1.7,0.8,27.4,53554.0,68077.0,25070.0,3.5,4.6,15.6,8.9,13.2,25.4,5.2,16.4,3.0,4.4,20.1,34.1,20.9,7.6,23.2,54.9,14.3,37.4,62.6,1752.0,23.3,49.2,1230,96.4,3.6,3601.0,45.9,16.2,25.1,93.7,6.1,0.2,0.0,26.6,2.5,63.1,0.0,Majority Hispanic,Q2,Hispanic-Majority,True,False,False,False
12086005600,Census Tract 56; Miami-Dade County; Florida,59.8,3.4,78.5,0.9,1.0,8.6,29.1,49782.0,72824.0,30687.0,7.7,4.3,15.4,8.8,14.2,12.8,13.3,12.0,5.7,5.8,11.0,26.9,17.3,16.2,39.8,32.3,11.8,42.6,57.4,1756.0,9.9,65.6,1966,95.1,4.9,4477.0,50.6,14.0,24.4,86.7,11.0,0.6,0.0,33.5,0.8,58.3,0.0,Majority Hispanic,Q2,Hispanic-Majority,False,True,True,False
12086005701,Census Tract 57.01; Miami-Dade County; Florida,56.7,2.9,70.9,7.2,0.0,11.6,30.3,58204.0,72129.0,29891.0,5.3,20.3,9.0,6.6,6.4,13.7,11.3,11.5,10.0,5.8,20.1,35.0,15.5,12.3,34.9,41.4,11.3,48.7,51.3,1113.0,16.4,43.8,2673,98.2,1.8,6576.0,52.0,10.8,31.1,97.1,2.9,0.0,0.0,38.0,0.6,60.0,0.0,Majority Hispanic,Q2,Hispanic-Majority,True,False,False,False
12086005705,Census Tract 57.05; Miami-Dade County; Florida,64.9,5.4,67.9,5.3,6.0,6.7,25.7,41266.0,57077.0,26245.0,7.5,13.3,10.2,7.9,25.9,13.9,14.1,3.9,0.0,3.3,19.0,34.1,14.1,16.2,60.8,20.4,2.6,31.9,68.1,1612.0,8.5,52.3,1600,89.8,10.3,3201.0,49.5,14.5,28.6,97.3,0.0,2.7,0.0,32.4,2.7,61.1,0.0,Majority Hispanic,Q1 (Lowest),Hispanic-Majority,False,True,True,False
12086005706,Census Tract 57.06; Miami-Dade County; Florida,64.1,3.8,83.7,4.2,0.0,8.7,26.1,59779.0,72849.0,34575.0,8.6,17.7,2.9,5.4,6.4,22.2,11.0,5.4,17.2,3.0,27.3,24.7,10.4,23.6,38.7,36.6,1.1,38.2,61.8,1658.0,15.8,54.1,2043,86.9,13.1,4159.0,47.5,11.0,30.0,98.0,1.1,0.8,0.0,55.0,3.5,30.9,0.0,Majority Hispanic,Q2,Hispanic-Majority,True,True,False,False
12086005707,Census Tract 57.07; Miami-Dade County; Florida,67.1,1.7,80.5,2.0,0.9,5.6,31.3,42143.0,55107.0,24523.0,12.7,0.9,18.9,2.2,27.8,10.5,17.7,4.4,0.0,5.0,15.6,42.5,14.0,10.3,39.4,32.2,18.1,6.1,93.9,1692.0,17.2,59.1,680,94.1,5.9,1561.0,46.0,13.8,14.8,96.5,3.5,0.0,0.0,40.9,0.0,55.9,0.0,Majority Hispanic,Q1 (Lowest),Hispanic-Majority,False,False,True,False
12086005708,Census Tract 57.08; Miami-Dade County; Florida,55.2,7.0,71.9,5.1,3.7,9.0,27.6,51667.0,61442.0,23393.0,0.0,7.6,9.1,6.7,25.8,15.3,13.0,20.2,2.2,0.0,11.8,29.8,10.9,17.9,44.2,27.3,10.7,40.9,59.1,1425.0,24.1,39.1,2258,95.0,5.0,5875.0,44.2,18.0,19.7,98.3,1.3,0.4,0.0,47.4,0.7,50.4,0.0,Majority Hispanic,Q2,Hispanic-Majority,False,True,False,False
12086005803,Census Tract 58.03; Miami-Dade County; Florida,67.0,4.5,80.9,0.8,0.0,11.2,29.0,59891.0,74246.0,24438.0,6.1,2.8,8.0,6.9,13.1,17.8,16.9,20.2,7.0,1.1,12.5,25.8,15.0,6.3,22.5,38.7,32.5,46.9,53.1,1630.0,5.8,42.9,2215,93.3,6.7,6490.0,39.7,19.8,14.5,96.5,2.9,0.7,0.0,31.8,0.7,63.9,0.0,Majority Hispanic,Q2,Hispanic-Majority,False,False,False,False
12086005804,Census Tract 58.04; Miami-Dade County; Florida,46.4,5.2,72.9,0.4,0.0,16.3,27.2,55747.0,81753.0,26914.0,3.6,11.6,6.5,17.5,7.5,18.6,5.7,17.9,2.3,8.7,15.2,25.5,13.2,10.8,30.2,28.3,30.7,72.8,27.2,1298.0,0.0,90.7,1239,97.1,2.9,3787.0,52.4,17.0,34.0,95.7,2.0,0.1,2.0,48.4,0.1,38.6,0.0,Majority Hispanic,Q2,Hispanic-Majority,False,False,False,False
12086005805,Census Tract 58.05; Miami-Dade County; Florida,63.1,1.7,64.9,2.8,0.5,25.5,23.1,69824.0,102640.0,34189.0,0.0,9.0,8.6,11.8,4.0,22.5,4.2,14.9,11.0,14.1,6.5,30.3,9.4,5.4,30.7,23.4,40.5,63.4,36.6,1635.0,23.4,50.0,885,88.2,11.8,2345.0,47.8,13.3,20.5,89.9,9.0,0.0,5.2,41.8,0.3,47.7,0.0,Majority Hispanic,Q3,Hispanic-Majority,False,False,False,False
12086005806,Census Tract 58.06; Miami-Dade County; Florida,64.7,1.1,71.4,1.4,4.7,8.6,28.4,67885.0,84546.0,32822.0,3.1,2.1,8.1,9.7,20.3,10.4,7.9,20.1,16.7,1.6,4.4,25.8,14.8,15.2,43.7,26.0,15.1,62.9,37.1,1377.0,19.6,35.5,1524,100.0,0.0,4018.0,42.9,20.2,21.3,97.2,2.8,0.0,0.4,29.6,0.0,62.2,0.0,Majority Hispanic,Q3,Hispanic-Majority,False,True,False,False
12086005901,Census Tract 59.01; Miami-Dade County; Florida,59.0,2.2,72.3,1.5,2.3,18.7,25.3,58095.0,93240.0,35643.0,1.7,3.8,12.8,5.9,16.4,14.9,7.7,17.6,9.1,10.1,20.1,17.1,12.6,7.7,33.5,37.4,21.5,62.0,38.0,2087.0,12.8,52.4,2005,92.1,7.9,4885.0,38.8,18.1,20.1,87.0,7.8,0.0,4.2,33.8,0.3,51.7,0.0,Majority Hispanic,Q2,Hispanic-Majority,True,False,False,False
12086005902,Census Tract 59.02; Miami-Dade County; Florida,57.1,0.0,82.0,1.9,1.2,14.9,28.4,61208.0,82814.0,31081.0,2.6,3.6,8.2,19.6,12.8,11.8,14.1,13.7,5.2,8.6,16.6,19.7,10.5,7.6,26.8,46.8,18.8,53.5,46.5,2003.0,9.9,68.9,1250,91.6,8.4,3211.0,53.0,15.1,27.9,91.8,6.4,1.8,0.8,37.5,3.1,50.3,0.0,Majority Hispanic,Q3,Hispanic-Majority,False,False,False,False
12086005903,Census Tract 59.03; Miami-Dade County; Florida,56.2,2.8,75.4,0.9,0.0,9.4,25.5,57549.0,68478.0,23978.0,3.4,6.1,13.1,6.8,14.2,18.6,14.3,16.7,5.2,1.6,17.2,42.4,8.4,9.5,33.1,31.5,25.8,36.0,64.0,1549.0,11.4,52.4,1893,100.0,0.0,5780.0,50.8,18.4,28.9,93.4,6.0,0.5,0.0,26.8,0.7,57.6,0.0,Majority Hispanic,Q2,Hispanic-Majority,False,False,False,False
12086005904,Census Tract 59.04; Miami-Dade County; Florida,58.4,4.0,64.8,1.4,0.0,19.0,28.8,60495.0,80671.0,30772.0,9.0,5.9,11.3,5.4,8.9,14.7,9.1,25.1,3.1,7.5,16.9,17.1,8.9,4.5,45.2,30.8,19.5,42.3,57.7,1999.0,2.1,58.4,2152,95.0,5.0,5573.0,42.3,16.0,18.2,87.7,2.7,2.6,5.2,34.8,3.0,48.1,1.2,Majority Hispanic,Q2,Hispanic-Majority,False,False,False,False
12086006002,Census Tract 60.02; Miami-Dade County; Florida,69.5,2.2,78.1,1.2,0.4,11.6,22.4,81019.0,107824.0,34112.0,1.9,4.3,5.3,5.2,5.6,13.7,24.2,13.1,9.8,16.9,8.3,19.3,7.2,1.6,21.9,48.4,28.1,73.7,26.3,,0.0,25.7,2062,91.7,8.3,6288.0,43.8,16.1,17.1,88.8,7.0,0.4,2.4,38.2,0.4,53.5,0.0,Majority Hispanic,Q4,Hispanic-Majority,False,False,False,False
12086006003,Census Tract 60.03; Miami-Dade County; Florida,66.1,5.6,57.8,1.9,0.0,36.1,24.9,152726.0,155895.0,53565.0,0.0,2.8,9.4,5.8,3.8,6.9,9.6,9.9,29.8,22.0,2.3,21.9,5.4,3.2,21.6,45.3,29.9,86.7,13.3,2260.0,15.7,26.5,993,100.0,0.0,2945.0,49.1,15.2,22.6,92.8,7.2,0.0,0.0,29.4,0.0,62.7,0.0,Majority Hispanic,Q5 (Highest),Hispanic-Majority,False,False,False,False
12086006004,Census Tract 60.04; Miami-Dade County; Florida,57.1,3.2,74.0,0.8,0.0,17.6,31.5,125667.0,149256.0,56080.0,0.0,1.9,8.2,2.1,14.9,5.9,11.7,11.4,22.1,21.7,5.2,2.1,4.6,3.5,21.6,43.4,31.5,91.2,8.8,2763.0,0.0,80.3,1022,89.2,10.8,2446.0,51.1,15.0,23.0,76.1,17.6,0.0,3.8,56.8,0.0,32.3,2.8,Majority Hispanic,Q5 (Highest),Hispanic-Majority,False,False,False,False
12086006103,Census Tract 61.03; Miami-Dade County; Florida,62.6,1.5,72.3,0.0,0.0,14.0,29.5,183088.0,313705.0,117604.0,0.0,2.7,1.0,6.0,0.0,1.5,10.0,8.5,22.0,48.2,2.3,2.3,0.0,2.7,27.1,58.0,12.2,92.6,7.4,3501.0,0.0,51.9,865,84.2,15.8,1965.0,50.4,27.9,25.6,58.4,41.2,0.0,1.1,67.9,0.0,31.8,0.0,Mixed,Q5 (Highest),Mixed,False,False,False,False
12086006104,Census Tract 61.04; Miami-Dade County; Florida,54.7,1.8,61.3,1.2,2.7,22.0,22.5,175528.0,235605.0,103656.0,2.9,4.9,2.7,1.1,5.3,12.2,9.2,7.9,13.2,40.6,5.2,1.7,4.7,5.8,40.7,41.7,11.8,78.9,21.1,2118.0,1.8,58.7,2109,79.7,20.3,4002.0,50.0,20.0,32.0,64.8,34.7,0.0,0.0,60.2,1.0,31.9,0.0,Majority Hispanic,Q5 (Highest),Hispanic-Majority,False,False,False,False
12086006105,Census Tract 61.05; Miami-Dade County; Florida,60.5,3.3,66.3,0.0,0.9,26.0,27.8,181346.0,202242.0,71956.0,1.8,0.6,5.5,0.9,7.8,6.0,9.7,12.7,11.9,42.9,6.4,3.1,5.7,1.0,26.2,62.3,10.5,92.3,7.7,3501.0,33.3,47.2,866,90.1,9.9,2252.0,42.2,25.0,25.6,62.3,31.5,1.6,2.5,54.4,1.6,39.3,0.0,Majority Hispanic,Q5 (Highest),Hispanic-Majority,False,False,False,False
12086006106,Census Tract 61.06; Miami-Dade County; Florida,56.5,1.5,54.2,0.0,0.0,31.3,21.5,138462.0,166287.0,63014.0,3.3,3.6,8.7,1.5,2.3,7.8,7.7,17.0,12.9,35.3,5.1,5.9,4.0,4.8,31.3,51.9,12.0,91.2,8.8,2885.0,0.0,56.4,975,90.7,9.3,2376.0,43.8,19.7,19.4,78.6,15.9,0.0,1.6,40.4,0.3,53.0,0.5,Majority Hispanic,Q5 (Highest),Hispanic-Majority,False,False,False,False
12086006201,Census Tract 62.01; Miami-Dade County; Florida,64.8,4.0,67.4,4.7,1.6,16.1,37.3,57525.0,93035.0,45554.0,3.4,14.4,6.9,10.4,9.3,16.8,8.2,18.1,3.5,9.1,12.8,18.2,15.4,25.5,43.1,24.8,6.6,47.4,52.6,1548.0,8.0,54.9,1421,96.5,3.5,2861.0,43.0,14.8,21.5,82.9,11.7,1.8,2.5,39.4,1.8,51.7,0.0,Majority Hispanic,Q2,Hispanic-Majority,False,True,False,False
12086006203,Census Tract 62.03; Miami-Dade County; Florida,67.3,2.8,61.1,2.5,9.0,20.2,25.5,97706.0,135790.0,79018.0,5.6,5.3,5.6,1.8,5.9,15.0,16.5,15.1,9.2,20.2,13.1,4.0,4.1,10.6,65.7,17.1,6.6,36.1,63.9,1784.0,9.5,44.1,1452,90.4,9.6,2572.0,47.7,19.2,23.2,57.9,35.9,0.4,3.2,59.2,0.4,28.7,0.8,Mixed,Q4,Mixed,False,False,False,False
12086006205,Census Tract 62.05; Miami-Dade County; Florida,67.0,4.2,76.6,0.6,2.1,12.4,26.2,80927.0,106925.0,66300.0,8.9,1.1,12.9,5.3,10.1,9.6,18.6,13.5,4.7,15.4,14.6,10.1,15.7,8.8,70.6,19.0,1.6,22.2,77.8,1831.0,8.2,32.7,2358,85.0,15.0,3268.0,38.4,12.8,17.3,72.7,19.3,0.7,3.8,45.6,2.4,42.9,0.0,Majority Hispanic,Q4,Hispanic-Majority,False,False,False,False
12086006206,Census Tract 62.06; Miami-Dade County; Florida,71.6,3.0,53.7,1.2,9.3,31.3,22.2,124688.0,188425.0,91365.0,3.9,2.0,3.4,7.5,6.9,6.6,8.6,16.0,17.2,27.8,7.9,5.6,3.1,7.7,50.7,35.2,6.4,39.1,60.9,2419.0,10.9,29.5,2172,90.1,9.9,4097.0,44.4,13.6,13.3,67.2,23.8,0.0,7.2,51.2,0.0,37.2,1.0,Majority Hispanic,Q5 (Highest),Hispanic-Majority,False,False,False,False
12086006302,Census Tract 63.02; Miami-Dade County; Florida,61.4,10.6,65.1,3.7,1.1,11.8,25.7,77772.0,91064.0,34201.0,5.8,1.7,14.5,5.6,7.3,14.6,19.8,15.0,4.2,11.4,17.7,22.4,10.1,9.5,44.2,26.6,19.7,48.7,51.3,1751.0,12.7,52.3,2251,92.5,7.5,5644.0,39.5,23.8,15.6,80.2,14.2,0.6,2.6,40.7,0.6,53.7,1.2,Majority Hispanic,Q4,Hispanic-Majority,False,False,False,False
12086006303,Census Tract 63.03; Miami-Dade County; Florida,53.7,0.9,72.2,3.3,2.7,13.6,30.6,50917.0,69041.0,32441.0,10.0,20.4,8.5,5.7,5.1,10.3,17.5,9.3,9.5,3.7,18.4,45.7,8.7,27.6,30.6,32.8,8.9,33.7,66.3,1001.0,11.3,52.2,1806,95.4,4.6,3735.0,50.7,11.0,29.0,91.1,8.2,0.6,0.1,36.0,1.0,59.6,0.0,Majority Hispanic,Q2,Hispanic-Majority,False,True,True,False
12086006304,Census Tract 63.04; Miami-Dade County; Florida,62.7,1.2,76.3,8.3,8.7,3.1,30.8,45676.0,56985.0,24952.0,8.3,6.0,15.7,4.6,17.6,22.0,13.5,5.5,6.6,0.3,23.0,32.9,15.0,11.0,56.0,28.1,5.0,27.1,72.9,1433.0,2.2,51.9,1438,89.7,10.3,3064.0,47.6,13.7,22.0,91.0,3.5,3.6,3.2,29.4,4.5,59.3,0.6,Majority Hispanic,Q1 (Lowest),Hispanic-Majority,True,False,True,False
12086006401,Census Tract 64.01; Miami-Dade County; Florida,56.6,9.0,64.9,3.9,6.6,5.1,24.6,41667.0,76313.0,31099.0,15.1,15.4,9.4,4.5,10.3,9.6,4.5,18.0,2.7,10.6,17.8,36.3,11.0,23.5,37.6,19.9,19.1,27.3,72.7,1302.0,5.4,55.8,1436,93.5,6.5,3331.0,46.5,13.5,20.6,91.2,5.9,1.3,0.0,36.1,1.3,51.3,0.0,Majority Hispanic,Q1 (Lowest),Hispanic-Majority,False,True,True,False
12086006402,Census Tract 64.02; Miami-Dade County; Florida,68.7,2.2,77.2,2.2,0.5,14.8,27.4,66042.0,96842.0,40068.0,9.9,5.1,5.2,15.5,8.9,13.3,7.9,8.7,10.9,14.4,26.7,20.9,17.7,7.0,45.5,32.3,15.2,36.2,63.8,1694.0,7.1,69.9,1815,86.4,13.6,3961.0,38.8,12.6,14.3,81.2,15.4,2.4,0.0,45.5,2.4,44.8,0.5,Majority Hispanic,Q3,Hispanic-Majority,True,False,False,False
12086006403,Census Tract 64.03; Miami-Dade County; Florida,51.5,2.2,63.4,6.6,1.7,21.4,26.3,36786.0,81643.0,41414.0,5.3,0.5,16.0,23.7,8.5,16.9,10.2,5.7,1.7,11.4,6.1,15.5,21.7,13.5,56.0,22.3,8.3,55.7,44.3,1428.0,12.0,50.1,1704,90.7,9.3,3023.0,54.0,11.0,35.0,82.9,13.8,2.7,0.0,46.7,2.7,44.7,0.0,Majority Hispanic,Q1 (Lowest),Hispanic-Majority,False,True,True,False
12086006501,Census Tract 65.01; Miami-Dade County; Florida,60.7,1.3,80.2,1.2,0.0,14.7,28.4,70563.0,89976.0,34554.0,2.6,3.6,9.4,4.5,16.8,28.9,5.8,13.5,9.8,5.1,8.0,15.2,11.1,9.3,27.8,52.8,10.1,51.2,48.8,1752.0,15.7,45.0,1373,94.1,5.9,3482.0,42.4,17.9,20.2,88.7,11.0,0.0,1.2,32.7,0.0,63.2,0.0,Majority Hispanic,Q3,Hispanic-Majority,False,False,False,False
12086006503,Census Tract 65.03; Miami-Dade County; Florida,70.4,4.6,61.3,10.5,0.0,15.6,39.6,93233.0,120427.0,45515.0,4.3,1.5,9.7,5.1,7.1,13.0,17.7,16.1,9.6,15.8,11.8,15.9,12.6,11.4,36.0,39.5,13.1,62.6,37.4,1901.0,14.5,55.4,843,93.0,7.0,2145.0,43.4,17.0,19.3,82.2,10.1,1.1,4.5,34.0,1.1,51.0,1.7,Majority Hispanic,Q4,Hispanic-Majority,False,False,False,False
12086006504,Census Tract 65.04; Miami-Dade County; Florida,60.9,2.0,70.4,8.1,0.5,13.1,20.9,89459.0,118284.0,49055.0,4.1,0.5,6.8,16.4,4.2,8.4,15.7,20.8,7.4,15.8,15.4,11.4,12.1,9.8,39.7,33.4,17.1,62.1,37.9,1834.0,10.3,52.7,902,91.4,8.6,1967.0,46.6,14.6,21.9,80.3,16.8,1.7,0.0,49.1,2.9,40.2,1.2,Majority Hispanic,Q4,Hispanic-Majority,False,False,False,False
12086006603,Census Tract 66.03; Miami-Dade County; Florida,69.7,2.0,54.9,7.7,8.0,11.8,27.0,40532.0,59730.0,29916.0,12.2,10.5,12.2,13.2,13.0,10.6,7.4,12.7,4.3,3.9,30.1,27.4,8.9,32.7,32.5,33.1,1.7,4.2,95.8,1623.0,11.0,63.4,1322,100.0,0.0,2611.0,39.1,10.7,21.1,66.1,24.5,4.5,3.3,45.4,4.8,33.6,0.7,Majority Hispanic,Q1 (Lowest),Hispanic-Majority,True,True,True,True
12086006604,Census Tract 66.04; Miami-Dade County; Florida,72.0,1.0,43.1,15.4,25.4,16.0,23.6,57209.0,83753.0,52954.0,8.0,6.0,20.3,0.0,5.1,24.8,10.4,14.4,3.1,7.9,18.2,20.7,1.8,25.3,60.8,13.9,0.0,4.1,95.9,1705.0,24.9,44.5,1507,83.8,16.2,1982.0,34.6,10.9,17.1,77.0,9.5,0.0,9.9,32.3,0.0,50.5,0.0,Majority Hispanic,Q2,Hispanic-Majority,False,True,False,False
12086006605,Census Tract 66.05; Miami-Dade County; Florida,76.3,0.0,32.9,6.1,10.0,46.0,23.0,118750.0,132261.0,80646.0,6.7,9.5,6.2,1.3,0.0,11.3,8.4,17.8,27.4,11.4,12.8,17.0,5.0,18.2,54.7,14.0,13.1,37.6,62.4,2256.0,4.0,44.5,1074,88.6,11.4,1549.0,38.4,5.1,13.2,48.6,41.6,3.2,6.1,46.5,3.2,44.7,0.0,Mixed,Q5 (Highest),Mixed,False,True,False,False
12086006606,Census Tract 66.06; Miami-Dade County; Florida,87.0,4.2,52.3,36.4,7.1,0.0,32.8,37480.0,63623.0,27365.0,0.9,2.6,36.2,0.0,22.8,6.5,6.5,4.1,19.2,1.2,33.4,25.0,58.7,7.7,86.4,5.8,0.0,1.7,98.3,1452.0,4.2,50.6,609,95.7,4.3,1376.0,46.9,18.1,9.8,97.0,0.4,0.4,0.0,35.2,5.1,53.3,1.8,Majority Hispanic,Q1 (Lowest),Hispanic-Majority,True,False,True,False
12086006607,Census Tract 66.07; Miami-Dade County; Florida,72.5,1.1,70.3,6.3,1.8,9.9,26.8,80803.0,78788.0,34744.0,3.7,1.2,13.1,6.7,9.4,12.4,31.4,16.3,1.7,4.1,16.1,20.1,14.8,9.2,58.5,24.5,7.7,20.9,79.1,1584.0,7.7,47.6,1654,83.3,16.7,3438.0,34.6,13.1,12.9,92.6,4.9,0.6,1.2,55.8,2.2,31.1,0.0,Majority Hispanic,Q4,Hispanic-Majority,False,False,False,False
12086006608,Census Tract 66.08; Miami-Dade County; Florida,63.1,0.9,67.6,2.9,0.5,18.0,22.4,108006.0,119760.0,45289.0,0.9,4.8,1.5,9.6,9.8,10.5,10.5,22.9,20.0,9.5,4.4,1.6,8.8,12.2,37.2,38.7,11.8,48.9,51.1,1807.0,5.6,49.8,1598,84.5,15.5,3606.0,41.6,15.9,13.8,80.6,17.6,0.6,0.7,46.4,0.6,49.9,0.0,Majority Hispanic,Q5 (Highest),Hispanic-Majority,False,False,False,False
12086006705,Census Tract 67.05; Miami-Dade County; Florida,68.8,2.9,61.2,0.0,10.9,23.8,31.7,123459.0,135382.0,68540.0,2.5,3.8,7.4,7.8,4.7,15.1,1.2,15.0,24.0,18.4,7.5,7.2,1.5,1.7,65.7,31.5,1.1,52.6,47.4,2084.0,9.8,53.4,2607,79.8,20.2,4064.0,49.2,14.0,17.9,74.9,15.0,0.4,2.8,49.8,1.6,43.3,0.0,Majority Hispanic,Q5 (Highest),Hispanic-Majority,False,False,False,False
12086006706,Census Tract 67.06; Miami-Dade County; Florida,73.0,2.6,50.4,7.5,0.2,19.7,16.4,98365.0,146102.0,79719.0,1.7,1.9,0.3,2.1,12.9,21.0,11.3,15.1,19.4,14.5,1.9,0.6,13.1,3.6,64.9,27.5,4.0,31.2,68.8,2507.0,6.8,55.4,1901,79.3,20.7,2793.0,43.5,10.2,12.9,68.8,25.9,4.2,1.1,37.7,4.2,55.0,0.0,Majority Hispanic,Q4,Hispanic-Majority,False,False,False,False
12086006707,Census Tract 67.07; Miami-Dade County; Florida,85.7,1.4,44.8,0.6,14.4,32.9,18.0,163041.0,233904.0,118692.0,0.8,0.0,1.3,1.6,1.4,7.6,14.2,18.2,13.6,41.3,1.1,1.1,13.1,7.1,59.9,31.6,1.4,54.9,45.1,2882.0,8.0,48.6,3245,63.9,36.1,4067.0,42.6,19.1,12.0,47.6,39.2,3.9,0.9,60.1,3.9,32.6,0.0,Mixed,Q5 (Highest),Mixed,False,False,False,False
12086006709,Census Tract 67.09; Miami-Dade County; Florida,80.3,1.6,42.1,0.2,9.0,43.5,21.6,210292.0,299813.0,163791.0,1.4,1.1,2.4,2.2,2.4,10.5,7.8,8.1,13.8,50.4,1.5,1.4,9.6,10.1,69.4,14.6,5.9,41.5,58.5,3501.0,2.8,32.1,1701,57.3,42.7,1652.0,34.7,6.1,7.0,36.4,48.7,6.9,5.8,57.7,7.2,26.6,1.6,Mixed,Q5 (Highest),Mixed,False,False,False,False
12086006713,Census Tract 67.13; Miami-Dade County; Florida,79.1,6.3,39.9,4.6,14.9,37.7,21.9,135809.0,186863.0,109468.0,5.7,2.6,0.6,0.0,15.1,7.1,10.0,12.0,12.3,34.6,8.8,3.5,2.8,8.2,62.6,26.3,2.8,47.0,53.0,2532.0,6.7,51.0,1826,61.1,38.9,1912.0,37.3,10.3,6.9,48.6,33.6,3.3,8.1,49.5,3.3,34.9,2.5,Mixed,Q5 (Highest),Mixed,False,False,False,False
12086006714,Census Tract 67.14; Miami-Dade County; Florida,69.9,3.4,61.9,0.2,11.6,21.2,28.1,131982.0,154847.0,88328.0,6.1,0.7,3.0,4.9,4.0,11.1,12.8,18.3,16.6,22.6,8.1,4.4,1.8,10.3,69.5,12.8,7.4,48.4,51.6,2627.0,2.6,39.3,1936,63.9,36.1,2166.0,41.3,10.6,18.5,55.9,19.4,2.8,14.6,45.0,2.8,43.3,0.0,Mixed,Q5 (Highest),Mixed,False,False,False,False
12086006715,Census Tract 67.15; Miami-Dade County; Florida,72.1,4.9,69.3,3.7,4.1,17.2,22.9,98652.0,111681.0,52281.0,6.7,0.0,2.1,0.0,2.5,24.6,15.5,24.1,12.6,11.9,10.6,1.9,6.4,2.1,58.9,34.2,4.8,41.7,58.3,2369.0,24.1,52.4,1984,91.8,8.2,3879.0,37.4,15.7,13.6,71.2,17.5,2.7,7.9,36.4,2.7,49.2,1.6,Majority Hispanic,Q4,Hispanic-Majority,False,False,False,False
12086006716,Census Tract 67.16; Miami-Dade County; Florida,65.7,14.4,19.2,0.0,12.4,55.8,14.2,53000.0,105752.0,83251.0,1.9,24.4,0.0,20.1,2.8,18.5,0.9,8.1,4.3,19.0,20.4,1.0,13.8,14.5,77.2,8.3,0.0,17.6,82.4,2181.0,4.8,77.3,1114,51.9,48.1,744.0,36.0,2.8,0.7,50.1,31.5,7.4,3.8,51.3,7.4,26.2,7.3,Mixed,Q2,Mixed,True,True,False,False
12086006717,Census Tract 67.17; Miami-Dade County; Florida,73.4,1.9,14.3,5.4,36.4,43.9,12.6,139583.0,201076.0,117750.0,12.2,0.5,0.0,0.7,11.3,4.5,1.2,20.3,7.6,41.5,23.5,0.0,29.1,27.6,49.6,22.8,0.0,38.4,61.6,2835.0,2.8,39.2,1454,82.6,17.4,2114.0,30.9,10.1,7.7,48.4,38.8,0.0,2.3,47.2,0.0,43.7,0.9,Mixed,Q5 (Highest),Mixed,True,True,False,False
12086006718,Census Tract 67.18; Miami-Dade County; Florida,91.7,1.5,32.4,14.3,15.6,26.3,18.0,200729.0,272368.0,151280.0,0.9,0.0,0.0,1.3,2.7,3.6,1.2,21.2,18.7,50.4,3.0,6.9,1.2,13.7,53.1,32.4,0.8,40.3,59.7,2912.0,0.0,17.7,2224,73.9,26.1,2924.0,40.8,4.3,0.6,44.5,29.6,4.5,13.2,52.2,4.5,20.8,0.6,Mixed,Q5 (Highest),Mixed,False,True,False,False
12086006719,Census Tract 67.19; Miami-Dade County; Florida,87.2,0.0,37.4,2.2,30.4,10.9,22.3,108667.0,181243.0,129378.0,2.5,0.0,0.0,7.2,10.1,19.7,2.9,20.7,3.8,33.0,3.0,0.0,0.0,16.8,69.2,14.0,0.0,7.7,92.3,3441.0,14.0,47.9,1937,77.4,22.6,2123.0,32.2,6.8,1.0,26.0,63.1,0.0,9.8,72.8,0.0,15.8,0.0,Majority White,Q5 (Highest),White-Majority,False,True,False,False
12086006720,Census Tract 67.20; Miami-Dade County; Florida,84.8,0.8,25.4,3.8,40.1,25.5,15.4,161403.0,217310.0,130055.0,0.0,1.0,0.0,5.7,7.2,4.2,8.5,18.1,14.0,41.3,1.1,0.0,3.9,19.8,62.6,17.6,0.0,35.8,64.2,3155.0,3.0,23.5,1907,75.8,24.2,2426.0,31.6,10.4,0.2,55.4,37.1,5.2,3.4,63.9,5.2,26.3,0.0,Mixed,Q5 (Highest),Mixed,False,True,False,False
12086006721,Census Tract 67.21; Miami-Dade County; Florida,90.0,5.0,59.6,4.4,11.8,20.3,18.9,119888.0,224208.0,138285.0,1.2,1.1,1.8,1.4,0.8,5.6,5.8,36.2,12.0,34.2,7.2,0.0,18.3,4.6,64.9,30.5,0.0,15.6,84.4,3501.0,3.2,34.3,2218,81.0,19.0,2944.0,32.1,6.0,1.6,53.8,29.9,3.4,12.2,40.0,3.4,45.5,0.0,Mixed,Q5 (Highest),Mixed,False,False,False,False
12086006722,Census Tract 67.22; Miami-Dade County; Florida,75.7,1.8,41.2,2.3,22.4,29.3,21.3,91357.0,115459.0,48097.0,14.7,0.0,0.0,0.3,0.0,16.4,25.9,18.5,10.7,13.5,12.2,7.9,13.9,11.3,69.1,13.0,6.5,8.7,91.3,2669.0,18.6,44.1,946,81.2,18.8,1908.0,34.5,19.9,11.8,56.5,35.5,3.5,0.8,44.2,3.5,32.5,0.0,Mixed,Q4,Mixed,False,False,False,False
12086006801,Census Tract 68.01; Miami-Dade County; Florida,61.3,3.8,56.8,3.0,9.4,22.5,24.4,155982.0,286483.0,133656.0,3.7,1.8,2.3,1.0,6.3,3.7,8.1,19.9,9.5,43.7,11.4,3.5,6.4,6.1,49.5,33.4,11.0,66.1,33.9,2675.0,0.0,44.2,1837,77.0,23.0,3039.0,46.9,17.5,26.2,30.6,59.5,1.5,7.3,75.1,1.5,21.3,0.0,Majority White,Q5 (Highest),White-Majority,False,False,False,False
12086006802,Census Tract 68.02; Miami-Dade County; Florida,54.0,1.6,54.8,0.3,6.0,33.5,27.6,176188.0,262016.0,113446.0,3.9,3.7,8.9,4.0,2.8,5.0,6.1,10.9,12.1,42.6,7.6,4.2,4.3,9.7,29.2,50.7,10.4,80.0,20.0,,14.5,52.5,1835,80.9,19.1,3450.0,52.6,19.4,33.4,57.7,36.3,1.4,1.9,51.2,1.7,37.4,0.2,Mixed,Q5 (Highest),Mixed,False,False,False,False
12086006901,Census Tract 69.01; Miami-Dade County; Florida,69.3,1.4,73.3,1.8,5.3,13.8,26.6,80149.0,125138.0,57247.0,0.0,5.0,24.1,3.9,5.7,6.7,14.0,11.3,10.6,18.5,8.3,6.9,11.8,6.7,53.5,29.1,10.7,63.5,36.5,1656.0,4.2,56.4,1291,93.2,6.8,2781.0,46.9,17.2,14.0,79.8,20.2,0.0,0.0,49.8,2.0,39.7,0.0,Majority Hispanic,Q4,Hispanic-Majority,False,False,False,False
12086006902,Census Tract 69.02; Miami-Dade County; Florida,59.1,2.3,77.7,1.6,1.0,13.3,22.9,76656.0,127565.0,54946.0,8.7,4.2,4.6,3.2,13.1,14.1,11.5,9.9,5.2,25.4,12.9,9.1,4.2,10.2,41.1,47.6,1.1,81.3,18.7,1386.0,0.0,52.5,1521,87.1,12.9,3110.0,58.0,16.1,31.1,86.8,9.1,0.0,6.9,32.7,3.1,62.3,0.0,Majority Hispanic,Q3,Hispanic-Majority,False,False,False,False
12086007003,Census Tract 70.03; Miami-Dade County; Florida,72.9,4.1,74.7,2.5,4.2,7.1,34.7,59668.0,88640.0,31790.0,1.9,7.5,3.6,7.9,11.5,26.0,16.9,12.7,3.4,8.7,10.8,19.3,10.2,12.0,48.9,30.5,8.7,33.5,66.5,2210.0,1.2,64.7,1791,89.6,10.4,4492.0,33.8,21.9,11.4,88.5,8.1,0.4,3.0,22.8,0.4,66.7,0.6,Majority Hispanic,Q2,Hispanic-Majority,False,False,False,False
12086007004,Census Tract 70.04; Miami-Dade County; Florida,71.7,0.6,62.0,3.5,3.8,20.0,24.3,62381.0,85029.0,37357.0,6.4,1.6,4.2,9.5,9.2,39.2,5.4,8.1,7.2,9.3,8.8,9.2,13.2,3.3,65.4,19.4,11.9,50.0,50.0,2095.0,0.3,54.5,2338,90.8,9.2,4957.0,39.4,22.7,11.6,64.3,22.5,1.5,1.6,35.5,1.5,53.1,5.3,Majority Hispanic,Q3,Hispanic-Majority,False,False,False,False
12086007005,Census Tract 70.05; Miami-Dade County; Florida,58.9,8.9,62.2,4.3,3.1,26.9,21.3,59031.0,76150.0,42280.0,7.0,7.6,5.6,8.1,14.9,24.9,3.9,18.3,5.7,3.9,13.4,22.1,21.9,8.4,66.8,21.8,3.0,37.4,62.6,2205.0,0.0,54.1,1123,88.8,11.2,1787.0,52.4,7.4,20.9,75.8,11.9,0.7,7.6,32.0,0.7,51.7,0.0,Majority Hispanic,Q2,Hispanic-Majority,False,False,False,False
12086007006,Census Tract 70.06; Miami-Dade County; Florida,62.8,6.2,75.2,0.0,3.2,20.7,26.7,55927.0,77730.0,30578.0,0.9,5.7,9.2,8.6,16.5,21.4,9.8,16.9,3.8,7.2,11.7,5.4,16.0,3.4,53.1,31.5,12.0,35.4,64.6,2187.0,19.8,58.8,1404,91.8,8.2,3441.0,39.2,21.2,18.7,87.4,11.4,0.0,0.6,39.1,0.0,50.3,0.1,Majority Hispanic,Q2,Hispanic-Majority,False,False,False,False
12086007007,Census Tract 70.07; Miami-Dade County; Florida,65.5,2.1,59.8,7.8,4.2,20.5,31.8,95469.0,85869.0,39580.0,14.1,2.8,1.7,8.9,6.9,4.1,16.4,32.6,8.8,3.9,22.8,7.7,8.2,5.0,40.3,52.7,2.0,8.3,91.7,2575.0,24.4,43.2,1508,86.7,13.3,2829.0,27.6,18.3,5.8,48.8,20.9,2.9,26.5,30.7,2.9,36.8,0.9,Mixed,Q4,Mixed,True,False,False,False
12086007101,Census Tract 71.01; Miami-Dade County; Florida,64.9,5.1,71.5,5.5,0.0,10.4,24.6,77616.0,142278.0,58783.0,12.8,3.9,2.4,15.8,10.3,4.5,12.3,7.4,7.4,23.2,14.5,28.9,5.8,13.1,45.2,28.3,13.5,49.0,51.0,1066.0,0.0,47.7,1286,92.9,7.1,2958.0,42.3,20.6,13.1,47.0,20.5,21.8,7.8,39.6,21.8,31.1,0.0,Mixed,Q3,Mixed,False,True,False,False
12086007103,Census Tract 71.03; Miami-Dade County; Florida,67.0,15.4,55.2,7.6,5.4,23.0,31.4,128309.0,151224.0,86693.0,1.7,11.7,3.8,1.7,3.0,10.3,9.2,13.7,27.7,17.2,22.6,1.5,2.7,4.3,78.9,16.7,0.0,48.5,51.5,2169.0,15.1,20.0,1503,79.9,20.1,2105.0,36.9,13.2,14.1,27.5,37.0,17.9,13.5,46.7,17.9,16.8,0.0,Mixed,Q5 (Highest),Mixed,True,False,False,False
12086007104,Census Tract 71.04; Miami-Dade County; Florida,82.1,2.2,50.8,6.9,4.9,33.7,25.2,133548.0,209243.0,91734.0,1.9,1.0,3.2,1.1,11.4,9.3,13.0,13.6,8.9,36.5,2.4,7.8,8.0,4.0,46.8,39.0,10.3,46.7,53.3,2040.0,2.0,39.5,1645,85.8,14.2,3354.0,35.6,21.5,6.8,47.3,47.9,0.5,3.7,67.6,1.8,27.1,0.0,Mixed,Q5 (Highest),Mixed,False,False,False,False
12086007200,Census Tract 72; Miami-Dade County; Florida,67.4,4.2,69.0,8.3,1.9,9.8,24.7,60461.0,100652.0,44007.0,10.9,2.7,8.7,6.5,15.3,26.8,7.2,7.6,3.3,10.9,20.0,18.9,15.6,23.2,52.8,14.9,9.0,22.4,77.6,1354.0,13.2,57.5,1350,85.3,14.7,2713.0,37.8,20.3,13.8,27.0,8.4,62.1,1.0,21.0,62.3,12.4,0.6,Majority Black,Q2,Black-Majority,True,True,False,False
12086007300,Census Tract 73; Miami-Dade County; Florida,69.8,0.7,58.9,0.1,0.8,36.6,22.7,171635.0,238960.0,83926.0,2.7,0.5,3.4,3.3,4.7,5.5,12.9,14.0,7.0,46.1,6.2,1.8,0.8,1.8,27.0,58.8,12.4,91.5,8.5,1645.0,19.3,33.0,1778,88.2,11.8,4434.0,40.2,33.4,18.4,44.7,41.8,8.2,1.8,51.2,8.2,36.0,2.6,Mixed,Q5 (Highest),Mixed,False,False,False,False
12086007401,Census Tract 74.01; Miami-Dade County; Florida,71.6,0.0,52.7,0.0,0.0,35.5,19.0,239853.0,281734.0,109271.0,1.5,0.0,2.7,0.0,16.6,2.6,0.0,6.4,6.9,63.3,1.2,0.0,1.3,2.7,36.9,49.5,10.9,89.8,10.2,3501.0,14.3,17.9,579,94.6,5.4,1440.0,45.5,26.1,21.1,60.4,32.8,0.0,4.1,48.1,0.0,49.0,0.0,Majority Hispanic,Q5 (Highest),Hispanic-Majority,False,False,False,False
12086007402,Census Tract 74.02; Miami-Dade County; Florida,58.1,2.7,56.9,2.6,4.0,15.9,24.9,131786.0,226637.0,104324.0,6.7,0.0,5.9,3.5,2.3,12.4,4.1,24.6,6.5,34.0,6.3,0.0,2.3,1.7,44.2,37.4,16.8,82.1,17.9,2958.0,7.3,74.4,1283,84.0,16.0,2398.0,44.2,19.8,18.4,64.2,31.2,0.0,2.8,60.7,0.0,32.7,3.6,Majority Hispanic,Q5 (Highest),Hispanic-Majority,False,False,False,False
12086007403,Census Tract 74.03; Miami-Dade County; Florida,57.6,0.0,46.8,0.0,6.6,34.8,23.5,119817.0,173195.0,98683.0,14.0,0.0,8.2,1.3,1.8,3.2,5.7,26.9,5.4,33.6,21.5,5.5,3.8,1.8,60.6,25.8,11.8,45.4,54.6,3100.0,4.9,43.5,2363,77.1,22.9,3179.0,33.1,10.2,20.9,50.0,34.5,1.7,15.1,45.0,1.7,42.3,0.0,Mixed,Q5 (Highest),Mixed,True,False,False,False
12086007501,Census Tract 75.01; Miami-Dade County; Florida,64.8,1.5,62.2,0.0,0.0,29.8,19.3,228289.0,330793.0,120483.0,1.2,1.5,0.7,0.7,4.3,4.2,9.2,12.4,7.9,58.0,1.9,1.2,1.2,1.9,28.7,51.1,18.4,96.7,3.3,3501.0,0.0,36.7,975,92.7,7.3,2551.0,48.3,25.0,24.3,54.4,34.5,2.5,4.4,48.8,2.5,41.8,0.2,Mixed,Q5 (Highest),Mixed,False,False,False,False
12086007503,Census Tract 75.03; Miami-Dade County; Florida,64.9,1.9,63.5,9.1,9.1,17.1,22.6,84583.0,187757.0,82165.0,3.4,5.4,4.2,13.6,4.8,14.4,5.4,7.9,8.2,32.8,12.4,4.0,2.5,14.1,44.6,28.0,13.3,65.8,34.2,2125.0,0.0,55.1,418,84.7,15.3,797.0,40.3,21.7,17.8,62.7,31.6,0.0,1.0,53.8,0.0,35.5,0.0,Majority Hispanic,Q4,Hispanic-Majority,False,True,False,False
12086007601,Census Tract 76.01; Miami-Dade County; Florida,70.6,3.3,68.7,4.4,3.1,18.8,24.7,116701.0,170146.0,58307.0,0.0,0.0,4.2,6.7,8.2,20.4,6.2,13.5,10.9,30.1,6.2,3.4,5.4,7.6,29.4,44.2,18.8,78.2,21.8,2063.0,2.7,63.4,918,93.1,6.9,2568.0,38.4,26.6,14.3,74.0,20.5,1.6,1.7,54.7,1.9,27.1,0.7,Majority Hispanic,Q5 (Highest),Hispanic-Majority,False,False,False,False
12086007603,Census Tract 76.03; Miami-Dade County; Florida,52.2,5.2,61.0,7.4,12.1,10.3,36.2,35481.0,67379.0,31261.0,18.6,4.7,16.8,9.6,11.3,5.2,11.0,12.9,3.5,6.4,26.2,19.8,11.9,24.7,47.9,18.4,9.0,33.0,67.0,1685.0,11.9,65.7,1888,82.3,17.7,3465.0,31.7,15.2,20.9,38.4,23.5,26.5,7.7,28.8,27.1,37.5,0.0,Mixed,Q1 (Lowest),Mixed,True,True,True,True
12086007605,Census Tract 76.05; Miami-Dade County; Florida,67.7,0.4,80.1,2.1,2.1,9.5,25.3,73992.0,126280.0,62067.0,4.0,5.1,3.4,4.6,13.4,21.0,17.1,17.4,2.6,11.3,15.3,10.3,8.2,4.8,42.6,38.4,14.1,54.3,45.7,2068.0,9.4,68.3,1738,89.2,10.8,3178.0,39.9,17.8,13.8,66.1,20.0,8.7,2.4,46.4,8.7,37.3,0.3,Majority Hispanic,Q3,Hispanic-Majority,False,False,False,False
12086007607,Census Tract 76.07; Miami-Dade County; Florida,65.4,2.5,68.4,0.2,0.0,20.2,34.4,96442.0,144927.0,63926.0,3.1,6.9,1.7,17.4,3.7,8.0,12.1,14.6,11.4,21.0,7.4,3.7,3.1,2.0,45.0,30.9,22.0,75.7,24.3,2310.0,0.0,100.0,1008,93.0,7.0,2165.0,45.2,14.4,24.3,65.9,30.1,0.4,4.8,46.0,0.4,44.3,0.0,Majority Hispanic,Q4,Hispanic-Majority,False,False,False,False
12086007608,Census Tract 76.08; Miami-Dade County; Florida,76.1,2.2,70.1,4.4,1.2,12.4,23.8,135991.0,196212.0,69343.0,1.8,0.0,0.0,1.1,12.3,15.0,8.1,14.7,13.1,33.9,3.5,3.7,5.2,3.7,33.3,47.1,16.0,78.2,21.8,1411.0,15.2,39.3,843,96.7,3.3,2343.0,38.9,28.2,12.1,38.6,45.2,8.5,4.9,59.8,8.5,27.0,0.0,Mixed,Q5 (Highest),Mixed,False,False,False,False
12086007609,Census Tract 76.09; Miami-Dade County; Florida,69.6,4.4,79.7,7.4,0.0,10.1,25.3,77171.0,109326.0,50259.0,7.1,0.8,3.0,10.2,3.1,23.6,13.7,16.0,10.6,11.8,7.1,2.5,5.1,7.4,51.8,35.1,5.7,56.7,43.3,2307.0,13.8,29.0,865,89.1,10.9,1728.0,39.6,16.7,15.5,44.8,40.8,6.1,4.1,61.5,8.0,24.2,1.9,Mixed,Q3,Mixed,False,False,False,False
12086007610,Census Tract 76.10; Miami-Dade County; Florida,71.6,4.1,55.4,7.8,1.5,29.6,29.9,103814.0,174075.0,72445.0,6.5,4.4,2.6,3.9,5.7,12.8,8.8,17.2,4.9,33.2,11.6,1.7,11.8,6.2,39.6,30.1,24.1,63.5,36.5,1655.0,5.5,46.1,1974,96.7,3.3,4534.0,40.5,15.8,12.5,57.3,24.1,3.3,8.1,39.3,3.3,49.7,0.4,Mixed,Q5 (Highest),Mixed,False,False,False,False
12086007704,Census Tract 77.04; Miami-Dade County; Florida,61.0,3.0,64.3,3.8,1.4,20.9,26.6,62096.0,95920.0,48699.0,7.7,2.6,12.3,2.0,15.5,20.8,12.2,14.1,4.6,8.3,8.9,6.7,10.4,2.2,67.2,29.3,1.3,31.7,68.3,1992.0,21.0,47.4,3357,87.5,12.5,5811.0,37.6,23.1,17.9,66.0,24.4,4.7,1.8,47.5,4.7,42.1,1.0,Majority Hispanic,Q3,Hispanic-Majority,False,False,False,False
12086007705,Census Tract 77.05; Miami-Dade County; Florida,60.7,5.4,78.5,4.2,2.2,7.6,27.2,71597.0,123992.0,60578.0,7.0,3.1,10.1,8.2,8.4,14.7,13.0,19.9,2.3,13.3,13.7,3.6,5.5,4.6,46.8,40.4,8.2,43.0,57.0,1752.0,5.1,49.9,2693,97.1,2.9,5454.0,39.2,15.7,22.8,73.9,22.5,2.4,0.0,48.4,2.4,37.4,0.4,Majority Hispanic,Q3,Hispanic-Majority,False,False,False,False
12086007706,Census Tract 77.06; Miami-Dade County; Florida,64.6,5.0,79.9,0.7,1.0,15.1,23.4,137875.0,183060.0,78428.0,9.5,0.0,4.4,8.7,4.5,9.2,7.3,16.3,11.6,28.4,7.2,12.4,2.1,10.1,29.5,33.9,26.5,87.4,12.6,3055.0,9.9,47.9,1413,93.6,6.4,3173.0,55.3,13.8,32.1,70.4,26.4,0.5,3.5,53.8,0.5,39.1,0.0,Majority Hispanic,Q5 (Highest),Hispanic-Majority,False,False,False,False
12086007707,Census Tract 77.07; Miami-Dade County; Florida,73.4,0.1,54.9,0.0,0.0,40.6,24.7,153381.0,150056.0,43740.0,3.3,0.6,4.9,0.0,4.9,7.3,9.9,6.0,51.7,11.5,18.2,12.4,1.8,1.0,25.0,20.2,53.8,94.3,5.7,,15.9,0.0,889,94.5,5.5,3124.0,39.6,17.5,16.6,73.4,24.7,0.4,1.6,42.3,0.4,53.4,0.0,Majority Hispanic,Q5 (Highest),Hispanic-Majority,False,False,False,False
12086007708,Census Tract 77.08; Miami-Dade County; Florida,53.4,0.0,87.4,1.3,2.1,3.8,26.3,65089.0,84970.0,28886.0,2.5,4.7,6.2,15.0,10.0,19.8,8.8,9.7,17.2,6.1,12.1,23.7,10.8,6.9,19.7,47.5,25.9,58.2,41.8,1683.0,4.4,74.1,919,87.8,12.2,2383.0,50.1,10.5,26.9,92.9,5.7,1.0,0.0,52.5,1.0,40.9,0.0,Majority Hispanic,Q3,Hispanic-Majority,False,False,False,False
12086007709,Census Tract 77.09; Miami-Dade County; Florida,65.8,1.3,81.2,0.0,0.0,4.7,27.0,97083.0,120476.0,42900.0,5.3,0.0,0.0,6.1,7.4,23.1,9.3,20.0,16.4,12.4,6.7,7.6,11.0,4.2,25.4,44.7,25.7,77.9,22.1,1665.0,9.8,23.7,1053,92.7,7.3,2786.0,51.2,17.0,20.6,88.5,5.6,0.1,3.5,31.4,7.4,51.7,2.2,Majority Hispanic,Q4,Hispanic-Majority,False,False,False,False
12086007801,Census Tract 78.01; Miami-Dade County; Florida,50.1,0.8,50.4,3.7,4.9,32.4,20.4,250001.0,574477.0,188783.0,2.1,0.0,2.6,0.0,9.7,5.1,9.2,9.7,1.5,60.0,6.7,2.6,6.7,0.0,8.7,52.3,39.0,95.4,4.6,,0.0,100.0,219,89.0,11.0,599.0,49.9,22.9,29.4,43.2,51.1,0.7,0.7,68.3,0.7,27.4,0.7,Majority White,Q5 (Highest),White-Majority,False,False,False,False
12086007805,Census Tract 78.05; Miami-Dade County; Florida,68.8,3.6,69.4,2.2,0.0,19.5,34.0,150809.0,204052.0,78953.0,4.7,1.8,4.5,3.2,6.0,11.4,5.8,12.3,11.8,38.5,5.9,7.1,3.7,3.7,26.8,44.1,25.3,76.9,23.1,1975.0,0.0,57.5,1786,93.4,6.6,4376.0,43.5,24.4,20.9,58.3,37.3,1.0,1.8,64.2,1.2,32.4,0.2,Mixed,Q5 (Highest),Mixed,False,False,False,False
12086007806,Census Tract 78.06; Miami-Dade County; Florida,57.4,3.2,65.9,2.4,0.7,23.0,27.8,250001.0,586625.0,175649.0,11.3,0.0,1.3,4.8,2.5,0.7,0.0,9.5,10.5,59.5,15.3,0.0,0.7,5.6,15.6,47.2,31.6,97.3,2.7,,0.0,0.0,1251,93.8,6.2,3872.0,42.1,29.5,22.4,39.2,51.5,2.3,4.2,60.7,2.3,32.0,2.5,Majority White,Q5 (Highest),White-Majority,False,False,False,False
12086007807,Census Tract 78.07; Miami-Dade County; Florida,64.4,4.2,64.5,3.4,0.7,27.0,25.1,180000.0,233448.0,78337.0,5.3,1.7,4.6,3.4,2.1,10.3,5.1,9.2,12.3,46.1,4.0,5.7,2.4,2.8,33.8,44.5,18.9,79.3,20.7,1775.0,11.2,47.9,1770,91.6,8.4,4965.0,41.2,30.8,13.5,52.9,39.2,0.9,4.5,51.8,1.1,42.3,0.2,Mixed,Q5 (Highest),Mixed,False,False,False,False
12086007808,Census Tract 78.08; Miami-Dade County; Florida,71.8,3.2,59.9,17.8,2.3,14.1,30.0,51883.0,84864.0,49797.0,6.8,7.0,4.9,13.8,15.2,16.1,6.3,12.7,8.4,8.8,13.6,11.8,15.1,11.1,59.0,29.3,0.6,32.0,68.0,1863.0,12.6,59.7,2814,86.7,13.3,4140.0,41.5,10.2,17.9,74.1,14.6,5.6,6.3,39.7,5.6,44.3,0.0,Majority Hispanic,Q2,Hispanic-Majority,False,False,False,False
12086007809,Census Tract 78.09; Miami-Dade County; Florida,67.6,1.5,61.4,7.9,4.3,9.7,32.6,82850.0,103773.0,45342.0,10.6,1.2,2.9,8.5,6.9,17.1,19.4,13.9,10.4,9.2,14.2,14.5,10.0,10.5,45.5,36.6,7.4,51.9,48.1,1901.0,4.1,35.5,1857,93.2,6.8,3984.0,39.8,18.2,18.7,70.0,16.0,2.7,10.4,45.5,3.6,30.4,0.0,Majority Hispanic,Q4,Hispanic-Majority,False,False,False,False
12086007901,Census Tract 79.01; Miami-Dade County; Florida,49.9,1.6,51.8,2.3,3.7,27.9,26.3,129167.0,222802.0,91374.0,12.9,0.6,7.9,4.0,3.9,4.6,9.2,22.9,2.8,31.2,10.4,0.0,0.6,24.9,28.0,33.9,13.3,82.9,17.1,2090.0,0.0,72.1,1842,92.8,7.2,4221.0,42.4,23.8,24.2,64.4,21.3,0.9,9.0,45.3,0.9,42.5,3.0,Majority Hispanic,Q5 (Highest),Hispanic-Majority,False,True,False,False
12086007902,Census Tract 79.02; Miami-Dade County; Florida,59.4,3.6,63.9,0.5,0.0,26.6,32.0,163750.0,298814.0,108593.0,7.8,0.5,0.6,0.5,8.6,14.4,5.7,10.2,8.6,42.9,8.1,4.4,0.4,1.6,36.0,41.5,20.8,79.6,20.4,2530.0,26.6,55.1,1217,91.2,8.8,3074.0,45.2,25.3,19.0,57.5,36.2,0.0,5.0,57.4,0.9,34.5,2.1,Mixed,Q5 (Highest),Mixed,False,False,False,False
12086008000,Census Tract 80; Miami-Dade County; Florida,55.8,1.2,79.0,0.6,0.0,12.6,29.2,183944.0,262433.0,103656.0,5.9,0.9,0.8,9.7,10.0,3.8,4.4,5.5,14.2,44.9,8.3,0.8,2.6,2.9,31.0,36.3,29.8,71.4,28.6,1988.0,3.4,56.1,2242,82.8,17.2,4664.0,48.4,19.4,20.0,67.8,26.8,0.8,2.8,48.0,0.8,45.7,0.0,Majority Hispanic,Q5 (Highest),Hispanic-Majority,False,False,False,False
12086008101,Census Tract 81.01; Miami-Dade County; Florida,57.2,4.9,63.7,3.5,0.0,25.2,34.2,250001.0,362729.0,104734.0,0.0,1.1,0.0,0.0,2.3,3.4,7.2,10.2,9.6,66.1,5.4,2.8,1.5,0.0,19.4,42.1,38.4,97.1,2.9,3501.0,0.0,0.0,1142,89.8,10.2,3514.0,43.3,30.2,15.3,37.8,48.5,4.0,7.1,57.1,4.0,31.5,0.8,Mixed,Q5 (Highest),Mixed,False,False,False,False
12086008102,Census Tract 81.02; Miami-Dade County; Florida,61.1,4.0,61.2,0.4,3.0,27.5,24.1,177557.0,220945.0,80607.0,1.7,0.0,4.0,3.0,9.6,12.9,3.0,7.3,17.7,40.8,2.8,3.2,3.7,0.0,35.0,36.8,28.3,78.5,21.5,,6.3,62.2,1641,97.9,2.1,4493.0,45.1,26.1,20.9,43.0,45.4,1.0,8.1,57.0,1.0,34.6,0.0,Mixed,Q5 (Highest),Mixed,False,False,False,False
12086008202,Census Tract 82.02; Miami-Dade County; Florida,65.7,2.7,66.9,1.4,1.9,15.4,37.0,160809.0,197253.0,67096.0,0.9,1.2,10.6,4.5,5.2,7.3,8.2,8.4,15.3,38.5,8.5,0.0,10.1,1.8,25.7,49.7,22.8,83.3,16.7,1459.0,17.4,47.7,1507,100.0,0.0,4496.0,40.6,25.9,14.0,60.1,29.9,2.4,8.7,56.8,2.7,31.3,0.4,Majority Hispanic,Q5 (Highest),Hispanic-Majority,False,False,False,False
12086008205,Census Tract 82.05; Miami-Dade County; Florida,55.1,1.9,60.9,2.1,1.4,23.7,37.5,170813.0,295157.0,100889.0,1.6,0.0,0.0,5.6,3.8,1.4,5.2,25.2,8.2,49.0,1.5,1.2,1.3,2.7,28.5,44.9,24.0,94.5,5.5,3501.0,7.9,30.2,1506,91.2,8.8,4043.0,45.4,26.8,23.6,40.7,48.0,1.1,6.6,64.5,1.1,30.2,0.3,Mixed,Q5 (Highest),Mixed,False,False,False,False
12086008206,Census Tract 82.06; Miami-Dade County; Florida,62.9,5.1,57.6,1.8,1.4,24.2,33.8,106801.0,204986.0,80170.0,0.9,4.3,12.0,0.5,8.9,7.2,12.5,12.5,10.0,31.3,3.7,0.4,4.1,3.6,37.3,40.7,18.4,73.1,26.9,1432.0,7.5,69.9,1553,96.1,3.9,3795.0,46.8,23.2,17.6,47.9,40.3,1.2,9.1,55.5,1.2,34.9,0.3,Mixed,Q5 (Highest),Mixed,False,False,False,False
12086008207,Census Tract 82.07; Miami-Dade County; Florida,70.4,2.1,65.5,0.2,1.1,27.0,33.1,216711.0,278026.0,84907.0,1.2,0.0,0.0,0.8,5.1,4.1,2.3,21.2,11.0,54.4,2.4,1.0,0.2,0.4,18.1,35.9,45.7,96.7,3.3,,0.0,0.0,1535,94.5,5.5,4970.0,38.2,24.6,11.0,36.1,52.3,1.5,5.7,66.7,2.2,26.8,1.4,Majority White,Q5 (Highest),White-Majority,False,False,False,False
12086008208,Census Tract 82.08; Miami-Dade County; Florida,67.3,6.2,67.8,3.6,0.3,10.5,34.9,87096.0,106420.0,41475.0,3.1,2.3,2.9,3.3,17.0,14.1,14.9,21.5,10.0,10.8,7.9,16.5,10.0,13.0,33.0,39.0,15.0,46.0,54.0,1967.0,6.0,59.2,1984,87.6,12.4,4660.0,38.9,20.8,12.4,60.2,22.3,8.6,4.3,44.6,8.6,37.5,2.4,Majority Hispanic,Q4,Hispanic-Majority,False,True,False,False
12086008209,Census Tract 82.09; Miami-Dade County; Florida,58.4,3.4,65.1,4.1,0.0,17.0,41.8,164073.0,178633.0,57312.0,5.4,0.6,0.8,1.9,6.9,4.9,11.0,13.9,16.2,38.4,12.0,8.4,1.5,5.4,19.3,38.7,36.6,86.6,13.4,3431.0,5.5,40.2,1420,91.1,8.9,4155.0,39.4,26.0,16.9,40.9,44.0,9.6,3.7,59.5,9.6,22.7,1.0,Mixed,Q5 (Highest),Mixed,False,False,False,False
12086008305,Census Tract 83.05; Miami-Dade County; Florida,64.7,4.0,66.9,3.8,3.8,17.2,29.0,92829.0,168716.0,60104.0,3.5,3.6,2.2,2.5,21.9,10.0,8.6,13.2,8.4,26.1,9.3,10.1,8.2,4.4,29.4,43.8,22.3,53.6,46.4,1677.0,8.6,56.8,1999,96.7,3.3,5649.0,38.4,21.9,18.6,52.7,33.3,6.7,2.2,49.0,6.8,37.8,3.2,Mixed,Q4,Mixed,False,False,False,False
12086008308,Census Tract 83.08; Miami-Dade County; Florida,64.0,5.0,78.9,0.8,0.0,6.0,32.6,74632.0,85005.0,27201.0,2.0,3.7,9.9,10.2,8.8,16.8,14.4,19.9,10.3,3.9,17.5,30.5,17.9,3.8,21.4,43.8,31.0,58.6,41.4,1635.0,6.0,37.2,1883,89.3,10.7,5475.0,38.5,22.9,13.5,73.9,4.6,19.0,0.9,33.1,19.8,44.1,0.1,Majority Hispanic,Q3,Hispanic-Majority,False,False,False,False
12086008309,Census Tract 83.09; Miami-Dade County; Florida,49.3,18.0,77.4,0.0,0.0,1.5,23.2,43646.0,55114.0,18237.0,9.6,6.9,13.3,10.7,16.6,20.1,15.5,2.6,2.1,2.6,21.5,50.4,20.2,11.7,37.3,38.9,12.1,35.7,64.3,1284.0,10.3,51.0,1636,86.0,14.0,4469.0,31.6,32.3,8.7,30.7,0.4,66.2,0.8,7.5,69.7,18.0,0.0,Majority Black,Q1 (Lowest),Black-Majority,True,False,True,False
12086008310,Census Tract 83.10; Miami-Dade County; Florida,51.1,4.7,75.9,2.7,0.0,7.9,40.5,78487.0,109310.0,30546.0,3.0,3.6,3.6,10.6,9.0,10.3,20.4,14.6,14.0,10.9,6.4,23.2,8.7,11.1,14.8,51.7,22.4,86.4,13.6,,5.6,65.2,1182,100.0,0.0,4383.0,42.6,25.2,17.2,60.5,15.1,18.0,2.3,31.8,18.0,45.7,0.3,Majority Hispanic,Q4,Hispanic-Majority,False,False,False,False
12086008311,Census Tract 83.11; Miami-Dade County; Florida,61.6,5.9,78.6,0.0,0.0,5.3,37.5,94102.0,113308.0,31795.0,2.5,1.4,4.3,5.8,18.1,11.8,10.0,24.9,8.1,13.1,13.9,21.1,15.1,7.9,21.4,20.9,49.8,84.7,15.3,2248.0,0.0,81.7,1168,98.2,1.8,4343.0,42.6,19.6,16.5,51.3,7.6,38.7,2.2,31.1,38.7,25.2,0.3,Mixed,Q4,Mixed,False,False,False,False
12086008312,Census Tract 83.12; Miami-Dade County; Florida,56.4,2.2,76.8,8.3,0.0,2.3,33.5,65385.0,76030.0,23091.0,6.3,2.0,2.0,12.6,17.4,23.6,8.4,20.9,2.1,4.6,16.3,48.2,13.1,12.2,15.9,38.5,33.3,64.0,36.0,1495.0,3.5,73.9,1105,93.1,6.9,3474.0,40.8,13.3,19.5,60.0,1.2,35.0,0.0,7.4,35.3,56.3,0.0,Mixed,Q3,Mixed,False,False,False,False
12086008313,Census Tract 83.13; Miami-Dade County; Florida,51.7,3.2,76.4,3.2,0.0,8.4,37.6,61697.0,96005.0,34679.0,9.0,3.0,3.3,6.3,6.5,36.8,12.0,18.8,1.5,2.8,10.4,23.7,9.8,11.4,28.0,41.8,18.8,66.6,33.4,1653.0,57.0,31.1,1719,93.8,6.2,5148.0,40.3,22.1,21.2,42.4,2.6,51.8,2.4,13.8,52.3,26.0,0.0,Majority Black,Q3,Black-Majority,False,False,False,False
12086008314,Census Tract 83.14; Miami-Dade County; Florida,63.8,3.3,82.7,0.0,0.0,1.5,31.2,80769.0,102761.0,27657.0,0.0,0.0,4.6,7.3,5.9,28.1,13.4,16.9,18.2,5.5,3.4,14.3,9.3,0.0,17.6,20.1,62.3,90.2,9.8,2086.0,0.0,57.3,762,100.0,0.0,2957.0,35.8,22.6,14.1,58.7,2.0,32.4,4.1,14.0,38.4,21.7,2.5,Mixed,Q4,Mixed,False,False,False,False
12086008315,Census Tract 83.15; Miami-Dade County; Florida,60.8,3.0,87.0,2.5,0.0,1.6,32.4,95567.0,104209.0,26848.0,1.2,0.0,1.9,5.2,3.6,16.5,31.1,21.4,12.5,6.6,13.8,17.5,25.7,5.9,18.8,38.0,37.2,96.0,4.0,2040.0,0.0,23.9,1141,100.0,0.0,4904.0,41.0,18.2,17.9,54.5,2.0,38.9,1.5,6.6,40.2,45.5,3.0,Mixed,Q4,Mixed,False,False,False,False
12086008409,Census Tract 84.09; Miami-Dade County; Florida,52.6,5.9,73.4,1.9,0.6,15.4,32.1,88750.0,134751.0,53493.0,2.1,0.0,12.3,7.7,4.4,20.8,4.8,16.2,6.5,25.3,6.7,4.5,9.2,4.5,27.8,50.0,17.7,78.9,21.1,2288.0,0.0,51.6,2158,91.8,8.2,5063.0,46.3,21.2,20.8,48.1,36.6,7.1,5.6,62.1,7.1,20.7,0.6,Mixed,Q4,Mixed,False,False,False,False
12086008415,Census Tract 84.15; Miami-Dade County; Florida,62.5,3.6,75.1,0.4,0.0,19.3,26.7,199773.0,251476.0,81405.0,2.1,0.0,0.8,1.8,3.8,16.0,4.2,12.6,8.9,49.9,1.1,2.8,2.0,0.7,13.4,51.2,34.7,98.8,1.2,,0.0,0.0,1509,96.8,3.2,4567.0,46.0,20.1,22.8,52.6,35.3,3.4,7.6,60.2,3.4,28.2,0.0,Mixed,Q5 (Highest),Mixed,False,False,False,False
12086008416,Census Tract 84.16; Miami-Dade County; Florida,69.6,1.7,66.1,1.7,1.6,18.4,37.0,66573.0,115651.0,48836.0,6.5,0.9,9.1,2.0,17.1,16.2,6.3,13.7,10.0,18.3,8.7,13.1,10.2,1.7,45.6,38.7,14.0,48.1,51.9,1764.0,1.4,75.8,1327,99.3,0.7,3203.0,39.8,18.9,19.1,73.6,23.5,0.8,2.5,43.6,0.8,44.1,0.0,Majority Hispanic,Q3,Hispanic-Majority,False,False,False,False
12086008418,Census Tract 84.18; Miami-Dade County; Florida,63.4,3.2,72.4,5.2,1.2,20.0,33.7,77250.0,110274.0,41099.0,2.1,2.7,1.7,2.2,9.7,28.5,15.4,12.1,11.1,14.5,9.0,4.8,4.9,2.7,31.1,50.3,15.8,64.5,35.5,2257.0,9.8,44.7,1131,91.0,9.0,2782.0,41.6,14.6,19.2,81.7,14.6,0.1,3.0,33.2,1.7,50.0,0.3,Majority Hispanic,Q3,Hispanic-Majority,False,False,False,False
12086008419,Census Tract 84.19; Miami-Dade County; Florida,65.9,3.1,89.5,1.0,0.7,6.2,30.4,64429.0,87607.0,37689.0,2.0,4.6,10.4,11.3,7.7,27.3,11.2,8.0,9.4,8.2,9.6,20.3,21.7,12.9,31.6,47.6,7.9,44.8,55.2,1879.0,8.1,37.6,2268,94.4,5.6,5185.0,40.2,20.2,19.1,75.4,12.2,8.1,2.0,38.8,8.7,43.5,0.5,Majority Hispanic,Q3,Hispanic-Majority,False,True,False,False
12086008420,Census Tract 84.20; Miami-Dade County; Florida,81.0,0.0,74.1,0.0,2.7,5.2,31.5,136121.0,129625.0,59810.0,0.0,0.0,8.9,1.3,9.5,7.6,8.5,26.8,27.1,10.3,5.7,0.0,4.0,6.0,36.3,51.5,6.3,85.1,14.9,2154.0,0.0,81.0,680,98.8,1.2,1500.0,39.8,18.9,17.0,76.1,20.9,0.4,0.3,54.5,0.4,32.7,0.0,Majority Hispanic,Q5 (Highest),Hispanic-Majority,False,False,False,False
12086008421,Census Tract 84.21; Miami-Dade County; Florida,57.0,4.8,82.7,0.0,0.4,9.3,29.5,165033.0,141063.0,47854.0,2.0,1.1,1.9,5.1,8.7,3.7,15.2,9.2,37.2,15.7,7.2,5.4,8.9,1.9,23.2,44.6,30.3,87.9,12.1,2587.0,14.8,19.6,1845,89.9,10.1,4394.0,53.3,13.8,24.2,66.8,29.4,1.3,0.6,59.6,1.3,27.5,1.9,Majority Hispanic,Q5 (Highest),Hispanic-Majority,False,False,False,False
12086008422,Census Tract 84.22; Miami-Dade County; Florida,68.7,0.4,66.3,0.6,15.3,12.7,28.7,78947.0,123167.0,49366.0,7.2,10.5,1.0,4.8,19.2,4.2,7.2,17.8,6.0,22.0,18.2,7.8,10.2,6.8,30.1,42.7,20.5,78.2,21.8,2055.0,0.0,24.5,909,98.8,1.2,2255.0,41.9,17.0,23.7,82.0,15.4,0.0,2.3,33.1,0.0,63.6,0.0,Majority Hispanic,Q4,Hispanic-Majority,False,False,False,False
12086008423,Census Tract 84.23; Miami-Dade County; Florida,59.7,1.0,82.2,1.3,0.0,8.4,27.5,91771.0,141809.0,48193.0,3.6,2.8,0.7,1.2,11.3,22.5,10.1,12.4,15.3,20.2,17.5,11.2,7.6,0.4,26.7,33.6,39.3,76.6,23.4,1747.0,4.1,63.5,1745,97.7,2.3,4999.0,41.8,19.7,17.0,63.3,19.8,0.0,16.8,44.6,0.0,50.8,0.0,Majority Hispanic,Q4,Hispanic-Majority,False,False,False,False
12086008424,Census Tract 84.24; Miami-Dade County; Florida,61.9,0.9,75.6,4.2,4.3,7.7,31.0,48232.0,76434.0,39781.0,7.1,16.9,9.9,9.5,8.2,14.1,13.2,12.2,1.7,7.3,20.5,34.6,8.8,21.4,38.4,29.0,11.3,19.8,80.2,1513.0,8.0,36.8,1980,95.3,4.7,3670.0,50.4,8.7,28.1,79.3,10.4,6.0,0.4,40.1,6.5,45.3,0.0,Majority Hispanic,Q2,Hispanic-Majority,True,True,True,True
12086008425,Census Tract 84.25; Miami-Dade County; Florida,57.0,4.2,69.2,3.9,3.7,4.8,32.7,77212.0,98379.0,45989.0,9.7,5.8,2.7,1.3,11.3,13.2,18.6,27.4,4.3,5.9,14.8,19.1,6.3,8.3,55.9,28.2,7.6,64.1,35.9,1486.0,15.4,35.0,1002,93.7,6.3,2018.0,51.1,19.3,25.5,69.9,20.3,1.1,7.8,49.3,1.1,36.7,0.9,Majority Hispanic,Q3,Hispanic-Majority,False,False,False,False
12086008426,Census Tract 84.26; Miami-Dade County; Florida,65.7,5.1,74.1,3.8,0.0,15.1,28.7,138750.0,160083.0,49433.0,0.0,0.0,3.0,0.0,2.4,14.1,15.5,24.3,14.8,25.9,1.6,5.3,7.9,5.6,13.1,46.4,34.9,99.1,0.9,,0.0,0.0,1289,95.5,4.5,4014.0,42.0,24.7,17.1,50.5,27.1,13.1,6.5,45.3,13.4,33.9,0.1,Mixed,Q5 (Highest),Mixed,False,False,False,False
12086008427,Census Tract 84.27; Miami-Dade County; Florida,67.7,1.3,64.9,1.4,0.0,14.0,31.1,79419.0,128117.0,51858.0,1.4,7.7,1.9,7.0,9.9,17.9,9.1,7.3,18.6,19.3,5.2,4.6,6.2,0.4,45.5,33.2,20.9,74.2,25.8,2131.0,0.0,54.5,820,95.6,4.4,2000.0,40.3,22.2,14.7,73.3,13.7,7.2,3.6,35.8,7.2,41.3,0.0,Majority Hispanic,Q4,Hispanic-Majority,False,False,False,False
12086008428,Census Tract 84.28; Miami-Dade County; Florida,73.5,2.7,73.8,2.2,0.0,16.7,25.5,156250.0,185278.0,67963.0,0.7,0.0,0.8,0.5,8.0,15.7,5.8,17.7,15.7,35.1,0.6,12.3,0.4,3.8,25.6,46.3,24.3,84.9,15.1,2077.0,35.8,36.7,906,96.2,3.8,2408.0,39.5,20.0,14.2,71.1,19.7,6.1,3.2,41.7,6.1,40.7,0.0,Majority Hispanic,Q5 (Highest),Hispanic-Majority,False,False,False,False
12086008429,Census Tract 84.29; Miami-Dade County; Florida,60.3,0.9,45.7,5.5,0.6,23.3,31.3,135448.0,201893.0,55017.0,0.0,1.1,6.1,4.5,2.9,4.8,18.1,17.8,19.0,25.8,17.7,12.2,3.1,1.0,30.2,31.1,37.7,64.7,35.3,2032.0,0.0,38.3,1339,94.9,5.1,4580.0,28.4,44.8,12.9,67.4,28.5,1.8,0.0,42.1,1.8,43.3,0.0,Majority Hispanic,Q5 (Highest),Hispanic-Majority,False,False,False,False
12086008430,Census Tract 84.30; Miami-Dade County; Florida,68.2,3.9,84.2,1.3,0.0,5.3,25.3,51771.0,62920.0,26926.0,11.5,7.7,5.4,7.7,15.7,19.9,11.0,15.1,5.0,1.0,24.3,17.1,11.4,11.1,51.7,30.2,6.9,27.0,73.0,1692.0,10.8,49.8,2419,91.4,8.6,5354.0,37.2,17.2,14.6,75.8,8.9,9.2,5.0,32.6,9.5,41.5,0.8,Majority Hispanic,Q2,Hispanic-Majority,True,False,False,False
12086008431,Census Tract 84.31; Miami-Dade County; Florida,21.4,3.2,71.5,0.0,0.8,8.5,20.4,58648.0,90204.0,28184.0,8.8,0.7,15.3,11.4,9.7,12.3,8.6,10.2,9.1,14.0,31.2,12.8,9.2,14.5,28.5,43.9,13.0,70.2,29.8,2794.0,6.2,69.9,537,100.0,0.0,2503.0,75.6,6.6,57.4,60.2,27.0,4.6,7.2,49.5,4.6,38.4,0.0,Majority Hispanic,Q2,Hispanic-Majority,True,True,False,False
12086008502,Census Tract 85.02; Miami-Dade County; Florida,60.0,4.3,72.3,1.0,0.0,13.4,31.3,116488.0,146563.0,50427.0,3.5,6.0,7.2,4.0,7.6,9.6,6.2,12.0,20.4,23.6,5.6,12.7,4.3,5.6,24.8,47.0,22.6,71.5,28.5,1628.0,6.2,63.3,1503,95.6,4.4,4221.0,47.6,21.2,23.3,79.6,12.5,0.5,5.3,42.1,0.5,49.2,0.0,Majority Hispanic,Q5 (Highest),Hispanic-Majority,False,False,False,False
12086008503,Census Tract 85.03; Miami-Dade County; Florida,54.1,2.3,82.4,5.9,0.0,4.7,28.2,62448.0,98569.0,35146.0,1.7,6.0,1.4,14.9,17.3,14.7,6.2,12.6,6.7,18.6,11.3,36.4,13.7,7.1,26.1,29.0,37.9,79.3,20.7,2321.0,0.0,94.9,1084,98.7,1.3,3367.0,44.5,12.5,29.8,92.3,7.0,0.6,0.1,46.2,0.6,52.5,0.0,Majority Hispanic,Q3,Hispanic-Majority,False,False,False,False
12086008504,Census Tract 85.04; Miami-Dade County; Florida,56.2,0.4,76.7,0.6,0.4,18.4,31.9,111429.0,119734.0,38614.0,2.4,2.2,1.5,6.9,8.9,9.6,17.7,25.4,13.0,12.5,7.0,6.2,3.9,3.5,27.0,31.3,38.2,83.1,16.9,2260.0,0.0,35.2,934,100.0,0.0,2932.0,39.1,25.9,15.8,89.1,10.5,0.2,0.0,51.1,0.2,42.2,0.0,Majority Hispanic,Q5 (Highest),Hispanic-Majority,False,False,False,False
12086008601,Census Tract 86.01; Miami-Dade County; Florida,62.3,4.0,68.0,0.3,1.2,21.1,35.8,109327.0,185494.0,65189.0,7.4,7.2,6.1,4.6,3.7,6.5,10.2,16.5,14.1,23.7,11.7,22.6,11.1,5.6,33.7,30.1,30.7,85.7,14.3,2068.0,0.0,39.3,1503,94.5,5.5,4174.0,51.7,13.0,21.0,91.6,7.5,0.5,1.0,31.0,0.7,66.8,0.0,Majority Hispanic,Q5 (Highest),Hispanic-Majority,False,False,False,False
12086008603,Census Tract 86.03; Miami-Dade County; Florida,66.5,2.5,78.5,0.3,0.1,10.1,38.3,95000.0,134610.0,56262.0,7.7,2.1,0.0,9.6,13.3,12.8,6.3,18.1,19.4,10.6,13.1,6.8,10.2,0.9,29.0,38.8,31.2,81.8,18.2,2512.0,34.5,33.6,1596,100.0,0.0,3919.0,47.1,10.2,20.3,85.9,13.0,0.0,0.6,45.3,2.3,45.5,0.0,Majority Hispanic,Q4,Hispanic-Majority,False,False,False,False
12086008604,Census Tract 86.04; Miami-Dade County; Florida,58.7,1.7,76.4,0.0,0.0,21.7,30.7,105083.0,125727.0,49288.0,21.6,0.0,3.4,1.3,2.5,11.7,6.1,27.5,13.2,12.8,20.5,2.5,21.6,5.2,18.4,60.2,16.1,95.8,4.2,,0.0,0.0,523,91.2,8.8,1272.0,47.4,23.0,27.8,89.9,3.6,1.9,4.6,29.7,1.9,60.5,0.0,Majority Hispanic,Q5 (Highest),Hispanic-Majority,True,False,False,False
12086008702,Census Tract 87.02; Miami-Dade County; Florida,48.2,11.4,82.2,2.8,0.1,6.3,32.1,84167.0,91001.0,29671.0,4.8,6.5,7.5,11.0,6.7,9.1,13.0,30.5,8.1,2.8,9.9,34.1,18.0,8.8,27.2,29.0,35.1,80.6,19.4,2028.0,0.0,82.4,1783,98.7,1.3,5427.0,47.4,15.0,22.8,88.5,10.7,0.4,1.7,50.5,0.4,43.1,0.0,Majority Hispanic,Q4,Hispanic-Majority,False,False,False,False
12086008703,Census Tract 87.03; Miami-Dade County; Florida,55.4,5.8,89.4,0.0,0.7,4.2,31.8,98810.0,128200.0,43489.0,0.8,7.1,0.4,9.8,5.7,12.6,14.9,25.3,8.1,15.2,8.3,30.4,12.2,1.4,27.2,33.4,38.0,78.9,21.1,2241.0,0.0,75.5,731,97.9,2.1,2339.0,55.1,14.2,19.5,88.7,11.1,0.1,0.1,43.4,0.1,44.1,0.0,Majority Hispanic,Q4,Hispanic-Majority,False,False,False,False
12086008704,Census Tract 87.04; Miami-Dade County; Florida,64.2,2.3,74.3,0.2,0.0,11.3,30.9,86435.0,113711.0,35268.0,2.1,0.4,0.8,6.5,10.2,18.2,23.8,15.6,7.3,15.0,4.4,20.7,13.0,3.8,18.0,46.2,32.0,87.2,12.8,2568.0,4.4,80.7,901,98.9,1.1,3002.0,49.8,16.0,20.6,88.5,10.4,0.1,1.5,53.1,0.1,39.1,0.0,Majority Hispanic,Q4,Hispanic-Majority,False,False,False,False
12086008805,Census Tract 88.05; Miami-Dade County; Florida,56.9,3.7,84.4,0.6,0.0,7.9,25.2,61208.0,69738.0,27629.0,6.5,12.0,6.2,11.3,8.3,15.0,20.9,8.7,7.9,3.1,19.7,30.7,11.8,11.3,27.2,41.8,19.7,39.3,60.7,1684.0,6.0,54.2,1518,91.1,8.9,3816.0,50.4,8.9,24.6,91.0,5.8,0.9,2.3,41.6,1.2,51.3,0.2,Majority Hispanic,Q3,Hispanic-Majority,False,False,False,False
12086008806,Census Tract 88.06; Miami-Dade County; Florida,65.9,1.8,77.2,0.0,0.0,3.4,33.3,86959.0,104508.0,36058.0,2.3,0.3,8.3,5.1,6.5,19.4,12.9,19.7,12.2,13.3,7.5,21.3,12.5,1.5,28.4,52.0,18.1,74.4,25.6,1690.0,0.0,52.8,1466,100.0,0.0,4468.0,45.9,20.0,20.6,94.1,5.9,0.0,1.4,38.4,0.0,60.1,0.0,Majority Hispanic,Q4,Hispanic-Majority,False,False,False,False
12086008807,Census Tract 88.07; Miami-Dade County; Florida,70.5,4.4,83.7,0.0,0.0,12.2,30.5,105593.0,127024.0,48599.0,2.4,1.3,3.1,2.8,2.2,6.8,26.2,35.1,7.6,12.5,3.6,11.1,5.9,1.4,24.2,29.3,45.1,86.1,13.9,2218.0,0.0,0.0,1593,100.0,0.0,4221.0,53.0,9.4,20.3,96.8,3.2,0.1,5.3,25.8,0.1,72.7,0.0,Majority Hispanic,Q5 (Highest),Hispanic-Majority,False,False,False,False
12086008808,Census Tract 88.08; Miami-Dade County; Florida,56.4,8.3,90.1,0.0,2.7,3.0,35.4,72851.0,75517.0,29319.0,6.4,11.8,6.9,1.4,9.2,19.0,16.6,18.4,7.7,2.8,10.4,30.7,5.2,6.4,26.5,41.0,26.1,62.5,37.5,1406.0,24.7,34.3,1179,91.6,8.4,2902.0,51.6,15.1,27.8,92.1,5.8,0.1,0.0,49.7,2.9,41.8,0.0,Majority Hispanic,Q3,Hispanic-Majority,False,False,False,False
12086008809,Census Tract 88.09; Miami-Dade County; Florida,62.9,3.6,78.9,0.0,1.2,9.2,28.1,105771.0,130572.0,48209.0,0.0,0.0,1.6,10.0,8.1,13.3,11.7,37.7,4.0,13.6,0.5,10.3,4.6,6.6,15.1,48.2,30.1,93.9,6.1,2219.0,0.0,100.0,694,97.6,2.4,1930.0,50.8,13.0,30.4,89.6,9.0,0.2,1.6,52.8,0.9,42.8,0.0,Majority Hispanic,Q5 (Highest),Hispanic-Majority,False,False,False,False
12086008810,Census Tract 88.10; Miami-Dade County; Florida,61.9,4.2,83.0,0.0,2.6,6.6,26.8,57197.0,108110.0,41931.0,5.3,1.3,3.1,23.5,14.4,9.0,14.9,19.1,3.1,6.3,5.6,17.9,7.4,9.8,37.3,35.6,17.3,68.3,31.7,1499.0,4.8,75.0,1610,98.5,1.5,4169.0,46.3,19.2,20.7,98.1,1.9,0.0,0.1,35.5,1.4,54.8,0.0,Majority Hispanic,Q2,Hispanic-Majority,False,False,False,False
12086008904,Census Tract 89.04; Miami-Dade County; Florida,27.2,17.2,31.4,3.3,38.6,11.4,18.8,,-999999999.0,4203.0,100.0,0.0,0.0,0.0,0.0,0.0,0.0,0.0,0.0,0.0,100.0,0.0,12.1,100.0,0.0,0.0,0.0,0.0,100.0,,0.0,100.0,3,100.0,0.0,3737.0,20.1,0.8,0.0,31.1,27.6,29.6,8.9,47.0,31.0,11.7,0.3,Mixed,,Mixed,True,True,False,False
12086008906,Census Tract 89.06; Miami-Dade County; Florida,56.8,3.0,73.2,2.0,0.3,9.3,27.4,61989.0,103423.0,37603.0,1.9,1.8,8.7,7.1,19.4,14.3,11.0,8.6,10.8,16.4,9.7,29.6,12.5,8.0,28.6,41.7,21.7,65.0,35.0,1761.0,7.8,60.9,1826,95.5,4.5,4885.0,51.3,14.4,24.1,91.0,4.5,0.4,4.1,36.5,0.6,57.6,0.0,Majority Hispanic,Q3,Hispanic-Majority,False,False,False,False
12086008907,Census Tract 89.07; Miami-Dade County; Florida,58.6,1.8,82.3,1.0,0.0,9.8,26.3,47350.0,80062.0,34514.0,2.5,7.9,16.7,5.1,19.1,11.0,11.6,15.2,4.2,6.7,14.4,26.6,6.1,8.1,42.3,35.0,14.6,54.1,45.9,1665.0,5.9,45.8,1867,97.2,2.8,4374.0,50.0,16.0,27.8,79.6,12.0,3.5,4.1,32.1,3.7,58.9,0.0,Majority Hispanic,Q1 (Lowest),Hispanic-Majority,False,False,True,False
12086008908,Census Tract 89.08; Miami-Dade County; Florida,57.1,2.2,80.7,0.3,1.2,11.4,30.1,65742.0,79307.0,28663.0,9.2,5.2,4.5,13.8,5.8,19.0,14.1,13.3,9.5,5.5,8.0,31.7,19.0,5.6,43.6,32.0,18.8,80.5,19.5,1733.0,9.0,17.9,1197,100.0,0.0,3307.0,49.5,17.1,37.4,97.1,2.8,0.1,0.0,34.7,0.1,60.6,0.0,Majority Hispanic,Q3,Hispanic-Majority,False,False,False,False
12086008909,Census Tract 89.09; Miami-Dade County; Florida,66.0,4.1,65.6,0.5,0.0,10.1,26.9,64965.0,103155.0,38260.0,4.4,2.2,12.8,0.9,8.7,23.0,10.6,17.4,5.4,14.5,10.3,19.9,7.6,13.6,30.8,35.2,20.4,61.4,38.6,1716.0,14.6,35.7,1314,97.6,2.4,3556.0,56.3,7.3,25.0,93.5,3.1,2.1,0.0,23.8,3.7,63.7,0.0,Majority Hispanic,Q3,Hispanic-Majority,False,True,False,False
12086008910,Census Tract 89.10; Miami-Dade County; Florida,56.0,2.7,79.2,0.0,0.0,8.1,37.4,57442.0,86609.0,29061.0,5.5,4.5,9.9,19.4,5.1,16.8,5.0,5.0,17.9,11.0,17.6,41.8,11.0,4.3,14.8,57.9,23.0,63.6,36.4,2074.0,8.6,60.8,1121,99.4,0.6,3429.0,48.3,14.0,27.3,97.2,2.2,0.0,0.0,28.6,0.8,59.0,0.0,Majority Hispanic,Q2,Hispanic-Majority,False,False,False,False
12086008911,Census Tract 89.11; Miami-Dade County; Florida,68.4,1.5,80.3,0.0,0.5,15.8,30.2,109875.0,129596.0,35464.0,0.0,0.0,2.8,0.0,13.8,15.2,14.8,24.2,9.5,19.7,3.8,16.8,5.6,3.0,13.1,50.9,32.9,90.2,9.8,2746.0,0.0,74.1,896,92.5,7.5,3119.0,44.1,21.6,17.5,82.5,15.0,0.6,0.0,53.9,0.6,41.3,0.0,Majority Hispanic,Q5 (Highest),Hispanic-Majority,False,False,False,False
12086009010,Census Tract 90.10; Miami-Dade County; Florida,68.9,3.6,71.8,0.3,0.5,13.5,23.6,90352.0,122642.0,48251.0,4.6,0.9,2.1,7.5,6.5,16.0,20.0,14.6,13.8,14.1,10.3,3.5,10.6,2.7,42.1,41.9,13.4,43.8,56.2,2409.0,3.2,59.4,3238,93.1,6.9,7914.0,38.4,21.9,11.0,81.8,10.5,1.4,5.6,54.5,2.6,33.1,0.6,Majority Hispanic,Q4,Hispanic-Majority,False,False,False,False
12086009014,Census Tract 90.14; Miami-Dade County; Florida,67.1,0.8,68.4,3.0,0.0,15.3,30.1,90319.0,94126.0,31543.0,0.9,2.2,4.5,1.9,12.6,19.6,14.6,35.3,3.6,4.9,5.5,20.2,14.7,0.8,36.6,44.0,18.6,44.7,55.3,1991.0,8.3,38.2,1524,95.1,4.9,4419.0,36.9,20.8,9.7,89.8,6.9,0.0,2.1,50.6,0.0,39.9,0.2,Majority Hispanic,Q4,Hispanic-Majority,False,False,False,False
12086009015,Census Tract 90.15; Miami-Dade County; Florida,64.0,2.2,74.7,0.6,0.3,7.3,27.6,51169.0,63617.0,27635.0,1.6,2.8,18.7,7.7,17.9,22.6,13.7,8.8,2.1,4.0,15.3,32.3,13.6,7.8,49.0,35.4,7.8,43.3,56.7,1705.0,14.3,51.9,2681,87.3,12.7,5498.0,45.8,13.9,22.1,93.1,3.8,1.3,1.7,43.0,1.5,48.7,0.1,Majority Hispanic,Q2,Hispanic-Majority,False,False,True,False
12086009020,Census Tract 90.20; Miami-Dade County; Florida,53.2,12.1,85.1,1.7,2.3,3.8,26.6,41411.0,49442.0,18328.0,9.2,11.1,11.8,9.9,14.2,21.0,10.1,11.4,1.3,0.0,22.0,42.3,15.3,6.2,51.7,30.9,11.2,17.7,82.3,1471.0,6.5,55.8,1095,98.1,1.9,3004.0,37.6,20.2,13.8,94.2,4.8,0.0,0.5,18.4,0.0,73.5,0.5,Majority Hispanic,Q1 (Lowest),Hispanic-Majority,True,False,True,False
12086009021,Census Tract 90.21; Miami-Dade County; Florida,57.5,6.5,74.0,0.0,1.4,12.6,29.6,51765.0,70651.0,23564.0,3.0,8.7,7.9,11.4,18.1,12.1,14.3,19.2,2.6,2.6,17.8,35.4,18.8,1.5,35.3,42.9,20.3,33.7,66.3,1815.0,13.1,54.9,1381,96.2,3.8,4117.0,40.5,16.2,15.6,95.5,2.4,1.4,0.6,31.0,3.2,60.9,0.5,Majority Hispanic,Q2,Hispanic-Majority,False,False,False,False
12086009022,Census Tract 90.22; Miami-Dade County; Florida,61.2,4.3,78.6,0.4,0.0,12.5,31.1,67560.0,81713.0,24819.0,5.5,3.0,5.4,18.3,6.4,18.7,16.2,19.0,4.7,2.8,7.2,30.9,17.8,2.5,32.3,39.2,26.0,67.0,33.0,2033.0,6.7,37.8,722,100.0,0.0,2481.0,45.7,17.1,13.1,96.4,3.5,0.0,0.2,45.4,0.0,51.8,0.0,Majority Hispanic,Q3,Hispanic-Majority,False,False,False,False
12086009024,Census Tract 90.24; Miami-Dade County; Florida,72.6,1.5,80.8,2.7,0.0,10.6,27.4,83561.0,79702.0,29625.0,2.9,4.9,6.2,4.0,14.4,13.7,21.6,26.1,5.1,1.1,17.8,18.9,11.8,9.8,36.4,43.5,10.3,9.6,90.4,2168.0,10.9,45.1,2272,84.5,15.5,5483.0,33.2,17.3,9.4,82.1,5.9,1.2,9.9,53.5,1.5,31.7,0.1,Majority Hispanic,Q4,Hispanic-Majority,False,False,False,False
12086009026,Census Tract 90.26; Miami-Dade County; Florida,68.4,2.4,77.5,1.1,0.0,8.1,27.7,51103.0,65734.0,29876.0,3.2,4.1,7.1,10.1,24.7,24.3,8.1,13.7,3.2,1.6,9.3,26.2,9.8,8.0,48.7,37.5,5.8,40.9,59.1,1731.0,10.2,70.0,954,89.6,10.4,1993.0,47.8,12.7,20.0,93.9,6.0,0.0,0.9,54.8,0.0,31.8,0.0,Majority Hispanic,Q2,Hispanic-Majority,False,False,True,False
12086009027,Census Tract 90.27; Miami-Dade County; Florida,67.7,9.2,79.0,0.0,1.0,12.3,23.6,52857.0,63054.0,28553.0,9.6,2.5,4.9,8.6,22.0,25.0,7.2,16.6,2.4,1.1,12.9,25.7,16.6,7.1,46.8,40.7,5.4,35.2,64.8,1975.0,11.6,51.4,1816,91.4,8.6,3779.0,44.3,13.0,19.2,88.6,7.0,1.6,1.2,49.1,1.6,40.0,0.0,Majority Hispanic,Q2,Hispanic-Majority,False,False,False,False
12086009028,Census Tract 90.28; Miami-Dade County; Florida,69.6,2.6,63.1,0.0,0.0,12.4,26.8,77500.0,99419.0,37365.0,2.6,0.0,6.2,10.2,7.1,23.5,14.3,15.2,7.1,13.9,9.3,10.2,11.4,2.7,32.7,51.6,13.0,63.7,36.3,1914.0,5.0,41.8,2289,92.1,7.9,5686.0,44.2,18.0,15.3,89.9,2.1,0.2,7.2,44.8,0.5,38.7,1.9,Majority Hispanic,Q3,Hispanic-Majority,False,False,False,False
12086009029,Census Tract 90.29; Miami-Dade County; Florida,66.5,3.4,65.5,4.4,0.0,6.1,24.4,84091.0,85116.0,30030.0,0.6,9.1,6.5,7.0,7.0,14.8,11.7,35.3,4.7,3.4,10.5,36.6,10.1,5.4,33.3,41.7,19.6,47.9,52.1,2189.0,14.1,39.0,1616,87.5,12.5,4009.0,46.1,14.9,16.7,90.3,4.9,0.7,3.0,46.4,1.0,45.4,0.2,Majority Hispanic,Q4,Hispanic-Majority,False,False,False,False
12086009030,Census Tract 90.30; Miami-Dade County; Florida,66.0,1.3,74.3,2.7,0.8,7.3,28.7,49056.0,67146.0,28814.0,7.2,6.2,11.7,5.7,20.2,19.0,10.0,11.1,4.0,5.1,15.5,26.7,13.2,6.7,37.6,46.3,9.4,40.3,59.7,1601.0,3.6,61.3,2034,93.8,6.2,4662.0,45.4,12.8,22.8,95.3,3.7,0.0,0.0,47.1,0.8,44.8,1.0,Majority Hispanic,Q2,Hispanic-Majority,False,False,True,False
12086009031,Census Tract 90.31; Miami-Dade County; Florida,64.9,1.9,75.0,4.4,0.7,12.2,27.7,61581.0,77529.0,29752.0,1.3,1.8,6.4,3.8,25.7,19.4,18.0,18.9,0.0,4.7,8.7,20.6,11.4,5.4,37.3,52.9,4.4,28.8,71.2,2088.0,5.7,55.5,1628,94.8,5.2,4099.0,40.9,15.4,17.8,90.8,4.5,0.0,3.8,45.4,0.0,39.3,0.2,Majority Hispanic,Q3,Hispanic-Majority,False,False,False,False
12086009039,Census Tract 90.39; Miami-Dade County; Florida,65.4,1.7,72.5,0.0,1.7,12.5,23.3,68177.0,103257.0,31144.0,10.0,2.9,5.7,1.9,11.6,24.2,13.3,11.4,4.9,14.1,15.4,7.6,14.3,6.5,35.1,44.3,14.1,34.7,65.3,2501.0,1.4,77.6,2549,91.3,8.7,7939.0,36.3,27.0,5.2,87.9,11.4,0.0,0.7,57.0,0.1,28.9,0.0,Majority Hispanic,Q3,Hispanic-Majority,False,False,False,False
12086009040,Census Tract 90.40; Miami-Dade County; Florida,59.4,5.9,71.3,3.2,0.9,18.0,25.5,87813.0,116515.0,36218.0,4.6,2.9,0.5,10.7,9.7,14.2,14.6,22.0,6.2,14.5,9.6,9.2,10.7,5.1,30.7,41.1,23.1,48.8,51.2,2933.0,5.8,58.6,2853,83.3,16.7,7740.0,34.7,27.2,6.0,88.6,7.6,0.2,2.0,54.3,0.4,38.9,0.1,Majority Hispanic,Q4,Hispanic-Majority,False,False,False,False
12086009043,Census Tract 90.43; Miami-Dade County; Florida,67.0,3.3,74.1,1.5,0.0,16.5,27.1,96154.0,117185.0,33341.0,8.7,0.0,2.5,4.9,2.8,17.9,17.1,15.5,19.4,11.0,13.0,8.0,8.0,0.1,28.4,52.2,19.3,62.3,37.7,2936.0,5.6,66.3,1459,94.4,5.6,4877.0,32.5,33.3,4.2,83.6,11.5,0.2,2.8,54.0,0.2,35.4,0.8,Majority Hispanic,Q4,Hispanic-Majority,False,False,False,False
12086009044,Census Tract 90.44; Miami-Dade County; Florida,64.6,5.5,70.3,1.5,0.9,14.9,24.3,85529.0,115397.0,32632.0,0.2,0.0,0.9,13.4,5.0,20.4,18.9,19.3,10.1,11.9,3.3,4.4,11.8,4.3,24.9,48.7,22.1,55.2,44.8,2712.0,5.1,83.6,971,90.9,9.1,3158.0,37.3,26.6,8.5,87.6,7.3,0.3,3.9,59.9,0.3,28.7,0.2,Majority Hispanic,Q4,Hispanic-Majority,False,False,False,False
12086009048,Census Tract 90.48; Miami-Dade County; Florida,61.3,3.1,63.1,0.0,0.0,27.9,26.9,122361.0,188654.0,61717.0,1.9,0.0,0.0,1.9,0.0,9.9,16.8,23.5,13.5,32.5,1.4,2.9,1.6,2.6,24.9,36.4,36.1,67.0,33.0,3467.0,10.0,69.5,1056,93.9,6.1,3060.0,44.3,20.4,5.0,80.0,12.5,0.0,5.5,52.6,0.0,31.8,0.0,Majority Hispanic,Q5 (Highest),Hispanic-Majority,False,False,False,False
12086009049,Census Tract 90.49; Miami-Dade County; Florida,64.6,3.0,62.9,1.0,3.0,22.4,26.2,95822.0,112859.0,36964.0,1.6,0.9,3.4,9.1,7.7,17.8,15.8,20.7,16.2,7.0,8.6,7.9,19.6,1.6,26.3,63.6,8.6,47.5,52.5,2292.0,20.2,37.6,1578,84.3,15.7,4088.0,41.6,25.8,8.8,84.1,15.2,0.0,1.0,53.2,0.0,41.2,0.0,Majority Hispanic,Q4,Hispanic-Majority,False,False,False,False
12086009050,Census Tract 90.50; Miami-Dade County; Florida,70.1,4.1,60.0,2.3,1.4,18.4,27.1,85776.0,120129.0,33972.0,5.9,0.7,3.7,3.4,11.2,17.0,17.3,21.2,8.1,11.4,9.1,5.2,11.1,1.2,17.7,61.3,19.7,50.4,49.6,2589.0,7.8,65.3,1633,95.7,4.3,5594.0,36.7,25.9,6.6,88.2,9.8,0.0,1.6,60.3,0.1,30.9,0.3,Majority Hispanic,Q4,Hispanic-Majority,False,False,False,False
12086009051,Census Tract 90.51; Miami-Dade County; Florida,54.9,4.8,82.3,4.0,0.0,2.2,26.6,112386.0,140579.0,43992.0,3.1,1.5,1.5,3.3,3.1,8.4,19.8,20.5,23.2,15.4,6.8,17.7,16.1,11.1,12.3,34.9,41.7,54.1,45.9,2606.0,17.9,38.4,667,100.0,0.0,2201.0,48.9,12.3,23.2,86.5,13.3,0.2,1.3,43.7,0.2,48.5,0.0,Majority Hispanic,Q5 (Highest),Hispanic-Majority,False,False,False,False
12086009052,Census Tract 90.52; Miami-Dade County; Florida,57.3,4.0,78.0,0.0,0.0,10.6,28.8,45862.0,59294.0,26721.0,0.9,8.5,23.1,8.9,19.0,13.3,11.0,6.9,3.1,5.3,23.9,35.1,26.0,15.1,49.4,24.1,11.3,45.4,54.6,1400.0,7.2,58.9,1672,92.4,7.6,3551.0,52.1,7.8,29.3,97.1,1.5,1.0,0.0,39.6,1.0,54.7,0.3,Majority Hispanic,Q1 (Lowest),Hispanic-Majority,True,True,True,True
12086009053,Census Tract 90.53; Miami-Dade County; Florida,68.5,1.6,79.1,0.2,0.0,6.5,29.7,86760.0,109516.0,36824.0,0.0,2.8,8.3,4.8,4.9,21.8,16.3,7.3,12.8,21.0,5.8,16.8,12.4,3.4,32.8,46.0,17.8,56.0,44.0,2406.0,0.0,56.6,1835,95.7,4.3,5160.0,37.0,20.8,13.1,86.6,6.1,0.0,6.9,27.3,0.0,63.2,0.0,Majority Hispanic,Q4,Hispanic-Majority,False,False,False,False
12086009054,Census Tract 90.54; Miami-Dade County; Florida,60.0,2.5,83.4,0.0,2.3,3.5,31.6,95547.0,94083.0,27030.0,2.1,0.0,6.4,5.9,11.2,12.1,21.8,30.7,6.8,3.0,1.6,18.8,12.2,1.5,26.1,34.5,37.9,75.9,24.1,2330.0,19.8,9.9,528,100.0,0.0,1949.0,47.7,14.4,21.6,95.6,4.3,0.2,0.0,34.2,0.5,57.8,0.0,Majority Hispanic,Q4,Hispanic-Majority,False,False,False,False
12086009055,Census Tract 90.55; Miami-Dade County; Florida,50.5,6.3,83.8,0.0,0.0,8.8,34.6,70833.0,72527.0,25345.0,8.5,3.8,9.5,13.1,6.4,15.9,12.9,25.9,1.1,2.8,15.8,19.6,16.0,0.0,25.7,43.6,30.7,72.4,27.6,2784.0,0.0,48.0,717,98.2,1.8,2097.0,45.6,10.5,20.9,86.6,13.2,0.3,0.0,58.6,0.8,38.0,0.0,Majority Hispanic,Q3,Hispanic-Majority,False,False,False,False
12086009056,Census Tract 90.56; Miami-Dade County; Florida,50.3,3.2,58.1,1.1,0.0,31.0,28.7,77109.0,106893.0,42047.0,4.0,4.5,0.0,25.1,2.2,13.0,7.1,17.0,13.6,13.6,12.1,5.5,5.9,19.1,32.5,41.0,7.3,77.2,22.8,2676.0,7.0,62.5,1154,99.0,1.0,2920.0,44.6,25.8,21.5,67.1,19.2,1.0,6.2,41.8,1.0,40.8,0.0,Majority Hispanic,Q3,Hispanic-Majority,False,True,False,False
12086009057,Census Tract 90.57; Miami-Dade County; Florida,63.9,2.1,69.7,0.9,0.0,21.8,22.7,84750.0,100505.0,33036.0,3.3,1.5,4.5,3.6,11.9,17.8,11.0,25.2,14.5,6.8,10.5,8.2,12.3,0.0,32.9,58.3,8.8,39.3,60.7,2754.0,7.4,65.7,2233,94.4,5.6,6422.0,34.6,26.3,4.5,86.9,9.9,0.0,2.7,60.2,0.0,31.3,0.0,Majority Hispanic,Q4,Hispanic-Majority,False,False,False,False
12086009058,Census Tract 90.58; Miami-Dade County; Florida,64.9,3.3,72.9,0.0,0.2,14.8,24.6,71250.0,83878.0,32211.0,3.0,8.8,5.0,5.7,10.8,19.9,15.0,17.0,10.7,4.3,12.3,15.1,14.4,4.9,39.1,43.4,12.6,48.4,51.6,2315.0,8.6,47.3,1659,91.6,8.4,4039.0,43.6,22.2,17.2,85.9,7.8,1.0,0.9,54.1,1.0,35.4,2.1,Majority Hispanic,Q3,Hispanic-Majority,False,False,False,False
12086009059,Census Tract 90.59; Miami-Dade County; Florida,68.8,3.5,54.4,1.6,1.6,25.8,27.6,79074.0,101620.0,30516.0,0.0,7.1,0.0,9.6,8.6,22.8,13.8,18.9,7.7,11.5,15.0,9.6,12.7,1.0,50.0,33.2,15.8,36.6,63.4,2413.0,3.8,65.5,941,96.3,3.7,3053.0,39.7,30.1,9.1,89.2,7.0,2.0,1.0,46.8,2.0,41.8,0.0,Majority Hispanic,Q4,Hispanic-Majority,False,False,False,False
12086009060,Census Tract 90.60; Miami-Dade County; Florida,68.5,1.9,69.0,1.7,0.0,7.3,29.6,112045.0,123407.0,38378.0,5.1,0.0,0.0,3.0,7.8,13.4,15.8,23.0,19.0,12.9,5.9,16.3,8.5,6.2,29.5,44.4,20.0,43.1,56.9,2574.0,0.0,56.6,1554,94.7,5.3,4759.0,37.8,27.9,8.5,83.3,7.6,0.7,4.5,59.4,0.7,32.3,0.0,Majority Hispanic,Q5 (Highest),Hispanic-Majority,False,False,False,False
12086009061,Census Tract 90.61; Miami-Dade County; Florida,58.0,1.4,85.7,10.2,0.0,1.9,26.2,44018.0,48384.0,16026.0,18.9,7.5,11.8,6.8,8.1,21.7,13.4,7.5,4.3,0.0,30.4,46.4,17.6,14.3,28.6,33.4,23.6,55.8,44.2,995.0,8.7,64.4,981,100.0,0.0,3220.0,46.2,15.2,18.1,99.2,0.8,0.0,0.7,33.1,4.4,50.7,0.0,Majority Hispanic,Q1 (Lowest),Hispanic-Majority,True,True,True,True
12086009062,Census Tract 90.62; Miami-Dade County; Florida,64.7,1.9,85.1,1.8,0.0,5.8,26.2,74425.0,79185.0,27138.0,7.7,0.0,6.6,4.6,8.9,23.5,26.9,12.3,5.6,3.9,15.3,29.6,16.2,2.5,30.2,48.2,19.1,57.6,42.4,2089.0,0.0,48.7,959,95.2,4.8,2739.0,46.6,6.3,17.6,89.2,2.4,3.1,5.2,36.4,3.1,49.5,0.0,Majority Hispanic,Q3,Hispanic-Majority,False,False,False,False
12086009063,Census Tract 90.63; Miami-Dade County; Florida,58.7,0.0,90.7,0.0,1.6,0.0,23.9,46314.0,55029.0,20953.0,11.4,3.7,7.2,3.1,29.2,16.9,16.3,12.1,0.0,0.0,11.7,32.0,15.3,17.5,26.7,37.4,18.4,37.7,62.3,1514.0,25.5,38.5,1035,95.6,4.4,2686.0,42.2,18.0,19.9,99.9,0.0,0.0,0.1,57.7,0.0,36.0,0.0,Majority Hispanic,Q1 (Lowest),Hispanic-Majority,False,True,True,False
12086009064,Census Tract 90.64; Miami-Dade County; Florida,63.9,4.0,84.5,1.7,0.0,1.1,26.1,63750.0,66062.0,22185.0,4.8,5.5,1.0,9.9,15.4,28.6,22.2,8.1,4.5,0.0,13.2,7.5,13.7,2.0,25.2,58.4,14.3,22.8,77.2,2155.0,25.8,57.6,1080,94.3,5.7,3110.0,38.2,19.3,14.3,92.5,3.2,1.2,2.1,54.7,1.2,41.9,0.0,Majority Hispanic,Q3,Hispanic-Majority,False,False,False,False
12086009065,Census Tract 90.65; Miami-Dade County; Florida,61.0,7.5,66.4,0.6,2.3,24.7,27.7,81203.0,110824.0,37402.0,15.2,0.0,12.6,0.0,3.4,12.4,9.7,18.8,11.1,16.8,21.4,10.9,12.2,5.2,46.9,47.9,0.0,29.9,70.1,2302.0,14.4,43.9,1565,79.7,20.3,3927.0,36.8,26.3,12.2,81.9,9.9,0.0,2.1,50.8,0.0,26.3,4.0,Majority Hispanic,Q4,Hispanic-Majority,True,False,False,False
12086009066,Census Tract 90.66; Miami-Dade County; Florida,76.1,0.0,61.0,0.6,4.1,12.4,21.9,83182.0,98407.0,38730.0,6.2,0.6,6.1,9.1,7.0,17.7,9.7,25.0,11.0,7.6,14.7,5.4,12.0,5.3,40.7,47.1,6.9,26.9,73.1,2148.0,5.2,55.1,3109,89.3,10.7,7188.0,34.6,17.2,8.2,91.4,6.4,0.9,1.1,49.9,1.5,40.4,0.0,Majority Hispanic,Q4,Hispanic-Majority,False,False,False,False
12086009101,Census Tract 91.01; Miami-Dade County; Florida,58.7,7.7,75.7,4.1,0.0,11.6,27.0,50110.0,58446.0,20348.0,1.3,18.2,8.9,16.0,5.3,17.5,22.2,3.7,4.6,2.3,30.7,26.3,18.0,4.2,36.3,32.3,27.1,16.4,83.6,1710.0,5.1,76.9,899,97.1,2.9,2722.0,45.1,18.3,17.5,95.0,4.3,0.6,0.0,39.2,1.2,57.5,0.0,Majority Hispanic,Q2,Hispanic-Majority,True,False,True,False
12086009102,Census Tract 91.02; Miami-Dade County; Florida,45.1,0.1,78.9,2.8,2.7,6.4,26.9,48176.0,53977.0,17431.0,11.8,6.6,6.6,11.8,17.4,20.8,12.7,10.3,1.5,0.5,17.7,27.9,11.6,10.8,37.1,42.1,10.0,38.1,61.9,1582.0,18.7,51.3,1089,95.8,4.2,3380.0,40.6,13.6,13.8,81.7,4.4,13.0,2.5,51.4,16.2,30.0,0.0,Majority Hispanic,Q2,Hispanic-Majority,False,False,True,False
12086009200,Census Tract 92; Miami-Dade County; Florida,60.7,3.1,69.7,8.2,0.0,9.6,31.3,72708.0,88387.0,27875.0,3.3,1.7,10.4,5.3,9.2,20.6,12.3,24.9,6.7,5.5,18.5,18.2,18.8,6.9,10.5,37.0,45.6,80.6,19.4,,0.0,32.9,984,98.9,1.1,3301.0,48.2,11.6,20.3,94.5,5.5,0.0,0.0,38.3,0.0,59.8,0.0,Majority Hispanic,Q3,Hispanic-Majority,False,False,False,False
12086009305,Census Tract 93.05; Miami-Dade County; Florida,67.7,4.8,75.3,7.3,0.0,9.6,29.2,101513.0,123573.0,46498.0,4.2,5.8,2.4,2.0,8.8,12.7,13.6,20.8,17.7,12.0,5.9,15.7,7.9,5.8,28.5,47.7,18.0,77.4,22.6,1792.0,4.8,51.7,1943,97.5,2.5,4967.0,46.7,18.7,22.8,83.2,12.4,0.0,4.1,42.4,0.0,46.3,0.4,Majority Hispanic,Q5 (Highest),Hispanic-Majority,False,False,False,False
12086009312,Census Tract 93.12; Miami-Dade County; Florida,71.4,6.3,78.9,0.0,3.7,5.4,33.5,86163.0,102503.0,48254.0,2.8,0.5,2.5,6.8,10.0,19.9,25.1,18.8,5.9,7.7,5.1,8.2,6.1,5.8,45.2,38.3,10.8,17.1,82.9,1914.0,12.0,27.7,2877,93.3,6.7,5730.0,38.4,13.6,12.1,83.3,12.1,3.5,2.9,44.2,4.2,42.9,0.0,Majority Hispanic,Q4,Hispanic-Majority,False,False,False,False
12086009314,Census Tract 93.14; Miami-Dade County; Florida,49.0,10.6,67.8,1.8,4.4,14.6,25.0,30455.0,38480.0,15922.0,11.2,14.2,15.4,11.7,17.6,13.7,11.1,5.0,0.0,0.0,29.4,68.5,10.9,19.9,43.9,25.3,10.9,27.9,72.1,1301.0,7.8,63.1,1446,100.0,0.0,3543.0,48.8,15.4,26.6,99.6,0.4,0.0,0.0,26.5,0.0,69.0,0.0,Majority Hispanic,Q1 (Lowest),Hispanic-Majority,True,True,True,True
12086009315,Census Tract 93.15; Miami-Dade County; Florida,46.6,6.8,76.7,0.0,4.5,5.4,24.2,35964.0,45759.0,19183.0,4.5,19.3,15.2,7.7,12.4,20.5,13.5,6.9,0.0,0.0,21.0,49.9,10.0,18.5,44.4,28.7,8.4,38.2,61.8,1543.0,15.7,50.5,1301,92.9,7.1,3068.0,52.9,16.6,33.1,96.3,3.0,0.7,0.0,32.0,2.6,50.6,0.0,Majority Hispanic,Q1 (Lowest),Hispanic-Majority,True,True,True,True
12086009316,Census Tract 93.16; Miami-Dade County; Florida,69.4,6.8,70.9,0.0,0.0,11.8,21.8,77139.0,94983.0,29752.0,3.7,0.0,2.9,14.9,8.5,14.3,18.0,21.4,9.6,6.8,8.8,27.8,17.0,3.7,27.2,45.2,23.9,78.1,21.9,956.0,3.6,24.3,798,96.1,3.9,2477.0,41.4,21.2,17.6,86.9,8.4,0.3,4.0,39.4,1.6,36.7,0.6,Majority Hispanic,Q3,Hispanic-Majority,False,False,False,False
12086009317,Census Tract 93.17; Miami-Dade County; Florida,62.0,1.7,80.5,0.7,0.5,7.8,25.2,74583.0,89740.0,29832.0,0.8,4.5,8.4,9.9,5.6,21.4,14.5,17.6,15.2,2.2,13.5,31.5,21.4,5.8,35.3,37.7,21.1,63.3,36.7,2003.0,0.0,50.4,1473,98.9,1.1,4810.0,44.0,17.7,16.4,97.4,1.9,0.2,0.6,29.1,0.6,61.0,0.0,Majority Hispanic,Q3,Hispanic-Majority,False,False,False,False
12086009318,Census Tract 93.18; Miami-Dade County; Florida,55.8,8.8,79.0,0.0,0.0,7.4,37.8,,81074.0,25834.0,4.3,9.8,16.1,6.6,14.4,0.0,10.3,15.0,18.8,4.7,11.3,25.5,20.3,9.0,20.5,50.8,19.7,86.3,13.7,1875.0,0.0,44.6,533,100.0,0.0,1738.0,41.4,17.1,15.1,89.9,9.0,0.0,0.0,34.2,0.0,55.1,0.4,Majority Hispanic,,Hispanic-Majority,False,False,False,False
12086009319,Census Tract 93.19; Miami-Dade County; Florida,68.6,2.9,80.6,0.0,0.5,14.8,37.1,93125.0,109170.0,37324.0,4.0,0.0,2.4,3.3,5.0,17.1,23.4,31.2,7.2,6.3,7.4,12.4,22.6,4.0,26.1,32.2,37.7,40.7,59.3,2038.0,7.9,42.5,1580,96.1,3.9,4560.0,40.3,21.9,10.0,91.9,4.7,1.3,1.2,29.0,1.3,56.7,0.8,Majority Hispanic,Q4,Hispanic-Majority,False,False,False,False
12086009320,Census Tract 93.20; Miami-Dade County; Florida,63.5,4.0,81.8,0.8,0.0,8.2,26.7,46641.0,54916.0,18967.0,10.1,7.4,5.7,15.4,13.9,16.4,8.4,21.4,1.3,0.0,23.9,61.7,21.0,4.8,33.5,37.8,24.0,18.2,81.8,1509.0,9.3,55.6,1616,96.3,3.7,4661.0,38.5,21.0,11.2,99.3,0.2,0.0,0.7,18.8,0.0,66.3,0.5,Majority Hispanic,Q1 (Lowest),Hispanic-Majority,True,False,True,False
12086009321,Census Tract 93.21; Miami-Dade County; Florida,67.4,0.7,66.8,3.3,0.0,17.4,23.9,81644.0,90419.0,32763.0,0.0,3.6,12.3,19.6,6.5,3.8,28.1,8.2,7.9,9.9,8.3,28.3,13.6,5.6,38.7,24.4,31.4,58.4,41.6,1744.0,3.2,82.0,947,90.9,9.1,2444.0,47.5,17.8,19.5,94.1,4.9,1.0,0.8,33.4,6.1,52.7,0.0,Majority Hispanic,Q4,Hispanic-Majority,False,False,False,False
12086009322,Census Tract 93.22; Miami-Dade County; Florida,58.9,0.0,71.8,1.4,2.3,15.8,32.1,39283.0,43219.0,18354.0,1.1,3.9,29.2,12.9,25.0,17.3,7.6,1.3,1.7,0.0,22.4,38.1,12.6,8.6,45.9,37.2,8.3,51.2,48.8,1660.0,8.7,69.4,1730,98.4,1.6,4249.0,47.3,21.7,29.5,99.1,0.3,0.7,0.0,27.4,0.7,56.8,0.0,Majority Hispanic,Q1 (Lowest),Hispanic-Majority,True,False,True,False
12086009323,Census Tract 93.23; Miami-Dade County; Florida,62.6,4.4,73.3,0.6,1.2,13.1,26.8,68947.0,91218.0,28991.0,4.0,3.8,5.7,7.3,10.7,21.0,13.6,15.9,10.8,7.1,10.3,30.9,22.4,2.1,33.2,32.2,32.5,74.6,25.4,1666.0,9.7,51.0,822,100.0,0.0,2678.0,51.4,11.1,19.6,93.1,5.9,0.4,0.0,26.8,0.4,64.3,0.2,Majority Hispanic,Q3,Hispanic-Majority,False,False,False,False
12086009324,Census Tract 93.24; Miami-Dade County; Florida,58.6,1.7,77.5,0.0,0.0,5.6,25.3,45893.0,57708.0,24390.0,6.3,13.2,8.3,13.8,12.5,21.0,12.1,8.9,1.0,2.9,15.0,49.1,10.0,20.4,31.9,40.5,7.3,28.2,71.8,1436.0,13.7,42.3,1530,100.0,0.0,3935.0,42.7,18.4,16.6,94.7,1.7,1.2,0.0,31.0,1.2,53.3,0.0,Majority Hispanic,Q1 (Lowest),Hispanic-Majority,False,True,True,False
12086009325,Census Tract 93.25; Miami-Dade County; Florida,67.0,9.0,85.8,3.0,0.0,7.3,25.8,66650.0,81913.0,27027.0,0.0,0.6,2.3,5.3,18.2,28.7,6.1,35.3,0.6,2.9,8.1,8.4,23.2,0.6,37.9,40.5,21.0,60.3,39.7,1438.0,0.0,75.5,876,95.1,4.9,2529.0,35.8,21.0,12.0,98.1,1.9,0.0,0.0,46.2,0.2,42.1,0.0,Majority Hispanic,Q3,Hispanic-Majority,False,False,False,False
12086009326,Census Tract 93.26; Miami-Dade County; Florida,51.6,0.6,77.4,5.0,0.0,6.2,28.4,37026.0,62914.0,25414.0,3.2,18.0,18.3,8.6,8.0,13.7,7.8,11.9,5.0,5.5,17.2,54.8,14.6,24.9,34.7,28.2,12.1,52.5,47.5,1394.0,2.2,45.9,1298,94.5,5.5,3042.0,51.2,13.1,31.0,91.3,8.7,0.0,0.0,28.9,0.0,58.3,0.0,Majority Hispanic,Q1 (Lowest),Hispanic-Majority,False,True,True,False
12086009327,Census Tract 93.27; Miami-Dade County; Florida,58.1,4.4,76.9,0.1,0.0,9.9,26.5,81250.0,111079.0,29158.0,5.8,6.1,11.3,5.9,7.8,9.6,13.9,13.6,12.9,13.2,13.7,38.0,10.3,2.8,14.5,35.3,47.4,80.5,19.5,2612.0,4.8,67.9,875,96.9,3.1,3487.0,47.6,16.4,18.7,93.9,6.0,0.1,0.0,30.0,0.1,65.8,0.0,Majority Hispanic,Q4,Hispanic-Majority,False,False,False,False
12086009401,Census Tract 94.01; Miami-Dade County; Florida,42.9,22.2,71.0,1.7,3.4,13.4,25.8,59917.0,86326.0,28046.0,4.5,7.8,6.6,15.5,10.4,12.3,10.4,26.0,0.5,6.0,19.7,32.1,17.4,5.4,24.1,52.7,17.8,76.5,23.5,1677.0,19.6,80.4,651,100.0,0.0,2289.0,37.2,15.9,18.5,32.7,3.1,62.3,0.0,12.9,64.3,18.3,0.0,Majority Black,Q2,Black-Majority,False,False,False,False
12086009402,Census Tract 94.02; Miami-Dade County; Florida,50.6,6.1,83.2,0.1,0.0,7.5,32.0,68550.0,76229.0,22564.0,0.0,1.2,10.2,8.2,6.2,32.3,11.9,28.3,1.1,0.7,7.4,32.6,24.8,11.9,20.8,35.3,32.0,77.8,22.2,2218.0,9.3,62.0,1033,98.5,1.5,3654.0,44.9,18.4,22.7,62.8,2.4,34.3,0.0,19.6,34.4,42.9,0.0,Majority Hispanic,Q3,Hispanic-Majority,False,False,False,False
12086009503,Census Tract 95.03; Miami-Dade County; Florida,63.3,4.7,80.3,0.8,0.0,12.5,23.8,76653.0,91223.0,30211.0,2.4,1.6,5.5,2.5,3.8,33.0,17.4,27.0,2.3,4.5,3.5,28.1,11.3,6.7,26.6,46.3,20.4,75.2,24.8,2058.0,0.0,48.3,1641,96.8,3.2,5161.0,36.2,26.4,15.1,26.4,1.0,72.5,0.1,12.5,73.3,13.2,0.0,Majority Black,Q3,Black-Majority,False,False,False,False
12086009504,Census Tract 95.04; Miami-Dade County; Florida,54.6,9.2,67.6,11.2,0.0,10.3,27.2,74194.0,92618.0,26571.0,1.8,3.0,3.7,4.8,10.8,28.6,14.2,18.3,2.7,12.1,8.6,17.8,20.9,4.8,20.4,34.9,39.9,91.0,9.0,2317.0,13.1,55.6,1332,97.5,2.5,4887.0,36.8,24.8,16.8,21.2,1.4,75.8,0.0,3.6,80.1,15.5,0.0,Majority Black,Q3,Black-Majority,False,False,False,False
12086009505,Census Tract 95.05; Miami-Dade County; Florida,73.7,6.8,61.6,5.9,0.0,20.3,24.7,44950.0,53716.0,18389.0,0.0,12.9,13.7,5.2,19.5,29.4,4.4,12.9,0.0,2.0,29.2,23.7,9.3,12.5,47.1,37.8,2.6,15.5,84.5,1763.0,9.0,78.6,566,87.8,12.2,1476.0,27.5,41.1,6.2,7.7,0.0,86.2,3.4,0.0,86.2,8.4,0.5,Majority Black,Q1 (Lowest),Black-Majority,True,True,True,True
12086009506,Census Tract 95.06; Miami-Dade County; Florida,55.9,7.4,74.0,3.8,1.7,8.7,29.5,47350.0,64188.0,22985.0,1.5,3.7,17.3,12.5,18.0,17.4,17.0,5.2,3.0,4.4,20.0,34.9,19.3,10.7,41.4,29.1,18.8,56.4,43.6,1397.0,0.0,57.8,1567,91.6,8.4,4181.0,37.2,24.8,11.2,24.9,1.4,68.9,0.6,14.2,69.5,11.8,0.0,Majority Black,Q1 (Lowest),Black-Majority,True,False,True,False
12086009601,Census Tract 96.01; Miami-Dade County; Florida,61.6,6.3,87.7,3.7,0.7,0.0,29.2,73636.0,76266.0,34616.0,2.4,11.1,4.6,4.9,6.7,24.3,27.9,5.7,9.9,2.6,14.2,20.9,17.9,7.8,46.2,30.8,15.2,40.4,59.6,1231.0,17.6,28.1,1534,90.7,9.3,3263.0,40.6,13.9,19.9,20.7,3.5,73.6,1.0,9.9,74.1,12.0,0.0,Majority Black,Q3,Black-Majority,False,False,False,False
12086009602,Census Tract 96.02; Miami-Dade County; Florida,57.5,3.4,78.2,10.4,0.0,8.3,32.3,38817.0,48401.0,19199.0,5.3,9.6,15.5,12.9,9.7,31.0,4.6,11.4,0.0,0.0,12.0,31.1,13.0,7.8,53.4,34.9,3.9,24.9,75.1,1400.0,17.0,42.9,1617,77.4,22.6,3434.0,33.2,28.2,13.1,13.3,1.0,85.7,0.0,1.3,86.3,10.4,0.0,Majority Black,Q1 (Lowest),Black-Majority,False,False,True,False
12086009703,Census Tract 97.03; Miami-Dade County; Florida,68.1,1.9,73.6,1.1,0.8,11.2,23.9,123920.0,215448.0,67609.0,4.4,0.0,0.6,0.9,6.0,10.1,8.9,27.0,9.0,33.1,2.0,2.8,4.8,0.6,26.5,52.2,20.7,86.1,13.9,2370.0,37.5,50.0,1135,85.8,14.2,3115.0,39.8,33.5,17.2,41.9,52.5,0.1,3.3,72.8,2.2,20.0,0.0,Majority White,Q5 (Highest),White-Majority,False,False,False,False
12086009704,Census Tract 97.04; Miami-Dade County; Florida,59.0,3.9,76.0,0.9,1.6,11.3,30.4,95283.0,139152.0,48156.0,5.8,2.1,5.8,8.0,8.5,15.3,8.1,14.2,10.8,21.4,12.2,12.1,9.1,1.8,39.1,33.2,25.9,61.1,38.9,1900.0,0.0,63.7,2016,82.6,17.4,5035.0,37.9,28.0,12.5,42.9,40.4,6.9,4.0,52.7,7.1,30.5,0.0,Mixed,Q4,Mixed,False,False,False,False
12086009705,Census Tract 97.05; Miami-Dade County; Florida,63.5,5.0,75.2,13.4,1.9,4.2,32.9,42390.0,59664.0,28180.0,4.7,9.7,10.7,16.0,12.4,20.2,11.9,7.2,4.2,3.0,14.8,12.9,16.7,4.7,52.9,24.9,17.6,61.7,38.3,1563.0,4.0,56.2,2654,78.1,21.9,4547.0,49.8,11.2,28.4,70.4,12.4,13.2,0.9,30.7,13.2,40.8,0.0,Majority Hispanic,Q1 (Lowest),Hispanic-Majority,False,False,True,False
12086009706,Census Tract 97.06; Miami-Dade County; Florida,62.8,9.8,80.5,2.9,2.0,7.7,29.1,53050.0,84810.0,42204.0,5.5,7.1,8.3,9.3,18.5,14.6,11.4,14.0,5.1,6.3,16.2,16.8,17.6,9.5,49.6,32.0,8.8,59.5,40.5,1655.0,4.8,64.1,1973,92.4,7.6,3814.0,41.8,15.4,20.3,58.8,26.1,11.5,1.3,52.8,11.5,31.0,0.5,Mixed,Q2,Mixed,False,False,False,False
12086009803,Census Tract 98.03; Miami-Dade County; Florida,74.6,3.5,78.0,0.9,0.1,9.7,35.2,73235.0,87408.0,34262.0,2.1,1.2,10.8,4.0,15.0,20.4,21.8,8.9,13.0,2.9,5.1,12.2,16.2,2.1,45.6,37.1,15.2,47.4,52.6,2245.0,12.6,66.3,2879,96.4,3.6,7820.0,35.2,20.5,9.2,31.0,10.7,54.2,3.5,23.6,55.3,10.3,0.0,Majority Black,Q3,Black-Majority,False,False,False,False
12086009804,Census Tract 98.04; Miami-Dade County; Florida,56.4,5.1,76.1,0.0,0.0,10.7,31.3,72007.0,89848.0,29655.0,3.2,7.9,5.5,9.3,12.7,12.2,10.4,17.4,15.6,5.8,8.8,10.2,13.3,1.7,28.3,44.7,25.2,94.7,5.3,2750.0,30.6,25.0,939,99.6,0.4,2950.0,38.8,23.2,17.3,25.0,18.1,47.3,4.2,28.8,47.3,18.2,0.7,Mixed,Q3,Mixed,False,False,False,False
12086009806,Census Tract 98.06; Miami-Dade County; Florida,52.8,5.5,62.7,5.5,2.8,15.9,37.8,46375.0,57329.0,30592.0,2.8,18.9,5.5,9.9,14.2,17.2,13.3,13.8,3.3,1.0,23.4,18.8,12.3,4.8,70.6,22.7,1.9,57.0,43.0,1390.0,1.3,77.7,1752,94.2,5.8,3318.0,49.3,12.9,23.2,31.8,23.1,36.3,4.1,30.3,37.9,20.2,2.1,Mixed,Q1 (Lowest),Mixed,True,False,True,False
12086009809,Census Tract 98.09; Miami-Dade County; Florida,66.6,7.8,89.4,1.5,0.0,4.2,37.8,78147.0,87272.0,28924.0,6.5,0.4,6.3,17.1,2.6,16.5,18.2,18.8,5.7,7.8,8.2,5.7,20.9,3.1,41.2,37.1,18.6,78.0,22.0,1918.0,11.5,51.0,1549,86.7,13.3,4202.0,39.3,22.3,14.3,16.7,4.1,68.8,0.0,5.6,68.8,23.1,0.0,Majority Black,Q4,Black-Majority,False,False,False,False
12086009810,Census Tract 98.10; Miami-Dade County; Florida,72.1,8.1,77.9,2.2,3.2,8.6,29.2,64632.0,81468.0,34210.0,5.7,3.4,2.8,1.2,25.6,15.2,16.3,22.2,2.3,5.3,7.6,9.4,19.3,3.8,43.7,46.1,6.5,47.2,52.8,2081.0,24.1,53.1,1664,93.0,7.0,3917.0,39.9,19.3,14.5,51.3,14.3,34.2,0.2,31.7,34.2,33.3,0.0,Mixed,Q3,Mixed,False,False,False,False
12086009811,Census Tract 98.11; Miami-Dade County; Florida,49.2,1.9,70.2,0.0,4.1,2.7,33.0,36565.0,74445.0,39768.0,4.6,17.8,8.9,11.2,22.4,14.3,5.5,6.3,0.0,9.0,19.5,29.4,3.3,15.8,46.4,33.1,4.7,66.9,33.1,1309.0,0.3,60.8,1234,78.6,21.4,1856.0,56.1,9.4,38.6,37.3,3.1,58.7,2.5,18.5,58.7,18.5,0.0,Majority Black,Q1 (Lowest),Black-Majority,False,True,True,False
12086009812,Census Tract 98.12; Miami-Dade County; Florida,70.8,7.0,71.2,5.7,0.0,12.0,31.7,72059.0,89548.0,33428.0,13.3,0.5,1.5,3.8,5.0,28.7,20.8,13.4,4.2,8.9,5.7,10.9,12.4,5.3,50.7,29.1,14.8,48.7,51.3,1919.0,3.1,67.3,2217,94.5,5.5,5741.0,35.0,27.4,8.4,31.6,36.6,23.5,1.5,45.1,23.5,27.6,0.0,Mixed,Q3,Mixed,False,False,False,False
12086009903,Census Tract 99.03; Miami-Dade County; Florida,46.7,15.5,74.1,3.1,0.0,13.7,32.9,76189.0,86108.0,28992.0,1.2,5.9,9.0,5.2,8.5,18.9,20.7,23.4,4.9,2.4,7.5,24.0,20.8,5.3,30.5,32.4,31.8,81.1,18.9,1688.0,0.0,53.7,1558,91.7,8.3,5093.0,43.1,19.6,24.0,13.1,0.7,86.2,0.0,3.0,87.9,7.1,0.0,Majority Black,Q3,Black-Majority,False,False,False,False
12086009904,Census Tract 99.04; Miami-Dade County; Florida,56.3,16.0,80.3,3.6,0.0,11.8,33.1,48869.0,54369.0,19135.0,10.0,5.5,15.4,4.0,16.4,32.6,8.2,5.5,0.0,2.3,31.0,41.6,15.0,12.4,60.5,18.4,8.7,37.0,63.0,1411.0,19.7,45.5,1477,94.0,6.0,4056.0,28.6,37.0,8.6,14.6,4.4,74.8,3.4,5.5,74.8,17.6,0.0,Majority Black,Q2,Black-Majority,True,False,True,False
12086009905,Census Tract 99.05; Miami-Dade County; Florida,58.3,9.4,88.5,0.5,0.0,6.1,32.8,74525.0,84207.0,23218.0,3.0,1.4,8.3,6.2,12.4,19.3,19.9,17.6,7.8,4.1,9.3,17.2,22.9,5.7,23.6,41.3,29.4,88.3,11.7,2475.0,22.4,28.2,1566,94.6,5.4,5560.0,34.0,29.4,13.1,18.8,5.5,71.5,0.0,9.4,75.2,7.7,1.2,Majority Black,Q3,Black-Majority,False,False,False,False
12086009906,Census Tract 99.06; Miami-Dade County; Florida,60.9,9.5,66.6,7.2,0.1,4.3,32.5,71242.0,71167.0,22954.0,5.6,3.7,10.6,6.3,15.7,15.7,16.7,18.6,6.7,0.7,12.3,23.1,10.6,4.6,33.0,43.8,18.6,86.7,13.3,2289.0,12.2,43.0,1607,95.3,4.7,5181.0,41.0,22.9,18.9,14.0,2.3,79.5,1.7,4.6,80.5,7.4,0.5,Majority Black,Q3,Black-Majority,False,False,False,False
12086009907,Census Tract 99.07; Miami-Dade County; Florida,68.2,8.5,78.9,1.4,3.0,9.0,32.1,114464.0,142314.0,35307.0,4.7,0.0,4.1,4.1,4.3,6.5,20.4,9.2,19.8,26.8,7.7,31.2,11.7,4.6,27.0,29.8,38.6,84.2,15.8,1852.0,14.5,61.3,1225,89.5,10.5,4490.0,32.3,31.4,13.0,4.3,14.7,77.8,0.9,15.6,77.8,4.2,0.7,Majority Black,Q5 (Highest),Black-Majority,False,False,False,False
12086009908,Census Tract 99.08; Miami-Dade County; Florida,65.1,11.8,74.8,6.6,1.6,2.6,32.8,40815.0,53350.0,22482.0,7.5,4.4,7.6,20.3,17.9,17.3,15.9,5.3,1.7,2.0,13.0,27.5,22.0,7.7,64.4,20.0,7.9,13.5,86.5,1553.0,9.2,65.5,1821,97.7,2.3,4300.0,35.4,25.9,12.1,21.6,2.0,74.1,1.6,14.5,74.7,8.4,0.0,Majority Black,Q1 (Lowest),Black-Majority,False,False,True,False
12086009909,Census Tract 99.09; Miami-Dade County; Florida,76.4,7.6,68.5,1.9,0.6,23.5,35.4,60897.0,82472.0,27994.0,0.0,2.5,7.9,1.1,18.0,42.8,9.0,12.9,3.9,2.0,13.2,45.0,18.3,3.1,57.2,34.2,5.4,33.4,66.6,1814.0,39.2,41.4,937,98.5,1.5,2802.0,25.9,43.5,6.1,2.5,0.0,96.4,1.2,0.0,96.7,1.4,0.0,Majority Black,Q2,Black-Majority,False,False,False,False
12086010010,Census Tract 100.10; Miami-Dade County; Florida,61.6,6.5,75.7,2.6,0.0,10.3,31.7,66136.0,75717.0,26740.0,5.3,2.3,7.0,4.8,26.4,8.4,18.3,16.8,7.4,3.2,12.8,31.3,22.7,8.6,27.4,26.9,37.2,57.9,42.1,1782.0,11.8,59.0,1280,96.7,3.3,3674.0,40.0,17.1,11.5,69.5,3.7,24.4,2.2,34.4,26.4,30.6,0.0,Majority Hispanic,Q3,Hispanic-Majority,False,False,False,False
12086010012,Census Tract 100.12; Miami-Dade County; Florida,66.0,3.0,80.5,0.8,0.0,6.7,33.0,84943.0,87919.0,25987.0,0.5,0.0,6.2,6.5,11.3,22.3,17.2,25.2,7.2,3.6,5.0,27.6,17.9,1.8,17.4,39.3,41.5,78.3,21.7,2572.0,25.1,55.8,1881,95.9,4.1,6393.0,43.8,17.6,15.2,42.0,0.5,56.1,1.2,5.3,62.1,23.4,0.1,Majority Black,Q4,Black-Majority,False,False,False,False
12086010013,Census Tract 100.13; Miami-Dade County; Florida,59.0,2.5,83.8,2.6,2.9,2.3,33.6,64455.0,83761.0,24896.0,1.5,6.1,7.8,5.0,18.1,20.7,16.3,10.5,6.0,7.9,8.5,26.2,20.4,3.7,32.5,34.7,29.1,84.5,15.5,1664.0,0.0,75.3,1125,100.0,0.0,4029.0,40.3,28.1,16.0,76.6,8.9,12.0,3.4,30.7,12.8,51.8,0.0,Majority Hispanic,Q3,Hispanic-Majority,False,False,False,False
12086010015,Census Tract 100.15; Miami-Dade County; Florida,55.8,3.4,82.7,0.4,0.0,5.3,28.4,53690.0,63057.0,21616.0,4.0,3.4,22.3,3.7,10.0,29.5,12.3,8.0,2.4,4.4,20.5,43.5,30.5,3.1,33.1,31.8,32.0,48.2,51.8,1068.0,0.0,45.1,1138,90.9,9.1,3178.0,40.4,21.1,12.6,93.5,1.8,3.7,0.3,19.6,4.0,61.8,0.0,Majority Hispanic,Q2,Hispanic-Majority,True,False,False,False
12086010016,Census Tract 100.16; Miami-Dade County; Florida,53.1,0.5,79.0,1.9,0.1,9.0,32.7,72471.0,96517.0,30083.0,5.7,2.9,5.1,6.6,14.0,18.0,15.4,19.4,10.8,2.1,10.8,28.9,12.7,0.6,28.5,32.8,38.0,93.5,6.5,2563.0,0.0,38.8,1327,98.0,2.0,4349.0,49.4,17.6,24.3,75.1,3.1,14.0,7.8,31.0,15.2,36.1,0.0,Majority Hispanic,Q3,Hispanic-Majority,False,False,False,False
12086010017,Census Tract 100.17; Miami-Dade County; Florida,53.9,0.7,82.8,0.0,0.0,13.6,29.7,70118.0,76336.0,23600.0,4.6,2.9,4.4,7.5,11.0,25.7,20.0,16.8,4.6,2.4,7.8,39.9,18.0,2.9,9.6,32.8,54.8,86.1,13.9,2371.0,0.0,76.8,1048,96.9,3.1,3381.0,48.2,18.5,22.2,78.9,2.0,19.1,0.0,24.5,19.1,51.7,0.0,Majority Hispanic,Q3,Hispanic-Majority,False,False,False,False
12086010018,Census Tract 100.18; Miami-Dade County; Florida,49.1,1.5,85.1,0.8,3.3,10.8,32.0,60345.0,82102.0,29153.0,10.4,4.4,11.5,6.8,2.9,21.0,15.5,12.6,6.5,8.5,14.8,25.4,18.0,6.3,35.6,29.1,29.0,76.1,23.9,1414.0,0.0,34.6,990,90.5,9.5,2548.0,47.4,7.3,30.1,77.7,2.6,19.1,0.5,50.0,19.1,24.6,0.0,Majority Hispanic,Q2,Hispanic-Majority,False,False,False,False
12086010019,Census Tract 100.19; Miami-Dade County; Florida,49.9,10.2,77.3,0.2,0.0,14.4,28.3,58947.0,96886.0,34287.0,6.3,4.1,3.6,2.2,26.2,15.9,12.3,9.4,5.6,14.3,9.1,36.9,22.6,14.9,28.3,32.7,24.2,82.0,18.0,2152.0,0.0,24.1,1160,97.9,2.1,3280.0,51.1,16.5,26.8,66.5,0.3,32.3,0.8,19.6,33.4,39.8,0.1,Majority Hispanic,Q2,Hispanic-Majority,False,True,False,False
12086010020,Census Tract 100.20; Miami-Dade County; Florida,61.2,4.0,85.0,0.1,0.0,4.2,26.9,55843.0,68395.0,22124.0,7.8,1.8,7.2,14.3,13.1,21.7,14.5,5.7,12.5,1.4,13.0,37.6,15.3,7.1,27.5,24.8,40.6,91.4,8.6,,0.0,0.0,1123,97.2,2.8,3484.0,42.2,19.3,16.9,73.3,1.4,25.3,0.0,35.8,27.7,27.7,0.0,Majority Hispanic,Q2,Hispanic-Majority,False,False,False,False
12086010021,Census Tract 100.21; Miami-Dade County; Florida,61.0,1.4,79.3,3.9,0.0,5.4,29.5,58950.0,71429.0,20855.0,2.0,4.7,5.3,7.7,13.8,23.5,20.1,18.7,0.0,4.2,7.2,38.6,22.9,8.4,17.6,60.2,13.9,44.3,55.7,1862.0,1.8,64.0,1130,97.1,2.9,3905.0,34.6,23.7,13.1,58.0,0.7,40.5,0.7,17.2,40.5,30.7,0.4,Mixed,Q2,Mixed,False,False,False,False
12086010022,Census Tract 100.22; Miami-Dade County; Florida,47.6,10.2,82.9,0.0,0.0,7.7,30.6,,78858.0,24849.0,6.6,0.4,21.2,1.0,15.2,5.7,11.3,31.5,6.1,1.0,16.7,37.2,16.7,4.4,32.3,34.4,28.8,87.8,12.2,1688.0,38.0,49.6,1286,95.3,4.7,3677.0,53.5,14.7,32.7,64.7,0.2,33.5,0.2,15.6,39.8,33.3,0.0,Majority Hispanic,,Hispanic-Majority,False,False,False,False
12086010023,Census Tract 100.23; Miami-Dade County; Florida,47.7,18.7,65.2,5.7,1.8,17.1,44.8,37407.0,46898.0,22188.0,17.6,8.8,9.3,5.5,18.7,10.4,24.3,4.7,0.7,0.0,31.6,35.8,25.4,12.6,54.3,18.1,15.1,46.3,53.7,1992.0,8.9,74.9,906,98.2,1.8,1944.0,36.6,19.2,15.9,26.3,1.7,66.8,1.2,6.2,66.8,22.9,0.0,Majority Black,Q1 (Lowest),Black-Majority,True,True,True,True
12086010024,Census Tract 100.24; Miami-Dade County; Florida,49.4,5.1,65.6,4.3,0.0,3.1,32.6,44282.0,67424.0,24056.0,10.4,1.5,13.5,18.2,15.3,13.9,12.5,6.1,1.3,7.3,16.7,36.9,19.6,12.3,54.9,21.8,11.0,39.8,60.2,1468.0,10.1,58.6,1722,100.0,0.0,4759.0,34.9,28.2,14.3,32.9,0.8,60.5,0.0,2.1,67.2,26.7,0.0,Majority Black,Q1 (Lowest),Black-Majority,False,False,True,False
12086010025,Census Tract 100.25; Miami-Dade County; Florida,60.2,1.1,74.9,1.2,0.7,9.4,34.2,70986.0,76134.0,25483.0,7.9,1.6,8.1,3.6,12.6,19.8,16.4,23.4,3.2,3.4,13.0,14.9,28.9,0.3,34.1,47.2,18.4,76.7,23.3,2122.0,0.0,94.9,1240,96.9,3.1,4049.0,38.6,21.2,17.0,23.7,0.0,73.0,0.5,13.9,73.0,12.5,0.1,Majority Black,Q3,Black-Majority,False,False,False,False
12086010026,Census Tract 100.26; Miami-Dade County; Florida,57.4,4.8,79.7,0.0,0.0,13.4,27.9,40000.0,44831.0,18653.0,14.0,1.3,2.2,9.2,45.1,11.9,8.1,8.1,0.0,0.0,34.6,39.0,28.7,7.0,61.1,24.7,7.2,64.2,35.8,2034.0,3.9,84.5,683,91.9,8.1,2045.0,48.8,22.6,29.9,66.7,0.0,33.3,0.0,16.0,33.3,25.6,0.0,Majority Hispanic,Q1 (Lowest),Hispanic-Majority,True,False,True,False
12086010193,Census Tract 101.93; Miami-Dade County; Florida,62.0,2.6,79.5,0.0,1.5,10.8,33.1,114250.0,129607.0,40446.0,3.2,0.0,8.7,4.1,4.6,11.1,6.6,31.0,17.0,13.9,10.5,6.2,4.5,0.6,17.3,45.9,36.2,84.5,15.5,2645.0,10.4,52.5,1503,98.4,1.6,4913.0,41.8,21.0,19.0,80.2,9.8,4.3,4.3,39.9,4.3,40.0,0.0,Majority Hispanic,Q5 (Highest),Hispanic-Majority,False,False,False,False
12086010198,Census Tract 101.98; Miami-Dade County; Florida,65.0,3.3,64.5,2.2,0.0,21.4,36.6,144140.0,157334.0,44881.0,2.7,4.4,0.0,0.0,8.1,7.6,5.0,28.7,27.5,16.1,4.4,7.3,4.4,0.0,26.0,39.0,35.0,93.1,6.9,2637.0,0.0,50.0,1145,97.6,2.4,4068.0,37.4,29.9,11.0,66.3,13.0,8.9,11.2,31.9,10.2,35.3,0.4,Majority Hispanic,Q5 (Highest),Hispanic-Majority,False,False,False,False
12086010201,Census Tract 102.01; Miami-Dade County; Florida,56.5,4.1,66.2,1.0,0.0,12.5,42.7,101919.0,121496.0,37492.0,1.3,1.5,3.0,0.8,14.2,11.9,15.0,28.1,9.1,15.2,5.4,10.7,12.9,3.9,20.2,36.7,39.3,98.5,1.5,,0.0,100.0,1436,99.2,0.8,4702.0,49.0,17.7,20.7,75.2,5.5,16.8,1.3,30.6,17.1,44.1,0.0,Majority Hispanic,Q5 (Highest),Hispanic-Majority,False,False,False,False
12086010205,Census Tract 102.05; Miami-Dade County; Florida,56.6,3.8,79.5,4.2,0.0,6.9,33.7,63295.0,74850.0,25062.0,3.4,3.7,12.6,6.8,12.0,19.6,15.7,17.9,3.2,5.1,8.7,24.0,7.7,2.7,25.0,37.2,35.1,89.5,10.5,1674.0,13.9,39.6,1447,98.8,1.2,4637.0,48.2,16.0,23.4,75.4,8.5,15.0,0.6,33.8,17.0,33.1,0.6,Majority Hispanic,Q3,Hispanic-Majority,False,False,False,False
12086010207,Census Tract 102.07; Miami-Dade County; Florida,56.2,9.9,61.7,5.4,1.3,2.9,38.8,35596.0,47826.0,20370.0,6.5,12.5,22.1,7.5,15.5,13.1,14.0,7.6,0.0,1.1,31.7,34.0,22.6,21.2,42.6,30.6,5.6,5.2,94.8,1335.0,7.2,52.3,1972,93.8,6.2,4391.0,46.0,21.8,19.5,72.6,7.2,17.4,0.9,19.0,19.2,42.8,0.7,Majority Hispanic,Q1 (Lowest),Hispanic-Majority,True,True,True,True
12086010208,Census Tract 102.08; Miami-Dade County; Florida,56.6,4.3,81.4,1.7,0.0,3.3,31.2,56513.0,61842.0,21029.0,3.2,16.9,2.0,8.5,13.4,23.4,12.3,16.7,3.1,0.4,15.0,44.6,20.9,12.0,44.6,23.0,20.3,36.9,63.1,1362.0,15.0,47.5,1702,92.8,7.2,4899.0,34.4,23.4,15.9,77.2,0.5,16.4,3.6,24.9,19.2,40.6,0.0,Majority Hispanic,Q2,Hispanic-Majority,False,False,False,False
12086010209,Census Tract 102.09; Miami-Dade County; Florida,55.9,6.7,73.8,0.9,0.0,12.1,37.8,74879.0,91481.0,26431.0,4.0,3.4,2.7,10.3,12.7,17.0,11.7,25.2,7.8,5.1,11.7,25.6,16.6,5.8,16.0,47.4,30.7,83.7,16.3,1974.0,20.0,55.3,1769,97.3,2.7,6289.0,41.1,20.1,13.0,63.1,6.3,24.4,1.8,28.3,24.4,36.3,2.9,Majority Hispanic,Q3,Hispanic-Majority,False,False,False,False
12086010211,Census Tract 102.11; Miami-Dade County; Florida,64.6,9.7,82.2,0.0,0.0,6.6,39.8,66323.0,73081.0,23332.0,3.6,1.5,5.9,11.1,12.7,29.9,14.7,9.7,8.8,2.0,19.8,41.1,19.2,1.0,24.2,43.4,31.3,73.5,26.5,2149.0,9.9,76.7,1439,100.0,0.0,4600.0,43.0,21.4,13.1,88.3,5.6,5.1,0.0,46.8,5.1,44.3,0.0,Majority Hispanic,Q3,Hispanic-Majority,True,False,False,False
12086010212,Census Tract 102.12; Miami-Dade County; Florida,74.7,1.6,84.5,0.3,0.0,11.7,31.5,140000.0,169827.0,45108.0,3.1,3.8,2.9,0.0,6.3,8.2,11.1,32.8,6.4,25.3,3.1,7.9,15.5,2.0,19.8,26.4,51.7,90.8,9.2,,0.0,0.0,815,91.5,8.5,2970.0,40.4,24.5,7.0,70.3,9.6,17.2,2.1,31.8,17.2,47.6,0.0,Majority Hispanic,Q5 (Highest),Hispanic-Majority,False,False,False,False
12086010213,Census Tract 102.13; Miami-Dade County; Florida,49.5,9.0,86.5,1.6,0.0,0.0,32.6,44021.0,59130.0,18432.0,15.6,4.8,20.1,0.9,12.1,10.6,13.8,17.8,0.0,4.3,24.8,48.5,20.5,13.9,24.6,26.1,35.5,54.7,45.3,1594.0,4.7,54.1,1470,97.2,2.8,4864.0,39.7,16.4,18.8,60.1,3.0,31.2,3.4,23.9,34.3,33.2,2.2,Majority Hispanic,Q1 (Lowest),Hispanic-Majority,True,True,True,True
12086010214,Census Tract 102.14; Miami-Dade County; Florida,49.0,2.8,81.3,0.0,0.0,14.9,41.8,53819.0,78759.0,33531.0,2.0,13.4,19.1,4.1,9.0,11.8,3.8,22.3,11.1,3.4,9.0,28.4,7.7,5.2,44.4,14.0,36.3,68.2,31.8,,29.9,28.7,703,93.2,6.8,1632.0,42.9,13.7,31.1,61.0,3.9,18.3,13.5,29.1,18.3,36.2,2.9,Majority Hispanic,Q2,Hispanic-Majority,False,False,False,False
12086010301,Census Tract 103.01; Miami-Dade County; Florida,53.6,8.0,81.6,0.0,4.7,1.2,31.8,97395.0,115212.0,33651.0,2.9,0.8,2.9,4.5,21.1,5.8,12.4,16.4,16.3,16.8,15.6,27.0,21.2,3.7,30.4,29.9,36.0,61.7,38.3,1368.0,21.2,40.5,1006,98.0,2.0,3367.0,36.8,22.4,16.4,65.5,24.6,4.7,0.7,62.5,7.0,27.8,0.0,Majority Hispanic,Q4,Hispanic-Majority,False,False,False,False
12086010302,Census Tract 103.02; Miami-Dade County; Florida,59.6,2.4,65.1,0.0,0.0,8.9,53.1,79297.0,94255.0,26649.0,0.0,11.0,6.5,5.8,7.0,13.2,17.3,19.7,10.0,9.4,15.1,15.4,31.0,1.0,14.2,39.0,45.8,64.2,35.8,1671.0,0.0,48.6,909,97.8,2.2,3099.0,36.5,21.2,11.5,82.2,8.6,0.0,4.7,41.5,3.5,26.1,1.9,Majority Hispanic,Q4,Hispanic-Majority,False,False,False,False
12086010303,Census Tract 103.03; Miami-Dade County; Florida,35.3,7.5,66.8,1.5,2.4,8.9,30.4,71250.0,138876.0,47631.0,17.7,3.3,1.4,6.4,3.3,18.5,9.3,12.7,18.1,9.4,20.3,10.4,13.9,0.0,28.2,42.6,29.2,83.5,16.5,,0.0,27.9,1292,94.7,5.3,3698.0,46.7,15.1,20.4,54.6,35.2,6.0,1.5,52.4,7.3,36.3,0.2,Mixed,Q3,Mixed,True,False,False,False
12086010400,Census Tract 104; Miami-Dade County; Florida,69.0,4.0,85.2,6.0,0.4,4.2,42.6,80306.0,112241.0,34748.0,3.1,5.2,2.6,9.0,8.7,18.4,13.3,16.6,8.1,15.1,9.9,38.1,11.7,2.4,35.1,38.2,24.4,63.2,36.8,1642.0,26.3,54.0,1900,94.0,6.0,6002.0,40.0,25.7,12.0,63.0,21.3,12.5,0.6,47.3,12.6,38.8,0.0,Majority Hispanic,Q4,Hispanic-Majority,False,False,False,False
12086010501,Census Tract 105.01; Miami-Dade County; Florida,51.4,13.0,76.7,8.0,0.0,2.5,38.0,42718.0,58700.0,20290.0,3.9,15.0,19.5,3.7,17.0,12.0,8.5,14.4,4.1,2.0,29.5,56.2,18.1,18.3,29.5,32.7,19.4,39.7,60.3,943.0,14.1,58.0,2206,91.4,8.6,6157.0,37.0,26.2,15.2,54.9,2.9,39.5,2.0,21.9,40.2,35.0,0.0,Mixed,Q1 (Lowest),Mixed,True,True,True,True
12086010502,Census Tract 105.02; Miami-Dade County; Florida,67.3,5.6,64.8,4.4,0.0,22.1,40.3,93706.0,108687.0,29560.0,1.1,2.6,1.6,2.5,3.1,25.9,16.0,26.6,11.7,8.9,13.4,20.4,13.1,1.5,21.3,54.1,23.1,75.9,24.1,1750.0,0.0,33.8,3138,97.6,2.4,11718.0,30.9,32.5,6.9,66.1,12.7,17.4,0.0,40.4,17.4,39.9,0.5,Majority Hispanic,Q4,Hispanic-Majority,False,False,False,False
12086010604,Census Tract 106.04; Miami-Dade County; Florida,67.8,7.1,73.1,1.4,0.8,17.0,38.3,123167.0,128451.0,41306.0,6.6,0.6,2.6,7.6,6.6,8.6,10.5,26.6,12.4,17.9,12.0,11.6,10.6,2.6,12.3,47.4,37.8,84.7,15.3,2642.0,27.0,51.7,1530,93.7,6.3,4549.0,39.1,23.3,14.9,52.5,34.7,7.8,3.6,56.6,8.5,30.2,0.2,Mixed,Q5 (Highest),Mixed,False,False,False,False
12086010608,Census Tract 106.08; Miami-Dade County; Florida,62.4,4.3,71.5,2.9,0.3,15.6,39.0,76722.0,96187.0,30054.0,1.8,1.1,4.2,6.2,18.9,15.7,17.6,14.4,11.5,8.7,9.7,20.8,9.2,1.8,24.3,46.7,27.2,73.6,26.4,2173.0,7.5,59.6,1718,98.2,1.8,5629.0,39.6,25.3,12.8,69.6,19.6,5.8,2.2,46.3,6.1,35.3,1.8,Majority Hispanic,Q3,Hispanic-Majority,False,False,False,False
12086010609,Census Tract 106.09; Miami-Dade County; Florida,60.2,1.8,86.3,0.7,0.0,2.8,31.7,46283.0,56599.0,20775.0,2.4,10.3,12.2,19.8,11.1,21.2,8.4,10.0,4.5,0.0,24.6,39.4,14.6,11.0,45.9,28.4,14.6,26.6,73.4,1338.0,8.4,55.8,2250,95.0,5.0,6220.0,31.6,21.8,14.0,77.1,13.8,7.2,2.2,37.5,7.6,47.0,0.0,Majority Hispanic,Q1 (Lowest),Hispanic-Majority,True,False,True,False
12086010610,Census Tract 106.10; Miami-Dade County; Florida,53.6,6.5,63.7,3.5,0.0,24.0,35.6,108165.0,139535.0,43546.0,5.4,6.8,4.2,2.1,1.0,16.7,11.4,17.4,9.1,26.0,5.7,19.0,6.4,10.1,24.7,37.5,27.7,78.7,21.3,286.0,21.6,28.2,1547,87.1,12.9,4394.0,47.1,20.4,28.0,52.5,30.5,10.2,4.3,52.0,13.6,28.5,1.1,Mixed,Q5 (Highest),Mixed,False,False,False,False
12086010613,Census Tract 106.13; Miami-Dade County; Florida,69.0,0.3,66.7,2.7,0.4,12.4,42.2,59248.0,83908.0,36345.0,2.5,6.7,1.2,20.6,13.5,17.4,7.4,18.2,5.6,6.7,11.6,25.6,11.0,6.1,40.1,46.1,7.7,46.0,54.0,1687.0,19.0,48.5,2364,96.7,3.3,5532.0,46.5,19.2,21.8,71.8,18.4,2.4,2.6,41.9,2.4,45.5,0.7,Majority Hispanic,Q2,Hispanic-Majority,False,False,False,False
12086010618,Census Tract 106.18; Miami-Dade County; Florida,72.4,4.7,78.8,0.8,0.0,13.6,38.0,98590.0,114128.0,35852.0,0.8,0.8,5.1,0.0,18.4,10.0,19.1,28.3,8.3,9.4,8.3,25.8,2.0,9.0,14.0,47.5,29.5,70.3,29.7,2694.0,5.6,66.3,1371,96.4,3.6,4314.0,39.5,22.3,14.0,68.5,15.2,15.2,1.1,44.1,18.5,28.3,0.0,Majority Hispanic,Q4,Hispanic-Majority,False,False,False,False
12086010619,Census Tract 106.19; Miami-Dade County; Florida,65.7,0.6,71.5,0.0,5.3,8.4,35.1,67095.0,95942.0,34198.0,0.0,0.0,0.0,5.9,22.1,24.2,14.4,13.0,13.9,6.5,11.7,21.6,4.5,0.0,32.8,37.6,29.6,83.4,16.6,1493.0,24.6,66.9,840,93.3,6.7,2453.0,39.9,25.2,16.5,57.3,12.3,22.6,5.3,26.8,26.4,30.4,0.6,Mixed,Q3,Mixed,False,False,False,False
12086010620,Census Tract 106.20; Miami-Dade County; Florida,65.9,6.8,80.6,0.5,0.0,16.6,40.9,110766.0,133096.0,44569.0,0.0,0.0,0.0,7.8,11.2,12.1,9.0,20.3,19.3,20.3,0.1,7.2,15.2,0.9,11.9,52.0,35.3,85.8,14.2,3501.0,18.4,68.1,995,100.0,0.0,2949.0,38.9,26.4,14.4,60.8,18.4,11.1,0.4,35.5,11.1,46.6,1.4,Majority Hispanic,Q5 (Highest),Hispanic-Majority,False,False,False,False
12086010621,Census Tract 106.21; Miami-Dade County; Florida,69.6,3.0,62.2,0.9,2.1,16.2,43.9,86925.0,114442.0,32241.0,4.0,0.7,3.1,9.3,3.6,16.9,19.8,20.5,7.1,15.0,11.8,16.9,11.9,0.0,26.4,43.9,29.8,70.1,29.9,2094.0,0.0,66.0,1411,100.0,0.0,5115.0,34.9,26.7,7.0,74.7,10.2,14.1,1.0,40.1,14.7,39.2,0.0,Majority Hispanic,Q4,Hispanic-Majority,False,False,False,False
12086010622,Census Tract 106.22; Miami-Dade County; Florida,63.3,1.5,80.7,2.1,1.6,1.6,37.2,71250.0,85226.0,24900.0,0.0,2.2,0.0,7.7,12.7,28.3,17.8,16.4,14.9,0.0,8.1,33.7,10.5,5.3,20.3,60.7,13.7,50.2,49.8,1550.0,10.8,29.0,1364,93.7,6.3,4449.0,38.4,31.6,11.5,60.9,4.9,34.0,0.0,31.8,34.2,31.9,0.2,Majority Hispanic,Q3,Hispanic-Majority,False,False,False,False
12086010623,Census Tract 106.23; Miami-Dade County; Florida,63.0,4.1,54.5,1.5,0.0,8.7,44.6,74883.0,91236.0,28011.0,2.3,0.0,0.0,3.6,16.8,27.6,24.8,15.3,4.3,5.3,17.6,24.6,25.1,5.4,16.3,51.6,26.7,64.4,35.6,1913.0,19.2,37.3,1061,95.6,4.4,3406.0,35.7,21.6,8.9,57.2,29.8,9.4,3.9,51.1,9.4,28.3,0.0,Mixed,Q3,Mixed,False,False,False,False
12086010624,Census Tract 106.24; Miami-Dade County; Florida,64.1,7.9,77.2,3.6,0.0,10.9,39.9,76136.0,92841.0,30171.0,4.9,2.3,12.1,0.0,5.3,25.0,10.8,23.7,5.5,10.5,11.7,24.8,16.7,10.4,28.0,35.2,26.3,86.8,13.2,2631.0,0.0,57.1,968,100.0,0.0,3145.0,37.8,20.7,18.8,55.5,23.4,4.2,10.3,36.9,6.2,43.5,0.4,Mixed,Q3,Mixed,False,False,False,False
12086010625,Census Tract 106.25; Miami-Dade County; Florida,69.9,2.7,76.2,1.3,0.0,15.7,42.9,93170.0,103700.0,35016.0,6.5,2.5,0.4,4.5,9.2,18.4,14.0,30.9,5.6,8.0,9.8,8.9,19.7,0.0,30.4,46.9,22.8,66.3,33.7,2290.0,8.0,54.2,1845,100.0,0.0,5601.0,36.3,27.9,6.4,73.4,13.0,8.3,0.6,33.1,8.5,48.2,1.8,Majority Hispanic,Q4,Hispanic-Majority,False,False,False,False
12086010626,Census Tract 106.26; Miami-Dade County; Florida,68.0,10.8,78.2,0.0,0.0,10.0,37.8,85500.0,95969.0,31567.0,0.0,0.8,9.7,5.1,18.7,8.4,10.8,28.5,14.2,3.8,12.6,39.4,8.4,4.5,39.4,33.0,23.2,42.7,57.3,1658.0,0.0,60.3,1227,98.1,1.9,3851.0,34.3,31.3,9.5,73.4,5.2,16.9,0.4,41.2,16.9,40.0,0.0,Majority Hispanic,Q4,Hispanic-Majority,False,False,False,False
12086010705,Census Tract 107.05; Miami-Dade County; Florida,64.1,4.3,79.8,0.0,0.6,6.0,37.6,61270.0,112328.0,32298.0,3.8,0.8,12.4,6.8,15.6,13.2,11.8,19.1,1.5,14.9,23.6,31.7,21.1,3.0,37.0,31.0,29.0,66.1,33.9,1775.0,3.9,76.6,1543,98.0,2.0,5437.0,33.8,26.5,8.1,76.1,7.8,15.4,0.9,48.6,19.4,24.6,0.3,Majority Hispanic,Q3,Hispanic-Majority,True,False,False,False
12086010706,Census Tract 107.06; Miami-Dade County; Florida,68.9,4.9,68.5,1.8,1.5,8.1,33.1,90087.0,95785.0,25736.0,1.6,3.5,7.6,5.0,11.9,12.4,28.0,20.7,7.2,2.2,12.9,18.9,22.7,8.2,23.9,48.6,19.3,48.1,51.9,692.0,3.2,46.8,979,97.1,2.9,3659.0,34.2,31.6,8.6,84.6,3.3,11.0,0.0,31.6,11.0,48.4,1.1,Majority Hispanic,Q4,Hispanic-Majority,False,False,False,False
12086010707,Census Tract 107.07; Miami-Dade County; Florida,56.1,8.5,86.8,0.0,0.1,3.2,34.4,57816.0,72692.0,19117.0,2.9,0.0,14.0,13.7,2.6,26.8,12.1,18.9,7.7,1.2,21.9,49.3,10.0,8.5,11.0,34.5,45.9,81.6,18.4,666.0,0.0,44.0,1031,95.7,4.3,4066.0,36.3,26.6,14.6,51.0,7.3,35.1,0.0,29.3,35.1,34.5,0.0,Mixed,Q2,Mixed,True,False,False,False
12086010708,Census Tract 107.08; Miami-Dade County; Florida,58.9,4.8,68.0,1.7,0.0,10.3,40.9,57360.0,71462.0,22860.0,9.5,1.5,2.3,9.4,15.0,25.7,12.6,17.5,5.8,0.8,20.2,25.4,15.0,13.3,21.6,37.2,27.9,65.9,34.1,1546.0,9.3,90.7,1700,98.8,1.2,5574.0,38.6,26.3,12.1,70.2,3.2,26.0,0.5,24.1,26.0,30.2,0.0,Majority Hispanic,Q2,Hispanic-Majority,True,True,False,False
12086010709,Census Tract 107.09; Miami-Dade County; Florida,67.3,3.1,67.3,2.1,0.0,7.8,38.6,84352.0,122994.0,36488.0,1.7,0.0,0.5,0.9,10.2,18.8,33.1,19.4,7.5,8.0,3.3,7.4,16.2,2.6,19.6,57.7,20.1,90.2,9.8,1770.0,5.0,82.4,1793,95.5,4.5,5784.0,33.1,32.8,5.8,65.2,21.8,4.8,2.9,33.9,4.8,48.5,2.0,Majority Hispanic,Q4,Hispanic-Majority,False,False,False,False
12086010710,Census Tract 107.10; Miami-Dade County; Florida,74.6,3.3,68.4,0.0,0.0,12.1,43.9,74842.0,96759.0,32735.0,0.6,0.0,16.2,4.7,5.1,24.1,11.9,21.1,9.2,7.2,4.0,32.8,12.9,3.4,29.3,30.4,36.8,68.0,32.0,1487.0,0.0,51.0,2228,96.6,3.4,6640.0,42.5,17.3,15.0,80.9,3.5,13.4,0.0,33.4,13.4,43.3,2.2,Majority Hispanic,Q3,Hispanic-Majority,False,False,False,False
12086010803,Census Tract 108.03; Miami-Dade County; Florida,67.8,9.5,69.5,0.1,0.0,8.7,38.7,52475.0,62095.0,19813.0,14.9,4.8,0.0,18.8,7.6,13.1,19.6,15.6,5.7,0.0,26.9,39.4,24.6,21.7,26.3,42.8,9.2,20.4,79.6,1673.0,9.5,48.1,1402,91.1,8.9,4058.0,27.2,37.9,6.0,52.0,4.5,43.5,0.3,27.3,43.5,21.5,0.0,Mixed,Q2,Mixed,True,True,False,False
12086010804,Census Tract 108.04; Miami-Dade County; Florida,58.8,13.5,59.7,3.4,0.0,19.0,35.3,57681.0,72030.0,23795.0,4.7,4.6,18.3,12.6,6.8,11.2,20.1,16.9,3.2,1.7,29.1,33.5,25.2,13.5,46.7,25.7,14.1,17.3,82.7,1616.0,2.5,58.4,2722,93.9,6.1,7894.0,30.8,31.8,6.4,65.5,10.7,22.8,2.9,34.4,27.0,29.7,0.0,Majority Hispanic,Q2,Hispanic-Majority,True,True,False,False
12086010805,Census Tract 108.05; Miami-Dade County; Florida,56.0,6.7,78.6,1.8,0.0,8.9,31.2,36507.0,53388.0,18225.0,9.6,3.6,9.6,13.6,28.9,14.2,11.6,4.3,1.1,3.3,26.1,42.5,16.1,8.3,49.9,28.1,13.7,27.4,72.6,1680.0,4.6,65.3,2056,97.3,2.7,6127.0,27.0,29.9,8.3,79.6,6.9,12.3,1.5,60.0,13.2,17.4,0.0,Majority Hispanic,Q1 (Lowest),Hispanic-Majority,True,False,True,False
12086010806,Census Tract 108.06; Miami-Dade County; Florida,57.2,4.7,70.3,1.1,0.0,14.7,36.6,55250.0,63246.0,19494.0,11.5,2.2,5.4,17.2,10.6,17.6,22.5,5.2,3.7,4.0,31.6,31.0,18.5,6.5,29.3,41.6,22.7,51.2,48.8,1873.0,8.0,55.2,1386,94.4,5.6,4412.0,34.1,34.2,9.4,66.6,4.4,27.8,3.1,31.7,31.8,25.4,0.0,Majority Hispanic,Q2,Hispanic-Majority,True,False,False,False
12086010900,Census Tract 109; Miami-Dade County; Florida,56.9,8.0,82.5,2.1,0.0,1.3,31.3,36851.0,58925.0,20276.0,7.4,4.9,12.6,19.2,16.3,10.7,12.7,9.7,2.4,4.1,27.0,52.5,26.5,3.1,44.1,42.4,10.3,20.7,79.3,1344.0,8.2,52.3,2354,96.9,3.1,7010.0,33.8,27.7,9.1,80.6,4.4,12.0,0.1,45.8,12.0,28.8,2.4,Majority Hispanic,Q1 (Lowest),Hispanic-Majority,True,False,True,False
12086011003,Census Tract 110.03; Miami-Dade County; Florida,59.4,0.8,74.0,1.0,0.8,9.5,35.4,74072.0,90952.0,26372.0,1.9,3.9,12.7,5.5,9.5,19.5,15.9,10.4,9.0,11.7,9.8,32.1,32.3,8.2,18.8,37.9,35.0,70.0,30.0,2231.0,7.9,36.4,1311,96.3,3.7,4625.0,40.8,19.3,15.5,84.5,4.6,9.1,0.6,58.0,9.7,28.8,1.0,Majority Hispanic,Q3,Hispanic-Majority,False,False,False,False
12086011008,Census Tract 110.08; Miami-Dade County; Florida,64.6,5.4,80.4,4.4,0.0,5.9,41.3,78164.0,87339.0,25771.0,7.1,0.0,4.3,3.8,11.9,19.9,16.1,25.2,9.3,2.5,12.6,25.0,12.3,0.7,18.1,66.0,15.2,62.4,37.6,2100.0,4.7,55.0,1427,96.6,3.4,4940.0,33.0,34.5,6.0,65.6,13.2,20.9,0.7,40.4,23.5,31.2,0.0,Majority Hispanic,Q4,Hispanic-Majority,False,False,False,False
12086011009,Census Tract 110.09; Miami-Dade County; Florida,57.1,8.6,82.2,2.2,0.1,8.9,35.4,76762.0,94560.0,29455.0,5.3,3.0,2.8,3.6,12.3,21.1,12.6,25.1,4.3,10.0,10.8,18.3,12.5,6.3,28.9,44.2,20.6,53.6,46.4,1985.0,3.0,41.6,2278,98.8,1.2,7273.0,33.2,26.4,6.6,59.2,19.1,16.6,2.4,50.5,16.9,23.8,0.7,Mixed,Q3,Mixed,False,False,False,False
12086011010,Census Tract 110.10; Miami-Dade County; Florida,58.9,8.5,71.6,2.5,1.6,2.0,30.8,37988.0,43757.0,17597.0,9.6,12.8,12.4,6.2,25.7,16.9,7.5,7.1,1.6,0.3,19.2,48.9,18.4,26.9,36.1,27.0,10.0,9.6,90.4,1323.0,22.9,51.3,1903,94.6,5.4,4734.0,34.4,24.2,15.6,64.5,2.2,33.2,0.3,43.1,33.9,18.9,0.0,Majority Hispanic,Q1 (Lowest),Hispanic-Majority,False,True,True,False
12086011011,Census Tract 110.11; Miami-Dade County; Florida,61.5,5.9,78.6,0.3,0.0,2.0,41.6,49375.0,59121.0,20949.0,9.3,4.0,12.2,5.1,20.4,17.9,19.3,5.5,6.4,0.0,23.0,32.5,15.0,2.6,40.6,36.0,20.8,47.1,52.9,1124.0,16.1,33.0,1367,98.0,2.0,3982.0,39.4,24.6,12.8,72.5,0.0,27.5,0.0,44.5,27.5,22.7,0.0,Majority Hispanic,Q2,Hispanic-Majority,True,False,True,False
12086011012,Census Tract 110.12; Miami-Dade County; Florida,58.8,4.7,87.3,0.6,0.0,5.4,37.0,54300.0,78440.0,25758.0,9.7,4.2,3.4,13.7,11.1,22.2,11.5,10.2,7.7,6.5,16.0,36.2,16.3,5.1,22.5,34.3,38.2,86.8,13.2,2133.0,0.0,73.2,668,97.3,2.7,2145.0,38.3,22.2,19.5,80.9,9.9,7.4,2.9,38.0,8.6,40.5,1.3,Majority Hispanic,Q2,Hispanic-Majority,False,False,False,False
12086011013,Census Tract 110.13; Miami-Dade County; Florida,67.1,3.5,61.4,0.0,1.2,24.6,33.3,68426.0,75421.0,23027.0,6.6,6.9,5.0,10.2,2.6,27.5,14.8,16.6,2.7,7.1,19.5,18.2,13.5,3.8,15.9,42.6,37.8,80.8,19.2,1660.0,11.6,69.6,1031,90.5,9.5,3150.0,38.0,28.4,7.7,87.7,6.4,4.9,0.0,42.3,4.9,47.0,0.0,Majority Hispanic,Q3,Hispanic-Majority,False,False,False,False
12086011014,Census Tract 110.14; Miami-Dade County; Florida,61.7,8.3,76.2,0.4,0.0,9.5,29.5,83510.0,97801.0,34146.0,0.7,6.8,4.2,4.9,9.5,16.6,14.9,23.3,10.5,8.6,9.9,12.5,8.9,5.5,39.5,43.8,11.3,66.5,33.5,1833.0,4.5,57.3,1612,98.4,1.6,4690.0,34.4,28.9,10.2,69.8,13.8,12.1,1.9,50.0,12.8,30.8,0.5,Majority Hispanic,Q4,Hispanic-Majority,False,False,False,False
12086011015,Census Tract 110.15; Miami-Dade County; Florida,72.2,2.2,80.0,5.5,0.2,7.0,36.8,104151.0,106720.0,31297.0,1.3,0.4,3.7,2.3,4.7,18.3,17.1,35.8,8.5,7.8,3.4,10.8,5.3,0.0,28.2,45.0,26.7,86.6,13.4,2407.0,0.0,58.7,3160,93.5,6.5,10123.0,29.8,35.2,8.5,54.3,9.0,30.5,3.1,35.5,31.8,26.1,2.8,Mixed,Q5 (Highest),Mixed,False,False,False,False
12086011103,Census Tract 111.03; Miami-Dade County; Florida,70.9,2.1,76.5,1.9,0.0,9.5,33.4,41569.0,46251.0,16820.0,9.0,8.3,3.9,5.4,35.7,17.2,20.5,0.0,0.0,0.0,19.8,35.2,7.9,1.8,35.4,51.3,11.5,27.5,72.5,1594.0,2.8,83.1,1152,92.2,7.8,3081.0,32.5,31.0,8.5,77.4,1.9,20.8,0.0,65.1,21.5,5.0,0.0,Majority Hispanic,Q1 (Lowest),Hispanic-Majority,True,False,True,False
12086011104,Census Tract 111.04; Miami-Dade County; Florida,62.9,0.0,56.2,2.3,2.1,6.7,33.5,32204.0,47074.0,14481.0,9.6,10.3,21.6,8.8,12.5,14.3,15.5,2.9,4.5,0.0,29.8,47.1,48.9,22.6,28.9,40.6,7.8,21.1,78.9,1355.0,0.7,55.9,1641,97.2,2.8,5691.0,27.3,37.0,5.0,87.9,1.8,9.7,0.2,24.8,10.6,37.5,0.0,Majority Hispanic,Q1 (Lowest),Hispanic-Majority,True,True,True,True
12086011105,Census Tract 111.05; Miami-Dade County; Florida,64.8,2.1,77.6,0.4,0.1,7.9,32.6,129808.0,133167.0,39555.0,5.2,0.0,5.5,4.5,8.4,8.7,9.8,19.8,14.2,23.9,5.8,12.3,14.4,4.4,15.8,31.1,48.7,85.4,14.6,1794.0,0.0,70.8,1194,98.2,1.8,4140.0,35.9,22.2,11.2,73.6,18.4,4.7,0.7,60.3,4.7,28.7,0.0,Majority Hispanic,Q5 (Highest),Hispanic-Majority,False,False,False,False
12086011106,Census Tract 111.06; Miami-Dade County; Florida,72.3,0.0,84.8,0.0,0.0,3.8,36.3,82820.0,94769.0,27266.0,1.5,3.2,21.6,6.2,3.8,6.8,20.6,10.5,14.0,11.8,30.1,29.5,26.8,6.3,31.4,32.1,30.2,72.7,27.3,1675.0,26.6,73.4,1070,95.2,4.8,3742.0,35.3,30.6,9.3,79.5,11.8,3.7,4.3,30.8,3.7,50.9,0.0,Majority Hispanic,Q4,Hispanic-Majority,True,False,False,False
12086011203,Census Tract 112.03; Miami-Dade County; Florida,64.8,0.0,62.7,0.0,0.0,2.0,40.9,31316.0,49792.0,13281.0,3.5,1.9,39.7,11.5,11.1,9.8,11.2,6.4,4.4,0.6,51.7,30.3,49.0,14.1,39.9,31.8,14.2,25.5,74.5,1544.0,4.4,63.6,1749,91.9,8.1,6515.0,26.8,41.4,6.1,92.0,5.6,2.5,0.0,58.7,2.5,18.6,0.0,Majority Hispanic,Q1 (Lowest),Hispanic-Majority,True,True,True,True
12086011204,Census Tract 112.04; Miami-Dade County; Florida,68.9,0.5,72.3,0.0,1.9,11.4,29.0,117733.0,106003.0,35570.0,0.0,0.0,6.5,5.4,18.3,6.5,7.6,35.9,15.5,4.3,4.5,11.0,12.8,3.1,22.0,39.2,35.8,88.2,11.8,1861.0,0.0,30.3,646,100.0,0.0,1885.0,39.4,26.1,19.5,70.7,23.6,5.4,0.0,63.7,15.1,17.1,0.0,Majority Hispanic,Q5 (Highest),Hispanic-Majority,False,False,False,False
12086011205,Census Tract 112.05; Miami-Dade County; Florida,53.4,2.8,72.5,0.0,0.0,1.4,34.4,55588.0,59633.0,17793.0,6.8,2.4,9.4,3.2,15.2,38.2,8.4,15.3,1.1,0.0,22.5,28.0,21.5,4.7,28.0,42.2,25.1,63.6,36.4,1063.0,25.3,35.8,1188,97.6,2.4,4059.0,30.6,30.5,7.6,50.3,24.5,24.1,0.0,46.2,25.5,26.2,0.0,Mixed,Q2,Mixed,True,False,False,False
12086011206,Census Tract 112.06; Miami-Dade County; Florida,63.9,1.0,77.7,0.0,0.3,9.0,38.4,102292.0,110322.0,27573.0,0.0,0.0,10.3,0.5,7.1,10.3,18.6,31.6,13.0,8.6,13.0,16.9,20.6,2.0,11.5,41.7,44.9,88.0,12.0,1726.0,14.4,46.4,929,91.0,9.0,3389.0,32.0,31.7,12.5,78.1,17.9,0.1,3.2,58.3,0.8,34.8,0.0,Majority Hispanic,Q5 (Highest),Hispanic-Majority,False,False,False,False
12086011301,Census Tract 113.01; Miami-Dade County; Florida,48.6,8.4,42.2,2.7,3.6,0.0,42.2,22438.0,43060.0,13669.0,33.2,9.7,10.0,7.0,4.1,10.5,10.7,13.2,1.6,0.0,40.1,57.3,38.8,7.9,67.0,14.0,11.2,16.0,84.0,1131.0,7.9,65.4,1502,93.1,6.9,4233.0,29.4,25.6,4.5,61.6,0.5,37.9,0.0,33.4,37.9,20.3,0.0,Majority Hispanic,Q1 (Lowest),Hispanic-Majority,True,False,True,False
12086011302,Census Tract 113.02; Miami-Dade County; Florida,39.1,11.9,61.8,3.3,0.8,7.4,32.3,26268.0,33429.0,11820.0,24.0,10.9,11.4,20.5,8.1,14.5,6.5,1.6,2.5,0.0,48.0,43.3,36.2,32.1,39.6,12.6,15.7,20.7,79.3,1138.0,8.8,73.5,1969,98.1,1.9,6080.0,29.5,31.3,8.9,58.3,3.0,35.8,0.0,31.8,36.5,22.2,0.0,Mixed,Q1 (Lowest),Mixed,True,True,True,True
12086011405,Census Tract 114.05; Miami-Dade County; Florida,40.2,2.2,81.8,5.0,0.0,4.1,38.4,53070.0,70851.0,23821.0,8.9,18.3,12.1,9.2,0.6,17.3,8.5,8.2,5.6,11.4,39.4,55.1,27.2,6.8,51.7,31.5,10.0,31.6,68.4,1314.0,10.3,39.8,1414,93.8,6.2,3961.0,28.7,32.1,18.6,48.3,1.7,50.0,0.0,22.7,51.7,13.0,0.0,Mixed,Q2,Mixed,True,False,False,False
12086011406,Census Tract 114.06; Miami-Dade County; Florida,52.5,1.9,81.4,3.3,1.8,8.0,38.0,53054.0,63833.0,20940.0,10.5,3.4,1.7,12.1,18.0,20.3,14.2,13.6,6.1,0.0,18.6,29.3,27.4,3.3,39.4,32.1,25.2,57.3,42.7,1425.0,0.0,63.8,1133,95.1,4.9,3439.0,40.1,27.7,11.5,84.7,7.3,7.7,0.4,46.8,8.3,27.6,0.0,Majority Hispanic,Q2,Hispanic-Majority,False,False,False,False
12086011407,Census Tract 114.07; Miami-Dade County; Florida,57.2,4.4,73.3,0.2,0.7,14.6,33.1,68257.0,71475.0,18688.0,3.2,3.0,5.4,12.9,14.4,16.3,23.5,14.3,6.2,0.9,13.9,33.4,24.2,1.1,23.1,55.2,20.6,51.9,48.1,1808.0,12.0,52.8,1055,92.0,8.0,3982.0,30.9,35.4,10.7,55.5,13.8,26.0,0.6,39.3,28.3,16.8,3.3,Mixed,Q3,Mixed,False,False,False,False
12086011408,Census Tract 114.08; Miami-Dade County; Florida,24.2,4.4,88.1,0.9,1.2,0.0,22.0,38934.0,44103.0,6883.0,4.8,0.0,17.5,3.5,48.2,12.6,5.5,8.0,0.0,0.0,23.5,29.5,24.2,0.0,59.8,31.3,9.0,4.2,95.8,959.0,46.4,18.3,750,92.1,7.9,5309.0,32.2,28.7,7.2,68.2,11.8,18.0,0.3,34.9,18.9,44.8,0.0,Majority Hispanic,Q1 (Lowest),Hispanic-Majority,True,False,True,False
12086011409,Census Tract 114.09; Miami-Dade County; Florida,49.2,5.2,90.8,0.0,0.0,6.4,34.1,52152.0,82478.0,28337.0,4.6,2.2,4.8,11.5,11.0,23.1,12.1,25.7,1.2,3.7,11.1,20.5,22.4,0.8,59.4,31.8,8.0,47.9,52.1,1777.0,3.7,59.5,2036,93.2,6.8,5679.0,36.7,24.1,9.7,67.8,13.5,16.6,0.0,31.1,19.7,31.5,1.0,Majority Hispanic,Q2,Hispanic-Majority,False,False,False,False
12086011410,Census Tract 114.10; Miami-Dade County; Florida,74.5,4.5,78.9,0.7,0.0,8.5,35.7,91557.0,102388.0,36848.0,2.0,3.5,0.6,3.2,2.9,13.5,34.8,27.2,8.3,4.0,5.0,2.6,21.4,4.6,36.3,41.9,17.1,46.5,53.5,2002.0,17.0,14.8,1673,84.7,15.3,4027.0,33.3,28.8,5.0,53.3,22.1,20.6,1.6,34.9,22.0,34.1,1.7,Mixed,Q4,Mixed,False,False,False,False
12086011411,Census Tract 114.11; Miami-Dade County; Florida,57.8,1.4,68.6,0.0,0.0,18.9,29.8,69395.0,94864.0,31877.0,0.9,4.1,0.0,5.4,5.0,37.6,14.5,4.3,26.7,1.5,3.9,4.5,2.4,0.0,21.3,57.4,21.3,74.4,25.6,2695.0,0.0,78.6,824,95.1,4.9,2494.0,38.1,28.7,12.1,74.3,10.3,13.6,0.0,31.6,13.6,51.5,0.0,Majority Hispanic,Q3,Hispanic-Majority,False,False,False,False
12086011412,Census Tract 114.12; Miami-Dade County; Florida,75.8,0.0,85.2,0.0,0.0,0.5,50.1,62441.0,71832.0,25553.0,2.9,6.8,2.8,2.0,5.1,43.1,25.5,6.8,2.7,2.4,14.1,29.7,8.2,0.7,32.8,58.3,8.1,36.2,63.8,1787.0,7.5,58.4,2924,96.2,3.8,8028.0,35.0,29.1,2.2,63.5,7.7,17.6,0.5,36.2,21.7,32.8,0.5,Majority Hispanic,Q3,Hispanic-Majority,False,False,False,False
12086011500,Census Tract 115; Miami-Dade County; Florida,61.9,0.5,73.2,0.7,0.7,18.6,44.1,107073.0,114305.0,40008.0,6.5,0.0,8.5,2.8,1.7,4.1,7.8,48.7,9.1,10.8,8.5,9.3,11.7,0.8,17.8,39.4,42.0,84.1,15.9,2623.0,9.6,63.8,2115,89.6,10.4,5491.0,40.5,21.9,15.1,72.7,16.6,5.7,3.9,44.0,5.7,35.3,0.0,Majority Hispanic,Q5 (Highest),Hispanic-Majority,False,False,False,False
12086011601,Census Tract 116.01; Miami-Dade County; Florida,59.9,14.4,74.0,0.6,0.8,12.1,32.0,92222.0,94667.0,30571.0,7.6,1.0,3.2,9.1,7.9,15.2,14.0,22.3,13.8,5.9,15.3,19.6,20.4,5.2,46.0,33.8,14.9,71.1,28.9,1822.0,4.7,37.4,1191,97.7,2.3,3693.0,41.2,24.6,18.2,82.6,10.3,6.1,1.8,24.5,7.1,57.4,0.0,Majority Hispanic,Q4,Hispanic-Majority,False,False,False,False
12086011602,Census Tract 116.02; Miami-Dade County; Florida,81.1,2.7,76.0,2.4,0.0,6.5,31.9,97292.0,103382.0,36870.0,2.1,0.0,3.9,1.5,15.6,15.2,13.4,19.8,25.6,2.9,1.8,16.6,13.9,2.1,39.9,40.4,17.6,30.1,69.9,2135.0,4.8,39.6,1585,94.8,5.2,4343.0,37.6,24.6,6.1,82.3,3.1,12.9,0.0,18.2,13.4,49.7,0.6,Majority Hispanic,Q4,Hispanic-Majority,False,False,False,False
12086011701,Census Tract 117.01; Miami-Dade County; Florida,63.0,1.0,83.5,2.0,0.0,7.7,81.6,84428.0,102641.0,34106.0,0.0,0.0,4.2,2.3,12.0,7.0,33.4,21.2,16.4,3.5,3.3,11.0,21.3,1.0,5.0,62.8,31.2,100.0,0.0,,,,622,96.3,3.7,1946.0,53.5,9.7,23.6,79.9,7.5,7.2,0.4,27.6,7.2,44.6,5.0,Majority Hispanic,Q4,Hispanic-Majority,False,False,False,False
12086011702,Census Tract 117.02; Miami-Dade County; Florida,61.8,3.7,76.5,0.7,4.8,6.5,30.3,50882.0,57142.0,24821.0,9.9,3.7,10.9,9.4,13.8,25.5,14.1,9.4,1.7,1.3,12.6,29.9,13.3,17.7,35.8,37.2,9.3,21.9,78.1,1608.0,12.7,57.2,1861,95.7,4.3,4313.0,42.5,18.2,17.3,87.6,3.1,7.6,0.7,24.8,7.6,49.1,1.0,Majority Hispanic,Q2,Hispanic-Majority,False,True,True,False
12086011800,Census Tract 118; Miami-Dade County; Florida,59.7,2.2,85.6,0.9,2.5,4.6,34.2,83372.0,104592.0,30335.0,0.0,0.0,7.9,9.6,1.6,14.8,18.7,22.5,15.8,9.1,6.3,31.2,19.0,0.0,14.3,46.3,39.5,87.8,12.2,2256.0,9.0,35.1,1118,97.9,2.1,3782.0,44.1,16.0,20.2,81.1,4.7,10.8,2.7,37.1,12.2,41.8,0.6,Majority Hispanic,Q4,Hispanic-Majority,False,False,False,False
12086011900,Census Tract 119; Miami-Dade County; Florida,65.2,6.7,73.8,0.0,1.2,13.4,31.9,82937.0,118207.0,39456.0,2.6,3.3,4.0,5.7,8.3,18.1,12.8,17.6,15.3,12.3,14.8,14.0,14.9,2.6,20.2,39.4,37.8,76.6,23.4,2079.0,2.0,58.4,2088,93.3,6.7,5847.0,43.5,20.1,15.1,83.0,7.4,7.8,2.2,29.5,7.8,52.5,0.2,Majority Hispanic,Q4,Hispanic-Majority,False,False,False,False
12086012001,Census Tract 120.01; Miami-Dade County; Florida,63.2,7.8,79.8,0.0,0.0,13.3,35.8,47250.0,67619.0,26760.0,6.3,6.9,7.4,15.4,14.2,18.3,12.9,11.7,0.0,7.1,28.0,24.8,16.3,2.7,46.4,43.1,7.8,5.4,94.6,1828.0,6.4,64.0,1403,90.9,9.1,3299.0,32.5,19.0,5.5,75.0,4.1,17.3,0.0,18.3,17.3,44.5,1.6,Majority Hispanic,Q1 (Lowest),Hispanic-Majority,True,False,True,False
12086012002,Census Tract 120.02; Miami-Dade County; Florida,61.7,1.4,79.7,3.4,0.0,7.1,34.5,45542.0,54819.0,23140.0,0.0,3.5,10.2,22.9,18.6,19.4,16.5,7.3,1.6,0.0,15.6,37.8,9.7,7.7,56.7,32.8,2.8,16.3,83.7,1656.0,7.5,61.9,2528,89.1,10.9,5390.0,40.4,17.5,9.1,87.7,6.0,5.4,1.0,31.0,8.3,33.2,0.0,Majority Hispanic,Q1 (Lowest),Hispanic-Majority,False,False,True,False
12086012101,Census Tract 121.01; Miami-Dade County; Florida,81.2,2.4,80.6,0.0,0.0,5.5,28.9,73139.0,84527.0,36337.0,1.5,1.3,5.6,6.0,5.9,32.4,13.7,23.5,9.5,0.6,13.0,14.3,14.4,0.7,37.4,58.0,3.9,71.0,29.0,2205.0,19.6,48.5,1249,98.2,1.8,2887.0,42.2,15.7,9.4,97.0,2.7,0.1,0.0,22.1,0.1,66.6,0.0,Majority Hispanic,Q3,Hispanic-Majority,False,False,False,False
12086012102,Census Tract 121.02; Miami-Dade County; Florida,76.2,2.0,78.2,0.9,0.0,5.5,31.4,76364.0,84474.0,32129.0,6.2,4.2,4.4,2.7,9.8,21.4,24.3,13.5,8.9,4.7,11.7,14.8,18.3,6.6,11.4,73.1,8.9,32.3,67.7,1784.0,16.4,33.1,1893,98.4,1.6,4938.0,39.0,20.0,8.4,87.6,4.5,1.1,0.0,35.2,1.9,51.7,3.4,Majority Hispanic,Q3,Hispanic-Majority,False,False,False,False
12086012103,Census Tract 121.03; Miami-Dade County; Florida,68.9,5.6,89.0,0.0,0.0,9.1,34.4,78667.0,88068.0,33380.0,5.8,0.0,4.0,11.8,2.8,20.6,29.6,10.6,0.0,14.8,13.7,11.3,12.9,0.0,36.3,51.2,12.5,36.6,63.4,1899.0,24.8,44.6,1307,95.6,4.4,3625.0,40.8,21.6,4.4,88.3,1.8,1.2,2.3,29.3,1.2,43.4,0.0,Majority Hispanic,Q4,Hispanic-Majority,False,False,False,False
12086012104,Census Tract 121.04; Miami-Dade County; Florida,63.3,10.5,75.4,0.0,0.0,21.8,33.9,46793.0,67047.0,23572.0,1.3,0.0,5.9,8.6,39.9,17.0,6.1,17.8,0.7,2.8,11.9,43.7,12.9,1.2,46.5,41.2,11.2,43.2,56.8,1818.0,2.3,72.5,607,100.0,0.0,2002.0,27.3,36.7,8.9,63.4,0.3,35.8,0.4,25.7,35.8,30.8,0.0,Majority Hispanic,Q1 (Lowest),Hispanic-Majority,False,False,True,False
12086012105,Census Tract 121.05; Miami-Dade County; Florida,63.3,6.0,81.6,0.0,0.0,9.4,31.2,73825.0,82435.0,24736.0,11.6,4.3,1.1,1.4,9.0,26.0,18.5,18.8,6.6,2.8,15.8,25.0,6.5,5.5,21.0,55.5,17.9,49.5,50.5,1950.0,23.7,55.6,937,100.0,0.0,3153.0,37.3,22.6,10.4,91.4,8.1,0.0,0.0,37.9,6.0,48.8,0.0,Majority Hispanic,Q3,Hispanic-Majority,False,False,False,False
12086012200,Census Tract 122; Miami-Dade County; Florida,61.3,2.8,73.2,0.7,0.1,10.6,30.5,97083.0,115036.0,33933.0,2.3,0.6,1.8,6.7,7.0,18.1,14.4,22.4,13.4,13.3,11.8,17.0,12.2,2.5,11.4,52.2,33.9,90.6,9.4,3205.0,45.5,38.5,1588,96.0,4.0,5291.0,42.4,21.4,21.9,88.7,11.0,0.0,1.4,45.0,0.0,43.9,0.0,Majority Hispanic,Q4,Hispanic-Majority,False,False,False,False
12086012301,Census Tract 123.01; Miami-Dade County; Florida,65.0,5.3,75.1,2.5,0.0,13.4,35.9,70675.0,105609.0,33439.0,1.7,3.5,4.1,9.5,2.1,35.2,4.8,9.3,10.0,19.7,7.8,15.2,9.2,3.2,10.1,52.4,34.3,71.9,28.1,2637.0,0.0,86.1,750,100.0,0.0,2446.0,48.2,19.3,17.8,84.1,6.8,6.1,2.7,38.3,9.9,35.2,0.8,Majority Hispanic,Q3,Hispanic-Majority,False,False,False,False
12086012302,Census Tract 123.02; Miami-Dade County; Florida,66.2,2.3,79.4,0.4,0.0,13.3,34.9,82841.0,92822.0,28866.0,3.0,8.1,1.3,8.7,5.9,15.4,16.4,26.0,8.5,6.7,11.3,28.3,4.1,5.4,15.1,42.9,36.6,82.6,17.4,2669.0,12.3,78.1,1313,100.0,0.0,4449.0,41.9,21.9,14.4,83.3,7.4,6.0,3.3,34.7,6.0,49.4,0.0,Majority Hispanic,Q4,Hispanic-Majority,False,False,False,False
12086012401,Census Tract 124.01; Miami-Dade County; Florida,62.0,7.9,82.0,0.0,0.8,3.7,27.9,90377.0,100925.0,26645.0,1.1,0.4,6.0,2.8,4.2,25.0,19.4,17.4,20.7,2.9,4.4,28.9,14.3,0.0,29.6,23.4,47.1,78.5,21.5,2637.0,0.0,76.9,1370,100.0,0.0,5244.0,40.8,23.6,14.5,91.1,5.6,0.3,2.0,47.4,1.9,44.3,0.0,Majority Hispanic,Q4,Hispanic-Majority,False,False,False,False
12086012402,Census Tract 124.02; Miami-Dade County; Florida,71.9,2.1,71.6,1.0,0.0,15.3,36.7,130625.0,148762.0,43142.0,0.0,1.0,1.9,7.2,1.4,5.1,20.3,23.0,14.6,25.5,1.2,11.9,2.5,2.0,10.6,43.0,44.4,96.0,4.0,1525.0,0.0,71.1,944,100.0,0.0,3293.0,41.9,23.3,10.4,82.8,6.7,0.0,6.1,36.3,1.1,44.0,5.1,Majority Hispanic,Q5 (Highest),Hispanic-Majority,False,False,False,False
12086012403,Census Tract 124.03; Miami-Dade County; Florida,70.6,6.5,68.7,0.6,0.0,16.9,38.3,150764.0,172797.0,54802.0,0.0,0.0,7.8,6.3,0.0,9.8,4.0,20.1,20.1,31.9,12.9,8.9,4.7,10.0,15.0,43.7,31.3,88.2,11.8,890.0,0.0,66.2,552,100.0,0.0,1741.0,48.0,21.1,14.8,87.0,9.1,3.9,0.0,38.1,4.8,54.7,0.0,Majority Hispanic,Q5 (Highest),Hispanic-Majority,False,False,False,False
12086012501,Census Tract 125.01; Miami-Dade County; Florida,56.2,2.0,66.4,0.0,0.0,22.5,26.9,99688.0,119963.0,39238.0,0.0,0.0,15.3,13.6,1.5,15.1,4.6,19.9,10.9,19.0,17.1,29.1,1.3,3.3,15.7,54.0,27.0,91.8,8.2,,0.0,100.0,522,100.0,0.0,1651.0,48.7,16.2,20.3,96.5,3.5,0.0,0.0,37.4,0.0,52.9,0.0,Majority Hispanic,Q5 (Highest),Hispanic-Majority,False,False,False,False
12086012502,Census Tract 125.02; Miami-Dade County; Florida,59.1,2.9,81.1,1.0,0.0,10.4,32.5,89402.0,102260.0,29597.0,2.0,0.8,3.2,5.7,10.6,16.7,15.0,30.6,8.0,7.4,16.8,38.3,12.1,2.0,11.6,52.1,34.3,83.4,16.6,2181.0,15.3,64.4,1237,100.0,0.0,4308.0,45.9,15.6,18.8,97.1,2.9,0.0,0.0,30.4,0.0,64.0,0.0,Majority Hispanic,Q4,Hispanic-Majority,False,False,False,False
12086012601,Census Tract 126.01; Miami-Dade County; Florida,70.6,1.8,84.9,0.0,0.0,7.5,32.3,61125.0,75414.0,24323.0,0.0,7.4,4.4,9.6,12.6,30.9,10.9,12.7,8.2,3.2,12.7,27.1,6.2,0.9,23.3,55.0,20.8,53.8,46.2,2153.0,12.2,57.9,1047,100.0,0.0,3303.0,38.7,23.1,12.3,98.4,1.4,0.0,0.3,33.1,0.2,63.2,0.0,Majority Hispanic,Q2,Hispanic-Majority,False,False,False,False
12086012602,Census Tract 126.02; Miami-Dade County; Florida,65.4,6.5,82.9,1.9,1.1,11.6,36.4,91532.0,109946.0,31391.0,0.7,0.0,10.2,4.0,10.0,13.9,22.2,21.9,3.9,13.2,9.9,41.5,12.5,3.4,15.0,49.2,32.4,64.6,35.4,2170.0,32.0,17.3,1057,98.6,1.4,3697.0,45.3,20.0,15.1,95.1,4.0,0.2,0.6,23.5,0.2,64.8,0.0,Majority Hispanic,Q4,Hispanic-Majority,False,False,False,False
12086012701,Census Tract 127.01; Miami-Dade County; Florida,74.3,1.0,69.0,0.4,0.0,18.1,40.4,129375.0,141220.0,43183.0,2.3,1.0,3.0,2.5,6.4,7.2,12.2,28.6,15.0,21.8,5.2,6.4,4.9,6.0,15.2,55.8,23.1,79.5,20.5,2929.0,11.0,58.3,4112,95.8,4.2,12936.0,34.7,25.1,9.4,88.3,4.8,1.0,5.3,28.5,1.6,56.9,1.2,Majority Hispanic,Q5 (Highest),Hispanic-Majority,False,False,False,False
12086012702,Census Tract 127.02; Miami-Dade County; Florida,63.6,1.3,72.4,0.0,0.0,16.6,32.0,159174.0,208031.0,67764.0,0.0,2.8,0.0,2.9,4.7,13.5,11.3,10.3,16.2,38.2,2.8,5.3,6.2,0.0,16.3,43.3,40.4,91.2,8.8,,0.0,55.3,1428,97.5,2.5,4370.0,48.9,20.4,19.2,89.0,3.3,5.2,2.7,34.5,5.2,52.2,0.0,Majority Hispanic,Q5 (Highest),Hispanic-Majority,False,False,False,False
12086012801,Census Tract 128.01; Miami-Dade County; Florida,54.9,3.7,88.1,0.0,0.0,9.6,29.6,93796.0,111668.0,36732.0,6.6,2.1,0.0,7.3,8.2,8.6,19.1,19.4,16.4,12.3,5.2,18.9,10.0,0.0,28.4,35.5,36.1,94.2,5.8,,0.0,0.0,1405,98.1,1.9,4189.0,46.8,20.7,18.1,95.4,3.5,0.6,3.2,40.2,0.6,40.3,0.0,Majority Hispanic,Q4,Hispanic-Majority,False,False,False,False
12086012802,Census Tract 128.02; Miami-Dade County; Florida,68.4,1.5,71.4,3.6,0.0,14.0,31.7,102734.0,127524.0,48399.0,2.4,0.9,1.2,7.9,7.4,9.1,20.7,25.2,14.1,11.2,2.3,5.2,5.9,0.6,32.2,50.6,16.6,62.3,37.7,2627.0,24.1,42.0,1268,100.0,0.0,3368.0,42.4,24.9,16.3,87.9,8.3,2.5,0.0,42.6,2.5,44.7,0.0,Majority Hispanic,Q5 (Highest),Hispanic-Majority,False,False,False,False
12086012900,Census Tract 129; Miami-Dade County; Florida,68.3,2.8,79.4,0.0,1.3,11.7,26.3,63182.0,68181.0,25764.0,2.6,4.5,9.4,16.7,8.3,20.7,16.3,14.3,6.1,1.0,14.7,37.6,15.6,0.8,32.2,41.6,25.5,51.1,48.9,1914.0,13.6,46.6,1661,95.5,4.5,4219.0,45.0,15.2,15.4,96.6,2.9,0.0,0.0,36.8,0.0,56.5,0.5,Majority Hispanic,Q3,Hispanic-Majority,False,False,False,False
12086013000,Census Tract 130; Miami-Dade County; Florida,61.6,3.6,81.5,0.0,0.3,9.2,27.1,76644.0,90278.0,30142.0,5.1,1.8,11.7,5.3,14.3,9.3,20.7,16.2,11.2,4.4,18.4,38.1,9.7,3.9,31.0,36.1,29.1,69.7,30.3,1903.0,7.8,56.7,1438,99.0,1.0,4360.0,47.5,14.9,19.8,96.6,1.7,0.3,1.4,34.2,0.3,54.4,0.0,Majority Hispanic,Q3,Hispanic-Majority,False,False,False,False
12086013100,Census Tract 131; Miami-Dade County; Florida,66.4,3.8,74.9,0.3,1.0,10.8,28.8,57996.0,71102.0,25808.0,4.7,2.1,8.0,10.2,22.3,14.9,11.2,19.3,5.5,1.9,17.3,38.0,11.6,3.4,29.2,50.9,16.5,44.5,55.5,1821.0,9.0,55.1,1822,98.8,1.2,5076.0,44.9,17.6,16.1,97.4,1.5,0.2,0.0,33.8,0.5,48.7,0.4,Majority Hispanic,Q2,Hispanic-Majority,False,False,False,False
12086013201,Census Tract 132.01; Miami-Dade County; Florida,67.6,2.0,90.8,0.0,0.0,3.4,33.8,100554.0,99080.0,35136.0,1.0,4.9,5.5,4.8,7.3,10.0,13.7,41.2,8.0,3.5,6.9,24.0,11.6,2.8,28.9,28.2,40.1,73.9,26.1,1844.0,5.4,8.6,716,99.0,1.0,2128.0,50.2,11.6,23.3,96.6,1.8,0.2,0.0,28.4,0.2,68.6,0.0,Majority Hispanic,Q5 (Highest),Hispanic-Majority,False,False,False,False
12086013202,Census Tract 132.02; Miami-Dade County; Florida,64.1,5.3,86.4,0.2,0.0,8.4,32.0,103333.0,108078.0,30806.0,1.4,4.2,4.8,1.8,12.2,10.9,13.9,28.8,9.9,12.3,8.0,29.3,13.5,3.2,10.9,41.9,44.1,81.8,18.2,2042.0,0.0,43.5,1023,98.9,1.1,3566.0,48.8,14.0,17.6,98.1,1.9,0.0,0.0,38.4,0.1,54.1,0.0,Majority Hispanic,Q5 (Highest),Hispanic-Majority,False,False,False,False
12086013301,Census Tract 133.01; Miami-Dade County; Florida,68.2,4.1,75.4,0.8,0.0,18.7,32.3,67217.0,78255.0,29048.0,2.5,2.7,7.6,4.6,6.0,38.0,13.9,16.6,3.8,4.3,14.4,25.5,7.2,2.6,34.1,36.5,26.8,68.6,31.4,1862.0,17.7,60.9,956,97.6,2.4,2786.0,52.0,13.4,17.8,98.3,1.5,0.1,0.5,26.5,0.4,63.4,0.0,Majority Hispanic,Q3,Hispanic-Majority,False,False,False,False
12086013302,Census Tract 133.02; Miami-Dade County; Florida,66.7,3.2,76.3,0.0,0.7,5.8,24.1,59781.0,74439.0,23411.0,5.9,5.7,3.5,5.6,18.6,17.9,15.6,19.4,4.6,3.3,15.6,34.6,13.8,4.1,24.6,59.2,12.1,38.2,61.8,1843.0,7.5,55.2,1059,100.0,0.0,3459.0,38.3,29.1,12.8,94.8,5.2,0.0,0.0,35.8,0.0,44.0,0.0,Majority Hispanic,Q2,Hispanic-Majority,False,False,False,False
12086013400,Census Tract 134; Miami-Dade County; Florida,55.2,8.6,77.8,1.8,0.0,11.1,31.4,39516.0,63621.0,22735.0,8.2,7.3,12.1,17.3,14.2,8.5,7.1,19.0,5.2,1.2,21.1,42.9,14.4,6.0,40.3,33.6,20.1,63.9,36.1,1837.0,5.2,56.2,1748,96.0,4.0,4967.0,43.1,22.1,18.6,92.8,6.5,0.0,0.7,32.8,1.2,57.2,0.0,Majority Hispanic,Q1 (Lowest),Hispanic-Majority,True,False,True,False
12086013500,Census Tract 135; Miami-Dade County; Florida,53.7,4.6,67.2,1.3,0.3,11.5,30.3,50667.0,62913.0,19668.0,15.1,4.4,6.2,11.4,12.3,22.6,12.9,4.9,7.7,2.6,24.5,51.7,16.2,10.2,39.5,44.5,5.8,25.8,74.2,1701.0,5.7,50.9,1837,94.6,5.4,5658.0,42.9,18.7,13.4,95.5,3.0,0.3,1.2,38.8,1.1,41.6,0.0,Majority Hispanic,Q2,Hispanic-Majority,True,False,True,False
12086013600,Census Tract 136; Miami-Dade County; Florida,66.8,5.6,64.7,1.2,0.8,15.5,28.5,52900.0,64133.0,23421.0,0.8,7.3,12.4,14.5,14.8,16.6,20.5,9.4,1.8,1.9,11.7,46.0,16.8,9.1,33.0,36.8,21.1,36.8,63.2,1691.0,9.9,51.8,2072,96.7,3.3,5710.0,41.9,18.5,14.2,95.8,1.6,0.0,2.8,25.7,0.0,62.8,0.0,Majority Hispanic,Q2,Hispanic-Majority,False,False,False,False
12086013700,Census Tract 137; Miami-Dade County; Florida,57.1,4.9,71.4,0.0,1.8,11.4,27.4,41772.0,49635.0,19034.0,2.6,10.0,14.2,15.9,13.4,23.9,11.5,5.9,2.4,0.0,16.6,43.8,15.0,9.3,38.2,44.8,7.6,41.8,58.2,1664.0,7.1,67.8,2277,98.3,1.7,6220.0,39.1,19.7,18.6,96.8,2.7,0.2,0.0,30.5,0.7,57.5,0.0,Majority Hispanic,Q1 (Lowest),Hispanic-Majority,False,False,True,False
12086013801,Census Tract 138.01; Miami-Dade County; Florida,63.1,5.2,76.9,0.0,2.1,3.0,30.8,65192.0,59983.0,21837.0,5.1,6.3,14.4,10.2,6.4,20.8,21.6,14.5,0.0,0.7,12.0,32.2,13.3,4.5,30.2,46.0,19.3,63.9,36.1,2002.0,0.0,57.7,712,93.8,6.2,1839.0,45.0,10.4,11.9,95.4,3.4,0.9,0.9,29.6,1.3,53.9,0.0,Majority Hispanic,Q3,Hispanic-Majority,False,False,False,False
12086013802,Census Tract 138.02; Miami-Dade County; Florida,45.7,3.6,65.5,2.5,2.9,10.0,26.3,29088.0,105142.0,39366.0,5.0,7.7,18.3,27.7,5.5,15.2,8.8,1.1,2.5,8.5,22.1,68.3,22.0,8.5,63.3,27.4,0.8,18.8,81.3,1507.0,7.4,52.7,1717,98.8,1.2,4574.0,44.7,21.4,19.4,100.0,0.0,0.0,0.0,28.8,0.3,69.3,0.0,Majority Hispanic,Q1 (Lowest),Hispanic-Majority,True,False,True,False
12086013900,Census Tract 139; Miami-Dade County; Florida,66.5,3.2,80.6,2.1,0.4,7.4,32.2,60964.0,75567.0,25354.0,0.4,5.6,3.3,10.6,16.7,26.3,20.7,6.1,5.9,4.4,10.9,18.8,16.3,0.6,21.7,61.0,16.7,66.5,33.5,2120.0,20.4,61.0,1419,99.9,0.1,4262.0,48.1,19.0,17.5,94.2,5.6,0.2,0.0,33.9,0.2,57.4,0.0,Majority Hispanic,Q2,Hispanic-Majority,False,False,False,False
12086014100,Census Tract 141; Miami-Dade County; Florida,2.1,0.0,64.7,0.0,0.0,0.0,-999999999.0,,51929.0,3502.0,0.0,0.0,21.4,0.0,57.1,0.0,0.0,21.4,0.0,0.0,37.5,0.0,0.0,0.0,57.1,0.0,42.9,42.9,57.1,,,,28,100.0,0.0,1889.0,39.0,0.0,12.2,39.9,23.3,34.9,1.2,31.3,39.0,22.6,0.0,Mixed,,Mixed,True,False,False,False
12086014200,Census Tract 142; Miami-Dade County; Florida,60.2,1.5,87.2,1.6,0.2,4.9,30.9,120234.0,134671.0,45039.0,0.5,1.9,0.9,5.5,11.3,12.3,8.9,20.6,14.0,24.3,2.1,19.7,8.2,0.7,21.3,43.4,34.7,91.4,8.6,2798.0,0.0,19.1,1483,100.0,0.0,4373.0,50.1,14.5,22.4,93.5,6.2,0.3,0.0,38.1,0.3,55.0,0.0,Majority Hispanic,Q5 (Highest),Hispanic-Majority,False,False,False,False
12086014300,Census Tract 143; Miami-Dade County; Florida,61.6,4.7,74.2,0.2,0.0,14.8,35.6,106944.0,115865.0,39914.0,11.4,1.3,9.7,1.2,3.4,10.9,8.1,24.9,14.8,14.2,11.5,10.8,8.9,2.5,28.4,37.9,31.2,90.1,9.9,2660.0,0.0,66.1,1160,97.9,2.1,3343.0,48.1,12.3,20.0,90.5,6.3,0.4,0.1,44.3,0.5,49.3,1.0,Majority Hispanic,Q5 (Highest),Hispanic-Majority,False,False,False,False
12086014400,Census Tract 144; Miami-Dade County; Florida,68.4,3.1,79.1,2.3,0.1,10.2,31.7,74155.0,98675.0,31780.0,1.8,0.9,18.8,2.0,7.2,20.1,13.4,15.6,7.8,12.3,16.5,9.9,18.3,0.9,28.3,45.6,25.1,64.7,35.3,2219.0,4.5,83.1,1528,96.8,3.2,4695.0,39.6,18.8,13.7,93.0,4.0,1.1,1.2,30.8,2.1,61.9,0.0,Majority Hispanic,Q3,Hispanic-Majority,False,False,False,False
12086014500,Census Tract 145; Miami-Dade County; Florida,64.1,1.1,77.0,0.0,0.0,9.2,31.7,102738.0,145984.0,46530.0,2.5,2.7,3.5,4.1,5.3,13.8,17.9,18.9,11.3,20.1,6.3,16.7,7.0,2.8,18.2,44.3,34.6,90.3,9.7,1947.0,4.7,50.4,1369,95.4,4.6,4291.0,48.2,14.9,25.5,86.9,8.7,0.1,2.9,45.7,0.1,49.2,0.0,Majority Hispanic,Q5 (Highest),Hispanic-Majority,False,False,False,False
12086014601,Census Tract 146.01; Miami-Dade County; Florida,61.6,0.0,85.0,1.2,0.6,1.9,24.6,45244.0,50194.0,24541.0,14.1,4.6,20.3,4.3,13.1,11.3,26.8,3.9,0.6,1.2,24.7,24.9,15.7,7.2,59.4,24.1,9.4,37.2,62.8,1705.0,6.3,61.4,1407,90.3,9.7,2824.0,43.3,17.6,23.7,93.8,4.1,2.1,0.0,40.2,2.1,45.4,0.0,Majority Hispanic,Q1 (Lowest),Hispanic-Majority,True,False,True,False
12086014602,Census Tract 146.02; Miami-Dade County; Florida,61.7,1.1,61.1,0.7,0.0,12.9,38.1,51288.0,87826.0,37261.0,3.2,2.3,2.8,9.2,26.7,14.1,9.9,18.2,4.3,9.3,5.2,15.2,7.0,3.4,52.5,31.1,13.0,54.9,45.1,2161.0,3.1,79.1,1510,97.4,2.6,3774.0,48.8,12.8,26.7,95.0,4.1,0.1,0.8,37.7,0.1,57.8,0.0,Majority Hispanic,Q2,Hispanic-Majority,False,False,False,False
12086014701,Census Tract 147.01; Miami-Dade County; Florida,68.6,0.0,75.8,0.7,0.0,4.2,33.7,44821.0,60001.0,26414.0,2.8,29.5,1.8,3.6,12.4,12.8,6.4,28.8,1.9,0.0,28.0,20.2,3.5,24.2,41.8,21.5,12.5,40.2,59.8,1758.0,12.5,72.5,894,93.2,6.8,1929.0,40.0,20.4,18.4,93.8,4.7,1.5,0.0,28.0,1.5,57.8,0.0,Majority Hispanic,Q1 (Lowest),Hispanic-Majority,True,True,True,True
12086014702,Census Tract 147.02; Miami-Dade County; Florida,69.2,4.2,85.9,0.0,0.0,8.3,32.8,85156.0,105846.0,38451.0,2.1,8.7,1.9,7.2,10.9,13.4,14.1,17.3,13.0,11.5,10.8,13.1,7.1,0.0,23.2,55.7,21.1,65.4,34.6,1853.0,0.0,51.2,1528,93.9,6.1,4000.0,50.3,13.7,19.4,95.4,3.3,0.0,0.0,45.3,0.0,52.0,0.0,Majority Hispanic,Q4,Hispanic-Majority,False,False,False,False
12086014800,Census Tract 148; Miami-Dade County; Florida,57.2,9.0,89.4,2.1,0.0,5.4,31.9,51277.0,63334.0,22970.0,13.7,13.1,6.4,7.8,7.7,14.4,15.6,13.1,4.3,4.0,26.9,46.9,12.7,5.9,21.9,40.7,31.4,52.8,47.2,1523.0,7.5,57.6,1950,95.9,4.1,5366.0,47.1,13.1,22.9,92.4,7.5,0.0,0.0,43.8,0.0,49.5,0.0,Majority Hispanic,Q2,Hispanic-Majority,True,False,False,False
12086014900,Census Tract 149; Miami-Dade County; Florida,58.3,4.5,76.0,1.0,1.3,12.4,34.1,93750.0,98463.0,31264.0,1.1,2.9,8.6,7.7,7.6,11.6,19.0,19.6,12.9,8.8,9.5,24.8,11.5,1.5,28.4,29.5,40.6,75.6,24.4,2487.0,5.3,65.9,1735,99.3,0.7,5517.0,46.9,16.3,26.6,93.8,5.1,0.2,1.1,44.7,0.2,50.0,0.0,Majority Hispanic,Q4,Hispanic-Majority,False,False,False,False
12086015001,Census Tract 150.01; Miami-Dade County; Florida,63.1,1.2,80.9,0.9,0.6,6.6,38.0,74152.0,101597.0,36311.0,2.7,1.9,10.9,3.0,15.2,18.2,9.3,22.1,9.5,7.3,5.4,20.9,8.2,4.9,18.8,47.7,28.6,87.8,12.2,2300.0,0.0,86.9,1523,100.0,0.0,4745.0,55.2,11.3,31.1,95.5,4.2,0.1,0.0,48.2,0.4,48.3,0.0,Majority Hispanic,Q3,Hispanic-Majority,False,False,False,False
12086015002,Census Tract 150.02; Miami-Dade County; Florida,65.3,5.4,75.8,0.0,0.0,17.5,29.6,101978.0,149925.0,40518.0,0.8,1.2,5.8,5.9,6.4,11.0,12.5,19.1,9.5,27.6,12.6,19.2,5.0,1.1,14.8,37.0,47.1,76.6,23.4,3066.0,0.0,71.1,1351,96.2,3.8,4893.0,42.6,20.9,18.0,91.0,3.7,0.3,3.7,40.1,0.3,48.8,1.3,Majority Hispanic,Q5 (Highest),Hispanic-Majority,False,False,False,False
12086015101,Census Tract 151.01; Miami-Dade County; Florida,65.0,1.2,81.3,1.0,2.2,9.1,39.5,106294.0,131380.0,43596.0,14.8,1.4,0.0,0.0,6.9,12.2,10.0,25.9,11.6,17.2,6.8,5.8,9.0,0.9,36.6,33.7,28.9,65.3,34.7,2855.0,4.6,95.4,1381,100.0,0.0,4366.0,42.8,20.1,10.2,90.4,8.7,0.0,1.5,55.6,0.8,35.7,0.0,Majority Hispanic,Q5 (Highest),Hispanic-Majority,False,False,False,False
12086015102,Census Tract 151.02; Miami-Dade County; Florida,64.9,3.9,70.5,0.1,0.0,15.9,34.9,112765.0,128567.0,41035.0,0.0,0.0,4.0,0.8,5.4,1.4,30.2,25.9,20.8,11.5,4.1,28.8,3.3,0.0,31.7,32.1,36.2,89.2,10.8,2333.0,14.1,0.0,873,100.0,0.0,2813.0,43.2,21.1,21.7,91.0,7.3,0.0,2.4,60.4,0.0,31.1,0.0,Majority Hispanic,Q5 (Highest),Hispanic-Majority,False,False,False,False
12086015103,Census Tract 151.03; Miami-Dade County; Florida,59.6,0.0,75.5,0.0,0.6,14.5,30.3,164762.0,174117.0,46828.0,8.3,0.0,0.0,0.0,0.0,19.6,7.0,13.1,13.1,39.0,14.3,12.6,3.8,1.9,6.6,47.1,44.4,67.5,32.5,3171.0,7.2,5.9,978,93.9,6.1,3556.0,43.3,22.7,10.1,81.1,11.6,0.0,14.7,30.6,0.0,58.5,0.0,Majority Hispanic,Q5 (Highest),Hispanic-Majority,False,False,False,False
12086015201,Census Tract 152.01; Miami-Dade County; Florida,71.9,1.9,69.6,0.3,0.0,10.8,37.6,109917.0,120491.0,38606.0,1.3,0.0,6.0,0.8,8.9,10.9,15.6,36.8,6.5,13.1,3.9,13.5,3.1,0.0,25.1,39.3,35.6,62.5,37.5,2686.0,13.1,21.6,969,100.0,0.0,3028.0,41.4,24.1,14.4,81.8,12.5,1.2,4.5,37.6,2.1,44.8,0.0,Majority Hispanic,Q5 (Highest),Hispanic-Majority,False,False,False,False
12086015202,Census Tract 152.02; Miami-Dade County; Florida,57.5,2.5,82.6,0.0,0.0,8.0,43.2,83802.0,102778.0,30293.0,1.6,6.3,4.6,10.1,5.6,10.3,20.7,10.5,20.0,10.4,10.4,28.0,13.1,1.9,29.4,50.2,18.5,67.4,32.6,1916.0,4.0,52.4,1223,100.0,0.0,4068.0,38.5,27.7,16.1,80.3,19.1,0.1,0.3,55.0,1.3,34.8,0.0,Majority Hispanic,Q4,Hispanic-Majority,False,False,False,False
12086015300,Census Tract 153; Miami-Dade County; Florida,61.6,4.3,77.5,0.5,0.0,16.7,36.6,111689.0,128207.0,41678.0,7.0,0.0,1.5,3.4,7.6,10.4,14.7,30.9,7.1,17.5,8.7,12.4,4.8,2.0,15.8,48.8,33.5,85.2,14.8,2772.0,11.5,59.7,1959,99.1,0.9,6353.0,42.8,20.1,17.1,97.3,2.6,0.0,0.0,44.4,0.0,45.0,0.0,Majority Hispanic,Q5 (Highest),Hispanic-Majority,False,False,False,False
12086015400,Census Tract 154; Miami-Dade County; Florida,59.2,3.4,84.2,0.0,0.0,8.0,39.4,100909.0,146712.0,48043.0,1.1,2.3,1.9,11.6,4.2,15.3,12.9,17.7,15.3,17.7,8.1,19.7,8.6,3.7,15.5,47.8,33.1,93.8,6.2,2429.0,19.1,54.5,1827,96.9,3.1,5655.0,46.2,17.0,21.1,91.8,8.2,0.0,0.0,46.9,0.0,49.4,0.0,Majority Hispanic,Q5 (Highest),Hispanic-Majority,False,False,False,False
12086015501,Census Tract 155.01; Miami-Dade County; Florida,51.6,5.8,85.9,0.0,0.0,3.1,27.4,62639.0,80995.0,30540.0,2.5,5.3,11.8,5.3,21.3,15.2,12.3,17.1,3.2,5.9,12.5,18.6,7.5,9.5,34.4,27.3,28.9,95.4,4.6,,0.0,100.0,984,98.8,1.2,2635.0,50.8,17.7,31.1,91.6,8.4,0.0,0.0,40.6,0.3,53.7,0.0,Majority Hispanic,Q3,Hispanic-Majority,False,False,False,False
12086015502,Census Tract 155.02; Miami-Dade County; Florida,57.9,3.5,84.5,1.8,1.2,9.0,28.9,79125.0,96944.0,32924.0,3.2,0.0,5.6,7.6,15.0,16.5,9.9,26.5,7.3,8.3,6.7,17.0,2.6,5.9,16.8,37.6,39.6,83.7,16.3,2609.0,0.0,83.2,968,95.8,4.2,2799.0,51.3,10.5,25.2,89.0,10.8,0.0,0.8,53.1,0.0,42.9,0.0,Majority Hispanic,Q4,Hispanic-Majority,False,False,False,False
12086015600,Census Tract 156; Miami-Dade County; Florida,65.1,6.0,69.0,2.1,0.0,21.7,35.9,91420.0,125822.0,44749.0,1.5,0.0,3.1,1.5,10.3,11.7,28.0,16.9,16.9,10.2,5.3,14.9,7.6,1.9,22.3,62.3,13.5,74.0,26.0,2192.0,5.1,32.9,1706,96.5,3.5,4572.0,37.6,20.1,12.1,71.5,22.9,2.7,0.6,58.6,2.9,35.6,0.5,Majority Hispanic,Q4,Hispanic-Majority,False,False,False,False
12086015700,Census Tract 157; Miami-Dade County; Florida,58.9,1.9,82.6,0.7,1.0,6.1,26.0,153846.0,218495.0,69028.0,5.9,0.0,2.6,4.0,0.0,7.6,14.6,11.4,18.4,35.6,10.3,6.8,4.5,0.3,4.6,50.9,44.2,82.8,17.2,3501.0,11.5,81.6,728,90.4,9.6,2225.0,49.3,20.9,22.9,83.6,14.4,0.6,1.4,46.4,0.6,49.1,0.0,Majority Hispanic,Q5 (Highest),Hispanic-Majority,False,False,False,False
12086015800,Census Tract 158; Miami-Dade County; Florida,58.2,3.5,86.7,0.0,0.5,6.0,30.0,70208.0,81985.0,30667.0,3.5,1.6,3.3,5.8,11.6,27.1,17.9,22.2,6.1,1.0,3.6,16.1,7.8,0.6,28.7,44.1,26.6,79.6,20.4,2017.0,20.1,62.9,1665,95.9,4.1,4402.0,50.3,12.2,26.9,90.1,7.3,0.4,2.2,44.1,0.4,48.7,0.0,Majority Hispanic,Q3,Hispanic-Majority,False,False,False,False
12086015900,Census Tract 159; Miami-Dade County; Florida,52.8,4.2,82.8,0.0,0.5,9.7,27.4,92989.0,120441.0,42116.0,5.8,0.8,6.0,4.3,9.8,19.4,5.6,21.5,18.5,8.3,11.6,20.4,11.7,2.3,30.5,33.0,34.1,75.3,24.7,2162.0,56.9,19.5,1094,98.3,1.7,3198.0,54.3,13.6,24.2,91.8,8.2,0.0,0.0,41.3,0.0,56.6,0.0,Majority Hispanic,Q4,Hispanic-Majority,False,False,False,False
12086016000,Census Tract 160; Miami-Dade County; Florida,64.2,1.4,83.3,0.0,0.3,12.4,35.5,74013.0,90097.0,35777.0,2.0,4.2,5.9,13.7,7.8,17.3,11.1,24.4,8.3,5.2,9.8,18.0,7.3,0.9,34.3,43.9,20.9,80.9,19.1,2005.0,12.3,61.7,1679,96.2,3.8,4177.0,51.5,12.6,26.7,84.7,7.2,0.5,7.3,40.1,0.8,45.0,0.4,Majority Hispanic,Q3,Hispanic-Majority,False,False,False,False
12086016100,Census Tract 161; Miami-Dade County; Florida,63.0,2.6,57.4,0.0,0.3,21.7,39.0,91406.0,100731.0,34908.0,0.7,1.4,3.5,15.4,5.9,18.8,7.2,26.6,14.9,5.7,2.7,19.5,7.7,2.0,20.3,51.2,26.5,93.0,7.0,2961.0,31.8,45.8,1556,98.6,1.4,4483.0,51.4,14.8,26.0,89.6,8.2,0.3,1.6,55.1,0.3,38.3,0.2,Majority Hispanic,Q4,Hispanic-Majority,False,False,False,False
12086016200,Census Tract 162; Miami-Dade County; Florida,64.7,2.4,77.8,0.0,0.1,18.4,41.4,79848.0,104100.0,41037.0,1.5,3.2,8.5,4.0,4.4,20.7,13.9,24.6,6.4,12.8,3.7,13.6,6.4,6.7,27.7,53.9,11.8,89.2,10.8,2397.0,0.0,92.3,1190,97.8,2.2,3044.0,47.6,17.9,26.9,87.2,5.9,0.7,2.3,46.4,0.7,49.8,0.0,Majority Hispanic,Q4,Hispanic-Majority,False,False,False,False
12086016300,Census Tract 163; Miami-Dade County; Florida,55.1,5.2,72.9,0.7,0.0,14.4,38.3,96250.0,112728.0,34847.0,0.0,2.4,5.5,3.6,4.8,26.9,7.3,20.5,17.1,11.9,12.1,19.9,12.8,0.4,13.8,46.1,39.7,91.6,8.4,3329.0,10.4,40.9,1533,96.1,3.9,4577.0,47.2,19.1,23.9,84.5,10.9,4.0,1.0,47.4,4.0,38.1,0.0,Majority Hispanic,Q4,Hispanic-Majority,False,False,False,False
12086016401,Census Tract 164.01; Miami-Dade County; Florida,62.2,1.9,84.7,2.3,0.0,10.5,36.6,152222.0,143673.0,44262.0,3.1,3.0,0.8,0.0,4.4,8.6,8.6,19.8,35.9,15.7,7.3,9.9,1.6,0.0,18.3,46.4,35.4,85.2,14.8,2782.0,0.0,63.6,1484,100.0,0.0,4706.0,43.0,21.0,19.0,81.2,12.5,0.1,5.8,35.5,0.1,56.3,1.6,Majority Hispanic,Q5 (Highest),Hispanic-Majority,False,False,False,False
12086016402,Census Tract 164.02; Miami-Dade County; Florida,56.9,0.5,77.6,1.0,0.0,10.7,37.4,87390.0,107724.0,34915.0,5.2,5.2,1.2,11.5,7.9,11.5,8.8,22.9,14.8,10.6,10.6,14.5,9.8,2.2,18.9,53.1,25.8,93.0,7.0,3501.0,0.0,100.0,667,100.0,0.0,2083.0,46.3,22.7,16.9,84.9,7.7,0.2,6.3,40.8,0.2,52.3,0.0,Majority Hispanic,Q4,Hispanic-Majority,False,False,False,False
12086016501,Census Tract 165.01; Miami-Dade County; Florida,53.5,4.4,76.8,1.2,0.0,7.2,30.8,113542.0,135629.0,38898.0,7.3,0.0,3.4,11.4,0.1,5.5,9.8,24.7,15.2,22.5,25.8,19.7,14.0,6.7,4.4,51.3,37.6,82.9,17.1,2687.0,0.0,0.0,945,100.0,0.0,3384.0,45.8,11.2,16.2,81.6,11.0,0.5,6.0,32.7,0.5,52.6,0.0,Majority Hispanic,Q5 (Highest),Hispanic-Majority,True,False,False,False
12086016502,Census Tract 165.02; Miami-Dade County; Florida,67.8,1.7,94.3,0.0,0.7,0.7,41.8,126291.0,135815.0,41981.0,1.2,4.1,0.3,2.5,2.7,12.4,17.6,22.5,25.9,10.9,5.1,6.5,6.5,0.0,14.8,57.5,27.7,86.5,13.5,2582.0,0.0,50.2,1500,100.0,0.0,4984.0,40.5,23.2,8.5,82.3,6.1,5.0,3.2,42.6,7.0,42.0,0.0,Majority Hispanic,Q5 (Highest),Hispanic-Majority,False,False,False,False
12086016600,Census Tract 166; Miami-Dade County; Florida,67.3,1.7,76.6,1.3,0.0,9.8,33.3,71468.0,87514.0,36535.0,3.6,0.7,13.5,3.1,3.5,35.8,11.0,17.7,5.5,5.6,10.7,10.7,8.1,4.3,36.4,38.5,20.7,83.9,16.1,1827.0,0.0,34.0,1435,98.9,1.1,3460.0,50.0,11.8,21.6,93.5,3.9,1.0,1.6,32.5,1.3,61.1,0.0,Majority Hispanic,Q3,Hispanic-Majority,False,False,False,False
12086016700,Census Tract 167; Miami-Dade County; Florida,61.5,2.7,81.0,0.0,0.5,5.6,46.7,94330.0,98744.0,28912.0,2.6,2.0,2.4,4.4,12.2,15.8,12.1,27.8,17.5,3.2,8.5,15.6,12.7,0.0,19.5,50.3,30.2,72.5,27.5,2521.0,29.8,43.1,1404,97.5,2.5,4745.0,48.7,17.1,21.9,91.2,5.0,0.1,4.0,36.7,0.1,52.3,0.0,Majority Hispanic,Q4,Hispanic-Majority,False,False,False,False
12086016800,Census Tract 168; Miami-Dade County; Florida,57.3,3.5,71.9,0.0,0.0,11.3,34.7,62071.0,99727.0,33410.0,5.9,6.3,2.3,3.9,16.9,20.6,7.0,17.8,4.1,15.0,14.5,20.7,7.9,1.0,28.3,49.4,21.3,68.5,31.5,2127.0,6.1,65.1,1309,95.2,4.8,3847.0,45.5,14.1,21.0,93.6,5.6,0.0,1.1,30.4,0.5,67.4,0.0,Majority Hispanic,Q3,Hispanic-Majority,False,False,False,False
12086016900,Census Tract 169; Miami-Dade County; Florida,63.2,4.2,77.2,0.4,1.2,5.9,35.4,67261.0,70481.0,28538.0,3.3,6.1,5.6,10.6,13.3,23.5,17.8,13.1,4.7,2.0,10.2,24.1,8.7,2.9,47.7,36.0,13.4,63.3,36.7,1799.0,6.6,57.3,1894,97.4,2.6,4615.0,47.8,17.1,23.2,93.8,5.6,0.2,1.8,39.2,1.1,53.1,0.0,Majority Hispanic,Q3,Hispanic-Majority,False,False,False,False
12086017000,Census Tract 170; Miami-Dade County; Florida,58.3,6.2,91.0,1.4,0.0,1.2,31.4,59327.0,81282.0,32525.0,7.6,5.4,3.9,6.3,10.7,28.9,10.2,15.9,4.5,6.7,13.2,13.6,13.3,3.6,27.0,54.3,15.1,64.5,35.5,1994.0,8.6,56.2,1930,93.7,6.3,4668.0,49.1,16.3,22.5,92.2,5.7,1.7,1.6,29.3,2.2,64.0,0.0,Majority Hispanic,Q2,Hispanic-Majority,False,False,False,False
12086017101,Census Tract 171.01; Miami-Dade County; Florida,66.5,5.0,91.0,3.2,0.0,4.8,34.9,68158.0,76094.0,30797.0,5.1,0.0,12.5,0.9,13.8,26.0,17.9,15.9,3.6,4.3,12.8,13.9,7.8,1.3,44.4,37.7,16.6,62.8,37.2,1816.0,9.6,46.0,1502,98.7,1.3,3819.0,43.1,18.6,17.0,89.3,9.2,1.5,0.0,44.0,1.5,41.7,0.0,Majority Hispanic,Q3,Hispanic-Majority,False,False,False,False
12086017102,Census Tract 171.02; Miami-Dade County; Florida,62.2,2.5,84.4,0.0,0.0,9.8,30.0,101081.0,98186.0,35284.0,9.2,0.0,8.7,1.0,10.3,12.2,6.8,39.3,2.6,9.8,7.7,15.2,4.8,1.5,28.7,60.8,9.0,66.8,33.2,1740.0,9.4,43.4,930,97.8,2.2,2685.0,39.7,17.9,15.8,68.4,28.0,3.2,0.4,44.8,3.2,47.0,0.0,Majority Hispanic,Q5 (Highest),Hispanic-Majority,False,False,False,False
12086017200,Census Tract 172; Miami-Dade County; Florida,51.3,3.9,71.9,3.2,0.0,15.4,26.9,74615.0,96244.0,35051.0,24.4,1.2,3.0,3.4,3.1,15.4,13.8,9.2,11.4,15.0,12.7,11.6,5.2,4.1,32.7,34.3,28.9,79.5,20.5,3195.0,0.0,34.7,1316,100.0,0.0,3725.0,53.2,16.2,32.3,80.6,16.3,2.3,0.0,44.6,2.3,50.4,0.0,Majority Hispanic,Q3,Hispanic-Majority,False,False,False,False
12086017300,Census Tract 173; Miami-Dade County; Florida,60.2,2.7,79.8,1.2,0.6,7.2,26.9,43829.0,71524.0,28960.0,8.9,3.5,9.1,19.4,12.5,15.9,6.4,15.7,3.0,5.6,12.7,18.2,13.4,4.1,47.0,28.5,20.4,56.6,43.4,1808.0,1.9,65.5,1689,97.8,2.2,4253.0,49.3,14.6,22.5,77.1,11.0,2.8,9.4,28.1,3.1,53.7,1.2,Majority Hispanic,Q1 (Lowest),Hispanic-Majority,False,False,True,False
12086017401,Census Tract 174.01; Miami-Dade County; Florida,41.5,20.1,72.7,2.4,0.0,9.0,40.9,74444.0,120724.0,35581.0,3.2,7.5,1.1,3.6,16.8,18.2,1.6,21.4,8.9,17.7,3.6,8.0,6.0,1.1,28.2,35.7,35.0,98.9,1.1,,0.0,100.0,478,92.1,7.9,1540.0,44.1,20.0,15.9,68.8,30.1,0.4,0.0,61.8,0.4,34.0,0.0,Majority Hispanic,Q3,Hispanic-Majority,False,False,False,False
12086017402,Census Tract 174.02; Miami-Dade County; Florida,54.5,3.3,78.5,0.0,0.6,13.0,35.5,61824.0,71251.0,31663.0,4.0,14.7,8.7,6.0,10.8,16.6,17.4,14.1,3.2,4.5,19.1,24.2,7.7,0.0,52.2,37.3,10.5,60.6,39.4,1471.0,3.5,48.6,2045,97.2,2.8,4504.0,51.6,9.9,31.8,82.7,16.7,0.4,1.2,39.1,0.5,51.3,0.0,Majority Hispanic,Q3,Hispanic-Majority,False,False,False,False
12086017500,Census Tract 175; Miami-Dade County; Florida,62.3,1.0,84.3,0.0,0.0,10.9,34.4,50000.0,62497.0,26247.0,4.7,9.8,11.0,11.6,12.9,27.0,5.5,7.5,7.8,2.1,14.2,35.2,7.5,17.7,36.8,37.1,8.5,24.7,75.3,1378.0,7.4,58.7,1453,96.8,3.2,3677.0,41.3,20.2,23.7,93.3,5.0,1.7,0.0,32.0,4.9,57.8,0.0,Majority Hispanic,Q2,Hispanic-Majority,False,True,True,False
12086017600,Census Tract 176; Miami-Dade County; Florida,67.8,3.9,84.1,1.7,0.0,6.6,31.8,58870.0,75464.0,31465.0,1.1,6.2,10.6,9.1,16.1,18.6,13.0,14.7,4.4,6.3,10.3,20.2,12.0,2.6,37.8,48.5,11.0,33.3,66.7,1897.0,1.1,58.0,2683,95.8,4.2,6627.0,40.0,15.5,11.2,86.1,6.6,0.3,6.5,31.5,0.9,57.4,0.4,Majority Hispanic,Q2,Hispanic-Majority,False,False,False,False
12086017700,Census Tract 177; Miami-Dade County; Florida,61.4,1.8,83.7,3.6,3.0,5.6,33.4,54886.0,72518.0,26546.0,3.2,3.9,15.4,7.1,13.1,19.0,6.7,22.2,6.2,3.1,15.3,32.0,12.1,7.7,35.4,47.5,9.3,45.0,55.0,1538.0,12.4,48.1,1686,97.2,2.8,4626.0,45.6,11.1,15.2,92.0,7.4,0.6,0.0,35.2,0.8,56.9,0.0,Majority Hispanic,Q2,Hispanic-Majority,False,False,False,False
12086017800,Census Tract 178; Miami-Dade County; Florida,61.2,2.9,78.2,3.7,2.8,5.4,37.3,60377.0,68592.0,25385.0,3.5,5.7,17.6,4.8,11.9,21.1,14.4,12.6,3.5,4.8,22.5,33.2,17.5,4.1,46.2,40.6,9.1,25.9,74.1,1692.0,14.8,52.8,2299,93.6,6.4,5999.0,42.0,20.6,18.7,95.1,4.7,0.0,0.0,40.1,0.0,54.9,0.2,Majority Hispanic,Q2,Hispanic-Majority,True,False,False,False
12086017901,Census Tract 179.01; Miami-Dade County; Florida,66.0,1.1,79.9,1.2,1.4,10.6,40.2,116957.0,121363.0,37264.0,6.0,1.1,1.2,1.2,7.3,14.6,9.1,25.1,22.5,12.0,2.7,14.3,6.0,0.0,21.8,40.1,38.1,93.0,7.0,,0.0,0.0,1213,97.9,2.1,3946.0,42.7,20.3,12.0,86.6,8.7,0.9,0.1,53.3,1.1,32.7,1.7,Majority Hispanic,Q5 (Highest),Hispanic-Majority,False,False,False,False
12086017902,Census Tract 179.02; Miami-Dade County; Florida,67.7,5.9,77.7,0.0,0.0,11.2,32.4,120540.0,125280.0,40081.0,0.0,2.4,0.4,8.5,8.9,3.9,11.9,30.5,18.2,15.3,4.6,1.2,7.0,0.0,16.2,43.7,40.1,95.4,4.6,2165.0,17.5,74.6,1388,98.6,1.4,4453.0,48.9,14.3,19.0,76.0,11.6,0.2,11.2,30.3,1.8,49.1,0.6,Majority Hispanic,Q5 (Highest),Hispanic-Majority,False,False,False,False
12086018001,Census Tract 180.01; Miami-Dade County; Florida,69.5,0.0,88.0,0.0,0.0,6.5,36.7,125042.0,143440.0,50325.0,0.0,1.6,1.8,1.8,5.8,6.0,11.0,29.2,21.9,20.9,2.4,5.1,9.9,0.0,16.1,57.3,26.5,97.7,2.3,,0.0,38.5,565,100.0,0.0,1615.0,41.7,22.5,14.8,79.9,16.3,2.5,0.6,49.9,2.5,33.8,0.0,Majority Hispanic,Q5 (Highest),Hispanic-Majority,False,False,False,False
12086018002,Census Tract 180.02; Miami-Dade County; Florida,56.1,0.5,88.8,1.3,0.0,6.6,36.5,84722.0,124389.0,36187.0,5.1,1.6,1.4,2.9,4.2,29.8,6.7,18.1,15.0,15.2,10.1,7.0,10.3,0.0,11.8,55.0,33.2,80.3,19.7,2192.0,8.3,41.7,821,97.7,2.3,2734.0,43.2,20.5,17.9,85.2,8.1,4.1,2.6,22.5,4.1,65.0,0.0,Majority Hispanic,Q4,Hispanic-Majority,False,False,False,False
12086018003,Census Tract 180.03; Miami-Dade County; Florida,58.7,0.9,72.1,3.0,1.8,7.9,39.3,86795.0,97508.0,29639.0,6.2,0.0,4.8,13.5,3.2,18.4,14.5,24.9,4.5,10.0,19.6,9.7,12.0,1.7,37.1,42.5,18.7,44.7,55.3,2255.0,10.1,59.4,2598,96.9,3.1,8346.0,35.4,27.2,10.0,83.8,6.3,5.8,0.2,28.7,5.8,44.9,3.4,Majority Hispanic,Q4,Hispanic-Majority,False,False,False,False
12086018100,Census Tract 181; Miami-Dade County; Florida,57.2,2.4,74.0,1.8,0.7,5.9,42.8,54910.0,75913.0,29161.0,1.1,5.6,16.2,10.5,5.1,25.2,11.9,6.5,13.8,4.0,11.5,20.0,11.0,2.4,40.3,36.3,21.0,65.1,34.9,1847.0,1.6,74.8,1769,100.0,0.0,4655.0,46.7,15.7,20.3,85.3,10.8,0.5,4.5,38.2,0.8,48.2,0.0,Majority Hispanic,Q2,Hispanic-Majority,False,False,False,False
12086018200,Census Tract 182; Miami-Dade County; Florida,56.0,6.2,84.7,2.7,0.0,6.9,34.8,73375.0,90016.0,29686.0,6.4,1.5,1.2,2.1,15.2,25.3,14.2,19.6,8.1,6.6,9.7,22.4,14.2,2.9,35.1,41.3,20.7,59.5,40.5,1797.0,11.6,64.9,843,97.0,3.0,2577.0,44.1,21.4,17.9,89.0,5.2,3.6,1.7,41.6,3.6,39.0,0.0,Majority Hispanic,Q3,Hispanic-Majority,False,False,False,False
12086018300,Census Tract 183; Miami-Dade County; Florida,66.9,5.4,79.7,1.4,0.0,12.6,37.4,85570.0,107224.0,35891.0,3.8,0.1,2.5,9.9,7.7,20.0,13.9,23.5,9.6,9.0,4.1,10.2,11.1,2.4,24.5,45.5,27.7,69.2,30.8,2521.0,18.4,70.5,1424,98.2,1.8,4290.0,42.7,16.2,17.2,78.3,11.0,4.3,0.3,38.6,4.6,41.7,4.6,Majority Hispanic,Q4,Hispanic-Majority,False,False,False,False
12086018400,Census Tract 184; Miami-Dade County; Florida,63.9,3.4,77.2,1.9,0.0,5.8,36.8,62500.0,79100.0,34145.0,4.7,4.0,3.4,3.0,21.8,23.5,13.4,18.8,4.4,3.1,12.2,14.3,4.9,5.3,49.1,35.1,10.4,46.3,53.7,1825.0,24.0,49.3,1706,94.3,5.7,3764.0,40.6,18.4,18.1,76.1,14.8,2.4,8.9,28.2,2.4,54.5,0.2,Majority Hispanic,Q3,Hispanic-Majority,False,False,False,False
12086018500,Census Tract 185; Miami-Dade County; Florida,65.6,3.9,75.2,1.7,1.6,13.1,36.6,87423.0,106262.0,37661.0,5.9,1.6,10.7,5.7,9.1,9.4,12.7,21.3,13.6,10.0,13.8,12.4,16.4,13.6,34.5,27.8,24.1,41.6,58.4,2138.0,8.9,49.0,1866,97.3,2.7,4999.0,37.4,21.5,14.0,77.1,12.6,3.7,6.2,44.0,4.6,30.7,1.6,Majority Hispanic,Q4,Hispanic-Majority,False,True,False,False
12086018601,Census Tract 186.01; Miami-Dade County; Florida,63.9,0.0,87.9,0.1,0.0,7.7,25.4,71818.0,90764.0,29214.0,0.0,6.4,0.0,24.8,5.3,14.2,9.5,20.0,14.4,5.3,22.5,9.4,15.0,3.6,35.9,29.5,31.0,64.3,35.7,2911.0,0.0,82.4,1254,100.0,0.0,4218.0,36.7,29.5,8.4,74.9,7.2,15.6,0.5,33.1,16.0,45.7,0.0,Majority Hispanic,Q3,Hispanic-Majority,True,False,False,False
12086018602,Census Tract 186.02; Miami-Dade County; Florida,59.5,4.0,68.0,3.8,0.3,10.6,33.7,78125.0,93424.0,33352.0,6.6,5.7,4.2,3.5,13.5,16.0,15.0,19.4,9.7,6.4,10.8,15.1,9.0,8.1,35.1,35.6,21.1,64.4,35.6,1903.0,18.9,60.5,1307,93.0,7.0,3487.0,47.4,17.8,24.7,87.9,8.3,0.7,1.0,41.2,0.7,48.5,0.3,Majority Hispanic,Q4,Hispanic-Majority,False,False,False,False
12086018700,Census Tract 187; Miami-Dade County; Florida,58.7,3.1,75.1,0.0,0.0,16.3,30.0,97813.0,109127.0,34005.0,6.2,0.0,0.6,2.9,13.9,8.5,20.9,18.0,20.7,8.2,8.3,3.8,7.6,0.6,27.5,30.8,41.0,91.2,8.8,,0.0,100.0,1293,97.8,2.2,4188.0,45.6,18.1,20.9,83.4,7.5,3.9,5.2,31.6,3.9,49.4,0.0,Majority Hispanic,Q4,Hispanic-Majority,False,False,False,False
12086018801,Census Tract 188.01; Miami-Dade County; Florida,59.4,0.0,81.6,3.9,0.0,7.8,29.9,116196.0,114531.0,35475.0,7.1,0.0,0.5,7.4,7.9,10.1,13.9,27.0,17.2,8.9,6.3,10.9,0.4,0.6,23.8,44.9,30.7,78.3,21.7,1831.0,0.0,57.1,845,95.6,4.4,2624.0,50.2,19.0,29.4,59.8,35.4,2.1,2.6,60.9,2.1,33.7,0.0,Mixed,Q5 (Highest),Mixed,False,False,False,False
12086018802,Census Tract 188.02; Miami-Dade County; Florida,70.1,5.0,82.8,4.0,0.0,0.0,26.9,80020.0,86710.0,35339.0,6.7,3.5,0.0,8.4,13.7,15.9,15.5,17.3,14.2,4.5,11.8,7.0,9.0,4.2,44.8,43.4,7.6,17.3,82.7,1951.0,1.8,53.2,1084,97.3,2.7,2664.0,39.6,23.5,13.3,65.1,28.9,2.6,1.9,56.4,5.5,31.5,0.0,Majority Hispanic,Q4,Hispanic-Majority,False,False,False,False
12086018803,Census Tract 188.03; Miami-Dade County; Florida,64.1,0.0,82.4,1.6,0.8,10.0,25.2,80313.0,82199.0,27627.0,6.1,5.4,6.8,7.1,14.0,9.7,15.7,16.9,17.8,0.6,17.1,5.0,19.1,1.8,34.7,55.4,8.1,62.0,38.0,1805.0,2.6,57.4,1302,94.7,5.3,3548.0,33.6,28.0,11.4,67.5,30.8,0.0,0.5,64.6,0.0,24.4,0.0,Majority Hispanic,Q4,Hispanic-Majority,False,False,False,False
12086018901,Census Tract 189.01; Miami-Dade County; Florida,68.2,4.7,76.0,2.9,0.0,6.1,33.0,94148.0,103344.0,40686.0,2.7,4.5,2.4,10.5,6.8,9.5,15.4,24.0,20.5,3.8,5.6,12.2,5.1,4.7,35.3,49.0,11.0,93.9,6.1,,48.3,0.0,1132,93.6,6.4,2742.0,40.8,23.8,19.8,50.9,39.5,4.4,1.0,56.4,4.4,25.5,1.7,Mixed,Q4,Mixed,False,False,False,False
12086018902,Census Tract 189.02; Miami-Dade County; Florida,60.7,1.5,79.6,2.2,0.0,12.5,25.8,99167.0,126472.0,42788.0,0.0,0.0,2.3,7.7,11.5,18.6,10.3,13.1,15.0,21.5,6.9,2.2,9.3,0.0,20.0,60.0,20.0,95.2,4.8,,0.0,100.0,1100,100.0,0.0,3253.0,47.0,24.4,17.5,64.8,28.8,0.1,5.4,51.6,0.1,38.3,0.4,Majority Hispanic,Q5 (Highest),Hispanic-Majority,False,False,False,False
12086019000,Census Tract 190; Miami-Dade County; Florida,64.0,3.6,82.6,2.4,0.0,9.9,33.5,84291.0,112083.0,41341.0,5.9,1.8,4.7,1.5,16.4,14.3,11.3,14.4,19.6,10.2,8.2,8.6,11.0,3.3,26.0,41.8,28.9,81.0,19.0,2239.0,11.2,34.6,2113,99.5,0.5,5830.0,43.3,19.3,19.3,74.8,15.0,5.5,3.9,37.1,5.6,52.8,0.0,Majority Hispanic,Q4,Hispanic-Majority,False,False,False,False
12086019100,Census Tract 191; Miami-Dade County; Florida,58.9,0.9,79.2,0.9,0.0,12.0,28.0,55308.0,79734.0,35977.0,8.9,10.6,11.0,11.2,4.0,14.5,12.9,11.5,3.6,11.7,12.6,15.6,6.3,9.9,47.6,26.7,15.8,47.8,52.2,1790.0,0.0,69.4,2347,98.1,1.9,5313.0,46.8,14.2,26.1,78.1,21.5,0.0,0.5,45.5,0.0,42.6,0.3,Majority Hispanic,Q2,Hispanic-Majority,False,False,False,False
12086019200,Census Tract 192; Miami-Dade County; Florida,65.5,2.7,79.3,0.2,1.1,12.9,27.6,95429.0,113656.0,38009.0,1.5,6.2,2.1,3.6,6.5,18.9,15.2,22.3,11.6,12.1,7.4,9.4,10.2,1.7,30.5,42.7,25.1,82.0,18.0,2063.0,2.5,42.7,1738,97.1,2.9,5221.0,39.8,24.6,16.2,58.0,33.5,1.0,5.3,53.6,1.2,38.5,0.2,Mixed,Q4,Mixed,False,False,False,False
12086019301,Census Tract 193.01; Miami-Dade County; Florida,69.1,3.1,79.7,1.1,0.0,12.6,37.6,82455.0,95410.0,33750.0,1.4,1.4,11.3,7.1,1.7,15.3,21.5,24.6,7.9,7.7,15.8,15.1,9.6,7.2,43.7,33.1,16.1,78.2,21.8,2082.0,6.9,72.1,990,94.3,5.7,2712.0,34.6,22.3,9.8,56.6,18.2,10.3,13.2,32.9,10.3,39.3,1.7,Mixed,Q4,Mixed,False,False,False,False
12086019302,Census Tract 193.02; Miami-Dade County; Florida,68.2,2.3,73.6,1.5,2.0,12.6,33.1,78446.0,101722.0,35463.0,6.0,4.3,3.3,3.0,10.0,20.9,13.2,13.3,18.5,7.5,8.0,8.3,5.9,3.7,32.6,31.4,32.3,60.2,39.8,2214.0,7.8,63.2,1781,97.6,2.4,5117.0,38.3,19.4,12.2,60.5,19.4,10.0,8.5,37.6,10.0,35.5,0.0,Majority Hispanic,Q4,Hispanic-Majority,False,False,False,False
12086019401,Census Tract 194.01; Miami-Dade County; Florida,72.3,0.8,74.7,0.3,0.0,20.9,27.0,108359.0,132793.0,43839.0,0.0,1.2,0.0,3.3,3.2,11.9,24.1,30.2,15.7,10.5,4.9,6.3,5.7,0.0,26.5,57.1,16.4,72.8,27.2,2946.0,0.0,52.6,945,97.0,3.0,2673.0,36.6,26.4,17.7,52.6,34.0,3.2,4.0,48.5,3.8,27.5,3.4,Mixed,Q5 (Highest),Mixed,False,False,False,False
12086019402,Census Tract 194.02; Miami-Dade County; Florida,66.9,4.0,80.8,0.0,1.9,9.8,29.0,95327.0,118535.0,35300.0,3.0,0.0,4.8,5.7,6.5,17.7,18.8,10.7,14.0,18.9,13.2,6.3,9.2,0.0,19.5,50.4,30.1,61.4,38.6,2296.0,17.1,57.0,1768,97.7,2.3,5924.0,32.9,27.1,7.8,64.5,25.6,3.8,4.7,50.7,3.8,37.6,0.0,Majority Hispanic,Q4,Hispanic-Majority,False,False,False,False
12086019501,Census Tract 195.01; Miami-Dade County; Florida,67.9,5.4,82.4,1.2,0.0,8.5,38.1,97443.0,121834.0,42242.0,5.4,1.7,1.9,3.4,4.9,10.4,23.3,25.3,7.0,16.7,14.0,15.1,9.0,3.9,30.2,47.5,18.4,75.4,24.6,2359.0,15.2,54.6,1375,94.8,5.2,3830.0,40.2,22.8,13.5,78.7,11.3,7.0,2.8,35.3,7.0,43.1,0.0,Majority Hispanic,Q4,Hispanic-Majority,False,False,False,False
12086019502,Census Tract 195.02; Miami-Dade County; Florida,63.2,1.2,80.0,0.3,0.0,7.8,36.4,103987.0,138498.0,41436.0,0.0,0.6,0.9,1.4,3.5,24.0,15.9,32.4,7.2,14.1,4.6,15.3,10.8,11.1,21.7,34.3,32.9,79.8,20.2,2347.0,65.3,16.0,1298,100.0,0.0,4451.0,41.3,15.5,12.6,82.5,6.2,6.4,3.0,28.2,6.4,55.5,0.0,Majority Hispanic,Q5 (Highest),Hispanic-Majority,False,False,False,False
12086019600,Census Tract 196; Miami-Dade County; Florida,67.4,2.5,81.9,0.8,0.0,8.9,38.9,138125.0,150371.0,44854.0,0.0,0.0,8.3,0.0,4.9,6.6,12.8,19.2,26.1,22.2,4.4,8.9,6.5,0.6,14.6,52.7,32.1,85.4,14.6,2795.0,0.0,84.7,1887,97.8,2.2,6387.0,38.5,23.2,9.5,73.2,11.8,9.6,4.6,34.2,9.6,43.7,0.2,Majority Hispanic,Q5 (Highest),Hispanic-Majority,False,False,False,False
12086019700,Census Tract 197; Miami-Dade County; Florida,56.0,3.5,76.7,0.5,0.0,6.7,39.2,92981.0,129887.0,36365.0,0.5,0.0,0.7,11.0,4.3,15.3,19.1,12.2,22.7,14.2,9.0,13.4,5.5,2.1,9.3,53.9,34.6,93.3,6.7,2052.0,27.4,64.5,1123,100.0,0.0,4066.0,43.1,20.0,18.4,73.7,9.8,7.1,1.2,47.9,8.1,36.3,1.1,Majority Hispanic,Q4,Hispanic-Majority,False,False,False,False
12086019801,Census Tract 198.01; Miami-Dade County; Florida,68.9,4.1,86.2,0.0,0.0,6.6,34.3,113915.0,136771.0,41093.0,1.5,3.8,6.4,0.6,7.9,8.6,12.9,28.1,19.5,10.8,7.6,18.0,3.2,0.0,15.8,37.2,47.0,86.7,13.3,3257.0,0.0,79.2,1446,100.0,0.0,4948.0,39.8,19.3,15.5,82.0,10.8,4.0,2.6,42.5,4.3,43.3,0.7,Majority Hispanic,Q5 (Highest),Hispanic-Majority,False,False,False,False
12086019802,Census Tract 198.02; Miami-Dade County; Florida,60.6,2.8,70.6,2.9,0.0,15.6,47.6,128519.0,132592.0,39491.0,0.0,0.0,0.8,8.8,5.3,8.7,8.9,22.1,34.5,10.8,4.9,11.0,11.7,1.6,16.4,50.5,31.4,97.4,2.6,,0.0,0.0,1654,100.0,0.0,4956.0,43.7,20.2,21.5,87.5,2.8,7.9,2.1,32.6,9.0,36.6,0.0,Majority Hispanic,Q5 (Highest),Hispanic-Majority,False,False,False,False
12086019901,Census Tract 199.01; Miami-Dade County; Florida,58.5,4.2,86.2,0.0,0.6,5.7,43.9,70547.0,101451.0,31725.0,13.0,1.1,13.4,5.4,9.8,9.3,1.1,35.0,4.0,7.9,25.5,21.8,13.0,0.0,25.2,46.5,28.3,75.8,24.2,3091.0,0.0,43.8,1261,96.1,3.9,4156.0,36.9,28.6,17.7,74.0,17.1,0.0,5.7,37.4,0.7,47.0,2.9,Majority Hispanic,Q3,Hispanic-Majority,True,False,False,False
12086019902,Census Tract 199.02; Miami-Dade County; Florida,65.2,1.2,75.1,0.0,0.7,9.3,40.2,80313.0,86913.0,28153.0,0.3,0.0,1.9,8.9,6.7,19.9,33.8,15.5,12.3,0.7,1.9,24.7,8.9,2.2,31.8,48.5,17.5,64.9,35.1,2246.0,3.3,52.5,2229,96.1,3.9,6907.0,37.8,26.5,14.6,80.8,8.2,8.2,2.8,28.6,9.5,49.8,0.0,Majority Hispanic,Q4,Hispanic-Majority,False,False,False,False
12086020001,Census Tract 200.01; Miami-Dade County; Florida,58.9,7.9,75.5,4.0,0.0,1.7,47.4,77335.0,100743.0,32060.0,7.9,2.9,3.1,0.3,8.9,18.8,14.3,23.5,12.0,8.3,13.3,35.0,18.0,1.9,18.2,28.8,51.1,94.7,5.3,,,,617,100.0,0.0,2113.0,47.7,16.5,17.5,84.9,5.2,3.8,4.1,32.3,3.8,51.3,0.0,Majority Hispanic,Q3,Hispanic-Majority,False,False,False,False
12086020002,Census Tract 200.02; Miami-Dade County; Florida,61.4,3.4,65.0,0.0,0.0,22.1,39.3,121280.0,118615.0,35911.0,2.6,3.9,1.0,4.1,6.7,16.1,6.5,24.9,21.5,12.7,16.7,15.7,8.6,3.7,11.8,38.3,46.1,82.2,17.8,3501.0,41.6,21.4,1444,100.0,0.0,4982.0,43.2,20.2,21.8,76.1,12.7,7.9,1.0,44.1,7.9,38.8,1.9,Majority Hispanic,Q5 (Highest),Hispanic-Majority,False,False,False,False
12086020100,Census Tract 201; Miami-Dade County; Florida,48.6,4.1,80.4,0.0,0.0,11.0,35.3,74484.0,98626.0,25342.0,2.2,0.0,0.9,13.4,13.9,20.5,15.4,14.7,12.1,6.9,17.5,24.0,7.9,1.9,19.7,39.7,38.7,78.9,21.1,2310.0,0.0,81.6,1133,100.0,0.0,4468.0,46.2,17.9,25.4,80.1,11.0,5.1,0.0,33.0,5.3,40.2,2.6,Majority Hispanic,Q3,Hispanic-Majority,False,False,False,False
12086020200,Census Tract 202; Miami-Dade County; Florida,58.2,2.8,80.2,0.0,0.0,11.6,34.5,66619.0,74023.0,21043.0,5.0,4.7,8.6,12.4,6.7,14.9,19.3,18.0,9.5,0.8,21.7,26.5,16.6,0.0,40.5,32.2,27.3,42.8,57.2,1704.0,10.0,55.2,1655,95.9,4.1,5963.0,37.2,19.7,12.0,78.9,6.7,13.8,0.0,33.6,15.6,44.1,0.5,Majority Hispanic,Q3,Hispanic-Majority,True,False,False,False
12086020300,Census Tract 203; Miami-Dade County; Florida,60.3,3.0,78.7,0.3,0.2,5.0,37.6,82024.0,86279.0,27964.0,4.8,4.8,4.3,10.8,7.0,13.9,27.7,9.7,8.2,8.8,13.8,22.6,13.7,4.3,19.1,43.5,33.1,85.8,14.2,2303.0,0.0,74.5,1049,99.1,0.9,3231.0,44.7,17.7,20.0,88.8,3.8,5.1,1.2,29.1,5.1,54.3,1.0,Majority Hispanic,Q4,Hispanic-Majority,False,False,False,False
12086490100,Census Tract 4901; Miami-Dade County; Florida,72.3,1.6,94.6,0.6,1.0,2.8,24.1,60250.0,83629.0,32916.0,2.7,2.9,14.2,9.0,16.8,22.6,14.0,6.4,1.2,10.3,12.9,18.1,20.8,3.1,38.8,34.3,23.8,40.5,59.5,1256.0,19.5,39.0,497,98.0,2.0,1244.0,42.0,11.5,16.9,96.1,2.7,0.4,0.0,38.0,0.4,57.2,0.0,Majority Hispanic,Q2,Hispanic-Majority,False,False,False,False
12086980100,Census Tract 9801; Miami-Dade County; Florida,,,,,,,,,,,,,,,,,,,,,,,,,,,,,,,,,0,,,0.0,,,,,,,,,,,,Mixed,,Mixed,False,False,False,False
12086980200,Census Tract 9802; Miami-Dade County; Florida,,,,,,,,,,,,,,,,,,,,,,,,,,,,,,,,,0,,,0.0,,,,,,,,,,,,Mixed,,Mixed,False,False,False,False
12086980300,Census Tract 9803; Miami-Dade County; Florida,28.1,15.4,27.3,3.3,40.3,19.4,15.0,,-999999999.0,3838.0,0.0,0.0,0.0,0.0,0.0,0.0,0.0,0.0,0.0,100.0,66.7,0.0,9.8,0.0,100.0,0.0,0.0,0.0,100.0,,0.0,0.0,12,33.3,66.7,5890.0,19.3,1.0,0.0,15.3,58.8,16.0,8.1,65.9,16.9,9.0,0.4,Majority White,,White-Majority,True,False,False,False
12086980400,Census Tract 9804; Miami-Dade County; Florida,,,,,,,,,,,,,,,,,,,,,,,,,,,,,,,,,0,,,0.0,,,,,,,,,,,,Mixed,,Mixed,False,False,False,False
12086980500,Census Tract 9805; Miami-Dade County; Florida,68.0,3.8,83.4,0.0,0.0,12.3,20.7,76125.0,71083.0,31584.0,14.7,2.3,0.0,0.0,16.5,12.4,26.1,20.2,7.8,0.0,13.4,4.6,18.3,0.0,65.6,25.7,8.7,0.0,100.0,2506.0,12.0,52.0,242,90.1,9.9,514.0,28.8,14.6,3.3,78.6,11.1,7.8,0.0,18.5,7.8,55.8,0.0,Majority Hispanic,Q3,Hispanic-Majority,False,False,False,False
12086980600,Census Tract 9806; Miami-Dade County; Florida,,,,,,,,,,,,,,,,,,,,,,,,,,,,,,,,,0,,,0.0,,,,,,,,,,,,Mixed,,Mixed,False,False,False,False
12086980700,Census Tract 9807; Miami-Dade County; Florida,23.4,38.7,17.8,45.7,1.0,1.5,30.1,9960.0,18737.0,5497.0,50.2,17.3,3.0,8.4,12.7,8.4,0.0,0.0,0.0,0.0,82.5,91.6,14.2,57.0,21.9,21.1,0.0,0.0,100.0,,0.0,77.2,253,93.7,6.3,1334.0,19.6,42.7,6.3,34.3,5.9,59.6,0.0,28.2,60.8,10.9,0.0,Majority Black,Q1 (Lowest),Black-Majority,True,True,True,True
12086980800,Census Tract 9808; Miami-Dade County; Florida,,,,,,,,,,,,,,,,,,,,,,,,,,,,,,,,,0,,,0.0,,,,,,,,,,,,Mixed,,Mixed,False,False,False,False
12086980900,Census Tract 9809; Miami-Dade County; Florida,,,,,,,,,,,,,,,,,,,,,,,,,,,,,,,,,0,,,0.0,,,,,,,,,,,,Mixed,,Mixed,False,False,False,False
12086981000,Census Tract 9810; Miami-Dade County; Florida,,,,,,,,,,,,,,,,,,,,,,,,,,,,,,,,,0,,,0.0,,,,,,,,,,,,Mixed,,Mixed,False,False,False,False
12086981100,Census Tract 9811; Miami-Dade County; Florida,11.3,0.0,79.1,0.0,0.0,0.0,11.6,,68750.0,11291.0,0.0,0.0,0.0,0.0,42.3,11.5,46.2,0.0,0.0,0.0,2.9,0.0,21.4,42.3,7.7,50.0,0.0,0.0,100.0,1700.0,80.8,11.5,26,100.0,0.0,396.0,41.4,4.0,8.6,42.9,14.6,38.4,1.8,30.1,41.7,27.3,0.0,Mixed,,Mixed,False,True,False,False
12086981200,Census Tract 9812; Miami-Dade County; Florida,,,,,,,,,,,,,,,,,,,,,,,,,,,,,,,,,0,,,0.0,,,,,,,,,,,,Mixed,,Mixed,False,False,False,False
12086981300,Census Tract 9813; Miami-Dade County; Florida,2.8,0.0,30.9,0.0,0.0,69.1,-999999999.0,66280.0,72781.0,3064.0,0.0,0.0,0.0,0.0,0.0,88.7,0.0,11.3,0.0,0.0,0.0,0.0,0.0,0.0,88.7,0.0,11.3,90.6,9.4,,0.0,100.0,53,100.0,0.0,2001.0,47.9,3.5,10.0,37.1,23.9,37.4,0.2,35.5,39.9,24.4,0.0,Mixed,Q3,Mixed,False,False,False,False
12086990000,Census Tract 9900; Miami-Dade County; Florida,,,,,,,,,,,,,,,,,,,,,,,,,,,,,,,,,0,,,0.0,,,,,,,,,,,,Mixed,,Mixed,False,False,False,False
