GEOID,route_id,n_stops,best_headway_min,total_trips,route_short_name,route_long_name,route_type
12086000107,28811,5,120.0,5,SUNNYBL,City of Sunny Isles Beach Blue Rt,3
12086000107,28812,12,60.0,21,SUNNYOR,City of Sunny Isles Beach Orange Rt,3
12086000107,30430,3,36.0,15,75,MIAMI LAKES-NORTH MIAMI-SUNNY ISLES,3
12086000107,30437,8,9.473684210526315,140,100,DOWNTOWN-AVENTURA MALL VIA MIABEACH,3
12086000109,23916,6,90.0,12,NOMBLU,City of North Miami Blue,3
12086000109,23918,14,90.0,28,NOMRED,City of North Miami Red,3
12086000109,28812,2,90.0,4,SUNNYOR,City of Sunny Isles Beach Orange Rt,3
12086000109,28818,14,120.0,14,NMBEACC,City of North Miami Beach Blue Rt,3
12086000109,30399,15,13.846153846153847,161,3,AVENTURA-DOWNTOWN VIA BISC.BLVD.,3
12086000109,30430,21,16.363636363636363,131,75,MIAMI LAKES-NORTH MIAMI-SUNNY ISLES,3
12086000109,30716,7,15.0,46,135,OPALOCKA-NORTH MIAMI VIA 135 ST,3
12086000109,30718,8,30.0,40,203,DOWNTOWN-AVENTURA VIA BISCAYNE BLVD,3
12086000115,23885,2,90.0,4,AVTGRN,City of Aventura Exp (Green),3
12086000115,28811,5,120.0,5,SUNNYBL,City of Sunny Isles Beach Blue Rt,3
12086000115,28812,7,60.0,13,SUNNYOR,City of Sunny Isles Beach Orange Rt,3
12086000118,28811,6,120.0,6,SUNNYBL,City of Sunny Isles Beach Blue Rt,3
12086000118,28812,10,90.0,12,SUNNYOR,City of Sunny Isles Beach Orange Rt,3
12086000118,30430,8,30.0,38,75,MIAMI LAKES-NORTH MIAMI-SUNNY ISLES,3
12086000118,30437,8,9.473684210526315,143,100,DOWNTOWN-AVENTURA MALL VIA MIABEACH,3
12086000120,23916,4,90.0,8,NOMBLU,City of North Miami Blue,3
12086000120,23918,13,45.0,28,NOMRED,City of North Miami Red,3
12086000120,28818,1,120.0,1,NMBEACC,City of North Miami Beach Blue Rt,3
12086000120,30399,9,13.846153846153847,100,3,AVENTURA-DOWNTOWN VIA BISC.BLVD.,3
12086000120,30442,10,15.0,119,125,MDC NORTH TO MIAMI BEACH VIA 125 ST,3
12086000120,30718,4,30.0,20,203,DOWNTOWN-AVENTURA VIA BISCAYNE BLVD,3
12086000121,23885,9,90.0,18,AVTGRN,City of Aventura Exp (Green),3
12086000121,28812,1,120.0,1,SUNNYOR,City of Sunny Isles Beach Orange Rt,3
12086000122,23885,10,90.0,20,AVTGRN,City of Aventura Exp (Green),3
12086000122,23886,4,60.0,10,AVTPUR,City of Aventura Exp (Purple),3
12086000123,23885,2,90.0,4,AVTGRN,City of Aventura Exp (Green),3
12086000123,28811,12,120.0,12,SUNNYBL,City of Sunny Isles Beach Blue Rt,3
12086000123,28812,25,60.0,34,SUNNYOR,City of Sunny Isles Beach Orange Rt,3
12086000123,30430,10,18.0,56,75,MIAMI LAKES-NORTH MIAMI-SUNNY ISLES,3
12086000123,30437,10,9.0,183,100,DOWNTOWN-AVENTURA MALL VIA MIABEACH,3
12086000124,23916,9,90.0,18,NOMBLU,City of North Miami Blue,3
12086000124,23918,12,45.0,26,NOMRED,City of North Miami Red,3
12086000124,30399,9,13.846153846153847,100,3,AVENTURA-DOWNTOWN VIA BISC.BLVD.,3
12086000124,30407,13,45.0,52,16,163 ST- 79ST VIA NE 6AV & NE 16AV,3
12086000124,30442,9,15.0,105,125,MDC NORTH TO MIAMI BEACH VIA 125 ST,3
12086000124,30718,4,30.0,20,203,DOWNTOWN-AVENTURA VIA BISCAYNE BLVD,3
12086000125,28811,11,120.0,11,SUNNYBL,City of Sunny Isles Beach Blue Rt,3
12086000125,28812,13,60.0,19,SUNNYOR,City of Sunny Isles Beach Orange Rt,3
12086000125,30430,10,30.0,49,75,MIAMI LAKES-NORTH MIAMI-SUNNY ISLES,3
12086000125,30437,4,9.473684210526315,70,100,DOWNTOWN-AVENTURA MALL VIA MIABEACH,3
12086000126,28811,10,120.0,10,SUNNYBL,City of Sunny Isles Beach Blue Rt,3
12086000126,28812,13,90.0,17,SUNNYOR,City of Sunny Isles Beach Orange Rt,3
12086000126,30430,13,18.0,70,75,MIAMI LAKES-NORTH MIAMI-SUNNY ISLES,3
12086000126,30437,8,9.0,141,100,DOWNTOWN-AVENTURA MALL VIA MIABEACH,3
12086000128,23888,2,90.0,4,AVTYEL,City of Aventura Exp (Yellow),3
12086000128,28812,3,90.0,6,SUNNYOR,City of Sunny Isles Beach Orange Rt,3
12086000128,28817,4,90.0,8,NMBEACB,City of North Miami Beach Gold Rt.,3
12086000128,30399,4,13.846153846153847,44,3,AVENTURA-DOWNTOWN VIA BISC.BLVD.,3
12086000128,30402,4,20.0,30,9,AVENTURA-DOWNTOWN VIA NE 2 AVE,3
12086000128,30430,12,16.363636363636363,84,75,MIAMI LAKES-NORTH MIAMI-SUNNY ISLES,3
12086000128,30718,4,30.0,20,203,DOWNTOWN-AVENTURA VIA BISCAYNE BLVD,3
12086000129,23888,2,60.0,6,AVTYEL,City of Aventura Exp (Yellow),3
12086000130,28811,3,120.0,3,SUNNYBL,City of Sunny Isles Beach Blue Rt,3
12086000130,28812,10,60.0,16,SUNNYOR,City of Sunny Isles Beach Orange Rt,3
12086000130,30430,1,36.0,5,75,MIAMI LAKES-NORTH MIAMI-SUNNY ISLES,3
12086000130,30437,16,9.473684210526315,283,100,DOWNTOWN-AVENTURA MALL VIA MIABEACH,3
12086000131,23888,9,60.0,21,AVTYEL,City of Aventura Exp (Yellow),3
12086000131,30399,3,15.0,30,3,AVENTURA-DOWNTOWN VIA BISC.BLVD.,3
12086000131,30402,3,16.363636363636363,26,9,AVENTURA-DOWNTOWN VIA NE 2 AVE,3
12086000131,30449,1,25.714285714285715,7,183,AVENTURA-HIALEAH VIA 183 ST/67 AVE,3
12086000131,30718,3,30.0,14,203,DOWNTOWN-AVENTURA VIA BISCAYNE BLVD,3
12086000132,23888,29,60.0,60,AVTYEL,City of Aventura Exp (Yellow),3
12086000132,30399,6,13.846153846153847,65,3,AVENTURA-DOWNTOWN VIA BISC.BLVD.,3
12086000132,30402,6,20.0,45,9,AVENTURA-DOWNTOWN VIA NE 2 AVE,3
12086000132,30718,6,30.0,30,203,DOWNTOWN-AVENTURA VIA BISCAYNE BLVD,3
12086000134,23885,15,36.0,38,AVTGRN,City of Aventura Exp (Green),3
12086000134,23886,23,36.0,52,AVTPUR,City of Aventura Exp (Purple),3
12086000134,23888,12,36.0,33,AVTYEL,City of Aventura Exp (Yellow),3
12086000134,28811,6,120.0,6,SUNNYBL,City of Sunny Isles Beach Blue Rt,3
12086000134,28812,12,60.0,19,SUNNYOR,City of Sunny Isles Beach Orange Rt,3
12086000134,28817,1,90.0,2,NMBEACB,City of North Miami Beach Gold Rt.,3
12086000134,30399,3,8.571428571428571,42,3,AVENTURA-DOWNTOWN VIA BISC.BLVD.,3
12086000134,30402,3,6.206896551724138,58,9,AVENTURA-DOWNTOWN VIA NE 2 AVE,3
12086000134,30435,4,60.0,12,95,I-95 GOLDEN GLADES EXPRESS,3
12086000134,30437,10,5.294117647058823,189,100,DOWNTOWN-AVENTURA MALL VIA MIABEACH,3
12086000134,30449,3,12.857142857142858,28,183,AVENTURA-HIALEAH VIA 183 ST/67 AVE,3
12086000134,30717,7,15.0,48,199,COUNTRY CLUB-AVENTURA MALL VIA 199,3
12086000134,30718,3,18.0,20,203,DOWNTOWN-AVENTURA VIA BISCAYNE BLVD,3
12086000140,28811,7,120.0,7,SUNNYBL,City of Sunny Isles Beach Blue Rt,3
12086000140,28812,10,60.0,14,SUNNYOR,City of Sunny Isles Beach Orange Rt,3
12086000140,30430,8,36.0,38,75,MIAMI LAKES-NORTH MIAMI-SUNNY ISLES,3
12086000140,30437,6,9.473684210526315,108,100,DOWNTOWN-AVENTURA MALL VIA MIABEACH,3
12086000141,23885,5,90.0,10,AVTGRN,City of Aventura Exp (Green),3
12086000141,23888,6,36.0,18,AVTYEL,City of Aventura Exp (Yellow),3
12086000141,28812,1,120.0,1,SUNNYOR,City of Sunny Isles Beach Orange Rt,3
12086000141,30399,4,15.0,39,3,AVENTURA-DOWNTOWN VIA BISC.BLVD.,3
12086000141,30402,4,9.473684210526315,47,9,AVENTURA-DOWNTOWN VIA NE 2 AVE,3
12086000141,30449,3,22.5,22,183,AVENTURA-HIALEAH VIA 183 ST/67 AVE,3
12086000141,30718,4,30.0,18,203,DOWNTOWN-AVENTURA VIA BISCAYNE BLVD,3
12086000142,23885,8,60.0,18,AVTGRN,City of Aventura Exp (Green),3
12086000142,23888,2,60.0,5,AVTYEL,City of Aventura Exp (Yellow),3
12086000142,28811,2,120.0,2,SUNNYBL,City of Sunny Isles Beach Blue Rt,3
12086000142,28812,3,90.0,5,SUNNYOR,City of Sunny Isles Beach Orange Rt,3
12086000142,30437,1,9.0,20,100,DOWNTOWN-AVENTURA MALL VIA MIABEACH,3
12086000143,23885,12,60.0,28,AVTGRN,City of Aventura Exp (Green),3
12086000143,23886,10,60.0,23,AVTPUR,City of Aventura Exp (Purple),3
12086000143,23888,8,60.0,20,AVTYEL,City of Aventura Exp (Yellow),3
12086000143,28811,4,120.0,4,SUNNYBL,City of Sunny Isles Beach Blue Rt,3
12086000143,28812,8,90.0,12,SUNNYOR,City of Sunny Isles Beach Orange Rt,3
12086000143,30437,7,9.0,120,100,DOWNTOWN-AVENTURA MALL VIA MIABEACH,3
12086000144,23885,14,60.0,32,AVTGRN,City of Aventura Exp (Green),3
12086000144,23886,3,60.0,7,AVTPUR,City of Aventura Exp (Purple),3
12086000144,23888,4,60.0,10,AVTYEL,City of Aventura Exp (Yellow),3
12086000144,28811,4,120.0,4,SUNNYBL,City of Sunny Isles Beach Blue Rt,3
12086000144,28812,6,90.0,10,SUNNYOR,City of Sunny Isles Beach Orange Rt,3
12086000144,30437,4,9.0,70,100,DOWNTOWN-AVENTURA MALL VIA MIABEACH,3
12086000145,23885,4,90.0,8,AVTGRN,City of Aventura Exp (Green),3
12086000145,23886,12,90.0,24,AVTPUR,City of Aventura Exp (Purple),3
12086000146,23885,3,90.0,6,AVTGRN,City of Aventura Exp (Green),3
12086000146,23886,8,60.0,18,AVTPUR,City of Aventura Exp (Purple),3
12086000204,28819,21,60.0,39,NMBEACD,City of North Miami Beach Purple Rt,3
12086000204,30402,12,20.0,25,9,AVENTURA-DOWNTOWN VIA NE 2 AVE,3
12086000204,30408,30,20.0,182,17,163 ST TERM-VIZ VIA 17 AV,3
12086000204,30430,10,16.363636363636363,103,75,MIAMI LAKES-NORTH MIAMI-SUNNY ISLES,3
12086000204,30449,11,22.5,86,183,AVENTURA-HIALEAH VIA 183 ST/67 AVE,3
12086000204,30719,9,10.588235294117647,120,77,NORWOOD - DOWNTOWN VIA NW 7 AVE,3
12086000206,28817,5,90.0,10,NMBEACB,City of North Miami Beach Gold Rt.,3
12086000206,28818,17,120.0,17,NMBEACC,City of North Miami Beach Blue Rt,3
12086000206,28819,2,60.0,6,NMBEACD,City of North Miami Beach Purple Rt,3
12086000206,30399,5,13.846153846153847,56,3,AVENTURA-DOWNTOWN VIA BISC.BLVD.,3
12086000206,30402,9,7.5,91,9,AVENTURA-DOWNTOWN VIA NE 2 AVE,3
12086000206,30407,13,45.0,46,16,163 ST- 79ST VIA NE 6AV & NE 16AV,3
12086000206,30408,2,20.0,18,17,163 ST TERM-VIZ VIA 17 AV,3
12086000206,30430,17,8.571428571428571,160,75,MIAMI LAKES-NORTH MIAMI-SUNNY ISLES,3
12086000206,30467,6,45.0,21,510,SKYLAKE CIRCULATOR,3
12086000206,30716,3,30.0,17,135,OPALOCKA-NORTH MIAMI VIA 135 ST,3
12086000206,30718,3,30.0,16,203,DOWNTOWN-AVENTURA VIA BISCAYNE BLVD,3
12086000211,23888,4,90.0,8,AVTYEL,City of Aventura Exp (Yellow),3
12086000211,28817,6,90.0,12,NMBEACB,City of North Miami Beach Gold Rt.,3
12086000211,30399,8,13.846153846153847,87,3,AVENTURA-DOWNTOWN VIA BISC.BLVD.,3
12086000211,30402,24,20.0,179,9,AVENTURA-DOWNTOWN VIA NE 2 AVE,3
12086000211,30435,3,60.0,9,95,I-95 GOLDEN GLADES EXPRESS,3
12086000211,30449,11,22.5,81,183,AVENTURA-HIALEAH VIA 183 ST/67 AVE,3
12086000211,30467,12,25.714285714285715,46,510,SKYLAKE CIRCULATOR,3
12086000211,30718,8,30.0,40,203,DOWNTOWN-AVENTURA VIA BISCAYNE BLVD,3
12086000212,28817,9,90.0,18,NMBEACB,City of North Miami Beach Gold Rt.,3
12086000212,30399,2,13.846153846153847,22,3,AVENTURA-DOWNTOWN VIA BISC.BLVD.,3
12086000212,30402,11,20.0,84,9,AVENTURA-DOWNTOWN VIA NE 2 AVE,3
12086000212,30467,9,45.0,32,510,SKYLAKE CIRCULATOR,3
12086000212,30718,2,30.0,10,203,DOWNTOWN-AVENTURA VIA BISCAYNE BLVD,3
12086000213,28819,11,60.0,17,NMBEACD,City of North Miami Beach Purple Rt,3
12086000213,30402,31,18.0,117,9,AVENTURA-DOWNTOWN VIA NE 2 AVE,3
12086000213,30408,16,20.0,95,17,163 ST TERM-VIZ VIA 17 AV,3
12086000213,30430,5,16.363636363636363,52,75,MIAMI LAKES-NORTH MIAMI-SUNNY ISLES,3
12086000213,30435,3,60.0,9,95,I-95 GOLDEN GLADES EXPRESS,3
12086000213,30449,6,22.5,46,183,AVENTURA-HIALEAH VIA 183 ST/67 AVE,3
12086000215,28819,3,60.0,9,NMBEACD,City of North Miami Beach Purple Rt,3
12086000215,30402,22,18.0,154,9,AVENTURA-DOWNTOWN VIA NE 2 AVE,3
12086000215,30408,5,20.0,32,17,163 ST TERM-VIZ VIA 17 AV,3
12086000215,30430,5,16.363636363636363,52,75,MIAMI LAKES-NORTH MIAMI-SUNNY ISLES,3
12086000216,28817,2,90.0,4,NMBEACB,City of North Miami Beach Gold Rt.,3
12086000216,28818,5,120.0,5,NMBEACC,City of North Miami Beach Blue Rt,3
12086000216,28819,4,60.0,10,NMBEACD,City of North Miami Beach Purple Rt,3
12086000216,30402,17,12.857142857142858,138,9,AVENTURA-DOWNTOWN VIA NE 2 AVE,3
12086000216,30407,2,60.0,6,16,163 ST- 79ST VIA NE 6AV & NE 16AV,3
12086000216,30408,5,20.0,31,17,163 ST TERM-VIZ VIA 17 AV,3
12086000216,30430,7,9.473684210526315,89,75,MIAMI LAKES-NORTH MIAMI-SUNNY ISLES,3
12086000216,30467,2,60.0,6,510,SKYLAKE CIRCULATOR,3
12086000218,23916,6,90.0,12,NOMBLU,City of North Miami Blue,3
12086000218,23917,1,90.0,2,NOMGRN,City of North Miami Green,3
12086000218,23919,7,90.0,14,NOMORG,City of North Miami Orange,3
12086000218,30402,16,18.0,129,9,AVENTURA-DOWNTOWN VIA NE 2 AVE,3
12086000218,30413,4,22.5,20,25,MDC NORTH - NE 135 ST/12 AVE,3
12086000218,30716,7,30.0,40,135,OPALOCKA-NORTH MIAMI VIA 135 ST,3
12086000219,23916,6,90.0,12,NOMBLU,City of North Miami Blue,3
12086000219,23917,2,90.0,4,NOMGRN,City of North Miami Green,3
12086000219,23919,5,90.0,10,NOMORG,City of North Miami Orange,3
12086000219,30402,8,9.473684210526315,92,9,AVENTURA-DOWNTOWN VIA NE 2 AVE,3
12086000219,30407,19,45.0,76,16,163 ST- 79ST VIA NE 6AV & NE 16AV,3
12086000219,30413,14,45.0,56,25,MDC NORTH - NE 135 ST/12 AVE,3
12086000219,30442,14,15.0,156,125,MDC NORTH TO MIAMI BEACH VIA 125 ST,3
12086000220,23916,10,90.0,20,NOMBLU,City of North Miami Blue,3
12086000220,23917,3,90.0,6,NOMGRN,City of North Miami Green,3
12086000220,23919,6,90.0,12,NOMORG,City of North Miami Orange,3
12086000220,30402,14,18.0,115,9,AVENTURA-DOWNTOWN VIA NE 2 AVE,3
12086000220,30407,7,45.0,28,16,163 ST- 79ST VIA NE 6AV & NE 16AV,3
12086000220,30413,7,45.0,28,25,MDC NORTH - NE 135 ST/12 AVE,3
12086000220,30442,2,15.0,23,125,MDC NORTH TO MIAMI BEACH VIA 125 ST,3
12086000220,30716,12,30.0,70,135,OPALOCKA-NORTH MIAMI VIA 135 ST,3
12086000221,28817,10,60.0,24,NMBEACB,City of North Miami Beach Gold Rt.,3
12086000221,30402,10,20.0,78,9,AVENTURA-DOWNTOWN VIA NE 2 AVE,3
12086000221,30467,10,45.0,35,510,SKYLAKE CIRCULATOR,3
12086000222,28817,13,60.0,30,NMBEACB,City of North Miami Beach Gold Rt.,3
12086000222,30402,17,20.0,113,9,AVENTURA-DOWNTOWN VIA NE 2 AVE,3
12086000222,30435,6,60.0,18,95,I-95 GOLDEN GLADES EXPRESS,3
12086000222,30449,16,22.5,119,183,AVENTURA-HIALEAH VIA 183 ST/67 AVE,3
12086000222,30467,25,25.714285714285715,91,510,SKYLAKE CIRCULATOR,3
12086000223,23916,7,90.0,14,NOMBLU,City of North Miami Blue,3
12086000223,23918,2,90.0,4,NOMRED,City of North Miami Red,3
12086000223,23919,3,90.0,6,NOMORG,City of North Miami Orange,3
12086000223,30402,6,20.0,48,9,AVENTURA-DOWNTOWN VIA NE 2 AVE,3
12086000223,30407,12,45.0,48,16,163 ST- 79ST VIA NE 6AV & NE 16AV,3
12086000223,30413,7,22.5,32,25,MDC NORTH - NE 135 ST/12 AVE,3
12086000223,30716,17,30.0,98,135,OPALOCKA-NORTH MIAMI VIA 135 ST,3
12086000224,23916,3,90.0,6,NOMBLU,City of North Miami Blue,3
12086000224,23918,5,90.0,10,NOMRED,City of North Miami Red,3
12086000224,28818,11,120.0,11,NMBEACC,City of North Miami Beach Blue Rt,3
12086000224,30399,8,15.0,86,3,AVENTURA-DOWNTOWN VIA BISC.BLVD.,3
12086000224,30407,12,45.0,48,16,163 ST- 79ST VIA NE 6AV & NE 16AV,3
12086000224,30716,14,30.0,79,135,OPALOCKA-NORTH MIAMI VIA 135 ST,3
12086000224,30718,3,30.0,16,203,DOWNTOWN-AVENTURA VIA BISCAYNE BLVD,3
12086000225,28817,12,36.0,29,NMBEACB,City of North Miami Beach Gold Rt.,3
12086000225,28818,10,60.0,13,NMBEACC,City of North Miami Beach Blue Rt,3
12086000225,28819,6,45.0,15,NMBEACD,City of North Miami Beach Purple Rt,3
12086000225,30402,14,6.923076923076923,185,9,AVENTURA-DOWNTOWN VIA NE 2 AVE,3
12086000225,30407,7,25.714285714285715,26,16,163 ST- 79ST VIA NE 6AV & NE 16AV,3
12086000225,30408,5,15.0,42,17,163 ST TERM-VIZ VIA 17 AV,3
12086000225,30430,18,8.571428571428571,226,75,MIAMI LAKES-NORTH MIAMI-SUNNY ISLES,3
12086000225,30467,14,25.714285714285715,52,510,SKYLAKE CIRCULATOR,3
12086000226,28817,2,90.0,4,NMBEACB,City of North Miami Beach Gold Rt.,3
12086000226,28818,2,120.0,2,NMBEACC,City of North Miami Beach Blue Rt,3
12086000226,28819,3,120.0,3,NMBEACD,City of North Miami Beach Purple Rt,3
12086000226,30402,18,7.826086956521739,117,9,AVENTURA-DOWNTOWN VIA NE 2 AVE,3
12086000226,30407,2,60.0,6,16,163 ST- 79ST VIA NE 6AV & NE 16AV,3
12086000226,30408,2,60.0,6,17,163 ST TERM-VIZ VIA 17 AV,3
12086000226,30430,2,9.473684210526315,28,75,MIAMI LAKES-NORTH MIAMI-SUNNY ISLES,3
12086000226,30435,2,60.0,6,95,I-95 GOLDEN GLADES EXPRESS,3
12086000226,30449,2,22.5,16,183,AVENTURA-HIALEAH VIA 183 ST/67 AVE,3
12086000226,30467,2,60.0,6,510,SKYLAKE CIRCULATOR,3
12086000227,23919,2,90.0,4,NOMORG,City of North Miami Orange,3
12086000227,30402,10,18.0,78,9,AVENTURA-DOWNTOWN VIA NE 2 AVE,3
12086000228,28818,3,120.0,3,NMBEACC,City of North Miami Beach Blue Rt,3
12086000228,30402,6,18.0,50,9,AVENTURA-DOWNTOWN VIA NE 2 AVE,3
12086000228,30407,8,45.0,32,16,163 ST- 79ST VIA NE 6AV & NE 16AV,3
12086000228,30716,8,30.0,44,135,OPALOCKA-NORTH MIAMI VIA 135 ST,3
12086000302,30719,6,12.857142857142858,84,77,NORWOOD - DOWNTOWN VIA NW 7 AVE,3
12086000306,23916,4,45.0,10,NOMBLU,City of North Miami Blue,3
12086000306,23917,7,45.0,16,NOMGRN,City of North Miami Green,3
12086000306,23919,11,45.0,24,NOMORG,City of North Miami Orange,3
12086000306,30402,15,9.473684210526315,190,9,AVENTURA-DOWNTOWN VIA NE 2 AVE,3
12086000306,30407,7,45.0,28,16,163 ST- 79ST VIA NE 6AV & NE 16AV,3
12086000306,30413,9,45.0,36,25,MDC NORTH - NE 135 ST/12 AVE,3
12086000306,30442,9,15.0,103,125,MDC NORTH TO MIAMI BEACH VIA 125 ST,3
12086000306,30716,7,30.0,39,135,OPALOCKA-NORTH MIAMI VIA 135 ST,3
12086000307,23917,8,90.0,16,NOMGRN,City of North Miami Green,3
12086000307,23919,3,90.0,6,NOMORG,City of North Miami Orange,3
12086000307,30413,6,45.0,24,25,MDC NORTH - NE 135 ST/12 AVE,3
12086000307,30442,6,15.0,68,125,MDC NORTH TO MIAMI BEACH VIA 125 ST,3
12086000307,30716,5,30.0,29,135,OPALOCKA-NORTH MIAMI VIA 135 ST,3
12086000307,30719,12,10.588235294117647,179,77,NORWOOD - DOWNTOWN VIA NW 7 AVE,3
12086000308,23917,6,90.0,12,NOMGRN,City of North Miami Green,3
12086000308,23919,9,90.0,18,NOMORG,City of North Miami Orange,3
12086000308,30413,12,45.0,48,25,MDC NORTH - NE 135 ST/12 AVE,3
12086000308,30442,6,15.0,69,125,MDC NORTH TO MIAMI BEACH VIA 125 ST,3
12086000308,30716,8,30.0,44,135,OPALOCKA-NORTH MIAMI VIA 135 ST,3
12086000309,23916,1,90.0,2,NOMBLU,City of North Miami Blue,3
12086000309,23917,2,90.0,4,NOMGRN,City of North Miami Green,3
12086000309,23919,4,90.0,8,NOMORG,City of North Miami Orange,3
12086000309,30402,7,18.0,58,9,AVENTURA-DOWNTOWN VIA NE 2 AVE,3
12086000309,30716,6,30.0,33,135,OPALOCKA-NORTH MIAMI VIA 135 ST,3
12086000310,23917,1,90.0,2,NOMGRN,City of North Miami Green,3
12086000310,23919,3,90.0,6,NOMORG,City of North Miami Orange,3
12086000310,30402,12,20.0,90,9,AVENTURA-DOWNTOWN VIA NE 2 AVE,3
12086000310,30716,3,30.0,17,135,OPALOCKA-NORTH MIAMI VIA 135 ST,3
12086000311,28819,2,60.0,6,NMBEACD,City of North Miami Beach Purple Rt,3
12086000311,30402,11,20.0,73,9,AVENTURA-DOWNTOWN VIA NE 2 AVE,3
12086000311,30408,2,20.0,12,17,163 ST TERM-VIZ VIA 17 AV,3
12086000311,30430,6,16.363636363636363,63,75,MIAMI LAKES-NORTH MIAMI-SUNNY ISLES,3
12086000312,28819,2,90.0,4,NMBEACD,City of North Miami Beach Purple Rt,3
12086000312,30430,6,16.363636363636363,61,75,MIAMI LAKES-NORTH MIAMI-SUNNY ISLES,3
12086000312,30719,4,10.588235294117647,62,77,NORWOOD - DOWNTOWN VIA NW 7 AVE,3
12086000402,28816,5,45.0,20,OPALCKA,City of Opa-Locka North Link,3
12086000402,30408,10,22.5,70,17,163 ST TERM-VIZ VIA 17 AV,3
12086000402,30415,10,15.0,118,27,COCO GROVE-MIA GARDENS VIA NW 27 AV,3
12086000405,23917,7,90.0,14,NOMGRN,City of North Miami Green,3
12086000405,30408,2,25.714285714285715,13,17,163 ST TERM-VIZ VIA 17 AV,3
12086000405,30413,2,45.0,8,25,MDC NORTH - NE 135 ST/12 AVE,3
12086000405,30716,9,30.0,54,135,OPALOCKA-NORTH MIAMI VIA 135 ST,3
12086000405,30719,8,10.588235294117647,127,77,NORWOOD - DOWNTOWN VIA NW 7 AVE,3
12086000408,30408,6,13.846153846153847,46,17,163 ST TERM-VIZ VIA 17 AV,3
12086000408,30411,9,30.0,50,22,MDC NORTH-COCO GROVE VIA 22 AVE,3
12086000408,30715,20,30.0,119,103,HIA GARDENS-BISC BLVD VIA 103 ST,3
12086000408,30719,11,10.588235294117647,179,77,NORWOOD - DOWNTOWN VIA NW 7 AVE,3
12086000409,23917,3,90.0,6,NOMGRN,City of North Miami Green,3
12086000409,30408,5,25.714285714285715,33,17,163 ST TERM-VIZ VIA 17 AV,3
12086000409,30442,14,15.0,152,125,MDC NORTH TO MIAMI BEACH VIA 125 ST,3
12086000409,30719,10,10.588235294117647,157,77,NORWOOD - DOWNTOWN VIA NW 7 AVE,3
12086000410,23917,7,90.0,14,NOMGRN,City of North Miami Green,3
12086000410,30408,8,25.714285714285715,52,17,163 ST TERM-VIZ VIA 17 AV,3
12086000410,30413,18,45.0,72,25,MDC NORTH - NE 135 ST/12 AVE,3
12086000410,30442,14,15.0,152,125,MDC NORTH TO MIAMI BEACH VIA 125 ST,3
12086000410,30719,9,10.588235294117647,142,77,NORWOOD - DOWNTOWN VIA NW 7 AVE,3
12086000411,30408,9,25.714285714285715,59,17,163 ST TERM-VIZ VIA 17 AV,3
12086000411,30715,2,30.0,12,103,HIA GARDENS-BISC BLVD VIA 103 ST,3
12086000411,30719,8,10.588235294117647,128,77,NORWOOD - DOWNTOWN VIA NW 7 AVE,3
12086000413,23917,3,90.0,6,NOMGRN,City of North Miami Green,3
12086000413,30408,9,22.5,63,17,163 ST TERM-VIZ VIA 17 AV,3
12086000413,30716,12,30.0,72,135,OPALOCKA-NORTH MIAMI VIA 135 ST,3
12086000413,30719,14,10.0,215,77,NORWOOD - DOWNTOWN VIA NW 7 AVE,3
12086000414,28819,1,90.0,2,NMBEACD,City of North Miami Beach Purple Rt,3
12086000414,30430,4,9.0,35,75,MIAMI LAKES-NORTH MIAMI-SUNNY ISLES,3
12086000414,30435,3,3.5294117647058822,59,95,I-95 GOLDEN GLADES EXPRESS,3
12086000414,30719,10,5.806451612903226,169,77,NORWOOD - DOWNTOWN VIA NW 7 AVE,3
12086000415,30408,12,25.714285714285715,79,17,163 ST TERM-VIZ VIA 17 AV,3
12086000415,30411,11,30.0,61,22,MDC NORTH-COCO GROVE VIA 22 AVE,3
12086000415,30413,2,45.0,8,25,MDC NORTH - NE 135 ST/12 AVE,3
12086000415,30442,6,15.0,66,125,MDC NORTH TO MIAMI BEACH VIA 125 ST,3
12086000415,30715,6,30.0,35,103,HIA GARDENS-BISC BLVD VIA 103 ST,3
12086000416,30411,26,30.0,144,22,MDC NORTH-COCO GROVE VIA 22 AVE,3
12086000416,30413,10,45.0,40,25,MDC NORTH - NE 135 ST/12 AVE,3
12086000416,30415,19,13.846153846153847,230,27,COCO GROVE-MIA GARDENS VIA NW 27 AV,3
12086000416,30416,2,30.0,12,32,MIAMI GRDNS-OMNI VIA NW 32 AVE-20ST,3
12086000416,30442,10,15.0,112,125,MDC NORTH TO MIAMI BEACH VIA 125 ST,3
12086000416,30715,6,30.0,33,103,HIA GARDENS-BISC BLVD VIA 103 ST,3
12086000417,28816,16,36.0,70,OPALCKA,City of Opa-Locka North Link,3
12086000417,30408,19,22.5,133,17,163 ST TERM-VIZ VIA 17 AV,3
12086000417,30415,13,15.0,156,27,COCO GROVE-MIA GARDENS VIA NW 27 AV,3
12086000417,30716,9,30.0,54,135,OPALOCKA-NORTH MIAMI VIA 135 ST,3
12086000418,28816,3,45.0,12,OPALCKA,City of Opa-Locka North Link,3
12086000418,30408,13,22.5,91,17,163 ST TERM-VIZ VIA 17 AV,3
12086000419,28816,2,36.0,10,OPALCKA,City of Opa-Locka North Link,3
12086000419,30408,6,25.714285714285715,42,17,163 ST TERM-VIZ VIA 17 AV,3
12086000419,30411,6,30.0,33,22,MDC NORTH-COCO GROVE VIA 22 AVE,3
12086000419,30413,12,45.0,48,25,MDC NORTH - NE 135 ST/12 AVE,3
12086000419,30415,12,15.0,142,27,COCO GROVE-MIA GARDENS VIA NW 27 AV,3
12086000419,30442,6,15.0,66,125,MDC NORTH TO MIAMI BEACH VIA 125 ST,3
12086000419,30716,8,30.0,48,135,OPALOCKA-NORTH MIAMI VIA 135 ST,3
12086000420,30408,17,25.714285714285715,115,17,163 ST TERM-VIZ VIA 17 AV,3
12086000420,30411,2,30.0,11,22,MDC NORTH-COCO GROVE VIA 22 AVE,3
12086000420,30413,15,45.0,60,25,MDC NORTH - NE 135 ST/12 AVE,3
12086000420,30442,6,15.0,66,125,MDC NORTH TO MIAMI BEACH VIA 125 ST,3
12086000420,30716,5,30.0,30,135,OPALOCKA-NORTH MIAMI VIA 135 ST,3
12086000504,28816,19,20.0,82,OPALCKA,City of Opa-Locka North Link,3
12086000504,30415,5,15.0,60,27,COCO GROVE-MIA GARDENS VIA NW 27 AV,3
12086000504,30416,14,18.0,83,32,MIAMI GRDNS-OMNI VIA NW 32 AVE-20ST,3
12086000504,30421,3,25.714285714285715,14,42,DGLS RD-OPALOCKA TRI-RAIL,3
12086000504,30716,4,15.0,30,135,OPALOCKA-NORTH MIAMI VIA 135 ST,3
12086000505,23896,6,22.5,29,HIAMAR,City of Hialeah Transit (Marlin),3
12086000505,30419,13,30.0,62,37,HIALEAH-SO.MIAMI VIA PALM/37 AVE,3
12086000505,30421,21,45.0,73,42,DGLS RD-OPALOCKA TRI-RAIL,3
12086000506,28816,5,45.0,20,OPALCKA,City of Opa-Locka North Link,3
12086000506,30415,10,15.0,118,27,COCO GROVE-MIA GARDENS VIA NW 27 AV,3
12086000506,30416,8,30.0,44,32,MIAMI GRDNS-OMNI VIA NW 32 AVE-20ST,3
12086000507,30416,33,30.0,175,32,MIAMI GRDNS-OMNI VIA NW 32 AVE-20ST,3
12086000507,30419,5,36.0,21,37,HIALEAH-SO.MIAMI VIA PALM/37 AVE,3
12086000507,30430,7,12.0,60,75,MIAMI LAKES-NORTH MIAMI-SUNNY ISLES,3
12086000508,23896,12,22.5,51,HIAMAR,City of Hialeah Transit (Marlin),3
12086000508,28816,3,36.0,15,OPALCKA,City of Opa-Locka North Link,3
12086000508,30411,7,16.363636363636363,44,22,MDC NORTH-COCO GROVE VIA 22 AVE,3
12086000508,30413,7,22.5,32,25,MDC NORTH - NE 135 ST/12 AVE,3
12086000508,30415,21,7.5,264,27,COCO GROVE-MIA GARDENS VIA NW 27 AV,3
12086000508,30416,20,15.0,120,32,MIAMI GRDNS-OMNI VIA NW 32 AVE-20ST,3
12086000508,30421,11,45.0,38,42,DGLS RD-OPALOCKA TRI-RAIL,3
12086000508,30442,7,7.826086956521739,91,125,MDC NORTH TO MIAMI BEACH VIA 125 ST,3
12086000508,30716,3,30.0,18,135,OPALOCKA-NORTH MIAMI VIA 135 ST,3
12086000509,28816,10,20.0,52,OPALCKA,City of Opa-Locka North Link,3
12086000509,30415,10,15.0,120,27,COCO GROVE-MIA GARDENS VIA NW 27 AV,3
12086000509,30416,12,18.0,75,32,MIAMI GRDNS-OMNI VIA NW 32 AVE-20ST,3
12086000509,30421,2,25.714285714285715,10,42,DGLS RD-OPALOCKA TRI-RAIL,3
12086000509,30716,11,15.0,72,135,OPALOCKA-NORTH MIAMI VIA 135 ST,3
12086000601,23896,11,36.0,43,HIAMAR,City of Hialeah Transit (Marlin),3
12086000601,30421,10,45.0,35,42,DGLS RD-OPALOCKA TRI-RAIL,3
12086000602,30419,10,30.0,50,37,HIALEAH-SO.MIAMI VIA PALM/37 AVE,3
12086000603,23896,14,45.0,55,HIAMAR,City of Hialeah Transit (Marlin),3
12086000603,30419,8,30.0,40,37,HIALEAH-SO.MIAMI VIA PALM/37 AVE,3
12086000603,30715,11,36.0,55,103,HIA GARDENS-BISC BLVD VIA 103 ST,3
12086000605,23896,19,36.0,70,HIAMAR,City of Hialeah Transit (Marlin),3
12086000605,30421,14,45.0,56,42,DGLS RD-OPALOCKA TRI-RAIL,3
12086000605,30432,11,13.846153846153847,119,79,HIALEAH-MIAMI BEACH VIA 79 ST,3
12086000605,30979,2,10.0,35,2600,REGULAR METRORAIL SERVICE,2
12086000607,23896,16,22.5,74,HIAMAR,City of Hialeah Transit (Marlin),3
12086000607,30419,10,36.0,45,37,HIALEAH-SO.MIAMI VIA PALM/37 AVE,3
12086000609,23895,9,36.0,35,HIAFLA,City of Hialeah Transit (Flamingo),3
12086000609,23896,21,22.5,125,HIAMAR,City of Hialeah Transit (Marlin),3
12086000609,30419,6,36.0,27,37,HIALEAH-SO.MIAMI VIA PALM/37 AVE,3
12086000609,30432,2,15.0,20,79,HIALEAH-MIAMI BEACH VIA 79 ST,3
12086000610,23896,5,22.5,37,HIAMAR,City of Hialeah Transit (Marlin),3
12086000611,23896,18,36.0,72,HIAMAR,City of Hialeah Transit (Marlin),3
12086000611,30421,18,45.0,65,42,DGLS RD-OPALOCKA TRI-RAIL,3
12086000611,30715,4,36.0,20,103,HIA GARDENS-BISC BLVD VIA 103 ST,3
12086000612,23896,18,36.0,72,HIAMAR,City of Hialeah Transit (Marlin),3
12086000612,30421,18,45.0,65,42,DGLS RD-OPALOCKA TRI-RAIL,3
12086000612,30715,4,36.0,20,103,HIA GARDENS-BISC BLVD VIA 103 ST,3
12086000705,23895,18,25.714285714285715,84,HIAFLA,City of Hialeah Transit (Flamingo),3
12086000705,23896,8,45.0,29,HIAMAR,City of Hialeah Transit (Marlin),3
12086000705,30423,4,36.0,20,54,HIALEAH-MIAMI LAKES-BISCA VIA 54 ST,3
12086000705,30715,6,30.0,34,103,HIA GARDENS-BISC BLVD VIA 103 ST,3
12086000710,23895,8,22.5,35,HIAFLA,City of Hialeah Transit (Flamingo),3
12086000710,30429,1,22.5,8,73,OKEECHOBEE-DADELAND SO-PALM BAY,3
12086000710,30449,8,11.25,69,183,AVENTURA-HIALEAH VIA 183 ST/67 AVE,3
12086000710,30979,2,10.0,34,2600,REGULAR METRORAIL SERVICE,2
12086000711,23895,11,36.0,43,HIAFLA,City of Hialeah Transit (Flamingo),3
12086000711,30423,13,30.0,75,54,HIALEAH-MIAMI LAKES-BISCA VIA 54 ST,3
12086000711,30429,1,22.5,8,73,OKEECHOBEE-DADELAND SO-PALM BAY,3
12086000711,30449,1,11.25,16,183,AVENTURA-HIALEAH VIA 183 ST/67 AVE,3
12086000711,30979,2,10.0,34,2600,REGULAR METRORAIL SERVICE,2
12086000712,30423,2,30.0,12,54,HIALEAH-MIAMI LAKES-BISCA VIA 54 ST,3
12086000712,30429,1,22.5,8,73,OKEECHOBEE-DADELAND SO-PALM BAY,3
12086000712,30449,1,11.25,16,183,AVENTURA-HIALEAH VIA 183 ST/67 AVE,3
12086000712,30979,2,10.0,34,2600,REGULAR METRORAIL SERVICE,2
12086000713,23895,7,45.0,28,HIAFLA,City of Hialeah Transit (Flamingo),3
12086000713,23896,8,45.0,28,HIAMAR,City of Hialeah Transit (Marlin),3
12086000713,30423,8,30.0,41,54,HIALEAH-MIAMI LAKES-BISCA VIA 54 ST,3
12086000713,30449,6,22.5,48,183,AVENTURA-HIALEAH VIA 183 ST/67 AVE,3
12086000713,30715,8,30.0,44,103,HIA GARDENS-BISC BLVD VIA 103 ST,3
12086000714,23895,9,36.0,38,HIAFLA,City of Hialeah Transit (Flamingo),3
12086000714,30449,8,22.5,61,183,AVENTURA-HIALEAH VIA 183 ST/67 AVE,3
12086000715,23895,1,36.0,5,HIAFLA,City of Hialeah Transit (Flamingo),3
12086000715,23896,8,45.0,28,HIAMAR,City of Hialeah Transit (Marlin),3
12086000715,30423,12,30.0,66,54,HIALEAH-MIAMI LAKES-BISCA VIA 54 ST,3
12086000715,30449,12,22.5,93,183,AVENTURA-HIALEAH VIA 183 ST/67 AVE,3
12086000715,30715,8,30.0,44,103,HIA GARDENS-BISC BLVD VIA 103 ST,3
12086000716,30423,9,30.0,50,54,HIALEAH-MIAMI LAKES-BISCA VIA 54 ST,3
12086000717,23895,5,36.0,19,HIAFLA,City of Hialeah Transit (Flamingo),3
12086000717,30423,9,30.0,50,54,HIALEAH-MIAMI LAKES-BISCA VIA 54 ST,3
12086000718,23895,5,45.0,20,HIAFLA,City of Hialeah Transit (Flamingo),3
12086000718,23896,22,45.0,78,HIAMAR,City of Hialeah Transit (Marlin),3
12086000718,30423,20,30.0,106,54,HIALEAH-MIAMI LAKES-BISCA VIA 54 ST,3
12086000718,30449,5,22.5,40,183,AVENTURA-HIALEAH VIA 183 ST/67 AVE,3
12086000718,30715,18,30.0,98,103,HIA GARDENS-BISC BLVD VIA 103 ST,3
12086000719,23895,1,36.0,5,HIAFLA,City of Hialeah Transit (Flamingo),3
12086000720,23895,14,36.0,58,HIAFLA,City of Hialeah Transit (Flamingo),3
12086000720,30449,10,22.5,75,183,AVENTURA-HIALEAH VIA 183 ST/67 AVE,3
12086000804,23895,18,22.5,77,HIAFLA,City of Hialeah Transit (Flamingo),3
12086000804,23896,8,22.5,36,HIAMAR,City of Hialeah Transit (Marlin),3
12086000804,23909,11,90.0,22,MIASPG,City of Miami Springs Free-Bee,3
12086000804,30419,7,18.0,43,37,HIALEAH-SO.MIAMI VIA PALM/37 AVE,3
12086000804,30423,14,15.0,84,54,HIALEAH-MIAMI LAKES-BISCA VIA 54 ST,3
12086000804,30426,5,36.0,22,62,HIALEAH-BISC BLVD VIA 62 ST,3
12086000804,30432,5,9.0,56,79,HIALEAH-MIAMI BEACH VIA 79 ST,3
12086000804,30979,2,10.0,35,2600,REGULAR METRORAIL SERVICE,2
12086000805,30421,14,45.0,56,42,DGLS RD-OPALOCKA TRI-RAIL,3
12086000805,30426,10,36.0,45,62,HIALEAH-BISC BLVD VIA 62 ST,3
12086000806,23895,19,22.5,82,HIAFLA,City of Hialeah Transit (Flamingo),3
12086000806,23896,39,22.5,201,HIAMAR,City of Hialeah Transit (Marlin),3
12086000806,23909,2,90.0,4,MIASPG,City of Miami Springs Free-Bee,3
12086000806,30419,10,18.0,56,37,HIALEAH-SO.MIAMI VIA PALM/37 AVE,3
12086000806,30421,7,45.0,28,42,DGLS RD-OPALOCKA TRI-RAIL,3
12086000806,30423,7,15.0,48,54,HIALEAH-MIAMI LAKES-BISCA VIA 54 ST,3
12086000806,30432,16,9.0,175,79,HIALEAH-MIAMI BEACH VIA 79 ST,3
12086000806,30979,4,10.0,70,2600,REGULAR METRORAIL SERVICE,2
12086000807,23909,7,90.0,14,MIASPG,City of Miami Springs Free-Bee,3
12086000807,30419,9,30.0,50,37,HIALEAH-SO.MIAMI VIA PALM/37 AVE,3
12086000807,30426,3,36.0,13,62,HIALEAH-BISC BLVD VIA 62 ST,3
12086000808,23895,3,22.5,18,HIAFLA,City of Hialeah Transit (Flamingo),3
12086000808,23896,3,22.5,16,HIAMAR,City of Hialeah Transit (Marlin),3
12086000808,23909,5,90.0,10,MIASPG,City of Miami Springs Free-Bee,3
12086000808,30419,8,18.0,50,37,HIALEAH-SO.MIAMI VIA PALM/37 AVE,3
12086000808,30423,6,15.0,42,54,HIALEAH-MIAMI LAKES-BISCA VIA 54 ST,3
12086000808,30432,2,9.0,28,79,HIALEAH-MIAMI BEACH VIA 79 ST,3
12086000808,30979,2,10.0,35,2600,REGULAR METRORAIL SERVICE,2
12086000903,30404,7,15.0,48,12,NORTHSIDE - MERCY HOSP.,3
12086000903,30410,7,16.363636363636363,44,21,NORTHSIDE - DOWNTOWN,3
12086000903,30415,11,7.5,142,27,COCO GROVE-MIA GARDENS VIA NW 27 AV,3
12086000903,30416,15,30.0,81,32,MIAMI GRDNS-OMNI VIA NW 32 AVE-20ST,3
12086000903,30426,12,10.588235294117647,70,62,HIALEAH-BISC BLVD VIA 62 ST,3
12086000903,30432,17,13.846153846153847,174,79,HIALEAH-MIAMI BEACH VIA 79 ST,3
12086000903,30457,3,12.857142857142858,28,279,MIAMI BEACH-NORTHSIDE,3
12086000903,30979,6,10.0,103,2600,REGULAR METRORAIL SERVICE,2
12086000904,30404,7,15.0,48,12,NORTHSIDE - MERCY HOSP.,3
12086000904,30410,7,16.363636363636363,44,21,NORTHSIDE - DOWNTOWN,3
12086000904,30415,8,15.0,92,27,COCO GROVE-MIA GARDENS VIA NW 27 AV,3
12086000904,30416,10,30.0,56,32,MIAMI GRDNS-OMNI VIA NW 32 AVE-20ST,3
12086000904,30432,17,13.846153846153847,174,79,HIALEAH-MIAMI BEACH VIA 79 ST,3
12086000904,30457,3,12.857142857142858,28,279,MIAMI BEACH-NORTHSIDE,3
12086000904,30979,4,10.0,69,2600,REGULAR METRORAIL SERVICE,2
12086000905,30415,12,13.846153846153847,141,27,COCO GROVE-MIA GARDENS VIA NW 27 AV,3
12086000905,30416,9,30.0,52,32,MIAMI GRDNS-OMNI VIA NW 32 AVE-20ST,3
12086000906,30416,7,30.0,40,32,MIAMI GRDNS-OMNI VIA NW 32 AVE-20ST,3
12086000907,30415,5,13.846153846153847,63,27,COCO GROVE-MIA GARDENS VIA NW 27 AV,3
12086000907,30416,6,30.0,36,32,MIAMI GRDNS-OMNI VIA NW 32 AVE-20ST,3
12086000907,30715,6,30.0,32,103,HIA GARDENS-BISC BLVD VIA 103 ST,3
12086000908,30416,8,30.0,48,32,MIAMI GRDNS-OMNI VIA NW 32 AVE-20ST,3
12086000908,30715,5,36.0,25,103,HIA GARDENS-BISC BLVD VIA 103 ST,3
12086001003,30404,7,30.0,42,12,NORTHSIDE - MERCY HOSP.,3
12086001003,30408,8,30.0,48,17,163 ST TERM-VIZ VIA 17 AV,3
12086001003,30410,7,30.0,38,21,NORTHSIDE - DOWNTOWN,3
12086001003,30411,15,25.714285714285715,90,22,MDC NORTH-COCO GROVE VIA 22 AVE,3
12086001003,30415,14,13.846153846153847,162,27,COCO GROVE-MIA GARDENS VIA NW 27 AV,3
12086001003,30432,14,13.846153846153847,146,79,HIALEAH-MIAMI BEACH VIA 79 ST,3
12086001003,30457,6,22.5,44,279,MIAMI BEACH-NORTHSIDE,3
12086001004,30404,21,30.0,126,12,NORTHSIDE - MERCY HOSP.,3
12086001004,30408,8,30.0,48,17,163 ST TERM-VIZ VIA 17 AV,3
12086001004,30410,19,30.0,110,21,NORTHSIDE - DOWNTOWN,3
12086001004,30411,7,25.714285714285715,43,22,MDC NORTH-COCO GROVE VIA 22 AVE,3
12086001004,30415,4,15.0,46,27,COCO GROVE-MIA GARDENS VIA NW 27 AV,3
12086001004,30432,25,13.846153846153847,265,79,HIALEAH-MIAMI BEACH VIA 79 ST,3
12086001004,30457,8,22.5,58,279,MIAMI BEACH-NORTHSIDE,3
12086001004,30719,7,10.588235294117647,111,77,NORWOOD - DOWNTOWN VIA NW 7 AVE,3
12086001005,30715,10,30.0,60,103,HIA GARDENS-BISC BLVD VIA 103 ST,3
12086001005,30719,10,10.588235294117647,160,77,NORWOOD - DOWNTOWN VIA NW 7 AVE,3
12086001006,29124,4,36.0,20,MIAHAIT,City of Miami Little Haiti Trolley,3
12086001006,30398,11,20.0,92,2,DOWNTOWN- NE 84 ST VIA NW 2 AVE,3
12086001006,30432,11,15.0,114,79,HIALEAH-MIAMI BEACH VIA 79 ST,3
12086001006,30457,6,25.714285714285715,42,279,MIAMI BEACH-NORTHSIDE,3
12086001006,30719,11,10.0,180,77,NORWOOD - DOWNTOWN VIA NW 7 AVE,3
12086001007,30408,13,13.846153846153847,87,17,163 ST TERM-VIZ VIA 17 AV,3
12086001007,30411,7,30.0,41,22,MDC NORTH-COCO GROVE VIA 22 AVE,3
12086001007,30432,4,13.846153846153847,44,79,HIALEAH-MIAMI BEACH VIA 79 ST,3
12086001007,30457,2,22.5,15,279,MIAMI BEACH-NORTHSIDE,3
12086001007,30715,2,30.0,12,103,HIA GARDENS-BISC BLVD VIA 103 ST,3
12086001008,30432,10,13.846153846153847,110,79,HIALEAH-MIAMI BEACH VIA 79 ST,3
12086001008,30457,2,25.714285714285715,14,279,MIAMI BEACH-NORTHSIDE,3
12086001008,30715,1,30.0,6,103,HIA GARDENS-BISC BLVD VIA 103 ST,3
12086001008,30719,10,10.0,165,77,NORWOOD - DOWNTOWN VIA NW 7 AVE,3
12086001101,23916,1,45.0,4,NOMBLU,City of North Miami Blue,3
12086001101,23917,4,45.0,10,NOMGRN,City of North Miami Green,3
12086001101,23919,1,45.0,4,NOMORG,City of North Miami Orange,3
12086001101,30402,12,9.473684210526315,201,9,AVENTURA-DOWNTOWN VIA NE 2 AVE,3
12086001101,30407,8,45.0,29,16,163 ST- 79ST VIA NE 6AV & NE 16AV,3
12086001101,30442,13,15.0,149,125,MDC NORTH TO MIAMI BEACH VIA 125 ST,3
12086001101,30719,5,11.25,77,77,NORWOOD - DOWNTOWN VIA NW 7 AVE,3
12086001102,30402,11,9.473684210526315,188,9,AVENTURA-DOWNTOWN VIA NE 2 AVE,3
12086001102,30719,11,10.588235294117647,174,77,NORWOOD - DOWNTOWN VIA NW 7 AVE,3
12086001103,30715,6,30.0,32,103,HIA GARDENS-BISC BLVD VIA 103 ST,3
12086001103,30719,13,10.588235294117647,211,77,NORWOOD - DOWNTOWN VIA NW 7 AVE,3
12086001104,29124,2,36.0,10,MIAHAIT,City of Miami Little Haiti Trolley,3
12086001104,30398,4,10.588235294117647,42,2,DOWNTOWN- NE 84 ST VIA NW 2 AVE,3
12086001104,30399,6,15.0,67,3,AVENTURA-DOWNTOWN VIA BISC.BLVD.,3
12086001104,30402,16,9.473684210526315,266,9,AVENTURA-DOWNTOWN VIA NE 2 AVE,3
12086001104,30407,21,45.0,74,16,163 ST- 79ST VIA NE 6AV & NE 16AV,3
12086001104,30715,15,30.0,76,103,HIA GARDENS-BISC BLVD VIA 103 ST,3
12086001104,30718,1,36.0,5,203,DOWNTOWN-AVENTURA VIA BISCAYNE BLVD,3
12086001204,23918,5,90.0,10,NOMRED,City of North Miami Red,3
12086001204,30399,17,13.846153846153847,193,3,AVENTURA-DOWNTOWN VIA BISC.BLVD.,3
12086001204,30442,10,15.0,119,125,MDC NORTH TO MIAMI BEACH VIA 125 ST,3
12086001204,30718,5,30.0,25,203,DOWNTOWN-AVENTURA VIA BISCAYNE BLVD,3
12086001205,23916,1,45.0,4,NOMBLU,City of North Miami Blue,3
12086001205,23917,1,45.0,4,NOMGRN,City of North Miami Green,3
12086001205,23919,1,45.0,4,NOMORG,City of North Miami Orange,3
12086001205,30399,15,15.0,170,3,AVENTURA-DOWNTOWN VIA BISC.BLVD.,3
12086001205,30402,1,12.857142857142858,14,9,AVENTURA-DOWNTOWN VIA NE 2 AVE,3
12086001205,30407,29,45.0,105,16,163 ST- 79ST VIA NE 6AV & NE 16AV,3
12086001205,30442,1,15.0,12,125,MDC NORTH TO MIAMI BEACH VIA 125 ST,3
12086001205,30715,12,36.0,60,103,HIA GARDENS-BISC BLVD VIA 103 ST,3
12086001205,30718,6,30.0,31,203,DOWNTOWN-AVENTURA VIA BISCAYNE BLVD,3
12086001206,30399,12,15.0,135,3,AVENTURA-DOWNTOWN VIA BISC.BLVD.,3
12086001206,30407,5,45.0,18,16,163 ST- 79ST VIA NE 6AV & NE 16AV,3
12086001206,30715,4,36.0,20,103,HIA GARDENS-BISC BLVD VIA 103 ST,3
12086001206,30718,6,30.0,31,203,DOWNTOWN-AVENTURA VIA BISCAYNE BLVD,3
12086001208,23916,3,90.0,6,NOMBLU,City of North Miami Blue,3
12086001208,23918,3,90.0,6,NOMRED,City of North Miami Red,3
12086001208,30399,10,13.846153846153847,115,3,AVENTURA-DOWNTOWN VIA BISC.BLVD.,3
12086001208,30407,6,45.0,24,16,163 ST- 79ST VIA NE 6AV & NE 16AV,3
12086001208,30442,9,15.0,105,125,MDC NORTH TO MIAMI BEACH VIA 125 ST,3
12086001208,30718,4,30.0,20,203,DOWNTOWN-AVENTURA VIA BISCAYNE BLVD,3
12086001209,30399,12,13.846153846153847,137,3,AVENTURA-DOWNTOWN VIA BISC.BLVD.,3
12086001209,30718,2,30.0,11,203,DOWNTOWN-AVENTURA VIA BISCAYNE BLVD,3
12086001301,30399,10,13.846153846153847,110,3,AVENTURA-DOWNTOWN VIA BISC.BLVD.,3
12086001301,30407,10,25.714285714285715,38,16,163 ST- 79ST VIA NE 6AV & NE 16AV,3
12086001301,30432,15,15.0,164,79,HIALEAH-MIAMI BEACH VIA 79 ST,3
12086001301,30457,2,25.714285714285715,14,279,MIAMI BEACH-NORTHSIDE,3
12086001301,30715,10,16.363636363636363,58,103,HIA GARDENS-BISC BLVD VIA 103 ST,3
12086001301,30718,2,36.0,10,203,DOWNTOWN-AVENTURA VIA BISCAYNE BLVD,3
12086001302,29124,6,36.0,30,MIAHAIT,City of Miami Little Haiti Trolley,3
12086001302,30399,12,15.0,130,3,AVENTURA-DOWNTOWN VIA BISC.BLVD.,3
12086001302,30423,2,16.363636363636363,17,54,HIALEAH-MIAMI LAKES-BISCA VIA 54 ST,3
12086001302,30426,6,10.0,62,62,HIALEAH-BISC BLVD VIA 62 ST,3
12086001302,30432,8,15.0,88,79,HIALEAH-MIAMI BEACH VIA 79 ST,3
12086001302,30457,2,25.714285714285715,14,279,MIAMI BEACH-NORTHSIDE,3
12086001302,30718,4,36.0,20,203,DOWNTOWN-AVENTURA VIA BISCAYNE BLVD,3
12086001401,29124,6,30.0,35,MIAHAIT,City of Miami Little Haiti Trolley,3
12086001401,30398,16,20.0,137,2,DOWNTOWN- NE 84 ST VIA NW 2 AVE,3
12086001401,30432,11,15.0,114,79,HIALEAH-MIAMI BEACH VIA 79 ST,3
12086001401,30457,6,25.714285714285715,42,279,MIAMI BEACH-NORTHSIDE,3
12086001401,30719,2,10.588235294117647,32,77,NORWOOD - DOWNTOWN VIA NW 7 AVE,3
12086001402,29124,12,36.0,60,MIAHAIT,City of Miami Little Haiti Trolley,3
12086001402,30398,9,10.588235294117647,84,2,DOWNTOWN- NE 84 ST VIA NW 2 AVE,3
12086001402,30402,14,9.473684210526315,243,9,AVENTURA-DOWNTOWN VIA NE 2 AVE,3
12086001402,30432,6,13.846153846153847,64,79,HIALEAH-MIAMI BEACH VIA 79 ST,3
12086001402,30457,4,25.714285714285715,28,279,MIAMI BEACH-NORTHSIDE,3
12086001501,28824,4,60.0,12,MIALIB,City of Miami - Liberty City Route,3
12086001501,30404,22,30.0,125,12,NORTHSIDE - MERCY HOSP.,3
12086001501,30408,9,25.714285714285715,58,17,163 ST TERM-VIZ VIA 17 AV,3
12086001501,30410,21,30.0,126,21,NORTHSIDE - DOWNTOWN,3
12086001501,30426,8,20.0,66,62,HIALEAH-BISC BLVD VIA 62 ST,3
12086001502,28824,1,60.0,3,MIALIB,City of Miami - Liberty City Route,3
12086001502,30404,11,30.0,66,12,NORTHSIDE - MERCY HOSP.,3
12086001502,30408,9,25.714285714285715,58,17,163 ST TERM-VIZ VIA 17 AV,3
12086001502,30410,10,30.0,60,21,NORTHSIDE - DOWNTOWN,3
12086001502,30411,10,30.0,60,22,MDC NORTH-COCO GROVE VIA 22 AVE,3
12086001502,30415,8,7.5,107,27,COCO GROVE-MIA GARDENS VIA NW 27 AV,3
12086001502,30426,13,10.588235294117647,111,62,HIALEAH-BISC BLVD VIA 62 ST,3
12086001502,30979,2,10.0,34,2600,REGULAR METRORAIL SERVICE,2
12086001603,23895,10,36.0,36,HIAFLA,City of Hialeah Transit (Flamingo),3
12086001603,30419,3,30.0,17,37,HIALEAH-SO.MIAMI VIA PALM/37 AVE,3
12086001603,30421,10,45.0,40,42,DGLS RD-OPALOCKA TRI-RAIL,3
12086001603,30423,13,30.0,72,54,HIALEAH-MIAMI LAKES-BISCA VIA 54 ST,3
12086001603,30426,9,36.0,41,62,HIALEAH-BISC BLVD VIA 62 ST,3
12086001605,23895,4,60.0,12,HIAFLA,City of Hialeah Transit (Flamingo),3
12086001605,23909,9,45.0,20,MIASPG,City of Miami Springs Free-Bee,3
12086001605,30419,8,30.0,44,37,HIALEAH-SO.MIAMI VIA PALM/37 AVE,3
12086001605,30426,9,20.0,45,62,HIALEAH-BISC BLVD VIA 62 ST,3
12086001606,23895,21,36.0,73,HIAFLA,City of Hialeah Transit (Flamingo),3
12086001606,23909,7,90.0,14,MIASPG,City of Miami Springs Free-Bee,3
12086001606,30419,11,30.0,59,37,HIALEAH-SO.MIAMI VIA PALM/37 AVE,3
12086001606,30423,7,30.0,38,54,HIALEAH-MIAMI LAKES-BISCA VIA 54 ST,3
12086001606,30426,8,36.0,37,62,HIALEAH-BISC BLVD VIA 62 ST,3
12086001607,30409,2,30.0,12,20,AIRPORT STATION TO LINCOLN RD,3
12086001607,30418,2,15.0,21,36,DORAL-AIRPORT-MIAMI BEACH VIA 36 ST,3
12086001607,30421,16,45.0,64,42,DGLS RD-OPALOCKA TRI-RAIL,3
12086001607,30423,7,30.0,39,54,HIALEAH-MIAMI LAKES-BISCA VIA 54 ST,3
12086001607,30443,1,60.0,3,132,HIA.TRI-RAIL STA-DORAL VIA 36ST,3
12086001608,23895,12,36.0,40,HIAFLA,City of Hialeah Transit (Flamingo),3
12086001608,23909,2,45.0,6,MIASPG,City of Miami Springs Free-Bee,3
12086001608,30419,12,30.0,65,37,HIALEAH-SO.MIAMI VIA PALM/37 AVE,3
12086001608,30421,11,45.0,44,42,DGLS RD-OPALOCKA TRI-RAIL,3
12086001608,30423,6,30.0,33,54,HIALEAH-MIAMI LAKES-BISCA VIA 54 ST,3
12086001701,30415,7,7.5,96,27,COCO GROVE-MIA GARDENS VIA NW 27 AV,3
12086001701,30416,13,30.0,70,32,MIAMI GRDNS-OMNI VIA NW 32 AVE-20ST,3
12086001701,30423,13,15.0,89,54,HIALEAH-MIAMI LAKES-BISCA VIA 54 ST,3
12086001701,30426,12,10.588235294117647,70,62,HIALEAH-BISC BLVD VIA 62 ST,3
12086001701,30443,1,60.0,3,132,HIA.TRI-RAIL STA-DORAL VIA 36ST,3
12086001701,30979,2,10.0,34,2600,REGULAR METRORAIL SERVICE,2
12086001702,30415,9,7.826086956521739,116,27,COCO GROVE-MIA GARDENS VIA NW 27 AV,3
12086001702,30416,9,30.0,49,32,MIAMI GRDNS-OMNI VIA NW 32 AVE-20ST,3
12086001702,30423,8,15.0,66,54,HIALEAH-MIAMI LAKES-BISCA VIA 54 ST,3
12086001702,30979,2,10.0,35,2600,REGULAR METRORAIL SERVICE,2
12086001704,23903,2,10.0,28,MIAALP,City of Miami - Allapattah Route,3
12086001704,30409,6,30.0,36,20,AIRPORT STATION TO LINCOLN RD,3
12086001704,30415,10,13.846153846153847,119,27,COCO GROVE-MIA GARDENS VIA NW 27 AV,3
12086001704,30416,9,30.0,52,32,MIAMI GRDNS-OMNI VIA NW 32 AVE-20ST,3
12086001704,30418,8,15.0,87,36,DORAL-AIRPORT-MIAMI BEACH VIA 36 ST,3
12086001705,23903,1,10.0,18,MIAALP,City of Miami - Allapattah Route,3
12086001705,30409,18,30.0,108,20,AIRPORT STATION TO LINCOLN RD,3
12086001705,30415,2,13.846153846153847,24,27,COCO GROVE-MIA GARDENS VIA NW 27 AV,3
12086001705,30416,15,30.0,87,32,MIAMI GRDNS-OMNI VIA NW 32 AVE-20ST,3
12086001705,30418,9,8.181818181818182,105,36,DORAL-AIRPORT-MIAMI BEACH VIA 36 ST,3
12086001801,28824,16,60.0,48,MIALIB,City of Miami - Liberty City Route,3
12086001801,30408,8,25.714285714285715,52,17,163 ST TERM-VIZ VIA 17 AV,3
12086001801,30411,8,30.0,48,22,MDC NORTH-COCO GROVE VIA 22 AVE,3
12086001801,30415,7,7.5,96,27,COCO GROVE-MIA GARDENS VIA NW 27 AV,3
12086001801,30423,13,15.0,84,54,HIALEAH-MIAMI LAKES-BISCA VIA 54 ST,3
12086001801,30426,13,10.588235294117647,111,62,HIALEAH-BISC BLVD VIA 62 ST,3
12086001801,30979,2,10.0,34,2600,REGULAR METRORAIL SERVICE,2
12086001802,28824,12,60.0,36,MIALIB,City of Miami - Liberty City Route,3
12086001802,30408,20,12.857142857142858,186,17,163 ST TERM-VIZ VIA 17 AV,3
12086001802,30411,11,15.0,72,22,MDC NORTH-COCO GROVE VIA 22 AVE,3
12086001802,30423,7,30.0,42,54,HIALEAH-MIAMI LAKES-BISCA VIA 54 ST,3
12086001802,30435,1,120.0,1,95,I-95 GOLDEN GLADES EXPRESS,3
12086001802,30979,2,5.0,69,2600,REGULAR METRORAIL SERVICE,2
12086001803,28824,3,60.0,9,MIALIB,City of Miami - Liberty City Route,3
12086001803,30408,3,13.846153846153847,37,17,163 ST TERM-VIZ VIA 17 AV,3
12086001803,30411,10,30.0,60,22,MDC NORTH-COCO GROVE VIA 22 AVE,3
12086001803,30415,9,7.826086956521739,116,27,COCO GROVE-MIA GARDENS VIA NW 27 AV,3
12086001803,30423,9,15.0,66,54,HIALEAH-MIAMI LAKES-BISCA VIA 54 ST,3
12086001803,30979,2,10.0,35,2600,REGULAR METRORAIL SERVICE,2
12086001901,28824,16,60.0,48,MIALIB,City of Miami - Liberty City Route,3
12086001901,30404,9,30.0,51,12,NORTHSIDE - MERCY HOSP.,3
12086001901,30410,9,30.0,54,21,NORTHSIDE - DOWNTOWN,3
12086001901,30426,11,20.0,92,62,HIALEAH-BISC BLVD VIA 62 ST,3
12086001901,30719,14,10.0,230,77,NORWOOD - DOWNTOWN VIA NW 7 AVE,3
12086001903,28824,14,60.0,42,MIALIB,City of Miami - Liberty City Route,3
12086001903,30404,13,30.0,71,12,NORTHSIDE - MERCY HOSP.,3
12086001903,30408,8,25.714285714285715,52,17,163 ST TERM-VIZ VIA 17 AV,3
12086001903,30410,13,30.0,78,21,NORTHSIDE - DOWNTOWN,3
12086001903,30423,7,30.0,39,54,HIALEAH-MIAMI LAKES-BISCA VIA 54 ST,3
12086001903,30426,8,20.0,66,62,HIALEAH-BISC BLVD VIA 62 ST,3
12086001904,28824,21,60.0,63,MIALIB,City of Miami - Liberty City Route,3
12086001904,30404,8,30.0,44,12,NORTHSIDE - MERCY HOSP.,3
12086001904,30408,6,25.714285714285715,39,17,163 ST TERM-VIZ VIA 17 AV,3
12086001904,30410,7,30.0,42,21,NORTHSIDE - DOWNTOWN,3
12086001904,30423,15,30.0,83,54,HIALEAH-MIAMI LAKES-BISCA VIA 54 ST,3
12086001904,30719,10,10.588235294117647,165,77,NORWOOD - DOWNTOWN VIA NW 7 AVE,3
12086002001,28824,6,60.0,18,MIALIB,City of Miami - Liberty City Route,3
12086002001,29124,16,30.0,81,MIAHAIT,City of Miami Little Haiti Trolley,3
12086002001,30398,5,20.0,43,2,DOWNTOWN- NE 84 ST VIA NW 2 AVE,3
12086002001,30402,10,9.473684210526315,165,9,AVENTURA-DOWNTOWN VIA NE 2 AVE,3
12086002001,30423,1,16.363636363636363,11,54,HIALEAH-MIAMI LAKES-BISCA VIA 54 ST,3
12086002001,30426,19,20.0,162,62,HIALEAH-BISC BLVD VIA 62 ST,3
12086002003,28824,8,60.0,24,MIALIB,City of Miami - Liberty City Route,3
12086002003,29124,8,18.0,52,MIAHAIT,City of Miami Little Haiti Trolley,3
12086002003,30398,9,20.0,81,2,DOWNTOWN- NE 84 ST VIA NW 2 AVE,3
12086002003,30423,11,30.0,60,54,HIALEAH-MIAMI LAKES-BISCA VIA 54 ST,3
12086002003,30426,9,20.0,76,62,HIALEAH-BISC BLVD VIA 62 ST,3
12086002003,30719,2,11.25,32,77,NORWOOD - DOWNTOWN VIA NW 7 AVE,3
12086002004,29124,17,18.0,95,MIAHAIT,City of Miami Little Haiti Trolley,3
12086002004,30399,3,15.0,35,3,AVENTURA-DOWNTOWN VIA BISC.BLVD.,3
12086002004,30402,12,10.0,198,9,AVENTURA-DOWNTOWN VIA NE 2 AVE,3
12086002004,30423,11,16.363636363636363,66,54,HIALEAH-MIAMI LAKES-BISCA VIA 54 ST,3
12086002004,30426,12,20.0,103,62,HIALEAH-BISC BLVD VIA 62 ST,3
12086002004,30718,2,36.0,10,203,DOWNTOWN-AVENTURA VIA BISCAYNE BLVD,3
12086002100,23904,1,10.588235294117647,17,MIABIS,City of Miami - Biscayne Route,3
12086002100,29124,10,18.0,56,MIAHAIT,City of Miami Little Haiti Trolley,3
12086002100,30399,20,15.0,228,3,AVENTURA-DOWNTOWN VIA BISC.BLVD.,3
12086002100,30402,4,9.473684210526315,69,9,AVENTURA-DOWNTOWN VIA NE 2 AVE,3
12086002100,30418,4,15.0,43,36,DORAL-AIRPORT-MIAMI BEACH VIA 36 ST,3
12086002100,30423,5,16.363636363636363,34,54,HIALEAH-MIAMI LAKES-BISCA VIA 54 ST,3
12086002100,30426,6,10.0,62,62,HIALEAH-BISC BLVD VIA 62 ST,3
12086002100,30718,6,36.0,30,203,DOWNTOWN-AVENTURA VIA BISCAYNE BLVD,3
12086002201,23904,2,10.588235294117647,27,MIABIS,City of Miami - Biscayne Route,3
12086002201,28826,1,30.0,6,MIAWYNW,City of Miami - Wynwood Route,3
12086002201,29124,16,18.0,102,MIAHAIT,City of Miami Little Haiti Trolley,3
12086002201,30399,13,15.0,151,3,AVENTURA-DOWNTOWN VIA BISC.BLVD.,3
12086002201,30402,15,9.473684210526315,256,9,AVENTURA-DOWNTOWN VIA NE 2 AVE,3
12086002201,30418,6,15.0,64,36,DORAL-AIRPORT-MIAMI BEACH VIA 36 ST,3
12086002201,30423,10,30.0,55,54,HIALEAH-MIAMI LAKES-BISCA VIA 54 ST,3
12086002201,30718,4,36.0,20,203,DOWNTOWN-AVENTURA VIA BISCAYNE BLVD,3
12086002202,28824,1,60.0,3,MIALIB,City of Miami - Liberty City Route,3
12086002202,28826,2,30.0,12,MIAWYNW,City of Miami - Wynwood Route,3
12086002202,29124,14,18.0,68,MIAHAIT,City of Miami Little Haiti Trolley,3
12086002202,30398,11,20.0,95,2,DOWNTOWN- NE 84 ST VIA NW 2 AVE,3
12086002202,30418,5,15.0,54,36,DORAL-AIRPORT-MIAMI BEACH VIA 36 ST,3
12086002202,30423,11,30.0,60,54,HIALEAH-MIAMI LAKES-BISCA VIA 54 ST,3
12086002202,30719,9,10.588235294117647,148,77,NORWOOD - DOWNTOWN VIA NW 7 AVE,3
12086002300,28824,14,45.0,43,MIALIB,City of Miami - Liberty City Route,3
12086002300,30404,10,30.0,56,12,NORTHSIDE - MERCY HOSP.,3
12086002300,30408,9,12.857142857142858,66,17,163 ST TERM-VIZ VIA 17 AV,3
12086002300,30410,7,30.0,40,21,NORTHSIDE - DOWNTOWN,3
12086002300,30719,8,10.588235294117647,133,77,NORWOOD - DOWNTOWN VIA NW 7 AVE,3
12086002402,23903,17,10.0,171,MIAALP,City of Miami - Allapattah Route,3
12086002402,30408,11,22.5,77,17,163 ST TERM-VIZ VIA 17 AV,3
12086002402,30409,15,30.0,88,20,AIRPORT STATION TO LINCOLN RD,3
12086002402,30411,7,30.0,39,22,MDC NORTH-COCO GROVE VIA 22 AVE,3
12086002402,30415,6,13.846153846153847,72,27,COCO GROVE-MIA GARDENS VIA NW 27 AV,3
12086002402,30416,15,30.0,86,32,MIAMI GRDNS-OMNI VIA NW 32 AVE-20ST,3
12086002403,30411,10,30.0,59,22,MDC NORTH-COCO GROVE VIA 22 AVE,3
12086002403,30415,6,13.846153846153847,71,27,COCO GROVE-MIA GARDENS VIA NW 27 AV,3
12086002403,30418,8,15.0,88,36,DORAL-AIRPORT-MIAMI BEACH VIA 36 ST,3
12086002404,30408,15,13.846153846153847,110,17,163 ST TERM-VIZ VIA 17 AV,3
12086002404,30411,11,15.0,71,22,MDC NORTH-COCO GROVE VIA 22 AVE,3
12086002404,30418,10,15.0,110,36,DORAL-AIRPORT-MIAMI BEACH VIA 36 ST,3
12086002404,30435,1,120.0,1,95,I-95 GOLDEN GLADES EXPRESS,3
12086002404,30979,2,5.0,69,2600,REGULAR METRORAIL SERVICE,2
12086002501,28824,3,30.0,14,MIALIB,City of Miami - Liberty City Route,3
12086002501,30404,7,16.363636363636363,46,12,NORTHSIDE - MERCY HOSP.,3
12086002501,30408,10,22.5,69,17,163 ST TERM-VIZ VIA 17 AV,3
12086002501,30410,7,15.0,46,21,NORTHSIDE - DOWNTOWN,3
12086002501,30418,9,8.181818181818182,109,36,DORAL-AIRPORT-MIAMI BEACH VIA 36 ST,3
12086002501,30979,2,5.0,70,2600,REGULAR METRORAIL SERVICE,2
12086002502,28824,3,45.0,10,MIALIB,City of Miami - Liberty City Route,3
12086002502,30404,2,30.0,11,12,NORTHSIDE - MERCY HOSP.,3
12086002502,30408,3,22.5,21,17,163 ST TERM-VIZ VIA 17 AV,3
12086002502,30410,2,30.0,11,21,NORTHSIDE - DOWNTOWN,3
12086002502,30418,13,15.0,141,36,DORAL-AIRPORT-MIAMI BEACH VIA 36 ST,3
12086002502,30719,10,10.0,170,77,NORWOOD - DOWNTOWN VIA NW 7 AVE,3
12086002502,30979,2,5.0,70,2600,REGULAR METRORAIL SERVICE,2
12086002600,23904,11,10.588235294117647,109,MIABIS,City of Miami - Biscayne Route,3
12086002600,28826,14,30.0,78,MIAWYNW,City of Miami - Wynwood Route,3
12086002600,29124,7,18.0,34,MIAHAIT,City of Miami Little Haiti Trolley,3
12086002600,30398,9,20.0,74,2,DOWNTOWN- NE 84 ST VIA NW 2 AVE,3
12086002600,30399,2,15.0,23,3,AVENTURA-DOWNTOWN VIA BISC.BLVD.,3
12086002600,30402,7,10.0,118,9,AVENTURA-DOWNTOWN VIA NE 2 AVE,3
12086002600,30418,12,15.0,130,36,DORAL-AIRPORT-MIAMI BEACH VIA 36 ST,3
12086002600,30718,2,36.0,10,203,DOWNTOWN-AVENTURA VIA BISCAYNE BLVD,3
12086002600,30719,5,10.588235294117647,83,77,NORWOOD - DOWNTOWN VIA NW 7 AVE,3
12086002702,14456,3,2.5,144,MMO,METROMOVER OMNI/BRICKELL OUTER LOOP,0
12086002702,23903,8,10.0,85,MIAALP,City of Miami - Allapattah Route,3
12086002702,23904,22,10.588235294117647,203,MIABIS,City of Miami - Biscayne Route,3
12086002702,28826,11,16.363636363636363,67,MIAWYNW,City of Miami - Wynwood Route,3
12086002702,29124,2,18.0,14,MIAHAIT,City of Miami Little Haiti Trolley,3
12086002702,30399,20,15.0,230,3,AVENTURA-DOWNTOWN VIA BISC.BLVD.,3
12086002702,30402,21,10.0,362,9,AVENTURA-DOWNTOWN VIA NE 2 AVE,3
12086002702,30405,1,15.0,12,14,MT SINAI TO OMNI TERMINAL,3
12086002702,30406,1,16.363636363636363,11,15,OMNI TO MIAMI BEACH VIA VENETIAN,3
12086002702,30409,11,15.0,72,20,AIRPORT STATION TO LINCOLN RD,3
12086002702,30416,10,16.363636363636363,60,32,MIAMI GRDNS-OMNI VIA NW 32 AVE-20ST,3
12086002702,30418,3,15.0,32,36,DORAL-AIRPORT-MIAMI BEACH VIA 36 ST,3
12086002702,30718,8,36.0,39,203,DOWNTOWN-AVENTURA VIA BISCAYNE BLVD,3
12086002705,30399,7,15.0,79,3,AVENTURA-DOWNTOWN VIA BISC.BLVD.,3
12086002705,30418,3,16.363636363636363,31,36,DORAL-AIRPORT-MIAMI BEACH VIA 36 ST,3
12086002705,30718,3,36.0,15,203,DOWNTOWN-AVENTURA VIA BISCAYNE BLVD,3
12086002707,23904,3,18.0,28,MIABIS,City of Miami - Biscayne Route,3
12086002707,30399,6,16.363636363636363,66,3,AVENTURA-DOWNTOWN VIA BISC.BLVD.,3
12086002707,30718,2,36.0,10,203,DOWNTOWN-AVENTURA VIA BISCAYNE BLVD,3
12086002708,23904,7,18.0,62,MIABIS,City of Miami - Biscayne Route,3
12086002708,30399,6,15.0,69,3,AVENTURA-DOWNTOWN VIA BISC.BLVD.,3
12086002709,23904,7,20.0,60,MIABIS,City of Miami - Biscayne Route,3
12086002709,28826,1,30.0,6,MIAWYNW,City of Miami - Wynwood Route,3
12086002709,30399,5,15.0,59,3,AVENTURA-DOWNTOWN VIA BISC.BLVD.,3
12086002709,30409,4,30.0,24,20,AIRPORT STATION TO LINCOLN RD,3
12086002709,30416,5,30.0,27,32,MIAMI GRDNS-OMNI VIA NW 32 AVE-20ST,3
12086002709,30718,2,36.0,10,203,DOWNTOWN-AVENTURA VIA BISCAYNE BLVD,3
12086002710,14456,1,2.5,72,MMO,METROMOVER OMNI/BRICKELL OUTER LOOP,0
12086002710,23903,2,10.0,28,MIAALP,City of Miami - Allapattah Route,3
12086002710,23904,4,20.0,36,MIABIS,City of Miami - Biscayne Route,3
12086002710,28826,3,16.363636363636363,23,MIAWYNW,City of Miami - Wynwood Route,3
12086002710,30399,3,15.0,36,3,AVENTURA-DOWNTOWN VIA BISC.BLVD.,3
12086002710,30405,1,15.0,12,14,MT SINAI TO OMNI TERMINAL,3
12086002710,30406,11,16.363636363636363,63,15,OMNI TO MIAMI BEACH VIA VENETIAN,3
12086002710,30409,2,15.0,18,20,AIRPORT STATION TO LINCOLN RD,3
12086002710,30416,2,16.363636363636363,16,32,MIAMI GRDNS-OMNI VIA NW 32 AVE-20ST,3
12086002710,30718,2,36.0,9,203,DOWNTOWN-AVENTURA VIA BISCAYNE BLVD,3
12086002800,23903,2,18.0,19,MIAALP,City of Miami - Allapattah Route,3
12086002800,23904,3,18.0,28,MIABIS,City of Miami - Biscayne Route,3
12086002800,28826,12,30.0,66,MIAWYNW,City of Miami - Wynwood Route,3
12086002800,30398,8,20.0,68,2,DOWNTOWN- NE 84 ST VIA NW 2 AVE,3
12086002800,30409,9,30.0,54,20,AIRPORT STATION TO LINCOLN RD,3
12086002800,30416,9,30.0,49,32,MIAMI GRDNS-OMNI VIA NW 32 AVE-20ST,3
12086002800,30719,3,10.588235294117647,51,77,NORWOOD - DOWNTOWN VIA NW 7 AVE,3
12086002900,23903,15,18.0,143,MIAALP,City of Miami - Allapattah Route,3
12086002900,23907,4,18.0,25,MIAHLT,City of Miami - Health District Rte,3
12086002900,23908,4,18.0,25,MIAOVT,City of Miami - Overtown Route,3
12086002900,23910,4,36.0,14,MIASTA,City of Miami - Stadium Route,3
12086002900,30404,8,30.0,48,12,NORTHSIDE - MERCY HOSP.,3
12086002900,30408,8,22.5,55,17,163 ST TERM-VIZ VIA 17 AV,3
12086002900,30409,11,16.363636363636363,67,20,AIRPORT STATION TO LINCOLN RD,3
12086002900,30410,11,30.0,60,21,NORTHSIDE - DOWNTOWN,3
12086002900,30416,12,30.0,66,32,MIAMI GRDNS-OMNI VIA NW 32 AVE-20ST,3
12086002900,30435,3,18.0,24,95,I-95 GOLDEN GLADES EXPRESS,3
12086002900,30719,9,10.588235294117647,153,77,NORWOOD - DOWNTOWN VIA NW 7 AVE,3
12086002900,30979,2,5.0,70,2600,REGULAR METRORAIL SERVICE,2
12086003001,23903,8,18.0,76,MIAALP,City of Miami - Allapattah Route,3
12086003001,23907,15,18.0,80,MIAHLT,City of Miami - Health District Rte,3
12086003001,23908,18,18.0,95,MIAOVT,City of Miami - Overtown Route,3
12086003001,23910,15,36.0,46,MIASTA,City of Miami - Stadium Route,3
12086003001,30400,4,15.0,45,7,DOWNTOWN-DOLPH MALL/AIRPORT VIA 7ST,3
12086003001,30404,11,30.0,66,12,NORTHSIDE - MERCY HOSP.,3
12086003001,30409,6,16.363636363636363,40,20,AIRPORT STATION TO LINCOLN RD,3
12086003001,30410,13,30.0,73,21,NORTHSIDE - DOWNTOWN,3
12086003001,30416,7,30.0,38,32,MIAMI GRDNS-OMNI VIA NW 32 AVE-20ST,3
12086003001,30435,10,12.857142857142858,86,95,I-95 GOLDEN GLADES EXPRESS,3
12086003001,30719,17,10.588235294117647,289,77,NORWOOD - DOWNTOWN VIA NW 7 AVE,3
12086003001,30979,6,5.0,210,2600,REGULAR METRORAIL SERVICE,2
12086003004,23903,9,18.0,86,MIAALP,City of Miami - Allapattah Route,3
12086003004,23907,12,36.0,60,MIAHLT,City of Miami - Health District Rte,3
12086003004,23910,14,36.0,54,MIASTA,City of Miami - Stadium Route,3
12086003004,30404,10,30.0,60,12,NORTHSIDE - MERCY HOSP.,3
12086003004,30408,10,25.714285714285715,61,17,163 ST TERM-VIZ VIA 17 AV,3
12086003004,30409,6,16.363636363636363,38,20,AIRPORT STATION TO LINCOLN RD,3
12086003004,30410,3,30.0,17,21,NORTHSIDE - DOWNTOWN,3
12086003004,30416,7,30.0,39,32,MIAMI GRDNS-OMNI VIA NW 32 AVE-20ST,3
12086003004,30435,14,12.857142857142858,132,95,I-95 GOLDEN GLADES EXPRESS,3
12086003004,30979,4,5.0,140,2600,REGULAR METRORAIL SERVICE,2
12086003005,23903,7,10.0,75,MIAALP,City of Miami - Allapattah Route,3
12086003005,30409,8,30.0,48,20,AIRPORT STATION TO LINCOLN RD,3
12086003005,30411,4,30.0,22,22,MDC NORTH-COCO GROVE VIA 22 AVE,3
12086003005,30415,2,13.846153846153847,24,27,COCO GROVE-MIA GARDENS VIA NW 27 AV,3
12086003005,30416,8,30.0,48,32,MIAMI GRDNS-OMNI VIA NW 32 AVE-20ST,3
12086003006,23903,10,18.0,95,MIAALP,City of Miami - Allapattah Route,3
12086003006,30408,10,25.714285714285715,61,17,163 ST TERM-VIZ VIA 17 AV,3
12086003006,30409,9,30.0,52,20,AIRPORT STATION TO LINCOLN RD,3
12086003006,30411,4,30.0,22,22,MDC NORTH-COCO GROVE VIA 22 AVE,3
12086003006,30416,9,30.0,50,32,MIAMI GRDNS-OMNI VIA NW 32 AVE-20ST,3
12086003100,23903,18,18.0,171,MIAALP,City of Miami - Allapattah Route,3
12086003100,23907,2,36.0,10,MIAHLT,City of Miami - Health District Rte,3
12086003100,23908,5,18.0,30,MIAOVT,City of Miami - Overtown Route,3
12086003100,23910,2,36.0,7,MIASTA,City of Miami - Stadium Route,3
12086003100,28826,6,30.0,32,MIAWYNW,City of Miami - Wynwood Route,3
12086003100,30398,12,20.0,104,2,DOWNTOWN- NE 84 ST VIA NW 2 AVE,3
12086003100,30409,14,30.0,84,20,AIRPORT STATION TO LINCOLN RD,3
12086003100,30410,10,30.0,60,21,NORTHSIDE - DOWNTOWN,3
12086003100,30416,15,30.0,82,32,MIAMI GRDNS-OMNI VIA NW 32 AVE-20ST,3
12086003100,30719,12,10.588235294117647,204,77,NORWOOD - DOWNTOWN VIA NW 7 AVE,3
12086003400,14456,1,2.5,72,MMO,METROMOVER OMNI/BRICKELL OUTER LOOP,0
12086003400,14457,1,2.5,72,MMI,METROMOVER INNER LOOP,0
12086003400,23903,4,18.0,38,MIAALP,City of Miami - Allapattah Route,3
12086003400,23908,12,36.0,60,MIAOVT,City of Miami - Overtown Route,3
12086003400,30398,12,20.0,106,2,DOWNTOWN- NE 84 ST VIA NW 2 AVE,3
12086003400,30400,10,15.0,107,7,DOWNTOWN-DOLPH MALL/AIRPORT VIA 7ST,3
12086003400,30410,14,30.0,84,21,NORTHSIDE - DOWNTOWN,3
12086003400,30435,2,9.473684210526315,38,95,I-95 GOLDEN GLADES EXPRESS,3
12086003400,30470,2,45.0,8,836,DOLPHIN PARK-AND-RIDE TO DOWNTOWN,3
12086003400,30471,2,45.0,8,837,TAMIAMI PARK-AND-RIDE TO DOWNTOWN,3
12086003400,30719,6,10.588235294117647,102,77,NORWOOD - DOWNTOWN VIA NW 7 AVE,3
12086003400,30979,4,5.0,141,2600,REGULAR METRORAIL SERVICE,2
12086003603,28827,3,18.0,28,MIAHAVA,City of Miami - Little Havana Route,3
12086003603,30400,1,18.0,10,7,DOWNTOWN-DOLPH MALL/AIRPORT VIA 7ST,3
12086003603,30403,5,12.0,71,11,FIU-DOWNTOWN VIA FLAGLER ST,3
12086003603,30453,2,18.0,20,207,LITTLE HAVANA CONNECTION,3
12086003603,30454,3,16.363636363636363,33,208,LITTLE HAVANA CONNECTION,3
12086003603,30719,5,10.0,88,77,NORWOOD - DOWNTOWN VIA NW 7 AVE,3
12086003604,28827,2,20.0,18,MIAHAVA,City of Miami - Little Havana Route,3
12086003604,30401,2,16.363636363636363,22,8,BRICKELL-107AV/WSTCHSTR VIA SW 8 ST,3
12086003604,30403,6,12.0,85,11,FIU-DOWNTOWN VIA FLAGLER ST,3
12086003604,30453,5,15.0,54,207,LITTLE HAVANA CONNECTION,3
12086003604,30454,3,16.363636363636363,33,208,LITTLE HAVANA CONNECTION,3
12086003605,23906,1,25.714285714285715,7,MIACOR,City of Miami - Coral Way Route,3
12086003605,28827,5,18.0,50,MIAHAVA,City of Miami - Little Havana Route,3
12086003605,30401,3,15.0,34,8,BRICKELL-107AV/WSTCHSTR VIA SW 8 ST,3
12086003605,30403,2,12.857142857142858,28,11,FIU-DOWNTOWN VIA FLAGLER ST,3
12086003605,30453,4,15.0,46,207,LITTLE HAVANA CONNECTION,3
12086003605,30454,1,16.363636363636363,11,208,LITTLE HAVANA CONNECTION,3
12086003605,30719,1,10.0,18,77,NORWOOD - DOWNTOWN VIA NW 7 AVE,3
12086003606,14456,2,1.25,216,MMO,METROMOVER OMNI/BRICKELL OUTER LOOP,0
12086003606,14457,2,1.25,216,MMI,METROMOVER INNER LOOP,0
12086003606,23906,2,25.714285714285715,14,MIACOR,City of Miami - Coral Way Route,3
12086003606,23908,2,36.0,10,MIAOVT,City of Miami - Overtown Route,3
12086003606,28827,3,18.0,30,MIAHAVA,City of Miami - Little Havana Route,3
12086003606,30398,8,10.588235294117647,76,2,DOWNTOWN- NE 84 ST VIA NW 2 AVE,3
12086003606,30399,1,7.5,24,3,AVENTURA-DOWNTOWN VIA BISC.BLVD.,3
12086003606,30400,14,15.0,148,7,DOWNTOWN-DOLPH MALL/AIRPORT VIA 7ST,3
12086003606,30402,1,5.0,36,9,AVENTURA-DOWNTOWN VIA NE 2 AVE,3
12086003606,30403,2,6.428571428571429,42,11,FIU-DOWNTOWN VIA FLAGLER ST,3
12086003606,30410,10,16.363636363636363,65,21,NORTHSIDE - DOWNTOWN,3
12086003606,30435,3,9.473684210526315,56,95,I-95 GOLDEN GLADES EXPRESS,3
12086003606,30437,2,4.7368421052631575,58,100,DOWNTOWN-AVENTURA MALL VIA MIABEACH,3
12086003606,30438,2,15.0,18,101,MT SINAI HOSP - DOWNTOWN VIA ALTON,3
12086003606,30453,5,18.0,49,207,LITTLE HAVANA CONNECTION,3
12086003606,30454,5,15.0,60,208,LITTLE HAVANA CONNECTION,3
12086003606,30455,3,9.0,41,211,SWEETWATER-DOWNTOWN VIA FLAGLER ST,3
12086003606,30470,3,45.0,12,836,DOLPHIN PARK-AND-RIDE TO DOWNTOWN,3
12086003606,30471,3,45.0,12,837,TAMIAMI PARK-AND-RIDE TO DOWNTOWN,3
12086003606,30718,1,18.0,10,203,DOWNTOWN-AVENTURA VIA BISCAYNE BLVD,3
12086003606,30719,7,5.294117647058823,139,77,NORWOOD - DOWNTOWN VIA NW 7 AVE,3
12086003606,30979,2,5.0,71,2600,REGULAR METRORAIL SERVICE,2
12086003607,23908,9,36.0,45,MIAOVT,City of Miami - Overtown Route,3
12086003607,30400,5,15.0,56,7,DOWNTOWN-DOLPH MALL/AIRPORT VIA 7ST,3
12086003607,30410,6,30.0,36,21,NORTHSIDE - DOWNTOWN,3
12086003607,30719,8,10.0,137,77,NORWOOD - DOWNTOWN VIA NW 7 AVE,3
12086003607,30979,2,5.0,70,2600,REGULAR METRORAIL SERVICE,2
12086003703,14456,6,5.0,216,MMO,METROMOVER OMNI/BRICKELL OUTER LOOP,0
12086003703,14457,4,2.5,288,MMI,METROMOVER INNER LOOP,0
12086003703,23904,5,20.0,42,MIABIS,City of Miami - Biscayne Route,3
12086003703,23906,1,30.0,6,MIACOR,City of Miami - Coral Way Route,3
12086003703,30399,4,15.0,48,3,AVENTURA-DOWNTOWN VIA BISC.BLVD.,3
12086003703,30435,1,5.294117647058823,34,95,I-95 GOLDEN GLADES EXPRESS,3
12086003703,30437,3,9.0,60,100,DOWNTOWN-AVENTURA MALL VIA MIABEACH,3
12086003703,30438,4,30.0,24,101,MT SINAI HOSP - DOWNTOWN VIA ALTON,3
12086003703,30470,1,22.5,8,836,DOLPHIN PARK-AND-RIDE TO DOWNTOWN,3
12086003703,30471,1,25.714285714285715,7,837,TAMIAMI PARK-AND-RIDE TO DOWNTOWN,3
12086003703,30718,4,30.0,24,203,DOWNTOWN-AVENTURA VIA BISCAYNE BLVD,3
12086003704,14456,9,2.5,360,MMO,METROMOVER OMNI/BRICKELL OUTER LOOP,0
12086003704,14457,3,2.5,216,MMI,METROMOVER INNER LOOP,0
12086003704,23904,6,20.0,50,MIABIS,City of Miami - Biscayne Route,3
12086003704,23906,2,22.5,14,MIACOR,City of Miami - Coral Way Route,3
12086003704,30399,5,15.0,59,3,AVENTURA-DOWNTOWN VIA BISC.BLVD.,3
12086003704,30400,1,18.0,10,7,DOWNTOWN-DOLPH MALL/AIRPORT VIA 7ST,3
12086003704,30402,1,10.0,18,9,AVENTURA-DOWNTOWN VIA NE 2 AVE,3
12086003704,30403,3,12.857142857142858,42,11,FIU-DOWNTOWN VIA FLAGLER ST,3
12086003704,30435,1,5.294117647058823,34,95,I-95 GOLDEN GLADES EXPRESS,3
12086003704,30437,5,9.0,97,100,DOWNTOWN-AVENTURA MALL VIA MIABEACH,3
12086003704,30438,6,30.0,34,101,MT SINAI HOSP - DOWNTOWN VIA ALTON,3
12086003704,30470,1,22.5,8,836,DOLPHIN PARK-AND-RIDE TO DOWNTOWN,3
12086003704,30471,1,25.714285714285715,7,837,TAMIAMI PARK-AND-RIDE TO DOWNTOWN,3
12086003704,30718,5,30.0,26,203,DOWNTOWN-AVENTURA VIA BISCAYNE BLVD,3
12086003704,30719,3,10.588235294117647,51,77,NORWOOD - DOWNTOWN VIA NW 7 AVE,3
12086003705,14456,5,2.5,216,MMO,METROMOVER OMNI/BRICKELL OUTER LOOP,0
12086003705,14457,1,2.5,72,MMI,METROMOVER INNER LOOP,0
12086003705,30398,2,10.588235294117647,25,2,DOWNTOWN- NE 84 ST VIA NW 2 AVE,3
12086003705,30399,2,7.5,36,3,AVENTURA-DOWNTOWN VIA BISC.BLVD.,3
12086003705,30400,1,18.0,10,7,DOWNTOWN-DOLPH MALL/AIRPORT VIA 7ST,3
12086003705,30402,1,5.0,36,9,AVENTURA-DOWNTOWN VIA NE 2 AVE,3
12086003705,30403,3,6.428571428571429,56,11,FIU-DOWNTOWN VIA FLAGLER ST,3
12086003705,30410,2,16.363636363636363,17,21,NORTHSIDE - DOWNTOWN,3
12086003705,30435,2,9.473684210526315,37,95,I-95 GOLDEN GLADES EXPRESS,3
12086003705,30437,3,4.7368421052631575,77,100,DOWNTOWN-AVENTURA MALL VIA MIABEACH,3
12086003705,30438,3,15.0,24,101,MT SINAI HOSP - DOWNTOWN VIA ALTON,3
12086003705,30453,2,18.0,20,207,LITTLE HAVANA CONNECTION,3
12086003705,30454,2,15.0,24,208,LITTLE HAVANA CONNECTION,3
12086003705,30455,2,9.0,29,211,SWEETWATER-DOWNTOWN VIA FLAGLER ST,3
12086003705,30470,2,45.0,8,836,DOLPHIN PARK-AND-RIDE TO DOWNTOWN,3
12086003705,30471,2,45.0,8,837,TAMIAMI PARK-AND-RIDE TO DOWNTOWN,3
12086003705,30718,2,18.0,14,203,DOWNTOWN-AVENTURA VIA BISCAYNE BLVD,3
12086003705,30719,3,5.294117647058823,68,77,NORWOOD - DOWNTOWN VIA NW 7 AVE,3
12086003706,14456,3,1.25,288,MMO,METROMOVER OMNI/BRICKELL OUTER LOOP,0
12086003706,14457,4,1.25,360,MMI,METROMOVER INNER LOOP,0
12086003706,23906,1,22.5,8,MIACOR,City of Miami - Coral Way Route,3
12086003706,30398,3,10.588235294117647,33,2,DOWNTOWN- NE 84 ST VIA NW 2 AVE,3
12086003706,30399,2,7.5,36,3,AVENTURA-DOWNTOWN VIA BISC.BLVD.,3
12086003706,30400,4,8.181818181818182,56,7,DOWNTOWN-DOLPH MALL/AIRPORT VIA 7ST,3
12086003706,30402,3,5.0,72,9,AVENTURA-DOWNTOWN VIA NE 2 AVE,3
12086003706,30403,4,6.428571428571429,70,11,FIU-DOWNTOWN VIA FLAGLER ST,3
12086003706,30410,2,16.363636363636363,17,21,NORTHSIDE - DOWNTOWN,3
12086003706,30435,4,9.473684210526315,75,95,I-95 GOLDEN GLADES EXPRESS,3
12086003706,30437,3,4.7368421052631575,77,100,DOWNTOWN-AVENTURA MALL VIA MIABEACH,3
12086003706,30438,3,15.0,24,101,MT SINAI HOSP - DOWNTOWN VIA ALTON,3
12086003706,30453,3,18.0,30,207,LITTLE HAVANA CONNECTION,3
12086003706,30454,3,15.0,36,208,LITTLE HAVANA CONNECTION,3
12086003706,30455,2,9.0,29,211,SWEETWATER-DOWNTOWN VIA FLAGLER ST,3
12086003706,30470,4,45.0,16,836,DOLPHIN PARK-AND-RIDE TO DOWNTOWN,3
12086003706,30471,4,45.0,16,837,TAMIAMI PARK-AND-RIDE TO DOWNTOWN,3
12086003706,30718,2,18.0,14,203,DOWNTOWN-AVENTURA VIA BISCAYNE BLVD,3
12086003706,30719,4,5.294117647058823,85,77,NORWOOD - DOWNTOWN VIA NW 7 AVE,3
12086003706,30979,4,5.0,142,2600,REGULAR METRORAIL SERVICE,2
12086003707,14456,7,2.5,288,MMO,METROMOVER OMNI/BRICKELL OUTER LOOP,0
12086003707,14457,3,2.5,216,MMI,METROMOVER INNER LOOP,0
12086003707,23904,6,20.0,52,MIABIS,City of Miami - Biscayne Route,3
12086003707,23906,4,22.5,28,MIACOR,City of Miami - Coral Way Route,3
12086003707,30399,6,15.0,70,3,AVENTURA-DOWNTOWN VIA BISC.BLVD.,3
12086003707,30400,2,8.181818181818182,34,7,DOWNTOWN-DOLPH MALL/AIRPORT VIA 7ST,3
12086003707,30402,4,9.473684210526315,73,9,AVENTURA-DOWNTOWN VIA NE 2 AVE,3
12086003707,30403,1,12.857142857142858,14,11,FIU-DOWNTOWN VIA FLAGLER ST,3
12086003707,30437,7,9.0,136,100,DOWNTOWN-AVENTURA MALL VIA MIABEACH,3
12086003707,30438,7,30.0,38,101,MT SINAI HOSP - DOWNTOWN VIA ALTON,3
12086003707,30718,6,30.0,30,203,DOWNTOWN-AVENTURA VIA BISCAYNE BLVD,3
12086003707,30719,1,10.588235294117647,17,77,NORWOOD - DOWNTOWN VIA NW 7 AVE,3
12086003708,14456,2,5.0,72,MMO,METROMOVER OMNI/BRICKELL OUTER LOOP,0
12086003708,14457,2,2.5,144,MMI,METROMOVER INNER LOOP,0
12086003708,23904,8,20.0,69,MIABIS,City of Miami - Biscayne Route,3
12086003708,23906,2,30.0,12,MIACOR,City of Miami - Coral Way Route,3
12086003708,30399,8,15.0,94,3,AVENTURA-DOWNTOWN VIA BISC.BLVD.,3
12086003708,30437,8,9.0,157,100,DOWNTOWN-AVENTURA MALL VIA MIABEACH,3
12086003708,30438,8,30.0,45,101,MT SINAI HOSP - DOWNTOWN VIA ALTON,3
12086003708,30718,8,30.0,42,203,DOWNTOWN-AVENTURA VIA BISCAYNE BLVD,3
12086003709,30400,2,15.0,24,7,DOWNTOWN-DOLPH MALL/AIRPORT VIA 7ST,3
12086003709,30435,1,9.473684210526315,19,95,I-95 GOLDEN GLADES EXPRESS,3
12086003709,30470,1,45.0,4,836,DOLPHIN PARK-AND-RIDE TO DOWNTOWN,3
12086003709,30471,1,45.0,4,837,TAMIAMI PARK-AND-RIDE TO DOWNTOWN,3
12086003709,30979,2,5.0,71,2600,REGULAR METRORAIL SERVICE,2
12086003710,14456,12,2.5,504,MMO,METROMOVER OMNI/BRICKELL OUTER LOOP,0
12086003710,14457,1,2.5,72,MMI,METROMOVER INNER LOOP,0
12086003710,23903,10,10.0,104,MIAALP,City of Miami - Allapattah Route,3
12086003710,23904,11,20.0,98,MIABIS,City of Miami - Biscayne Route,3
12086003710,23906,1,22.5,8,MIACOR,City of Miami - Coral Way Route,3
12086003710,28826,6,16.363636363636363,39,MIAWYNW,City of Miami - Wynwood Route,3
12086003710,30399,11,15.0,131,3,AVENTURA-DOWNTOWN VIA BISC.BLVD.,3
12086003710,30400,1,15.0,12,7,DOWNTOWN-DOLPH MALL/AIRPORT VIA 7ST,3
12086003710,30402,8,10.0,141,9,AVENTURA-DOWNTOWN VIA NE 2 AVE,3
12086003710,30405,1,15.0,12,14,MT SINAI TO OMNI TERMINAL,3
12086003710,30406,3,16.363636363636363,22,15,OMNI TO MIAMI BEACH VIA VENETIAN,3
12086003710,30409,2,15.0,18,20,AIRPORT STATION TO LINCOLN RD,3
12086003710,30416,1,16.363636363636363,11,32,MIAMI GRDNS-OMNI VIA NW 32 AVE-20ST,3
12086003710,30437,7,9.0,135,100,DOWNTOWN-AVENTURA MALL VIA MIABEACH,3
12086003710,30438,7,30.0,38,101,MT SINAI HOSP - DOWNTOWN VIA ALTON,3
12086003710,30718,10,30.0,49,203,DOWNTOWN-AVENTURA VIA BISCAYNE BLVD,3
12086003801,30442,8,16.363636363636363,88,125,MDC NORTH TO MIAMI BEACH VIA 125 ST,3
12086003803,30437,8,9.473684210526315,142,100,DOWNTOWN-AVENTURA MALL VIA MIABEACH,3
12086003803,30442,4,15.0,46,125,MDC NORTH TO MIAMI BEACH VIA 125 ST,3
12086003804,30437,13,9.473684210526315,232,100,DOWNTOWN-AVENTURA MALL VIA MIABEACH,3
12086003804,30442,11,8.181818181818182,140,125,MDC NORTH TO MIAMI BEACH VIA 125 ST,3
12086003906,30432,16,13.846153846153847,190,79,HIALEAH-MIAMI BEACH VIA 79 ST,3
12086003906,30437,16,9.473684210526315,290,100,DOWNTOWN-AVENTURA MALL VIA MIABEACH,3
12086003909,30432,1,16.363636363636363,11,79,HIALEAH-MIAMI BEACH VIA 79 ST,3
12086003909,30437,16,9.473684210526315,283,100,DOWNTOWN-AVENTURA MALL VIA MIABEACH,3
12086003911,30437,10,9.473684210526315,178,100,DOWNTOWN-AVENTURA MALL VIA MIABEACH,3
12086003913,30432,8,15.0,91,79,HIALEAH-MIAMI BEACH VIA 79 ST,3
12086003913,30437,7,9.473684210526315,124,100,DOWNTOWN-AVENTURA MALL VIA MIABEACH,3
12086003913,30457,3,12.857142857142858,28,279,MIAMI BEACH-NORTHSIDE,3
12086003914,30432,14,15.0,160,79,HIALEAH-MIAMI BEACH VIA 79 ST,3
12086003914,30437,9,9.473684210526315,164,100,DOWNTOWN-AVENTURA MALL VIA MIABEACH,3
12086003914,30457,3,12.857142857142858,28,279,MIAMI BEACH-NORTHSIDE,3
12086003915,30432,12,15.0,136,79,HIALEAH-MIAMI BEACH VIA 79 ST,3
12086003915,30437,1,9.473684210526315,19,100,DOWNTOWN-AVENTURA MALL VIA MIABEACH,3
12086003915,30457,2,22.5,14,279,MIAMI BEACH-NORTHSIDE,3
12086003916,30432,5,15.0,54,79,HIALEAH-MIAMI BEACH VIA 79 ST,3
12086003916,30457,3,22.5,22,279,MIAMI BEACH-NORTHSIDE,3
12086003917,30432,8,15.0,88,79,HIALEAH-MIAMI BEACH VIA 79 ST,3
12086003917,30457,4,25.714285714285715,28,279,MIAMI BEACH-NORTHSIDE,3
12086003918,30432,8,15.0,88,79,HIALEAH-MIAMI BEACH VIA 79 ST,3
12086003918,30457,4,25.714285714285715,28,279,MIAMI BEACH-NORTHSIDE,3
12086003919,30432,21,13.846153846153847,250,79,HIALEAH-MIAMI BEACH VIA 79 ST,3
12086003919,30437,21,9.473684210526315,379,100,DOWNTOWN-AVENTURA MALL VIA MIABEACH,3
12086003921,30432,11,15.0,126,79,HIALEAH-MIAMI BEACH VIA 79 ST,3
12086003921,30437,11,9.473684210526315,199,100,DOWNTOWN-AVENTURA MALL VIA MIABEACH,3
12086003922,30432,11,13.846153846153847,131,79,HIALEAH-MIAMI BEACH VIA 79 ST,3
12086003922,30437,11,10.0,198,100,DOWNTOWN-AVENTURA MALL VIA MIABEACH,3
12086004000,30405,15,15.0,108,14,MT SINAI TO OMNI TERMINAL,3
12086004000,30418,12,13.846153846153847,141,36,DORAL-AIRPORT-MIAMI BEACH VIA 36 ST,3
12086004000,30432,12,13.846153846153847,147,79,HIALEAH-MIAMI BEACH VIA 79 ST,3
12086004000,30437,12,9.473684210526315,219,100,DOWNTOWN-AVENTURA MALL VIA MIABEACH,3
12086004000,30438,6,15.0,54,101,MT SINAI HOSP - DOWNTOWN VIA ALTON,3
12086004000,30447,5,30.0,30,150,MIAMI BEACH AIRPORT FLYER,3
12086004102,30405,6,25.714285714285715,37,14,MT SINAI TO OMNI TERMINAL,3
12086004102,30406,10,36.0,50,15,OMNI TO MIAMI BEACH VIA VENETIAN,3
12086004102,30409,7,30.0,39,20,AIRPORT STATION TO LINCOLN RD,3
12086004102,30437,6,9.0,113,100,DOWNTOWN-AVENTURA MALL VIA MIABEACH,3
12086004102,30438,7,30.0,40,101,MT SINAI HOSP - DOWNTOWN VIA ALTON,3
12086004103,30405,12,25.714285714285715,74,14,MT SINAI TO OMNI TERMINAL,3
12086004103,30418,12,13.846153846153847,146,36,DORAL-AIRPORT-MIAMI BEACH VIA 36 ST,3
12086004103,30432,12,15.0,144,79,HIALEAH-MIAMI BEACH VIA 79 ST,3
12086004103,30437,12,9.473684210526315,218,100,DOWNTOWN-AVENTURA MALL VIA MIABEACH,3
12086004103,30447,6,30.0,36,150,MIAMI BEACH AIRPORT FLYER,3
12086004105,30405,18,25.714285714285715,112,14,MT SINAI TO OMNI TERMINAL,3
12086004105,30406,2,16.363636363636363,16,15,OMNI TO MIAMI BEACH VIA VENETIAN,3
12086004105,30418,18,13.846153846153847,215,36,DORAL-AIRPORT-MIAMI BEACH VIA 36 ST,3
12086004105,30432,15,15.0,180,79,HIALEAH-MIAMI BEACH VIA 79 ST,3
12086004105,30437,15,9.473684210526315,273,100,DOWNTOWN-AVENTURA MALL VIA MIABEACH,3
12086004105,30447,11,30.0,66,150,MIAMI BEACH AIRPORT FLYER,3
12086004106,30405,1,30.0,6,14,MT SINAI TO OMNI TERMINAL,3
12086004106,30406,9,16.363636363636363,52,15,OMNI TO MIAMI BEACH VIA VENETIAN,3
12086004106,30418,1,15.0,12,36,DORAL-AIRPORT-MIAMI BEACH VIA 36 ST,3
12086004106,30432,1,15.0,12,79,HIALEAH-MIAMI BEACH VIA 79 ST,3
12086004106,30437,1,10.0,18,100,DOWNTOWN-AVENTURA MALL VIA MIABEACH,3
12086004106,30438,16,30.0,96,101,MT SINAI HOSP - DOWNTOWN VIA ALTON,3
12086004204,30406,8,36.0,40,15,OMNI TO MIAMI BEACH VIA VENETIAN,3
12086004204,30409,8,25.714285714285715,49,20,AIRPORT STATION TO LINCOLN RD,3
12086004204,30438,8,30.0,47,101,MT SINAI HOSP - DOWNTOWN VIA ALTON,3
12086004205,30405,7,30.0,39,14,MT SINAI TO OMNI TERMINAL,3
12086004205,30406,4,30.0,22,15,OMNI TO MIAMI BEACH VIA VENETIAN,3
12086004205,30409,2,15.0,18,20,AIRPORT STATION TO LINCOLN RD,3
12086004205,30418,2,7.826086956521739,35,36,DORAL-AIRPORT-MIAMI BEACH VIA 36 ST,3
12086004205,30432,3,7.5,48,79,HIALEAH-MIAMI BEACH VIA 79 ST,3
12086004205,30437,3,9.473684210526315,56,100,DOWNTOWN-AVENTURA MALL VIA MIABEACH,3
12086004205,30447,3,30.0,18,150,MIAMI BEACH AIRPORT FLYER,3
12086004206,30405,12,25.714285714285715,73,14,MT SINAI TO OMNI TERMINAL,3
12086004206,30406,17,16.363636363636363,96,15,OMNI TO MIAMI BEACH VIA VENETIAN,3
12086004206,30409,7,15.0,48,20,AIRPORT STATION TO LINCOLN RD,3
12086004206,30418,9,7.826086956521739,116,36,DORAL-AIRPORT-MIAMI BEACH VIA 36 ST,3
12086004206,30432,10,7.5,132,79,HIALEAH-MIAMI BEACH VIA 79 ST,3
12086004206,30437,10,9.473684210526315,188,100,DOWNTOWN-AVENTURA MALL VIA MIABEACH,3
12086004206,30447,8,30.0,48,150,MIAMI BEACH AIRPORT FLYER,3
12086004207,30409,4,25.714285714285715,25,20,AIRPORT STATION TO LINCOLN RD,3
12086004207,30438,4,30.0,23,101,MT SINAI HOSP - DOWNTOWN VIA ALTON,3
12086004208,30406,6,36.0,30,15,OMNI TO MIAMI BEACH VIA VENETIAN,3
12086004208,30409,5,25.714285714285715,31,20,AIRPORT STATION TO LINCOLN RD,3
12086004208,30438,5,30.0,29,101,MT SINAI HOSP - DOWNTOWN VIA ALTON,3
12086004301,30409,7,30.0,42,20,AIRPORT STATION TO LINCOLN RD,3
12086004301,30438,9,30.0,54,101,MT SINAI HOSP - DOWNTOWN VIA ALTON,3
12086004303,30405,6,30.0,33,14,MT SINAI TO OMNI TERMINAL,3
12086004303,30437,2,9.473684210526315,37,100,DOWNTOWN-AVENTURA MALL VIA MIABEACH,3
12086004303,30447,2,30.0,12,150,MIAMI BEACH AIRPORT FLYER,3
12086004304,30405,3,30.0,16,14,MT SINAI TO OMNI TERMINAL,3
12086004304,30409,9,30.0,54,20,AIRPORT STATION TO LINCOLN RD,3
12086004304,30437,1,10.0,18,100,DOWNTOWN-AVENTURA MALL VIA MIABEACH,3
12086004304,30438,11,30.0,66,101,MT SINAI HOSP - DOWNTOWN VIA ALTON,3
12086004304,30447,1,30.0,6,150,MIAMI BEACH AIRPORT FLYER,3
12086004403,30405,10,30.0,55,14,MT SINAI TO OMNI TERMINAL,3
12086004403,30437,5,9.0,95,100,DOWNTOWN-AVENTURA MALL VIA MIABEACH,3
12086004403,30447,6,30.0,36,150,MIAMI BEACH AIRPORT FLYER,3
12086004404,30405,10,30.0,55,14,MT SINAI TO OMNI TERMINAL,3
12086004404,30437,4,9.0,76,100,DOWNTOWN-AVENTURA MALL VIA MIABEACH,3
12086004404,30447,4,30.0,24,150,MIAMI BEACH AIRPORT FLYER,3
12086004405,30405,4,30.0,23,14,MT SINAI TO OMNI TERMINAL,3
12086004405,30409,4,30.0,24,20,AIRPORT STATION TO LINCOLN RD,3
12086004405,30437,5,9.0,97,100,DOWNTOWN-AVENTURA MALL VIA MIABEACH,3
12086004405,30438,6,30.0,36,101,MT SINAI HOSP - DOWNTOWN VIA ALTON,3
12086004406,30405,2,30.0,12,14,MT SINAI TO OMNI TERMINAL,3
12086004406,30409,6,30.0,36,20,AIRPORT STATION TO LINCOLN RD,3
12086004406,30437,2,9.0,39,100,DOWNTOWN-AVENTURA MALL VIA MIABEACH,3
12086004406,30438,8,30.0,48,101,MT SINAI HOSP - DOWNTOWN VIA ALTON,3
12086004500,30405,12,30.0,68,14,MT SINAI TO OMNI TERMINAL,3
12086004500,30409,1,30.0,6,20,AIRPORT STATION TO LINCOLN RD,3
12086004500,30437,2,9.0,39,100,DOWNTOWN-AVENTURA MALL VIA MIABEACH,3
12086004500,30438,1,30.0,6,101,MT SINAI HOSP - DOWNTOWN VIA ALTON,3
12086004500,30447,3,15.0,24,150,MIAMI BEACH AIRPORT FLYER,3
12086004602,30414,17,6.0,275,26,BRICKELL STATION-KEY BISCAYNE,3
12086004605,30414,6,11.25,93,26,BRICKELL STATION-KEY BISCAYNE,3
12086004607,30414,10,6.0,168,26,BRICKELL STATION-KEY BISCAYNE,3
12086004608,30414,8,11.25,121,26,BRICKELL STATION-KEY BISCAYNE,3
12086004701,23909,10,45.0,24,MIASPG,City of Miami Springs Free-Bee,3
12086004701,30419,1,30.0,6,37,HIALEAH-SO.MIAMI VIA PALM/37 AVE,3
12086004701,30426,3,20.0,18,62,HIALEAH-BISC BLVD VIA 62 ST,3
12086004701,30979,1,10.0,18,2600,REGULAR METRORAIL SERVICE,2
12086004703,23909,13,45.0,28,MIASPG,City of Miami Springs Free-Bee,3
12086004703,30409,3,30.0,18,20,AIRPORT STATION TO LINCOLN RD,3
12086004703,30418,13,15.0,80,36,DORAL-AIRPORT-MIAMI BEACH VIA 36 ST,3
12086004703,30419,13,30.0,63,37,HIALEAH-SO.MIAMI VIA PALM/37 AVE,3
12086004703,30421,3,45.0,12,42,DGLS RD-OPALOCKA TRI-RAIL,3
12086004703,30435,6,120.0,6,95,I-95 GOLDEN GLADES EXPRESS,3
12086004703,30443,10,90.0,20,132,HIA.TRI-RAIL STA-DORAL VIA 36ST,3
12086004704,23909,7,90.0,14,MIASPG,City of Miami Springs Free-Bee,3
12086004704,30418,8,25.714285714285715,45,36,DORAL-AIRPORT-MIAMI BEACH VIA 36 ST,3
12086004704,30435,4,120.0,4,95,I-95 GOLDEN GLADES EXPRESS,3
12086004704,30443,8,90.0,16,132,HIA.TRI-RAIL STA-DORAL VIA 36ST,3
12086004705,23909,16,45.0,34,MIASPG,City of Miami Springs Free-Bee,3
12086004705,30418,8,25.714285714285715,45,36,DORAL-AIRPORT-MIAMI BEACH VIA 36 ST,3
12086004705,30435,4,120.0,4,95,I-95 GOLDEN GLADES EXPRESS,3
12086004705,30443,8,90.0,16,132,HIA.TRI-RAIL STA-DORAL VIA 36ST,3
12086004901,28823,13,22.5,68,MIAFLAG,City of Miami - Flagami Route,3
12086004901,30400,10,16.363636363636363,58,7,DOWNTOWN-DOLPH MALL/AIRPORT VIA 7ST,3
12086004901,30419,8,15.0,88,37,HIALEAH-SO.MIAMI VIA PALM/37 AVE,3
12086004901,30421,5,45.0,18,42,DGLS RD-OPALOCKA TRI-RAIL,3
12086004901,30425,3,60.0,8,57,AIRPORT-GABLES-CHILD HOSP-UNIV STAT,3
12086004903,28823,8,20.0,42,MIAFLAG,City of Miami - Flagami Route,3
12086004903,30400,10,16.363636363636363,58,7,DOWNTOWN-DOLPH MALL/AIRPORT VIA 7ST,3
12086004903,30403,9,11.25,127,11,FIU-DOWNTOWN VIA FLAGLER ST,3
12086004903,30421,8,45.0,29,42,DGLS RD-OPALOCKA TRI-RAIL,3
12086004903,30455,4,16.363636363636363,42,211,SWEETWATER-DOWNTOWN VIA FLAGLER ST,3
12086004904,23891,3,5.142857142857143,69,CGABLE,City of Coral Gables Trolley,3
12086004904,28823,13,30.0,57,MIAFLAG,City of Miami - Flagami Route,3
12086004904,28827,6,10.588235294117647,61,MIAHAVA,City of Miami - Little Havana Route,3
12086004904,30400,13,16.363636363636363,120,7,DOWNTOWN-DOLPH MALL/AIRPORT VIA 7ST,3
12086004904,30403,9,12.0,125,11,FIU-DOWNTOWN VIA FLAGLER ST,3
12086004904,30419,7,15.0,81,37,HIALEAH-SO.MIAMI VIA PALM/37 AVE,3
12086004904,30421,8,45.0,29,42,DGLS RD-OPALOCKA TRI-RAIL,3
12086004904,30455,4,16.363636363636363,42,211,SWEETWATER-DOWNTOWN VIA FLAGLER ST,3
12086005002,28823,11,30.0,48,MIAFLAG,City of Miami - Flagami Route,3
12086005002,30400,18,16.363636363636363,192,7,DOWNTOWN-DOLPH MALL/AIRPORT VIA 7ST,3
12086005002,30415,4,15.0,45,27,COCO GROVE-MIA GARDENS VIA NW 27 AV,3
12086005002,30419,10,15.0,114,37,HIALEAH-SO.MIAMI VIA PALM/37 AVE,3
12086005003,28823,4,30.0,20,MIAFLAG,City of Miami - Flagami Route,3
12086005003,30409,1,30.0,6,20,AIRPORT STATION TO LINCOLN RD,3
12086005003,30415,2,15.0,23,27,COCO GROVE-MIA GARDENS VIA NW 27 AV,3
12086005003,30416,1,30.0,6,32,MIAMI GRDNS-OMNI VIA NW 32 AVE-20ST,3
12086005003,30419,5,15.0,54,37,HIALEAH-SO.MIAMI VIA PALM/37 AVE,3
12086005003,30425,1,60.0,3,57,AIRPORT-GABLES-CHILD HOSP-UNIV STAT,3
12086005004,28823,7,30.0,30,MIAFLAG,City of Miami - Flagami Route,3
12086005004,30415,4,15.0,46,27,COCO GROVE-MIA GARDENS VIA NW 27 AV,3
12086005004,30419,7,15.0,78,37,HIALEAH-SO.MIAMI VIA PALM/37 AVE,3
12086005102,23907,1,36.0,5,MIAHLT,City of Miami - Health District Rte,3
12086005102,23910,4,36.0,13,MIASTA,City of Miami - Stadium Route,3
12086005102,30400,18,15.0,200,7,DOWNTOWN-DOLPH MALL/AIRPORT VIA 7ST,3
12086005102,30404,2,30.0,12,12,NORTHSIDE - MERCY HOSP.,3
12086005102,30408,4,22.5,25,17,163 ST TERM-VIZ VIA 17 AV,3
12086005102,30411,7,30.0,41,22,MDC NORTH-COCO GROVE VIA 22 AVE,3
12086005103,30400,8,16.363636363636363,88,7,DOWNTOWN-DOLPH MALL/AIRPORT VIA 7ST,3
12086005103,30411,5,30.0,30,22,MDC NORTH-COCO GROVE VIA 22 AVE,3
12086005103,30415,4,15.0,45,27,COCO GROVE-MIA GARDENS VIA NW 27 AV,3
12086005104,30411,4,30.0,23,22,MDC NORTH-COCO GROVE VIA 22 AVE,3
12086005104,30415,5,15.0,57,27,COCO GROVE-MIA GARDENS VIA NW 27 AV,3
12086005201,23910,8,60.0,23,MIASTA,City of Miami - Stadium Route,3
12086005201,28827,5,20.0,45,MIAHAVA,City of Miami - Little Havana Route,3
12086005201,30400,9,15.0,100,7,DOWNTOWN-DOLPH MALL/AIRPORT VIA 7ST,3
12086005201,30403,8,12.0,113,11,FIU-DOWNTOWN VIA FLAGLER ST,3
12086005201,30404,8,30.0,48,12,NORTHSIDE - MERCY HOSP.,3
12086005201,30408,8,22.5,55,17,163 ST TERM-VIZ VIA 17 AV,3
12086005201,30453,4,16.363636363636363,42,207,LITTLE HAVANA CONNECTION,3
12086005201,30454,4,16.363636363636363,44,208,LITTLE HAVANA CONNECTION,3
12086005201,30455,4,16.363636363636363,40,211,SWEETWATER-DOWNTOWN VIA FLAGLER ST,3
12086005202,23910,4,60.0,12,MIASTA,City of Miami - Stadium Route,3
12086005202,28827,4,20.0,36,MIAHAVA,City of Miami - Little Havana Route,3
12086005202,30400,9,15.0,102,7,DOWNTOWN-DOLPH MALL/AIRPORT VIA 7ST,3
12086005202,30403,7,12.0,99,11,FIU-DOWNTOWN VIA FLAGLER ST,3
12086005202,30404,8,30.0,48,12,NORTHSIDE - MERCY HOSP.,3
12086005202,30453,3,18.0,30,207,LITTLE HAVANA CONNECTION,3
12086005202,30454,3,16.363636363636363,33,208,LITTLE HAVANA CONNECTION,3
12086005202,30455,2,16.363636363636363,20,211,SWEETWATER-DOWNTOWN VIA FLAGLER ST,3
12086005303,23910,4,60.0,12,MIASTA,City of Miami - Stadium Route,3
12086005303,28827,5,20.0,45,MIAHAVA,City of Miami - Little Havana Route,3
12086005303,30403,8,12.0,113,11,FIU-DOWNTOWN VIA FLAGLER ST,3
12086005303,30404,6,30.0,35,12,NORTHSIDE - MERCY HOSP.,3
12086005303,30408,6,22.5,39,17,163 ST TERM-VIZ VIA 17 AV,3
12086005303,30453,4,16.363636363636363,42,207,LITTLE HAVANA CONNECTION,3
12086005303,30454,4,16.363636363636363,44,208,LITTLE HAVANA CONNECTION,3
12086005303,30455,4,16.363636363636363,40,211,SWEETWATER-DOWNTOWN VIA FLAGLER ST,3
12086005304,28827,5,20.0,45,MIAHAVA,City of Miami - Little Havana Route,3
12086005304,30401,9,16.363636363636363,95,8,BRICKELL-107AV/WSTCHSTR VIA SW 8 ST,3
12086005304,30404,5,30.0,27,12,NORTHSIDE - MERCY HOSP.,3
12086005304,30408,7,22.5,47,17,163 ST TERM-VIZ VIA 17 AV,3
12086005304,30453,4,15.0,46,207,LITTLE HAVANA CONNECTION,3
12086005304,30454,5,18.0,50,208,LITTLE HAVANA CONNECTION,3
12086005305,23910,2,60.0,6,MIASTA,City of Miami - Stadium Route,3
12086005305,28827,4,20.0,36,MIAHAVA,City of Miami - Little Havana Route,3
12086005305,30403,7,12.0,99,11,FIU-DOWNTOWN VIA FLAGLER ST,3
12086005305,30404,6,30.0,35,12,NORTHSIDE - MERCY HOSP.,3
12086005305,30453,3,18.0,30,207,LITTLE HAVANA CONNECTION,3
12086005305,30454,3,16.363636363636363,33,208,LITTLE HAVANA CONNECTION,3
12086005305,30455,2,16.363636363636363,20,211,SWEETWATER-DOWNTOWN VIA FLAGLER ST,3
12086005306,28827,4,20.0,36,MIAHAVA,City of Miami - Little Havana Route,3
12086005306,30401,9,16.363636363636363,95,8,BRICKELL-107AV/WSTCHSTR VIA SW 8 ST,3
12086005306,30404,5,30.0,27,12,NORTHSIDE - MERCY HOSP.,3
12086005306,30453,5,15.0,60,207,LITTLE HAVANA CONNECTION,3
12086005306,30454,4,18.0,40,208,LITTLE HAVANA CONNECTION,3
12086005403,28827,2,22.5,16,MIAHAVA,City of Miami - Little Havana Route,3
12086005403,30400,5,16.363636363636363,55,7,DOWNTOWN-DOLPH MALL/AIRPORT VIA 7ST,3
12086005403,30403,4,12.857142857142858,54,11,FIU-DOWNTOWN VIA FLAGLER ST,3
12086005403,30415,8,15.0,89,27,COCO GROVE-MIA GARDENS VIA NW 27 AV,3
12086005403,30455,2,16.363636363636363,21,211,SWEETWATER-DOWNTOWN VIA FLAGLER ST,3
12086005405,28827,4,20.0,35,MIAHAVA,City of Miami - Little Havana Route,3
12086005405,30400,8,16.363636363636363,88,7,DOWNTOWN-DOLPH MALL/AIRPORT VIA 7ST,3
12086005405,30403,8,12.0,112,11,FIU-DOWNTOWN VIA FLAGLER ST,3
12086005405,30411,11,25.714285714285715,68,22,MDC NORTH-COCO GROVE VIA 22 AVE,3
12086005405,30453,2,16.363636363636363,22,207,LITTLE HAVANA CONNECTION,3
12086005405,30454,2,16.363636363636363,22,208,LITTLE HAVANA CONNECTION,3
12086005406,28827,4,20.0,36,MIAHAVA,City of Miami - Little Havana Route,3
12086005406,30400,7,16.363636363636363,77,7,DOWNTOWN-DOLPH MALL/AIRPORT VIA 7ST,3
12086005406,30403,7,12.0,101,11,FIU-DOWNTOWN VIA FLAGLER ST,3
12086005406,30408,8,22.5,55,17,163 ST TERM-VIZ VIA 17 AV,3
12086005406,30453,3,16.363636363636363,33,207,LITTLE HAVANA CONNECTION,3
12086005406,30454,4,16.363636363636363,44,208,LITTLE HAVANA CONNECTION,3
12086005406,30455,2,16.363636363636363,20,211,SWEETWATER-DOWNTOWN VIA FLAGLER ST,3
12086005407,28827,9,18.0,84,MIAHAVA,City of Miami - Little Havana Route,3
12086005407,30401,9,16.363636363636363,97,8,BRICKELL-107AV/WSTCHSTR VIA SW 8 ST,3
12086005407,30403,8,12.0,110,11,FIU-DOWNTOWN VIA FLAGLER ST,3
12086005407,30411,13,25.714285714285715,81,22,MDC NORTH-COCO GROVE VIA 22 AVE,3
12086005407,30415,10,13.846153846153847,119,27,COCO GROVE-MIA GARDENS VIA NW 27 AV,3
12086005407,30453,7,16.363636363636363,77,207,LITTLE HAVANA CONNECTION,3
12086005407,30454,7,16.363636363636363,73,208,LITTLE HAVANA CONNECTION,3
12086005407,30455,2,16.363636363636363,21,211,SWEETWATER-DOWNTOWN VIA FLAGLER ST,3
12086005409,28827,5,20.0,45,MIAHAVA,City of Miami - Little Havana Route,3
12086005409,30403,9,12.0,129,11,FIU-DOWNTOWN VIA FLAGLER ST,3
12086005409,30408,7,22.5,47,17,163 ST TERM-VIZ VIA 17 AV,3
12086005409,30411,9,25.714285714285715,57,22,MDC NORTH-COCO GROVE VIA 22 AVE,3
12086005409,30453,4,16.363636363636363,44,207,LITTLE HAVANA CONNECTION,3
12086005409,30454,5,16.363636363636363,55,208,LITTLE HAVANA CONNECTION,3
12086005409,30455,2,16.363636363636363,20,211,SWEETWATER-DOWNTOWN VIA FLAGLER ST,3
12086005410,28827,5,18.0,49,MIAHAVA,City of Miami - Little Havana Route,3
12086005410,30401,6,16.363636363636363,66,8,BRICKELL-107AV/WSTCHSTR VIA SW 8 ST,3
12086005410,30408,7,22.5,47,17,163 ST TERM-VIZ VIA 17 AV,3
12086005410,30411,7,30.0,42,22,MDC NORTH-COCO GROVE VIA 22 AVE,3
12086005410,30453,3,16.363636363636363,33,207,LITTLE HAVANA CONNECTION,3
12086005410,30454,3,18.0,30,208,LITTLE HAVANA CONNECTION,3
12086005503,23891,3,5.142857142857143,69,CGABLE,City of Coral Gables Trolley,3
12086005503,28827,12,18.0,106,MIAHAVA,City of Miami - Little Havana Route,3
12086005503,30401,4,16.363636363636363,42,8,BRICKELL-107AV/WSTCHSTR VIA SW 8 ST,3
12086005503,30403,9,12.0,123,11,FIU-DOWNTOWN VIA FLAGLER ST,3
12086005503,30419,6,15.0,68,37,HIALEAH-SO.MIAMI VIA PALM/37 AVE,3
12086005503,30455,2,16.363636363636363,21,211,SWEETWATER-DOWNTOWN VIA FLAGLER ST,3
12086005504,28827,11,18.0,104,MIAHAVA,City of Miami - Little Havana Route,3
12086005504,30401,10,16.363636363636363,103,8,BRICKELL-107AV/WSTCHSTR VIA SW 8 ST,3
12086005504,30403,6,12.857142857142858,81,11,FIU-DOWNTOWN VIA FLAGLER ST,3
12086005504,30415,10,13.846153846153847,119,27,COCO GROVE-MIA GARDENS VIA NW 27 AV,3
12086005504,30454,1,18.0,10,208,LITTLE HAVANA CONNECTION,3
12086005504,30455,2,16.363636363636363,21,211,SWEETWATER-DOWNTOWN VIA FLAGLER ST,3
12086005505,23891,3,5.142857142857143,69,CGABLE,City of Coral Gables Trolley,3
12086005505,28823,5,30.0,21,MIAFLAG,City of Miami - Flagami Route,3
12086005505,28827,9,10.588235294117647,85,MIAHAVA,City of Miami - Little Havana Route,3
12086005505,30400,11,16.363636363636363,116,7,DOWNTOWN-DOLPH MALL/AIRPORT VIA 7ST,3
12086005505,30403,5,12.0,69,11,FIU-DOWNTOWN VIA FLAGLER ST,3
12086005505,30419,7,15.0,81,37,HIALEAH-SO.MIAMI VIA PALM/37 AVE,3
12086005505,30455,2,16.363636363636363,21,211,SWEETWATER-DOWNTOWN VIA FLAGLER ST,3
12086005506,28827,6,22.5,48,MIAHAVA,City of Miami - Little Havana Route,3
12086005506,30400,10,16.363636363636363,108,7,DOWNTOWN-DOLPH MALL/AIRPORT VIA 7ST,3
12086005506,30403,9,12.0,123,11,FIU-DOWNTOWN VIA FLAGLER ST,3
12086005506,30415,8,15.0,89,27,COCO GROVE-MIA GARDENS VIA NW 27 AV,3
12086005506,30455,2,16.363636363636363,21,211,SWEETWATER-DOWNTOWN VIA FLAGLER ST,3
12086005600,23891,11,5.142857142857143,206,CGABLE,City of Coral Gables Trolley,3
12086005600,28823,6,60.0,18,MIAFLAG,City of Miami - Flagami Route,3
12086005600,28827,6,18.0,56,MIAHAVA,City of Miami - Little Havana Route,3
12086005600,30401,14,16.363636363636363,143,8,BRICKELL-107AV/WSTCHSTR VIA SW 8 ST,3
12086005600,30403,16,11.25,224,11,FIU-DOWNTOWN VIA FLAGLER ST,3
12086005600,30419,6,15.0,68,37,HIALEAH-SO.MIAMI VIA PALM/37 AVE,3
12086005600,30421,9,45.0,32,42,DGLS RD-OPALOCKA TRI-RAIL,3
12086005600,30455,6,16.363636363636363,63,211,SWEETWATER-DOWNTOWN VIA FLAGLER ST,3
12086005701,28823,17,18.0,96,MIAFLAG,City of Miami - Flagami Route,3
12086005701,30400,10,30.0,57,7,DOWNTOWN-DOLPH MALL/AIRPORT VIA 7ST,3
12086005701,30403,21,11.25,296,11,FIU-DOWNTOWN VIA FLAGLER ST,3
12086005701,30425,13,60.0,39,57,AIRPORT-GABLES-CHILD HOSP-UNIV STAT,3
12086005701,30429,8,45.0,32,73,OKEECHOBEE-DADELAND SO-PALM BAY,3
12086005701,30455,8,16.363636363636363,84,211,SWEETWATER-DOWNTOWN VIA FLAGLER ST,3
12086005705,28823,3,30.0,18,MIAFLAG,City of Miami - Flagami Route,3
12086005705,30400,6,30.0,33,7,DOWNTOWN-DOLPH MALL/AIRPORT VIA 7ST,3
12086005706,28823,8,18.0,50,MIAFLAG,City of Miami - Flagami Route,3
12086005706,30400,14,30.0,78,7,DOWNTOWN-DOLPH MALL/AIRPORT VIA 7ST,3
12086005706,30425,2,60.0,6,57,AIRPORT-GABLES-CHILD HOSP-UNIV STAT,3
12086005707,28823,12,18.0,76,MIAFLAG,City of Miami - Flagami Route,3
12086005707,30400,8,30.0,45,7,DOWNTOWN-DOLPH MALL/AIRPORT VIA 7ST,3
12086005707,30403,7,11.25,95,11,FIU-DOWNTOWN VIA FLAGLER ST,3
12086005707,30425,8,60.0,24,57,AIRPORT-GABLES-CHILD HOSP-UNIV STAT,3
12086005707,30455,2,16.363636363636363,21,211,SWEETWATER-DOWNTOWN VIA FLAGLER ST,3
12086005708,28823,11,20.0,57,MIAFLAG,City of Miami - Flagami Route,3
12086005708,30400,11,30.0,61,7,DOWNTOWN-DOLPH MALL/AIRPORT VIA 7ST,3
12086005708,30403,9,11.25,131,11,FIU-DOWNTOWN VIA FLAGLER ST,3
12086005708,30455,2,16.363636363636363,21,211,SWEETWATER-DOWNTOWN VIA FLAGLER ST,3
12086005803,28823,8,20.0,46,MIAFLAG,City of Miami - Flagami Route,3
12086005803,30401,12,13.846153846153847,131,8,BRICKELL-107AV/WSTCHSTR VIA SW 8 ST,3
12086005803,30403,13,11.25,182,11,FIU-DOWNTOWN VIA FLAGLER ST,3
12086005803,30425,4,60.0,12,57,AIRPORT-GABLES-CHILD HOSP-UNIV STAT,3
12086005803,30429,10,45.0,40,73,OKEECHOBEE-DADELAND SO-PALM BAY,3
12086005803,30455,4,16.363636363636363,42,211,SWEETWATER-DOWNTOWN VIA FLAGLER ST,3
12086005804,28823,15,36.0,71,MIAFLAG,City of Miami - Flagami Route,3
12086005804,30400,3,30.0,17,7,DOWNTOWN-DOLPH MALL/AIRPORT VIA 7ST,3
12086005804,30401,13,13.846153846153847,148,8,BRICKELL-107AV/WSTCHSTR VIA SW 8 ST,3
12086005804,30403,11,11.25,161,11,FIU-DOWNTOWN VIA FLAGLER ST,3
12086005804,30429,15,45.0,60,73,OKEECHOBEE-DADELAND SO-PALM BAY,3
12086005804,30455,4,16.363636363636363,42,211,SWEETWATER-DOWNTOWN VIA FLAGLER ST,3
12086005805,28823,9,45.0,29,MIAFLAG,City of Miami - Flagami Route,3
12086005805,30401,6,16.363636363636363,61,8,BRICKELL-107AV/WSTCHSTR VIA SW 8 ST,3
12086005805,30403,7,11.25,103,11,FIU-DOWNTOWN VIA FLAGLER ST,3
12086005805,30455,2,16.363636363636363,21,211,SWEETWATER-DOWNTOWN VIA FLAGLER ST,3
12086005806,28823,6,20.0,29,MIAFLAG,City of Miami - Flagami Route,3
12086005806,30401,8,16.363636363636363,83,8,BRICKELL-107AV/WSTCHSTR VIA SW 8 ST,3
12086005806,30403,11,11.25,150,11,FIU-DOWNTOWN VIA FLAGLER ST,3
12086005806,30425,8,60.0,24,57,AIRPORT-GABLES-CHILD HOSP-UNIV STAT,3
12086005806,30455,2,16.363636363636363,21,211,SWEETWATER-DOWNTOWN VIA FLAGLER ST,3
12086005901,28823,4,45.0,16,MIAFLAG,City of Miami - Flagami Route,3
12086005901,30401,12,13.846153846153847,131,8,BRICKELL-107AV/WSTCHSTR VIA SW 8 ST,3
12086005901,30425,6,60.0,18,57,AIRPORT-GABLES-CHILD HOSP-UNIV STAT,3
12086005901,30429,8,45.0,32,73,OKEECHOBEE-DADELAND SO-PALM BAY,3
12086005902,28823,5,36.0,21,MIAFLAG,City of Miami - Flagami Route,3
12086005902,30401,13,13.846153846153847,148,8,BRICKELL-107AV/WSTCHSTR VIA SW 8 ST,3
12086005902,30429,8,45.0,32,73,OKEECHOBEE-DADELAND SO-PALM BAY,3
12086005903,30412,12,22.5,96,24,CORAL WAY LIMITED,3
12086005903,30429,10,45.0,40,73,OKEECHOBEE-DADELAND SO-PALM BAY,3
12086005904,30412,10,22.5,77,24,CORAL WAY LIMITED,3
12086005904,30425,13,30.0,57,57,AIRPORT-GABLES-CHILD HOSP-UNIV STAT,3
12086005904,30429,10,45.0,40,73,OKEECHOBEE-DADELAND SO-PALM BAY,3
12086006002,30412,9,22.5,72,24,CORAL WAY LIMITED,3
12086006002,30420,15,30.0,84,40,BIRD RD/152 AVE TO DOUGLAS RD STA,3
12086006002,30429,4,45.0,16,73,OKEECHOBEE-DADELAND SO-PALM BAY,3
12086006003,30412,6,22.5,48,24,CORAL WAY LIMITED,3
12086006003,30429,9,45.0,36,73,OKEECHOBEE-DADELAND SO-PALM BAY,3
12086006004,30412,8,22.5,61,24,CORAL WAY LIMITED,3
12086006004,30425,12,30.0,63,57,AIRPORT-GABLES-CHILD HOSP-UNIV STAT,3
12086006004,30429,3,45.0,12,73,OKEECHOBEE-DADELAND SO-PALM BAY,3
12086006103,30412,11,20.0,87,24,CORAL WAY LIMITED,3
12086006104,30412,12,20.0,95,24,CORAL WAY LIMITED,3
12086006104,30420,8,30.0,44,40,BIRD RD/152 AVE TO DOUGLAS RD STA,3
12086006104,30425,23,30.0,72,57,AIRPORT-GABLES-CHILD HOSP-UNIV STAT,3
12086006105,30401,9,16.363636363636363,94,8,BRICKELL-107AV/WSTCHSTR VIA SW 8 ST,3
12086006105,30412,2,22.5,15,24,CORAL WAY LIMITED,3
12086006105,30425,12,30.0,39,57,AIRPORT-GABLES-CHILD HOSP-UNIV STAT,3
12086006106,28823,3,60.0,9,MIAFLAG,City of Miami - Flagami Route,3
12086006106,30401,9,16.363636363636363,90,8,BRICKELL-107AV/WSTCHSTR VIA SW 8 ST,3
12086006201,23891,5,10.0,90,CGABLE,City of Coral Gables Trolley,3
12086006201,30401,8,16.363636363636363,81,8,BRICKELL-107AV/WSTCHSTR VIA SW 8 ST,3
12086006201,30421,10,45.0,35,42,DGLS RD-OPALOCKA TRI-RAIL,3
12086006203,23891,14,10.0,245,CGABLE,City of Coral Gables Trolley,3
12086006203,23906,5,13.846153846153847,37,MIACOR,City of Miami - Coral Way Route,3
12086006203,30412,10,20.0,80,24,CORAL WAY LIMITED,3
12086006203,30419,7,15.0,80,37,HIALEAH-SO.MIAMI VIA PALM/37 AVE,3
12086006203,30421,8,45.0,28,42,DGLS RD-OPALOCKA TRI-RAIL,3
12086006203,30425,17,30.0,60,57,AIRPORT-GABLES-CHILD HOSP-UNIV STAT,3
12086006205,23891,16,10.0,277,CGABLE,City of Coral Gables Trolley,3
12086006205,28827,1,18.0,10,MIAHAVA,City of Miami - Little Havana Route,3
12086006205,30401,6,16.363636363636363,63,8,BRICKELL-107AV/WSTCHSTR VIA SW 8 ST,3
12086006205,30419,8,15.0,86,37,HIALEAH-SO.MIAMI VIA PALM/37 AVE,3
12086006206,23891,16,10.0,277,CGABLE,City of Coral Gables Trolley,3
12086006206,23906,6,13.846153846153847,42,MIACOR,City of Miami - Coral Way Route,3
12086006206,30412,10,20.0,80,24,CORAL WAY LIMITED,3
12086006206,30419,6,15.0,68,37,HIALEAH-SO.MIAMI VIA PALM/37 AVE,3
12086006206,30421,9,45.0,31,42,DGLS RD-OPALOCKA TRI-RAIL,3
12086006206,30425,7,30.0,30,57,AIRPORT-GABLES-CHILD HOSP-UNIV STAT,3
12086006302,23906,13,22.5,90,MIACOR,City of Miami - Coral Way Route,3
12086006302,30412,8,20.0,59,24,CORAL WAY LIMITED,3
12086006302,30415,11,13.846153846153847,130,27,COCO GROVE-MIA GARDENS VIA NW 27 AV,3
12086006302,30419,7,15.0,79,37,HIALEAH-SO.MIAMI VIA PALM/37 AVE,3
12086006303,28827,6,18.0,60,MIAHAVA,City of Miami - Little Havana Route,3
12086006303,30401,8,16.363636363636363,82,8,BRICKELL-107AV/WSTCHSTR VIA SW 8 ST,3
12086006303,30415,10,13.846153846153847,120,27,COCO GROVE-MIA GARDENS VIA NW 27 AV,3
12086006304,28827,5,18.0,50,MIAHAVA,City of Miami - Little Havana Route,3
12086006304,30401,5,16.363636363636363,52,8,BRICKELL-107AV/WSTCHSTR VIA SW 8 ST,3
12086006304,30419,6,16.363636363636363,64,37,HIALEAH-SO.MIAMI VIA PALM/37 AVE,3
12086006401,28827,5,18.0,50,MIAHAVA,City of Miami - Little Havana Route,3
12086006401,30401,9,16.363636363636363,97,8,BRICKELL-107AV/WSTCHSTR VIA SW 8 ST,3
12086006401,30411,10,30.0,60,22,MDC NORTH-COCO GROVE VIA 22 AVE,3
12086006401,30415,10,13.846153846153847,120,27,COCO GROVE-MIA GARDENS VIA NW 27 AV,3
12086006401,30453,3,16.363636363636363,33,207,LITTLE HAVANA CONNECTION,3
12086006401,30454,3,18.0,30,208,LITTLE HAVANA CONNECTION,3
12086006402,28827,5,18.0,49,MIAHAVA,City of Miami - Little Havana Route,3
12086006402,30401,6,16.363636363636363,66,8,BRICKELL-107AV/WSTCHSTR VIA SW 8 ST,3
12086006402,30408,9,22.5,60,17,163 ST TERM-VIZ VIA 17 AV,3
12086006402,30411,10,30.0,60,22,MDC NORTH-COCO GROVE VIA 22 AVE,3
12086006402,30453,3,16.363636363636363,33,207,LITTLE HAVANA CONNECTION,3
12086006402,30454,3,18.0,30,208,LITTLE HAVANA CONNECTION,3
12086006403,28827,5,20.0,45,MIAHAVA,City of Miami - Little Havana Route,3
12086006403,30401,9,16.363636363636363,95,8,BRICKELL-107AV/WSTCHSTR VIA SW 8 ST,3
12086006403,30404,8,30.0,44,12,NORTHSIDE - MERCY HOSP.,3
12086006403,30408,9,22.5,60,17,163 ST TERM-VIZ VIA 17 AV,3
12086006403,30453,4,15.0,46,207,LITTLE HAVANA CONNECTION,3
12086006403,30454,5,18.0,50,208,LITTLE HAVANA CONNECTION,3
12086006501,23906,8,22.5,56,MIACOR,City of Miami - Coral Way Route,3
12086006501,30411,13,30.0,78,22,MDC NORTH-COCO GROVE VIA 22 AVE,3
12086006501,30412,4,20.0,29,24,CORAL WAY LIMITED,3
12086006501,30415,9,13.846153846153847,106,27,COCO GROVE-MIA GARDENS VIA NW 27 AV,3
12086006503,23906,9,22.5,64,MIACOR,City of Miami - Coral Way Route,3
12086006503,30408,6,22.5,42,17,163 ST TERM-VIZ VIA 17 AV,3
12086006503,30411,13,30.0,78,22,MDC NORTH-COCO GROVE VIA 22 AVE,3
12086006503,30412,4,20.0,30,24,CORAL WAY LIMITED,3
12086006504,23906,5,22.5,34,MIACOR,City of Miami - Coral Way Route,3
12086006504,30404,8,30.0,48,12,NORTHSIDE - MERCY HOSP.,3
12086006504,30408,12,22.5,81,17,163 ST TERM-VIZ VIA 17 AV,3
12086006504,30412,4,20.0,30,24,CORAL WAY LIMITED,3
12086006603,14456,2,5.0,72,MMO,METROMOVER OMNI/BRICKELL OUTER LOOP,0
12086006603,23904,2,10.588235294117647,27,MIABIS,City of Miami - Biscayne Route,3
12086006603,23905,3,15.0,33,MIABRK,City of Miami - Brickell Route,3
12086006603,23906,4,12.857142857142858,35,MIACOR,City of Miami - Coral Way Route,3
12086006603,28827,7,9.473684210526315,76,MIAHAVA,City of Miami - Little Havana Route,3
12086006603,30401,3,7.826086956521739,45,8,BRICKELL-107AV/WSTCHSTR VIA SW 8 ST,3
12086006603,30412,5,20.0,36,24,CORAL WAY LIMITED,3
12086006603,30414,5,10.0,74,26,BRICKELL STATION-KEY BISCAYNE,3
12086006603,30453,2,8.571428571428571,33,207,LITTLE HAVANA CONNECTION,3
12086006603,30454,2,8.571428571428571,30,208,LITTLE HAVANA CONNECTION,3
12086006603,30979,2,5.0,71,2600,REGULAR METRORAIL SERVICE,2
12086006604,23906,4,25.714285714285715,28,MIACOR,City of Miami - Coral Way Route,3
12086006604,28827,6,18.0,57,MIAHAVA,City of Miami - Little Havana Route,3
12086006604,30401,2,15.0,22,8,BRICKELL-107AV/WSTCHSTR VIA SW 8 ST,3
12086006604,30412,3,20.0,21,24,CORAL WAY LIMITED,3
12086006604,30414,2,12.857142857142858,28,26,BRICKELL STATION-KEY BISCAYNE,3
12086006604,30453,1,15.0,12,207,LITTLE HAVANA CONNECTION,3
12086006604,30454,1,20.0,9,208,LITTLE HAVANA CONNECTION,3
12086006605,23906,2,25.714285714285715,14,MIACOR,City of Miami - Coral Way Route,3
12086006605,28827,6,18.0,58,MIAHAVA,City of Miami - Little Havana Route,3
12086006605,30401,4,15.0,44,8,BRICKELL-107AV/WSTCHSTR VIA SW 8 ST,3
12086006605,30453,3,15.0,36,207,LITTLE HAVANA CONNECTION,3
12086006605,30454,1,20.0,9,208,LITTLE HAVANA CONNECTION,3
12086006606,28827,3,18.0,28,MIAHAVA,City of Miami - Little Havana Route,3
12086006606,30401,5,16.363636363636363,54,8,BRICKELL-107AV/WSTCHSTR VIA SW 8 ST,3
12086006606,30453,4,15.0,48,207,LITTLE HAVANA CONNECTION,3
12086006606,30454,1,20.0,9,208,LITTLE HAVANA CONNECTION,3
12086006607,28827,6,20.0,54,MIAHAVA,City of Miami - Little Havana Route,3
12086006607,30401,9,16.363636363636363,94,8,BRICKELL-107AV/WSTCHSTR VIA SW 8 ST,3
12086006607,30404,5,30.0,27,12,NORTHSIDE - MERCY HOSP.,3
12086006607,30453,4,15.0,48,207,LITTLE HAVANA CONNECTION,3
12086006607,30454,5,18.0,49,208,LITTLE HAVANA CONNECTION,3
12086006608,23906,15,25.714285714285715,104,MIACOR,City of Miami - Coral Way Route,3
12086006608,30404,14,30.0,82,12,NORTHSIDE - MERCY HOSP.,3
12086006608,30408,2,22.5,13,17,163 ST TERM-VIZ VIA 17 AV,3
12086006608,30412,4,20.0,29,24,CORAL WAY LIMITED,3
12086006705,23904,1,18.0,10,MIABIS,City of Miami - Biscayne Route,3
12086006705,23905,9,15.0,91,MIABRK,City of Miami - Brickell Route,3
12086006705,30414,8,10.0,128,26,BRICKELL STATION-KEY BISCAYNE,3
12086006706,23905,7,16.363636363636363,72,MIABRK,City of Miami - Brickell Route,3
12086006706,30404,1,30.0,6,12,NORTHSIDE - MERCY HOSP.,3
12086006706,30414,10,10.0,161,26,BRICKELL STATION-KEY BISCAYNE,3
12086006707,23905,1,8.571428571428571,21,MIABRK,City of Miami - Brickell Route,3
12086006709,23904,6,18.0,54,MIABIS,City of Miami - Biscayne Route,3
12086006709,23905,2,15.0,21,MIABRK,City of Miami - Brickell Route,3
12086006713,14456,2,5.0,72,MMO,METROMOVER OMNI/BRICKELL OUTER LOOP,0
12086006713,23904,2,18.0,20,MIABIS,City of Miami - Biscayne Route,3
12086006713,23905,4,8.571428571428571,54,MIABRK,City of Miami - Brickell Route,3
12086006713,30414,3,10.0,50,26,BRICKELL STATION-KEY BISCAYNE,3
12086006714,14456,2,5.0,72,MMO,METROMOVER OMNI/BRICKELL OUTER LOOP,0
12086006714,23904,1,18.0,10,MIABIS,City of Miami - Biscayne Route,3
12086006714,23905,5,15.0,53,MIABRK,City of Miami - Brickell Route,3
12086006714,30414,5,10.0,82,26,BRICKELL STATION-KEY BISCAYNE,3
12086006715,23904,1,18.0,10,MIABIS,City of Miami - Biscayne Route,3
12086006715,23905,15,15.0,154,MIABRK,City of Miami - Brickell Route,3
12086006715,23906,16,13.846153846153847,117,MIACOR,City of Miami - Coral Way Route,3
12086006715,30404,14,15.0,90,12,NORTHSIDE - MERCY HOSP.,3
12086006715,30408,5,15.0,38,17,163 ST TERM-VIZ VIA 17 AV,3
12086006715,30412,9,12.0,74,24,CORAL WAY LIMITED,3
12086006715,30414,13,10.0,206,26,BRICKELL STATION-KEY BISCAYNE,3
12086006715,30979,2,5.0,71,2600,REGULAR METRORAIL SERVICE,2
12086006716,14456,4,5.0,144,MMO,METROMOVER OMNI/BRICKELL OUTER LOOP,0
12086006716,23904,3,18.0,30,MIABIS,City of Miami - Biscayne Route,3
12086006716,23905,7,15.0,74,MIABRK,City of Miami - Brickell Route,3
12086006716,30414,7,10.0,110,26,BRICKELL STATION-KEY BISCAYNE,3
12086006717,14456,6,5.0,216,MMO,METROMOVER OMNI/BRICKELL OUTER LOOP,0
12086006717,23904,2,10.588235294117647,27,MIABIS,City of Miami - Biscayne Route,3
12086006717,23905,5,8.571428571428571,66,MIABRK,City of Miami - Brickell Route,3
12086006717,23906,1,12.857142857142858,14,MIACOR,City of Miami - Coral Way Route,3
12086006717,28827,1,9.473684210526315,19,MIAHAVA,City of Miami - Little Havana Route,3
12086006717,30401,1,7.826086956521739,23,8,BRICKELL-107AV/WSTCHSTR VIA SW 8 ST,3
12086006717,30412,2,20.0,15,24,CORAL WAY LIMITED,3
12086006717,30414,5,10.0,78,26,BRICKELL STATION-KEY BISCAYNE,3
12086006717,30453,1,8.571428571428571,21,207,LITTLE HAVANA CONNECTION,3
12086006717,30454,1,8.571428571428571,21,208,LITTLE HAVANA CONNECTION,3
12086006717,30979,2,5.0,71,2600,REGULAR METRORAIL SERVICE,2
12086006718,14456,6,5.0,216,MMO,METROMOVER OMNI/BRICKELL OUTER LOOP,0
12086006718,23904,7,18.0,66,MIABIS,City of Miami - Biscayne Route,3
12086006718,23905,8,8.571428571428571,105,MIABRK,City of Miami - Brickell Route,3
12086006718,30414,2,10.0,32,26,BRICKELL STATION-KEY BISCAYNE,3
12086006719,14456,6,5.0,216,MMO,METROMOVER OMNI/BRICKELL OUTER LOOP,0
12086006719,23904,2,10.588235294117647,25,MIABIS,City of Miami - Biscayne Route,3
12086006719,23905,4,8.571428571428571,51,MIABRK,City of Miami - Brickell Route,3
12086006719,23906,1,12.857142857142858,14,MIACOR,City of Miami - Coral Way Route,3
12086006719,28827,1,9.473684210526315,19,MIAHAVA,City of Miami - Little Havana Route,3
12086006719,30401,1,7.826086956521739,23,8,BRICKELL-107AV/WSTCHSTR VIA SW 8 ST,3
12086006719,30412,2,20.0,15,24,CORAL WAY LIMITED,3
12086006719,30414,2,10.0,32,26,BRICKELL STATION-KEY BISCAYNE,3
12086006719,30453,1,8.571428571428571,21,207,LITTLE HAVANA CONNECTION,3
12086006719,30454,1,8.571428571428571,21,208,LITTLE HAVANA CONNECTION,3
12086006719,30979,2,5.0,71,2600,REGULAR METRORAIL SERVICE,2
12086006720,14456,6,5.0,216,MMO,METROMOVER OMNI/BRICKELL OUTER LOOP,0
12086006720,23904,7,18.0,62,MIABIS,City of Miami - Biscayne Route,3
12086006720,23905,3,15.0,30,MIABRK,City of Miami - Brickell Route,3
12086006721,14456,2,5.0,72,MMO,METROMOVER OMNI/BRICKELL OUTER LOOP,0
12086006721,23904,5,18.0,48,MIABIS,City of Miami - Biscayne Route,3
12086006721,23905,4,8.571428571428571,51,MIABRK,City of Miami - Brickell Route,3
12086006722,23904,3,18.0,30,MIABIS,City of Miami - Biscayne Route,3
12086006722,23905,3,8.571428571428571,42,MIABRK,City of Miami - Brickell Route,3
12086006801,23905,10,8.571428571428571,113,MIABRK,City of Miami - Brickell Route,3
12086006801,28822,18,45.0,56,MIACOCO,City of Miami - Coconut Grove Route,3
12086006801,30411,18,30.0,108,22,MDC NORTH-COCO GROVE VIA 22 AVE,3
12086006801,30979,2,5.0,71,2600,REGULAR METRORAIL SERVICE,2
12086006802,23905,31,8.571428571428571,339,MIABRK,City of Miami - Brickell Route,3
12086006802,23906,1,13.846153846153847,13,MIACOR,City of Miami - Coral Way Route,3
12086006802,28822,5,60.0,15,MIACOCO,City of Miami - Coconut Grove Route,3
12086006802,30404,15,15.0,101,12,NORTHSIDE - MERCY HOSP.,3
12086006802,30408,1,15.0,12,17,163 ST TERM-VIZ VIA 17 AV,3
12086006802,30411,6,30.0,36,22,MDC NORTH-COCO GROVE VIA 22 AVE,3
12086006802,30412,1,12.0,15,24,CORAL WAY LIMITED,3
12086006802,30414,5,10.0,79,26,BRICKELL STATION-KEY BISCAYNE,3
12086006802,30979,2,5.0,71,2600,REGULAR METRORAIL SERVICE,2
12086006901,23906,8,22.5,56,MIACOR,City of Miami - Coral Way Route,3
12086006901,28822,4,45.0,12,MIACOCO,City of Miami - Coconut Grove Route,3
12086006901,30411,12,30.0,72,22,MDC NORTH-COCO GROVE VIA 22 AVE,3
12086006901,30412,4,20.0,29,24,CORAL WAY LIMITED,3
12086006901,30415,8,15.0,88,27,COCO GROVE-MIA GARDENS VIA NW 27 AV,3
12086006901,30979,2,5.0,71,2600,REGULAR METRORAIL SERVICE,2
12086006902,23906,11,22.5,78,MIACOR,City of Miami - Coral Way Route,3
12086006902,30404,3,30.0,18,12,NORTHSIDE - MERCY HOSP.,3
12086006902,30408,6,22.5,39,17,163 ST TERM-VIZ VIA 17 AV,3
12086006902,30411,10,30.0,60,22,MDC NORTH-COCO GROVE VIA 22 AVE,3
12086006902,30412,6,20.0,45,24,CORAL WAY LIMITED,3
12086007003,23906,8,22.5,56,MIACOR,City of Miami - Coral Way Route,3
12086007003,30412,4,22.5,28,24,CORAL WAY LIMITED,3
12086007003,30415,6,15.0,66,27,COCO GROVE-MIA GARDENS VIA NW 27 AV,3
12086007004,23906,7,22.5,48,MIACOR,City of Miami - Coral Way Route,3
12086007004,30412,6,20.0,45,24,CORAL WAY LIMITED,3
12086007004,30419,7,15.0,80,37,HIALEAH-SO.MIAMI VIA PALM/37 AVE,3
12086007005,28822,5,30.0,18,MIACOCO,City of Miami - Coconut Grove Route,3
12086007005,30411,3,15.0,24,22,MDC NORTH-COCO GROVE VIA 22 AVE,3
12086007005,30415,3,8.181818181818182,44,27,COCO GROVE-MIA GARDENS VIA NW 27 AV,3
12086007005,30979,2,5.0,71,2600,REGULAR METRORAIL SERVICE,2
12086007006,28822,4,60.0,12,MIACOCO,City of Miami - Coconut Grove Route,3
12086007006,30419,6,15.0,69,37,HIALEAH-SO.MIAMI VIA PALM/37 AVE,3
12086007007,23891,12,5.294117647058823,227,CGABLE,City of Coral Gables Trolley,3
12086007007,28809,2,12.0,23,CGABGA,City of Coral Gables Grand Avenue,3
12086007007,28822,9,30.0,30,MIACOCO,City of Miami - Coconut Grove Route,3
12086007007,30419,9,7.826086956521739,103,37,HIALEAH-SO.MIAMI VIA PALM/37 AVE,3
12086007007,30420,4,16.363636363636363,27,40,BIRD RD/152 AVE TO DOUGLAS RD STA,3
12086007007,30421,4,25.714285714285715,17,42,DGLS RD-OPALOCKA TRI-RAIL,3
12086007007,30445,2,60.0,6,136,DOUGLAS RD-OLD CUTLER-SW 136 ST,3
12086007007,30979,2,5.142857142857143,70,2600,REGULAR METRORAIL SERVICE,2
12086007101,23891,1,5.294117647058823,34,CGABLE,City of Coral Gables Trolley,3
12086007101,28809,4,12.0,39,CGABGA,City of Coral Gables Grand Avenue,3
12086007101,28822,23,30.0,69,MIACOCO,City of Miami - Coconut Grove Route,3
12086007101,30419,4,7.826086956521739,40,37,HIALEAH-SO.MIAMI VIA PALM/37 AVE,3
12086007101,30420,1,16.363636363636363,11,40,BIRD RD/152 AVE TO DOUGLAS RD STA,3
12086007101,30421,1,25.714285714285715,7,42,DGLS RD-OPALOCKA TRI-RAIL,3
12086007101,30445,3,60.0,9,136,DOUGLAS RD-OLD CUTLER-SW 136 ST,3
12086007101,30979,2,5.142857142857143,70,2600,REGULAR METRORAIL SERVICE,2
12086007103,28822,14,60.0,41,MIACOCO,City of Miami - Coconut Grove Route,3
12086007103,30411,1,30.0,6,22,MDC NORTH-COCO GROVE VIA 22 AVE,3
12086007104,28822,14,30.0,44,MIACOCO,City of Miami - Coconut Grove Route,3
12086007104,30411,9,15.0,60,22,MDC NORTH-COCO GROVE VIA 22 AVE,3
12086007104,30415,1,8.181818181818182,22,27,COCO GROVE-MIA GARDENS VIA NW 27 AV,3
12086007104,30979,2,5.0,71,2600,REGULAR METRORAIL SERVICE,2
12086007200,23891,1,5.294117647058823,34,CGABLE,City of Coral Gables Trolley,3
12086007200,28809,8,12.0,70,CGABGA,City of Coral Gables Grand Avenue,3
12086007200,28822,23,30.0,72,MIACOCO,City of Miami - Coconut Grove Route,3
12086007200,30419,9,7.826086956521739,70,37,HIALEAH-SO.MIAMI VIA PALM/37 AVE,3
12086007200,30420,1,16.363636363636363,11,40,BIRD RD/152 AVE TO DOUGLAS RD STA,3
12086007200,30421,1,25.714285714285715,7,42,DGLS RD-OPALOCKA TRI-RAIL,3
12086007200,30425,1,60.0,3,57,AIRPORT-GABLES-CHILD HOSP-UNIV STAT,3
12086007200,30445,8,60.0,24,136,DOUGLAS RD-OLD CUTLER-SW 136 ST,3
12086007200,30979,2,5.142857142857143,70,2600,REGULAR METRORAIL SERVICE,2
12086007300,28822,5,60.0,15,MIACOCO,City of Miami - Coconut Grove Route,3
12086007300,30419,14,30.0,84,37,HIALEAH-SO.MIAMI VIA PALM/37 AVE,3
12086007300,30445,5,60.0,15,136,DOUGLAS RD-OLD CUTLER-SW 136 ST,3
12086007401,30424,1,60.0,3,56,WEST DADE TO UNIV. STAT. VIA 56 ST,3
12086007401,30425,3,60.0,9,57,AIRPORT-GABLES-CHILD HOSP-UNIV STAT,3
12086007401,30445,6,60.0,18,136,DOUGLAS RD-OLD CUTLER-SW 136 ST,3
12086007402,23891,15,9.473684210526315,262,CGABLE,City of Coral Gables Trolley,3
12086007402,30419,2,15.0,23,37,HIALEAH-SO.MIAMI VIA PALM/37 AVE,3
12086007402,30420,10,30.0,55,40,BIRD RD/152 AVE TO DOUGLAS RD STA,3
12086007402,30421,10,45.0,35,42,DGLS RD-OPALOCKA TRI-RAIL,3
12086007402,30425,12,60.0,36,57,AIRPORT-GABLES-CHILD HOSP-UNIV STAT,3
12086007403,23891,6,5.294117647058823,123,CGABLE,City of Coral Gables Trolley,3
12086007403,28809,4,12.0,37,CGABGA,City of Coral Gables Grand Avenue,3
12086007403,28822,1,30.0,6,MIACOCO,City of Miami - Coconut Grove Route,3
12086007403,30419,1,7.826086956521739,23,37,HIALEAH-SO.MIAMI VIA PALM/37 AVE,3
12086007403,30420,12,16.363636363636363,71,40,BIRD RD/152 AVE TO DOUGLAS RD STA,3
12086007403,30421,8,25.714285714285715,31,42,DGLS RD-OPALOCKA TRI-RAIL,3
12086007403,30424,3,60.0,9,56,WEST DADE TO UNIV. STAT. VIA 56 ST,3
12086007403,30425,19,60.0,57,57,AIRPORT-GABLES-CHILD HOSP-UNIV STAT,3
12086007403,30445,3,60.0,9,136,DOUGLAS RD-OLD CUTLER-SW 136 ST,3
12086007403,30979,2,5.142857142857143,70,2600,REGULAR METRORAIL SERVICE,2
12086007501,30420,8,30.0,44,40,BIRD RD/152 AVE TO DOUGLAS RD STA,3
12086007501,30424,7,60.0,21,56,WEST DADE TO UNIV. STAT. VIA 56 ST,3
12086007501,30425,10,60.0,30,57,AIRPORT-GABLES-CHILD HOSP-UNIV STAT,3
12086007503,30424,2,30.0,9,56,WEST DADE TO UNIV. STAT. VIA 56 ST,3
12086007503,30425,4,30.0,15,57,AIRPORT-GABLES-CHILD HOSP-UNIV STAT,3
12086007503,30979,2,5.142857142857143,70,2600,REGULAR METRORAIL SERVICE,2
12086007601,30420,4,30.0,22,40,BIRD RD/152 AVE TO DOUGLAS RD STA,3
12086007601,30424,5,60.0,15,56,WEST DADE TO UNIV. STAT. VIA 56 ST,3
12086007603,30419,10,15.0,66,37,HIALEAH-SO.MIAMI VIA PALM/37 AVE,3
12086007603,30424,5,60.0,15,56,WEST DADE TO UNIV. STAT. VIA 56 ST,3
12086007603,30428,5,15.0,36,72,W KENDALL-SOUTH MIAMI VIA 72 ST,3
12086007603,30429,7,20.0,33,73,OKEECHOBEE-DADELAND SO-PALM BAY,3
12086007603,30979,2,5.0,72,2600,REGULAR METRORAIL SERVICE,2
12086007605,30420,5,30.0,27,40,BIRD RD/152 AVE TO DOUGLAS RD STA,3
12086007605,30424,6,60.0,18,56,WEST DADE TO UNIV. STAT. VIA 56 ST,3
12086007605,30428,3,30.0,18,72,W KENDALL-SOUTH MIAMI VIA 72 ST,3
12086007605,30429,23,45.0,92,73,OKEECHOBEE-DADELAND SO-PALM BAY,3
12086007607,30420,6,30.0,33,40,BIRD RD/152 AVE TO DOUGLAS RD STA,3
12086007607,30424,6,60.0,18,56,WEST DADE TO UNIV. STAT. VIA 56 ST,3
12086007607,30429,14,45.0,56,73,OKEECHOBEE-DADELAND SO-PALM BAY,3
12086007608,30419,2,30.0,12,37,HIALEAH-SO.MIAMI VIA PALM/37 AVE,3
12086007608,30424,6,60.0,18,56,WEST DADE TO UNIV. STAT. VIA 56 ST,3
12086007608,30428,7,30.0,42,72,W KENDALL-SOUTH MIAMI VIA 72 ST,3
12086007608,30429,15,45.0,60,73,OKEECHOBEE-DADELAND SO-PALM BAY,3
12086007609,30428,3,30.0,18,72,W KENDALL-SOUTH MIAMI VIA 72 ST,3
12086007609,30429,3,45.0,12,73,OKEECHOBEE-DADELAND SO-PALM BAY,3
12086007609,30433,3,30.0,16,87,MEDLEY-DADELAND NORTH VIA 87 AVE,3
12086007609,30434,3,30.0,18,88,162 AVE TO DADELAND NORTH VIA 88 ST,3
12086007609,30440,2,13.846153846153847,19,104,HAMMOCKS-MDC-DADELAND NO.VIA 104 ST,3
12086007609,30452,1,11.25,16,204,HAMMOCKS-DADELAND NORTH VIA 104 ST,3
12086007609,30456,2,25.714285714285715,13,272,WEST KENDALL-DADELAND NO VIA 72 ST,3
12086007609,30459,2,30.0,11,288,W. KENDALL TO DADELAND N VIA 88  ST,3
12086007609,30979,2,5.0,71,2600,REGULAR METRORAIL SERVICE,2
12086007610,30419,7,15.0,48,37,HIALEAH-SO.MIAMI VIA PALM/37 AVE,3
12086007610,30428,8,15.0,54,72,W KENDALL-SOUTH MIAMI VIA 72 ST,3
12086007610,30429,21,20.0,90,73,OKEECHOBEE-DADELAND SO-PALM BAY,3
12086007610,30979,2,5.0,72,2600,REGULAR METRORAIL SERVICE,2
12086007704,30428,5,30.0,30,72,W KENDALL-SOUTH MIAMI VIA 72 ST,3
12086007704,30433,2,30.0,11,87,MEDLEY-DADELAND NORTH VIA 87 AVE,3
12086007704,30434,2,30.0,12,88,162 AVE TO DADELAND NORTH VIA 88 ST,3
12086007704,30440,1,13.846153846153847,13,104,HAMMOCKS-MDC-DADELAND NO.VIA 104 ST,3
12086007704,30452,1,11.25,16,204,HAMMOCKS-DADELAND NORTH VIA 104 ST,3
12086007704,30456,2,25.714285714285715,13,272,WEST KENDALL-DADELAND NO VIA 72 ST,3
12086007704,30459,2,30.0,11,288,W. KENDALL TO DADELAND N VIA 88  ST,3
12086007704,30979,2,5.0,71,2600,REGULAR METRORAIL SERVICE,2
12086007705,30428,12,30.0,72,72,W KENDALL-SOUTH MIAMI VIA 72 ST,3
12086007705,30433,19,30.0,104,87,MEDLEY-DADELAND NORTH VIA 87 AVE,3
12086007705,30456,2,30.0,12,272,WEST KENDALL-DADELAND NO VIA 72 ST,3
12086007706,30420,5,30.0,29,40,BIRD RD/152 AVE TO DOUGLAS RD STA,3
12086007706,30424,8,60.0,24,56,WEST DADE TO UNIV. STAT. VIA 56 ST,3
12086007706,30428,9,30.0,54,72,W KENDALL-SOUTH MIAMI VIA 72 ST,3
12086007707,30420,11,30.0,66,40,BIRD RD/152 AVE TO DOUGLAS RD STA,3
12086007707,30424,6,60.0,18,56,WEST DADE TO UNIV. STAT. VIA 56 ST,3
12086007707,30433,16,30.0,88,87,MEDLEY-DADELAND NORTH VIA 87 AVE,3
12086007708,30412,7,20.0,57,24,CORAL WAY LIMITED,3
12086007708,30420,6,30.0,36,40,BIRD RD/152 AVE TO DOUGLAS RD STA,3
12086007709,30412,7,20.0,57,24,CORAL WAY LIMITED,3
12086007709,30420,7,30.0,42,40,BIRD RD/152 AVE TO DOUGLAS RD STA,3
12086007709,30433,12,30.0,67,87,MEDLEY-DADELAND NORTH VIA 87 AVE,3
12086007801,30429,15,36.0,67,73,OKEECHOBEE-DADELAND SO-PALM BAY,3
12086007805,30433,5,30.0,27,87,MEDLEY-DADELAND NORTH VIA 87 AVE,3
12086007805,30434,8,30.0,48,88,162 AVE TO DADELAND NORTH VIA 88 ST,3
12086007805,30440,9,25.714285714285715,63,104,HAMMOCKS-MDC-DADELAND NO.VIA 104 ST,3
12086007805,30468,2,8.571428571428571,33,601,METRO EXPRESS,3
12086007805,30469,4,12.0,55,602,TRANSITWAY LOCAL,3
12086007806,30429,31,36.0,132,73,OKEECHOBEE-DADELAND SO-PALM BAY,3
12086007807,23924,1,30.0,6,PALPNR,Village of Palmetto Bay Park & Ride,3
12086007807,30429,2,45.0,8,73,OKEECHOBEE-DADELAND SO-PALM BAY,3
12086007807,30433,2,30.0,11,87,MEDLEY-DADELAND NORTH VIA 87 AVE,3
12086007807,30434,2,30.0,12,88,162 AVE TO DADELAND NORTH VIA 88 ST,3
12086007807,30440,2,25.714285714285715,13,104,HAMMOCKS-MDC-DADELAND NO.VIA 104 ST,3
12086007807,30468,3,5.625,65,601,METRO EXPRESS,3
12086007807,30469,5,6.428571428571429,83,602,TRANSITWAY LOCAL,3
12086007807,30979,2,5.0,71,2600,REGULAR METRORAIL SERVICE,2
12086007808,23924,1,30.0,6,PALPNR,Village of Palmetto Bay Park & Ride,3
12086007808,30433,12,30.0,66,87,MEDLEY-DADELAND NORTH VIA 87 AVE,3
12086007808,30434,11,30.0,66,88,162 AVE TO DADELAND NORTH VIA 88 ST,3
12086007808,30440,10,13.846153846153847,73,104,HAMMOCKS-MDC-DADELAND NO.VIA 104 ST,3
12086007808,30452,1,11.25,16,204,HAMMOCKS-DADELAND NORTH VIA 104 ST,3
12086007808,30456,2,25.714285714285715,13,272,WEST KENDALL-DADELAND NO VIA 72 ST,3
12086007808,30459,2,30.0,11,288,W. KENDALL TO DADELAND N VIA 88  ST,3
12086007808,30468,1,5.625,32,601,METRO EXPRESS,3
12086007808,30469,1,6.428571428571429,28,602,TRANSITWAY LOCAL,3
12086007808,30979,4,5.0,142,2600,REGULAR METRORAIL SERVICE,2
12086007809,30433,2,30.0,11,87,MEDLEY-DADELAND NORTH VIA 87 AVE,3
12086007809,30434,4,30.0,24,88,162 AVE TO DADELAND NORTH VIA 88 ST,3
12086007809,30440,4,25.714285714285715,28,104,HAMMOCKS-MDC-DADELAND NO.VIA 104 ST,3
12086007809,30468,2,8.571428571428571,33,601,METRO EXPRESS,3
12086007809,30469,2,12.0,28,602,TRANSITWAY LOCAL,3
12086007901,30419,13,30.0,77,37,HIALEAH-SO.MIAMI VIA PALM/37 AVE,3
12086007901,30425,2,60.0,6,57,AIRPORT-GABLES-CHILD HOSP-UNIV STAT,3
12086007901,30445,1,60.0,3,136,DOUGLAS RD-OLD CUTLER-SW 136 ST,3
12086007902,30419,9,30.0,54,37,HIALEAH-SO.MIAMI VIA PALM/37 AVE,3
12086007902,30429,10,36.0,41,73,OKEECHOBEE-DADELAND SO-PALM BAY,3
12086008000,30419,5,30.0,29,37,HIALEAH-SO.MIAMI VIA PALM/37 AVE,3
12086008101,30429,13,45.0,52,73,OKEECHOBEE-DADELAND SO-PALM BAY,3
12086008102,30429,14,45.0,56,73,OKEECHOBEE-DADELAND SO-PALM BAY,3
12086008102,30468,2,8.571428571428571,33,601,METRO EXPRESS,3
12086008102,30469,10,11.25,139,602,TRANSITWAY LOCAL,3
12086008202,30422,1,16.363636363636363,11,52,GOULDS TO CORAL REEF DR STATION,3
12086008202,30429,8,22.5,36,73,OKEECHOBEE-DADELAND SO-PALM BAY,3
12086008202,30448,1,15.0,12,152,COUNTRY WALK-TRANSITWAY VIA 152 ST,3
12086008202,30468,2,8.571428571428571,32,601,METRO EXPRESS,3
12086008202,30469,2,11.25,29,602,TRANSITWAY LOCAL,3
12086008205,23924,5,25.714285714285715,35,PALPNR,Village of Palmetto Bay Park & Ride,3
12086008205,30429,13,45.0,52,73,OKEECHOBEE-DADELAND SO-PALM BAY,3
12086008206,23924,1,25.714285714285715,7,PALPNR,Village of Palmetto Bay Park & Ride,3
12086008206,30422,2,16.363636363636363,17,52,GOULDS TO CORAL REEF DR STATION,3
12086008206,30429,18,22.5,76,73,OKEECHOBEE-DADELAND SO-PALM BAY,3
12086008206,30448,2,15.0,18,152,COUNTRY WALK-TRANSITWAY VIA 152 ST,3
12086008206,30468,4,8.571428571428571,65,601,METRO EXPRESS,3
12086008206,30469,6,11.25,85,602,TRANSITWAY LOCAL,3
12086008207,23924,2,25.714285714285715,14,PALPNR,Village of Palmetto Bay Park & Ride,3
12086008207,30429,9,45.0,36,73,OKEECHOBEE-DADELAND SO-PALM BAY,3
12086008208,30436,13,30.0,42,97,SO.MIAMI HTS-PERRINE VIA CUTLER BAY,3
12086008208,30441,1,36.0,5,107,DOLPHIN MALL-MDC KEND-CUTLER BAY,3
12086008208,30458,9,18.0,50,287,CUTLER BAY TO RICHMOND DR STATION,3
12086008208,30466,3,120.0,3,500,CUTLER BAY LOCAL,3
12086008208,30468,4,8.181818181818182,67,601,METRO EXPRESS,3
12086008208,30469,10,11.25,140,602,TRANSITWAY LOCAL,3
12086008209,30458,8,36.0,40,287,CUTLER BAY TO RICHMOND DR STATION,3
12086008209,30466,1,120.0,1,500,CUTLER BAY LOCAL,3
12086008305,30422,8,16.363636363636363,47,52,GOULDS TO CORAL REEF DR STATION,3
12086008305,30429,4,22.5,20,73,OKEECHOBEE-DADELAND SO-PALM BAY,3
12086008305,30448,5,15.0,36,152,COUNTRY WALK-TRANSITWAY VIA 152 ST,3
12086008305,30468,2,8.571428571428571,32,601,METRO EXPRESS,3
12086008305,30469,4,11.25,57,602,TRANSITWAY LOCAL,3
12086008308,30422,24,30.0,136,52,GOULDS TO CORAL REEF DR STATION,3
12086008308,30441,2,36.0,10,107,DOLPHIN MALL-MDC KEND-CUTLER BAY,3
12086008309,30422,33,30.0,189,52,GOULDS TO CORAL REEF DR STATION,3
12086008309,30436,1,30.0,6,97,SO.MIAMI HTS-PERRINE VIA CUTLER BAY,3
12086008309,30441,17,30.0,88,107,DOLPHIN MALL-MDC KEND-CUTLER BAY,3
12086008309,30458,1,18.0,10,287,CUTLER BAY TO RICHMOND DR STATION,3
12086008309,30466,1,120.0,1,500,CUTLER BAY LOCAL,3
12086008309,30468,4,8.181818181818182,67,601,METRO EXPRESS,3
12086008309,30469,8,11.25,112,602,TRANSITWAY LOCAL,3
12086008310,30422,12,16.363636363636363,66,52,GOULDS TO CORAL REEF DR STATION,3
12086008310,30429,3,22.5,16,73,OKEECHOBEE-DADELAND SO-PALM BAY,3
12086008310,30441,10,36.0,50,107,DOLPHIN MALL-MDC KEND-CUTLER BAY,3
12086008310,30448,12,15.0,78,152,COUNTRY WALK-TRANSITWAY VIA 152 ST,3
12086008310,30468,2,8.571428571428571,32,601,METRO EXPRESS,3
12086008310,30469,4,11.25,57,602,TRANSITWAY LOCAL,3
12086008311,30422,10,30.0,60,52,GOULDS TO CORAL REEF DR STATION,3
12086008311,30436,1,30.0,6,97,SO.MIAMI HTS-PERRINE VIA CUTLER BAY,3
12086008311,30441,10,36.0,50,107,DOLPHIN MALL-MDC KEND-CUTLER BAY,3
12086008311,30458,1,18.0,10,287,CUTLER BAY TO RICHMOND DR STATION,3
12086008311,30468,2,8.181818181818182,34,601,METRO EXPRESS,3
12086008311,30469,4,11.25,56,602,TRANSITWAY LOCAL,3
12086008312,30422,11,36.0,55,52,GOULDS TO CORAL REEF DR STATION,3
12086008312,30441,22,30.0,132,107,DOLPHIN MALL-MDC KEND-CUTLER BAY,3
12086008312,30448,10,30.0,60,152,COUNTRY WALK-TRANSITWAY VIA 152 ST,3
12086008313,30422,23,36.0,115,52,GOULDS TO CORAL REEF DR STATION,3
12086008313,30441,17,30.0,92,107,DOLPHIN MALL-MDC KEND-CUTLER BAY,3
12086008313,30448,21,30.0,126,152,COUNTRY WALK-TRANSITWAY VIA 152 ST,3
12086008314,30422,16,30.0,87,52,GOULDS TO CORAL REEF DR STATION,3
12086008314,30448,5,30.0,30,152,COUNTRY WALK-TRANSITWAY VIA 152 ST,3
12086008315,30422,18,30.0,105,52,GOULDS TO CORAL REEF DR STATION,3
12086008315,30441,20,36.0,100,107,DOLPHIN MALL-MDC KEND-CUTLER BAY,3
12086008315,30448,8,30.0,48,152,COUNTRY WALK-TRANSITWAY VIA 152 ST,3
12086008409,30440,2,60.0,6,104,HAMMOCKS-MDC-DADELAND NO.VIA 104 ST,3
12086008409,30445,2,90.0,4,136,DOUGLAS RD-OLD CUTLER-SW 136 ST,3
12086008409,30468,2,8.571428571428571,33,601,METRO EXPRESS,3
12086008409,30469,10,11.25,139,602,TRANSITWAY LOCAL,3
12086008415,30440,11,60.0,33,104,HAMMOCKS-MDC-DADELAND NO.VIA 104 ST,3
12086008416,30434,8,30.0,46,88,162 AVE TO DADELAND NORTH VIA 88 ST,3
12086008416,30440,16,45.0,55,104,HAMMOCKS-MDC-DADELAND NO.VIA 104 ST,3
12086008416,30441,12,36.0,60,107,DOLPHIN MALL-MDC KEND-CUTLER BAY,3
12086008416,30459,2,30.0,12,288,W. KENDALL TO DADELAND N VIA 88  ST,3
12086008418,30428,12,25.714285714285715,74,72,W KENDALL-SOUTH MIAMI VIA 72 ST,3
12086008418,30441,4,30.0,21,107,DOLPHIN MALL-MDC KEND-CUTLER BAY,3
12086008418,30456,6,25.714285714285715,37,272,WEST KENDALL-DADELAND NO VIA 72 ST,3
12086008419,30428,4,30.0,24,72,W KENDALL-SOUTH MIAMI VIA 72 ST,3
12086008419,30434,6,30.0,35,88,162 AVE TO DADELAND NORTH VIA 88 ST,3
12086008419,30440,6,45.0,21,104,HAMMOCKS-MDC-DADELAND NO.VIA 104 ST,3
12086008419,30441,14,30.0,71,107,DOLPHIN MALL-MDC KEND-CUTLER BAY,3
12086008419,30456,2,30.0,12,272,WEST KENDALL-DADELAND NO VIA 72 ST,3
12086008419,30459,2,30.0,12,288,W. KENDALL TO DADELAND N VIA 88  ST,3
12086008420,30440,12,25.714285714285715,62,104,HAMMOCKS-MDC-DADELAND NO.VIA 104 ST,3
12086008420,30441,15,30.0,89,107,DOLPHIN MALL-MDC KEND-CUTLER BAY,3
12086008420,30452,4,20.0,32,204,HAMMOCKS-DADELAND NORTH VIA 104 ST,3
12086008421,30434,7,30.0,42,88,162 AVE TO DADELAND NORTH VIA 88 ST,3
12086008421,30440,6,25.714285714285715,41,104,HAMMOCKS-MDC-DADELAND NO.VIA 104 ST,3
12086008421,30441,7,30.0,41,107,DOLPHIN MALL-MDC KEND-CUTLER BAY,3
12086008421,30452,4,20.0,32,204,HAMMOCKS-DADELAND NORTH VIA 104 ST,3
12086008421,30459,2,30.0,12,288,W. KENDALL TO DADELAND N VIA 88  ST,3
12086008422,30428,17,30.0,102,72,W KENDALL-SOUTH MIAMI VIA 72 ST,3
12086008422,30456,2,30.0,12,272,WEST KENDALL-DADELAND NO VIA 72 ST,3
12086008423,30428,5,30.0,30,72,W KENDALL-SOUTH MIAMI VIA 72 ST,3
12086008423,30433,8,30.0,43,87,MEDLEY-DADELAND NORTH VIA 87 AVE,3
12086008423,30434,15,30.0,88,88,162 AVE TO DADELAND NORTH VIA 88 ST,3
12086008423,30440,17,25.714285714285715,90,104,HAMMOCKS-MDC-DADELAND NO.VIA 104 ST,3
12086008423,30456,2,30.0,12,272,WEST KENDALL-DADELAND NO VIA 72 ST,3
12086008424,30440,13,30.0,44,104,HAMMOCKS-MDC-DADELAND NO.VIA 104 ST,3
12086008424,30441,4,30.0,21,107,DOLPHIN MALL-MDC KEND-CUTLER BAY,3
12086008424,30452,3,20.0,23,204,HAMMOCKS-DADELAND NORTH VIA 104 ST,3
12086008425,30434,6,30.0,36,88,162 AVE TO DADELAND NORTH VIA 88 ST,3
12086008425,30440,17,12.857142857142858,79,104,HAMMOCKS-MDC-DADELAND NO.VIA 104 ST,3
12086008425,30441,19,15.0,104,107,DOLPHIN MALL-MDC KEND-CUTLER BAY,3
12086008425,30452,5,20.0,39,204,HAMMOCKS-DADELAND NORTH VIA 104 ST,3
12086008425,30459,2,30.0,12,288,W. KENDALL TO DADELAND N VIA 88  ST,3
12086008426,30440,4,60.0,12,104,HAMMOCKS-MDC-DADELAND NO.VIA 104 ST,3
12086008426,30441,7,30.0,42,107,DOLPHIN MALL-MDC KEND-CUTLER BAY,3
12086008427,30440,4,25.714285714285715,20,104,HAMMOCKS-MDC-DADELAND NO.VIA 104 ST,3
12086008427,30441,14,30.0,84,107,DOLPHIN MALL-MDC KEND-CUTLER BAY,3
12086008427,30452,2,20.0,16,204,HAMMOCKS-DADELAND NORTH VIA 104 ST,3
12086008428,30434,2,30.0,12,88,162 AVE TO DADELAND NORTH VIA 88 ST,3
12086008428,30440,34,45.0,115,104,HAMMOCKS-MDC-DADELAND NO.VIA 104 ST,3
12086008429,30434,9,30.0,54,88,162 AVE TO DADELAND NORTH VIA 88 ST,3
12086008429,30440,30,25.714285714285715,131,104,HAMMOCKS-MDC-DADELAND NO.VIA 104 ST,3
12086008430,30434,11,30.0,66,88,162 AVE TO DADELAND NORTH VIA 88 ST,3
12086008430,30440,2,45.0,7,104,HAMMOCKS-MDC-DADELAND NO.VIA 104 ST,3
12086008430,30441,6,36.0,30,107,DOLPHIN MALL-MDC KEND-CUTLER BAY,3
12086008430,30459,4,30.0,24,288,W. KENDALL TO DADELAND N VIA 88  ST,3
12086008431,30428,2,25.714285714285715,13,72,W KENDALL-SOUTH MIAMI VIA 72 ST,3
12086008431,30434,2,30.0,12,88,162 AVE TO DADELAND NORTH VIA 88 ST,3
12086008431,30441,8,36.0,40,107,DOLPHIN MALL-MDC KEND-CUTLER BAY,3
12086008431,30456,2,25.714285714285715,13,272,WEST KENDALL-DADELAND NO VIA 72 ST,3
12086008431,30459,1,30.0,6,288,W. KENDALL TO DADELAND N VIA 88  ST,3
12086008502,30424,12,60.0,36,56,WEST DADE TO UNIV. STAT. VIA 56 ST,3
12086008502,30428,13,30.0,78,72,W KENDALL-SOUTH MIAMI VIA 72 ST,3
12086008502,30433,9,30.0,48,87,MEDLEY-DADELAND NORTH VIA 87 AVE,3
12086008502,30456,4,30.0,24,272,WEST KENDALL-DADELAND NO VIA 72 ST,3
12086008503,30420,12,30.0,70,40,BIRD RD/152 AVE TO DOUGLAS RD STA,3
12086008503,30433,8,30.0,44,87,MEDLEY-DADELAND NORTH VIA 87 AVE,3
12086008504,30424,12,60.0,36,56,WEST DADE TO UNIV. STAT. VIA 56 ST,3
12086008504,30433,6,30.0,33,87,MEDLEY-DADELAND NORTH VIA 87 AVE,3
12086008601,30420,7,30.0,39,40,BIRD RD/152 AVE TO DOUGLAS RD STA,3
12086008601,30424,9,60.0,27,56,WEST DADE TO UNIV. STAT. VIA 56 ST,3
12086008601,30428,6,30.0,36,72,W KENDALL-SOUTH MIAMI VIA 72 ST,3
12086008601,30456,2,30.0,12,272,WEST KENDALL-DADELAND NO VIA 72 ST,3
12086008603,30424,10,60.0,30,56,WEST DADE TO UNIV. STAT. VIA 56 ST,3
12086008603,30428,2,30.0,12,72,W KENDALL-SOUTH MIAMI VIA 72 ST,3
12086008603,30441,15,30.0,84,107,DOLPHIN MALL-MDC KEND-CUTLER BAY,3
12086008603,30456,2,30.0,12,272,WEST KENDALL-DADELAND NO VIA 72 ST,3
12086008604,30424,6,60.0,18,56,WEST DADE TO UNIV. STAT. VIA 56 ST,3
12086008604,30428,7,30.0,42,72,W KENDALL-SOUTH MIAMI VIA 72 ST,3
12086008604,30441,3,30.0,16,107,DOLPHIN MALL-MDC KEND-CUTLER BAY,3
12086008604,30456,2,30.0,12,272,WEST KENDALL-DADELAND NO VIA 72 ST,3
12086008702,30420,13,30.0,72,40,BIRD RD/152 AVE TO DOUGLAS RD STA,3
12086008702,30424,6,60.0,18,56,WEST DADE TO UNIV. STAT. VIA 56 ST,3
12086008702,30441,9,30.0,54,107,DOLPHIN MALL-MDC KEND-CUTLER BAY,3
12086008703,30420,9,30.0,48,40,BIRD RD/152 AVE TO DOUGLAS RD STA,3
12086008703,30441,9,30.0,54,107,DOLPHIN MALL-MDC KEND-CUTLER BAY,3
12086008704,30424,10,60.0,30,56,WEST DADE TO UNIV. STAT. VIA 56 ST,3
12086008704,30441,8,30.0,48,107,DOLPHIN MALL-MDC KEND-CUTLER BAY,3
12086008805,30412,7,22.5,56,24,CORAL WAY LIMITED,3
12086008805,30420,8,30.0,48,40,BIRD RD/152 AVE TO DOUGLAS RD STA,3
12086008805,30433,12,30.0,67,87,MEDLEY-DADELAND NORTH VIA 87 AVE,3
12086008806,30412,7,22.5,56,24,CORAL WAY LIMITED,3
12086008806,30420,6,30.0,34,40,BIRD RD/152 AVE TO DOUGLAS RD STA,3
12086008807,30412,15,22.5,116,24,CORAL WAY LIMITED,3
12086008807,30441,7,30.0,39,107,DOLPHIN MALL-MDC KEND-CUTLER BAY,3
12086008808,30420,12,30.0,67,40,BIRD RD/152 AVE TO DOUGLAS RD STA,3
12086008808,30441,3,30.0,18,107,DOLPHIN MALL-MDC KEND-CUTLER BAY,3
12086008809,30412,2,22.5,15,24,CORAL WAY LIMITED,3
12086008809,30441,11,30.0,63,107,DOLPHIN MALL-MDC KEND-CUTLER BAY,3
12086008810,30420,15,30.0,81,40,BIRD RD/152 AVE TO DOUGLAS RD STA,3
12086008810,30441,12,30.0,72,107,DOLPHIN MALL-MDC KEND-CUTLER BAY,3
12086008904,28802,2,22.5,12,DLOOP4,City of Doral Trolley (FIU Rt.),3
12086008904,28806,8,120.0,8,SWTWTA,City of Sweetwater Trolley A Route,3
12086008904,28807,2,120.0,2,SWTWTB,City of Sweetwater Trolley B Loop,3
12086008904,30401,5,16.363636363636363,51,8,BRICKELL-107AV/WSTCHSTR VIA SW 8 ST,3
12086008904,30403,5,6.0,96,11,FIU-DOWNTOWN VIA FLAGLER ST,3
12086008904,30412,5,12.0,45,24,CORAL WAY LIMITED,3
12086008904,30441,9,18.0,50,107,DOLPHIN MALL-MDC KEND-CUTLER BAY,3
12086008906,28806,1,120.0,1,SWTWTA,City of Sweetwater Trolley A Route,3
12086008906,30401,2,18.0,20,8,BRICKELL-107AV/WSTCHSTR VIA SW 8 ST,3
12086008906,30403,2,6.0,48,11,FIU-DOWNTOWN VIA FLAGLER ST,3
12086008906,30412,18,12.0,146,24,CORAL WAY LIMITED,3
12086008906,30441,6,18.0,35,107,DOLPHIN MALL-MDC KEND-CUTLER BAY,3
12086008907,28806,5,120.0,5,SWTWTA,City of Sweetwater Trolley A Route,3
12086008907,30401,8,16.363636363636363,63,8,BRICKELL-107AV/WSTCHSTR VIA SW 8 ST,3
12086008907,30403,4,10.0,66,11,FIU-DOWNTOWN VIA FLAGLER ST,3
12086008907,30441,4,36.0,20,107,DOLPHIN MALL-MDC KEND-CUTLER BAY,3
12086008908,30401,9,30.0,50,8,BRICKELL-107AV/WSTCHSTR VIA SW 8 ST,3
12086008908,30433,5,30.0,29,87,MEDLEY-DADELAND NORTH VIA 87 AVE,3
12086008909,30412,12,22.5,96,24,CORAL WAY LIMITED,3
12086008909,30433,8,30.0,44,87,MEDLEY-DADELAND NORTH VIA 87 AVE,3
12086008910,30401,6,15.0,45,8,BRICKELL-107AV/WSTCHSTR VIA SW 8 ST,3
12086008910,30433,5,30.0,29,87,MEDLEY-DADELAND NORTH VIA 87 AVE,3
12086008911,30412,11,20.0,89,24,CORAL WAY LIMITED,3
12086008911,30433,8,30.0,44,87,MEDLEY-DADELAND NORTH VIA 87 AVE,3
12086009010,23892,44,18.0,242,DLOOP1,City of Doral Trolley (Rt. 1),3
12086009010,23893,45,30.0,138,DLOOP2,City of Doral Trolley (Rt. 2),3
12086009010,23894,5,22.5,26,DLOOP3,City of Doral Trolley (Rt. 3),3
12086009010,23896,1,90.0,2,HIAMAR,City of Hialeah Transit (Marlin),3
12086009010,28802,22,45.0,75,DLOOP4,City of Doral Trolley (FIU Rt.),3
12086009010,28806,8,120.0,8,SWTWTA,City of Sweetwater Trolley A Route,3
12086009010,28807,8,120.0,8,SWTWTB,City of Sweetwater Trolley B Loop,3
12086009010,30400,10,18.0,59,7,DOWNTOWN-DOLPH MALL/AIRPORT VIA 7ST,3
12086009010,30418,8,30.0,40,36,DORAL-AIRPORT-MIAMI BEACH VIA 36 ST,3
12086009010,30429,1,36.0,5,73,OKEECHOBEE-DADELAND SO-PALM BAY,3
12086009010,30433,17,30.0,93,87,MEDLEY-DADELAND NORTH VIA 87 AVE,3
12086009010,30435,16,120.0,16,95,I-95 GOLDEN GLADES EXPRESS,3
12086009010,30441,11,18.0,64,107,DOLPHIN MALL-MDC KEND-CUTLER BAY,3
12086009010,30443,6,90.0,12,132,HIA.TRI-RAIL STA-DORAL VIA 36ST,3
12086009010,30446,11,20.0,56,137,DOLPHIN MALL-CUTLER BAY VIA 137 AVE,3
12086009014,30400,21,36.0,105,7,DOWNTOWN-DOLPH MALL/AIRPORT VIA 7ST,3
12086009014,30403,9,10.588235294117647,133,11,FIU-DOWNTOWN VIA FLAGLER ST,3
12086009014,30433,22,30.0,122,87,MEDLEY-DADELAND NORTH VIA 87 AVE,3
12086009014,30455,4,16.363636363636363,42,211,SWEETWATER-DOWNTOWN VIA FLAGLER ST,3
12086009015,28807,4,120.0,4,SWTWTB,City of Sweetwater Trolley B Loop,3
12086009015,30400,15,30.0,81,7,DOWNTOWN-DOLPH MALL/AIRPORT VIA 7ST,3
12086009015,30403,14,10.588235294117647,202,11,FIU-DOWNTOWN VIA FLAGLER ST,3
12086009015,30433,2,30.0,12,87,MEDLEY-DADELAND NORTH VIA 87 AVE,3
12086009015,30455,8,16.363636363636363,83,211,SWEETWATER-DOWNTOWN VIA FLAGLER ST,3
12086009020,28802,9,22.5,40,DLOOP4,City of Doral Trolley (FIU Rt.),3
12086009020,28806,13,90.0,14,SWTWTA,City of Sweetwater Trolley A Route,3
12086009020,28807,12,90.0,13,SWTWTB,City of Sweetwater Trolley B Loop,3
12086009020,30401,10,30.0,55,8,BRICKELL-107AV/WSTCHSTR VIA SW 8 ST,3
12086009020,30403,6,10.0,90,11,FIU-DOWNTOWN VIA FLAGLER ST,3
12086009020,30441,6,36.0,30,107,DOLPHIN MALL-MDC KEND-CUTLER BAY,3
12086009020,30446,5,30.0,26,137,DOLPHIN MALL-CUTLER BAY VIA 137 AVE,3
12086009020,30455,4,9.0,50,211,SWEETWATER-DOWNTOWN VIA FLAGLER ST,3
12086009021,28802,4,45.0,16,DLOOP4,City of Doral Trolley (FIU Rt.),3
12086009021,28806,10,120.0,10,SWTWTA,City of Sweetwater Trolley A Route,3
12086009021,28807,10,120.0,10,SWTWTB,City of Sweetwater Trolley B Loop,3
12086009021,30401,7,30.0,39,8,BRICKELL-107AV/WSTCHSTR VIA SW 8 ST,3
12086009021,30441,6,30.0,31,107,DOLPHIN MALL-MDC KEND-CUTLER BAY,3
12086009021,30446,7,30.0,34,137,DOLPHIN MALL-CUTLER BAY VIA 137 AVE,3
12086009022,28806,5,120.0,5,SWTWTA,City of Sweetwater Trolley A Route,3
12086009022,28807,5,120.0,5,SWTWTB,City of Sweetwater Trolley B Loop,3
12086009022,30401,5,30.0,28,8,BRICKELL-107AV/WSTCHSTR VIA SW 8 ST,3
12086009022,30446,5,30.0,25,137,DOLPHIN MALL-CUTLER BAY VIA 137 AVE,3
12086009024,30400,6,30.0,33,7,DOWNTOWN-DOLPH MALL/AIRPORT VIA 7ST,3
12086009024,30433,1,30.0,6,87,MEDLEY-DADELAND NORTH VIA 87 AVE,3
12086009026,30400,10,30.0,51,7,DOWNTOWN-DOLPH MALL/AIRPORT VIA 7ST,3
12086009026,30403,2,10.588235294117647,29,11,FIU-DOWNTOWN VIA FLAGLER ST,3
12086009026,30433,6,30.0,34,87,MEDLEY-DADELAND NORTH VIA 87 AVE,3
12086009026,30455,2,16.363636363636363,21,211,SWEETWATER-DOWNTOWN VIA FLAGLER ST,3
12086009027,30400,10,30.0,55,7,DOWNTOWN-DOLPH MALL/AIRPORT VIA 7ST,3
12086009027,30433,2,30.0,11,87,MEDLEY-DADELAND NORTH VIA 87 AVE,3
12086009028,23892,1,45.0,4,DLOOP1,City of Doral Trolley (Rt. 1),3
12086009028,28802,2,45.0,7,DLOOP4,City of Doral Trolley (FIU Rt.),3
12086009028,28806,2,120.0,2,SWTWTA,City of Sweetwater Trolley A Route,3
12086009028,28807,2,120.0,2,SWTWTB,City of Sweetwater Trolley B Loop,3
12086009028,30400,11,30.0,60,7,DOWNTOWN-DOLPH MALL/AIRPORT VIA 7ST,3
12086009028,30441,1,30.0,6,107,DOLPHIN MALL-MDC KEND-CUTLER BAY,3
12086009028,30446,1,30.0,6,137,DOLPHIN MALL-CUTLER BAY VIA 137 AVE,3
12086009029,28802,8,45.0,30,DLOOP4,City of Doral Trolley (FIU Rt.),3
12086009029,28806,9,120.0,9,SWTWTA,City of Sweetwater Trolley A Route,3
12086009029,28807,14,120.0,14,SWTWTB,City of Sweetwater Trolley B Loop,3
12086009029,30400,11,30.0,60,7,DOWNTOWN-DOLPH MALL/AIRPORT VIA 7ST,3
12086009029,30401,2,30.0,11,8,BRICKELL-107AV/WSTCHSTR VIA SW 8 ST,3
12086009029,30403,14,10.0,204,11,FIU-DOWNTOWN VIA FLAGLER ST,3
12086009029,30441,1,30.0,6,107,DOLPHIN MALL-MDC KEND-CUTLER BAY,3
12086009029,30446,6,30.0,32,137,DOLPHIN MALL-CUTLER BAY VIA 137 AVE,3
12086009029,30455,6,15.0,61,211,SWEETWATER-DOWNTOWN VIA FLAGLER ST,3
12086009030,30400,6,36.0,30,7,DOWNTOWN-DOLPH MALL/AIRPORT VIA 7ST,3
12086009030,30433,7,30.0,37,87,MEDLEY-DADELAND NORTH VIA 87 AVE,3
12086009031,30400,11,36.0,55,7,DOWNTOWN-DOLPH MALL/AIRPORT VIA 7ST,3
12086009031,30433,10,30.0,54,87,MEDLEY-DADELAND NORTH VIA 87 AVE,3
12086009039,23892,11,30.0,62,DLOOP1,City of Doral Trolley (Rt. 1),3
12086009039,23893,4,60.0,12,DLOOP2,City of Doral Trolley (Rt. 2),3
12086009039,23894,6,22.5,28,DLOOP3,City of Doral Trolley (Rt. 3),3
12086009039,28802,5,45.0,18,DLOOP4,City of Doral Trolley (FIU Rt.),3
12086009040,23892,6,30.0,34,DLOOP1,City of Doral Trolley (Rt. 1),3
12086009040,23893,5,30.0,18,DLOOP2,City of Doral Trolley (Rt. 2),3
12086009040,23894,17,25.714285714285715,75,DLOOP3,City of Doral Trolley (Rt. 3),3
12086009040,23896,6,36.0,24,HIAMAR,City of Hialeah Transit (Marlin),3
12086009040,28802,10,22.5,45,DLOOP4,City of Doral Trolley (FIU Rt.),3
12086009040,30433,7,16.363636363636363,44,87,MEDLEY-DADELAND NORTH VIA 87 AVE,3
12086009040,30715,1,20.0,9,103,HIA GARDENS-BISC BLVD VIA 103 ST,3
12086009040,30979,2,10.0,34,2600,REGULAR METRORAIL SERVICE,2
12086009043,23892,7,30.0,38,DLOOP1,City of Doral Trolley (Rt. 1),3
12086009043,23894,6,45.0,24,DLOOP3,City of Doral Trolley (Rt. 3),3
12086009043,28802,3,60.0,9,DLOOP4,City of Doral Trolley (FIU Rt.),3
12086009044,23892,6,30.0,28,DLOOP1,City of Doral Trolley (Rt. 1),3
12086009044,23894,4,45.0,16,DLOOP3,City of Doral Trolley (Rt. 3),3
12086009048,23892,3,30.0,15,DLOOP1,City of Doral Trolley (Rt. 1),3
12086009048,23894,6,36.0,27,DLOOP3,City of Doral Trolley (Rt. 3),3
12086009048,28802,6,45.0,21,DLOOP4,City of Doral Trolley (FIU Rt.),3
12086009049,23892,9,30.0,48,DLOOP1,City of Doral Trolley (Rt. 1),3
12086009049,23894,5,45.0,20,DLOOP3,City of Doral Trolley (Rt. 3),3
12086009050,23892,13,30.0,70,DLOOP1,City of Doral Trolley (Rt. 1),3
12086009050,23894,9,45.0,36,DLOOP3,City of Doral Trolley (Rt. 3),3
12086009050,28802,3,22.5,14,DLOOP4,City of Doral Trolley (FIU Rt.),3
12086009051,30400,3,36.0,15,7,DOWNTOWN-DOLPH MALL/AIRPORT VIA 7ST,3
12086009051,30401,6,15.0,45,8,BRICKELL-107AV/WSTCHSTR VIA SW 8 ST,3
12086009051,30403,9,10.588235294117647,133,11,FIU-DOWNTOWN VIA FLAGLER ST,3
12086009051,30433,13,30.0,75,87,MEDLEY-DADELAND NORTH VIA 87 AVE,3
12086009051,30455,4,16.363636363636363,42,211,SWEETWATER-DOWNTOWN VIA FLAGLER ST,3
12086009052,28807,4,120.0,4,SWTWTB,City of Sweetwater Trolley B Loop,3
12086009052,30401,6,30.0,33,8,BRICKELL-107AV/WSTCHSTR VIA SW 8 ST,3
12086009052,30403,10,10.588235294117647,145,11,FIU-DOWNTOWN VIA FLAGLER ST,3
12086009052,30455,4,16.363636363636363,41,211,SWEETWATER-DOWNTOWN VIA FLAGLER ST,3
12086009053,30401,5,30.0,28,8,BRICKELL-107AV/WSTCHSTR VIA SW 8 ST,3
12086009053,30403,6,10.588235294117647,86,11,FIU-DOWNTOWN VIA FLAGLER ST,3
12086009053,30433,7,30.0,42,87,MEDLEY-DADELAND NORTH VIA 87 AVE,3
12086009053,30455,5,16.363636363636363,53,211,SWEETWATER-DOWNTOWN VIA FLAGLER ST,3
12086009054,28802,2,45.0,8,DLOOP4,City of Doral Trolley (FIU Rt.),3
12086009054,28806,5,120.0,5,SWTWTA,City of Sweetwater Trolley A Route,3
12086009054,28807,6,120.0,6,SWTWTB,City of Sweetwater Trolley B Loop,3
12086009054,30401,8,30.0,44,8,BRICKELL-107AV/WSTCHSTR VIA SW 8 ST,3
12086009054,30403,12,10.0,177,11,FIU-DOWNTOWN VIA FLAGLER ST,3
12086009054,30441,3,36.0,15,107,DOLPHIN MALL-MDC KEND-CUTLER BAY,3
12086009054,30446,1,30.0,6,137,DOLPHIN MALL-CUTLER BAY VIA 137 AVE,3
12086009054,30455,4,15.0,41,211,SWEETWATER-DOWNTOWN VIA FLAGLER ST,3
12086009055,28807,5,120.0,5,SWTWTB,City of Sweetwater Trolley B Loop,3
12086009055,30401,4,30.0,22,8,BRICKELL-107AV/WSTCHSTR VIA SW 8 ST,3
12086009055,30403,8,10.588235294117647,116,11,FIU-DOWNTOWN VIA FLAGLER ST,3
12086009055,30455,4,16.363636363636363,40,211,SWEETWATER-DOWNTOWN VIA FLAGLER ST,3
12086009056,23892,9,36.0,45,DLOOP1,City of Doral Trolley (Rt. 1),3
12086009056,23893,3,60.0,9,DLOOP2,City of Doral Trolley (Rt. 2),3
12086009056,23894,9,22.5,48,DLOOP3,City of Doral Trolley (Rt. 3),3
12086009056,28802,8,45.0,28,DLOOP4,City of Doral Trolley (FIU Rt.),3
12086009057,23892,1,36.0,5,DLOOP1,City of Doral Trolley (Rt. 1),3
12086009057,23894,17,36.0,78,DLOOP3,City of Doral Trolley (Rt. 3),3
12086009057,28802,12,36.0,49,DLOOP4,City of Doral Trolley (FIU Rt.),3
12086009058,23892,9,36.0,45,DLOOP1,City of Doral Trolley (Rt. 1),3
12086009058,23893,3,60.0,9,DLOOP2,City of Doral Trolley (Rt. 2),3
12086009058,23894,6,36.0,30,DLOOP3,City of Doral Trolley (Rt. 3),3
12086009058,30435,1,120.0,1,95,I-95 GOLDEN GLADES EXPRESS,3
12086009059,23892,9,30.0,47,DLOOP1,City of Doral Trolley (Rt. 1),3
12086009059,23894,1,36.0,5,DLOOP3,City of Doral Trolley (Rt. 3),3
12086009059,28802,4,45.0,14,DLOOP4,City of Doral Trolley (FIU Rt.),3
12086009060,23892,8,30.0,44,DLOOP1,City of Doral Trolley (Rt. 1),3
12086009060,23894,3,45.0,12,DLOOP3,City of Doral Trolley (Rt. 3),3
12086009061,28806,10,120.0,10,SWTWTA,City of Sweetwater Trolley A Route,3
12086009061,28807,9,120.0,9,SWTWTB,City of Sweetwater Trolley B Loop,3
12086009061,30401,7,30.0,39,8,BRICKELL-107AV/WSTCHSTR VIA SW 8 ST,3
12086009061,30441,9,30.0,50,107,DOLPHIN MALL-MDC KEND-CUTLER BAY,3
12086009061,30446,7,30.0,34,137,DOLPHIN MALL-CUTLER BAY VIA 137 AVE,3
12086009062,28802,11,45.0,42,DLOOP4,City of Doral Trolley (FIU Rt.),3
12086009062,28806,15,90.0,16,SWTWTA,City of Sweetwater Trolley A Route,3
12086009062,28807,15,90.0,16,SWTWTB,City of Sweetwater Trolley B Loop,3
12086009062,30400,2,30.0,11,7,DOWNTOWN-DOLPH MALL/AIRPORT VIA 7ST,3
12086009062,30401,7,30.0,39,8,BRICKELL-107AV/WSTCHSTR VIA SW 8 ST,3
12086009062,30403,2,10.0,30,11,FIU-DOWNTOWN VIA FLAGLER ST,3
12086009062,30441,5,30.0,28,107,DOLPHIN MALL-MDC KEND-CUTLER BAY,3
12086009062,30446,11,30.0,56,137,DOLPHIN MALL-CUTLER BAY VIA 137 AVE,3
12086009062,30455,4,9.0,50,211,SWEETWATER-DOWNTOWN VIA FLAGLER ST,3
12086009063,28806,4,120.0,4,SWTWTA,City of Sweetwater Trolley A Route,3
12086009063,28807,4,120.0,4,SWTWTB,City of Sweetwater Trolley B Loop,3
12086009063,30401,5,30.0,28,8,BRICKELL-107AV/WSTCHSTR VIA SW 8 ST,3
12086009063,30446,5,30.0,25,137,DOLPHIN MALL-CUTLER BAY VIA 137 AVE,3
12086009064,28802,2,45.0,7,DLOOP4,City of Doral Trolley (FIU Rt.),3
12086009064,28806,5,120.0,5,SWTWTA,City of Sweetwater Trolley A Route,3
12086009064,28807,4,120.0,4,SWTWTB,City of Sweetwater Trolley B Loop,3
12086009064,30400,2,30.0,11,7,DOWNTOWN-DOLPH MALL/AIRPORT VIA 7ST,3
12086009064,30441,6,30.0,34,107,DOLPHIN MALL-MDC KEND-CUTLER BAY,3
12086009064,30446,1,30.0,6,137,DOLPHIN MALL-CUTLER BAY VIA 137 AVE,3
12086009065,23892,1,36.0,5,DLOOP1,City of Doral Trolley (Rt. 1),3
12086009065,23893,13,60.0,39,DLOOP2,City of Doral Trolley (Rt. 2),3
12086009065,30418,8,30.0,40,36,DORAL-AIRPORT-MIAMI BEACH VIA 36 ST,3
12086009065,30433,4,30.0,23,87,MEDLEY-DADELAND NORTH VIA 87 AVE,3
12086009065,30435,7,120.0,7,95,I-95 GOLDEN GLADES EXPRESS,3
12086009065,30443,11,90.0,22,132,HIA.TRI-RAIL STA-DORAL VIA 36ST,3
12086009066,23892,9,36.0,45,DLOOP1,City of Doral Trolley (Rt. 1),3
12086009066,23893,25,45.0,76,DLOOP2,City of Doral Trolley (Rt. 2),3
12086009066,23894,3,36.0,13,DLOOP3,City of Doral Trolley (Rt. 3),3
12086009066,30418,12,16.363636363636363,66,36,DORAL-AIRPORT-MIAMI BEACH VIA 36 ST,3
12086009066,30433,16,25.714285714285715,92,87,MEDLEY-DADELAND NORTH VIA 87 AVE,3
12086009066,30435,5,120.0,5,95,I-95 GOLDEN GLADES EXPRESS,3
12086009066,30443,8,45.0,18,132,HIA.TRI-RAIL STA-DORAL VIA 36ST,3
12086009101,28823,2,36.0,10,MIAFLAG,City of Miami - Flagami Route,3
12086009101,30400,12,30.0,66,7,DOWNTOWN-DOLPH MALL/AIRPORT VIA 7ST,3
12086009101,30401,2,13.846153846153847,23,8,BRICKELL-107AV/WSTCHSTR VIA SW 8 ST,3
12086009101,30403,10,10.588235294117647,146,11,FIU-DOWNTOWN VIA FLAGLER ST,3
12086009101,30429,6,45.0,24,73,OKEECHOBEE-DADELAND SO-PALM BAY,3
12086009101,30455,2,16.363636363636363,21,211,SWEETWATER-DOWNTOWN VIA FLAGLER ST,3
12086009102,28823,2,36.0,10,MIAFLAG,City of Miami - Flagami Route,3
12086009102,30400,5,30.0,28,7,DOWNTOWN-DOLPH MALL/AIRPORT VIA 7ST,3
12086009102,30403,4,11.25,58,11,FIU-DOWNTOWN VIA FLAGLER ST,3
12086009102,30418,9,30.0,46,36,DORAL-AIRPORT-MIAMI BEACH VIA 36 ST,3
12086009102,30429,45,36.0,181,73,OKEECHOBEE-DADELAND SO-PALM BAY,3
12086009102,30435,2,120.0,2,95,I-95 GOLDEN GLADES EXPRESS,3
12086009102,30443,4,90.0,8,132,HIA.TRI-RAIL STA-DORAL VIA 36ST,3
12086009102,30449,1,20.0,9,183,AVENTURA-HIALEAH VIA 183 ST/67 AVE,3
12086009102,30455,2,16.363636363636363,21,211,SWEETWATER-DOWNTOWN VIA FLAGLER ST,3
12086009200,30419,1,45.0,4,37,HIALEAH-SO.MIAMI VIA PALM/37 AVE,3
12086009305,30419,14,30.0,65,37,HIALEAH-SO.MIAMI VIA PALM/37 AVE,3
12086009305,30449,5,22.5,38,183,AVENTURA-HIALEAH VIA 183 ST/67 AVE,3
12086009312,30419,17,30.0,75,37,HIALEAH-SO.MIAMI VIA PALM/37 AVE,3
12086009312,30430,13,12.0,105,75,MIAMI LAKES-NORTH MIAMI-SUNNY ISLES,3
12086009312,30449,13,22.5,102,183,AVENTURA-HIALEAH VIA 183 ST/67 AVE,3
12086009314,23895,12,45.0,48,HIAFLA,City of Hialeah Transit (Flamingo),3
12086009314,30423,10,36.0,42,54,HIALEAH-MIAMI LAKES-BISCA VIA 54 ST,3
12086009315,23895,4,45.0,16,HIAFLA,City of Hialeah Transit (Flamingo),3
12086009315,30423,4,36.0,20,54,HIALEAH-MIAMI LAKES-BISCA VIA 54 ST,3
12086009316,23895,1,22.5,8,HIAFLA,City of Hialeah Transit (Flamingo),3
12086009316,30423,8,30.0,24,54,HIALEAH-MIAMI LAKES-BISCA VIA 54 ST,3
12086009317,30423,3,60.0,7,54,HIALEAH-MIAMI LAKES-BISCA VIA 54 ST,3
12086009317,30449,14,22.5,106,183,AVENTURA-HIALEAH VIA 183 ST/67 AVE,3
12086009318,30449,2,22.5,16,183,AVENTURA-HIALEAH VIA 183 ST/67 AVE,3
12086009319,30449,4,22.5,32,183,AVENTURA-HIALEAH VIA 183 ST/67 AVE,3
12086009320,30449,9,22.5,69,183,AVENTURA-HIALEAH VIA 183 ST/67 AVE,3
12086009321,30419,5,30.0,24,37,HIALEAH-SO.MIAMI VIA PALM/37 AVE,3
12086009322,23895,7,45.0,28,HIAFLA,City of Hialeah Transit (Flamingo),3
12086009322,30423,5,36.0,17,54,HIALEAH-MIAMI LAKES-BISCA VIA 54 ST,3
12086009323,23895,3,45.0,12,HIAFLA,City of Hialeah Transit (Flamingo),3
12086009323,30423,10,36.0,29,54,HIALEAH-MIAMI LAKES-BISCA VIA 54 ST,3
12086009323,30449,9,22.5,70,183,AVENTURA-HIALEAH VIA 183 ST/67 AVE,3
12086009324,30449,7,22.5,53,183,AVENTURA-HIALEAH VIA 183 ST/67 AVE,3
12086009325,23896,1,45.0,4,HIAMAR,City of Hialeah Transit (Marlin),3
12086009325,30419,6,30.0,29,37,HIALEAH-SO.MIAMI VIA PALM/37 AVE,3
12086009326,23895,10,45.0,40,HIAFLA,City of Hialeah Transit (Flamingo),3
12086009326,30423,10,36.0,46,54,HIALEAH-MIAMI LAKES-BISCA VIA 54 ST,3
12086009326,30449,7,22.5,56,183,AVENTURA-HIALEAH VIA 183 ST/67 AVE,3
12086009327,30449,14,22.5,110,183,AVENTURA-HIALEAH VIA 183 ST/67 AVE,3
12086009401,30415,18,15.0,156,27,COCO GROVE-MIA GARDENS VIA NW 27 AV,3
12086009401,30416,4,30.0,22,32,MIAMI GRDNS-OMNI VIA NW 32 AVE-20ST,3
12086009401,30430,8,30.0,44,75,MIAMI LAKES-NORTH MIAMI-SUNNY ISLES,3
12086009401,30435,4,60.0,12,95,I-95 GOLDEN GLADES EXPRESS,3
12086009401,30449,8,22.5,60,183,AVENTURA-HIALEAH VIA 183 ST/67 AVE,3
12086009402,30415,8,30.0,48,27,COCO GROVE-MIA GARDENS VIA NW 27 AV,3
12086009402,30416,11,30.0,60,32,MIAMI GRDNS-OMNI VIA NW 32 AVE-20ST,3
12086009402,30430,7,30.0,38,75,MIAMI LAKES-NORTH MIAMI-SUNNY ISLES,3
12086009402,30435,4,60.0,12,95,I-95 GOLDEN GLADES EXPRESS,3
12086009402,30449,8,22.5,60,183,AVENTURA-HIALEAH VIA 183 ST/67 AVE,3
12086009503,30408,17,22.5,120,17,163 ST TERM-VIZ VIA 17 AV,3
12086009503,30415,12,15.0,120,27,COCO GROVE-MIA GARDENS VIA NW 27 AV,3
12086009503,30430,13,30.0,68,75,MIAMI LAKES-NORTH MIAMI-SUNNY ISLES,3
12086009503,30435,7,60.0,21,95,I-95 GOLDEN GLADES EXPRESS,3
12086009503,30449,14,22.5,107,183,AVENTURA-HIALEAH VIA 183 ST/67 AVE,3
12086009504,30408,6,20.0,41,17,163 ST TERM-VIZ VIA 17 AV,3
12086009504,30430,16,36.0,80,75,MIAMI LAKES-NORTH MIAMI-SUNNY ISLES,3
12086009504,30435,6,45.0,23,95,I-95 GOLDEN GLADES EXPRESS,3
12086009504,30449,6,22.5,44,183,AVENTURA-HIALEAH VIA 183 ST/67 AVE,3
12086009505,28819,1,90.0,2,NMBEACD,City of North Miami Beach Purple Rt,3
12086009505,30408,10,22.5,65,17,163 ST TERM-VIZ VIA 17 AV,3
12086009505,30719,2,10.588235294117647,30,77,NORWOOD - DOWNTOWN VIA NW 7 AVE,3
12086009506,28819,5,90.0,10,NMBEACD,City of North Miami Beach Purple Rt,3
12086009506,30408,27,20.0,173,17,163 ST TERM-VIZ VIA 17 AV,3
12086009506,30449,17,22.5,130,183,AVENTURA-HIALEAH VIA 183 ST/67 AVE,3
12086009506,30719,16,10.588235294117647,179,77,NORWOOD - DOWNTOWN VIA NW 7 AVE,3
12086009601,30408,5,20.0,30,17,163 ST TERM-VIZ VIA 17 AV,3
12086009601,30717,3,30.0,18,199,COUNTRY CLUB-AVENTURA MALL VIA 199,3
12086009601,30719,7,20.0,51,77,NORWOOD - DOWNTOWN VIA NW 7 AVE,3
12086009602,28819,5,90.0,10,NMBEACD,City of North Miami Beach Purple Rt,3
12086009602,30408,22,20.0,136,17,163 ST TERM-VIZ VIA 17 AV,3
12086009602,30449,8,22.5,64,183,AVENTURA-HIALEAH VIA 183 ST/67 AVE,3
12086009602,30719,10,10.588235294117647,85,77,NORWOOD - DOWNTOWN VIA NW 7 AVE,3
12086009703,30435,3,60.0,9,95,I-95 GOLDEN GLADES EXPRESS,3
12086009703,30717,7,30.0,42,199,COUNTRY CLUB-AVENTURA MALL VIA 199,3
12086009704,23888,1,90.0,2,AVTYEL,City of Aventura Exp (Yellow),3
12086009704,28817,1,90.0,2,NMBEACB,City of North Miami Beach Gold Rt.,3
12086009704,30399,5,15.0,51,3,AVENTURA-DOWNTOWN VIA BISC.BLVD.,3
12086009704,30402,18,9.473684210526315,160,9,AVENTURA-DOWNTOWN VIA NE 2 AVE,3
12086009704,30435,15,60.0,45,95,I-95 GOLDEN GLADES EXPRESS,3
12086009704,30449,17,22.5,126,183,AVENTURA-HIALEAH VIA 183 ST/67 AVE,3
12086009704,30467,14,25.714285714285715,52,510,SKYLAKE CIRCULATOR,3
12086009704,30717,7,30.0,42,199,COUNTRY CLUB-AVENTURA MALL VIA 199,3
12086009704,30718,5,30.0,24,203,DOWNTOWN-AVENTURA VIA BISCAYNE BLVD,3
12086009705,28817,4,90.0,8,NMBEACB,City of North Miami Beach Gold Rt.,3
12086009705,30402,12,20.0,90,9,AVENTURA-DOWNTOWN VIA NE 2 AVE,3
12086009705,30435,4,60.0,12,95,I-95 GOLDEN GLADES EXPRESS,3
12086009705,30449,12,22.5,89,183,AVENTURA-HIALEAH VIA 183 ST/67 AVE,3
12086009705,30467,33,25.714285714285715,122,510,SKYLAKE CIRCULATOR,3
12086009706,30402,6,20.0,32,9,AVENTURA-DOWNTOWN VIA NE 2 AVE,3
12086009706,30435,3,60.0,9,95,I-95 GOLDEN GLADES EXPRESS,3
12086009706,30449,5,22.5,38,183,AVENTURA-HIALEAH VIA 183 ST/67 AVE,3
12086009706,30467,21,25.714285714285715,91,510,SKYLAKE CIRCULATOR,3
12086009803,30717,10,30.0,56,199,COUNTRY CLUB-AVENTURA MALL VIA 199,3
12086009804,30717,16,15.0,98,199,COUNTRY CLUB-AVENTURA MALL VIA 199,3
12086009806,30717,19,15.0,120,199,COUNTRY CLUB-AVENTURA MALL VIA 199,3
12086009809,30717,11,30.0,61,199,COUNTRY CLUB-AVENTURA MALL VIA 199,3
12086009810,30717,11,30.0,66,199,COUNTRY CLUB-AVENTURA MALL VIA 199,3
12086009811,30717,11,30.0,66,199,COUNTRY CLUB-AVENTURA MALL VIA 199,3
12086009812,30467,1,25.714285714285715,7,510,SKYLAKE CIRCULATOR,3
12086009812,30717,17,15.0,108,199,COUNTRY CLUB-AVENTURA MALL VIA 199,3
12086009903,30408,19,20.0,131,17,163 ST TERM-VIZ VIA 17 AV,3
12086009903,30415,12,15.0,76,27,COCO GROVE-MIA GARDENS VIA NW 27 AV,3
12086009903,30435,2,60.0,6,95,I-95 GOLDEN GLADES EXPRESS,3
12086009903,30449,17,22.5,129,183,AVENTURA-HIALEAH VIA 183 ST/67 AVE,3
12086009903,30717,4,30.0,22,199,COUNTRY CLUB-AVENTURA MALL VIA 199,3
12086009904,30415,3,7.826086956521739,35,27,COCO GROVE-MIA GARDENS VIA NW 27 AV,3
12086009904,30717,6,30.0,33,199,COUNTRY CLUB-AVENTURA MALL VIA 199,3
12086009905,30408,25,20.0,167,17,163 ST TERM-VIZ VIA 17 AV,3
12086009905,30449,10,22.5,75,183,AVENTURA-HIALEAH VIA 183 ST/67 AVE,3
12086009905,30719,11,12.0,96,77,NORWOOD - DOWNTOWN VIA NW 7 AVE,3
12086009906,28819,2,90.0,4,NMBEACD,City of North Miami Beach Purple Rt,3
12086009906,30408,19,22.5,123,17,163 ST TERM-VIZ VIA 17 AV,3
12086009906,30449,10,22.5,78,183,AVENTURA-HIALEAH VIA 183 ST/67 AVE,3
12086009906,30717,3,30.0,18,199,COUNTRY CLUB-AVENTURA MALL VIA 199,3
12086009906,30719,33,10.588235294117647,266,77,NORWOOD - DOWNTOWN VIA NW 7 AVE,3
12086009907,30717,4,30.0,24,199,COUNTRY CLUB-AVENTURA MALL VIA 199,3
12086009908,30717,12,16.363636363636363,88,199,COUNTRY CLUB-AVENTURA MALL VIA 199,3
12086009909,30717,4,18.0,25,199,COUNTRY CLUB-AVENTURA MALL VIA 199,3
12086010010,30415,9,30.0,54,27,COCO GROVE-MIA GARDENS VIA NW 27 AV,3
12086010010,30416,9,30.0,44,32,MIAMI GRDNS-OMNI VIA NW 32 AVE-20ST,3
12086010010,30435,6,60.0,18,95,I-95 GOLDEN GLADES EXPRESS,3
12086010010,30449,14,22.5,111,183,AVENTURA-HIALEAH VIA 183 ST/67 AVE,3
12086010012,30415,24,25.714285714285715,143,27,COCO GROVE-MIA GARDENS VIA NW 27 AV,3
12086010012,30717,12,30.0,66,199,COUNTRY CLUB-AVENTURA MALL VIA 199,3
12086010013,30416,9,30.0,44,32,MIAMI GRDNS-OMNI VIA NW 32 AVE-20ST,3
12086010013,30435,5,60.0,15,95,I-95 GOLDEN GLADES EXPRESS,3
12086010013,30449,12,12.0,103,183,AVENTURA-HIALEAH VIA 183 ST/67 AVE,3
12086010013,30717,1,36.0,5,199,COUNTRY CLUB-AVENTURA MALL VIA 199,3
12086010015,30416,7,18.0,36,32,MIAMI GRDNS-OMNI VIA NW 32 AVE-20ST,3
12086010015,30717,12,30.0,59,199,COUNTRY CLUB-AVENTURA MALL VIA 199,3
12086010016,30416,7,18.0,40,32,MIAMI GRDNS-OMNI VIA NW 32 AVE-20ST,3
12086010016,30717,8,30.0,41,199,COUNTRY CLUB-AVENTURA MALL VIA 199,3
12086010017,30416,8,30.0,38,32,MIAMI GRDNS-OMNI VIA NW 32 AVE-20ST,3
12086010017,30419,1,30.0,6,37,HIALEAH-SO.MIAMI VIA PALM/37 AVE,3
12086010017,30430,12,30.0,61,75,MIAMI LAKES-NORTH MIAMI-SUNNY ISLES,3
12086010017,30435,5,60.0,15,95,I-95 GOLDEN GLADES EXPRESS,3
12086010017,30449,13,12.0,117,183,AVENTURA-HIALEAH VIA 183 ST/67 AVE,3
12086010017,30717,2,36.0,10,199,COUNTRY CLUB-AVENTURA MALL VIA 199,3
12086010018,30416,5,30.0,26,32,MIAMI GRDNS-OMNI VIA NW 32 AVE-20ST,3
12086010018,30419,4,30.0,18,37,HIALEAH-SO.MIAMI VIA PALM/37 AVE,3
12086010018,30430,15,30.0,76,75,MIAMI LAKES-NORTH MIAMI-SUNNY ISLES,3
12086010019,30415,7,30.0,42,27,COCO GROVE-MIA GARDENS VIA NW 27 AV,3
12086010019,30416,9,18.0,48,32,MIAMI GRDNS-OMNI VIA NW 32 AVE-20ST,3
12086010019,30717,11,30.0,59,199,COUNTRY CLUB-AVENTURA MALL VIA 199,3
12086010020,30415,7,25.714285714285715,44,27,COCO GROVE-MIA GARDENS VIA NW 27 AV,3
12086010020,30416,11,18.0,52,32,MIAMI GRDNS-OMNI VIA NW 32 AVE-20ST,3
12086010020,30717,11,30.0,59,199,COUNTRY CLUB-AVENTURA MALL VIA 199,3
12086010021,30415,2,30.0,12,27,COCO GROVE-MIA GARDENS VIA NW 27 AV,3
12086010021,30416,8,30.0,41,32,MIAMI GRDNS-OMNI VIA NW 32 AVE-20ST,3
12086010021,30430,7,30.0,38,75,MIAMI LAKES-NORTH MIAMI-SUNNY ISLES,3
12086010021,30435,3,60.0,9,95,I-95 GOLDEN GLADES EXPRESS,3
12086010021,30449,8,22.5,63,183,AVENTURA-HIALEAH VIA 183 ST/67 AVE,3
12086010022,30416,17,30.0,82,32,MIAMI GRDNS-OMNI VIA NW 32 AVE-20ST,3
12086010022,30430,10,30.0,55,75,MIAMI LAKES-NORTH MIAMI-SUNNY ISLES,3
12086010022,30435,4,60.0,12,95,I-95 GOLDEN GLADES EXPRESS,3
12086010022,30449,8,22.5,64,183,AVENTURA-HIALEAH VIA 183 ST/67 AVE,3
12086010023,30415,19,30.0,110,27,COCO GROVE-MIA GARDENS VIA NW 27 AV,3
12086010023,30717,8,30.0,44,199,COUNTRY CLUB-AVENTURA MALL VIA 199,3
12086010024,30415,33,15.0,204,27,COCO GROVE-MIA GARDENS VIA NW 27 AV,3
12086010024,30435,7,60.0,21,95,I-95 GOLDEN GLADES EXPRESS,3
12086010024,30449,14,22.5,105,183,AVENTURA-HIALEAH VIA 183 ST/67 AVE,3
12086010025,30415,21,7.826086956521739,180,27,COCO GROVE-MIA GARDENS VIA NW 27 AV,3
12086010025,30717,4,30.0,22,199,COUNTRY CLUB-AVENTURA MALL VIA 199,3
12086010026,30415,8,25.714285714285715,52,27,COCO GROVE-MIA GARDENS VIA NW 27 AV,3
12086010198,30448,6,16.363636363636363,38,152,COUNTRY WALK-TRANSITWAY VIA 152 ST,3
12086010201,30446,1,30.0,6,137,DOLPHIN MALL-CUTLER BAY VIA 137 AVE,3
12086010205,30422,18,16.363636363636363,116,52,GOULDS TO CORAL REEF DR STATION,3
12086010205,30436,3,45.0,12,97,SO.MIAMI HTS-PERRINE VIA CUTLER BAY,3
12086010205,30446,19,30.0,104,137,DOLPHIN MALL-CUTLER BAY VIA 137 AVE,3
12086010207,30422,15,15.0,108,52,GOULDS TO CORAL REEF DR STATION,3
12086010207,30436,15,45.0,50,97,SO.MIAMI HTS-PERRINE VIA CUTLER BAY,3
12086010207,30441,9,30.0,49,107,DOLPHIN MALL-MDC KEND-CUTLER BAY,3
12086010207,30466,3,120.0,3,500,CUTLER BAY LOCAL,3
12086010207,30468,6,8.181818181818182,100,601,METRO EXPRESS,3
12086010207,30469,4,10.588235294117647,59,602,TRANSITWAY LOCAL,3
12086010208,30422,31,15.0,210,52,GOULDS TO CORAL REEF DR STATION,3
12086010208,30436,18,30.0,65,97,SO.MIAMI HTS-PERRINE VIA CUTLER BAY,3
12086010208,30446,1,36.0,5,137,DOLPHIN MALL-CUTLER BAY VIA 137 AVE,3
12086010209,30446,2,30.0,11,137,DOLPHIN MALL-CUTLER BAY VIA 137 AVE,3
12086010211,30422,1,18.0,10,52,GOULDS TO CORAL REEF DR STATION,3
12086010211,30446,19,30.0,105,137,DOLPHIN MALL-CUTLER BAY VIA 137 AVE,3
12086010212,30446,8,30.0,45,137,DOLPHIN MALL-CUTLER BAY VIA 137 AVE,3
12086010213,30417,1,20.0,9,35,CUTLER BAY-FLA.CITY VIA LEISURE CTY,3
12086010213,30422,6,15.0,57,52,GOULDS TO CORAL REEF DR STATION,3
12086010213,30427,1,60.0,3,70,CUTLER BAY-FL CITY VIA PRINCETON,3
12086010213,30446,11,30.0,58,137,DOLPHIN MALL-CUTLER BAY VIA 137 AVE,3
12086010213,30466,1,120.0,1,500,CUTLER BAY LOCAL,3
12086010213,30469,2,11.25,28,602,TRANSITWAY LOCAL,3
12086010214,30417,1,20.0,9,35,CUTLER BAY-FLA.CITY VIA LEISURE CTY,3
12086010214,30422,12,15.0,113,52,GOULDS TO CORAL REEF DR STATION,3
12086010214,30427,1,60.0,3,70,CUTLER BAY-FL CITY VIA PRINCETON,3
12086010214,30436,8,45.0,28,97,SO.MIAMI HTS-PERRINE VIA CUTLER BAY,3
12086010214,30441,2,30.0,11,107,DOLPHIN MALL-MDC KEND-CUTLER BAY,3
12086010214,30446,6,30.0,31,137,DOLPHIN MALL-CUTLER BAY VIA 137 AVE,3
12086010214,30466,3,120.0,3,500,CUTLER BAY LOCAL,3
12086010214,30468,4,8.181818181818182,68,601,METRO EXPRESS,3
12086010214,30469,4,10.588235294117647,59,602,TRANSITWAY LOCAL,3
12086010301,30427,6,60.0,18,70,CUTLER BAY-FL CITY VIA PRINCETON,3
12086010301,30469,2,10.588235294117647,29,602,TRANSITWAY LOCAL,3
12086010400,30417,2,22.5,16,35,CUTLER BAY-FLA.CITY VIA LEISURE CTY,3
12086010400,30422,2,16.363636363636363,22,52,GOULDS TO CORAL REEF DR STATION,3
12086010400,30427,8,60.0,24,70,CUTLER BAY-FL CITY VIA PRINCETON,3
12086010400,30468,4,7.826086956521739,68,601,METRO EXPRESS,3
12086010400,30469,10,10.588235294117647,145,602,TRANSITWAY LOCAL,3
12086010501,30417,13,11.25,113,35,CUTLER BAY-FLA.CITY VIA LEISURE CTY,3
12086010501,30422,14,15.0,160,52,GOULDS TO CORAL REEF DR STATION,3
12086010501,30427,12,36.0,37,70,CUTLER BAY-FL CITY VIA PRINCETON,3
12086010501,30436,3,45.0,11,97,SO.MIAMI HTS-PERRINE VIA CUTLER BAY,3
12086010501,30441,3,30.0,16,107,DOLPHIN MALL-MDC KEND-CUTLER BAY,3
12086010501,30446,4,30.0,20,137,DOLPHIN MALL-CUTLER BAY VIA 137 AVE,3
12086010501,30466,3,120.0,3,500,CUTLER BAY LOCAL,3
12086010501,30468,2,8.181818181818182,34,601,METRO EXPRESS,3
12086010501,30469,8,10.588235294117647,115,602,TRANSITWAY LOCAL,3
12086010502,23888,1,90.0,2,AVTYEL,City of Aventura Exp (Yellow),3
12086010502,30417,10,22.5,75,35,CUTLER BAY-FLA.CITY VIA LEISURE CTY,3
12086010502,30427,24,60.0,72,70,CUTLER BAY-FL CITY VIA PRINCETON,3
12086010502,30468,2,8.181818181818182,34,601,METRO EXPRESS,3
12086010502,30469,4,10.588235294117647,59,602,TRANSITWAY LOCAL,3
12086010604,30436,12,60.0,36,97,SO.MIAMI HTS-PERRINE VIA CUTLER BAY,3
12086010604,30458,14,36.0,69,287,CUTLER BAY TO RICHMOND DR STATION,3
12086010604,30466,9,120.0,9,500,CUTLER BAY LOCAL,3
12086010608,30436,11,45.0,34,97,SO.MIAMI HTS-PERRINE VIA CUTLER BAY,3
12086010608,30466,8,120.0,8,500,CUTLER BAY LOCAL,3
12086010609,30417,5,11.25,48,35,CUTLER BAY-FLA.CITY VIA LEISURE CTY,3
12086010609,30422,11,7.826086956521739,139,52,GOULDS TO CORAL REEF DR STATION,3
12086010609,30427,11,36.0,33,70,CUTLER BAY-FL CITY VIA PRINCETON,3
12086010609,30436,14,45.0,49,97,SO.MIAMI HTS-PERRINE VIA CUTLER BAY,3
12086010609,30441,8,18.0,48,107,DOLPHIN MALL-MDC KEND-CUTLER BAY,3
12086010609,30446,4,18.0,24,137,DOLPHIN MALL-CUTLER BAY VIA 137 AVE,3
12086010609,30458,3,20.0,18,287,CUTLER BAY TO RICHMOND DR STATION,3
12086010609,30466,9,120.0,9,500,CUTLER BAY LOCAL,3
12086010609,30468,4,8.181818181818182,68,601,METRO EXPRESS,3
12086010609,30469,4,10.588235294117647,59,602,TRANSITWAY LOCAL,3
12086010610,30458,15,36.0,74,287,CUTLER BAY TO RICHMOND DR STATION,3
12086010610,30466,9,120.0,9,500,CUTLER BAY LOCAL,3
12086010613,30458,13,36.0,61,287,CUTLER BAY TO RICHMOND DR STATION,3
12086010613,30466,10,120.0,10,500,CUTLER BAY LOCAL,3
12086010618,30422,4,15.0,46,52,GOULDS TO CORAL REEF DR STATION,3
12086010618,30427,4,60.0,10,70,CUTLER BAY-FL CITY VIA PRINCETON,3
12086010618,30458,8,36.0,36,287,CUTLER BAY TO RICHMOND DR STATION,3
12086010618,30466,3,120.0,3,500,CUTLER BAY LOCAL,3
12086010619,30458,3,36.0,15,287,CUTLER BAY TO RICHMOND DR STATION,3
12086010619,30466,4,120.0,4,500,CUTLER BAY LOCAL,3
12086010620,30458,8,36.0,36,287,CUTLER BAY TO RICHMOND DR STATION,3
12086010620,30466,3,120.0,3,500,CUTLER BAY LOCAL,3
12086010621,23888,1,90.0,2,AVTYEL,City of Aventura Exp (Yellow),3
12086010621,30417,10,22.5,75,35,CUTLER BAY-FLA.CITY VIA LEISURE CTY,3
12086010621,30427,10,60.0,30,70,CUTLER BAY-FL CITY VIA PRINCETON,3
12086010622,30417,16,20.0,129,35,CUTLER BAY-FLA.CITY VIA LEISURE CTY,3
12086010622,30422,11,15.0,127,52,GOULDS TO CORAL REEF DR STATION,3
12086010622,30427,16,60.0,44,70,CUTLER BAY-FL CITY VIA PRINCETON,3
12086010622,30436,1,45.0,4,97,SO.MIAMI HTS-PERRINE VIA CUTLER BAY,3
12086010622,30441,1,36.0,5,107,DOLPHIN MALL-MDC KEND-CUTLER BAY,3
12086010622,30446,1,45.0,4,137,DOLPHIN MALL-CUTLER BAY VIA 137 AVE,3
12086010623,30422,2,15.0,24,52,GOULDS TO CORAL REEF DR STATION,3
12086010623,30436,10,45.0,33,97,SO.MIAMI HTS-PERRINE VIA CUTLER BAY,3
12086010623,30441,9,30.0,50,107,DOLPHIN MALL-MDC KEND-CUTLER BAY,3
12086010623,30466,7,120.0,7,500,CUTLER BAY LOCAL,3
12086010623,30468,4,8.181818181818182,67,601,METRO EXPRESS,3
12086010623,30469,4,10.588235294117647,59,602,TRANSITWAY LOCAL,3
12086010624,30436,21,45.0,65,97,SO.MIAMI HTS-PERRINE VIA CUTLER BAY,3
12086010624,30466,8,120.0,8,500,CUTLER BAY LOCAL,3
12086010626,30422,5,15.0,58,52,GOULDS TO CORAL REEF DR STATION,3
12086010626,30427,5,60.0,13,70,CUTLER BAY-FL CITY VIA PRINCETON,3
12086010705,30417,12,20.0,97,35,CUTLER BAY-FLA.CITY VIA LEISURE CTY,3
12086010706,28805,3,60.0,9,HOMECR,City of Homestead Campbell Route,3
12086010706,30417,5,22.5,40,35,CUTLER BAY-FLA.CITY VIA LEISURE CTY,3
12086010707,30417,12,22.5,95,35,CUTLER BAY-FLA.CITY VIA LEISURE CTY,3
12086010708,30417,11,22.5,84,35,CUTLER BAY-FLA.CITY VIA LEISURE CTY,3
12086010708,30427,2,60.0,6,70,CUTLER BAY-FL CITY VIA PRINCETON,3
12086010709,30417,2,22.5,15,35,CUTLER BAY-FLA.CITY VIA LEISURE CTY,3
12086010709,30427,8,60.0,24,70,CUTLER BAY-FL CITY VIA PRINCETON,3
12086010710,30427,10,60.0,30,70,CUTLER BAY-FL CITY VIA PRINCETON,3
12086010803,30417,9,22.5,72,35,CUTLER BAY-FLA.CITY VIA LEISURE CTY,3
12086010803,30427,7,60.0,21,70,CUTLER BAY-FL CITY VIA PRINCETON,3
12086010803,30468,2,7.826086956521739,34,601,METRO EXPRESS,3
12086010803,30469,2,10.588235294117647,29,602,TRANSITWAY LOCAL,3
12086010804,30417,33,22.5,262,35,CUTLER BAY-FLA.CITY VIA LEISURE CTY,3
12086010804,30427,12,60.0,35,70,CUTLER BAY-FL CITY VIA PRINCETON,3
12086010804,30468,2,7.826086956521739,34,601,METRO EXPRESS,3
12086010804,30469,6,10.0,88,602,TRANSITWAY LOCAL,3
12086010805,30417,12,22.5,92,35,CUTLER BAY-FLA.CITY VIA LEISURE CTY,3
12086010805,30427,8,60.0,20,70,CUTLER BAY-FL CITY VIA PRINCETON,3
12086010806,30417,7,22.5,56,35,CUTLER BAY-FLA.CITY VIA LEISURE CTY,3
12086010900,30417,16,22.5,121,35,CUTLER BAY-FLA.CITY VIA LEISURE CTY,3
12086010900,30427,16,60.0,41,70,CUTLER BAY-FL CITY VIA PRINCETON,3
12086010900,30468,2,7.826086956521739,35,601,METRO EXPRESS,3
12086010900,30469,2,10.0,30,602,TRANSITWAY LOCAL,3
12086011003,28805,2,60.0,6,HOMECR,City of Homestead Campbell Route,3
12086011003,30417,15,20.0,120,35,CUTLER BAY-FLA.CITY VIA LEISURE CTY,3
12086011008,28805,1,60.0,3,HOMECR,City of Homestead Campbell Route,3
12086011009,28805,7,60.0,21,HOMECR,City of Homestead Campbell Route,3
12086011009,30417,1,11.25,16,35,CUTLER BAY-FLA.CITY VIA LEISURE CTY,3
12086011010,28804,2,60.0,6,HOMELR,City of Homestead Lucy Route,3
12086011010,28805,10,36.0,32,HOMECR,City of Homestead Campbell Route,3
12086011010,30417,9,22.5,67,35,CUTLER BAY-FLA.CITY VIA LEISURE CTY,3
12086011010,30463,2,36.0,10,344,HOMESTEAD TO FL CITY,3
12086011011,28804,3,60.0,9,HOMELR,City of Homestead Lucy Route,3
12086011011,28805,4,60.0,12,HOMECR,City of Homestead Campbell Route,3
12086011011,30417,14,22.5,105,35,CUTLER BAY-FLA.CITY VIA LEISURE CTY,3
12086011011,30468,4,7.826086956521739,69,601,METRO EXPRESS,3
12086011011,30469,4,10.0,60,602,TRANSITWAY LOCAL,3
12086011012,28805,1,60.0,3,HOMECR,City of Homestead Campbell Route,3
12086011012,30417,6,22.5,45,35,CUTLER BAY-FLA.CITY VIA LEISURE CTY,3
12086011013,30417,8,22.5,60,35,CUTLER BAY-FLA.CITY VIA LEISURE CTY,3
12086011014,28804,2,60.0,6,HOMELR,City of Homestead Lucy Route,3
12086011014,28805,4,60.0,12,HOMECR,City of Homestead Campbell Route,3
12086011014,30463,2,36.0,10,344,HOMESTEAD TO FL CITY,3
12086011015,28805,7,60.0,21,HOMECR,City of Homestead Campbell Route,3
12086011015,30417,1,11.25,16,35,CUTLER BAY-FLA.CITY VIA LEISURE CTY,3
12086011103,28804,5,36.0,17,HOMELR,City of Homestead Lucy Route,3
12086011103,28805,4,36.0,14,HOMECR,City of Homestead Campbell Route,3
12086011103,30417,6,22.5,45,35,CUTLER BAY-FLA.CITY VIA LEISURE CTY,3
12086011103,30463,2,36.0,10,344,HOMESTEAD TO FL CITY,3
12086011103,30468,2,7.826086956521739,34,601,METRO EXPRESS,3
12086011103,30469,2,10.0,30,602,TRANSITWAY LOCAL,3
12086011104,28803,9,30.0,33,HOMEDT,City of Homestead Downtown Trolley,3
12086011104,28804,8,36.0,26,HOMELR,City of Homestead Lucy Route,3
12086011104,30417,11,20.0,86,35,CUTLER BAY-FLA.CITY VIA LEISURE CTY,3
12086011104,30427,13,60.0,33,70,CUTLER BAY-FL CITY VIA PRINCETON,3
12086011104,30460,1,90.0,2,301,DADE/MONROE EXPRESS,3
12086011104,30463,13,20.0,63,344,HOMESTEAD TO FL CITY,3
12086011104,30468,6,7.5,105,601,METRO EXPRESS,3
12086011104,30469,4,10.0,60,602,TRANSITWAY LOCAL,3
12086011105,30427,17,60.0,44,70,CUTLER BAY-FL CITY VIA PRINCETON,3
12086011105,30469,4,10.0,59,602,TRANSITWAY LOCAL,3
12086011106,28803,2,60.0,6,HOMEDT,City of Homestead Downtown Trolley,3
12086011106,30427,27,60.0,68,70,CUTLER BAY-FL CITY VIA PRINCETON,3
12086011106,30468,2,7.826086956521739,35,601,METRO EXPRESS,3
12086011106,30469,2,10.588235294117647,30,602,TRANSITWAY LOCAL,3
12086011203,28803,7,60.0,21,HOMEDT,City of Homestead Downtown Trolley,3
12086011203,30417,2,20.0,16,35,CUTLER BAY-FLA.CITY VIA LEISURE CTY,3
12086011203,30427,14,60.0,35,70,CUTLER BAY-FL CITY VIA PRINCETON,3
12086011203,30463,1,45.0,4,344,HOMESTEAD TO FL CITY,3
12086011204,28803,3,60.0,9,HOMEDT,City of Homestead Downtown Trolley,3
12086011204,30427,2,60.0,5,70,CUTLER BAY-FL CITY VIA PRINCETON,3
12086011205,28803,2,60.0,6,HOMEDT,City of Homestead Downtown Trolley,3
12086011205,30427,13,45.0,35,70,CUTLER BAY-FL CITY VIA PRINCETON,3
12086011206,30427,2,60.0,5,70,CUTLER BAY-FL CITY VIA PRINCETON,3
12086011301,28803,11,30.0,51,HOMEDT,City of Homestead Downtown Trolley,3
12086011301,28804,2,60.0,6,HOMELR,City of Homestead Lucy Route,3
12086011301,30417,16,20.0,127,35,CUTLER BAY-FLA.CITY VIA LEISURE CTY,3
12086011301,30460,6,45.0,16,301,DADE/MONROE EXPRESS,3
12086011301,30463,8,36.0,37,344,HOMESTEAD TO FL CITY,3
12086011301,30468,2,7.5,36,601,METRO EXPRESS,3
12086011301,30469,4,10.0,60,602,TRANSITWAY LOCAL,3
12086011302,28803,12,30.0,42,HOMEDT,City of Homestead Downtown Trolley,3
12086011302,28804,1,60.0,3,HOMELR,City of Homestead Lucy Route,3
12086011302,30417,14,20.0,111,35,CUTLER BAY-FLA.CITY VIA LEISURE CTY,3
12086011302,30427,19,45.0,52,70,CUTLER BAY-FL CITY VIA PRINCETON,3
12086011302,30460,5,45.0,14,301,DADE/MONROE EXPRESS,3
12086011302,30463,3,36.0,13,344,HOMESTEAD TO FL CITY,3
12086011405,30417,15,12.857142857142858,115,35,CUTLER BAY-FLA.CITY VIA LEISURE CTY,3
12086011405,30427,24,30.0,74,70,CUTLER BAY-FL CITY VIA PRINCETON,3
12086011405,30460,12,45.0,36,301,DADE/MONROE EXPRESS,3
12086011405,30461,8,90.0,12,302,CARD SOUND EXPRESS,3
12086011405,30463,15,36.0,69,344,HOMESTEAD TO FL CITY,3
12086011405,30468,1,5.0,36,601,METRO EXPRESS,3
12086011405,30469,1,6.0,30,602,TRANSITWAY LOCAL,3
12086011406,30417,9,12.857142857142858,70,35,CUTLER BAY-FLA.CITY VIA LEISURE CTY,3
12086011406,30427,15,30.0,48,70,CUTLER BAY-FL CITY VIA PRINCETON,3
12086011406,30460,6,45.0,18,301,DADE/MONROE EXPRESS,3
12086011406,30461,8,90.0,12,302,CARD SOUND EXPRESS,3
12086011406,30463,26,36.0,119,344,HOMESTEAD TO FL CITY,3
12086011406,30468,1,5.0,36,601,METRO EXPRESS,3
12086011406,30469,1,6.0,30,602,TRANSITWAY LOCAL,3
12086011407,30463,6,36.0,27,344,HOMESTEAD TO FL CITY,3
12086011408,30463,6,20.0,30,344,HOMESTEAD TO FL CITY,3
12086011409,28804,10,36.0,32,HOMELR,City of Homestead Lucy Route,3
12086011409,28805,3,60.0,9,HOMECR,City of Homestead Campbell Route,3
12086011409,30460,4,45.0,10,301,DADE/MONROE EXPRESS,3
12086011409,30461,3,90.0,5,302,CARD SOUND EXPRESS,3
12086011409,30463,18,36.0,88,344,HOMESTEAD TO FL CITY,3
12086011410,28804,3,60.0,9,HOMELR,City of Homestead Lucy Route,3
12086011411,28804,4,60.0,12,HOMELR,City of Homestead Lucy Route,3
12086011411,28805,1,60.0,3,HOMECR,City of Homestead Campbell Route,3
12086011412,28804,2,60.0,6,HOMELR,City of Homestead Lucy Route,3
12086011412,30460,3,45.0,10,301,DADE/MONROE EXPRESS,3
12086011412,30461,6,90.0,9,302,CARD SOUND EXPRESS,3
12086011412,30463,7,36.0,35,344,HOMESTEAD TO FL CITY,3
12086011500,30463,2,36.0,9,344,HOMESTEAD TO FL CITY,3
12086011601,30435,1,60.0,3,95,I-95 GOLDEN GLADES EXPRESS,3
12086011601,30449,8,11.25,69,183,AVENTURA-HIALEAH VIA 183 ST/67 AVE,3
12086011601,30717,1,36.0,5,199,COUNTRY CLUB-AVENTURA MALL VIA 199,3
12086011602,30419,5,20.0,30,37,HIALEAH-SO.MIAMI VIA PALM/37 AVE,3
12086011602,30430,5,18.0,39,75,MIAMI LAKES-NORTH MIAMI-SUNNY ISLES,3
12086011602,30435,2,60.0,6,95,I-95 GOLDEN GLADES EXPRESS,3
12086011602,30449,10,11.25,122,183,AVENTURA-HIALEAH VIA 183 ST/67 AVE,3
12086011602,30717,5,18.0,30,199,COUNTRY CLUB-AVENTURA MALL VIA 199,3
12086011701,30717,1,36.0,5,199,COUNTRY CLUB-AVENTURA MALL VIA 199,3
12086011702,30435,3,60.0,9,95,I-95 GOLDEN GLADES EXPRESS,3
12086011702,30449,9,11.25,91,183,AVENTURA-HIALEAH VIA 183 ST/67 AVE,3
12086011702,30717,2,36.0,10,199,COUNTRY CLUB-AVENTURA MALL VIA 199,3
12086011800,30717,1,36.0,5,199,COUNTRY CLUB-AVENTURA MALL VIA 199,3
12086011900,30435,4,60.0,12,95,I-95 GOLDEN GLADES EXPRESS,3
12086011900,30449,7,22.5,53,183,AVENTURA-HIALEAH VIA 183 ST/67 AVE,3
12086012001,30435,2,60.0,6,95,I-95 GOLDEN GLADES EXPRESS,3
12086012001,30449,11,22.5,85,183,AVENTURA-HIALEAH VIA 183 ST/67 AVE,3
12086012002,30435,3,60.0,9,95,I-95 GOLDEN GLADES EXPRESS,3
12086012002,30449,6,22.5,48,183,AVENTURA-HIALEAH VIA 183 ST/67 AVE,3
12086012101,30435,1,60.0,3,95,I-95 GOLDEN GLADES EXPRESS,3
12086012102,30449,6,22.5,48,183,AVENTURA-HIALEAH VIA 183 ST/67 AVE,3
12086012104,30449,3,22.5,24,183,AVENTURA-HIALEAH VIA 183 ST/67 AVE,3
12086012200,30423,12,30.0,39,54,HIALEAH-MIAMI LAKES-BISCA VIA 54 ST,3
12086012401,30423,9,30.0,30,54,HIALEAH-MIAMI LAKES-BISCA VIA 54 ST,3
12086012403,30423,2,60.0,6,54,HIALEAH-MIAMI LAKES-BISCA VIA 54 ST,3
12086012501,23895,1,60.0,3,HIAFLA,City of Hialeah Transit (Flamingo),3
12086012501,23896,8,25.714285714285715,33,HIAMAR,City of Hialeah Transit (Marlin),3
12086012502,23896,8,36.0,31,HIAMAR,City of Hialeah Transit (Marlin),3
12086012601,23895,3,45.0,10,HIAFLA,City of Hialeah Transit (Flamingo),3
12086012602,23895,1,60.0,3,HIAFLA,City of Hialeah Transit (Flamingo),3
12086012602,23896,5,36.0,22,HIAMAR,City of Hialeah Transit (Marlin),3
12086012701,23895,7,22.5,36,HIAFLA,City of Hialeah Transit (Flamingo),3
12086012702,30423,9,60.0,27,54,HIALEAH-MIAMI LAKES-BISCA VIA 54 ST,3
12086012802,30423,14,60.0,42,54,HIALEAH-MIAMI LAKES-BISCA VIA 54 ST,3
12086012900,23895,8,22.5,44,HIAFLA,City of Hialeah Transit (Flamingo),3
12086012900,30423,8,30.0,27,54,HIALEAH-MIAMI LAKES-BISCA VIA 54 ST,3
12086013000,23895,9,45.0,35,HIAFLA,City of Hialeah Transit (Flamingo),3
12086013000,23896,3,36.0,9,HIAMAR,City of Hialeah Transit (Marlin),3
12086013000,30423,8,60.0,24,54,HIALEAH-MIAMI LAKES-BISCA VIA 54 ST,3
12086013100,23895,3,25.714285714285715,14,HIAFLA,City of Hialeah Transit (Flamingo),3
12086013100,30423,4,60.0,12,54,HIALEAH-MIAMI LAKES-BISCA VIA 54 ST,3
12086013201,23895,5,25.714285714285715,22,HIAFLA,City of Hialeah Transit (Flamingo),3
12086013201,23896,5,36.0,16,HIAMAR,City of Hialeah Transit (Marlin),3
12086013201,30423,6,60.0,18,54,HIALEAH-MIAMI LAKES-BISCA VIA 54 ST,3
12086013202,23895,3,25.714285714285715,14,HIAFLA,City of Hialeah Transit (Flamingo),3
12086013202,23896,5,36.0,22,HIAMAR,City of Hialeah Transit (Marlin),3
12086013301,23895,1,45.0,4,HIAFLA,City of Hialeah Transit (Flamingo),3
12086013301,23896,8,36.0,26,HIAMAR,City of Hialeah Transit (Marlin),3
12086013301,30423,1,60.0,3,54,HIALEAH-MIAMI LAKES-BISCA VIA 54 ST,3
12086013302,23896,6,36.0,27,HIAMAR,City of Hialeah Transit (Marlin),3
12086013400,23895,11,45.0,44,HIAFLA,City of Hialeah Transit (Flamingo),3
12086013400,23896,6,36.0,19,HIAMAR,City of Hialeah Transit (Marlin),3
12086013400,30423,10,30.0,33,54,HIALEAH-MIAMI LAKES-BISCA VIA 54 ST,3
12086013500,23895,17,22.5,80,HIAFLA,City of Hialeah Transit (Flamingo),3
12086013500,30423,8,30.0,27,54,HIALEAH-MIAMI LAKES-BISCA VIA 54 ST,3
12086013600,23895,5,45.0,20,HIAFLA,City of Hialeah Transit (Flamingo),3
12086013600,23896,4,45.0,14,HIAMAR,City of Hialeah Transit (Marlin),3
12086013600,30423,4,60.0,12,54,HIALEAH-MIAMI LAKES-BISCA VIA 54 ST,3
12086013600,30715,7,30.0,39,103,HIA GARDENS-BISC BLVD VIA 103 ST,3
12086013700,23895,1,25.714285714285715,7,HIAFLA,City of Hialeah Transit (Flamingo),3
12086013700,23896,18,22.5,72,HIAMAR,City of Hialeah Transit (Marlin),3
12086013700,30715,8,20.0,48,103,HIA GARDENS-BISC BLVD VIA 103 ST,3
12086013801,23896,10,36.0,40,HIAMAR,City of Hialeah Transit (Marlin),3
12086013801,30423,5,30.0,18,54,HIALEAH-MIAMI LAKES-BISCA VIA 54 ST,3
12086013801,30715,1,20.0,9,103,HIA GARDENS-BISC BLVD VIA 103 ST,3
12086013802,23895,1,45.0,4,HIAFLA,City of Hialeah Transit (Flamingo),3
12086013802,30423,4,60.0,12,54,HIALEAH-MIAMI LAKES-BISCA VIA 54 ST,3
12086013802,30715,2,30.0,12,103,HIA GARDENS-BISC BLVD VIA 103 ST,3
12086013900,23896,11,36.0,43,HIAMAR,City of Hialeah Transit (Marlin),3
12086013900,30423,3,30.0,12,54,HIALEAH-MIAMI LAKES-BISCA VIA 54 ST,3
12086013900,30715,1,20.0,9,103,HIA GARDENS-BISC BLVD VIA 103 ST,3
12086014100,30470,1,22.5,8,836,DOLPHIN PARK-AND-RIDE TO DOWNTOWN,3
12086014100,30471,1,30.0,6,837,TAMIAMI PARK-AND-RIDE TO DOWNTOWN,3
12086014400,28806,1,120.0,1,SWTWTA,City of Sweetwater Trolley A Route,3
12086014400,28807,1,120.0,1,SWTWTB,City of Sweetwater Trolley B Loop,3
12086014400,30401,1,36.0,5,8,BRICKELL-107AV/WSTCHSTR VIA SW 8 ST,3
12086014400,30446,1,30.0,6,137,DOLPHIN MALL-CUTLER BAY VIA 137 AVE,3
12086014400,30470,1,22.5,8,836,DOLPHIN PARK-AND-RIDE TO DOWNTOWN,3
12086014500,28806,1,120.0,1,SWTWTA,City of Sweetwater Trolley A Route,3
12086014500,28807,1,120.0,1,SWTWTB,City of Sweetwater Trolley B Loop,3
12086014500,30401,5,30.0,27,8,BRICKELL-107AV/WSTCHSTR VIA SW 8 ST,3
12086014500,30446,10,30.0,55,137,DOLPHIN MALL-CUTLER BAY VIA 137 AVE,3
12086014601,30401,7,30.0,39,8,BRICKELL-107AV/WSTCHSTR VIA SW 8 ST,3
12086014602,30401,6,30.0,33,8,BRICKELL-107AV/WSTCHSTR VIA SW 8 ST,3
12086014701,30401,4,30.0,22,8,BRICKELL-107AV/WSTCHSTR VIA SW 8 ST,3
12086014702,30401,13,30.0,72,8,BRICKELL-107AV/WSTCHSTR VIA SW 8 ST,3
12086014702,30446,2,30.0,11,137,DOLPHIN MALL-CUTLER BAY VIA 137 AVE,3
12086014800,30401,6,30.0,33,8,BRICKELL-107AV/WSTCHSTR VIA SW 8 ST,3
12086014800,30446,5,30.0,27,137,DOLPHIN MALL-CUTLER BAY VIA 137 AVE,3
12086014900,30401,7,30.0,36,8,BRICKELL-107AV/WSTCHSTR VIA SW 8 ST,3
12086014900,30446,16,30.0,88,137,DOLPHIN MALL-CUTLER BAY VIA 137 AVE,3
12086015001,30401,7,30.0,34,8,BRICKELL-107AV/WSTCHSTR VIA SW 8 ST,3
12086015001,30446,8,30.0,44,137,DOLPHIN MALL-CUTLER BAY VIA 137 AVE,3
12086015002,30401,6,18.0,34,8,BRICKELL-107AV/WSTCHSTR VIA SW 8 ST,3
12086015101,30401,6,18.0,30,8,BRICKELL-107AV/WSTCHSTR VIA SW 8 ST,3
12086015101,30471,1,30.0,6,837,TAMIAMI PARK-AND-RIDE TO DOWNTOWN,3
12086015103,30401,3,45.0,12,8,BRICKELL-107AV/WSTCHSTR VIA SW 8 ST,3
12086015201,30401,3,45.0,12,8,BRICKELL-107AV/WSTCHSTR VIA SW 8 ST,3
12086015202,30420,2,13.846153846153847,20,40,BIRD RD/152 AVE TO DOUGLAS RD STA,3
12086015300,30401,12,18.0,60,8,BRICKELL-107AV/WSTCHSTR VIA SW 8 ST,3
12086015300,30420,4,25.714285714285715,28,40,BIRD RD/152 AVE TO DOUGLAS RD STA,3
12086015400,30401,15,30.0,79,8,BRICKELL-107AV/WSTCHSTR VIA SW 8 ST,3
12086015400,30420,9,25.714285714285715,60,40,BIRD RD/152 AVE TO DOUGLAS RD STA,3
12086015400,30446,13,30.0,67,137,DOLPHIN MALL-CUTLER BAY VIA 137 AVE,3
12086015501,30401,2,30.0,11,8,BRICKELL-107AV/WSTCHSTR VIA SW 8 ST,3
12086015501,30420,6,30.0,31,40,BIRD RD/152 AVE TO DOUGLAS RD STA,3
12086015502,30401,6,30.0,33,8,BRICKELL-107AV/WSTCHSTR VIA SW 8 ST,3
12086015502,30420,7,25.714285714285715,42,40,BIRD RD/152 AVE TO DOUGLAS RD STA,3
12086015600,30424,2,60.0,6,56,WEST DADE TO UNIV. STAT. VIA 56 ST,3
12086015600,30428,14,25.714285714285715,86,72,W KENDALL-SOUTH MIAMI VIA 72 ST,3
12086015600,30441,9,30.0,50,107,DOLPHIN MALL-MDC KEND-CUTLER BAY,3
12086015600,30456,6,25.714285714285715,37,272,WEST KENDALL-DADELAND NO VIA 72 ST,3
12086015700,30420,7,25.714285714285715,42,40,BIRD RD/152 AVE TO DOUGLAS RD STA,3
12086015700,30424,7,60.0,21,56,WEST DADE TO UNIV. STAT. VIA 56 ST,3
12086015700,30428,8,25.714285714285715,52,72,W KENDALL-SOUTH MIAMI VIA 72 ST,3
12086015700,30434,6,30.0,36,88,162 AVE TO DADELAND NORTH VIA 88 ST,3
12086015700,30456,2,25.714285714285715,13,272,WEST KENDALL-DADELAND NO VIA 72 ST,3
12086015700,30459,4,30.0,24,288,W. KENDALL TO DADELAND N VIA 88  ST,3
12086015800,30420,5,25.714285714285715,33,40,BIRD RD/152 AVE TO DOUGLAS RD STA,3
12086015800,30424,6,60.0,18,56,WEST DADE TO UNIV. STAT. VIA 56 ST,3
12086015900,30420,8,25.714285714285715,52,40,BIRD RD/152 AVE TO DOUGLAS RD STA,3
12086015900,30424,8,60.0,24,56,WEST DADE TO UNIV. STAT. VIA 56 ST,3
12086015900,30446,12,30.0,63,137,DOLPHIN MALL-CUTLER BAY VIA 137 AVE,3
12086016000,30420,9,25.714285714285715,57,40,BIRD RD/152 AVE TO DOUGLAS RD STA,3
12086016000,30424,6,60.0,18,56,WEST DADE TO UNIV. STAT. VIA 56 ST,3
12086016000,30446,12,30.0,63,137,DOLPHIN MALL-CUTLER BAY VIA 137 AVE,3
12086016100,30420,6,25.714285714285715,39,40,BIRD RD/152 AVE TO DOUGLAS RD STA,3
12086016100,30424,6,60.0,18,56,WEST DADE TO UNIV. STAT. VIA 56 ST,3
12086016200,30420,4,13.846153846153847,32,40,BIRD RD/152 AVE TO DOUGLAS RD STA,3
12086016300,30420,2,13.846153846153847,19,40,BIRD RD/152 AVE TO DOUGLAS RD STA,3
12086016300,30424,14,30.0,45,56,WEST DADE TO UNIV. STAT. VIA 56 ST,3
12086016401,30424,3,60.0,9,56,WEST DADE TO UNIV. STAT. VIA 56 ST,3
12086016402,30424,2,60.0,6,56,WEST DADE TO UNIV. STAT. VIA 56 ST,3
12086016501,30424,3,60.0,9,56,WEST DADE TO UNIV. STAT. VIA 56 ST,3
12086016501,30456,6,25.714285714285715,36,272,WEST KENDALL-DADELAND NO VIA 72 ST,3
12086016502,30456,2,25.714285714285715,12,272,WEST KENDALL-DADELAND NO VIA 72 ST,3
12086016600,30424,4,60.0,12,56,WEST DADE TO UNIV. STAT. VIA 56 ST,3
12086016600,30428,1,36.0,5,72,W KENDALL-SOUTH MIAMI VIA 72 ST,3
12086016600,30456,6,25.714285714285715,36,272,WEST KENDALL-DADELAND NO VIA 72 ST,3
12086016700,30424,4,30.0,15,56,WEST DADE TO UNIV. STAT. VIA 56 ST,3
12086016700,30428,5,30.0,27,72,W KENDALL-SOUTH MIAMI VIA 72 ST,3
12086016700,30456,4,25.714285714285715,24,272,WEST KENDALL-DADELAND NO VIA 72 ST,3
12086016800,30424,10,60.0,30,56,WEST DADE TO UNIV. STAT. VIA 56 ST,3
12086016800,30428,10,30.0,55,72,W KENDALL-SOUTH MIAMI VIA 72 ST,3
12086016800,30446,12,30.0,66,137,DOLPHIN MALL-CUTLER BAY VIA 137 AVE,3
12086016800,30456,6,25.714285714285715,36,272,WEST KENDALL-DADELAND NO VIA 72 ST,3
12086016900,30446,5,30.0,28,137,DOLPHIN MALL-CUTLER BAY VIA 137 AVE,3
12086017000,30424,8,60.0,24,56,WEST DADE TO UNIV. STAT. VIA 56 ST,3
12086017000,30428,5,30.0,29,72,W KENDALL-SOUTH MIAMI VIA 72 ST,3
12086017000,30446,13,30.0,72,137,DOLPHIN MALL-CUTLER BAY VIA 137 AVE,3
12086017000,30456,4,25.714285714285715,24,272,WEST KENDALL-DADELAND NO VIA 72 ST,3
12086017101,30424,6,60.0,18,56,WEST DADE TO UNIV. STAT. VIA 56 ST,3
12086017102,30428,6,25.714285714285715,37,72,W KENDALL-SOUTH MIAMI VIA 72 ST,3
12086017102,30456,4,25.714285714285715,25,272,WEST KENDALL-DADELAND NO VIA 72 ST,3
12086017200,30428,9,25.714285714285715,54,72,W KENDALL-SOUTH MIAMI VIA 72 ST,3
12086017200,30434,4,30.0,24,88,162 AVE TO DADELAND NORTH VIA 88 ST,3
12086017200,30446,8,30.0,46,137,DOLPHIN MALL-CUTLER BAY VIA 137 AVE,3
12086017200,30456,6,25.714285714285715,37,272,WEST KENDALL-DADELAND NO VIA 72 ST,3
12086017200,30459,2,30.0,12,288,W. KENDALL TO DADELAND N VIA 88  ST,3
12086017300,30434,8,30.0,48,88,162 AVE TO DADELAND NORTH VIA 88 ST,3
12086017300,30446,8,30.0,48,137,DOLPHIN MALL-CUTLER BAY VIA 137 AVE,3
12086017300,30459,4,30.0,22,288,W. KENDALL TO DADELAND N VIA 88  ST,3
12086017401,30428,6,30.0,33,72,W KENDALL-SOUTH MIAMI VIA 72 ST,3
12086017401,30446,10,30.0,58,137,DOLPHIN MALL-CUTLER BAY VIA 137 AVE,3
12086017401,30456,4,25.714285714285715,24,272,WEST KENDALL-DADELAND NO VIA 72 ST,3
12086017402,30428,6,30.0,33,72,W KENDALL-SOUTH MIAMI VIA 72 ST,3
12086017402,30434,9,30.0,51,88,162 AVE TO DADELAND NORTH VIA 88 ST,3
12086017402,30446,6,30.0,36,137,DOLPHIN MALL-CUTLER BAY VIA 137 AVE,3
12086017402,30456,4,25.714285714285715,24,272,WEST KENDALL-DADELAND NO VIA 72 ST,3
12086017402,30459,6,36.0,30,288,W. KENDALL TO DADELAND N VIA 88  ST,3
12086017500,30428,10,30.0,55,72,W KENDALL-SOUTH MIAMI VIA 72 ST,3
12086017500,30456,4,25.714285714285715,24,272,WEST KENDALL-DADELAND NO VIA 72 ST,3
12086017600,30428,3,30.0,17,72,W KENDALL-SOUTH MIAMI VIA 72 ST,3
12086017600,30434,10,30.0,55,88,162 AVE TO DADELAND NORTH VIA 88 ST,3
12086017600,30459,6,36.0,30,288,W. KENDALL TO DADELAND N VIA 88  ST,3
12086017700,30428,12,30.0,67,72,W KENDALL-SOUTH MIAMI VIA 72 ST,3
12086017700,30434,6,30.0,33,88,162 AVE TO DADELAND NORTH VIA 88 ST,3
12086017700,30459,5,30.0,27,288,W. KENDALL TO DADELAND N VIA 88  ST,3
12086017800,30428,10,30.0,55,72,W KENDALL-SOUTH MIAMI VIA 72 ST,3
12086017800,30456,6,25.714285714285715,36,272,WEST KENDALL-DADELAND NO VIA 72 ST,3
12086017800,30459,1,30.0,6,288,W. KENDALL TO DADELAND N VIA 88  ST,3
12086017901,30428,2,30.0,11,72,W KENDALL-SOUTH MIAMI VIA 72 ST,3
12086017901,30434,2,30.0,11,88,162 AVE TO DADELAND NORTH VIA 88 ST,3
12086017901,30440,3,60.0,9,104,HAMMOCKS-MDC-DADELAND NO.VIA 104 ST,3
12086017901,30456,8,22.5,51,272,WEST KENDALL-DADELAND NO VIA 72 ST,3
12086017901,30459,1,30.0,6,288,W. KENDALL TO DADELAND N VIA 88  ST,3
12086017902,30428,9,30.0,50,72,W KENDALL-SOUTH MIAMI VIA 72 ST,3
12086017902,30434,4,30.0,22,88,162 AVE TO DADELAND NORTH VIA 88 ST,3
12086017902,30440,1,60.0,3,104,HAMMOCKS-MDC-DADELAND NO.VIA 104 ST,3
12086017902,30456,12,22.5,75,272,WEST KENDALL-DADELAND NO VIA 72 ST,3
12086017902,30459,4,30.0,23,288,W. KENDALL TO DADELAND N VIA 88  ST,3
12086018001,30440,7,45.0,23,104,HAMMOCKS-MDC-DADELAND NO.VIA 104 ST,3
12086018001,30452,5,20.0,39,204,HAMMOCKS-DADELAND NORTH VIA 104 ST,3
12086018002,30440,10,60.0,30,104,HAMMOCKS-MDC-DADELAND NO.VIA 104 ST,3
12086018002,30452,9,20.0,69,204,HAMMOCKS-DADELAND NORTH VIA 104 ST,3
12086018003,30428,3,16.363636363636363,22,72,W KENDALL-SOUTH MIAMI VIA 72 ST,3
12086018003,30434,3,16.363636363636363,22,88,162 AVE TO DADELAND NORTH VIA 88 ST,3
12086018003,30440,15,13.846153846153847,57,104,HAMMOCKS-MDC-DADELAND NO.VIA 104 ST,3
12086018003,30452,6,12.0,57,204,HAMMOCKS-DADELAND NORTH VIA 104 ST,3
12086018003,30456,3,13.846153846153847,26,272,WEST KENDALL-DADELAND NO VIA 72 ST,3
12086018003,30459,2,16.363636363636363,17,288,W. KENDALL TO DADELAND N VIA 88  ST,3
12086018100,30434,8,30.0,44,88,162 AVE TO DADELAND NORTH VIA 88 ST,3
12086018100,30440,14,22.5,80,104,HAMMOCKS-MDC-DADELAND NO.VIA 104 ST,3
12086018100,30452,7,20.0,52,204,HAMMOCKS-DADELAND NORTH VIA 104 ST,3
12086018100,30459,4,36.0,20,288,W. KENDALL TO DADELAND N VIA 88  ST,3
12086018200,30440,9,45.0,28,104,HAMMOCKS-MDC-DADELAND NO.VIA 104 ST,3
12086018200,30452,9,20.0,69,204,HAMMOCKS-DADELAND NORTH VIA 104 ST,3
12086018300,30428,2,30.0,11,72,W KENDALL-SOUTH MIAMI VIA 72 ST,3
12086018300,30434,6,30.0,33,88,162 AVE TO DADELAND NORTH VIA 88 ST,3
12086018300,30440,8,45.0,28,104,HAMMOCKS-MDC-DADELAND NO.VIA 104 ST,3
12086018300,30452,2,20.0,15,204,HAMMOCKS-DADELAND NORTH VIA 104 ST,3
12086018300,30459,3,36.0,15,288,W. KENDALL TO DADELAND N VIA 88  ST,3
12086018400,30440,2,45.0,7,104,HAMMOCKS-MDC-DADELAND NO.VIA 104 ST,3
12086018400,30452,2,20.0,15,204,HAMMOCKS-DADELAND NORTH VIA 104 ST,3
12086018500,30440,8,22.5,59,104,HAMMOCKS-MDC-DADELAND NO.VIA 104 ST,3
12086018500,30452,7,20.0,52,204,HAMMOCKS-DADELAND NORTH VIA 104 ST,3
12086018601,30440,6,22.5,45,104,HAMMOCKS-MDC-DADELAND NO.VIA 104 ST,3
12086018601,30452,4,22.5,30,204,HAMMOCKS-DADELAND NORTH VIA 104 ST,3
12086018602,30434,6,30.0,33,88,162 AVE TO DADELAND NORTH VIA 88 ST,3
12086018602,30459,4,36.0,20,288,W. KENDALL TO DADELAND N VIA 88  ST,3
12086018700,30440,6,22.5,45,104,HAMMOCKS-MDC-DADELAND NO.VIA 104 ST,3
12086018700,30452,4,22.5,30,204,HAMMOCKS-DADELAND NORTH VIA 104 ST,3
12086018801,30440,6,22.5,43,104,HAMMOCKS-MDC-DADELAND NO.VIA 104 ST,3
12086018801,30446,7,30.0,42,137,DOLPHIN MALL-CUTLER BAY VIA 137 AVE,3
12086018801,30452,4,20.0,31,204,HAMMOCKS-DADELAND NORTH VIA 104 ST,3
12086018802,30434,7,30.0,40,88,162 AVE TO DADELAND NORTH VIA 88 ST,3
12086018802,30446,8,30.0,48,137,DOLPHIN MALL-CUTLER BAY VIA 137 AVE,3
12086018802,30459,4,36.0,20,288,W. KENDALL TO DADELAND N VIA 88  ST,3
12086018803,30440,6,22.5,43,104,HAMMOCKS-MDC-DADELAND NO.VIA 104 ST,3
12086018803,30446,4,30.0,24,137,DOLPHIN MALL-CUTLER BAY VIA 137 AVE,3
12086018803,30452,4,20.0,31,204,HAMMOCKS-DADELAND NORTH VIA 104 ST,3
12086018901,30440,4,25.714285714285715,28,104,HAMMOCKS-MDC-DADELAND NO.VIA 104 ST,3
12086018901,30446,7,30.0,42,137,DOLPHIN MALL-CUTLER BAY VIA 137 AVE,3
12086018901,30452,4,20.0,32,204,HAMMOCKS-DADELAND NORTH VIA 104 ST,3
12086018902,30440,6,25.714285714285715,42,104,HAMMOCKS-MDC-DADELAND NO.VIA 104 ST,3
12086018902,30452,4,20.0,32,204,HAMMOCKS-DADELAND NORTH VIA 104 ST,3
12086019000,30434,10,30.0,60,88,162 AVE TO DADELAND NORTH VIA 88 ST,3
12086019000,30440,8,25.714285714285715,56,104,HAMMOCKS-MDC-DADELAND NO.VIA 104 ST,3
12086019000,30446,10,30.0,60,137,DOLPHIN MALL-CUTLER BAY VIA 137 AVE,3
12086019000,30452,6,20.0,48,204,HAMMOCKS-DADELAND NORTH VIA 104 ST,3
12086019000,30459,6,30.0,34,288,W. KENDALL TO DADELAND N VIA 88  ST,3
12086019100,30434,6,30.0,36,88,162 AVE TO DADELAND NORTH VIA 88 ST,3
12086019100,30440,5,25.714285714285715,35,104,HAMMOCKS-MDC-DADELAND NO.VIA 104 ST,3
12086019100,30452,5,20.0,41,204,HAMMOCKS-DADELAND NORTH VIA 104 ST,3
12086019100,30459,4,30.0,24,288,W. KENDALL TO DADELAND N VIA 88  ST,3
12086019200,30440,5,25.714285714285715,35,104,HAMMOCKS-MDC-DADELAND NO.VIA 104 ST,3
12086019200,30452,5,20.0,41,204,HAMMOCKS-DADELAND NORTH VIA 104 ST,3
12086019301,30441,3,30.0,18,107,DOLPHIN MALL-MDC KEND-CUTLER BAY,3
12086019302,30448,12,30.0,72,152,COUNTRY WALK-TRANSITWAY VIA 152 ST,3
12086019401,30446,9,30.0,51,137,DOLPHIN MALL-CUTLER BAY VIA 137 AVE,3
12086019401,30448,7,25.714285714285715,41,152,COUNTRY WALK-TRANSITWAY VIA 152 ST,3
12086019402,30446,8,30.0,48,137,DOLPHIN MALL-CUTLER BAY VIA 137 AVE,3
12086019501,30446,6,30.0,34,137,DOLPHIN MALL-CUTLER BAY VIA 137 AVE,3
12086019501,30448,12,25.714285714285715,76,152,COUNTRY WALK-TRANSITWAY VIA 152 ST,3
12086019502,30446,4,30.0,23,137,DOLPHIN MALL-CUTLER BAY VIA 137 AVE,3
12086019502,30448,2,25.714285714285715,13,152,COUNTRY WALK-TRANSITWAY VIA 152 ST,3
12086019600,30448,1,16.363636363636363,11,152,COUNTRY WALK-TRANSITWAY VIA 152 ST,3
12086019700,30446,2,30.0,11,137,DOLPHIN MALL-CUTLER BAY VIA 137 AVE,3
12086019700,30448,3,16.363636363636363,21,152,COUNTRY WALK-TRANSITWAY VIA 152 ST,3
12086019802,30446,11,30.0,61,137,DOLPHIN MALL-CUTLER BAY VIA 137 AVE,3
12086019901,30446,11,30.0,61,137,DOLPHIN MALL-CUTLER BAY VIA 137 AVE,3
12086019902,30446,8,30.0,44,137,DOLPHIN MALL-CUTLER BAY VIA 137 AVE,3
12086020001,30446,15,30.0,83,137,DOLPHIN MALL-CUTLER BAY VIA 137 AVE,3
12086020002,30446,10,30.0,55,137,DOLPHIN MALL-CUTLER BAY VIA 137 AVE,3
12086020002,30448,2,36.0,10,152,COUNTRY WALK-TRANSITWAY VIA 152 ST,3
12086020100,30446,9,30.0,48,137,DOLPHIN MALL-CUTLER BAY VIA 137 AVE,3
12086020100,30448,4,25.714285714285715,22,152,COUNTRY WALK-TRANSITWAY VIA 152 ST,3
12086020200,30422,3,18.0,30,52,GOULDS TO CORAL REEF DR STATION,3
12086020200,30446,16,30.0,88,137,DOLPHIN MALL-CUTLER BAY VIA 137 AVE,3
12086020200,30448,18,25.714285714285715,106,152,COUNTRY WALK-TRANSITWAY VIA 152 ST,3
12086020300,30422,5,16.363636363636363,42,52,GOULDS TO CORAL REEF DR STATION,3
12086490100,28823,15,30.0,72,MIAFLAG,City of Miami - Flagami Route,3
12086490100,30400,15,16.363636363636363,131,7,DOWNTOWN-DOLPH MALL/AIRPORT VIA 7ST,3
12086490100,30419,10,15.0,114,37,HIALEAH-SO.MIAMI VIA PALM/37 AVE,3
12086490100,30421,4,45.0,14,42,DGLS RD-OPALOCKA TRI-RAIL,3
12086980200,30446,8,30.0,48,137,DOLPHIN MALL-CUTLER BAY VIA 137 AVE,3
12086980300,30424,7,30.0,24,56,WEST DADE TO UNIV. STAT. VIA 56 ST,3
12086980300,30425,14,30.0,45,57,AIRPORT-GABLES-CHILD HOSP-UNIV STAT,3
12086980300,30979,2,5.142857142857143,70,2600,REGULAR METRORAIL SERVICE,2
12086980400,30414,17,10.588235294117647,270,26,BRICKELL STATION-KEY BISCAYNE,3
12086980500,14458,2,1.7475728155339805,205,MIA,AIRPORT PEOPLE MOVER,0
12086980500,23909,5,90.0,10,MIASPG,City of Miami Springs Free-Bee,3
12086980500,28823,8,22.5,47,MIAFLAG,City of Miami - Flagami Route,3
12086980500,30400,11,16.363636363636363,66,7,DOWNTOWN-DOLPH MALL/AIRPORT VIA 7ST,3
12086980500,30403,1,11.25,16,11,FIU-DOWNTOWN VIA FLAGLER ST,3
12086980500,30409,10,16.363636363636363,65,20,AIRPORT STATION TO LINCOLN RD,3
12086980500,30416,3,30.0,18,32,MIAMI GRDNS-OMNI VIA NW 32 AVE-20ST,3
12086980500,30418,28,15.0,173,36,DORAL-AIRPORT-MIAMI BEACH VIA 36 ST,3
12086980500,30419,8,8.181818181818182,59,37,HIALEAH-SO.MIAMI VIA PALM/37 AVE,3
12086980500,30421,6,22.5,28,42,DGLS RD-OPALOCKA TRI-RAIL,3
12086980500,30425,18,36.0,62,57,AIRPORT-GABLES-CHILD HOSP-UNIV STAT,3
12086980500,30429,4,36.0,17,73,OKEECHOBEE-DADELAND SO-PALM BAY,3
12086980500,30435,11,120.0,11,95,I-95 GOLDEN GLADES EXPRESS,3
12086980500,30443,21,90.0,42,132,HIA.TRI-RAIL STA-DORAL VIA 36ST,3
12086980500,30447,1,15.0,12,150,MIAMI BEACH AIRPORT FLYER,3
12086980500,30979,2,10.0,35,2600,REGULAR METRORAIL SERVICE,2
12086980700,28805,1,60.0,3,HOMECR,City of Homestead Campbell Route,3
12086980700,30417,14,20.0,113,35,CUTLER BAY-FLA.CITY VIA LEISURE CTY,3
12086980800,30416,4,36.0,20,32,MIAMI GRDNS-OMNI VIA NW 32 AVE-20ST,3
12086980800,30419,1,45.0,4,37,HIALEAH-SO.MIAMI VIA PALM/37 AVE,3
12086980800,30421,8,45.0,28,42,DGLS RD-OPALOCKA TRI-RAIL,3
12086981000,23904,2,20.0,18,MIABIS,City of Miami - Biscayne Route,3
12086981000,23906,4,13.846153846153847,31,MIACOR,City of Miami - Coral Way Route,3
12086981000,30399,2,15.0,24,3,AVENTURA-DOWNTOWN VIA BISC.BLVD.,3
12086981000,30405,8,25.714285714285715,50,14,MT SINAI TO OMNI TERMINAL,3
12086981000,30406,7,30.0,37,15,OMNI TO MIAMI BEACH VIA VENETIAN,3
12086981000,30409,8,30.0,44,20,AIRPORT STATION TO LINCOLN RD,3
12086981000,30437,10,9.0,190,100,DOWNTOWN-AVENTURA MALL VIA MIABEACH,3
12086981000,30438,9,30.0,50,101,MT SINAI HOSP - DOWNTOWN VIA ALTON,3
12086981000,30718,2,30.0,10,203,DOWNTOWN-AVENTURA VIA BISCAYNE BLVD,3
12086981100,23896,8,36.0,28,HIAMAR,City of Hialeah Transit (Marlin),3
