tract_geoid,freq_peak_am_tph,freq_early_tph,weekend_weekday_ratio,rail_trip_share,headway_peak_am_min,headway_early_min,neighbor_mean_equity_score,neighbor_mean_headway_peak,n_neighbors,trend_commute_public_transit_pct,trend_commute_drove_alone_pct,trend_commute_wfh_pct,trend_mean_commute_time_min,equity_priority_score,equity_tier,composite_need,composite_access_deficit,deficit_actual,deficit_predicted,residual,risk_tier,projected_need_2027,projected_need_category_2027,proj_pov_2027,proj_veh_2027,flag_worsening,flag_fragile,tract_status
12086000107,25.33333333333333,5.5,0.7156862745098039,0.0,16.660690476190474,9.015000000000002,0.0634017581929488,11.500692038397176,3,0.8828571428575047,-5.774285714286776,3.274285714285744,-0.9571428571431616,0.1187797921547306,Moderate,0.2132084329992762,0.5571064450116466,0.4142519690819966,0.3730377,0.0412142731972919,Moderate,63.81561904761905,High,23.24,26.94571428571428,True,False,3. Stable / Low-Moderate
12086000109,102.33333333333331,15.5,0.759581881533101,0.0,23.47063602186447,21.50526315789473,0.1129855532576876,30.548447281853424,6,0.0085714285716644,-3.411428571429896,2.9057142857153,0.2028571428573807,0.1052782637963104,Moderate,0.1849068476471803,0.5693583830772525,0.3502189260213861,0.31915584,0.031063083955575,Low,14.843809523809526,Low,9.328571428571427,2.737142857142858,False,False,3. Stable / Low-Moderate
12086000141,0.0,0.0,0.0,0.0,120.0,120.0,0.1027239457436667,26.99051207024044,0,-0.3514285714289492,-6.011428571430853,5.817142857144645,-1.162857142857312,0.0702057320201025,Low,0.1352340166126787,0.5191425484401424,0.5803295124931689,0.57364,0.0066895235939379,High,36.678666666666665,Moderate,25.21,4.819999999999999,True,False,3. Stable / Low-Moderate
12086000115,3.0,0.0,0.5348837209302325,0.0,18.28888888888888,120.0,0.0737995711299207,16.8814947786132,1,-1.1428571428572707,-3.908571428573112,1.99428571428636,-0.7742857142860685,0.0702436545259182,Low,0.1443098404323795,0.4867558186985375,0.4481192708560044,0.4672014,-0.0190821408680861,High,33.092190476190474,Low,13.008571428571427,13.11142857142857,True,False,3. Stable / Low-Moderate
12086000118,20.0,0.0,0.7485029940119761,0.0,9.015277777777778,120.0,0.0953099765525741,16.991442207165285,5,1.425714285715049,-6.168571428573292,3.95142857142905,0.3685714285714511,0.0573104849699577,Low,0.1252723882772109,0.4574869670652191,0.3129900724955926,0.40639767,-0.0934075980118384,Moderate,13.76761904761905,Low,0.0,10.325714285714287,False,False,3. Stable / Low-Moderate
12086000144,0.0,0.0,0.0,0.0,120.0,120.0,0.1027239457436667,26.99051207024044,0,-0.1714285714285496,-9.597142857146384,5.511428571430537,-4.211428571430533,0.0647825531349871,Low,0.1243816814317969,0.5208367694442997,0.577503419844545,0.5718269,0.0056765446347366,High,30.130666666666663,Low,16.02,8.18,True,False,3. Stable / Low-Moderate
12086000120,34.666666666666664,4.0,0.6205962059620597,0.0,32.88846153846154,29.792708333333334,0.1203951333613134,25.054920235946756,4,0.1285714285715926,-3.291428571429495,3.494285714286458,0.6685714285717428,0.0901145076925001,Moderate,0.174028171200961,0.5178156333576558,0.3429350403204612,0.37635505,-0.0334200116738624,Moderate,24.50209523809524,Low,11.32,8.188571428571429,True,False,3. Stable / Low-Moderate
12086000121,3.6666666666666665,0.0,0.5114942528735632,0.0,56.39333333333334,120.0,0.0519319594144443,60.0,3,0.0,-5.36285714285902,3.4285714285725097,-1.1657142857142586,0.0736394773034342,Low,0.1472494954146216,0.5001000315558428,0.3901320511666376,0.4212545,-0.0311224346789281,Moderate,21.09904761904762,Low,17.15714285714286,0.3828571428571425,False,False,3. Stable / Low-Moderate
12086000122,2.0,0.0,0.5,0.0,60.0,120.0,0.0841223090808561,39.02291304208868,4,0.6628571428576051,-0.3742857142859587,3.054285714286644,0.4514285714287115,0.0519319594144443,Low,0.1013823175165288,0.5122388271108281,0.4621581561735677,0.5252499,-0.0630917422601175,High,7.333333333333333,Low,0.0,5.5,False,False,3. Stable / Low-Moderate
12086000123,72.0,11.166666666666666,0.7387242268041238,0.0,16.8814947786132,27.0,0.0983729851750565,20.3662037037037,3,0.6771428571431354,-5.017142857144559,5.111428571430333,-1.3542857142859488,0.0737995711299207,Low,0.1411921329355327,0.5226889742052208,0.3508341257745028,0.33663085,0.0142032747441531,Low,14.864761904761904,Low,11.142857142857142,1.1200000000000003,False,False,3. Stable / Low-Moderate
12086000124,51.66666666666666,5.333333333333333,0.4557321225879682,0.0,29.51666625551736,22.64714285714286,0.1225315502177027,28.21693117935307,7,-1.6885714285720173,0.9428571428574594,-0.1314285714284462,-0.5228571428572956,0.1182807996552883,Moderate,0.2114134278852361,0.5594762870005399,0.4063856233185245,0.39897618,0.0074094463413669,Moderate,37.94971428571428,Moderate,15.491428571428573,14.52,False,False,3. Stable / Low-Moderate
12086000125,13.333333333333334,2.833333333333333,0.8163265306122449,0.0,22.83462962962963,30.5,0.0802839577897517,15.332002368163764,4,0.3715010712335792,-3.0692281915102084,3.0887420163486654,0.5027078785527157,0.104775897157115,Moderate,0.1825526137349307,0.5739490386549673,0.4292637274739403,0.41653746,0.0127262638089318,Moderate,27.23009523809524,Low,9.945714285714285,11.471428571428572,False,False,3. Stable / Low-Moderate
12086000126,43.66666666666666,5.5,0.7497517378351539,0.0,19.975092592592585,9.0,0.0786286510856644,16.243800728673538,3,-0.3000000000002966,-2.4885714285722447,2.1400000000007875,-2.897142857144093,0.1200994038421363,Moderate,0.2272016556374717,0.5286026789953053,0.3674002990508359,0.36296263,0.0044376656794827,Low,60.039238095238105,High,38.39142857142858,10.477142857142857,False,False,3. Stable / Low-Moderate
12086000127,1.0,0.0,0.5,0.0,120.0,120.0,0.0704395144715843,69.43064914891396,2,0.728571428571757,-7.28857142857392,3.580000000001185,0.84857142857174,0.1021283546868589,Moderate,0.1583467208503624,0.6449666537987243,0.619324280269945,0.5996178,0.0197065010150316,Critical,36.27923809523809,Moderate,19.648571428571422,9.525714285714283,True,False,3. Stable / Low-Moderate
12086000128,44.0,6.666666666666667,0.8731435643564357,0.0,18.861298297827904,27.48944444444444,0.1152987907156363,48.42414769336063,7,0.7171428571429603,-8.714285714287678,4.580000000000625,-0.2942857142859784,0.0556152019407659,Low,0.119389957897936,0.4658281393172968,0.290933141432155,0.3160736,-0.0251404550453535,Low,28.83542857142857,Low,15.505714285714284,7.671428571428572,True,False,3. Stable / Low-Moderate
12086000129,0.0,0.0,0.0,0.0,120.0,120.0,0.0953622574733786,74.26679629457732,3,0.0,2.3857142857143088,0.8800000000004926,-0.7428571428573607,0.0852638270024027,Low,0.1305554335657489,0.6530852425951544,0.6830158466834292,0.7041895,-0.0211736326676145,Critical,11.542857142857144,Low,0.0,8.657142857142858,False,False,3. Stable / Low-Moderate
12086000130,77.33333333333333,8.833333333333334,0.7266705069124424,0.0,10.030654013742248,9.048,0.0820055494472268,13.71070419254658,3,-0.4885714285714875,-0.2514285714290138,1.928571428572137,-0.6142857142855733,0.0629684183918964,Low,0.1156883838719935,0.5442933532684622,0.3468945657473724,0.34766325,-0.0007686877983886,Low,21.200380952380957,Low,15.854285714285716,1.6314285714285712,False,False,3. Stable / Low-Moderate
12086000131,11.333333333333334,0.6666666666666666,0.687793427230047,0.0,52.62556390977444,23.361111111111125,0.0939452020433815,85.08741248697876,3,-0.2228571428572204,-3.1942857142870653,5.2914285714303935,-1.454285714286191,0.0813318406489167,Low,0.1486266373999974,0.54722250379674,0.4264936951267867,0.4075215,0.0189722088444381,Moderate,21.59657142857143,Low,17.997142857142858,0.0,False,False,3. Stable / Low-Moderate
12086000132,57.66666666666666,8.0,0.7023208879919274,0.0,50.17482497395753,15.322457264957263,0.0852749865274307,55.899152420587455,5,-0.00023928806927,-2.3369418118552665,1.1760803748052846,2.564685347017539,0.1026265770843604,Moderate,0.1896804053318534,0.5410499672056855,0.3964550371046405,0.39422277,0.0022322709436755,Moderate,25.08076190476191,Low,12.665714285714287,7.411428571428573,False,False,3. Stable / Low-Moderate
12086000145,0.0,0.0,0.0,0.0,120.0,120.0,0.1027239457436667,26.99051207024044,0,-0.41714285714297,-6.325714285715469,5.3828571428579375,0.0228571428572952,0.0373208088105792,Low,0.0711897275267052,0.5242442991031141,0.5645109388434651,0.57082665,-0.0063157108223673,High,23.66133333333333,Low,12.84,6.19,True,False,3. Stable / Low-Moderate
12086000134,153.0,21.0,0.7122175141242938,0.0,21.65249275084402,8.375170068027211,0.0573736495136212,36.241035914702586,6,1.0028571428572186,-4.494285714287172,4.437142857144506,-1.308571428571769,0.0946051408582781,Moderate,0.2020863497237363,0.4681421629299002,0.2476585121075491,0.25532195,-0.0076634376128335,Low,23.17219047619048,Low,12.03714285714286,6.545714285714286,False,False,3. Stable / Low-Moderate
12086000140,23.0,5.0,0.7628205128205128,0.0,15.4561443236715,24.920454545454547,0.0859586481684249,14.635312974335031,4,0.1457142857143797,-2.3028571428583624,2.945714285715456,1.9628571428574613,0.0699263712169923,Low,0.1451274678278041,0.4818272671852927,0.3900922391679367,0.39210662,-0.0020143832895675,Moderate,31.582476190476196,Low,16.217142857142857,9.091428571428573,True,False,3. Stable / Low-Moderate
12086000222,0.0,0.0,0.0,0.0,120.0,120.0,0.1027239457436667,26.99051207024044,0,1.134285714286399,-3.134285714286233,0.4800000000003754,-0.7514285714290784,0.0920451022028491,Moderate,0.1649915267782693,0.5578777528772599,0.5901020031869239,0.60634047,-0.0162384647429162,Critical,26.16,Low,5.1,15.03,False,False,3. Stable / Low-Moderate
12086000204,74.33333333333333,9.666666666666666,0.7311799252536039,0.0,21.093079146324765,17.878431372549016,0.1137544897685383,17.504293892229175,8,-0.1457142857144477,-3.6171428571439375,1.6857142857148344,1.0057142857146022,0.1241906410166592,Moderate,0.2158228580955505,0.5754285811638948,0.3432051786407398,0.33636418,0.0068409987911152,Low,34.03771428571429,Low,26.68857142857143,1.508571428571429,False,False,3. Stable / Low-Moderate
12086000206,54.0,3.6666666666666665,0.6284722222222222,0.0,33.00934126984127,26.43571428571429,0.0986936392299898,20.661422038511027,7,-0.6142857142855739,-3.4400000000005018,2.1742857142859355,0.1742857142858051,0.1362685449069848,High,0.2460405089639623,0.5538459722782646,0.3808790494629139,0.37891877,0.0019602824875111,Moderate,40.27580952380953,Moderate,14.731428571428571,16.94857142857143,False,False,3. Stable / Low-Moderate
12086000224,0.0,0.0,0.0,0.0,120.0,120.0,0.1027239457436667,26.99051207024044,0,-2.148571428571786,0.4428571428565931,0.9057142857148788,-1.185714285714709,0.1363586399057405,High,0.2389532352100954,0.57064990053744,0.6065773128287761,0.6035305,0.0030467866675822,Critical,37.82666666666667,Moderate,10.199999999999998,19.19,False,False,3. Stable / Low-Moderate
12086000211,28.0,2.5,0.6564465408805031,0.0,32.109747474747465,1.8899999999999977,0.0903782266112408,31.514621025578236,6,0.9714285714288856,-2.64000000000102,1.922857142857831,-0.7314285714292222,0.1188890765176377,Moderate,0.2234001261879605,0.5321799881957493,0.3765812229909865,0.38430253,-0.007721303721431,Moderate,28.00419047619048,Low,17.71142857142857,5.062857142857143,False,False,3. Stable / Low-Moderate
12086000212,31.0,6.166666666666667,0.6354166666666666,0.0,31.78033641975308,24.259333333333338,0.0872521392292018,25.485522886287683,4,0.0771428571431645,1.1657142857144818,1.074285714285926,-1.1857142857147225,0.1266019273016661,High,0.2266999891525584,0.5584558154366256,0.4069636377561044,0.39888588,0.0080777618157815,Moderate,40.21447619047619,Moderate,16.277142857142856,15.511428571428572,False,False,3. Stable / Low-Moderate
12086000213,58.66666666666666,12.5,0.7225490196078431,0.0,15.151778577251775,24.83073653198653,0.1251017764930206,26.06815822428358,9,-1.0742857142861792,-2.991428571428852,1.1828571428573893,-1.2571428571434415,0.0783538885329905,Low,0.1558975329224762,0.5025986432508456,0.287666550230449,0.3354299,-0.0477633566146437,Low,7.066666666666668,Low,0.0,5.300000000000001,False,False,3. Stable / Low-Moderate
12086000226,0.0,0.0,0.0,0.0,120.0,120.0,0.1027239457436667,26.99051207024044,0,-1.2428571428569846,-2.5514285714288736,2.580000000000111,-2.7142857142862504,0.1372372649156435,High,0.2545277328651402,0.5391839363467625,0.5730578674830754,0.58197,-0.0089121089420954,Critical,51.69200000000001,High,21.51,19.410000000000004,True,False,3. Stable / Low-Moderate
12086000215,27.0,4.0,0.7389937106918238,0.0,17.95826619016678,51.66666666666666,0.1070406796544697,22.90242165940069,7,-1.845714285714091,-0.5142857142864962,1.3800000000002075,-0.8457142857144216,0.1445314470216388,High,0.2495091730214515,0.5792630598363321,0.3752124280901769,0.372711,0.0025014252634862,Low,20.328380952380957,Low,9.537142857142856,6.662857142857144,False,False,3. Stable / Low-Moderate
12086000216,38.0,7.166666666666667,0.7881736526946108,0.0,22.35548764418496,20.76119047619048,0.1197179601538713,22.03979534575328,5,-0.1771428571427806,0.1199999999997803,0.5600000000002732,-1.3485714285718238,0.0893496441612444,Moderate,0.1759817347970231,0.5077211238103777,0.3026834080220153,0.33626717,-0.0335837652682373,Low,41.92761904761905,Moderate,4.628571428571428,27.28,False,False,3. Stable / Low-Moderate
12086000227,0.0,0.0,0.0,0.0,120.0,120.0,0.1027239457436667,26.99051207024044,0,-1.2857142857142785,1.4314285714287067,1.3885714285717885,0.3371428571432669,0.1422209063776659,High,0.2360723901749867,0.6024461660774724,0.6229016059902527,0.5753622,0.0475394004848815,High,50.2,High,8.5,30.15,False,False,3. Stable / Low-Moderate
12086000218,24.0,3.8333333333333335,0.5443645083932853,0.0,36.26786935286935,37.0,0.1604586885289915,34.56075715034944,5,-0.9114285714290224,1.4057142857144715,0.0828571428571572,-0.9714285714289762,0.14616896830607,High,0.2491875946122436,0.5865820428722422,0.4238898309619422,0.42714825,-0.0032584217636589,Moderate,48.0952380952381,Moderate,17.68571428571429,20.154285714285717,False,False,3. Stable / Low-Moderate
12086000219,95.33333333333331,8.5,0.4347026364193746,0.0,24.081630858361866,27.16964285714285,0.1265303087625613,33.62591469889472,5,-0.9714285714289164,-1.1542857142857526,1.645714285714415,-0.0314285714286037,0.1149899308744631,Moderate,0.2026219407479063,0.5675097694258529,0.3733658266739332,0.3642141,0.0091517341808759,Low,22.15085714285714,Low,13.125714285714286,4.799999999999999,False,False,3. Stable / Low-Moderate
12086000220,43.66666666666666,4.166666666666667,0.4482758620689655,0.0,38.46646904761904,36.0,0.1281973255194431,28.798369548338577,8,-1.322857142857407,2.3942857142856586,0.7600000000002817,-0.0485714285716054,0.1646487120928989,Critical,0.2903810515608275,0.5670091461129968,0.3984289314295838,0.38581964,0.0126092876936982,Moderate,38.32038095238095,Moderate,26.654285714285717,4.751428571428572,False,False,1. Already Critical
12086000312,0.0,0.0,0.0,0.0,120.0,120.0,0.1027239457436667,26.99051207024044,0,-1.4428571428568937,-1.5885714285724457,2.922857142858275,-0.502857142856808,0.1934897016824477,Critical,0.3044808895715883,0.6354740422451217,0.6458113780918744,0.5537189,0.0920924535694744,High,80.62266666666666,Critical,39.43,24.98,True,False,1. Already Critical
12086000302,0.0,0.0,0.0,0.0,120.0,120.0,0.1268012456280592,26.619192935607565,6,-2.1771428571433877,0.4514285714287522,1.34285714285765,-0.4171428571428088,0.1309541703102358,High,0.2076270242356492,0.6307183315482455,0.609637861245773,0.61697346,-0.0073355984748385,Critical,12.271619047619046,Low,3.477142857142857,6.074285714285714,False,False,3. Stable / Low-Moderate
12086000310,0.0,0.0,0.0,0.0,120.0,120.0,0.1027239457436667,26.99051207024044,0,-3.40857142857208,3.345714285715214,2.205714285715125,-1.262857142857687,0.2216062545757369,Critical,0.3451238458238429,0.6421064706402481,0.6496496482312454,0.62103486,0.0286147876202834,Critical,60.909333333333336,High,29.18,19.42,True,False,1. Already Critical
12086000306,86.33333333333333,11.0,0.5064148253741981,0.0,30.655045253079837,18.85154761904762,0.1073769653714166,32.62978632948208,7,0.9714285714292014,-3.5485714285731804,0.0628571428572437,1.020000000000597,0.1562686649650841,High,0.2739996596156415,0.5703243032648039,0.3707077180995524,0.36318126,0.0075264548911631,Low,67.75466666666667,Critical,29.81142857142857,23.985714285714288,False,True,2. Fragile (Trending Critical)
12086000307,23.666666666666668,2.5,0.4631828978622327,0.0,33.21944444444445,28.44305555555556,0.1139033566503747,40.7895784865975,7,-0.6028571428572327,1.8857142857149056,-0.5885714285717257,-0.7000000000004946,0.1589759592434328,Critical,0.2547557903157139,0.624032761125535,0.4427310276797941,0.4315144,0.0112166155151059,Moderate,19.27657142857143,Low,8.111428571428572,7.1571428571428575,False,False,1. Already Critical
12086000308,38.333333333333336,3.5,0.3373493975903614,0.0,38.28280303030303,29.18229166666667,0.1300900292515511,51.6722392864752,6,-0.6742857142857719,-0.665714285714321,1.4114285714286734,-0.6828571428573408,0.0773698001306417,Low,0.150344726315138,0.5146159897119814,0.3406291676522724,0.3604823,-0.0198531376360423,Low,23.88571428571429,Low,10.77142857142857,8.22,True,False,3. Stable / Low-Moderate
12086000402,38.0,3.8333333333333335,0.7679425837320574,0.0,21.61734307359308,43.454166666666666,0.1327548919101815,19.87704394768649,6,-3.451428571429725,0.7342857142858245,1.6428571428576493,-0.8828571428573326,0.1413906417860541,High,0.2400968173651912,0.5888901124873995,0.3697662503145048,0.3655228,0.0042434484384367,Low,20.90019047619048,Low,12.677142857142858,4.265714285714287,False,False,3. Stable / Low-Moderate
12086000417,0.0,0.0,0.0,0.0,120.0,120.0,0.1027239457436667,26.99051207024044,0,3.934285714286746,-4.602857142858286,0.6857142857145194,2.751428571429757,0.1765023814743591,Critical,0.2894865136080072,0.6097084775194761,0.5993127855221749,0.5989175,0.0003953012387276,Critical,57.208,High,22.74,22.44,False,False,1. Already Critical
12086000420,0.0,0.0,0.0,0.0,120.0,120.0,0.1027239457436667,26.99051207024044,0,0.5371428571430772,-1.5857142857141948,-0.042857142856971,1.0914285714288932,0.1981133990347062,Critical,0.3308603686795492,0.5987825009848385,0.5908858142064377,0.6217611,-0.0308752693964675,Critical,17.759999999999998,Low,14.8,0.0,False,False,1. Already Critical
12086000405,40.333333333333336,6.5,0.6222707423580786,0.0,35.48008742559524,27.15111111111112,0.1238513173444495,29.73418151721191,4,0.78857142857179,-3.094285714286702,1.365714285714743,0.6857142857144514,0.1509284577353049,High,0.2344119826840908,0.6438598232356838,0.4454608753361552,0.41827217,0.027188707891926,Moderate,61.04533333333334,High,39.21714285714286,10.488571428571428,True,False,3. Stable / Low-Moderate
12086000408,74.33333333333333,11.5,0.8198163733741393,0.0,21.81971543667972,24.96338383838384,0.1447352915580763,20.48373460497836,7,-1.1114285714289052,-0.5457142857147879,0.63428571428591,-0.0914285714285466,0.1898532971901758,Critical,0.3142227488629129,0.6041997209852041,0.3688047474223225,0.3539104,0.014894360859975,Low,70.80228571428572,Critical,25.668571428571425,32.00285714285714,True,False,1. Already Critical
12086000409,59.66666666666666,11.833333333333334,0.7259294566253575,0.0,12.966591394716394,20.517307692307693,0.1146630913590699,23.19451065750204,7,0.3971428571429936,-2.0771428571435835,-0.1142857142857685,0.5971428571429656,0.1513317530990737,High,0.2420194822139241,0.6252874839444111,0.4107859754899444,0.38977438,0.021011593375534,Moderate,35.665142857142854,Moderate,18.96857142857143,9.677142857142856,True,False,3. Stable / Low-Moderate
12086000410,86.0,11.666666666666666,0.512753433616743,0.0,32.176268709504,32.59796296296297,0.1537453900259371,27.222041088252027,5,-1.145714285714567,-0.97142857142855,0.6285714285715952,-1.057142857143072,0.1130198162909867,Moderate,0.1920857158339667,0.5883822011454396,0.3752502105301074,0.3670647,0.0081854960983446,Low,23.869714285714288,Low,19.891428571428573,0.0,False,False,3. Stable / Low-Moderate
12086000411,40.0,7.333333333333333,0.7314939434724091,0.0,17.288348214285712,40.614583333333336,0.1463246688174156,19.83541615890723,5,-1.7800000000003773,0.2085714285710024,0.6028571428575816,-1.9285714285716875,0.1472002474208758,High,0.2354590657350177,0.625162794056666,0.410356682536425,0.3995384,0.0108182847474235,Moderate,25.133714285714284,Low,13.754285714285714,6.471428571428572,False,False,3. Stable / Low-Moderate
12086000416,0.0,0.0,0.0,0.0,120.0,120.0,0.1027239457436667,26.99051207024044,0,0.0085714285712591,-1.4314285714287007,1.788571428571873,-0.8828571428569643,0.1957020408682638,Critical,0.3279729089115173,0.5967018480817928,0.5930162662785585,0.6039324,-0.010916114397711,Critical,67.32133333333333,Critical,25.19,27.82,True,False,1. Already Critical
12086000413,82.66666666666667,14.0,0.7107329842931938,0.0,23.80683139768728,32.134065255731926,0.1530399084820517,49.96680618500879,6,-1.5742857142861943,1.2942857142861184,1.4342857142861396,-1.33714285714307,0.099558176498929,Moderate,0.1652859797876215,0.6023389075519462,0.3658356897143971,0.35243243,0.0134032599239003,Low,37.063619047619056,Moderate,26.59428571428572,3.862857142857143,False,False,3. Stable / Low-Moderate
12086000414,74.0,12.166666666666666,0.681651376146789,0.0,11.1676928699955,18.913541666666667,0.1092489927031809,39.64573750569192,9,-0.7257142857144375,-2.0628571428575277,3.2257142857150183,-1.177142857143388,0.1713010466392336,Critical,0.2664859036359761,0.6428146641228478,0.3968771748181455,0.36946756,0.0274096183415524,Low,66.1127619047619,Critical,47.95428571428572,6.425714285714285,False,False,1. Already Critical
12086000507,0.0,0.0,0.0,0.0,120.0,120.0,0.1027239457436667,26.99051207024044,0,-0.04285714285706,-1.7771428571433825,1.2485714285716782,-1.174285714285941,0.1073088725760101,Moderate,0.1925813194207507,0.5572133003282744,0.5421786788995684,0.58465016,-0.0424714799825727,Critical,29.048,Low,8.14,14.46,False,False,3. Stable / Low-Moderate
12086000508,0.0,0.0,0.0,0.0,120.0,120.0,0.1027239457436667,26.99051207024044,0,-0.3114285714287533,-4.082857142857595,1.7771428571435437,-0.1857142857141573,0.2254197030442867,Critical,0.3719507997494196,0.6060470986919514,0.600991982716082,0.545886,0.05510600258684,High,53.470666666666666,High,26.070000000000004,16.639999999999997,False,False,1. Already Critical
12086000504,53.0,7.166666666666667,0.7479166666666667,0.0,23.477091871091872,19.276278659611997,0.1431713183367309,32.55714375901876,6,0.3314285714288119,-3.914285714287269,1.825714285714975,-0.6342857142857361,0.1528819629624248,High,0.2376240476857901,0.6433774883112016,0.4118666000090373,0.398045,0.0138215965948832,Moderate,4.269333333333336,Low,0.6657142857142873,2.602857142857143,False,False,3. Stable / Low-Moderate
12086000505,31.0,3.5,0.3708920187793427,0.0,43.496944444444445,23.022222222222226,0.1053938845903928,49.439293554593554,9,-0.3467660252615099,-3.2359082063709934,2.1028571428575886,-0.4424913204061848,0.1449519948874078,High,0.222135598729087,0.6525383401702711,0.4493481055043746,0.44725344,0.0020946696542312,High,9.541714285714288,Low,7.951428571428574,0.0,False,False,3. Stable / Low-Moderate
12086000601,12.0,0.0,0.1,0.0,29.02833333333333,120.0,0.1039167257156496,36.782893064633264,5,-0.0571428571428337,-1.2999999999999037,0.0114285714284357,0.6285714285716665,0.1152030234854582,Moderate,0.1759478855989157,0.6547565098228617,0.5555429858600966,0.498345,0.0571979982292525,High,26.542095238095243,Low,12.677142857142858,8.497142857142856,False,False,3. Stable / Low-Moderate
12086000602,15.333333333333334,4.833333333333333,0.6967930029154519,0.0,38.126666666666665,23.156666666666663,0.1204271480024819,55.312586465141614,5,0.0914285714285887,-2.5657142857152926,0.9971428571432032,-0.8171428571433152,0.0651242243213697,Low,0.1171753105568228,0.5557845250155189,0.4060351097996658,0.4192271,-0.0131919836585098,Moderate,8.584000000000003,Low,5.04857142857143,1.894285714285714,False,False,3. Stable / Low-Moderate
12086000603,37.0,5.333333333333333,0.7020497803806734,0.0,28.725068082788678,32.46875,0.110307098402126,29.01171130952381,6,-0.0371428571429545,-0.0171428571425026,1.877142857143216,-1.0600000000005585,0.1016739579381714,Moderate,0.1713975207213098,0.5932055347725365,0.4090926724571312,0.39597392,0.0131187516349876,Moderate,7.750476190476191,Low,4.471428571428572,1.7885714285714291,False,False,3. Stable / Low-Moderate
12086000612,0.0,0.0,0.0,0.0,120.0,120.0,0.1027239457436667,26.99051207024044,0,-0.6742857142858789,-1.1514285714287618,0.282857142857065,0.6571428571430663,0.1489460677086508,High,0.2416818991382823,0.6162897107301728,0.6285038567761939,0.5990234,0.0294804550389807,Critical,29.505333333333336,Low,16.410000000000004,7.359999999999999,False,False,3. Stable / Low-Moderate
12086000605,55.0,0.1666666666666666,0.4051282051282051,0.0923076923076923,19.605806577681577,120.0,0.1775041321403568,22.819340182421723,5,-0.4228571428572508,-0.5685714285717645,2.0428571428577507,0.0285714285712964,0.1349797416829237,High,0.2313059926779682,0.583554883815081,0.3681182148422053,0.37244558,-0.0043273685013005,Low,29.09980952380953,Low,9.351428571428572,13.408571428571427,False,False,3. Stable / Low-Moderate
12086000607,22.666666666666668,4.0,0.5258620689655172,0.0,19.880133928571432,23.25,0.1016739579381714,28.725068082788678,3,0.211428571428671,-0.6571428571432744,0.8914285714289032,0.0314285714285374,0.1505940473995501,High,0.2508819345380776,0.6002586343126819,0.4233548034016136,0.41497847,0.0083763290230278,Moderate,28.418666666666663,Low,11.23142857142857,11.205714285714285,False,False,3. Stable / Low-Moderate
12086000610,0.0,0.0,0.0,0.0,120.0,120.0,0.1027239457436667,26.99051207024044,0,-0.2314285714286194,-1.2457142857140358,2.154285714285707,2.0142857142858785,0.1167724955369202,Moderate,0.189442330980384,0.6164012812374631,0.6425518164536594,0.5904095,0.0521422991654514,Critical,25.81733333333333,Low,15.27,5.62,False,False,3. Stable / Low-Moderate
12086000705,24.33333333333333,1.3333333333333333,0.4392523364485981,0.0,18.23492798353909,31.672222222222217,0.1527717560599545,61.16708076131687,7,-0.6085714285715208,2.7285714285721627,1.602857142857787,-0.7257142857144067,0.1269199880724839,High,0.2235513476880846,0.5677442314039283,0.4154852577644018,0.43180203,-0.0163167766136499,Moderate,22.335238095238093,Low,14.285714285714285,3.894285714285713,False,False,3. Stable / Low-Moderate
12086000714,0.0,0.0,0.0,0.0,120.0,120.0,0.1027239457436667,26.99051207024044,0,-0.3857142857142367,2.4314285714289383,-0.2228571428567592,0.0342857142854937,0.1381846563136325,High,0.2438575598581548,0.5666613591721769,0.6033356134875149,0.6348177,-0.0314821059720188,Critical,17.28266666666667,Low,4.980000000000002,8.48,False,False,3. Stable / Low-Moderate
12086000715,0.0,0.0,0.0,0.0,120.0,120.0,0.1027239457436667,26.99051207024044,0,-0.9828571428573548,-3.9228571428581,1.4742857142862242,1.171428571428299,0.113415512584446,Moderate,0.1961436031110129,0.5782269255054697,0.6155248764259514,0.58326244,0.0322624328834709,Critical,6.279999999999999,Low,2.299999999999999,2.64,False,False,3. Stable / Low-Moderate
12086000718,0.0,0.0,0.0,0.0,120.0,120.0,0.1027239457436667,26.99051207024044,0,0.0,-4.034285714286983,0.148571428571922,0.4342857142856338,0.1394463175728069,High,0.2427367585806491,0.5744754868944828,0.6050983031477198,0.60469085,0.0004074533666834,Critical,29.25733333333333,Low,9.27,13.6,False,False,3. Stable / Low-Moderate
12086000719,0.0,0.0,0.0,0.0,120.0,120.0,0.1027239457436667,26.99051207024044,0,-1.5914285714295997,-3.4257142857152503,4.554285714287458,-2.254285714287031,0.1798645309525787,Critical,0.3166181870836491,0.568080224984231,0.6093912984608142,0.56307375,0.0463175441502062,High,24.744000000000003,Low,20.62,0.0,False,False,1. Already Critical
12086000710,16.333333333333332,1.8333333333333333,0.5285285285285285,0.0,22.108366402116403,24.0,0.1295779666112864,31.370652130927624,6,-1.3085714285717531,-0.6600000000003423,3.5485714285726337,-1.8085714285722936,0.1587443836255109,Critical,0.2789782787188739,0.5690205859556453,0.4214249978552368,0.42322353,-0.0017985274304839,Moderate,34.817142857142855,Low,23.24285714285714,5.194285714285715,False,False,1. Already Critical
12086000711,23.33333333333333,2.0,0.7623873873873874,0.0,32.085138888888885,120.0,0.1533212872955731,22.0394096509871,8,0.5855106150852487,-2.798577368380728,0.6499821805759836,-0.9000000000002752,0.1625235639505432,Critical,0.2753477087316128,0.5902484705582147,0.4238563124797931,0.4221877,0.0016686265133014,Moderate,23.464,Low,7.105714285714285,11.202857142857145,False,False,1. Already Critical
12086000712,19.33333333333333,2.333333333333333,0.6378787878787879,0.5181818181818182,9.470531400966184,13.666666666666668,0.1420225307712756,35.15143944109231,6,-0.0067430998514056,-4.144477060928211,5.024492463172849,0.5327064498348948,0.1570142783799537,High,0.2660860256260206,0.5900884047200383,0.3757050768383986,0.37819025,-0.0024851723662369,Moderate,31.907428571428568,Low,24.06571428571428,2.271428571428572,False,False,3. Stable / Low-Moderate
12086000804,94.66666666666669,7.333333333333333,0.5908084163898117,0.0946843853820598,22.14238671782086,18.414,0.1507845576492885,33.98757240059323,6,-0.0742857142857879,-2.280000000000277,1.9800000000003937,-0.0685714285715668,0.1207209848772211,Moderate,0.2248423482498338,0.5369139124231255,0.2818496362064304,0.29870418,-0.0168545409347591,Low,43.41752380952381,Moderate,20.197142857142858,14.385714285714286,False,False,3. Stable / Low-Moderate
12086000805,21.33333333333333,0.6666666666666666,0.3,0.0,46.33333333333333,120.0,0.1372288540776033,26.168417539789136,6,-0.1485714285714376,-1.8457142857147653,2.574285714286206,-1.0314285714288658,0.1330379351888369,High,0.2301531448108865,0.5780409183552639,0.4404500327764554,0.43351415,0.0069358847795529,Moderate,13.87542857142857,Low,9.477142857142857,1.8771428571428568,False,False,3. Stable / Low-Moderate
12086000806,71.33333333333333,9.833333333333334,0.5342835130970724,0.0,20.57778841991342,14.966666666666669,0.1492957310105332,30.204751640601177,8,-0.0571428571428401,-7.491428571430727,5.837142857144544,0.4571428571427895,0.1540112955469334,High,0.2816857337667037,0.5467486531443863,0.3695172964462573,0.3554696,0.014047682178908,Low,43.86514285714286,Moderate,18.61142857142857,16.14857142857143,False,False,3. Stable / Low-Moderate
12086000807,7.333333333333333,2.0,0.574468085106383,0.0,43.243333333333325,23.13333333333333,0.1456645116213479,28.978341508700048,4,-0.9571428571432782,-0.2771428571432706,2.6142857142869453,-1.900000000000722,0.1557210535517907,High,0.259003254578348,0.6012320339576481,0.5085917972590466,0.4944373,0.014154490139677,High,36.28495238095238,Moderate,20.205714285714286,9.02857142857143,False,False,3. Stable / Low-Moderate
12086000808,12.666666666666666,2.0,0.7016806722689075,0.0,36.00095238095239,23.077777777777783,0.1527322175057356,30.869171039920168,7,-0.9057142857145052,-2.351428571429424,3.711428571429787,0.0485714285714225,0.1435151916298945,High,0.2506590808958808,0.5725513359298884,0.4176198662708696,0.41642058,0.0011992873142656,Moderate,42.33371428571428,Moderate,22.04,11.914285714285716,True,False,3. Stable / Low-Moderate
12086000908,0.0,0.0,0.0,0.0,120.0,120.0,0.1027239457436667,26.99051207024044,0,-0.4898211704225135,-1.2457479266515117,1.6769492722892203,-0.5602776871966769,0.1302087491773003,High,0.2088182050776144,0.623550753771223,0.6315055163864882,0.59163386,0.0398716600899489,Critical,37.31333333333334,Moderate,22.750000000000004,7.51,True,False,3. Stable / Low-Moderate
12086000904,0.0,0.0,0.0,0.0,120.0,120.0,0.1027239457436667,26.99051207024044,0,1.8093993014032252,-2.546500291181472,0.8193182886189223,1.2775058204605405,0.0975974357152613,Moderate,0.1667406600892698,0.5853247532006263,0.6069202433951292,0.6195197,-0.0125994671456423,Critical,2.64,Low,2.2,0.0,False,False,3. Stable / Low-Moderate
12086000903,99.33333333333331,17.5,0.8045070422535211,0.0912676056338028,25.060891944930024,12.805811965811966,0.1357317660797646,25.815807123834357,10,-1.079999999999976,-0.3285714285714164,2.234285714286447,-1.8085714285718544,0.2009969687337802,Critical,0.3644695426984692,0.5514780940147526,0.2936380935081901,0.29534575,-0.0017076599231301,Low,75.42095238095239,Critical,56.30571428571429,11.565714285714286,False,False,1. Already Critical
12086001007,0.0,0.0,0.0,0.0,120.0,120.0,0.1027239457436667,26.99051207024044,0,-1.931428571429315,2.4028571428579637,1.357142857143271,-2.4057142857153404,0.1425519174982522,High,0.2433205668776406,0.5858605350444452,0.5966177206531995,0.6180425,-0.0214248079761034,Critical,36.62,Moderate,24.85,5.1,False,False,3. Stable / Low-Moderate
12086001003,78.33333333333333,9.833333333333334,0.7958064516129032,0.0,20.265797859547863,28.234375,0.1808741161046856,20.834580432844373,6,-0.162857142856778,0.1399999999994541,0.7085714285716711,-1.1057142857144031,0.1008465690705229,Moderate,0.1720401169160192,0.5861805425286407,0.3465968182362983,0.35277256,-0.0061757454596092,Low,8.034285714285716,Low,0.0,6.025714285714287,False,False,3. Stable / Low-Moderate
12086001004,154.66666666666666,27.5,0.7646737149106817,0.0,15.623133916923376,26.698208273208277,0.19963979306584,19.154526130942788,9,-1.005714285714378,0.3314285714282697,1.5400000000005516,-0.2228571428569891,0.1517720823901009,High,0.2718721556534546,0.5582479824949754,0.2934304867800265,0.27940702,0.0140234623964816,Low,44.52228571428572,Moderate,3.768571428571427,30.53142857142857,False,False,3. Stable / Low-Moderate
12086001005,47.66666666666666,8.833333333333334,0.7715572715572716,0.0,20.309169146825397,20.674007936507937,0.1917611657138758,24.06388770663989,4,1.3285714285719354,-3.0485714285721364,1.345714285714834,-0.4628571428576355,0.2315160163185699,Critical,0.3662196569313782,0.6321780164901173,0.422241604794465,0.40751553,0.0147260789765938,Moderate,68.77600000000001,Critical,23.98,40.60285714285714,False,False,1. Already Critical
12086001006,28.666666666666668,3.5,0.7389770723104057,0.0,16.290614349906626,19.333333333333336,0.1566150905387337,20.82308498043739,7,1.582857142857544,-5.522857142858671,2.9685714285721905,-0.5000000000003431,0.2212746863236411,Critical,0.3751919948301827,0.5897638792208059,0.4117517239112669,0.38762107,0.0241306489963347,Moderate,85.696,Critical,38.08,39.705714285714286,True,False,1. Already Critical
12086001101,42.333333333333336,6.333333333333333,0.6724598930481284,0.0,22.81446744837654,18.180902777777774,0.1052808961782259,26.99051207024044,7,-1.4114285714287869,1.6571428571434177,1.9400000000004327,-0.488571428571437,0.0741613224874519,Low,0.1466570299125865,0.5056786062806199,0.3186044757771408,0.3510857,-0.0324812168669784,Low,2.940952380952381,Low,0.0,2.205714285714285,False,False,3. Stable / Low-Moderate
12086001102,46.66666666666666,7.333333333333333,0.6753889674681753,0.0,10.474024470899472,21.20833333333333,0.1288068433241934,22.740108914378165,6,-0.5342857142858611,-2.102857142858456,1.7000000000006628,-0.8085714285717259,0.0799581113526023,Low,0.1516419525313035,0.5272822594136447,0.3397105201682802,0.37451023,-0.0347997084656004,Moderate,36.81866666666666,Moderate,17.43142857142857,11.925714285714283,True,False,3. Stable / Low-Moderate
12086001103,9.0,0.8333333333333334,1.0359477124183007,0.0,34.081333333333326,120.0,0.1526568807876063,18.942011546245705,6,-1.4257142857144514,-0.8799999999999559,1.3314285714283514,-1.0571428571431485,0.1641555136278106,Critical,0.2658769203355486,0.6174116708612354,0.4855671384428627,0.47607955,0.0094875850771553,High,41.55161904761905,Moderate,29.534285714285712,4.582857142857143,False,False,1. Already Critical
12086001104,86.66666666666667,11.333333333333334,0.6858799454297408,0.0,27.47019765887729,30.88368055555556,0.1114634992385488,19.44414759952268,8,-0.1889405535290556,-2.811741768362913,4.525910033798899,-0.7458205489597252,0.0461389261197731,Low,0.097121956428832,0.4750617452149691,0.2804315008549667,0.28648365,-0.0060521445841812,Low,4.673904761904762,Low,1.4885714285714284,2.165714285714285,False,False,3. Stable / Low-Moderate
12086001209,0.0,0.0,0.0,0.0,120.0,120.0,0.1027239457436667,26.99051207024044,0,2.1685714285720943,-2.614285714286624,1.5085714285720946,-0.4142857142863724,0.1304278743094447,High,0.2180188900565058,0.5982411628443784,0.629885096349484,0.5677206,0.0621645043275418,High,55.190666666666665,High,27.37,16.759999999999998,True,False,3. Stable / Low-Moderate
12086001204,51.0,6.5,0.8204022988505747,0.0,22.177458430458437,27.834615384615383,0.0853012078006299,27.863873626129863,5,0.3554983964012582,-3.165611399237663,1.2099865058555452,0.2836414241341676,0.1376263366323415,High,0.2417519878667974,0.5692873007860109,0.3842340121888101,0.36212897,0.022105039181608,Low,53.19619047619048,High,35.371428571428574,8.062857142857142,False,False,3. Stable / Low-Moderate
12086001205,76.66666666666667,9.666666666666666,0.6556047197640118,0.0,35.86547823936262,25.236944444444443,0.0991786077661451,23.39728135338865,7,-0.3380893459489033,-2.350228146602256,3.539157394112859,-0.2685945136644492,0.0669230583369741,Low,0.1380496496719037,0.4847752855297138,0.3089862631194664,0.32514402,-0.0161577595837043,Low,12.730285714285715,Low,10.60857142857143,0.0,False,False,3. Stable / Low-Moderate
12086001206,25.33333333333333,3.1666666666666665,0.8588709677419355,0.0,13.184888471177944,28.55916666666667,0.0848070140108762,24.44749774994067,5,-2.380000000000752,-1.8171428571436496,2.745714285715435,-1.9971428571434944,0.0658864655177571,Low,0.1296120481830135,0.5083359644523535,0.340319910422482,0.3848998,-0.0445798846329074,Moderate,7.196190476190476,Low,0.0,5.397142857142857,False,False,3. Stable / Low-Moderate
12086001301,114.66666666666669,13.5,0.7951612903225806,0.0,12.276856671064335,16.116284722222222,0.0732746647084902,16.120282617607685,4,-0.1050754835049619,-5.562315128862938,2.3053755269675813,-0.6055303881087317,0.0885397349544162,Moderate,0.1911700631744428,0.4631464439786454,0.2531949960075108,0.25985157,-0.0066565788902553,Low,24.84609523809524,Low,10.282857142857145,9.38,False,False,3. Stable / Low-Moderate
12086001302,56.0,9.5,0.9090489381348108,0.0,13.26052652831499,27.071367521367524,0.1265874148228544,12.796901766135807,5,-0.6542857142858779,-4.2228571428583175,3.71714285714385,-0.1628571428570814,0.0502641658886934,Low,0.1167129994142991,0.4306646743801814,0.2905482959755183,0.30694914,-0.0164008426658391,Low,25.28838095238095,Low,3.994285714285715,15.37142857142857,False,False,3. Stable / Low-Moderate
12086001401,53.333333333333336,6.0,0.7396166134185304,0.0,16.889158014604444,18.3125,0.1823108149802223,14.779371102170485,6,0.0514285714286599,-2.34000000000122,1.900000000000644,-0.1971428571429896,0.2152989034684108,Critical,0.3656968934897812,0.5887359376062816,0.4071694153401424,0.36592492,0.0412444907280971,Low,68.47999999999999,Critical,35.4,19.5,False,False,1. Already Critical
12086001402,141.33333333333334,14.5,0.7236503856041131,0.0,10.565517812060529,20.623529411764704,0.1376877351046128,16.729832335862124,6,-2.917142857143331,1.0542857142864348,2.3457142857140587,-1.8828571428576208,0.1308091013077372,High,0.2425355357745182,0.5393399399803768,0.3324556440781436,0.2927514,0.0397042424153171,Low,19.76419047619048,Low,0.4828571428571404,14.388571428571431,False,False,3. Stable / Low-Moderate
12086001501,55.66666666666666,11.666666666666666,0.7777777777777778,0.0,17.386698092031427,31.095,0.1735788985589522,18.88550833470252,5,-0.9077742017278358,-0.814075100756923,2.337142857143742,-0.6915707409169982,0.2767513940673751,Critical,0.4668463769854928,0.5928104141118249,0.3816942732523111,0.37105265,0.0106416206548837,Low,88.44914285714286,Critical,40.37428571428572,47.425714285714285,False,False,1. Already Critical
12086001502,97.0,16.833333333333332,0.8240982749607946,0.0470465237846314,20.96257401602229,29.904,0.1851983775624981,21.56722650914915,6,-1.3885714285719375,0.1171428571428751,0.0942857142856323,-1.0885714285716677,0.1792218187902603,Critical,0.3254096387876573,0.5507575604028425,0.2649231812809122,0.2743175,-0.0093943216945516,Low,42.67733333333334,Moderate,22.57714285714286,11.688571428571429,False,False,1. Already Critical
12086001607,0.0,0.0,0.0,0.0,120.0,120.0,0.1027239457436667,26.99051207024044,0,0.9457142857146676,-5.840000000001643,3.84285714285775,0.5628571428574222,0.1281141877704268,High,0.2353930434270086,0.5442564737906234,0.5799691055799322,0.59074914,-0.0107800389742059,Critical,33.01466666666667,Low,17.29,9.2,True,False,3. Stable / Low-Moderate
12086001603,27.0,2.5,0.562874251497006,0.0,37.52990196078432,29.0,0.1529340480425149,30.773440368387384,5,-0.3114285714287648,-4.474285714287192,2.0285714285722203,2.7428571428578885,0.0699425870602431,Low,0.1435552911324901,0.4872170611648975,0.3277743130872189,0.35252222,-0.024747911100632,Low,31.68038095238096,Low,7.254285714285716,17.231428571428573,False,False,3. Stable / Low-Moderate
12086001605,19.33333333333333,3.0,0.6375321336760925,0.0,36.787240740740735,16.554166666666667,0.1313458923847995,31.033776662472224,8,-0.1028649883487371,-1.5800993762271738,4.311434673479039,0.2371960321411372,0.1885780213070562,Critical,0.3166595140637686,0.5955229921469549,0.4330795412593385,0.4239064,0.0091731553607484,Moderate,68.128,Critical,23.44,35.748571428571424,False,False,1. Already Critical
12086001606,36.66666666666666,3.0,0.558041958041958,0.0,20.982786195286195,19.767592592592585,0.1336001163970296,37.20723921720251,6,0.4542857142859456,-0.5457142857146778,-0.7942857142856479,0.1085714285715409,0.1298438486712198,High,0.2304780106735056,0.5633676214567653,0.3856145821600866,0.38321936,0.0023952208548498,Moderate,63.090285714285706,High,33.19428571428571,17.44285714285714,False,False,3. Stable / Low-Moderate
12086001701,41.333333333333336,4.333333333333333,0.8416666666666667,0.0,30.71675,24.16055555555556,0.1466143950757529,27.780404444895428,9,0.7142857142861266,-1.811428571429612,1.648571428571962,0.0971428571427183,0.1478574395762227,High,0.2681360249087907,0.5514269842201099,0.3751215842732344,0.36631778,0.0088038054474745,Low,22.414857142857144,Low,14.031428571428572,4.182857142857142,False,False,3. Stable / Low-Moderate
12086001702,52.66666666666666,8.0,0.7835748792270532,0.0782608695652174,21.59460227272727,12.611825396825395,0.145089982979588,23.397974470079586,5,-1.1400000000003796,-0.5000000000003189,0.8257142857142682,-1.511428571429065,0.1436120769880927,High,0.2737464363982973,0.5246171562180235,0.3241764193029776,0.3198665,0.0043099110575094,Low,10.395428571428576,Low,8.662857142857145,0.0,False,False,3. Stable / Low-Moderate
12086001705,0.0,0.0,0.0,0.0,120.0,120.0,0.1027239457436667,26.99051207024044,0,-0.7142857142860102,0.0085714285712014,0.9400000000003264,-0.4085714285714972,0.1067499290867614,Moderate,0.2050285520264865,0.5206588449835561,0.5814458642477248,0.57205975,0.009386113690779,High,23.51333333333333,Low,10.65,8.05,False,False,3. Stable / Low-Moderate
12086001801,64.0,9.0,0.7532467532467533,0.0,20.727178030303037,35.740277777777784,0.1765788391788204,21.916681799850657,9,0.1485714285715642,-1.6800000000005777,1.865714285714544,-0.5114285714286554,0.1499164254118374,High,0.2811344398028582,0.533255283546777,0.3488736434092866,0.35975125,-0.0108776109108579,Low,42.16876190476191,Moderate,17.448571428571434,15.922857142857143,False,False,3. Stable / Low-Moderate
12086001802,93.33333333333331,10.333333333333334,0.7667004048582996,0.1715587044534413,18.53342160904751,37.37358465608465,0.157039555828554,19.859876323485647,8,-1.9971428571433048,0.1000000000001443,1.6771428571430584,-0.448571428571552,0.1366213938419767,High,0.2806990047524798,0.4867184832466698,0.2721867947617474,0.27917188,-0.0069850892981585,Low,41.23580952380952,Moderate,18.388571428571428,14.377142857142855,False,False,3. Stable / Low-Moderate
12086001803,36.0,4.833333333333333,0.7811572700296736,0.1335311572700296,22.254349556167742,21.937708333333333,0.1460219530281287,22.480774840958706,7,0.0952601265020924,-0.7635879520199771,-0.0003654045810907,-1.3102511566673518,0.1495729533572199,High,0.3058486760707942,0.4890423436804368,0.319676626390643,0.34057876,-0.0209021382864046,Low,82.89828571428572,Critical,35.74857142857143,32.70285714285714,False,True,2. Fragile (Trending Critical)
12086001901,113.0,18.166666666666668,0.6827904715605251,0.0,17.225948639556833,27.009507275132275,0.2041236415030218,17.47066504132663,7,-0.2257142857141557,-2.56571428571561,0.0,-0.3571428571426308,0.2030882110068902,Critical,0.3688883285258599,0.5505411673458607,0.3471826655136305,0.32432482,0.0228578490482526,Low,94.61790476190475,Critical,47.59428571428572,28.128571428571423,False,False,1. Already Critical
12086001903,37.0,7.166666666666667,0.7955801104972375,0.0,19.88870707070707,35.250416666666666,0.186046465862854,19.28132700399728,6,1.0257142857139523,0.0057142857142833,-0.2714285714286357,-1.2257142857150527,0.1838959551956724,Critical,0.318469373492833,0.5774368605017868,0.384083044723418,0.3627966,0.0212864400900866,Low,58.2967619047619,High,20.202857142857145,25.54,False,False,1. Already Critical
12086001904,74.33333333333333,10.0,0.6631386861313868,0.0,20.852141637022587,27.252579365079367,0.1716714341074413,19.22572227413922,7,-0.3771428571427742,-4.051428571430209,1.1742857142861525,-0.1028571428573114,0.1706795520587843,Critical,0.3258790254449723,0.5237512657518522,0.3422754806850666,0.35250503,-0.0102295475627666,Low,48.139809523809525,Moderate,22.551428571428573,15.80857142857143,False,False,1. Already Critical
12086002001,73.33333333333333,10.666666666666666,0.7736411020104245,0.0,14.191640792405058,26.262222222222224,0.1636789795786409,14.686544752380252,6,-3.702857142858328,5.140000000001706,-0.785714285714537,-1.380000000000242,0.2046099938727424,Critical,0.3912721063811409,0.5229352937145753,0.3601159042218478,0.36861327,-0.0084973686835018,Low,89.60761904761904,Critical,56.39714285714286,22.205714285714283,False,False,1. Already Critical
12086002003,57.0,5.166666666666667,0.7663817663817664,0.0,17.463175765592432,27.5,0.1588053068634046,16.919930186631458,6,-1.6857142857150285,-0.4742857142856049,2.085714285714748,-0.3657142857146325,0.2258576094680669,Critical,0.4133188039123336,0.5464489090023887,0.3906328649027613,0.36319453,0.0274383396609095,Low,84.05371428571428,Critical,40.94,26.194285714285712,False,False,1. Already Critical
12086002004,96.66666666666669,11.666666666666666,0.8001148765077541,0.0,12.714941754152282,27.17543859649123,0.1251087207977994,15.947633863993554,6,-2.900000000000361,3.6628571428575056,0.8885714285717673,-0.9085714285715664,0.1567558863320467,High,0.3213079344982602,0.4878680838580271,0.3486127699403561,0.34436044,0.0042523289708889,Low,62.620571428571424,High,23.26,26.03142857142857,False,False,3. Stable / Low-Moderate
12086002100,88.0,14.666666666666666,0.9196169471851422,0.0,14.235551800996848,23.61089065255732,0.071204607909592,12.679025345486,7,-0.1628571428571824,-5.020000000000247,5.588571428572275,0.6800000000002971,0.0522223576473299,Low,0.1333703979939036,0.391558834890161,0.2467363914142905,0.29013464,-0.0433982471336068,Low,9.306666666666668,Low,7.257142857142856,0.4485714285714293,False,False,3. Stable / Low-Moderate
12086002201,79.0,8.666666666666666,0.724901185770751,0.0,13.211720465964165,24.50909090909091,0.1132279432131628,15.72866659995342,6,1.8428571428579368,-2.5171428571437686,1.2657142857145012,0.6028571428573997,0.0853681900289314,Low,0.1808209831428766,0.4721144003595937,0.3661698142804007,0.35507384,0.01109597485436,Low,41.77371428571429,Moderate,16.81142857142857,16.2,False,False,3. Stable / Low-Moderate
12086002202,41.66666666666666,3.1666666666666665,0.7478368355995055,0.0,23.323187830687832,24.33333333333333,0.1436604353812481,15.956347390519904,7,0.874260006368221,-2.920537834093681,1.4534528197643757,0.0350800469313219,0.1323300078810327,High,0.2555909393131503,0.5177413887857025,0.3927320666302787,0.38939768,0.0033343858708488,Moderate,29.46780952380952,Low,21.877142857142854,2.411428571428572,False,False,3. Stable / Low-Moderate
12086002300,84.66666666666667,14.0,0.6369123252858958,0.0,17.41843697307983,30.37228070175438,0.1336189327322765,19.360307175735468,6,1.904996464672999,-3.385107847886048,3.03714285714376,0.7253253181120631,0.1699904359466129,Critical,0.336556435525738,0.5050874623183754,0.348362758299361,0.3671127,-0.0187499378714458,Low,53.02971428571429,High,22.048571428571428,19.92857142857143,False,False,1. Already Critical
12086002402,87.33333333333333,9.166666666666666,0.8520927601809954,0.0,20.25247716398434,24.64494047619048,0.1308530385929684,17.388374573095586,7,-0.0342857142858609,-1.680000000000763,1.2942857142859947,-0.6657142857144177,0.1165593164451859,Moderate,0.2432868257756494,0.4791024588921756,0.3316165828233756,0.33019575,0.0014208280569113,Low,26.04914285714285,Low,13.86,7.062857142857141,False,False,3. Stable / Low-Moderate
12086002403,36.333333333333336,7.166666666666667,0.8034188034188035,0.0,19.893620293847565,23.82295454545454,0.1422954018820092,21.21078548835074,6,1.5228571428576785,-4.254285714287608,1.4314285714292208,-0.4542857142858832,0.1330131135730721,High,0.2621915803281121,0.5073126810808215,0.3748980500481157,0.3838764,-0.0089783630588025,Moderate,72.0582857142857,Critical,29.62,27.385714285714283,True,True,2. Fragile (Trending Critical)
12086002404,54.66666666666666,9.333333333333334,0.81053525913339,0.0,23.41907683982684,39.40311111111112,0.1372119865684357,17.858866472426413,8,-0.4742857142857903,-2.4800000000004,0.0,-1.3314285714289362,0.165111268777571,Critical,0.3419351339665429,0.4828730726270631,0.3480177189187303,0.35702774,-0.0090100203676923,Low,63.13257142857143,High,19.27714285714286,37.26285714285714,False,False,1. Already Critical
12086002501,74.33333333333333,10.166666666666666,0.6294298921417566,0.2372881355932203,17.177560772560774,30.059087301587308,0.1345630383517684,17.753154853633678,4,2.6000000000010197,-0.3514285714289624,0.5142857142859495,-0.6485714285715741,0.1353571111991016,High,0.3077258699024636,0.4398626324202259,0.2928967343256875,0.30001026,-0.0071135295941427,Low,68.10285714285715,Critical,28.82857142857143,25.13142857142857,False,True,2. Fragile (Trending Critical)
12086002502,92.66666666666669,14.833333333333334,0.7371910789632309,0.0,14.425500186930508,29.167367724867724,0.1334693411547403,18.02201996215664,8,0.4741499444117579,-1.0993550930976572,0.6171428571430333,-1.477210742080518,0.1341367423076625,High,0.3147641490527681,0.4261500005998949,0.3221794192123662,0.33356428,-0.0113848622512567,Low,83.65257142857143,Critical,36.37714285714286,34.677142857142854,True,True,2. Fragile (Trending Critical)
12086002600,128.0,12.5,0.7696293343961738,0.0,15.60851495089752,24.8734126984127,0.1111155975375541,15.2921231845257,8,-1.2738716537652577,-1.2988085096934534,3.926532996290912,-0.0429606579872911,0.0628346315266323,Low,0.1803756754537102,0.3483542410504103,0.2223046341690143,0.22599493,-0.0036902955022732,Low,22.706285714285716,Low,5.417142857142856,12.154285714285711,False,False,3. Stable / Low-Moderate
12086002702,220.66666666666663,27.0,0.7927115987460815,0.0,11.026627497393614,24.32487987987988,0.0841647498649685,14.325141928348282,9,-1.345714285714626,-1.571428571428802,2.920000000000332,-0.7171428571432661,0.0493671664238685,Low,0.1546309849285525,0.3192579187585124,0.2228005484160697,0.22309235,-0.0002917989674294,Low,19.685714285714287,Low,3.328571428571429,11.768571428571429,False,False,3. Stable / Low-Moderate
12086002710,0.0,0.0,0.0,0.0,120.0,120.0,0.1027239457436667,26.99051207024044,0,1.9228571428577477,-2.0800000000010037,1.8542857142865796,-0.4000000000001396,0.0284139523278088,Low,0.0997023990149083,0.2849876493298837,0.4734611346155796,0.54179704,-0.0683359072774257,High,61.70933333333333,High,25.58,23.26,True,False,3. Stable / Low-Moderate
12086002705,16.333333333333332,3.0,0.8364779874213837,0.0,13.770416666666666,25.483680555555555,0.0476773247813249,11.474202951134409,4,-1.0742857142857904,-3.480000000000888,5.634285714287466,-0.3114285714290327,0.0523997648941959,Low,0.151900997355124,0.3449599792402442,0.2970242550265561,0.3008107,-0.0037864396679629,Low,37.60495238095239,Moderate,2.4200000000000004,26.025714285714287,False,False,3. Stable / Low-Moderate
12086002707,0.0,0.0,0.0,0.0,120.0,120.0,0.1027239457436667,26.99051207024044,0,-0.2542857142857575,-4.274285714287265,3.002857142858285,3.171428571429762,0.0323124626362504,Low,0.1085413197378462,0.2976973443320285,0.4913017207778815,0.5204022,-0.0291004722915765,High,12.012,Low,10.01,0.0,False,False,3. Stable / Low-Moderate
12086002800,29.0,3.6666666666666665,0.7175572519083969,0.0,15.780395497359782,23.928571428571427,0.0955763734078398,13.464092009443878,5,0.1200000000001695,-2.9942857142868937,-0.2771428571439823,-1.517142857143454,0.1430650541883407,High,0.3331967209646652,0.4293711347883056,0.3801316917599145,0.38201243,-0.0018807350932654,Moderate,80.90285714285716,Critical,34.08571428571429,43.72285714285714,False,True,2. Fragile (Trending Critical)
12086002900,131.66666666666666,16.166666666666668,0.718021978021978,0.1353846153846153,12.915565223793022,26.0495202020202,0.1175917352562935,16.836513761490522,10,0.077142857142902,1.0057142857143553,0.5342857142859353,-1.2914285714287783,0.1224448258766545,Moderate,0.3070983394259375,0.3987153629861434,0.2335398973408048,0.23715872,-0.0036188183841402,Low,84.56380952380952,Critical,53.64571428571429,18.422857142857143,False,True,2. Fragile (Trending Critical)
12086003001,173.66666666666666,15.0,0.5668896321070234,0.1551839464882943,17.984796518200497,21.448464912280706,0.1046179632628897,15.569708641800622,7,-1.6542857142858542,-1.677142857144221,0.0314285714285743,-0.7571428571430858,0.0938241184193237,Moderate,0.2736361317355981,0.34287912865974,0.2062574063005645,0.2216945,-0.0154370929536621,Low,100.0,Critical,51.88285714285714,31.68,True,True,2. Fragile (Trending Critical)
12086003006,0.0,0.0,0.0,0.0,120.0,120.0,0.1027239457436667,26.99051207024044,0,-0.9971428571430848,2.0000000000007363,-0.5742857142858029,-1.4028571428576309,0.1199658710819174,Moderate,0.2631216171396345,0.4559331627178828,0.5695283523839798,0.62817013,-0.0586417802530441,Critical,22.266666666666666,Low,8.0,9.5,False,False,3. Stable / Low-Moderate
12086003004,108.66666666666669,6.5,0.5617569352708058,0.1003963011889035,13.536049735449737,35.28484848484849,0.110942753580388,17.05094630199262,4,-1.2576864089856763,3.7098173284679112,0.4191070219731516,0.4731403729033983,0.0983388735384432,Moderate,0.2492099132918785,0.394602575152246,0.3045621060087998,0.30574873,-0.0011866248891035,Low,74.94095238095238,Critical,31.65714285714286,27.71428571428571,False,True,2. Fragile (Trending Critical)
12086003100,145.0,11.333333333333334,0.8038162282326787,0.0,13.344252188204717,25.37013888888889,0.1016567484749722,15.600966083929942,6,-2.851428571429214,-0.1057142857146813,0.011428571428563,-0.0285714285713981,0.1090985009043813,Moderate,0.3141240396527897,0.3473102568812341,0.2639696335224997,0.26891035,-0.004940714892875,Low,75.82514285714285,Critical,29.85428571428572,38.151428571428575,False,True,2. Fragile (Trending Critical)
12086003400,113.0,8.666666666666666,0.5613832853025936,0.177521613832853,20.29744568290279,21.32951388888889,0.0724279160620836,12.431923865990996,5,-0.8971428571431684,-3.565714285715936,2.837142857143937,-1.8628571428575988,0.0995825774666738,Moderate,0.2819167722885725,0.3532339585838485,0.2451923009355718,0.2591257,-0.0139334085981196,Low,80.57371428571429,Critical,33.81142857142857,30.328571428571436,False,True,2. Fragile (Trending Critical)
12086003606,0.0,0.0,0.0,0.0,120.0,120.0,0.1027239457436667,26.99051207024044,0,1.0973024852576372,-4.776006747530474,1.34807383141428,1.7867219552401885,0.053887809333595,Low,0.247557493883065,0.2176779562934547,0.4615980853693015,0.5659451,-0.1043470034940712,High,81.376,Critical,34.480000000000004,57.17,False,False,3. Stable / Low-Moderate
12086003605,0.0,0.0,0.0,0.0,120.0,120.0,0.1027239457436667,26.99051207024044,0,-1.0057142857143897,-0.805714285714602,0.8428571428576738,-0.0599999999999918,0.1123613966526053,Moderate,0.2894503384919881,0.3881888590560948,0.581875446543249,0.57099193,0.0108835131974542,High,89.512,Critical,41.26,30.1,False,True,2. Fragile (Trending Critical)
12086003710,0.0,0.0,0.0,0.0,120.0,120.0,0.1027239457436667,26.99051207024044,0,-0.3764965207902878,0.9293135158742004,3.391695494585079,-0.1040680456380203,0.0336651502721435,Low,0.1404865440946868,0.2396325604639653,0.4929723596971858,0.53408587,-0.0411135100919377,High,29.898666666666664,Low,15.859999999999998,8.15,False,False,3. Stable / Low-Moderate
12086003703,89.33333333333333,6.833333333333333,0.7702523240371846,0.7908366533864541,5.686772486772486,5.7283333333333335,0.0188370878616141,8.557990860118927,4,-0.9685714285716523,-2.3628571428580183,4.3628571428580925,0.8000000000001907,0.0113437413024136,Low,0.0764417069457997,0.1483972788631838,0.168379409605229,0.23600873,-0.067629323905742,Low,40.54019047619047,Moderate,8.377142857142857,22.865714285714283,False,False,3. Stable / Low-Moderate
12086003704,227.66666666666663,16.666666666666668,0.8076711575474292,0.764366235908716,4.699315053571185,6.375854700854702,0.0144344861319191,7.414662170198532,7,-0.3542857142855222,-1.6085714285720425,2.737142857144045,-0.1742857142857949,0.0252354104004259,Low,0.114309886593951,0.2207631478987163,0.1598957194132008,0.15745103,0.0024446858209767,Low,63.72228571428572,High,19.76857142857143,52.35142857142857,True,False,3. Stable / Low-Moderate
12086003705,26.33333333333333,2.0,0.552924791086351,0.0,6.778601694915254,15.428571428571429,0.0197982696314858,5.333018972569483,5,-1.5085714285719685,-3.102857142858203,4.99428571428756,-1.0400000000001697,0.0155739243919666,Low,0.0888970036549979,0.1751906560586422,0.2441290726930604,0.2628991,-0.0187700280874266,Low,24.372952380952377,Low,2.4885714285714293,16.04,False,False,3. Stable / Low-Moderate
12086003706,144.66666666666666,10.0,0.7403712296983759,0.5522041763341067,5.96672289156778,11.57161172161172,0.0397116957597334,9.499977385614924,6,3.272040533291704,6.371255509136431,3.843290509247684,5.270259357685738,0.0143611288625458,Low,0.1091174366531187,0.1316116773178927,0.0864806988240851,0.100956105,-0.0144754058717118,Low,63.77199999999999,High,19.809999999999995,65.91999999999999,True,False,3. Stable / Low-Moderate
12086003707,180.0,14.5,0.7664198325820991,0.5112685125563425,6.224547111070472,11.167118055555555,0.0197982696314858,5.333018972569483,3,-2.462857142857946,0.9571428571431224,4.985714285715594,0.9228571428574924,0.0184548707798676,Low,0.1144722818450838,0.1612169381304267,0.1035228467094836,0.11791139,-0.0143885442507328,Low,39.41942857142857,Moderate,7.897142857142857,22.457142857142856,False,False,3. Stable / Low-Moderate
12086003801,25.666666666666668,4.166666666666667,0.5919243986254296,0.0,15.97809523809524,22.626984126984127,0.0977587599168646,18.424535768919576,1,-0.2485714285716782,-2.8714285714291274,3.9342857142869234,0.3485714285714558,0.0771308431460464,Low,0.1439010329772101,0.5359992319044842,0.3676854629861877,0.3758702,-0.0081847350252105,Moderate,7.101714285714286,Low,1.3371428571428572,4.122857142857143,False,False,3. Stable / Low-Moderate
12086003803,49.66666666666666,6.333333333333333,0.7282511210762331,0.0,11.350501543209878,15.563333333333336,0.0977587599168646,18.424535768919576,1,-0.0285714285712984,0.0571428571423943,0.1171428571431234,1.171428571428899,0.10997315220134,Moderate,0.201382127923747,0.5460919165725626,0.4322572401194826,0.3611387,0.0711185386805787,Low,39.21180952380953,Moderate,23.082857142857144,8.634285714285715,False,False,3. Stable / Low-Moderate
12086003804,107.66666666666669,12.833333333333334,0.6235592438911941,0.0,18.424535768919576,14.000178062678064,0.1177668365671504,12.58718643154955,4,-0.4583503196605433,-0.7577912850079657,1.0627322830629038,0.1409794977016961,0.0977587599168646,Moderate,0.1729792257351518,0.5651474013795326,0.3743606978743857,0.35005623,0.0243044668525045,Low,13.700571428571427,Low,11.417142857142858,0.0,False,False,3. Stable / Low-Moderate
12086003906,0.0,0.0,0.0,0.0,120.0,120.0,0.0414424502727764,9.160429555012769,1,-0.0571428571428498,-2.1914285714295736,1.3200000000008905,-1.0514285714287788,0.0718370407719043,Low,0.1156353286661122,0.621237831038022,0.594719762292369,0.5730566,0.0216631836561995,High,13.030857142857142,Low,5.154285714285714,5.1342857142857135,True,False,3. Stable / Low-Moderate
12086003909,61.0,5.5,0.6548463356973995,0.0,8.605565611559763,9.192361111111111,0.1203106050255693,13.875230179064886,3,-3.000000000000627,-0.7371428571437428,4.611428571430201,-1.7200000000004054,0.1461641665518521,High,0.2776253360655848,0.5264799265918694,0.3664870469890872,0.3496168,0.0168702512108126,Low,57.968,High,18.468571428571423,26.854285714285712,False,False,3. Stable / Low-Moderate
12086003911,22.33333333333333,4.5,0.6375838926174496,0.0,14.41458333333333,9.2125,0.1312244856689143,38.95416820385527,4,-3.0542857142867077,1.5828571428571931,1.391428571428944,1.2257142857142012,0.1377991843693631,High,0.2490732343103925,0.5532476612787673,0.471576843104765,0.4520407,0.0195361410001965,High,28.13561904761904,Low,23.325714285714284,0.1085714285714267,False,False,3. Stable / Low-Moderate
12086003912,0.0,0.0,0.0,0.0,120.0,120.0,0.1315865275799217,11.600577384137535,2,1.705714285715252,-1.6200000000003756,1.0057142857145225,0.0914285714287073,0.1556011454164604,High,0.2169210472977775,0.7173169563526013,0.7018944933474123,0.6765108,0.0253836824953614,Critical,41.29828571428572,Moderate,14.377142857142855,18.03428571428572,True,False,3. Stable / Low-Moderate
12086003913,46.333333333333336,4.0,0.7072330654420207,0.0,8.786571434941747,14.912731481481485,0.127059387367985,32.79334488767803,5,-2.277142857143175,2.0257142857146206,0.6285714285715173,-0.10857142857132,0.1253738707904804,High,0.2261959000308053,0.554271190474301,0.3944405185675119,0.39138067,0.0030598508810494,Moderate,44.41028571428571,Moderate,17.52285714285714,17.537142857142857,False,False,3. Stable / Low-Moderate
12086003914,46.333333333333336,6.333333333333333,0.75,0.0,7.080137981118372,12.498148148148143,0.0704226151406138,7.100790770867199,3,0.2600000000002375,-2.8314285714292424,4.245714285715525,-1.4228571428575645,0.1079992104431504,Moderate,0.2007931682552305,0.5378629730363703,0.3816839514897687,0.3654704,0.0162135420964582,Low,27.62780952380952,Low,5.877142857142856,15.431428571428569,False,False,3. Stable / Low-Moderate
12086003915,42.66666666666666,3.6666666666666665,0.7796717171717171,0.0,13.86643751237869,13.166666666666666,0.1327230056976688,10.146571846737396,2,-1.6114285714291858,-2.891428571429553,2.560000000000975,0.2400000000000407,0.0877332300590991,Moderate,0.1718095180395409,0.5106424315730159,0.3296596015880201,0.35212362,-0.0224640165378953,Low,36.28838095238096,Moderate,5.037142857142857,22.682857142857145,False,False,3. Stable / Low-Moderate
12086003916,15.333333333333334,1.0,0.7151162790697675,0.0,11.50657225853304,12.666666666666666,0.0877332300590991,13.86643751237869,1,0.1685714285718467,-0.908571428571788,1.900000000000371,1.425714285714801,0.1400721406048572,High,0.2198018435566664,0.6372655403536035,0.4458889456366554,0.4313283,0.0145606489752784,Moderate,60.71238095238095,High,20.65714285714286,26.94285714285714,True,False,3. Stable / Low-Moderate
12086003917,38.66666666666666,2.5,0.5262784090909091,0.0,42.57089916256584,12.666666666666666,0.1027239457436667,26.99051207024044,0,-2.4285714285718423,-0.90571428571383,3.362857142857639,0.1228571428571826,0.0726073479269668,Low,0.1331990991326525,0.5451038963458563,0.3627489721597361,0.36021984,0.0025291359246897,Low,11.585142857142856,Low,9.654285714285711,0.0,False,False,3. Stable / Low-Moderate
12086003918,19.33333333333333,0.8333333333333334,0.3908227848101265,0.0,51.490432098765446,12.666666666666666,0.1027239457436667,26.99051207024044,0,0.4942857142859077,-4.328571428572688,3.6628571428582486,0.7514285714289443,0.065645805001327,Low,0.1207140758003566,0.5438123480305277,0.3803854454092884,0.41524738,-0.0348619353242015,Moderate,20.34857142857143,Low,9.528571428571428,6.685714285714286,True,False,3. Stable / Low-Moderate
12086003919,130.66666666666666,18.666666666666668,0.7598204264870931,0.0,6.352705639564613,11.638240740740745,0.0570638151598294,7.134515857760206,4,0.57142857142881,-8.591428571430447,6.528571428572405,-0.2914285714281098,0.0437736596542704,Low,0.1077580736938888,0.406221623621627,0.2355997959588065,0.23523624,0.0003635535452857,Low,20.55161904761905,Low,12.291428571428572,4.351428571428571,True,False,3. Stable / Low-Moderate
12086003921,38.66666666666666,1.3333333333333333,0.7562189054726368,0.0,6.163095238095238,27.129166666666663,0.0758864350487104,6.716421810341492,2,-0.2871656040768494,-3.81173142056816,4.80210002001346,-0.0233569104321294,0.0421203149770907,Low,0.0942800194005125,0.4467575976852392,0.309394964744597,0.3368834,-0.027488431165666,Low,10.10704761904762,Low,4.225714285714286,3.7771428571428576,False,False,3. Stable / Low-Moderate
12086003922,49.66666666666666,1.6666666666666667,0.7562189054726368,0.0,6.134400656814449,27.730000000000008,0.0437736596542704,6.352705639564613,1,2.3085714285720327,-4.388571428572799,5.168571428572987,0.0742857142860282,0.0366932849463003,Low,0.0850286209779389,0.431540398095137,0.2929070989543596,0.2883185,0.004588584130446,Low,10.103238095238094,Low,5.825714285714285,2.334285714285714,False,False,3. Stable / Low-Moderate
12086004000,125.0,12.666666666666666,0.7469162995594714,0.0,9.160429555012769,21.28878703703704,0.0628230273300722,27.569263495691,7,0.1857142857142058,-0.2485714285715579,3.2828571428580364,0.202857142857304,0.0414424502727764,Low,0.0999918061216679,0.4144584629499552,0.2230487530718471,0.22228457,0.0007641827355052,Low,13.198857142857143,Low,3.8942857142857146,6.394285714285714,False,False,3. Stable / Low-Moderate
12086004102,49.0,5.333333333333333,0.7370967741935484,0.0,26.645269926152277,10.889012345679014,0.1027239457436667,26.99051207024044,1,-0.1666889544045738,-4.648978160787423,6.584389443837399,-1.1616750150681008,0.0354766699092166,Low,0.0857793211842328,0.4135806791128768,0.2857358630235275,0.31582078,-0.0300849203531662,Low,1.737142857142858,Low,0.0,1.3028571428571434,False,False,3. Stable / Low-Moderate
12086004103,171.66666666666666,19.0,0.7959866220735786,0.0,3.525562508757678,9.162230963480962,0.0667547052942771,6.920171482209765,2,-0.4628571428572632,0.1914285714276364,0.5028571428573992,-1.2885714285717982,0.0985003198504877,Moderate,0.2276552385485454,0.4326731968853131,0.2566453754949722,0.24567723,0.0109681427526626,Low,77.66628571428572,Critical,31.388571428571428,32.93714285714286,False,True,2. Fragile (Trending Critical)
12086004105,76.33333333333333,8.5,0.8035714285714286,0.0,4.679913409406763,11.08082264957265,0.0682835240894513,15.018116927697667,4,0.3228571428575454,-3.745714285715336,1.968571428572477,-1.108571428571646,0.0920669603157779,Moderate,0.2121821231440894,0.4339053589979244,0.3036285200122973,0.32136065,-0.0177321276660779,Low,63.91771428571428,High,19.93142857142857,42.42857142857143,True,False,3. Stable / Low-Moderate
12086004106,36.66666666666666,2.333333333333333,0.2180936995153473,0.0,30.420694444444443,35.0,0.0852434358404477,12.800614848567008,5,0.1285714285714721,0.5885714285715973,-0.2171428571428215,0.0285714285716865,0.0289610881765394,Low,0.0668578301369218,0.4331742163517489,0.3196335442369306,0.36307424,-0.0434406988317644,Low,36.13409523809524,Moderate,14.937142857142858,13.657142857142858,True,False,3. Stable / Low-Moderate
12086004208,0.0,0.0,0.0,0.0,120.0,120.0,0.1027239457436667,26.99051207024044,0,-0.3685714285719516,-0.1685714285711689,4.728571428573384,0.354285714285741,0.0737095071694384,Low,0.1700296297539961,0.4335097787137661,0.5967988639437987,0.57200974,0.0247891216838194,High,27.410666666666668,Low,8.52,12.89,False,False,3. Stable / Low-Moderate
12086004204,26.0,3.0,0.6860706860706861,0.0,20.39633522727273,29.38166666666666,0.0717955520983268,19.99414744939389,5,-0.6514285714287095,1.3971428571430613,2.388571428572202,0.9342857142857228,0.1032340947152348,Moderate,0.2485522503154269,0.415341621667979,0.3629341749739586,0.3661737,-0.0032395394253791,Low,67.384,Critical,22.82,44.29142857142857,False,True,2. Fragile (Trending Critical)
12086004205,32.0,3.5,0.8302364864864865,0.0,16.870720211161384,9.768928571428573,0.0928335188676692,18.364572036755053,4,-1.217142857142833,-2.945714285715417,4.445714285715893,-1.400000000000297,0.0861755977601903,Low,0.2140883055988187,0.4025236106154965,0.3317172221957875,0.33818778,-0.0064705617607402,Low,54.90057142857143,High,12.417142857142856,54.34285714285715,False,False,3. Stable / Low-Moderate
12086004206,176.66666666666666,17.5,0.8218740492850624,0.0,16.965781202575776,15.494839065255732,0.0776094352419356,18.09191582307133,4,-0.2999999999999123,4.477142857142481,-0.4057142857138909,-0.9142857142859248,0.1042302380580018,Moderate,0.2654882183488891,0.3925983559881688,0.2316022673098157,0.2522515,-0.0206492385419299,Low,79.36,Critical,50.245714285714286,14.52,False,True,2. Fragile (Trending Critical)
12086004301,8.0,2.0,0.4391891891891892,0.0,15.545454545454543,20.0,0.0662046898518834,19.14753787878788,3,-0.7714285714287085,-1.3857142857148228,3.90285714285804,-0.6171428571431805,0.047788002405345,Low,0.1410325190805004,0.338843854714585,0.3641108424692716,0.38680157,-0.0226907281846437,Moderate,28.77828571428571,Low,12.248571428571427,10.56,False,False,3. Stable / Low-Moderate
12086004303,25.33333333333333,2.6666666666666665,0.8350515463917526,0.0,20.37677777777777,9.523511904761904,0.096961612569797,50.86337138351845,3,-0.7685714285718307,1.0857142857145703,1.4971428571434278,0.0314285714282897,0.0960544582988643,Moderate,0.2449890036599966,0.3920766110472931,0.3460254988241034,0.3532139,-0.0071884074640435,Low,69.37599999999999,Critical,24.48,36.78857142857143,False,True,2. Fragile (Trending Critical)
12086004304,20.0,2.333333333333333,0.4439890710382513,0.0,15.71939393939394,25.03333333333334,0.0871740271916527,33.36705448001903,8,0.1142857142857255,-1.1771428571433344,2.5200000000008616,1.0857142857148196,0.067815284398576,Low,0.1660677135057901,0.4083592347179007,0.3688824165305665,0.39908367,-0.0302012574234434,Moderate,57.28,High,14.4,36.08571428571428,True,False,3. Stable / Low-Moderate
12086004403,48.0,4.833333333333333,0.8281938325991189,0.0,17.804411780284973,9.47251984126984,0.0930802890434024,39.32414037302853,5,-2.080000000000642,2.1314285714292613,1.9685714285721876,-1.0514285714288552,0.0754779863061192,Low,0.1964905656749896,0.3841303323996003,0.3355330728701575,0.33113596,0.0043971144370062,Low,48.82857142857143,Moderate,19.814285714285717,18.78857142857143,False,False,3. Stable / Low-Moderate
12086004404,0.0,0.0,0.0,0.0,120.0,120.0,0.0802742766912956,20.159818719693355,5,-0.7685714285714136,-2.3000000000007472,6.191428571430417,0.0800000000001571,0.1368939555506248,High,0.2879337841098788,0.4754355449250947,0.6441703630889692,0.6199492,0.0242211414779462,Critical,81.73599999999999,Critical,34.779999999999994,42.49714285714286,True,True,2. Fragile (Trending Critical)
12086004405,42.333333333333336,3.8333333333333335,0.6858190709046454,0.0,14.002797824738613,17.549999999999994,0.0791672135863458,21.56764062709836,3,-3.114285714286675,-1.6257142857148383,4.157142857144792,-1.051428571428913,0.098668550814893,Moderate,0.2663715944793713,0.3704169395679845,0.3313951672638361,0.34336087,-0.0119657038127477,Low,56.79657142857143,High,13.997142857142858,40.271428571428565,False,False,3. Stable / Low-Moderate
12086004406,12.0,2.5,0.3009259259259259,0.0,22.57568181818182,24.99888888888889,0.0873455564372142,34.56581439545006,6,-0.1114285714285869,-0.2857142857143842,3.785714285715478,0.2257142857143047,0.064594095305191,Low,0.1629840975070081,0.3963214589227857,0.3820626030815702,0.40844673,-0.0263841261016268,Moderate,30.052190476190475,Low,5.808571428571429,17.31142857142857,False,False,3. Stable / Low-Moderate
12086004500,25.0,2.333333333333333,0.9578454332552692,0.0,24.32282828282828,16.86666666666667,0.093908646994207,43.59572285580136,4,-2.257142857143343,0.7028571428567509,2.9142857142871,-0.3371428571431908,0.0974295591477275,Moderate,0.179945317493242,0.5414398135221642,0.46351366182934,0.38065714,0.0828565253890629,Moderate,32.80609523809524,Low,16.754285714285714,9.525714285714288,False,False,3. Stable / Low-Moderate
12086004602,36.66666666666666,1.1666666666666667,0.5,0.0,10.31562358276644,120.0,0.0677022896926304,10.380039682539683,4,-0.1397259970020684,-4.847299155131573,4.281305543699835,-0.0074797046862938,0.0620213913747907,Low,0.106070665556221,0.5847176601519232,0.4561083825407491,0.42511603,0.0309923501787648,Moderate,5.677714285714285,Low,4.731428571428571,0.0,False,False,3. Stable / Low-Moderate
12086004605,10.0,0.3333333333333333,0.5,0.0,10.395833333333336,120.0,0.0578097759085617,10.344835600907029,3,0.1314285714286167,-6.2457142857165575,5.620000000002043,-2.1428571428578462,0.0797599103420708,Low,0.1446500187349087,0.5513992396243099,0.4459175345870251,0.44528767,0.0006298599215741,High,17.978666666666665,Low,6.502857142857143,7.631428571428571,True,False,3. Stable / Low-Moderate
12086004607,30.0,1.0,0.5,0.0,10.37404761904762,120.0,0.070510033336783,10.360565003779293,3,-0.3170974179139989,-5.405067199815313,5.292980856202616,0.1231406886501887,0.0535981604423328,Low,0.0961972004291203,0.5571696494621468,0.4395680954624295,0.41727686,0.0222912361789822,Moderate,10.289142857142856,Low,8.574285714285713,0.0,False,False,3. Stable / Low-Moderate
12086004608,15.0,0.5,0.5,0.0,10.370238095238092,120.0,0.0578097759085617,10.344835600907029,2,-0.4714285714286499,-3.122857142858012,3.0942857142863587,-0.600000000000221,0.0697487982934877,Low,0.1236633336856616,0.5640216563365616,0.4496854338355899,0.44120458,0.0084808561511874,Moderate,16.910476190476192,Low,3.971428571428572,9.108571428571429,False,False,3. Stable / Low-Moderate
12086004701,2.6666666666666665,0.0,0.0,0.0,51.77777777777778,120.0,0.1330198564645464,28.35582003533704,9,-0.4599578709442588,-3.8239216943864394,3.385813288997004,-0.2707966355897342,0.1305563249266512,High,0.1744119335048982,0.7485515601086129,0.6986947917220219,0.6769685,0.0217262768027408,Critical,35.08952380952381,Moderate,14.628571428571428,13.151428571428571,True,False,3. Stable / Low-Moderate
12086004705,0.0,0.0,0.0,0.0,120.0,120.0,0.1027239457436667,26.99051207024044,0,-0.0403251325169041,-4.05150985455845,3.106201984489587,0.9652794618386172,0.0683036302055872,Low,0.1345761542282065,0.5075463078678993,0.5426618900629373,0.5721562,-0.029494300809255,High,11.254666666666669,Low,5.59,3.41,False,False,3. Stable / Low-Moderate
12086004703,35.666666666666664,5.666666666666667,0.6016597510373444,0.0,33.61866883116883,36.55335097001764,0.1291173484739016,40.23805965819872,5,-0.411428571428667,-3.460000000000876,2.008571428572272,0.3342857142858786,0.0820495646568658,Low,0.1486536039383313,0.5519513989778809,0.3762468400023296,0.3747138,0.0015330317042187,Moderate,17.097142857142856,Low,9.885714285714286,3.925714285714285,False,False,3. Stable / Low-Moderate
12086004901,41.0,4.0,0.6113387978142076,0.0,24.99832664884136,13.5,0.0743131335814565,19.77398170864284,6,-0.0257142857142273,-4.751428571430095,1.9142857142863805,-0.7657142857146305,0.1250416296023833,High,0.2164251875418344,0.5777591371069654,0.4166715709336985,0.40066004,0.0160115329393137,Moderate,32.80228571428572,Low,15.525714285714288,10.628571428571428,False,False,3. Stable / Low-Moderate
12086004904,0.0,0.0,0.0,0.0,120.0,120.0,0.1027239457436667,26.99051207024044,0,0.3028571428574133,-1.9114285714294523,0.477142857143209,0.1885714285716852,0.0717973726235871,Low,0.1796479052085772,0.3996560524333861,0.4892896223238044,0.55328447,-0.0639948439428276,High,27.25333333333333,Low,18.4,3.88,False,False,3. Stable / Low-Moderate
12086005004,0.0,0.0,0.0,0.0,120.0,120.0,0.1027239457436667,26.99051207024044,0,-0.3942857142858469,-3.1885714285719184,2.7228571428579333,0.0514285714284081,0.0953767499820552,Moderate,0.1713661787347803,0.5565669415414094,0.6008930688950164,0.5788414,0.0220516806694609,High,11.28,Low,9.4,0.0,False,False,3. Stable / Low-Moderate
12086005002,45.66666666666666,3.333333333333333,0.6772616136919315,0.0,15.415986467236468,51.87166666666667,0.1125662409922589,17.279100727866904,8,-0.0171428571429278,-0.625714285714471,1.474285714286062,-0.4542857142858213,0.094760197944932,Moderate,0.1801426517166709,0.5260286614075784,0.3724782086041484,0.36578256,0.0066956496861491,Low,19.43428571428572,Low,2.1000000000000014,12.685714285714289,False,False,3. Stable / Low-Moderate
12086005102,48.66666666666666,3.5,0.7359154929577465,0.0,21.653513257575757,35.329166666666666,0.1183190519324192,20.110364903882807,6,-0.6285714285716155,-3.805714285715407,4.091428571430055,-0.6457142857145114,0.1372758397315484,High,0.2999549698511414,0.4576548266550616,0.3597322086222419,0.35186473,0.0078674832709083,Low,71.68190476190475,Critical,32.47142857142857,24.53714285714285,False,True,2. Fragile (Trending Critical)
12086005103,22.666666666666668,2.6666666666666665,0.7053571428571429,0.0,15.516388888888889,20.885,0.1197862091782616,18.860577045639545,6,0.0228571428572448,-1.7828571428582454,0.8628571428572608,-0.3142857142857393,0.1182680443708317,Moderate,0.2274010599314014,0.5200857217046784,0.4086355354724671,0.39860123,0.0100343015132691,Moderate,39.772952380952376,Moderate,14.417142857142856,16.854285714285716,False,False,3. Stable / Low-Moderate
12086005104,12.0,2.6666666666666665,0.8108108108108109,0.0,22.1764393939394,23.000833333333336,0.116768027349104,17.52862953790037,5,0.3571428571431521,-1.145714285714829,-0.0257142857144017,0.06000000000009,0.1568474002838127,High,0.28211454747183,0.5559706214706082,0.4091138522936886,0.41190174,-0.0027878899262363,Moderate,42.63733333333333,Moderate,22.277142857142856,11.928571428571429,False,False,3. Stable / Low-Moderate
12086005201,74.33333333333333,6.833333333333333,0.7053858520900321,0.0,21.73892707661204,33.34,0.123034712389698,19.81871957314996,6,-2.808571428572244,-1.5485714285715575,0.3885714285713844,-0.5028571428572248,0.103388165047188,Moderate,0.2433588642203472,0.4248382954054885,0.3540921019615611,0.35701984,-0.0029277397094288,Low,57.01257142857144,High,14.177142857142858,38.862857142857145,False,False,3. Stable / Low-Moderate
12086005202,51.66666666666666,3.5,0.7332912988650694,0.0,17.75523037865284,26.891666666666666,0.1086385562855524,19.266633250275348,7,-2.725714285714671,0.5371428571432774,0.3514285714284126,-0.6542857142855635,0.0936250385282957,Moderate,0.2400373555724544,0.3900436176069911,0.3556301818543906,0.35933575,-0.0037055684870247,Low,48.373714285714286,Moderate,14.682857142857143,23.06571428571429,False,False,3. Stable / Low-Moderate
12086005305,0.0,0.0,0.0,0.0,120.0,120.0,0.1027239457436667,26.99051207024044,0,-0.4142857142863102,0.8914285714286216,0.1228571428571759,-0.5114285714287043,0.1352345577869119,High,0.3312885000620567,0.4082078241821854,0.5941527058550756,0.5886506,0.0055021216341893,Critical,97.98399999999998,Critical,48.31999999999999,41.86,True,True,2. Fragile (Trending Critical)
12086005303,49.66666666666666,5.0,0.6921182266009852,0.0,15.689296148713112,27.021875,0.1292253869602026,21.40558710914668,7,-1.477142857143288,-1.5685714285717132,-0.5228571428573922,-0.242857142857277,0.1000661019441495,Moderate,0.2427743891764884,0.4121773399722365,0.3771757351308417,0.38013032,-0.0029545856565881,Moderate,54.380952380952365,High,12.685714285714283,29.368571428571425,False,False,3. Stable / Low-Moderate
12086005304,24.33333333333333,2.333333333333333,0.7247191011235955,0.0,19.43084415584416,40.15833333333333,0.1227030838339919,22.066111638062274,7,-2.245714285714681,4.171428571429975,-1.1828571428579255,0.751428571428899,0.1230920639752199,Moderate,0.2715760164936312,0.4532508634764021,0.4058273083443833,0.42629048,-0.0204631739382552,Moderate,60.82628571428571,High,22.43142857142857,25.43142857142857,False,False,3. Stable / Low-Moderate
12086005403,33.0,4.666666666666667,0.7440381558028617,0.0,11.947550505050506,18.793333333333333,0.1058770399158858,17.68758262108262,6,0.0771428571429403,-2.485714285715296,0.3771428571429947,-0.4142857142858188,0.1027126270928268,Moderate,0.2160774468104799,0.4753509846074559,0.3734879120278964,0.37729803,-0.0038101152490964,Moderate,55.79009523809524,High,25.83142857142857,18.594285714285714,False,False,3. Stable / Low-Moderate
12086005405,42.0,4.0,0.8301237964236589,0.0,23.1093956043956,26.86666666666666,0.1242680049082157,18.303595042688794,6,-0.8799999999998981,-0.83714285714406,0.8685714285717598,0.9657142857147656,0.1073349808381885,Moderate,0.2333493772781,0.4599754329332081,0.3695023237375664,0.36956847,-6.614340263133567e-05,Low,43.92495238095238,Moderate,9.334285714285713,24.542857142857144,False,False,3. Stable / Low-Moderate
12086005406,29.666666666666668,1.5,0.7743362831858407,0.0,20.365808080808083,22.5,0.1203641973558744,21.1641764174593,5,-0.0257142857145388,-2.2971428571429606,1.2542857142859845,-2.0714285714292,0.1304506825261988,High,0.2969378362459283,0.4393198393826703,0.373901110554054,0.3848426,-0.0109414938446733,Moderate,67.37028571428571,Critical,22.808571428571423,46.84,True,True,2. Fragile (Trending Critical)
12086005407,82.0,5.833333333333333,0.7324120603015075,0.0,16.708559523809523,18.60238888888889,0.1317810938649033,21.604972499722496,9,-0.951428571428576,-2.6600000000002786,0.5457142857145558,2.8657142857154865,0.103144936509591,Moderate,0.2235607089208414,0.4613732753285942,0.3663003656731595,0.36836654,-0.0020661738051425,Low,49.88914285714286,Moderate,30.86,9.642857142857146,False,False,3. Stable / Low-Moderate
12086005409,35.333333333333336,3.333333333333333,0.7744186046511627,0.0,23.62975,22.77314814814815,0.1197882004723644,20.36511336473507,7,-0.8057142857139405,1.4942857142855752,0.1542857142856482,-0.6228571428571577,0.153755899218298,High,0.371583797376436,0.4137852627156785,0.3662142832741709,0.3799833,-0.0137690226569203,Moderate,95.61828571428572,Critical,46.34857142857143,40.068571428571424,True,True,2. Fragile (Trending Critical)
12086005410,22.0,1.3333333333333333,0.7655367231638418,0.0,25.512962962962963,30.0,0.1150308994975526,19.627083177190773,7,2.7571428571439465,1.7285714285717897,0.5342857142856781,2.5600000000008234,0.1710404724660156,Critical,0.3680235549802819,0.4647541445415896,0.3871029230418552,0.40479985,-0.0176969257530819,Moderate,84.58666666666667,Critical,66.50285714285714,18.44,False,False,1. Already Critical
12086005506,0.0,0.0,0.0,0.0,120.0,120.0,0.1027239457436667,26.99051207024044,0,-1.1485714285717494,0.9657142857143938,-0.3514285714286924,-0.5428571428570361,0.1009859537775261,Moderate,0.2102182350557243,0.4803862697770102,0.5743425348738732,0.5743814,-3.887620171882933e-05,High,27.132,Low,22.610000000000003,0.0,False,False,3. Stable / Low-Moderate
12086005504,0.0,0.0,0.0,0.0,120.0,120.0,0.1027239457436667,26.99051207024044,0,-1.8800000000007144,0.6799999999995138,1.562857142857496,-1.3571428571433737,0.0956656720588007,Moderate,0.2002544451953042,0.4777205917476636,0.5809349043855312,0.63618666,-0.0552517549505588,Critical,38.16266666666667,Moderate,16.08,14.150000000000002,False,False,3. Stable / Low-Moderate
12086005600,118.33333333333331,9.166666666666666,0.5491433724075744,0.0,21.23003999976059,13.673302469135804,0.0727701805119586,24.98477443116284,9,-0.5285714285714375,-0.528571428572108,0.9971428571432552,-0.0771428571429068,0.0894018855201741,Moderate,0.1960010202129017,0.4561296947488505,0.3227077113212962,0.31928882,0.0034188912929911,Low,28.06819047619048,Low,7.945714285714287,13.9,False,False,3. Stable / Low-Moderate
12086005701,93.66666666666669,4.666666666666667,0.6578666666666667,0.0,14.388926741816528,24.28,0.0682176991879976,32.14916045607766,6,1.165714285714759,0.0799999999997134,1.1628571428575625,-0.0371428571428578,0.1031279110290732,Moderate,0.2113284591119153,0.4879982159641772,0.3323650590635781,0.33645388,-0.0040888257764334,Low,52.34057142857142,High,18.78857142857143,22.345714285714283,False,False,3. Stable / Low-Moderate
12086005706,0.0,0.0,0.0,0.0,120.0,120.0,0.1027239457436667,26.99051207024044,0,-0.2314285714288797,-0.8542857142863933,1.525714285714871,-1.5857142857149231,0.1473516955108604,High,0.2684615743577762,0.548874437108404,0.6031280325099635,0.6140872,-0.0109591914966893,Critical,64.488,High,28.040000000000003,23.13,False,False,3. Stable / Low-Moderate
12086005708,0.0,0.0,0.0,0.0,120.0,120.0,0.1027239457436667,26.99051207024044,0,-0.1685714285712033,-3.271428571429837,1.1714285714286772,-0.9685714285716164,0.0848282797071035,Low,0.1914076336511486,0.4431812780346472,0.5192287087526172,0.598555,-0.0793263196859509,Critical,40.86266666666667,Moderate,10.630000000000004,21.08,False,False,3. Stable / Low-Moderate
12086005806,0.0,0.0,0.0,0.0,120.0,120.0,0.1027239457436667,26.99051207024044,0,-0.0714285714285537,-3.96285714285823,0.9428571428574466,-0.522857142857404,0.058809885954846,Low,0.1330293167530497,0.4420821469302012,0.5161410951471911,0.5649151,-0.0487740254544629,High,20.173333333333336,Low,1.3999999999999997,13.87,False,False,3. Stable / Low-Moderate
12086005803,0.0,0.0,0.0,0.0,120.0,120.0,0.1027239457436667,26.99051207024044,0,-0.2571428571427344,-0.6971428571433039,0.8371428571429209,-0.6657142857144753,0.0709571625791422,Low,0.1619233963974291,0.4382143912358598,0.5049228211364319,0.5893235,-0.0844006995239684,Critical,37.91066666666667,Moderate,20.67,9.83,True,False,3. Stable / Low-Moderate
12086005901,26.666666666666668,5.666666666666667,0.5823529411764706,0.0,30.72035353535354,19.304761904761907,0.1128742308509215,30.970985264735265,6,0.3285714285715548,-3.6085714285729376,3.977142857144052,-0.3685714285713956,0.1103000841477792,Moderate,0.1901941012520201,0.579934306172956,0.4273389212123591,0.41982782,0.0075111023418147,Moderate,25.927999999999997,Low,17.05428571428571,4.097142857142857,False,False,3. Stable / Low-Moderate
12086005902,34.0,6.5,0.5911764705882353,0.0,22.86875,14.27777777777778,0.1117288951130547,33.58818644318645,7,-0.2571428571427839,-0.0971428571429773,1.5571428571428718,0.1257142857142981,0.1137360913613797,Moderate,0.1946528266972971,0.5843022846940196,0.4241284654733185,0.40421242,0.0199160502549652,Moderate,36.32076190476191,Moderate,16.68,12.228571428571428,True,False,3. Stable / Low-Moderate
12086005903,20.0,0.8333333333333334,0.7567567567567568,0.0,32.48214285714286,120.0,0.0931398439214252,30.446626652117725,7,-0.3314285714286411,-2.540000000001013,1.49714285714335,-1.1742857142860774,0.1262727747033952,High,0.2193584545798197,0.5756458074309024,0.4091751304498697,0.41358745,-0.0044123205312703,Moderate,40.32342857142858,Moderate,17.060000000000002,14.888571428571428,True,False,3. Stable / Low-Moderate
12086005904,25.0,1.3333333333333333,0.6540229885057471,0.0,37.56206293706294,32.0,0.1167696500708513,28.690415464165465,6,0.2514285714286786,-3.468571428572638,3.7142857142868553,-0.0800000000000622,0.0986138264879899,Moderate,0.1818021718777242,0.5424238086347793,0.4010864492798632,0.42030472,-0.0192182663535291,Moderate,22.987809523809524,Low,6.934285714285713,11.0,False,False,3. Stable / Low-Moderate
12086006004,0.0,0.0,0.0,0.0,120.0,120.0,0.1027239457436667,26.99051207024044,0,0.0828571428572839,-1.277142857143209,1.062857142857124,-1.168571428571878,0.0657805568720596,Low,0.1391961737963238,0.472574461481332,0.5293143820960291,0.5555069,-0.0261925029556981,High,13.042666666666667,Low,2.98,7.1000000000000005,False,False,3. Stable / Low-Moderate
12086006002,29.33333333333333,2.5,0.8777777777777778,0.0,30.635340136054424,32.0,0.0799591318698729,42.6391872665733,10,-0.1599981445617562,-0.6257062454823493,0.7828494118649029,-0.7143042686675173,0.0499093736885523,Low,0.0996139051003254,0.5010281811388329,0.3363986187343314,0.35266048,-0.016261858427076,Low,3.769142857142856,Low,2.4742857142857133,0.6000000000000001,False,False,3. Stable / Low-Moderate
12086006106,0.0,0.0,0.0,0.0,120.0,120.0,0.1027239457436667,26.99051207024044,0,-0.1142857142856997,-5.817142857144126,5.480000000001558,-0.2800000000000885,0.0515379832431995,Low,0.1121263863515573,0.4596418819885002,0.5287773024711786,0.5706963,-0.0419189918365301,High,21.134666666666668,Low,6.390000000000001,10.1,True,False,3. Stable / Low-Moderate
12086006104,0.0,0.0,0.0,0.0,120.0,120.0,0.1027239457436667,26.99051207024044,0,-0.3657142857144634,-3.4485714285719635,4.468571428572699,-0.82285714285762,0.0472162299973866,Low,0.1115741950270729,0.4231823495202441,0.5076730656969791,0.5468825,-0.0392094444882625,High,12.809333333333331,Low,3.9299999999999993,6.07,False,False,3. Stable / Low-Moderate
12086006201,17.666666666666668,2.0,0.2272727272727272,0.0,39.66848484848485,14.390000000000004,0.0582062462174368,16.469834021849824,5,0.8914285714286371,-2.6742857142865293,2.7371428571435183,2.385714285714537,0.0894394826825683,Moderate,0.1888861663135498,0.4735099686130501,0.4339535634073017,0.42158633,0.0123672287019488,Moderate,39.93904761904762,Moderate,7.657142857142857,23.062857142857144,False,False,3. Stable / Low-Moderate
12086006203,95.0,2.5,0.4456582633053221,0.0,20.07023208273208,13.705555555555556,0.0623168851193881,16.73794851722352,6,-0.1371428571426706,-2.2685714285717324,1.8571428571432569,1.5523618534783286e-13,0.0420518815191716,Low,0.1272468966269064,0.3304747120275135,0.2443495362509286,0.32618344,-0.0818339020501578,Low,25.912000000000003,Low,17.402857142857144,3.7714285714285705,False,False,3. Stable / Low-Moderate
12086006205,88.0,4.5,0.3981098641464855,0.0,10.301064013840833,14.0105,0.0758687846103796,23.59360547067312,6,-0.9742857142858682,2.542857142858276,1.185714285714456,0.0428571428571548,0.0561008783413489,Low,0.1258548435702354,0.4457585957749878,0.3783949008619808,0.35434824,0.0240466585791134,Low,24.640761904761906,Low,14.68,5.268571428571428,False,False,3. Stable / Low-Moderate
12086006206,107.33333333333331,1.3333333333333333,0.4350775193798449,0.0,17.878398051948054,13.666666666666666,0.0707775094977693,21.409319981889183,6,-1.0057142857144854,-3.840000000000749,4.571428571429615,0.1285714285714014,0.0291159747907875,Low,0.0899036163608269,0.3238576596733437,0.2358860623797025,0.3583447,-0.1224586415330324,Low,15.70590476190476,Low,9.348571428571429,3.365714285714285,False,False,3. Stable / Low-Moderate
12086006304,0.0,0.0,0.0,0.0,120.0,120.0,0.1027239457436667,26.99051207024044,0,0.8542857142859498,1.142857142857197,-0.8257142857140939,0.5828571428573959,0.1079188793108872,Moderate,0.2186152777920697,0.4936474724036968,0.5891232567472431,0.5963343,-0.0072110218362835,Critical,57.67066666666666,High,29.37,16.82,True,False,3. Stable / Low-Moderate
12086006302,27.0,3.333333333333333,0.7643979057591623,0.0,15.597498982498982,26.4,0.0636048475120291,17.44783573229655,8,1.031428571429014,-6.43714285714488,2.202857142857715,0.4857142857144857,0.0955177954479887,Moderate,0.2020709609977329,0.4726943197397887,0.37276986502137,0.37716943,-0.0043995652345198,Moderate,39.98057142857143,Moderate,22.002857142857145,10.182857142857143,True,False,3. Stable / Low-Moderate
12086006401,54.333333333333336,7.0,0.7583333333333333,0.0,16.432583333333334,18.022380952380956,0.1027239457436667,22.85461365135986,8,-0.1342857142855873,-1.8685714285724024,-0.3371428571429263,-1.2714285714290203,0.1365043492941134,High,0.2605240954221012,0.5239605537174941,0.3903927703827491,0.38736725,0.0030255218475928,Moderate,47.22438095238096,Moderate,19.102857142857147,18.22571428571429,True,False,3. Stable / Low-Moderate
12086006402,19.666666666666668,2.1666666666666665,0.8054054054054054,0.0,28.997592592592596,26.125,0.1020675506073685,20.625248914386315,8,-0.7457142857142616,-0.7571428571433029,1.5942857142862037,-0.720000000000273,0.1193382342799777,Moderate,0.2353173326494499,0.5071374596012219,0.3916125008598237,0.39897606,-0.0073635569080443,Moderate,24.72609523809524,Low,15.011428571428567,5.034285714285716,False,False,3. Stable / Low-Moderate
12086006403,53.66666666666666,6.333333333333333,0.7419700214132763,0.0,16.500956486042696,31.9625,0.1145326976917957,24.36011667697382,7,-0.5857142857141461,-2.288571428572717,3.865714285715701,-1.3828571428574152,0.0693147112615188,Low,0.1388455947822809,0.499221537206196,0.3935917741882433,0.380833,0.0127587742435564,Moderate,11.87809523809524,Low,0.0,8.908571428571431,False,False,3. Stable / Low-Moderate
12086006501,33.666666666666664,5.333333333333333,0.8217821782178217,0.0,22.55690117962845,20.26625,0.1061028652914457,22.19546039377289,6,-0.0028571428570042,-1.16571428571547,2.745714285715219,0.3742857142857638,0.0542511536147243,Low,0.1282668453593541,0.4229553900911309,0.3077116923399708,0.32989898,-0.0221872909001566,Low,22.138285714285715,Low,9.562857142857142,7.997142857142857,True,False,3. Stable / Low-Moderate
12086006503,21.33333333333333,2.0,0.8356481481481481,0.0,27.754166666666663,30.0,0.0931100168088793,20.91861011967996,6,2.142857142857954,-4.811428571430129,2.0142857142862423,2.317142857143632,0.0730510821437033,Low,0.1695649481158757,0.4308147583295481,0.3171107460617782,0.32914189,-0.0120311389804123,Low,39.152,Moderate,17.588571428571427,13.534285714285714,True,False,3. Stable / Low-Moderate
12086006504,20.33333333333333,3.1666666666666665,0.7904040404040404,0.0,20.10501700680272,44.4625,0.0872346758950666,24.41757191510065,6,-0.3942857142854626,-1.8857142857152216,2.02000000000046,-1.4457142857147536,0.0861416355940625,Low,0.1641397096339915,0.5248067989528329,0.4049778190728269,0.40592402,-0.0009462031248965,Moderate,29.236952380952385,Low,12.665714285714284,10.52857142857143,True,False,3. Stable / Low-Moderate
12086006608,0.0,0.0,0.0,0.0,120.0,120.0,0.1027239457436667,26.99051207024044,0,-0.4216054130814705,-1.6448115637173604,2.860819806265537,-1.052997447297549,0.0386809745473852,Low,0.1045254862947704,0.3700626126560339,0.5015402267078197,0.56605816,-0.064517932166692,High,23.941333333333336,Low,1.540000000000001,16.57,False,False,3. Stable / Low-Moderate
12086006606,0.0,0.0,0.0,0.0,120.0,120.0,0.1027239457436667,26.99051207024044,0,3.071428571429295,-0.0771428571415447,-0.2999999999999619,1.188571428571814,0.0717900005288192,Low,0.2055419329058847,0.3492717982840563,0.5608720707129068,0.5505278,0.0103442596624917,High,58.04266666666666,High,31.38,15.29,False,False,3. Stable / Low-Moderate
12086006715,0.0,0.0,0.0,0.0,120.0,120.0,0.1027239457436667,26.99051207024044,0,-1.2600000000001588,0.3885714285707868,3.2885714285725363,-0.7342857142861229,0.0315374496677145,Low,0.1153677951898202,0.2733644134901287,0.4422856254371581,0.53361744,-0.0913318114486756,High,6.279999999999999,Low,0.0,4.709999999999999,False,False,3. Stable / Low-Moderate
12086006705,15.333333333333334,0.0,0.6483050847457628,0.0,7.331060606060606,120.0,0.0330577333789853,7.28251126223901,3,-0.4257142857143862,-3.640000000001708,3.631428571429768,0.1057142857138102,0.0383121312035249,Low,0.1107097536639755,0.346059221844259,0.3842049463444897,0.37299842,0.0112065299206921,Moderate,2.488000000000001,Low,1.0828571428571427,0.8914285714285723,False,False,3. Stable / Low-Moderate
12086006706,45.66666666666666,0.3333333333333333,0.5895904436860068,0.0,9.51971002447802,120.0,0.0473538828372233,11.395734551396316,3,1.1428571428575416,-2.8085714285716508,0.4742857142859583,-1.0400000000000011,0.0331990609265872,Low,0.0894302579222589,0.3712285047354663,0.3283609263076326,0.32417175,0.004189174570038,Low,2.731428571428571,Low,0.0,2.048571428571428,False,False,3. Stable / Low-Moderate
12086006709,13.666666666666666,0.0,0.840080971659919,0.0,12.41666666666667,120.0,0.0182895758514197,5.193043770171835,4,-0.1085714285713804,-2.597142857143863,5.1200000000014665,-0.3857142857145261,0.0124387653228023,Low,0.0558336061125736,0.2227827681006832,0.3738015776436685,0.34337854,0.0304230337899087,Low,18.46857142857143,Low,0.0,13.851428571428572,False,False,3. Stable / Low-Moderate
12086006721,0.0,0.0,0.0,0.0,120.0,120.0,0.1027239457436667,26.99051207024044,0,-1.2000000000002589,-0.8000000000023468,3.2485714285731384,-1.9314285714287327,0.0197621782462235,Low,0.078615244978016,0.2513784476757641,0.4861895516896352,0.5296503,-0.0434607192492381,High,23.48933333333333,Low,10.03,8.59,True,False,3. Stable / Low-Moderate
12086006713,0.0,0.0,0.0,0.0,120.0,120.0,0.0329164058313834,5.0453125,3,-1.2914285714290292,-3.4571428571440994,6.231428571430923,-0.4000000000001188,0.0363633630838959,Low,0.1216434655860706,0.2989339617109685,0.5101476821544241,0.5222806,-0.0121328916904855,High,27.091809523809523,Low,12.46857142857143,9.097142857142856,False,False,3. Stable / Low-Moderate
12086006714,11.0,0.0,0.7307692307692307,0.0,5.0453125,120.0,0.0373377471437103,63.6655303030303,3,-0.4657142857144754,-1.1371428571436533,3.1542857142869347,-0.0400000000001511,0.0329164058313834,Low,0.1044817456834967,0.3150445622443566,0.3213733455049392,0.32563993,-0.0042665878427627,Low,23.804952380952383,Low,4.0914285714285725,14.171428571428573,False,False,3. Stable / Low-Moderate
12086006801,24.666666666666668,2.1666666666666665,0.8744292237442922,0.0,27.391839826839824,30.0,0.0526366828107903,29.408682371096585,6,0.1085714285714145,-1.6228571428574616,1.620000000000409,0.5028571428574001,0.0426143249223311,Low,0.1176744272373367,0.3621375172396855,0.3156635789523538,0.33161655,-0.0159529717316213,Low,24.987428571428573,Low,10.13714285714286,9.617142857142856,True,False,3. Stable / Low-Moderate
12086006802,74.66666666666667,8.0,0.7824574961360123,0.0,15.460408496732027,28.904761904761905,0.0379066929244591,18.45577492565892,4,-0.0582642560860652,-4.453531877415022,4.518820277376604,0.847488547833716,0.0563956344709217,Low,0.1237979882503999,0.4555456455144745,0.3186519213099319,0.2903873,0.0282646186728317,Low,30.563809523809525,Low,7.828571428571428,15.877142857142855,True,False,3. Stable / Low-Moderate
12086006901,0.0,0.0,0.0,0.0,120.0,120.0,0.1027239457436667,26.99051207024044,0,-0.3599999999999483,-2.5942857142868547,2.1428571428575025,-0.5514285714288631,0.0535733863541653,Low,0.122379536107018,0.4377642542076367,0.5680720591064343,0.61026186,-0.0421897984031787,Critical,3.389333333333332,Low,1.2800000000000002,1.3899999999999988,False,False,3. Stable / Low-Moderate
12086007004,0.0,0.0,0.0,0.0,120.0,120.0,0.1027239457436667,26.99051207024044,0,-0.7428571428574189,-2.057142857143272,2.6228571428573524,-1.1057142857147566,0.0439319870669325,Low,0.1169266119037002,0.3757227405435693,0.5070199937389438,0.5470952,-0.0400751858188564,High,20.01066666666667,Low,12.920000000000002,3.3800000000000003,False,False,3. Stable / Low-Moderate
12086007006,0.0,0.0,0.0,0.0,120.0,120.0,0.1027239457436667,26.99051207024044,0,-2.1800000000001343,0.5428571428567364,3.9542857142865273,-0.4771428571428482,0.0425283359943307,Low,0.1364645933166114,0.3116437382087877,0.4853355150950893,0.51684487,-0.0315093535648838,High,19.47866666666667,Low,7.51,7.85,False,False,3. Stable / Low-Moderate
12086007101,2.6666666666666665,0.3333333333333333,0.5923076923076923,0.0,18.290476190476195,61.0,0.0748132858620468,31.632667536059344,4,-0.0742857142858855,-1.2742857142859356,2.411428571429369,-0.1114285714286393,0.0827540035845977,Low,0.1846107586424391,0.4482620850114086,0.3957769627235677,0.44300747,-0.0472305064536783,High,15.445714285714288,Low,12.871428571428572,0.0,False,False,3. Stable / Low-Moderate
12086007103,2.0,0.0,0.5,0.0,44.99999999999999,120.0,0.0600399306984976,25.241322984358074,5,0.945714285714317,-5.15714285714448,3.320000000001285,-0.005714285714714,0.0864655048904451,Low,0.1610758143913331,0.536800047959885,0.4924659301658865,0.48915508,0.0033108462711569,High,35.644190476190474,Moderate,24.72571428571428,4.48,True,False,3. Stable / Low-Moderate
12086007104,7.333333333333333,1.0,0.8508064516129032,0.0,26.548024691358023,30.0,0.0706112777991246,30.227438672438662,5,0.7742857142859882,-7.688571428573589,7.0400000000021645,1.1028571428575396,0.0308286195919305,Low,0.0807892603366629,0.3815930417417156,0.382593754139411,0.4046205,-0.0220267442793969,Moderate,20.521142857142856,Low,4.577142857142857,11.271428571428572,True,False,3. Stable / Low-Moderate
12086007200,36.0,2.0,0.5525502318392581,0.0,23.34997791682002,39.66666666666666,0.0686921602549689,31.305590828924164,5,-0.4399999999997752,-3.942857142858432,2.4485714285722278,-0.0857142857142223,0.107145733103765,Moderate,0.2220435030752304,0.4825438782032862,0.4257706605873036,0.40194592,0.0238247417888569,Moderate,66.53409523809523,Critical,23.394285714285715,28.845714285714283,False,True,2. Fragile (Trending Critical)
12086007300,18.0,3.0,0.6779661016949152,0.0,30.626296296296303,39.66666666666666,0.0811619797093517,31.49061354873197,6,-0.014285714285721,-2.7199999999998417,3.762857142857243,-0.131428571428613,0.0368569722898641,Low,0.0735427627969188,0.5011638248027352,0.3597573316705699,0.3834095,-0.0236521684515003,Moderate,4.125714285714286,Low,0.0,3.0942857142857143,False,False,3. Stable / Low-Moderate
12086007403,0.0,0.0,0.0,0.0,120.0,120.0,0.1027239457436667,26.99051207024044,0,-0.3771428571429209,-4.637142857143154,3.0714285714280893,-0.0771428571428715,0.0660332053478656,Low,0.1401898327045806,0.4710270643308073,0.5744021894312118,0.58013433,-0.0057321427488113,Critical,29.948000000000004,Low,22.790000000000003,1.95,True,False,3. Stable / Low-Moderate
12086007501,12.333333333333334,0.3333333333333333,0.6055276381909548,0.0,52.44325,120.0,0.091342660552799,36.05431985454438,6,0.0457142857143294,-2.1285714285717603,3.1542857142861624,-0.8171428571429948,0.0296161798506803,Low,0.0630383591787799,0.4698120356636721,0.3461208871058497,0.37815142,-0.0320305296727146,Moderate,3.7409523809523817,Low,0.0,2.805714285714286,False,False,3. Stable / Low-Moderate
12086007503,0.0,0.0,0.0,0.0,120.0,120.0,0.1074274396940817,39.8021772875817,3,-1.3628571428576373,-0.637142857142946,2.888571428572208,-0.4371428571430509,0.0592439375962446,Low,0.1448739033969615,0.4089345023990509,0.5732339061762144,0.5977718,-0.024537917230005,Critical,45.79085714285715,Moderate,17.16857142857143,18.89142857142857,True,False,3. Stable / Low-Moderate
12086007601,4.333333333333333,0.3333333333333333,0.8670886075949367,0.0,40.29861111111112,120.0,0.0693653351971705,35.72404902174545,5,0.7657142857145154,-1.6485714285718427,1.960000000000338,-0.3057142857141848,0.0674437426158746,Low,0.1344381376515856,0.5016712057605569,0.4113438605180541,0.41550073,-0.0041568697580536,Moderate,15.663238095238093,Low,2.7542857142857144,9.268571428571429,False,False,3. Stable / Low-Moderate
12086007603,45.333333333333336,4.333333333333333,0.5184365781710915,0.4542772861356932,24.09355692918193,22.90571428571428,0.0730905064398238,41.77345980392157,7,-0.72857142857174,-3.134285714286371,2.122857142857543,1.5828571428577205,0.128570452052279,High,0.2618307637083689,0.4910441012786515,0.3332653882077199,0.34233558,-0.00907019357176,Low,58.12685714285715,High,15.105714285714283,31.72,False,False,3. Stable / Low-Moderate
12086007610,0.0,0.0,0.0,0.0,120.0,120.0,0.1027239457436667,26.99051207024044,0,-1.7742857142863488,-0.7485714285702452,3.2085714285714757,-1.0028571428574875,0.0500523803754016,Low,0.1239397963924716,0.4038443004771782,0.5103439855380962,0.52166295,-0.0113189649776508,High,34.45733333333334,Low,18.37,9.310000000000002,True,False,3. Stable / Low-Moderate
12086007605,23.0,2.5,0.6925837320574163,0.0,45.33274509803921,30.0,0.0582452111249436,30.345003401360543,5,0.2457142857142712,-0.6285714285717096,0.8800000000001956,-0.4114285714287087,0.0965038303095417,Moderate,0.1709602978336037,0.5644809440111602,0.4047294905575287,0.40508518,-0.0003556856719481,Moderate,29.051047619047623,Low,12.088571428571427,10.90857142857143,True,False,3. Stable / Low-Moderate
12086007607,0.0,0.0,0.0,0.0,120.0,120.0,0.1027239457436667,26.99051207024044,0,-0.2257142857141699,0.2599999999995753,2.242857142857747,0.7885714285714056,0.079818162202215,Low,0.1693434660988682,0.4713388950927378,0.5273587472133043,0.5621944,-0.0348356597729322,High,10.978666666666667,Low,8.46,0.6199999999999999,False,False,3. Stable / Low-Moderate
12086007708,0.0,0.0,0.0,0.0,120.0,120.0,0.1027239457436667,26.99051207024044,0,0.0600000000001164,0.4028571428573406,0.1628571428574191,-2.048571428572196,0.095990641147707,Moderate,0.1872314738163866,0.51268432166401,0.5435958680473328,0.6141656,-0.0705697360671996,Critical,30.366666666666667,Low,10.15,13.64,False,False,3. Stable / Low-Moderate
12086007706,0.0,0.0,0.0,0.0,120.0,120.0,0.1027239457436667,26.99051207024044,0,-0.0399999999999627,-1.7600000000005,1.617142857142893,-1.8771428571431756,0.0746280661433917,Low,0.1420166935858449,0.5254879849620024,0.5405155952015995,0.5580615,-0.0175458853205562,High,28.133333333333333,Low,8.7,13.27,True,False,3. Stable / Low-Moderate
12086007704,10.0,1.6666666666666667,0.9411764705882352,0.0,30.054666666666662,30.0,0.088890744618034,38.371940730837785,5,-0.5114285714288551,-1.242857142857474,3.851428571429704,0.0200000000000847,0.066581048561335,Low,0.1155320211883714,0.5762995217817288,0.4896542892779463,0.4310671,0.0585871801699751,Moderate,3.483428571428572,Low,2.902857142857143,0.0,False,False,3. Stable / Low-Moderate
12086007705,41.66666666666666,5.333333333333333,0.7157142857142857,0.0,31.411136363636363,33.125,0.0665158377955235,29.363277045345228,6,-1.126711274072398,-0.3066802823119379,0.6735024913388856,-1.5439210423231138,0.0812776589265265,Low,0.1449073369521971,0.5608940212139767,0.4053128690271323,0.39794967,0.0073632032422965,Moderate,28.74590476190476,Low,21.92,1.8314285714285703,False,False,3. Stable / Low-Moderate
12086007801,8.333333333333334,1.6666666666666667,0.0,0.0,42.50416666666667,32.0,0.0634423881567425,37.02133333333333,4,0.0514285714286912,-6.742857142859185,5.985714285716139,-1.160000000000345,0.1088732905764214,Moderate,0.1572914123596987,0.6921756817050302,0.5127928864069011,0.499044,0.0137488853044536,High,3.915428571428572,Low,3.262857142857143,0.0,False,False,3. Stable / Low-Moderate
12086007809,0.0,0.0,0.0,0.0,120.0,120.0,0.1027239457436667,26.99051207024044,0,-2.5942857142868907,0.3657142857151715,0.645714285714402,-0.451428571429027,0.065203669413138,Low,0.1401959394915543,0.4650895714213321,0.5637853471923104,0.58490926,-0.0211239130806693,Critical,16.066666666666666,Low,0.0,12.05,False,False,3. Stable / Low-Moderate
12086007805,45.66666666666666,2.833333333333333,0.6621454993834772,0.0,16.6524642529188,9.36666666666666,0.0626686859623817,52.92337436868687,7,-0.8428571428573992,-2.8457142857151263,3.394285714286753,0.042857142857024,0.0551210890480053,Low,0.1218255281212621,0.4524592661165331,0.2863921619095218,0.31930172,-0.0329095625243771,Low,7.632000000000001,Low,6.36,0.0,False,False,3. Stable / Low-Moderate
12086007806,27.33333333333333,3.6666666666666665,0.0,0.0,43.24625,35.0,0.0652148877469147,59.29111742424243,5,-0.1920059321293255,-2.703685362739211,2.5107132656494664,-0.6471867987052684,0.0626129040292827,Low,0.0825471071852604,0.7585111842715531,0.6002363274879337,0.55995345,0.0402828763313174,High,23.588571428571427,Low,15.285714285714285,3.934285714285714,True,False,3. Stable / Low-Moderate
12086007807,0.0,0.0,0.0,0.0,120.0,120.0,0.0525374159284118,32.70894234553325,7,-0.8142857142857899,-2.6314285714292733,2.474285714286069,-1.0000000000001732,0.0511268643364611,Low,0.0996429493068591,0.5131006728736167,0.5859195876631177,0.57656014,0.0093594480070507,High,5.016,Low,3.922857142857143,0.2314285714285713,False,False,3. Stable / Low-Moderate
12086007901,15.666666666666666,1.8333333333333333,0.7272727272727273,0.0,30.414583333333336,50.29444444444443,0.0786387827056371,48.62122907788472,8,0.1142857142857541,-6.628571428573542,3.4485714285724667,-0.3457142857144211,0.0954078055336734,Moderate,0.1851988102959233,0.5151642463643495,0.447683704682084,0.44485965,0.002824050970765,High,54.311238095238096,High,13.122857142857145,28.922857142857143,True,False,3. Stable / Low-Moderate
12086007902,17.0,3.333333333333333,0.490566037735849,0.0,36.52108333333333,46.29,0.1017570195647295,32.07724339896215,5,-0.402857142857321,-4.322857142858504,5.9542857142873205,0.5828571428573385,0.0535377303444007,Low,0.1167773773843763,0.458459776572817,0.3938365868510606,0.41088286,-0.0170462735710738,Moderate,13.739428571428572,Low,10.897142857142857,0.4971428571428571,False,False,3. Stable / Low-Moderate
12086008000,6.0,1.0,0.7027027027027027,0.0,31.29666666666667,60.99999999999999,0.0607249526451434,37.526573713323714,7,-0.8400000000001062,-0.562857142857585,1.1628571428575285,-1.6314285714291308,0.0741765300965443,Low,0.1145146407766891,0.6477471316632195,0.4746694110970875,0.47018477,0.0044846378903766,High,30.10933333333333,Low,16.58,7.66,True,False,3. Stable / Low-Moderate
12086008101,14.666666666666666,2.0,0.0,0.0,43.36363636363636,36.0,0.0573217376006944,54.71058333333334,5,0.5571428571430658,-6.040000000001784,3.874285714286854,1.0542857142860735,0.026682865978232,Low,0.0380271333374732,0.7016796596639014,0.4981876132190551,0.49465868,0.0035289344489897,High,2.624761904761905,Low,0.0,1.9685714285714284,False,False,3. Stable / Low-Moderate
12086008102,16.0,3.0,0.0,0.0,43.0,36.0,0.0503551556294451,46.2736325101666,6,-0.600000000000201,-4.400000000001055,5.011428571430082,-1.5000000000003897,0.0575892897770545,Low,0.1033934021183485,0.5569919220874009,0.4496717742094282,0.451137,-0.0014652320733781,High,0.0,Low,0.0,0.0,False,False,3. Stable / Low-Moderate
12086008202,5.333333333333333,2.0,0.0,0.0,41.66666666666666,36.0,0.067513178140529,34.74180994245809,6,0.2314285714288261,-3.931428571430137,2.45714285714382,0.4771428571429535,0.0661953638269316,Low,0.1046630583251674,0.6324615856463484,0.50913306069578,0.51271516,-0.0035821001509301,High,11.29638095238095,Low,6.991428571428571,2.18,True,False,3. Stable / Low-Moderate
12086008205,14.0,1.5,0.0,0.0,36.01,36.0,0.0476848963546314,40.02372727272727,5,-0.0628571428571855,-4.080000000000866,3.411428571429073,0.4028571428572577,0.0411030997641296,Low,0.0569902805468998,0.7212299951796879,0.4862949655703318,0.47818366,0.0081113086394083,High,1.856761904761905,Low,0.7314285714285714,0.7342857142857144,False,False,3. Stable / Low-Moderate
12086008206,8.0,0.0,0.0,0.0,44.333333333333336,120.0,0.0532827795159025,32.112040692789144,7,-0.0171428571428936,-5.634285714287002,3.297142857143341,-0.5028571428571231,0.067416083840358,Low,0.1242106563752892,0.5427560388753402,0.4434222712276541,0.48727077,-0.0438485012294687,High,11.352,Low,3.031428571428572,5.785714285714287,False,False,3. Stable / Low-Moderate
12086008207,6.333333333333333,1.5,0.0,0.0,38.125,36.0,0.0653471248448718,39.539652777777775,4,-0.1942857142857444,-2.1514285714288475,2.0200000000001435,-1.3742857142861526,0.0125597120809684,Low,0.0173607935248714,0.723452649959528,0.4970776346581357,0.5084397,-0.0113620850188357,High,3.369904761904761,Low,1.8685714285714283,0.8457142857142856,False,False,3. Stable / Low-Moderate
12086008208,19.33333333333333,0.0,0.7053231939163498,0.0,38.513888888888886,120.0,0.0980908322953966,35.44084622742578,7,-0.0371428571431296,-3.005714285715712,2.0085714285721448,-1.840000000000981,0.0893478619964041,Moderate,0.1740031740022095,0.5134840930848167,0.3900643814340666,0.44478273,-0.0547183524831697,High,40.41523809523809,Moderate,10.714285714285714,20.668571428571425,True,False,3. Stable / Low-Moderate
12086008209,5.0,0.0,0.0,0.0,36.14861111111112,120.0,0.0771119028253302,37.74987023007856,6,0.402852945820869,-4.75713769156094,2.4142902341717485,0.3514059720015846,0.0866739519480682,Low,0.1314819319368574,0.6592080803139732,0.5388589612199366,0.54597616,-0.0071172007368505,High,18.004571428571428,Low,8.28,6.051428571428572,True,False,3. Stable / Low-Moderate
12086008313,0.0,0.0,0.0,0.0,120.0,120.0,0.1027239457436667,26.99051207024044,0,-1.3971428571430533,-0.9800000000005652,1.8914285714290848,-0.940000000000316,0.0823900288574182,Low,0.1489369753258668,0.553187203360031,0.5484100194027011,0.5563495,-0.0079394965122159,High,19.101333333333333,Low,15.64,0.2499999999999991,False,False,3. Stable / Low-Moderate
12086008305,42.0,4.333333333333333,0.650506512301013,0.0,16.588216378957117,23.46875,0.0516622352163415,39.19559027777778,7,0.1000000000000241,-4.382857142858191,3.008571428572184,-1.1285714285715938,0.0815682808368463,Low,0.1426316799286409,0.5718805308726312,0.3631148918308582,0.34875602,0.0143588765301075,Low,26.776761904761905,Low,15.288571428571426,6.322857142857144,True,False,3. Stable / Low-Moderate
12086008310,0.0,0.0,0.0,0.0,120.0,120.0,0.1027239457436667,26.99051207024044,0,-0.8314285714285552,-1.7571428571438896,2.3057142857152826,0.4200000000002435,0.0892791940974601,Moderate,0.1772708702717324,0.5036314988503587,0.5401214561644402,0.5503778,-0.0102563299950751,High,29.608000000000004,Low,6.44,16.410000000000004,False,False,3. Stable / Low-Moderate
12086008315,0.0,0.0,0.0,0.0,120.0,120.0,0.1027239457436667,26.99051207024044,0,-0.3428571428571328,0.2399999999993226,0.1142857142858757,-1.4685714285714997,0.0869167657606594,Low,0.1309968636335743,0.6635026469319436,0.6554946934995272,0.67129624,-0.0158015453997037,Critical,23.889333333333337,Low,15.53,3.94,False,False,3. Stable / Low-Moderate
12086008308,19.33333333333333,1.6666666666666667,1.1129032258064515,0.0,33.16,120.0,0.1507346765930037,26.21942697608274,6,-0.1042973027792097,1.1814379629460787,0.3311692306193015,-1.650483916138747,0.1169673837975702,Moderate,0.179871495566211,0.6502830447335353,0.5198356984928338,0.516838,0.0029976843670098,High,26.368380952380956,Low,18.63714285714285,3.002857142857143,False,False,3. Stable / Low-Moderate
12086008309,116.33333333333331,13.333333333333334,0.7866572371522866,0.0,27.27820420110193,28.557692307692307,0.128063757703194,32.98739050910103,6,-2.5885714285720525,0.8657142857144285,-0.68285714285738,-3.2028571428580035,0.1580284771107819,High,0.2900043933099141,0.5449175279972545,0.349060334016542,0.32697842,0.0220819187657638,Low,25.779047619047617,Low,10.51428571428571,9.871428571428572,False,False,3. Stable / Low-Moderate
12086008429,0.0,0.0,0.0,0.0,120.0,120.0,0.1027239457436667,26.99051207024044,0,0.5857142857144649,-7.6571428571439295,4.560000000001338,-0.3142857142859395,0.081570384805941,Low,0.1386297976099488,0.5884044138580428,0.6155715057839739,0.59557027,0.0200012395371782,Critical,28.39733333333333,Low,19.42,3.82,True,False,3. Stable / Low-Moderate
12086008423,0.0,0.0,0.0,0.0,120.0,120.0,0.1027239457436667,26.99051207024044,0,-0.2628571428572224,-1.52000000000049,0.5685714285716112,-1.0085714285714604,0.0954945871359141,Moderate,0.165422242199792,0.5772777944853308,0.6213016082348055,0.61246675,0.0088348557056612,Critical,18.64,Low,14.4,1.02,False,False,3. Stable / Low-Moderate
12086008409,49.66666666666666,4.166666666666667,0.4718853362734289,0.0,17.28236111111111,15.0,0.0541963617045528,49.01233566086821,7,-0.4057142857142687,-1.2428571428576063,2.840000000000771,-1.094285714286159,0.0606809308094849,Low,0.1222272995609554,0.4964597191253747,0.3407084565856232,0.33914766,0.0015607994296326,Low,17.85409523809524,Low,8.237142857142857,5.977142857142858,True,False,3. Stable / Low-Moderate
12086008421,0.0,0.0,0.0,0.0,120.0,120.0,0.1027239457436667,26.99051207024044,0,0.1000000000000732,-1.58285714285762,1.871428571429365,-0.3342857142858698,0.0422377261621663,Low,0.0772599272472378,0.5466964268164823,0.5581655031392033,0.56103843,-0.0028729313662593,High,3.5160000000000005,Low,2.93,0.0,False,False,3. Stable / Low-Moderate
12086008431,0.0,0.0,0.0,0.0,120.0,120.0,0.1027239457436667,26.99051207024044,0,-0.9657142857147302,-1.7942857142857769,1.8742857142863376,-2.6800000000006303,0.1601066383691642,Critical,0.2673120468909499,0.5989503287686837,0.6376578848167643,0.5574985,0.0801593701645121,High,69.08266666666667,Critical,45.080000000000005,11.240000000000002,False,False,1. Already Critical
12086008426,0.0,0.0,0.0,0.0,120.0,120.0,0.1027239457436667,26.99051207024044,0,0.254285714285803,-1.677142857143309,2.0857142857146678,-1.5342857142862825,0.0250686208712722,Low,0.0406595261278372,0.6165497549689656,0.5923854988782628,0.6029835,-0.0105979758531825,Critical,15.556,Low,0.4300000000000001,11.28,False,False,3. Stable / Low-Moderate
12086008415,4.0,0.6666666666666666,0.725,0.0,53.5,120.0,0.0711246058231656,16.935288745034114,4,0.1828468187468905,-1.7342851709116691,2.251450306398314,-0.9171352499037652,0.0123565623885916,Low,0.0192524267792383,0.641818433087973,0.4646992845857552,0.47713694,-0.0124376551782675,High,1.3257142857142856,Low,0.0,0.9942857142857142,False,False,3. Stable / Low-Moderate
12086008416,21.666666666666668,3.1666666666666665,0.8311546840958606,0.0,18.00595238095238,11.431250000000006,0.0750960861744767,30.421957671957674,5,-1.0028571428574629,-4.185714285715498,3.831428571429602,0.5714285714286995,0.0798266935969148,Low,0.1551434907762145,0.5145345976007479,0.3436679345785641,0.34927395,-0.0056060152829623,Low,11.932190476190476,Low,9.737142857142857,0.1857142857142861,False,False,3. Stable / Low-Moderate
12086008425,0.0,0.0,0.0,0.0,120.0,120.0,0.1027239457436667,26.99051207024044,0,-0.4114285714287033,-2.505714285714365,-0.1171428571431594,-1.1885714285718532,0.0977265053529338,Moderate,0.1587952064792081,0.615424782143721,0.6379339487030931,0.64562297,-0.0076890199706129,Critical,10.859999999999998,Low,9.05,0.0,False,False,3. Stable / Low-Moderate
12086008418,22.666666666666668,2.333333333333333,0.7870370370370371,0.0,23.82661203379953,30.0,0.0660844906129029,26.623605098605097,3,0.5000000000002002,-3.260000000001112,3.3514285714295777,-0.891428571428703,0.0589082722574326,Low,0.1123658063558073,0.5242544344041737,0.3590813821570439,0.38401538,-0.0249339991791682,Moderate,29.114285714285717,Low,23.87142857142857,0.3514285714285716,False,False,3. Stable / Low-Moderate
12086008419,13.333333333333334,1.0,0.8768382352941176,0.0,30.421957671957674,120.0,0.0652692869685588,21.552605646668145,7,-0.2200000000000224,-0.5571428571432586,1.1457142857146816,0.1628571428571837,0.0750960861744767,Low,0.1506639784645037,0.4984342438041305,0.345534135207087,0.42921278,-0.0836786435995994,Moderate,35.52952380952381,Moderate,9.242857142857142,18.32857142857143,False,False,3. Stable / Low-Moderate
12086008503,0.0,0.0,0.0,0.0,120.0,120.0,0.1027239457436667,26.99051207024044,0,0.9142857142858212,-1.2942857142859787,0.7285714285716264,-0.1457142857141526,0.1305191558094826,High,0.2355384786785105,0.5541309281683432,0.5615182269733803,0.5891242,-0.0276059757548912,Critical,19.570666666666668,Low,6.219999999999999,9.08,False,False,3. Stable / Low-Moderate
12086008502,26.0,2.5,0.6967821782178217,0.0,41.38270021645023,30.0,0.0903208835689033,40.20798484848485,5,0.1657142857143245,-2.9742857142864896,2.2257142857152035,1.1800000000005186,0.0778453757772302,Low,0.1429029904831661,0.544742804290022,0.3608776359635413,0.3906431,-0.029765454046148,Moderate,23.862857142857138,Low,6.114285714285714,12.394285714285711,False,False,3. Stable / Low-Moderate
12086008601,14.0,1.0,0.7432432432432432,0.0,49.00483333333334,30.0,0.095499401730529,33.869636335886334,7,0.0457142857143454,-2.794285714286427,3.6600000000009145,-0.1428571428572523,0.0993641082112802,Moderate,0.1498385246527185,0.6631412611781713,0.4728916670482594,0.43643847,0.0364531959693867,Moderate,29.66247619047619,Low,14.588571428571427,9.117142857142856,True,False,3. Stable / Low-Moderate
12086008603,0.0,0.0,0.0,0.0,120.0,120.0,0.1027239457436667,26.99051207024044,0,-0.2685714285713826,-0.9028571428573072,0.6142857142857444,0.4457142857141202,0.0604969745420219,Low,0.1114136507956028,0.5429942750283663,0.5549558090628158,0.5563165,-0.0013606858788955,High,6.6146666666666665,Low,3.79,1.55,False,False,3. Stable / Low-Moderate
12086008704,0.0,0.0,0.0,0.0,120.0,120.0,0.1027239457436667,26.99051207024044,0,0.3000000000001337,-5.400000000002227,3.6228571428584817,0.4057142857145177,0.0897784395578451,Moderate,0.1613052964344332,0.5565746540401914,0.5601861060159484,0.59006715,-0.0298810421926697,Critical,3.863999999999998,Low,3.219999999999999,0.0,False,False,3. Stable / Low-Moderate
12086008702,23.0,1.1666666666666667,0.8779840848806366,0.0,37.37858974358974,120.0,0.0993641082112802,49.00483333333334,5,0.2571428571428777,-0.2457142857145134,0.9114285714289088,-0.197142857142985,0.1359126338260098,High,0.2390636521237632,0.5685206957168372,0.3718103829933268,0.38942283,-0.0176124509261983,Moderate,19.483809523809526,Low,1.2142857142857144,13.52,False,False,3. Stable / Low-Moderate
12086008809,0.0,0.0,0.0,0.0,120.0,120.0,0.1027239457436667,26.99051207024044,0,0.0,-1.9828571428577677,1.4285714285717188,-0.911428571428778,0.0883868024269716,Moderate,0.165945453485021,0.5326256343320054,0.5509743693875387,0.60137844,-0.0504040714693948,Critical,5.267999999999999,Low,4.39,0.0,False,False,3. Stable / Low-Moderate
12086008808,0.0,0.0,0.0,0.0,120.0,120.0,0.1027239457436667,26.99051207024044,0,-0.1857142857143456,-0.2428571428578087,0.3257142857144434,0.5314285714285812,0.1005747353805077,Moderate,0.1624479199121005,0.6191198719868379,0.6293741942611282,0.5857271,0.0436470986571853,Critical,22.536,Low,11.68,6.390000000000001,True,False,3. Stable / Low-Moderate
12086008805,19.666666666666668,2.0,0.7687861271676301,0.0,29.429107142857145,59.92500000000001,0.0727401955883472,22.84761904761904,6,-0.5571428571429584,-0.680000000000217,1.2714285714288618,-0.4342857142858404,0.1316330292802544,High,0.2210771539822917,0.5954166991438574,0.4286617787799169,0.42646483,0.0021969529113103,Moderate,33.95504761904762,Low,17.365714285714283,9.837142857142858,False,False,3. Stable / Low-Moderate
12086008806,9.666666666666666,1.1666666666666667,0.851123595505618,0.0,22.84761904761904,59.73333333333337,0.110067462352917,33.0656905964406,6,-0.474285714285834,-1.737142857142875,0.8171428571432872,1.262857142857574,0.0727401955883472,Low,0.1325545270402011,0.5487567811719216,0.4155901924938093,0.42595232,-0.010362122836696,Moderate,9.007238095238094,Low,5.53142857142857,1.777142857142857,False,False,3. Stable / Low-Moderate
12086008911,0.0,0.0,0.0,0.0,120.0,120.0,0.1027239457436667,26.99051207024044,0,-0.120000000000062,-3.491428571430382,3.097142857144059,-0.1285714285714817,0.0719228555058799,Low,0.1408720895026273,0.5105543316622596,0.543043209971118,0.5457432,-0.0027000170338868,High,4.095999999999999,Low,0.6799999999999997,2.4599999999999995,False,False,3. Stable / Low-Moderate
12086008909,0.0,0.0,0.0,0.0,120.0,120.0,0.1027239457436667,26.99051207024044,0,-0.1142857142856794,-3.894285714286177,1.982857142858102,-1.2257142857145802,0.0812962102671807,Low,0.1545189661988674,0.5261244769302411,0.5462630460070059,0.5646499,-0.0183868339253976,High,29.816000000000003,Low,4.780000000000002,18.06,False,False,3. Stable / Low-Moderate
12086008904,39.0,4.166666666666667,0.7518337408312958,0.0,9.782539682539682,13.918624338624342,0.0973526052577744,17.670517009821964,10,0.1542857142857496,-2.4771428571440715,1.6742857142859835,0.7657142857143382,0.4528487264102947,Critical,0.7920625532765833,0.5717335386415658,0.3728178426335068,0.39039028,-0.0175724342753677,Moderate,100.0,Critical,100.0,100.0,False,False,1. Already Critical
12086008906,21.33333333333333,0.0,0.8212616822429907,0.0,20.76313131313131,120.0,0.2113311562888747,16.011785864598362,6,0.1771428571430198,-1.5342857142863604,1.0171428571433068,-1.788571428571836,0.0992052495672167,Moderate,0.180781427983492,0.548757970737324,0.4086705476888259,0.4186476,-0.009977039610521,Moderate,16.78666666666667,Low,4.928571428571428,8.154285714285715,False,False,3. Stable / Low-Moderate
12086008907,37.66666666666666,5.666666666666667,0.7137931034482758,0.0,15.405198863636365,18.406666666666663,0.2303041353246098,16.04099380785623,6,0.1114285714286751,1.0228571428574345,0.1628571428569028,-1.4285714285718012,0.1084045468679822,Moderate,0.1744541652492539,0.6213927120232281,0.4107071306253472,0.41528502,-0.0045778904413184,Moderate,24.59009523809524,Low,14.174285714285714,5.685714285714285,False,False,3. Stable / Low-Moderate
12086009051,0.0,0.0,0.0,0.0,120.0,120.0,0.1027239457436667,26.99051207024044,0,-0.9028571428577316,0.2771428571427631,-0.4828571428568506,-1.0485714285720318,0.0645192821526226,Low,0.1364168168214539,0.4729569539587429,0.5152370550201648,0.5698815,-0.0546444437934643,High,22.566666666666663,Low,11.25,6.799999999999999,False,False,3. Stable / Low-Moderate
12086009010,202.0,10.666666666666666,0.5776356993736952,0.0,28.49685852562525,19.285771604938272,0.1117086821082486,46.71181547619047,11,-0.1734475177736015,-2.376349038029484,2.102617678272364,-0.5109010765729857,0.0532710902829391,Low,0.133155503728008,0.4000667549705949,0.1642643021277679,0.22262688,-0.0583625776835189,Low,5.169523809523811,Low,2.457142857142858,1.665714285714286,False,False,3. Stable / Low-Moderate
12086009014,68.33333333333333,6.5,0.7425101214574898,0.0,15.249069843215064,15.57094017094017,0.0877702118568036,27.81262345679013,5,0.0485714285715433,-3.5971428571439787,3.197142857143848,-0.1942857142859728,0.0456223196988419,Low,0.1000811460279537,0.4558532901501658,0.2869171050047905,0.34988445,-0.0629673454308478,Low,4.117714285714285,Low,3.4314285714285715,0.0,False,False,3. Stable / Low-Moderate
12086009015,42.0,3.8333333333333335,0.7894409937888198,0.0,22.26504629629629,27.919444444444444,0.0830309577767666,32.28189953886693,7,-0.7314285714287863,-2.151428571428926,1.708571428572054,-0.6657142857144153,0.1050307988359175,Moderate,0.1917811814200069,0.5476595673164443,0.3779042935226336,0.35662553,0.0212787663791552,Low,37.08304761904762,Moderate,23.39142857142857,6.76,False,False,3. Stable / Low-Moderate
12086009061,0.0,0.0,0.0,0.0,120.0,120.0,0.1027239457436667,26.99051207024044,0,0.9799999999997736,0.8600000000007881,-0.4714285714287122,-1.4542857142863808,0.1717934820315525,Critical,0.2986401521391297,0.5752524595270023,0.6184280552251733,0.62510717,-0.0066791139261328,Critical,66.32400000000001,Critical,43.27,10.8,True,False,1. Already Critical
12086009054,0.0,0.0,0.0,0.0,120.0,120.0,0.1027239457436667,26.99051207024044,0,-0.0428571428571374,-2.168571428572581,0.3142857142859901,0.1714285714288797,0.0271428840571329,Low,0.0542944342712766,0.4999201929523062,0.5311196358444213,0.5614383,-0.0303186862228393,High,1.2120000000000004,Low,1.0100000000000002,0.0,False,False,3. Stable / Low-Moderate
12086009020,41.66666666666666,4.666666666666667,0.554177545691906,0.0,17.577310427897697,17.121203703703703,0.1649158021751214,16.210154030208923,7,0.1514285714286338,-1.8342857142863944,1.2285714285718303,-0.5571428571429685,0.138858429996318,High,0.2578550055582766,0.5385136103744755,0.3704901338559814,0.36842996,0.0020601750356383,Low,28.648,Low,22.11142857142857,1.5857142857142863,False,False,3. Stable / Low-Moderate
12086009021,25.666666666666668,2.5,0.7504725897920604,0.0,20.393172799422807,29.0,0.1046898734195036,17.01490521394885,4,-0.3161109830351489,-2.6983398652137827,1.380399002690505,-0.0093694339514385,0.115181262736854,Moderate,0.2060787651792512,0.558918637913359,0.4088588164224151,0.38937113,0.0194876895322326,Moderate,8.64495238095238,Low,6.962857142857144,0.2171428571428568,False,False,3. Stable / Low-Moderate
12086009022,7.0,1.0,0.4776119402985074,0.0,16.4525,30.0,0.1859224747760409,37.18149347086093,8,-0.1657142857143066,-3.717142857144488,2.348571428572476,-0.3057142857143413,0.0705213168426893,Low,0.1345632800684151,0.5240754892927297,0.4015309314056136,0.44522205,-0.0436911185459397,High,2.476190476190476,Low,0.0,1.8571428571428568,False,False,3. Stable / Low-Moderate
12086009064,0.0,0.0,0.0,0.0,120.0,120.0,0.1027239457436667,26.99051207024044,0,0.0800098274072247,1.860070195766951,-0.3686472399985814,0.5600140391534412,0.0915373361711471,Moderate,0.149007564675192,0.6143133495985992,0.63965345965658,0.59330606,0.0463473950508671,Critical,27.156,Low,22.630000000000003,0.0,False,False,3. Stable / Low-Moderate
12086009024,3.333333333333333,0.0,0.9090909090909092,0.0,35.97708333333333,120.0,0.0834232399025936,28.750210604561214,6,0.8514285714289141,0.7028571428571104,0.6085714285716421,-0.7914285714288092,0.1006172492195386,Moderate,0.178721615485003,0.5629831005415328,0.4608170892218463,0.4556221,0.0051949824313036,High,49.40495238095237,Moderate,22.52,16.785714285714285,True,False,3. Stable / Low-Moderate
12086009026,5.0,0.0,0.9090909090909092,0.0,35.55972222222223,120.0,0.0848965139543693,23.993852857531905,6,-2.202857142857623,0.2657142857142332,2.4314285714293224,-0.2542857142858093,0.0841611267136448,Low,0.1832237805466099,0.459335171791389,0.3869174724743661,0.4371584,-0.0502409333064261,Moderate,25.104,Low,8.062857142857144,11.571428571428571,False,False,3. Stable / Low-Moderate
12086009027,8.666666666666666,0.1666666666666666,0.852760736196319,0.0,34.577000000000005,120.0,0.1004175780287892,31.417129629629635,4,-0.2228571428571626,-0.5914285714286729,2.2000000000006183,-1.2200000000002968,0.0946799423803215,Moderate,0.1903019926907564,0.4975247029292955,0.3976849332116586,0.43127263,-0.0335876927114981,Moderate,21.14933333333333,Low,8.751428571428571,7.985714285714285,True,False,3. Stable / Low-Moderate
12086009028,8.333333333333334,0.0,0.9090909090909092,0.0,36.27833333333334,120.0,0.0841355740890455,26.43908674017516,6,-0.0685714285714456,-4.688571428572865,2.2857142857150463,-0.0600000000000583,0.0580733125525412,Low,0.1152940103249177,0.5036975675395539,0.39946583511325,0.42051154,-0.0210457086375129,Moderate,9.985904761904765,Low,5.048571428571429,2.9457142857142857,False,False,3. Stable / Low-Moderate
12086009029,40.66666666666666,3.0,0.7769607843137255,0.0,19.01735880544576,25.365277777777777,0.1006449476510788,28.024443347715167,8,0.514285714285596,-4.460000000000696,1.0742857142861693,-2.077142857143337,0.0776231580177869,Low,0.1607803235091085,0.4827901594151811,0.3096230600995371,0.39439225,-0.0847691918688466,Moderate,19.97790476190476,Low,10.365714285714285,5.654285714285715,True,False,3. Stable / Low-Moderate
12086009030,1.6666666666666667,0.1666666666666666,0.6290322580645161,0.0,31.866666666666674,120.0,0.074273349967666,27.645202567646223,7,-0.2171428571429605,-2.3828571428579486,1.6628571428576835,0.1485714285715318,0.1118611373460559,Moderate,0.1917339790203067,0.5834184317126629,0.4927888966501266,0.4943838,-0.0015949153005569,High,24.209142857142854,Low,12.602857142857143,6.814285714285715,False,False,3. Stable / Low-Moderate
12086009031,16.666666666666668,0.8333333333333334,0.7734375,0.0,16.011481481481482,120.0,0.0805481945861808,27.55848624403465,3,-0.3836953127304846,0.5587389643425709,1.4806961180022522,0.4474307417338732,0.0672883715107101,Low,0.1477404122111213,0.455450005206124,0.3769019515251822,0.388632,-0.011730047967463,Moderate,6.41219047619048,Low,2.8228571428571456,2.268571428571428,False,False,3. Stable / Low-Moderate
12086009057,0.0,0.0,0.0,0.0,120.0,120.0,0.1027239457436667,26.99051207024044,0,-0.1114285714286604,-0.5485714285711855,2.080000000000459,-0.5599999999999798,0.0720348702947542,Low,0.1395430850982364,0.5162195621806889,0.5411332642023498,0.56545717,-0.0243239010388917,High,12.179999999999998,Low,10.15,0.0,False,False,3. Stable / Low-Moderate
12086009066,0.0,0.0,0.0,0.0,120.0,120.0,0.1027239457436667,26.99051207024044,0,-0.1571428571429209,-2.1285714285714143,0.942857142857709,-0.7800000000002361,0.0755012224958824,Low,0.1420598035550432,0.5314749183545672,0.595253148432465,0.60350657,-0.0082534166615291,Critical,27.743999999999996,Low,14.519999999999998,7.739999999999999,False,False,3. Stable / Low-Moderate
12086009049,0.0,0.0,0.0,0.0,120.0,120.0,0.1027239457436667,26.99051207024044,0,0.2000000000000838,-4.857142857144218,3.131428571429637,-1.0257142857147326,0.0650674781387061,Low,0.103677337739014,0.6275959583616997,0.5850417880578329,0.61009616,-0.0250543685393045,Critical,12.095999999999998,Low,10.079999999999998,0.0,False,False,3. Stable / Low-Moderate
12086009060,0.0,0.0,0.0,0.0,120.0,120.0,0.1027239457436667,26.99051207024044,0,0.2400000000000991,-2.411428571429599,0.6057142857146238,-0.0057142857144069,0.0782208609076507,Low,0.1364401986467223,0.5732977647605453,0.5645023618814123,0.57301974,-0.0085173810842859,High,24.773333333333333,Low,12.400000000000002,7.42,True,False,3. Stable / Low-Moderate
12086009039,19.0,0.0,0.2432835820895522,0.0,36.29166666666667,120.0,0.0905716522859274,24.17700069138405,5,-0.4028571428572728,-2.0685714285722465,1.1314285714290218,-1.0257142857145198,0.1188777075203682,Moderate,0.187830778739136,0.6328979111856234,0.4816014360601064,0.44313297,0.0384684693032857,High,24.410285714285717,Low,10.694285714285714,8.682857142857141,False,False,3. Stable / Low-Moderate
12086009040,46.66666666666666,2.1666666666666665,0.3299620733249052,0.2161820480404551,31.671661054994388,36.875,0.1051862439515437,29.037636005969336,13,-0.1514285714288175,-1.6571428571434674,3.482857142858176,0.4000000000000986,0.0851614957818744,Low,0.1511126703033029,0.5635629071403756,0.3134874429307278,0.3235372,-0.0100497577585879,Low,8.917714285714286,Low,1.488571428571429,5.348571428571429,False,False,3. Stable / Low-Moderate
12086009043,12.0,0.0,0.3173913043478261,0.0,29.38095238095238,120.0,0.0883541148839751,32.335830527497194,6,0.1514285714286442,-0.7714285714287555,1.960000000000625,-1.5171428571434349,0.0964573812867902,Moderate,0.1542595125602548,0.6252929215571925,0.4765231168123973,0.46270004,0.0138230776640666,High,24.87428571428572,Low,20.72857142857143,0.0,False,False,3. Stable / Low-Moderate
12086009044,1.3333333333333333,0.0,0.3939393939393939,0.0,33.0,120.0,0.0908094385343322,30.526306717973384,4,0.342857142857276,-0.9428571428579284,2.225714285715401,-0.6371428571429808,0.0915467339860759,Moderate,0.1483805800340162,0.6169724768907688,0.4923197261393809,0.506634,-0.01431427082412,High,9.53904761904762,Low,0.0,7.154285714285714,False,False,3. Stable / Low-Moderate
12086009050,0.0,0.0,0.0,0.0,120.0,120.0,0.1027239457436667,26.99051207024044,0,0.3828571428573192,-4.650000000001211,3.2814285714294527,0.0628571428571436,0.0823542315147198,Low,0.1380160876557317,0.5967002319334306,0.5920388126828007,0.5963328,-0.0042939757846065,Critical,8.42,Low,6.05,0.8699999999999999,False,False,3. Stable / Low-Moderate
12086009102,0.0,0.0,0.0,0.0,120.0,120.0,0.1027239457436667,26.99051207024044,0,-0.28719298088955,-1.1419195841849854,1.4672645433733846,-0.0989366081114809,0.0991124964736104,Moderate,0.193440820635236,0.5123659843260443,0.564625999782337,0.610503,-0.0458770181200373,Critical,27.521333333333327,Low,8.889999999999997,12.64,False,False,3. Stable / Low-Moderate
12086009200,0.0,0.0,0.0,0.0,120.0,120.0,0.1050381096043887,40.81180555555555,5,1.3257142857143016,-2.6000000000001178,1.0114285714291111,0.7971428571431202,0.1198796156988903,Moderate,0.1633758226902075,0.7337659497281035,0.7299682547313071,0.7290634,0.0009048630458212,Critical,39.38209523809524,Moderate,25.205714285714286,6.851428571428571,False,False,3. Stable / Low-Moderate
12086009305,18.33333333333333,5.666666666666667,0.6815144766146993,0.0,36.5643759018759,24.10944444444445,0.1029322938196506,35.34898859922836,9,0.7599999999998519,-2.311428571429028,0.8914285714286947,-0.6228571428572628,0.073880596483821,Low,0.1355247211903949,0.5451447959817478,0.3403001630114909,0.43104467,-0.0907445049477223,Moderate,27.582476190476196,Low,12.56,9.382857142857144,True,False,3. Stable / Low-Moderate
12086009317,0.0,0.0,0.0,0.0,120.0,120.0,0.1027239457436667,26.99051207024044,0,-0.1418881931282294,-0.8018717322527471,1.885018720800033,-0.8171428571430689,0.1107712977354688,Moderate,0.1775414462077896,0.6239179645175652,0.6258095258354025,0.5803875,0.0454220527290182,Critical,37.22533333333333,Moderate,18.41,11.349999999999998,True,False,3. Stable / Low-Moderate
12086009324,0.0,0.0,0.0,0.0,120.0,120.0,0.1027239457436667,26.99051207024044,0,-0.3942857142858786,-1.3999999999997017,1.1914285714290929,-1.5971428571437405,0.1430907595103765,High,0.2319615166026098,0.6168728399698976,0.6305101988407452,0.6167438,0.0137663958164532,Critical,39.79999999999999,Moderate,13.599999999999998,17.609999999999996,False,False,3. Stable / Low-Moderate
12086009321,0.0,0.0,0.0,0.0,120.0,120.0,0.1027239457436667,26.99051207024044,0,0.860000000000402,-4.700000000001292,1.839999999999976,0.3485714285717177,0.1056301964746312,Moderate,0.1892180596878528,0.5582458495182022,0.5640358635703869,0.5788897,-0.0148538640220813,High,27.078666666666667,Low,2.6100000000000003,17.96,False,False,3. Stable / Low-Moderate
12086009323,0.0,0.0,0.0,0.0,120.0,120.0,0.1027239457436667,26.99051207024044,0,-0.2514285714287003,1.3257142857147328,-0.2485714285712653,-0.0857142857142417,0.0841724046329249,Low,0.1624445906582098,0.5181607112423161,0.5385440710074623,0.5823321,-0.0437880036347191,Critical,21.350666666666665,Low,9.97,7.040000000000001,False,False,3. Stable / Low-Moderate
12086009327,0.0,0.0,0.0,0.0,120.0,120.0,0.1027239457436667,26.99051207024044,0,0.0228571428571517,-1.0628571428570486,1.454285714286382,-0.9657142857144052,0.1226282920240146,Moderate,0.2080972502101544,0.5892835772705988,0.612998223684879,0.60576,0.0072382453905064,Critical,31.46266666666667,Low,16.93,8.36,True,False,3. Stable / Low-Moderate
12086009312,66.0,14.666666666666666,0.4776785714285714,0.0,22.664517079736378,23.431578947368426,0.073880596483821,36.5643759018759,7,-0.1971428571428578,-1.262857142857564,0.9028571428574648,-0.0371428571427193,0.0499682283523213,Low,0.0958927096412466,0.5210847471018623,0.3007374489214855,0.3233259,-0.0225884533021015,Low,4.788571428571428,Low,0.0,3.591428571428571,False,False,3. Stable / Low-Moderate
12086009319,0.0,0.0,0.0,0.0,120.0,120.0,0.1027239457436667,26.99051207024044,0,0.0,-3.5057142857157784,3.294285714286721,0.637142857142683,0.0657659399502666,Low,0.1162817967395001,0.5655738197578646,0.5638911884177611,0.5969485,-0.0330573160301759,Critical,9.881333333333334,Low,6.09,1.93,False,False,3. Stable / Low-Moderate
12086009314,15.0,1.3333333333333333,0.5409252669039146,0.0,24.25358796296296,21.77777777777777,0.1571433032968655,57.85265101410935,5,-0.9742857142861664,1.2114285714290696,-0.8485714285717545,-0.9685714285719476,0.2150166129197531,Critical,0.361742375084701,0.5943915552315584,0.4329368659583297,0.43960708,-0.0066702178391251,Moderate,39.31771428571429,Moderate,14.288571428571426,16.62857142857143,False,False,1. Already Critical
12086009315,0.0,0.0,0.0,0.0,120.0,120.0,0.1546399644049127,24.523602537722905,5,0.0,0.3714285714283565,-0.2799999999996425,-1.0285714285718204,0.1858236630340951,Critical,0.2741606903947002,0.677791053000964,0.687772464901957,0.66812897,0.0196434976168007,Critical,57.54971428571427,High,24.32,21.27428571428571,False,False,1. Already Critical
12086009402,0.0,0.0,0.0,0.0,120.0,120.0,0.1027239457436667,26.99051207024044,0,-0.9200000000000556,0.4314285714280254,0.8828571428575807,-0.2771428571427796,0.1094212660476211,Moderate,0.1959401589972183,0.5584422642485177,0.5443055042849491,0.54966694,-0.005361436880975,High,8.986666666666668,Low,0.0,6.74,False,False,3. Stable / Low-Moderate
12086009506,0.0,0.0,0.0,0.0,120.0,120.0,0.1027239457436667,26.99051207024044,0,-0.3485714285714822,-4.382857142859027,2.348571428572388,-0.4971428571430115,0.1452801607153146,High,0.2424870370845698,0.5991254726933989,0.6059422950187132,0.6173086,-0.0113663216194703,Critical,28.33066666666666,Low,9.62,12.589999999999998,False,False,3. Stable / Low-Moderate
12086009503,92.33333333333331,11.666666666666666,0.7586111111111111,0.0,24.9863471019721,36.29962121212122,0.1261065660662837,20.853224671892438,7,0.0028571428572186,-0.9114285714285028,1.257142857142621,-1.5400000000002418,0.0740816661288862,Low,0.1408827457786786,0.5258391701512241,0.2675972955907252,0.29447556,-0.0268782598291966,Low,18.298666666666666,Low,4.274285714285714,9.877142857142855,False,False,3. Stable / Low-Moderate
12086009504,42.0,4.0,0.8499344692005243,0.0,26.370824314574318,26.37916666666667,0.1100807476862706,21.227496886216837,6,0.0171428571425479,-2.268571428571624,1.5542857142861777,-1.254285714286257,0.0853186604783215,Low,0.1625819472740973,0.5247732722408757,0.3127084650536004,0.3229378,-0.0102293215255316,Low,5.616000000000001,Low,4.680000000000001,0.0,False,False,3. Stable / Low-Moderate
12086009602,0.0,0.0,0.0,0.0,120.0,120.0,0.1027239457436667,26.99051207024044,0,-0.9600000000006004,-0.0714285714287594,1.517142857143149,0.8571428571434443,0.0956383515129536,Moderate,0.1694097552930334,0.5645386320730166,0.5842666985585707,0.5905225,-0.0062558291361314,Critical,4.019999999999997,Low,2.449999999999997,0.8099999999999996,False,False,3. Stable / Low-Moderate
12086009703,13.0,0.8333333333333334,0.9603658536585366,0.0,23.48108333333333,120.0,0.0856371704882244,23.44725858080922,2,0.1942857142857848,0.1142857142862632,0.0314285714285302,-0.342857142857045,0.0435197890082485,Low,0.0804253061815593,0.5411205884625796,0.4156815734800907,0.4115655,0.0041160610613437,Moderate,17.823238095238096,Low,6.954285714285714,7.1085714285714285,True,False,3. Stable / Low-Moderate
12086009704,46.333333333333336,8.833333333333334,0.6459227467811158,0.0,25.242024410774416,11.267851851851852,0.0914776692878143,30.97025842116035,9,0.1065591235448676,-1.640179171411023,0.9986635652379752,0.6358217281473962,0.0766692001181708,Low,0.1569766442082873,0.4884115118198148,0.3934890798442976,0.37653428,0.0169547966831343,Moderate,26.27809523809524,Low,16.971428571428568,4.434285714285715,True,False,3. Stable / Low-Moderate
12086009705,50.0,9.833333333333334,0.6712707182320442,0.0,35.466971187025536,10.11111111111111,0.1095022869453555,34.05391216361611,3,1.1171428571431263,-3.3857142857155984,0.9485714285718158,-0.8514285714289577,0.1021173095873653,Moderate,0.1694323359368897,0.6027026011457577,0.4209539950472328,0.39814416,0.0228098393064949,Moderate,17.173333333333332,Low,13.857142857142858,0.4085714285714283,False,False,3. Stable / Low-Moderate
12086009706,26.33333333333333,4.5,0.6909547738693468,0.0,42.86579991645781,24.429166666666674,0.0785069239802899,26.669122115191502,7,-1.7707465473057609,0.8053510337357043,0.0172466434225015,-0.0568389116096191,0.1423353737725403,High,0.2153827264963684,0.6608486023364566,0.4598700047937415,0.4351477,0.0247223020998023,Moderate,38.12457142857143,Moderate,22.922857142857143,7.962857142857143,False,False,3. Stable / Low-Moderate
12086009803,8.0,0.6666666666666666,1.0161290322580645,0.0,30.4,120.0,0.0993054306302321,28.79891289882957,6,-0.78315924684284,-2.3131290364448835,2.5437462087809948,0.1434096127281688,0.0819896975879971,Low,0.1338903654855823,0.6123644318293094,0.4418043125607125,0.45592293,-0.0141186188720114,High,12.495619047619048,Low,5.34,4.565714285714286,False,False,3. Stable / Low-Moderate
12086009804,12.666666666666666,1.1666666666666667,1.1,0.0,30.81571428571428,120.0,0.1163385163921501,32.21170608180806,6,-0.7620803171374919,-1.6417630427690084,1.9657086503378676,-0.6054756401848068,0.0568872976826332,Low,0.0971952001932113,0.5852891662299037,0.4326323610140344,0.45208818,-0.0194558161900976,High,45.71695238095238,Moderate,32.465714285714284,5.0685714285714285,True,False,3. Stable / Low-Moderate
12086009806,20.0,1.6666666666666667,1.0161290322580645,0.0,30.33900000000001,120.0,0.0694384976353151,30.607857142857146,4,0.8457142857146804,-6.685714285716234,2.8800000000008894,1.1114285714288072,0.1643597940898924,Critical,0.2415390937656539,0.6804687039579509,0.5137324609999829,0.46879357,0.0449388900046521,High,31.025142857142857,Low,21.31142857142857,4.088571428571429,False,False,1. Already Critical
12086009809,0.0,0.0,0.0,0.0,120.0,120.0,0.1027239457436667,26.99051207024044,0,0.0428571428573055,-1.1628571428580656,0.4257142857145062,0.8028571428571945,0.0779861501967837,Low,0.1317153544578133,0.5920809348143363,0.5774431845824548,0.582839,-0.0053958275635412,Critical,22.194666666666663,Low,12.84,5.09,False,False,3. Stable / Low-Moderate
12086009812,0.0,0.0,0.0,0.0,120.0,120.0,0.1027239457436667,26.99051207024044,0,0.8996433943078104,-2.000979714618139,1.9036278042557675,-0.6133880006632033,0.0855355536712224,Low,0.1522395826665231,0.56184831942548,0.5622584336395912,0.56545764,-0.0031992084388084,High,21.884,Low,7.369999999999999,9.78,True,False,3. Stable / Low-Moderate
12086009907,0.0,0.0,0.0,0.0,120.0,120.0,0.1027239457436667,26.99051207024044,0,-0.3914285714285184,-3.434285714287388,2.454285714286579,0.0228571428569659,0.1140020164793324,Moderate,0.182890512836983,0.6233347739636257,0.5907753503728955,0.6099812,-0.0192058288644701,Critical,15.873333333333337,Low,6.8500000000000005,5.74,True,False,3. Stable / Low-Moderate
12086009903,52.333333333333336,7.0,0.7784697508896797,0.0,24.25703842940685,41.75757575757576,0.109475275908225,24.76193116181777,10,-0.4771428571430713,-2.697142857143393,2.6142857142862086,0.8771428571432144,0.1064159153615258,Moderate,0.182735865416612,0.582348271473214,0.3259477930030426,0.32869714,-0.0027493519821563,Low,8.110857142857144,Low,2.9971428571428587,3.385714285714286,False,False,3. Stable / Low-Moderate
12086009904,7.666666666666667,1.1666666666666667,1.078512396694215,0.0,30.946250000000003,30.0,0.0978416607660166,20.56497296928218,5,0.0742857142857379,-2.806257184962897,3.136985067806814,-0.4630412304171744,0.2242941774783614,Critical,0.3086834954679685,0.7266153868652042,0.5492808845657803,0.5318602,0.0174207118172146,High,80.2057142857143,Critical,37.77142857142857,26.160000000000004,True,False,1. Already Critical
12086009905,47.333333333333336,7.5,0.75,0.0,24.63332688338493,33.643939393939384,0.0936673273367849,22.500256751046223,4,-0.694285714285842,-1.5142857142865054,1.3514285714290273,0.1314285714285972,0.0744144692850484,Low,0.1336399267608234,0.5568281208222203,0.3210389557978236,0.3425118,-0.0214728471139348,Low,10.593142857142857,Low,2.5514285714285707,5.648571428571429,False,False,3. Stable / Low-Moderate
12086009906,77.0,20.83333333333333,0.7366621067031464,0.0,16.872907509157507,24.61949074074074,0.1323288007853987,25.23242361477914,8,-1.3342857142860474,-3.931428571429837,0.6171428571430563,-0.5657142857146188,0.0892674061705076,Moderate,0.1690237365053171,0.528135325938079,0.2982394139595634,0.3352169,-0.0369774956874245,Low,22.706666666666663,Low,6.985714285714286,10.742857142857142,False,False,3. Stable / Low-Moderate
12086010026,0.0,0.0,0.0,0.0,120.0,120.0,0.1027239457436667,26.99051207024044,0,-1.0028571428577568,-0.8028571428578122,2.754285714286626,-1.1542857142859506,0.214375154904102,Critical,0.3258649992512618,0.6578649299454395,0.6340227546518908,0.584109,0.0499137463396655,Critical,50.25333333333334,High,35.6,5.65,True,False,1. Already Critical
12086010017,0.0,0.0,0.0,0.0,120.0,120.0,0.1027239457436667,26.99051207024044,0,-0.0828571428571581,-1.0600000000004806,2.8428571428580525,-0.2171428571430889,0.1029567983890838,Moderate,0.189987957120401,0.5419122345940964,0.5398243934345379,0.5546289,-0.0148045151996478,High,15.721333333333334,Low,9.39,3.3400000000000003,True,False,3. Stable / Low-Moderate
12086010021,0.0,0.0,0.0,0.0,120.0,120.0,0.1027239457436667,26.99051207024044,0,-0.8885714285719811,-1.9914285714292723,1.3085714285718344,-0.2171428571428957,0.1045896462630495,Moderate,0.1852187018855829,0.5646818879427129,0.5510938893088253,0.5627971,-0.01170323984538,High,8.893333333333333,Low,0.0,6.67,False,False,3. Stable / Low-Moderate
12086010020,0.0,0.0,0.0,0.0,120.0,120.0,0.1027239457436667,26.99051207024044,0,-0.5999999999999237,-0.6228571428571024,0.057142857142721,-1.0400000000000915,0.0816372331969732,Low,0.1310296574369465,0.6230439336701947,0.573892687931566,0.6230986,-0.049205923900099,Critical,49.17333333333333,Moderate,26.8,12.76,True,False,3. Stable / Low-Moderate
12086010010,27.33333333333333,5.0,0.7194719471947195,0.0,27.92940170940171,25.50432098765432,0.0940264990711606,28.38297619047619,8,-0.6799999999999963,-3.2228571428583948,2.11428571428638,0.117142857142976,0.1216218591168827,Moderate,0.2052957630114074,0.5924226459078199,0.3530374595855616,0.39701924,-0.0439817776943303,Moderate,14.99504761904762,Low,1.251428571428573,10.12,False,False,3. Stable / Low-Moderate
12086010024,0.0,0.0,0.0,0.0,120.0,120.0,0.1027239457436667,26.99051207024044,0,-0.5600000000002227,-3.8342857142863775,0.4342857142856226,0.8257142857144603,0.1512241839101908,High,0.2329841054204394,0.6490751102410789,0.6273807322278007,0.60504264,0.0223380958332999,Critical,12.032,Low,0.0599999999999987,8.97,False,False,3. Stable / Low-Moderate
12086010012,36.0,6.5,0.8508005822416302,0.0,27.644166666666663,24.143541666666668,0.1216218591168827,27.92940170940171,4,-1.622857142857364,-0.0314285714286915,0.8114285714286452,-0.0542857142857491,0.0850402567657535,Low,0.1394759614958213,0.6097126404703171,0.362644260122572,0.36741257,-0.0047683070160998,Low,6.978666666666666,Low,4.402857142857142,1.2714285714285716,False,False,3. Stable / Low-Moderate
12086010013,12.0,2.1666666666666665,0.6916666666666667,0.0,26.4767619047619,27.0,0.1041884880260348,29.47870085470085,7,0.7628571428574422,-1.4657142857146086,0.5400000000001327,0.3057142857145843,0.1102841235125414,Moderate,0.1791681577280365,0.6155341714231621,0.3835245694194489,0.4477199,-0.0641953323807067,High,4.914285714285715,Low,0.0,3.685714285714286,False,False,3. Stable / Low-Moderate
12086010015,16.333333333333332,2.5,1.0245664739884393,0.0,30.559722222222216,28.745833333333337,0.0865265980489878,75.514,5,0.2229766418594604,-1.9835756940088252,1.3877116452572644,-0.7885916045948957,0.1586359423397776,High,0.2139842435617707,0.7413440340245625,0.4744846432297239,0.46324676,0.0112378804771909,High,23.12761904761905,Low,13.628571428571426,5.080000000000001,False,False,3. Stable / Low-Moderate
12086010016,10.0,1.6666666666666667,1.044871794871795,0.0,31.028,30.0,0.1192100010329975,51.24147145909646,6,-0.5029506567547735,-0.9866307219099352,0.7262566663200035,-0.908384400776616,0.0867551169351871,Low,0.1336632137751177,0.6490575415996556,0.4588863179315508,0.47979635,-0.0209100320707379,High,17.557714285714287,Low,14.631428571428572,0.0,False,False,3. Stable / Low-Moderate
12086010193,0.0,0.0,0.0,0.0,120.0,120.0,0.113332527056424,15.395867965367964,6,-0.5571428571428874,-0.1628571428574785,2.265714285714985,-1.628571428571857,0.092137739926282,Moderate,0.1240177951229079,0.7429396711574242,0.6812125059742058,0.6267668,0.0544457050937736,Critical,8.086095238095234,Low,6.382857142857141,0.32,False,False,3. Stable / Low-Moderate
12086010198,4.0,0.6666666666666666,0.7586206896551724,0.0,27.39666666666667,19.0,0.1199772734365327,24.94087962962963,5,0.3857142857144316,-6.44571428571598,3.820000000000641,-0.0285714285713041,0.0666972162646231,Low,0.0985224787198977,0.6769746065184304,0.5222549705162985,0.4963531,0.0259018807068808,High,10.584,Low,8.82,0.0,False,False,3. Stable / Low-Moderate
12086010201,0.0,0.0,0.0,0.0,120.0,120.0,0.1156973045496502,66.42205086580087,6,0.4200000000001933,-3.680000000001289,1.6514285714291368,0.9142857142858812,0.1390555667918781,High,0.1814637545636239,0.766299403020029,0.7535277573942276,0.7351996,0.0183281867384048,Critical,7.977142857142857,Low,2.8000000000000003,3.462857142857142,False,False,3. Stable / Low-Moderate
12086010212,0.0,0.0,0.0,0.0,120.0,120.0,0.1027239457436667,26.99051207024044,0,-0.3685714285713903,-0.8314285714293024,1.7228571428574946,-1.6142857142858829,0.0194444250157149,Low,0.0322198695961348,0.6034917353621929,0.5936107869996358,0.6027511,-0.0091402892218303,Critical,12.145333333333332,Low,6.71,3.0700000000000003,True,False,3. Stable / Low-Moderate
12086010205,39.333333333333336,3.8333333333333335,1.051263001485884,0.0,27.978762860082306,24.592592592592585,0.1313804004083779,49.1784387074457,6,0.5485714285715935,-3.137142857143969,1.500000000000555,-1.522857142857561,0.072244776876964,Low,0.1330976902343807,0.5427951210103148,0.3558806936813476,0.40975207,-0.0538713772224304,Moderate,12.42666666666667,Low,4.6000000000000005,5.180000000000001,False,False,3. Stable / Low-Moderate
12086010207,54.333333333333336,5.166666666666667,0.6994736842105264,0.0,27.288282638414216,22.73636363636364,0.1387158144612482,25.12672385163234,7,-0.8142857142859515,-0.7628571428569989,1.397142857143405,-1.5628571428577438,0.1778760273156078,Critical,0.3097812718136241,0.574198776685973,0.4042297353615461,0.3935416,0.0106881310810743,Moderate,56.06857142857143,High,25.17142857142857,19.397142857142857,False,False,1. Already Critical
12086010208,52.0,7.833333333333333,1.028813559322034,0.0,26.402533764967977,26.66428571428571,0.127829586594061,25.647904055054397,4,-0.1114285714285303,2.517142857143723,0.2914285714286724,-0.7428571428573343,0.131364001651262,High,0.2190063904467262,0.5998181212123882,0.4242756682076121,0.40798426,0.0162914114632273,Moderate,39.25371428571428,Moderate,18.96857142857143,12.368571428571428,False,False,3. Stable / Low-Moderate
12086010209,0.0,0.0,0.0,0.0,120.0,120.0,0.1051905182438393,53.60762153056135,5,-0.3771428571429851,-0.757142857142927,1.7600000000002558,-0.0171428571427432,0.1271233980366244,High,0.1815313953258726,0.7002832639964083,0.6868427875491092,0.6716356,0.0152071598025271,Critical,25.521523809523806,Low,10.302857142857142,9.868571428571428,False,False,3. Stable / Low-Moderate
12086010213,0.0,0.0,0.0,0.0,120.0,120.0,0.1027239457436667,26.99051207024044,0,-0.1171428571427856,-1.35142857142928,-0.5714285714284988,-2.234285714286509,0.1688468709426684,Critical,0.2866248466222329,0.5890866508345872,0.6294047605253891,0.6227995,0.0066052448012069,Critical,55.65733333333333,High,33.07000000000001,11.98,False,False,1. Already Critical
12086010303,0.0,0.0,0.0,0.0,120.0,120.0,0.1027239457436667,26.99051207024044,0,0.2114285714286709,-3.0285714285728567,0.5857142857146191,-1.2028571428574883,0.1284607724387222,High,0.1495383404805575,0.8590490707995002,0.9181726356796872,0.7723662,0.1458064099602352,Critical,16.728,Low,13.94,0.0,False,False,3. Stable / Low-Moderate
12086010400,57.66666666666666,4.5,0.4776119402985074,0.0,12.844101731601732,19.8,0.1330894824142512,120.0,7,1.062857142857598,0.3714285714281626,0.7085714285715862,0.2428571428568706,0.104271211062676,Moderate,0.1748765500283021,0.5962561077846098,0.3818098067312355,0.39478472,-0.0129749120206718,Moderate,1.861714285714285,Low,1.5514285714285707,0.0,False,False,3. Stable / Low-Moderate
12086010502,0.0,0.0,0.0,0.0,120.0,120.0,0.1027239457436667,26.99051207024044,0,-0.0776710382340365,-2.331986668201857,3.7081176024917086,-0.0190624321574603,0.0902835436047183,Moderate,0.1412398357796016,0.6392215277395372,0.6453403053288553,0.602117,0.0432233033185098,Critical,27.49866666666667,Low,20.06,2.57,True,False,3. Stable / Low-Moderate
12086010604,16.666666666666668,0.0,0.6818181818181818,0.0,35.27787878787879,120.0,0.0946730112815204,37.51565740740741,7,-0.1942857142856889,-2.425714285714992,2.908571428572136,-0.2685714285713819,0.0914183793005124,Moderate,0.1528693263682447,0.5980164986159224,0.4330987581725669,0.4228501,0.0102486559863638,Moderate,10.067809523809522,Low,3.0057142857142845,4.845714285714286,False,False,3. Stable / Low-Moderate
12086010624,0.0,0.0,0.0,0.0,120.0,120.0,0.1027239457436667,26.99051207024044,0,0.0571428571427515,-0.6142857142861584,3.00571428571555,-0.7628571428574775,0.0994388950814898,Moderate,0.1965602817359317,0.5058951595067447,0.5492094855179175,0.57575774,-0.0265482564101831,High,26.665333333333336,Low,15.21,6.31,True,False,3. Stable / Low-Moderate
12086010608,3.0,0.0,1.0,0.0,40.0,120.0,0.122634816728764,26.19704670665197,4,-0.5542857142858028,-0.2857142857139381,1.685714285714368,-0.6971428571430643,0.0941931427159645,Moderate,0.1569786378526504,0.6000379669772636,0.4873495145069698,0.48396957,0.0033799453007319,High,15.082285714285712,Low,10.797142857142855,1.5942857142857143,False,False,3. Stable / Low-Moderate
12086010609,106.33333333333331,9.166666666666666,0.8538420204191295,0.0,17.11621462542515,22.263937728937726,0.1360345850157861,33.64414131920711,8,-0.962857142857472,2.151428571429,0.0942857142856135,-1.897142857143665,0.1538512541570157,High,0.2522777965197565,0.6098485728012424,0.362176451042829,0.3562248,0.0059516459261755,Low,43.308952380952384,Moderate,28.06857142857143,7.22,False,False,3. Stable / Low-Moderate
12086010610,9.666666666666666,0.6666666666666666,0.0,0.0,36.83287037037037,120.0,0.0956130759253651,36.505823863636365,5,-0.0831437438738418,-2.734823091192083,3.36052543519764,-2.7431437438747808,0.0881379892906893,Moderate,0.1258026032626419,0.7006054485747082,0.5565143965403212,0.5248009,0.0317134998957289,High,18.84190476190476,Low,1.9428571428571424,12.382857142857144,False,False,3. Stable / Low-Moderate
12086010618,0.0,0.0,0.0,0.0,120.0,120.0,0.1027239457436667,26.99051207024044,0,-0.6000000000002713,1.0199999999999545,0.6771428571432148,-2.057142857143478,0.122304757706003,Moderate,0.1857347449690506,0.6584915370916893,0.6201891019486313,0.61844856,0.0017405464791183,Critical,20.51466666666667,Low,2.540000000000001,13.1,False,False,3. Stable / Low-Moderate
12086010613,17.666666666666668,1.0,0.266497461928934,0.0,36.08291666666667,120.0,0.0887434401797566,36.0864534231201,6,-0.637123625471804,-3.977166526893274,3.14855071754233,-1.2541821591331164,0.1150121104564759,Moderate,0.1578036078009494,0.7288306779497083,0.5261980579375894,0.4492497,0.0769483433246286,High,18.90209523809524,Low,14.97714285714286,0.6971428571428557,False,False,3. Stable / Low-Moderate
12086010622,0.0,0.0,0.0,0.0,120.0,120.0,0.1027239457436667,26.99051207024044,0,0.0473893162334759,0.6689256166237861,0.0336252930525053,-1.7475568192861812,0.0753742252447711,Low,0.1314404097725094,0.5734478869567212,0.5766381961269804,0.5994982,-0.0228600162105134,Critical,27.296,Low,16.68,5.459999999999999,False,False,3. Stable / Low-Moderate
12086010626,0.0,0.0,0.0,0.0,120.0,120.0,0.1027239457436667,26.99051207024044,0,-0.0857142857142318,-1.4600000000010724,1.6514285714291106,-0.4342857142853383,0.1476058806702696,High,0.2185402576383287,0.6754173453686904,0.6385562638476798,0.6175184,0.0210378388598868,Critical,12.026666666666667,Low,0.0,9.02,False,False,3. Stable / Low-Moderate
12086010708,0.0,0.0,0.0,0.0,120.0,120.0,0.1027239457436667,26.99051207024044,0,0.0916830850771437,-3.419363715880561,1.1006362841211783,-0.5016354773450374,0.1921745083239084,Critical,0.2739917346688341,0.7013879763788646,0.6889607336535336,0.6228618,0.0660989310755612,Critical,27.846666666666668,Low,11.65,10.4,False,False,1. Already Critical
12086010706,0.0,0.0,0.0,0.0,120.0,120.0,0.1027239457436667,26.99051207024044,0,-0.5433411447107288,-1.9194387638084147,0.6715040894484706,-2.322889752912359,0.1148195460113553,Moderate,0.1689447586026192,0.6796277491000853,0.6343490524245201,0.64592296,-0.0115739064263404,Critical,19.29333333333333,Low,0.0,14.47,False,False,3. Stable / Low-Moderate
12086010805,0.0,0.0,0.0,0.0,120.0,120.0,0.1027239457436667,26.99051207024044,0,-0.5714285714286437,2.2714285714291838,1.2285714285717009,-1.362857142857077,0.1936045013979861,Critical,0.2813224238515475,0.6881943456457288,0.6861309281007772,0.6639293,0.0222016444818502,Critical,46.885333333333335,Moderate,27.06,10.81,False,False,1. Already Critical
12086010804,0.0,0.0,0.0,0.0,120.0,120.0,0.1027239457436667,26.99051207024044,0,0.3428571428573843,-1.8685714285716395,3.1885714285725943,-1.1771428571433995,0.195129504392455,Critical,0.3021057109555287,0.6458980989643687,0.6542781351436672,0.6365098,0.0177683590282496,Critical,75.65866666666668,Critical,40.06,20.69,True,False,1. Already Critical
12086010900,21.0,1.0,0.8576642335766423,0.0,44.708888888888886,120.0,0.082721948694758,22.443276014109347,6,-0.2828571428571009,3.037142857143825,0.0885714285714678,0.0514285714288361,0.175336904703961,Critical,0.2712812506574382,0.6463288718960108,0.4815419182562843,0.46264914,0.0188927814745918,High,38.18895238095238,Moderate,29.04,2.5057142857142853,False,False,1. Already Critical
12086011011,0.0,0.0,0.0,0.0,120.0,120.0,0.1027239457436667,26.99051207024044,0,-0.860000000000306,6.031428571430697,1.3668554053951024e-13,-1.2485714285720768,0.1153890517062154,Moderate,0.1979168464354908,0.5830178369572263,0.6423986441749439,0.64874285,-0.0063442104202404,Critical,31.084,Low,23.770000000000003,1.9199999999999997,False,False,3. Stable / Low-Moderate
12086011003,34.0,1.0,0.7706093189964157,0.0,22.443276014109347,120.0,0.175336904703961,44.708888888888886,3,-0.3028571428571996,-0.7542857142860833,0.2742857142857987,-0.7600000000002665,0.082721948694758,Low,0.1502629028700383,0.5505147785298934,0.3856951313601203,0.37389293,0.011802198229856,Moderate,0.0,Low,0.0,0.0,False,False,3. Stable / Low-Moderate
12086011013,0.0,0.0,0.0,0.0,120.0,120.0,0.1027239457436667,26.99051207024044,0,-0.4828571428570651,-2.9171428571433013,4.102857142857864,1.0942857142865787,0.1465261279081199,High,0.2074492463259809,0.7063227777548644,0.6993809681435689,0.62656945,0.072811518241988,Critical,53.58933333333334,High,39.18000000000001,4.93,True,False,3. Stable / Low-Moderate
12086011015,0.0,0.0,0.0,0.0,120.0,120.0,0.1027239457436667,26.99051207024044,0,0.4541792552563917,-0.5311712954414456,1.5285714285720655,-0.4913442913637171,0.0671240257186451,Low,0.1073357868661765,0.6253648263866893,0.6365782336053607,0.616841,0.01973721540544,Critical,2.052,Low,1.7100000000000002,0.0,False,False,3. Stable / Low-Moderate
12086011008,1.0,0.0,0.3333333333333333,0.0,60.0,120.0,0.3441996171067782,37.01805555555556,6,0.205714285714344,0.8742857142859453,-0.7200000000002523,-0.6600000000001036,0.1170495867106596,Moderate,0.1687092847008936,0.6937945763813653,0.6158511216967444,0.59934527,0.0165058548777441,Critical,4.651809523809525,Low,3.3400000000000003,0.4828571428571428,False,False,3. Stable / Low-Moderate
12086011009,9.333333333333334,0.3333333333333333,0.6258992805755396,0.0,50.266666666666666,29.0,0.1170495867106596,60.0,4,-0.2571428571427879,2.462857142857638,-0.2085714285714239,-1.7742857142862372,0.100552822449169,Moderate,0.1574944271684777,0.6384532091513553,0.4817479218256413,0.52728546,-0.0455375348317683,High,12.030857142857144,Low,4.140000000000001,5.297142857142857,False,False,3. Stable / Low-Moderate
12086011104,0.0,0.0,0.0,0.0,120.0,120.0,0.1027239457436667,26.99051207024044,0,-2.3000000000006606,-0.4057142857134224,1.802857142857732,-1.86857142857234,0.1632951083436152,Critical,0.3052867028667619,0.534890995284793,0.6104354499506417,0.58220255,0.0282328962015572,Critical,65.648,Critical,21.739999999999995,29.67,False,False,1. Already Critical
12086011106,0.0,0.0,0.0,0.0,120.0,120.0,0.1027239457436667,26.99051207024044,0,-0.2857142857142494,1.1057142857152222,0.9742857142862787,-2.4228571428579952,0.1664781303180381,Critical,0.2668789622477846,0.6237963791371122,0.6652722341263055,0.6509043,0.0143679362976312,Critical,58.46266666666668,High,34.230000000000004,13.04,True,False,1. Already Critical
12086011206,0.0,0.0,0.0,0.0,120.0,120.0,0.1027239457436667,26.99051207024044,0,-0.7428571428570485,0.114285714285403,1.5685714285718992,-0.5542857142857178,0.08710977513687,Low,0.1405228807261668,0.6198974479225096,0.6410858783223274,0.58507717,0.0560087117650154,Critical,31.294666666666668,Low,23.790000000000003,2.0600000000000005,False,False,3. Stable / Low-Moderate
12086011204,0.0,0.0,0.0,0.0,120.0,120.0,0.1027239457436667,26.99051207024044,0,-0.494285714285789,1.8199999999982888,2.351428571429192,-3.1142857142870373,0.0444288818795311,Low,0.0796614529509307,0.5577212093645607,0.6171419814338991,0.61175954,0.0053824380150148,Critical,17.189333333333334,Low,8.08,5.620000000000001,True,False,3. Stable / Low-Moderate
12086011302,0.0,0.0,0.0,0.0,120.0,120.0,0.1027239457436667,26.99051207024044,0,0.0685714285718393,1.491428571428176,1.4600000000007187,-0.5171428571431189,0.2448636843389762,Critical,0.4472576536548803,0.5474779075059084,0.6217219706221473,0.62386966,-0.0021476868943322,Critical,87.03866666666667,Critical,42.41,27.11,False,False,1. Already Critical
12086011412,0.0,0.0,0.0,0.0,120.0,120.0,0.1027239457436667,26.99051207024044,0,-1.0657142577767194,1.8857161016908155,-0.3971423542569305,1.1428579251237274,0.1328351831076961,High,0.171618018503621,0.774016529650664,0.7678887752026583,0.6518423,0.1160464790791536,Critical,11.291999999999998,Low,9.409999999999998,0.0,False,False,3. Stable / Low-Moderate
12086011406,0.0,0.0,0.0,0.0,120.0,120.0,0.1027239457436667,26.99051207024044,0,0.2542857142857793,3.251428571428832,0.3371428571433116,0.0599999999997162,0.1256473942499682,High,0.2062352736549126,0.6092429875027597,0.6594700465333097,0.6489507,0.0105193505417935,Critical,56.882666666666665,High,31.08,14.69,True,False,3. Stable / Low-Moderate
12086011408,0.0,0.0,0.0,0.0,120.0,120.0,0.1027239457436667,26.99051207024044,0,-0.322903626318001,2.311264289317868,-0.7436938451561049,-2.238444394051921,0.1220248073272046,Moderate,0.1682674911544476,0.7251834949818188,0.7406535131444256,0.71546024,0.0251932723035137,Critical,40.94400000000001,Moderate,34.120000000000005,0.0,False,False,3. Stable / Low-Moderate
12086011500,1.3333333333333333,0.0,0.4318181818181818,0.0,41.155555555555566,120.0,0.1193657884387061,16.081168831168828,12,-0.5971437024496917,-2.199993730643709,3.4571446181998,-0.6314225133976844,0.09428318820682,Moderate,0.1297329490023212,0.7267482080063796,0.5459176061490167,0.53375477,0.0121628401616205,High,9.775619047619047,Low,7.282857142857143,0.7771428571428571,False,False,3. Stable / Low-Moderate
12086011602,0.0,0.0,0.0,0.0,120.0,120.0,0.1027239457436667,26.99051207024044,0,0.3485714285716069,-1.1971428571439269,0.7485714285720235,-0.5371428571430955,0.0536966785159929,Low,0.0913473325259449,0.5878297376745153,0.565695655564614,0.6035765,-0.0378808257777016,Critical,16.21333333333333,Low,0.0,12.16,False,False,3. Stable / Low-Moderate
12086011702,0.0,0.0,0.0,0.0,120.0,120.0,0.1027239457436667,26.99051207024044,0,-0.0314285714286244,-0.8514285714289384,0.7542857142860512,-0.8514285714287304,0.1495076789551086,High,0.2155140040963085,0.6937260508059463,0.6616827292778783,0.63390905,0.0277736826279454,Critical,28.558666666666667,Low,11.91,10.7,False,False,3. Stable / Low-Moderate
12086011800,0.0,0.0,0.0,0.0,120.0,120.0,0.1238619031649545,28.41812962962963,4,-0.0714285714285707,-0.9685714285714192,0.7028571428573399,0.4200000000002417,0.0862980791627886,Low,0.1172154751831783,0.7362345204669133,0.6625251344968195,0.6142398,0.0482853225995416,Critical,9.130285714285716,Low,7.608571428571429,0.0,False,False,3. Stable / Low-Moderate
12086011900,4.666666666666667,1.0,0.5666666666666667,0.0,23.666666666666664,25.0,0.0843854759874083,92.8029761904762,7,-0.1800000000000585,-1.3257142857148658,2.0571428571435946,-0.602857142857376,0.126194650219899,High,0.1745836364217927,0.7228320637967107,0.6027144603588239,0.47221553,0.1304989271022931,High,22.63085714285714,Low,14.782857142857145,3.6685714285714286,True,False,3. Stable / Low-Moderate
12086012002,0.0,0.0,0.0,0.0,120.0,120.0,0.1027239457436667,26.99051207024044,0,0.7828571428574221,0.1685714285709921,1.217142857143288,1.2657142857147845,0.1382553020770168,High,0.2128836490357172,0.6494406813452382,0.6426249679604984,0.6212732,0.0213517483750796,Critical,30.612,Low,5.109999999999999,18.36,False,False,3. Stable / Low-Moderate
12086012101,0.0,0.0,0.0,0.0,120.0,120.0,0.1027239457436667,26.99051207024044,0,-0.3142857142856743,-2.034285714286735,0.5028571428571541,-0.9142857142861602,0.08240105423923,Low,0.1395014492242915,0.5906824244294765,0.570623906093763,0.59283125,-0.0222073479116691,Critical,10.044,Low,8.370000000000001,0.0,False,False,3. Stable / Low-Moderate
12086012200,7.0,0.6666666666666666,0.0,0.0,65.60595238095239,120.0,0.126194650219899,23.666666666666664,6,-0.1828571428570027,-2.0857142857150013,1.5228571428576425,-0.665714285714468,0.0824728728120282,Low,0.1313855923247773,0.6277162613702739,0.474047019934624,0.508839,-0.0347919912576977,High,16.67961904761905,Low,12.902857142857144,0.8971428571428571,False,False,3. Stable / Low-Moderate
12086012302,0.0,0.0,0.0,0.0,120.0,120.0,0.1027239457436667,26.99051207024044,0,-0.3428571428573327,-1.128571428572272,2.468571428572389,-1.0657142857145148,0.1510660745473428,High,0.2005975745196991,0.7530802648489041,0.7705843509586074,0.63033646,0.1402478875072219,Critical,28.76,Low,15.5,7.62,True,False,3. Stable / Low-Moderate
12086012403,0.0,0.0,0.0,0.0,120.0,120.0,0.1027239457436667,26.99051207024044,0,-0.1766949169987893,-5.175514706722814,2.5282055073051213,0.014161571291236,0.1297540353101632,High,0.187982180474764,0.6902464636938406,0.6340961522650895,0.61042416,0.0236719913077531,Critical,18.69333333333333,Low,3.5000000000000004,10.87,True,False,3. Stable / Low-Moderate
12086012501,0.0,0.0,0.0,0.0,120.0,120.0,0.1027239457436667,26.99051207024044,0,-0.1628571428571995,-0.3371428571429904,-0.565714285714245,-1.1857142857146858,0.1665749539165582,Critical,0.2457002855784254,0.6779599524046499,0.6528075541603426,0.6389807,0.0138268674957613,Critical,28.46,Low,15.15,7.71,True,False,1. Already Critical
12086012601,0.0,0.0,0.0,0.0,120.0,120.0,0.1027239457436667,26.99051207024044,0,-0.0285714285714249,2.5257142857145536,-1.600000000000211,0.6428571428573197,0.0966740199527722,Moderate,0.1662556711288232,0.5814780289681932,0.5754829795435319,0.64242166,-0.0669386832639327,Critical,15.681333333333336,Low,11.99,0.97,False,False,3. Stable / Low-Moderate
12086012701,0.0,0.0,0.0,0.0,120.0,120.0,0.1027239457436667,26.99051207024044,0,-0.0914450468202609,-3.551375268691229,1.7542934674114783,0.642863926842016,0.0720603197668681,Low,0.119078321966947,0.6051506149613883,0.5934475180624583,0.57414645,0.0193010684965708,High,11.290666666666668,Low,5.62,3.41,False,False,3. Stable / Low-Moderate
12086012802,0.0,0.0,0.0,0.0,120.0,120.0,0.1027239457436667,26.99051207024044,0,-0.2800000000000587,-1.02000000000012,0.6400000000001109,0.5571428571430768,0.0419620182750728,Low,0.0739078941790145,0.5677609779198334,0.5743745595591973,0.58484006,-0.0104654997211982,Critical,2.364,Low,1.97,0.0,False,False,3. Stable / Low-Moderate
12086012900,12.666666666666666,0.1666666666666666,0.0512820512820512,0.0,39.885504273504274,120.0,0.1327557440758106,43.76878523328524,9,-0.1657420243135943,1.5742464179372937,-1.4971000934696497,-0.1771393898178595,0.1138766582192228,Moderate,0.1754244425106359,0.6491493237170672,0.4982365421083478,0.48738527,0.0108512691286114,High,21.929142857142857,Low,18.274285714285718,0.0,False,False,3. Stable / Low-Moderate
12086013000,6.666666666666667,0.0,0.0555555555555555,0.0,28.503888888888884,120.0,0.1426547451193295,48.41529141229142,6,0.0,-0.2800000000005919,-0.0171428571425309,-1.368571428571869,0.1331558016371371,High,0.2124395240423006,0.6267939181158371,0.5440939956105494,0.54172474,0.0023692541516565,High,29.500571428571423,Low,19.545714285714283,4.534285714285714,True,False,3. Stable / Low-Moderate
12086013100,2.0,0.3333333333333333,0.0,0.0,62.8,120.0,0.1235162299281799,34.19469658119658,5,-0.1999999999999723,0.1742857142853075,-0.5914285714287293,-0.1714285714284429,0.1430557613900418,High,0.2064643157190575,0.6928837116080745,0.575612742013196,0.5789759,-0.0033631738956174,High,27.40457142857143,Low,22.837142857142855,0.0,False,False,3. Stable / Low-Moderate
12086013202,0.0,0.0,0.0,0.0,120.0,120.0,0.1027239457436667,26.99051207024044,0,0.1171428571429603,1.662857142857248,-1.320000000000403,-0.3114285714288089,0.0776488200427017,Low,0.1469637041478903,0.5283537217091597,0.5490181554461376,0.6003104,-0.0512922297810657,Critical,8.194666666666667,Low,4.34,2.24,False,False,3. Stable / Low-Moderate
12086013302,0.0,0.0,0.0,0.0,120.0,120.0,0.1027239457436667,26.99051207024044,0,0.0,0.8735321746272992,-1.4536761091685155,-0.7084571276117555,0.1272218527149647,High,0.1956918186026404,0.6501132935623305,0.6598973347977951,0.6314419,0.0284554436044052,Critical,29.516000000000005,Low,20.130000000000003,4.02,True,False,3. Stable / Low-Moderate
12086013400,3.0,0.0,1.2954545454545454,0.0,68.5,120.0,0.1229742508645806,28.65959744607245,8,0.0800000000000251,0.528571428571376,-0.5657142857142331,1.0142857142860873,0.1500636062340533,High,0.2475103317973085,0.6062922914949004,0.4903666137092994,0.51250416,-0.0221375466949059,High,36.77409523809524,Moderate,22.594285714285714,7.245714285714285,True,False,3. Stable / Low-Moderate
12086013500,7.333333333333333,0.1666666666666666,0.3016528925619834,0.0,22.475661375661375,120.0,0.1468191942465335,38.44505455840456,8,-0.1285714285714884,1.9628571428579435,-2.448571428572252,0.9142857142861104,0.1636229546340001,Critical,0.2651296548607242,0.617143166123583,0.4727322781235261,0.4649781,0.0077541792542024,High,41.94590476190477,Moderate,23.862857142857145,9.982857142857144,False,False,1. Already Critical
12086013600,7.333333333333333,0.6666666666666666,0.9135338345864662,0.0,31.08229166666667,120.0,0.1653258563029421,47.6471879899079,8,0.0314285714285697,-0.3857142857139589,-0.1514285714289145,0.1571428571431218,0.1219832922225013,Moderate,0.2091774851455561,0.5831568925193802,0.419240183568357,0.41557044,0.0036697456601844,Moderate,23.709714285714284,Low,10.834285714285713,8.03142857142857,False,False,3. Stable / Low-Moderate
12086013700,12.0,1.3333333333333333,0.7717391304347826,0.0,32.41895061728395,35.95,0.1040743309217253,25.584880432710296,7,-0.1485714285714804,2.631428571429908,-1.617142857143519,0.6428571428573872,0.1505083129232673,High,0.2437805068534366,0.6173927311331522,0.5108995639793097,0.48444033,0.0264592372886358,High,29.06361904761905,Low,11.422857142857143,11.517142857142858,False,False,3. Stable / Low-Moderate
12086013802,0.0,0.0,0.0,0.0,120.0,120.0,0.1027239457436667,26.99051207024044,0,0.6057142857144794,-0.9057142857144348,-0.8742857142858536,1.022857142857556,0.1686231219090919,Critical,0.274868247300873,0.6134689021555689,0.6449853790994762,0.6495797,-0.0045943247083546,Critical,39.828,Moderate,33.19,0.0,False,False,1. Already Critical
12086013900,6.666666666666667,0.8333333333333334,0.988,0.0,21.350641025641025,22.0,0.1285778049797316,44.19687055742611,5,-0.1811946104369044,2.131309470078126,-0.5401194754415517,0.9038960449495368,0.0822325476100418,Low,0.1543262399372188,0.5328487731152829,0.3528891002232427,0.39701843,-0.0441293323939447,Moderate,15.324571428571431,Low,11.837142857142858,0.8400000000000002,False,False,3. Stable / Low-Moderate
12086014100,2.6666666666666665,0.1666666666666666,0.0,0.0,19.857142857142858,120.0,0.0957206572738242,64.48996148236982,11,-0.0001323963912589,4.577844845348978,-0.0018204503798105,0.0,0.1278722142889158,High,0.1490000407552742,0.8582025457223874,0.6987567907179243,0.6841658,0.0145910149420148,Critical,60.0,High,66.93,0.0,False,False,3. Stable / Low-Moderate
12086014200,0.0,0.0,0.0,0.0,120.0,120.0,0.1095093261550784,52.6705291005291,3,0.4114285714287333,0.1228571428569839,0.0571428571430686,-1.4485714285717637,0.0459720750307289,Low,0.0647222618109421,0.7102977205125544,0.6743134570152708,0.6868678,-0.0125543165175966,Critical,4.538666666666667,Low,1.56,2.0,False,False,3. Stable / Low-Moderate
12086014300,0.0,0.0,0.0,0.0,120.0,120.0,0.0991420610140956,69.50289682539683,4,0.0342662500142166,-2.3428857667866194,2.0086355461723806,0.3771485819286923,0.1308822811616535,High,0.1614289579996672,0.8107732514876502,0.7858245190113209,0.7429039,0.0429206307857654,Critical,15.72342857142857,Low,11.96,1.0285714285714285,False,False,3. Stable / Low-Moderate
12086014400,0.0,0.0,0.0,0.0,120.0,120.0,0.0904640771181727,40.592189165442505,6,-0.0428571428571453,-0.737142857142894,1.7057142857145506,-0.6600000000005264,0.152950471722072,High,0.1933195332215947,0.7911796039086789,0.7491709261426948,0.71615493,0.0330159931669257,Critical,27.018666666666668,Low,22.302857142857142,0.1914285714285716,False,False,3. Stable / Low-Moderate
12086014500,20.33333333333333,1.6666666666666667,0.5122615803814714,0.0,18.154444444444447,30.0,0.1589049022412484,58.73291865079365,12,-0.045714285714297,-0.5771428571430357,-0.6057142857143596,-0.6514285714287082,0.069773483014666,Low,0.1204018230086534,0.5795052040835902,0.3669034881461457,0.3909879,-0.0240844147335692,Moderate,5.461714285714284,Low,1.437142857142856,2.802857142857143,False,False,3. Stable / Low-Moderate
12086014602,0.0,0.0,0.0,0.0,120.0,120.0,0.1027239457436667,26.99051207024044,0,-0.0228571428570832,-5.525714285715855,2.414285714286055,1.2771428571431096,0.0881967321904301,Moderate,0.1511741279960562,0.5834115490497884,0.5780492103734378,0.5750369,0.0030123270192508,High,20.950666666666667,Low,10.57,6.199999999999999,True,False,3. Stable / Low-Moderate
12086014702,0.0,0.0,0.0,0.0,120.0,120.0,0.1027239457436667,26.99051207024044,0,0.0714285714286053,-1.5228571428578226,2.40857142857235,-0.1142857142860197,0.080638956067207,Low,0.135475584826124,0.5952286987408322,0.5794961507249095,0.5847687,-0.0052725617956899,Critical,17.201333333333338,Low,12.090000000000002,2.0200000000000005,False,False,3. Stable / Low-Moderate
12086014800,8.333333333333334,0.0,0.378698224852071,0.0,31.95,120.0,0.0841188580186665,26.691213804713808,5,0.6714285714288366,0.5971428571431409,0.4657142857144047,-1.2028571428573511,0.190437171222287,Critical,0.2806175501796772,0.6786359979992398,0.5117939129041348,0.493357,0.0184369101689968,High,44.71352380952381,Moderate,23.448571428571427,12.431428571428572,True,False,1. Already Critical
12086014900,26.33333333333333,0.8333333333333334,0.7750511247443763,0.0,31.821166666666667,120.0,0.117727749578964,25.0149044011544,5,-0.0542857142857589,-2.6400000000006787,1.348571428571617,-0.402857142857414,0.0997549612513464,Moderate,0.1691586386609462,0.5897124855165726,0.3741106307867325,0.40345272,-0.0293420934316359,Moderate,9.98247619047619,Low,6.817142857142857,1.3514285714285714,False,False,3. Stable / Low-Moderate
12086015002,0.0,0.0,0.0,0.0,120.0,120.0,0.1027239457436667,26.99051207024044,0,-0.0428571428571374,-4.3542857142876255,3.800000000001402,-1.0628571428573643,0.1120632239487193,Moderate,0.181696026898109,0.6167621046087144,0.597264557950534,0.5899475,0.00731703626398,Critical,13.86,Low,11.55,0.0,False,False,3. Stable / Low-Moderate
12086015201,0.0,0.0,0.0,0.0,120.0,120.0,0.1027239457436667,26.99051207024044,0,0.0028571428571574,-4.942857142859108,1.6171428571435975,0.3771428571430754,0.0472774017275659,Low,0.065900191243015,0.7174091734153661,0.6628948596967359,0.6251969,0.0376979855550427,Critical,19.272,Low,16.060000000000002,0.0,False,False,3. Stable / Low-Moderate
12086015300,15.666666666666666,2.5,0.3411552346570397,0.0,27.93174603174603,32.5,0.0863182278923878,35.43269507575758,7,0.0142857142857671,-2.2285714285724607,2.274285714286608,0.062857142857058,0.0896674242142803,Moderate,0.1421644710065623,0.630730192849248,0.4113995514960987,0.41182438,-0.0004248238949077,Moderate,5.196190476190476,Low,2.457142857142857,1.685714285714286,False,False,3. Stable / Low-Moderate
12086015400,43.0,6.0,0.6428571428571429,0.0,30.098030303030303,32.083333333333336,0.0993825559252717,35.9479716802805,10,-0.1800000000000436,-1.2400000000008555,1.231428571429288,0.3028571428571683,0.0828281297899872,Low,0.1448106255982063,0.5719754986751001,0.3536024471557432,0.37872452,-0.0251220682823366,Moderate,16.598857142857142,Low,11.422857142857143,2.1685714285714286,False,False,3. Stable / Low-Moderate
12086015501,0.0,0.0,0.0,0.0,120.0,120.0,0.1027239457436667,26.99051207024044,0,-0.3400000000000684,0.5828571428572978,-0.1057142857140499,-1.737142857143246,0.1345785486558975,High,0.2370920195089712,0.5676215881690835,0.5724695987841187,0.6478156,-0.0753459863522948,Critical,30.25333333333333,Low,19.8,4.87,False,False,3. Stable / Low-Moderate
12086015600,18.0,2.0,0.7619047619047619,0.0,22.825252525252523,30.0,0.0743306804334057,29.523892341092097,7,0.1485714285714921,-4.34000000000113,4.654285714286967,-0.3428571428572248,0.0570728950513291,Low,0.1023278181042905,0.5577456463809439,0.4359294377232552,0.4411164,-0.005186954889202,Moderate,4.582857142857144,Low,0.0285714285714293,3.411428571428571,False,False,3. Stable / Low-Moderate
12086015700,37.66666666666666,3.6666666666666665,0.8123861566484517,0.0,34.32310731751909,31.363636363636363,0.0806177297156686,29.7107095959596,11,0.0714285714286018,-0.3542857142860353,0.5514285714287974,-0.5400000000000305,0.088987682868308,Moderate,0.157398300983605,0.5653662225844307,0.3525825018015119,0.37244362,-0.0198611145887163,Low,0.0,Low,0.0,0.0,False,False,3. Stable / Low-Moderate
12086015800,3.0,0.0,0.4333333333333333,0.0,58.15555555555557,120.0,0.0862922337796664,33.578618730534174,6,-0.1857142857143468,0.1399999999999724,0.2257142857143641,-1.131428571428842,0.0767811583597643,Low,0.125440927570748,0.6120901674332737,0.4717509282379072,0.5352644,-0.0635134445877153,High,5.0194285714285725,Low,2.868571428571429,1.182857142857143,False,False,3. Stable / Low-Moderate
12086015900,16.666666666666668,1.3333333333333333,0.9149659863945578,0.0,31.802142857142854,35.0,0.0938043805594877,40.19670942760943,6,-0.0714285714285827,-1.517142857143132,1.837142857143416,-2.185714285715254,0.0657006758875857,Low,0.1146374151394963,0.5731172131510289,0.3762262569244973,0.39420623,-0.0179799689475425,Moderate,13.49447619047619,Low,9.448571428571428,1.6171428571428574,False,False,3. Stable / Low-Moderate
12086016000,17.333333333333332,1.3333333333333333,0.9041095890410958,0.0,35.65208333333333,35.0,0.087906493696284,35.64396618967452,6,-0.0571428571428766,-0.6257142857142873,1.2314285714289124,-1.1428571428575962,0.0843488176733305,Low,0.1462805415277598,0.5766236356003892,0.3820126180406636,0.3999473,-0.0179346676114969,Moderate,9.578666666666669,Low,4.702857142857145,2.951428571428571,False,False,3. Stable / Low-Moderate
12086016100,7.0,0.6666666666666666,0.7389380530973452,0.0,46.954,35.0,0.0955961223220844,36.927216159612,7,-0.8571428571431707,-6.545714285716107,3.800000000000992,-0.5971428571430583,0.0641789353114944,Low,0.1062429240194571,0.6040772682399144,0.413263882006016,0.4255562,-0.0122923306576344,Moderate,4.678095238095239,Low,0.0,3.508571428571429,False,False,3. Stable / Low-Moderate
12086016200,4.0,0.6666666666666666,0.9411764705882352,0.0,29.026666666666664,35.0,0.0835031675183905,41.76832948532949,4,-0.2885714285715494,-2.900000000001137,3.9400000000013895,-0.3771428571429513,0.1139170287947392,Moderate,0.1715366953655794,0.6640971399848818,0.4938852661785569,0.46315518,0.0307300859627213,High,12.823238095238093,Low,1.0542857142857134,8.668571428571429,False,False,3. Stable / Low-Moderate
12086016300,8.333333333333334,0.6666666666666666,0.69921875,0.0,50.41924242424243,35.0,0.0882154749492986,40.032011700336696,8,-0.1428571428572202,-1.2057142857145091,2.354285714286429,-0.6942857142860447,0.096663143029397,Moderate,0.1409595769784199,0.6857508024743547,0.4615904994650434,0.45231637,0.0092741258783887,High,14.712761904761903,Low,11.597142857142858,0.5971428571428572,True,False,3. Stable / Low-Moderate
12086016402,0.0,0.0,0.0,0.0,120.0,120.0,0.1027239457436667,26.99051207024044,0,0.114285714285809,-1.8771428571436488,1.1228571428575889,-0.7771428571431576,0.1401818912447427,High,0.1938871246711322,0.7230077370145989,0.6665131864568521,0.62391466,0.0425985274335671,Critical,21.72,Low,8.299999999999999,8.82,True,False,3. Stable / Low-Moderate
12086016502,0.0,0.0,0.0,0.0,120.0,120.0,0.1027239457436667,26.99051207024044,0,-0.0457159704646878,-0.4514201476771728,0.371388979794329,-0.1257083890880434,0.0653262367791454,Low,0.0963467781873756,0.6780323951476475,0.6541830729797645,0.6129245,0.0412585567787452,Critical,12.734666666666666,Low,5.989999999999998,4.16,False,False,3. Stable / Low-Moderate
12086016600,2.6666666666666665,0.0,0.2096774193548387,0.0,45.64583333333333,120.0,0.1204613352617872,37.18364741161616,6,-0.2171428571429067,-2.120000000000838,1.6400000000005597,-1.642857142857376,0.0740010904194999,Low,0.1147737205873517,0.6447563958090852,0.5065595760701457,0.51768446,-0.0111248836161336,High,13.635809523809522,Low,7.588571428571428,3.397142857142857,False,False,3. Stable / Low-Moderate
12086016700,6.333333333333333,0.3333333333333333,0.5421052631578948,0.0,39.546875,30.0,0.110977957893421,40.12903858024691,7,-0.1057142857142978,-0.8542857142860372,-0.2171428571430813,-0.0771428571433365,0.0715689698191883,Low,0.1159752695837231,0.6171054404622216,0.4178505840026995,0.4306751,-0.0128245053565839,Moderate,20.164571428571428,Low,12.994285714285716,3.4285714285714284,True,False,3. Stable / Low-Moderate
12086016800,20.0,1.3333333333333333,0.7623456790123457,0.0,38.98668350168349,30.0,0.0927324619248871,36.25013881540271,10,0.0,-6.262857142859524,3.4942857142870247,-0.8514285714285018,0.1174113504015715,Moderate,0.1786529095720588,0.6572036844113878,0.4673306367602873,0.4379108,0.0294198415484953,Moderate,25.331809523809525,Low,14.125714285714285,6.285714285714287,True,False,3. Stable / Low-Moderate
12086016900,4.0,0.0,0.96875,0.0,30.543333333333337,120.0,0.1125318984871782,38.53893897306396,2,-0.5628571428570208,-2.568571428572745,0.6971428571429931,-0.4942857142860095,0.0957937060526149,Moderate,0.1631143995746876,0.5872792733344946,0.4498149998150226,0.4427082,0.0071068055591937,High,19.732571428571426,Low,15.348571428571429,0.9857142857142858,False,False,3. Stable / Low-Moderate
12086017000,18.33333333333333,0.6666666666666666,0.7983606557377049,0.0,38.09119444444444,30.0,0.0874025499149433,36.736497013788686,8,-0.0599999999999744,0.7800000000001718,-0.5628571428573577,-0.3599999999995769,0.107652446572785,Moderate,0.1660790805079073,0.6481999192406386,0.4556115596583249,0.44850078,0.0071107774069668,High,32.561523809523806,Low,21.76,4.837142857142857,True,False,3. Stable / Low-Moderate
12086017101,0.0,0.0,0.0,0.0,120.0,120.0,0.1027239457436667,26.99051207024044,0,0.4400000000000697,-1.5314285714295697,0.9600000000006058,-0.5600000000003105,0.0862820700728843,Low,0.1434872578283718,0.6013221757717895,0.5928668587379485,0.5923546,0.0005122630767852,Critical,8.041333333333332,Low,1.6899999999999995,4.51,False,False,3. Stable / Low-Moderate
12086017200,24.0,2.0,0.8376068376068376,0.0,25.2791835016835,25.75416666666667,0.1008769703301661,30.406136152246447,8,0.3257142857143522,-3.4485714285720097,2.402857142857571,-3.4628571428584767,0.0843795911147933,Low,0.1296573368221882,0.6507891738553238,0.4574033829958966,0.4360872,0.0213161918910077,Moderate,27.529904761904763,Low,16.66857142857143,5.645714285714286,True,False,3. Stable / Low-Moderate
12086017300,14.0,0.0,0.9209302325581395,0.0,29.129595959595964,120.0,0.0712118968893168,25.23489607614608,4,-0.7142857142857189,-2.031428571429738,2.5228571428581663,-2.128571428571769,0.1085657381601942,Moderate,0.1737548375988861,0.6248213843163246,0.4489996322952347,0.4425042,0.0064954349361496,High,19.06552380952381,Low,10.008571428571427,5.291428571428571,False,False,3. Stable / Low-Moderate
12086017402,0.0,0.0,0.0,0.0,120.0,120.0,0.1027239457436667,26.99051207024044,0,-0.4628571428572633,-2.902857142857999,2.5114285714292186,-0.5857142857145988,0.1156527883962337,Moderate,0.1777886996416572,0.6505069705180261,0.6678850988935989,0.6255391,0.0423459748816055,Critical,20.416,Low,14.88,1.92,False,False,3. Stable / Low-Moderate
12086017500,8.333333333333334,1.5,0.8135593220338984,0.0,27.963194444444444,25.5,0.1037489758342303,33.699802188552184,7,-0.3771428571429585,-1.1428571428574297,1.6914285714291362,-0.8200000000001638,0.1643058718627949,Critical,0.2239767517100425,0.7335844930705274,0.6120290520210082,0.51577073,0.0962583186645323,High,48.28380952380952,Moderate,8.271428571428572,28.768571428571427,False,False,1. Already Critical
12086017600,11.666666666666666,0.0,0.7407407407407407,0.0,18.034143518518515,120.0,0.1273354763048318,29.9291364006364,7,0.2028571428572337,-2.5400000000011187,0.9485714285717556,-2.482857142857747,0.0897786495866976,Moderate,0.1573180391389386,0.5706824854803063,0.4474635898248413,0.43689376,0.0105698286668518,Moderate,6.736761904761904,Low,2.188571428571427,3.082857142857143,False,False,3. Stable / Low-Moderate
12086017700,13.666666666666666,3.0,0.9116465863453816,0.0,29.18,25.5,0.1212059185336401,27.699965104340105,6,-0.3114285714285661,-0.7400000000005664,1.2057142857147836,-1.1485714285716178,0.1204264384426561,Moderate,0.1879592285976713,0.6407051111091233,0.4621827143117107,0.4562392,0.0059435206338084,High,26.87771428571429,Low,12.845714285714289,8.597142857142858,False,False,3. Stable / Low-Moderate
12086017800,9.0,1.3333333333333333,0.8421052631578947,0.0,30.805277777777786,30.0,0.1040162040261673,32.074009259259256,7,0.0628571428572017,-2.205714285715077,0.7371428571431371,-0.4171428571428798,0.1493073563357686,High,0.2181132938476499,0.6845403767092639,0.563235044811955,0.5371035,0.0261315706717877,High,34.07771428571428,Low,15.588571428571427,11.528571428571428,False,False,3. Stable / Low-Moderate
12086017901,0.0,0.0,0.0,0.0,120.0,120.0,0.1027239457436667,26.99051207024044,0,0.1228571428572857,-2.9114285714297923,3.2400000000012508,-1.0800000000006087,0.0199383149746872,Low,0.0330626496912491,0.6030464938799016,0.6107369554294294,0.6329878,-0.022250841830855,Critical,7.247999999999998,Low,6.039999999999999,0.0,False,False,3. Stable / Low-Moderate
12086018003,0.0,0.0,0.0,0.0,120.0,120.0,0.1027239457436667,26.99051207024044,0,-0.1142857142858289,-3.637142857144005,1.0714285714289116,-0.7371428571430894,0.11973748802521,Moderate,0.1715742559764509,0.6978756069421295,0.7037138627829826,0.66477776,0.0389361070456779,Critical,39.764,Moderate,29.97,2.85,True,False,3. Stable / Low-Moderate
12086018100,25.666666666666668,1.1666666666666667,0.6147308781869688,0.0,24.664055019055017,16.650000000000006,0.1042997158386849,22.14004574514991,7,-0.1657142857142927,-6.240000000002739,1.8571428571436337,-0.7171428571431001,0.1234819921351015,Moderate,0.1784442578383073,0.6919919622574326,0.4995179665556641,0.44862103,0.0508969319334717,High,3.706285714285715,Low,3.088571428571429,0.0,False,False,3. Stable / Low-Moderate
12086018200,8.0,1.0,0.3372093023255814,0.0,14.686363636363634,25.0,0.0946758626303003,45.326908730158735,6,0.1510712359731966,-2.678598895347566,1.4341070465584516,-0.2637207035411781,0.1215353195728574,Moderate,0.1735841746851797,0.7001520720035652,0.5308587196392868,0.5229625,0.0078962090535018,High,4.947428571428572,Low,2.637142857142857,1.3371428571428572,False,False,3. Stable / Low-Moderate
12086018300,13.666666666666666,1.5,0.6784037558685446,0.0,37.03315476190476,16.627777777777784,0.1143039439406004,19.50711618242868,8,-1.2085714285719162,-2.905714285715356,3.397142857144074,-2.6885714285724784,0.079155722747838,Low,0.1381099702474525,0.5731354702778823,0.3856611957595192,0.42692718,-0.04126598333861,Moderate,3.259428571428572,Low,0.6971428571428575,1.8171428571428567,False,False,3. Stable / Low-Moderate
12086018400,4.333333333333333,0.3333333333333333,0.3372093023255814,0.0,14.745833333333332,43.383333333333326,0.1095598414944304,42.423175000925,6,-0.2114285714287429,-0.5628571428570639,1.1057142857146802,0.0657142857143053,0.0991128308162163,Moderate,0.1515673754677778,0.6539192917362817,0.5068713399187408,0.48502862,0.0218427153841338,High,19.185523809523808,Low,9.88,5.497142857142856,False,False,3. Stable / Low-Moderate
12086018500,13.666666666666666,1.3333333333333333,0.5209580838323353,0.0,15.732301587301585,21.26944444444445,0.0999449011948131,42.91157687682688,6,-0.0857142857144188,-1.2742857142862547,2.33428571428658,-0.1942857142859151,0.1314884330900735,High,0.176615780880716,0.7444885866619085,0.5411549491421497,0.49567264,0.0454823059574878,High,40.60457142857143,Moderate,17.465714285714288,14.734285714285717,True,False,3. Stable / Low-Moderate
12086018601,0.0,0.0,0.0,0.0,120.0,120.0,0.1027239457436667,26.99051207024044,0,-0.842857142857483,-0.1257142857147338,1.7828571428579438,-1.451428571428954,0.1401733793719715,High,0.2137359202145393,0.655825091221313,0.6667090810853671,0.6013755,0.0653335608560274,Critical,42.86933333333333,Moderate,29.68,5.44,True,False,3. Stable / Low-Moderate
12086018700,8.0,0.8333333333333334,0.5576923076923077,0.0,18.114841269841268,21.083333333333343,0.1157027217171523,53.46545220211886,6,-0.3400000000000684,-1.5285714285715948,3.1314285714294496,0.2571428571430453,0.1058362203486279,Moderate,0.1726973252837506,0.6128422670978461,0.4094404946123703,0.4263067,-0.016866200133647,Moderate,17.50552380952381,Low,11.165714285714287,3.08,True,False,3. Stable / Low-Moderate
12086018801,0.0,0.0,0.0,0.0,120.0,120.0,0.1027239457436667,26.99051207024044,0,0.9314285714290104,-0.7600000000000049,1.2942857142859605,-0.0314285714279973,0.0614481688639012,Low,0.1125992233373298,0.545724624403598,0.5648856123854152,0.58906466,-0.0241790453027256,Critical,0.0799999999999994,Low,0.0,0.0599999999999996,False,False,3. Stable / Low-Moderate
12086018902,0.0,0.0,0.0,0.0,120.0,120.0,0.1027239457436667,26.99051207024044,0,-0.1914285714286802,0.3342857142860019,1.4200000000004758,-0.9828571428574162,0.0899770507632456,Moderate,0.15915419430279,0.5653451431638981,0.5792180796823416,0.6168066,-0.0375885466375436,Critical,11.544,Low,9.62,0.0,False,False,3. Stable / Low-Moderate
12086019000,24.666666666666668,1.5,0.8032786885245902,0.0,25.19060865060865,14.874074074074075,0.094387926228423,23.32535461553697,8,-0.3342857142858577,0.025714285714527,1.2200000000001363,-0.2314285714285717,0.0580442026638403,Low,0.1048006980405018,0.5538532066018136,0.3587874476684803,0.39406046,-0.0352730150447612,Moderate,7.054476190476191,Low,2.462857142857142,3.0742857142857147,False,False,3. Stable / Low-Moderate
12086019100,19.33333333333333,1.3333333333333333,0.6459143968871596,0.0,16.71562703962704,14.666666666666666,0.0742044235828658,23.993039682267625,8,-0.1228571428571329,-2.385714285715105,1.8228571428576568,1.00285714285757,0.1246004013142977,Moderate,0.1844794437401144,0.6754161807308386,0.4738963815152571,0.44037655,0.0335198315560744,Moderate,31.99085714285714,Low,8.811428571428571,16.06285714285714,False,False,3. Stable / Low-Moderate
12086019200,16.0,1.0,0.4603174603174603,0.0,11.17925925925926,20.0,0.091322301989069,20.953117845117845,6,-0.0862029100417933,-1.9015867196063152,1.3803664682458547,-1.1602198809476512,0.0654062176845219,Low,0.1067961807151016,0.6124396700946166,0.4005934172034504,0.4201856,-0.0195921785473583,Moderate,2.4952380952380957,Low,0.0,1.8714285714285717,False,False,3. Stable / Low-Moderate
12086019302,0.0,0.0,0.0,0.0,120.0,120.0,0.1027239457436667,26.99051207024044,0,0.025714285714311,-3.7971428571439714,2.637142857143578,0.760000000000351,0.0875994958862135,Low,0.1371365583716947,0.6387756622036844,0.6346440944135654,0.6177672,0.0168768796384799,Critical,17.85733333333333,Low,7.069999999999999,7.03,False,False,3. Stable / Low-Moderate
12086019402,0.0,0.0,0.0,0.0,120.0,120.0,0.1027239457436667,26.99051207024044,0,-0.1315257962179763,0.079736104142837,0.7773234174661773,-0.1114980177064303,0.0923498413263585,Moderate,0.1421490647588721,0.6496690040346864,0.6653303887591753,0.6032287,0.062101700519124,Critical,0.0,Low,0.0,0.0,False,False,3. Stable / Low-Moderate
12086019502,0.0,0.0,0.0,0.0,120.0,120.0,0.1027239457436667,26.99051207024044,0,0.0399105788041843,-2.985637950548,1.445694656671647,-0.4457797158575612,0.0548085249883056,Low,0.0894045287847569,0.6130396942224057,0.6168905429353921,0.6130021,0.0038884214868752,Critical,9.053333333333333,Low,0.0,6.79,False,False,3. Stable / Low-Moderate
12086019600,3.6666666666666665,0.6666666666666666,0.7678571428571429,0.0,13.7,7.333333333333333,0.0957315583574004,46.69771717171717,9,-0.8885714285717552,-1.5942857142861615,1.7057142857147694,-0.9914285714289716,0.1086898314543452,Moderate,0.1435699194503071,0.7570515597591129,0.5483414858616824,0.5074017,0.0409397810734744,High,3.3120000000000016,Low,1.1600000000000017,1.44,False,False,3. Stable / Low-Moderate
12086019700,3.333333333333333,0.6666666666666666,0.7777777777777778,0.0,30.25,21.0,0.0876935238594841,20.54833333333333,4,0.2400000000000971,-2.94571428571555,0.5514285714289654,-0.4914285714285695,0.1040043278164196,Moderate,0.1490999270007747,0.6975478117831624,0.5346168796962298,0.5496044,-0.0149875361973248,High,24.55428571428571,Low,15.642857142857142,4.337142857142857,True,False,3. Stable / Low-Moderate
12086019801,0.0,0.0,0.0,0.0,120.0,120.0,0.1027239457436667,26.99051207024044,0,-0.2114285714286134,0.7685714285717823,0.1914285714285365,-1.3342857142859197,0.1120853067083523,Moderate,0.1645107197405111,0.6813252466778377,0.6408554090819862,0.63312274,0.0077326669059303,Critical,13.08,Low,10.9,0.0,False,False,3. Stable / Low-Moderate
12086019902,0.0,0.0,0.0,0.0,120.0,120.0,0.1027239457436667,26.99051207024044,0,0.4314285714288258,-2.29428571428628,1.9657142857150685,-0.802857142857364,0.075729497921913,Low,0.1154903458670062,0.6557214575244227,0.6216989850023845,0.59908974,0.0226092432955363,Critical,6.502666666666666,Low,2.03,3.05,False,False,3. Stable / Low-Moderate
12086020002,0.0,0.0,0.0,0.0,120.0,120.0,0.1027239457436667,26.99051207024044,0,-0.0571428571428498,-3.505714285715367,3.551428571429317,-0.5542857142860032,0.0913538109685814,Moderate,0.1326953393914128,0.6884477735809105,0.6824092718754018,0.61797726,0.0644320103321278,Critical,23.78666666666667,Low,11.3,7.67,False,False,3. Stable / Low-Moderate
12086020100,10.333333333333334,0.8333333333333334,0.9175824175824177,0.0,30.87263888888889,21.0,0.1001817313103186,28.015610532407408,6,-1.242857142857575,-0.448571428571409,1.9771428571434004,-1.934285714286334,0.1472376610388334,High,0.2194290097619155,0.6710036252662717,0.4879119885875708,0.47156668,0.0163453114940649,High,39.225142857142856,Moderate,25.754285714285714,6.24,True,False,3. Stable / Low-Moderate
12086020200,33.333333333333336,4.0,1.2770522388059702,0.0,28.634554398148147,21.558333333333348,0.1174544443257447,28.42201710390946,11,-0.5600000000000606,-1.4885714285720513,2.217142857143489,-0.5914285714287367,0.1336662463560141,High,0.1987820979256497,0.6724259767396619,0.479008686928547,0.4596093,0.0193993870303993,High,18.6,Low,15.5,0.0,False,False,3. Stable / Low-Moderate
12086020300,9.0,1.5,1.0849056603773586,0.0,21.676666666666662,21.36388888888889,0.1264236871994836,28.692826732322526,6,-0.1628571428571941,-1.882857142858036,0.5485714285715094,-1.1114285714292458,0.1333679555896113,High,0.1972551986798905,0.6761188373343883,0.5318081173609676,0.50124925,0.0305588636111201,High,12.815238095238094,Low,8.428571428571429,2.0257142857142854,False,False,3. Stable / Low-Moderate
12086490100,51.333333333333336,4.0,0.5817307692307693,0.0,11.756798202614378,13.5,0.1099009137736576,20.207156558038918,5,-0.6314285714287668,0.9485714285715774,1.0228571428575668,-0.8142857142860802,0.05996150361144,Low,0.1323745764232016,0.4529684266542473,0.3181240322837416,0.35117492,-0.0330508885136063,Low,24.262476190476196,Low,16.717142857142857,3.151428571428572,False,False,3. Stable / Low-Moderate
