GEOID,NAME,employment_rate_pct,unemployment_rate_pct,commute_drove_alone_pct,commute_public_transit_pct,commute_walked_pct,commute_wfh_pct,mean_commute_time_min,median_household_income,mean_household_income,per_capita_income,hh_income_under_10k_pct,hh_income_10k_15k_pct,hh_income_15k_25k_pct,hh_income_25k_35k_pct,hh_income_35k_50k_pct,hh_income_50k_75k_pct,hh_income_75k_100k_pct,hh_income_100k_150k_pct,hh_income_150k_200k_pct,hh_income_200k_plus_pct,poverty_rate_pct,snap_benefits_pct,no_health_insurance_pct,hh_no_vehicle_pct,hh_1_vehicle_pct,hh_2_vehicles_pct,hh_3plus_vehicles_pct,owner_occupied_pct,renter_occupied_pct,median_gross_rent,rent_burden_30pct_plus,rent_burden_50pct_plus,total_housing_units,occupied_units_pct,vacant_units_pct,total_population,median_age,under_18_pct,age_65_plus_pct,white_alone_pct,two_or_more_races_pct,year,hispanic_latino_pct,black_alone_pct,asian_alone_pct,foreign_born_pct
12086000107,Census Tract 1.07; Miami-Dade County; Florida,57.1,4.8,53.3,5.0,0.0,28.0,27.5,64545,128960,54666,14.0,4.2,15.1,8.8,2.6,6.9,5.7,18.5,7.9,16.3,17.6,6.9,13.9,19.9,44.9,26.2,9.0,37.4,62.6,2301,7.5,62.5,2543,52.1,47.9,3134,45.8,19.2,20.4,63.3,25.6,2024,36.2,0.0,3.1,61.5
12086000109,Census Tract 1.09; Miami-Dade County; Florida,72.2,0.8,61.6,9.8,1.7,16.6,34.8,70752,81656,33361,0.0,16.0,3.3,3.8,8.1,24.0,17.8,14.1,6.7,6.1,15.5,29.0,18.4,6.5,52.7,36.8,4.1,27.2,72.8,2351,10.9,61.5,1842,81.5,18.5,3801,33.6,23.7,9.8,37.6,43.4,2024,59.5,6.2,2.3,65.7
12086000115,Census Tract 1.15; Miami-Dade County; Florida,47.8,8.5,57.4,0.0,1.5,22.4,28.2,105792,200666,87050,2.9,6.3,4.0,3.6,17.7,6.3,3.8,21.7,3.8,29.9,11.5,4.4,9.0,9.1,47.6,27.2,16.1,72.3,27.7,2222,0.0,57.1,2296,33.0,67.0,1796,47.0,19.0,20.2,76.4,17.9,2024,34.1,2.2,0.0,51.1
12086000118,Census Tract 1.18; Miami-Dade County; Florida,44.9,0.0,32.7,8.7,8.7,41.6,28.2,142386,254769,97647,3.6,1.3,0.0,6.9,1.1,17.1,1.1,19.2,9.7,40.2,2.7,0.0,13.5,10.9,56.6,28.0,4.4,80.0,20.0,3501,9.1,46.6,1716,27.7,72.3,1259,47.1,17.9,33.4,64.9,29.1,2024,34.1,1.4,0.0,67.9
12086000120,Census Tract 1.20; Miami-Dade County; Florida,64.9,3.8,65.4,3.7,1.5,25.6,31.5,74891,110714,53705,4.3,1.0,1.9,8.5,9.4,24.9,17.3,13.2,3.2,16.2,9.7,2.5,6.8,7.7,48.0,31.0,13.3,69.3,30.7,2240,4.9,85.7,2150,89.0,11.0,3934,43.9,14.7,16.6,50.1,38.6,2024,50.5,2.9,3.1,55.5
12086000121,Census Tract 1.21; Miami-Dade County; Florida,51.1,7.7,55.1,0.0,1.0,27.8,26.7,91444,119174,55947,9.4,3.0,4.8,5.2,2.8,10.6,19.8,21.5,7.2,15.8,13.0,0.7,3.8,1.9,61.8,33.1,3.3,66.2,33.8,2659,2.8,71.5,1527,55.9,44.1,1798,50.9,21.2,33.8,50.4,43.4,2024,53.4,1.9,2.0,56.5
12086000122,Census Tract 1.22; Miami-Dade County; Florida,56.6,1.4,53.8,6.1,0.0,31.2,33.3,100367,128157,67198,0.0,0.7,2.1,4.4,9.0,24.2,8.9,18.0,17.7,15.0,1.8,5.3,5.8,6.4,59.7,24.5,9.5,77.2,22.8,2272,6.5,49.1,2839,65.4,34.6,3629,54.2,10.7,33.2,66.8,27.2,2024,46.7,0.9,1.3,46.4
12086000123,Census Tract 1.23; Miami-Dade County; Florida,47.6,4.1,52.0,3.8,5.2,30.0,28.4,63542,138498,62789,16.3,4.8,2.8,5.8,12.5,14.0,8.6,11.1,6.4,17.7,14.4,4.0,6.6,3.1,65.1,23.0,8.8,68.2,31.8,1808,31.8,42.6,3877,52.2,47.8,4471,45.6,22.2,27.0,63.5,32.0,2024,36.7,0.0,0.4,63.5
12086000124,Census Tract 1.24; Miami-Dade County; Florida,52.0,7.4,67.1,6.7,13.1,6.8,28.5,44516,49107,21147,3.6,9.2,15.8,15.0,10.7,24.3,17.4,1.8,2.2,0.0,14.9,40.0,25.9,16.2,65.4,17.3,1.1,30.5,69.5,1628,7.2,68.2,1399,86.2,13.8,3064,42.8,18.6,18.2,28.6,23.2,2024,46.7,36.6,0.6,62.7
12086000125,Census Tract 1.25; Miami-Dade County; Florida,50.8,5.6,56.2,3.9,7.5,21.0,35.2,55366,72608,31246,3.9,16.0,4.5,7.2,13.6,17.6,9.9,14.1,9.2,3.8,11.0,9.3,10.8,11.9,64.6,22.1,1.4,48.5,51.5,2676,3.2,62.9,2811,66.7,33.3,4413,43.3,23.8,27.2,68.8,27.0,2024,40.2,0.8,1.2,69.9
12086000126,Census Tract 1.26; Miami-Dade County; Florida,35.8,1.9,70.2,5.4,4.4,15.7,22.5,34514,124816,73303,18.7,13.4,7.1,11.1,15.3,14.6,1.6,6.9,0.7,10.5,30.6,9.9,1.1,18.2,65.3,11.3,5.2,56.8,43.2,-666666666,9.3,47.5,1938,49.2,50.8,1625,67.0,1.4,55.8,55.1,39.9,2024,51.6,2.1,0.0,85.3
12086000127,Census Tract 1.27; Miami-Dade County; Florida,66.7,2.7,54.3,3.6,0.3,22.6,35.0,66494,98945,45896,4.0,9.2,17.3,4.5,8.4,16.2,6.2,9.3,11.1,13.8,16.7,7.2,18.9,9.2,58.8,25.4,6.5,76.1,23.9,1808,16.9,18.6,1838,83.4,16.6,3355,49.0,19.1,23.6,56.0,33.4,2024,45.2,5.3,0.3,54.8
12086000128,Census Tract 1.28; Miami-Dade County; Florida,73.0,2.7,43.0,4.7,0.0,29.6,34.5,76625,101982,52192,4.0,3.3,1.6,6.7,9.2,17.2,19.9,18.2,10.5,9.4,12.0,8.6,8.4,6.9,65.9,23.6,3.6,54.2,45.8,2264,9.6,58.5,2666,77.1,22.9,4050,45.9,19.0,11.5,44.8,27.4,2024,52.8,17.1,3.0,70.8
12086000129,Census Tract 1.29; Miami-Dade County; Florida,46.7,4.3,64.3,0.0,0.0,31.2,34.1,162813,226022,118837,3.0,0.0,2.8,1.0,9.8,10.1,8.1,12.4,22.8,29.9,2.6,1.7,3.6,8.4,48.5,33.0,10.1,77.2,22.8,3501,0.0,82.7,1994,48.7,51.3,1936,65.3,8.6,50.8,71.5,20.8,2024,25.5,1.7,0.6,36.7
12086000130,Census Tract 1.30; Miami-Dade County; Florida,47.5,1.4,70.4,0.0,1.4,25.6,33.1,95086,202888,104228,3.5,11.2,5.4,6.0,9.6,7.1,11.8,9.8,6.8,28.7,11.8,2.9,1.5,3.8,55.2,41.0,0.0,79.1,20.9,2572,20.8,41.6,2844,52.8,47.2,2945,63.2,9.2,41.4,56.3,39.5,2024,46.2,0.0,2.0,67.5
12086000131,Census Tract 1.31; Miami-Dade County; Florida,58.6,2.2,58.9,1.5,1.8,37.3,25.4,117824,156832,67155,8.1,3.1,5.4,5.0,6.2,12.4,7.9,14.5,10.9,26.6,13.6,2.4,8.4,3.3,61.3,27.5,7.9,62.1,37.9,2714,5.7,71.3,2953,70.4,29.6,4973,43.5,26.7,17.4,66.7,25.4,2024,36.4,1.3,0.2,54.2
12086000132,Census Tract 1.32; Miami-Dade County; Florida,43.5,4.0,62.4,0.0,4.5,19.9,42.9,55377,80142,40105,7.9,5.1,11.6,10.3,11.9,13.9,12.0,10.7,9.1,7.5,13.9,11.4,12.9,12.4,62.0,19.6,6.0,64.5,35.5,2174,9.9,56.9,3451,77.2,22.8,5293,55.0,13.1,35.2,54.5,33.9,2024,50.3,2.9,2.3,67.4
12086000134,Census Tract 1.34; Miami-Dade County; Florida,50.5,9.5,57.1,9.5,2.1,26.9,26.3,49429,75611,34190,8.7,0.5,11.6,3.3,26.3,11.1,16.4,9.1,6.8,6.1,14.3,16.6,18.5,10.0,57.7,21.9,10.4,55.2,44.8,1808,10.9,68.2,1880,78.6,21.4,3347,48.5,16.0,24.3,51.0,30.2,2024,47.6,14.5,1.0,57.0
12086000140,Census Tract 1.40; Miami-Dade County; Florida,76.4,6.1,75.5,2.1,2.3,17.5,42.3,58819,83607,37014,6.7,5.7,4.6,11.3,16.6,14.3,12.0,13.8,9.8,5.2,14.4,11.7,10.4,6.7,74.0,19.1,0.2,21.0,79.0,1947,7.8,61.1,1977,77.2,22.8,3485,36.8,19.5,5.7,32.1,53.7,2024,62.2,1.6,6.8,60.4
12086000141,Census Tract 1.41; Miami-Dade County; Florida,67.7,2.8,51.1,0.0,3.2,36.7,25.6,108688,143524,61190,4.4,0.9,3.4,6.3,11.4,11.1,10.7,19.1,8.9,23.8,16.3,9.8,14.6,4.1,56.6,39.3,0.0,41.6,58.4,2641,17.5,46.3,1321,79.2,20.8,2474,34.5,32.3,9.7,53.9,35.1,2024,45.7,0.0,1.2,54.2
12086000142,Census Tract 1.42; Miami-Dade County; Florida,52.9,4.2,53.4,5.5,0.0,19.7,31.3,91054,131228,55025,4.6,2.2,3.6,6.3,6.0,19.9,12.2,22.8,11.2,11.3,9.9,3.0,8.1,7.8,53.0,38.2,1.1,59.9,40.1,3115,0.0,63.8,3917,50.8,49.2,4815,45.0,21.2,23.9,55.1,36.6,2024,46.6,0.0,3.6,58.2
12086000143,Census Tract 1.43; Miami-Dade County; Florida,45.3,3.3,60.5,0.0,1.5,28.0,30.3,40427,92690,50869,15.7,11.0,10.4,6.0,11.0,14.0,5.4,12.0,4.6,9.8,21.6,2.1,1.3,16.1,45.3,33.9,4.7,60.8,39.2,2228,3.8,63.6,2067,72.3,27.7,2710,54.8,10.9,32.7,56.2,41.9,2024,64.5,0.3,0.0,64.4
12086000144,Census Tract 1.44; Miami-Dade County; Florida,60.6,2.9,41.5,0.0,0.0,31.7,25.2,98456,99741,39621,9.0,0.0,0.0,13.0,7.1,17.8,5.2,25.2,13.0,9.8,10.8,3.6,4.0,5.0,51.8,43.2,0.0,25.2,74.8,3198,14.9,49.8,816,64.1,35.9,1340,40.8,27.8,10.1,51.6,29.5,2024,61.3,2.7,1.4,50.2
12086000145,Census Tract 1.45; Miami-Dade County; Florida,66.1,1.5,44.3,0.0,1.2,44.0,31.3,168438,206984,60201,3.7,4.7,2.5,1.0,1.4,4.0,16.3,2.6,32.8,31.1,9.0,0.0,8.7,4.0,22.0,59.8,14.2,93.4,6.6,3239,19.4,80.6,985,89.8,10.2,2973,36.6,37.3,8.0,59.5,37.2,2024,48.2,0.0,2.9,33.8
12086000146,Census Tract 1.46; Miami-Dade County; Florida,53.8,10.9,61.2,0.0,3.2,29.9,33.5,101250,145173,53620,2.4,2.8,3.4,0.7,16.5,10.0,13.7,16.3,10.7,23.6,9.7,1.1,0.9,1.7,48.2,35.7,14.4,64.2,35.8,2772,5.6,59.9,2615,63.7,36.3,4597,46.5,25.6,28.3,60.1,36.9,2024,34.9,1.2,0.4,54.2
12086000204,Census Tract 2.04; Miami-Dade County; Florida,64.7,0.5,70.6,5.5,0.0,7.4,33.3,63449,78814,26298,9.3,7.5,4.8,8.2,4.3,27.5,15.1,10.7,5.6,7.1,20.2,24.2,12.8,2.1,27.7,31.8,38.4,77.2,22.8,2145,0.0,46.6,1237,93.0,7.0,3667,44.1,16.1,22.0,12.4,22.6,2024,34.0,54.4,2.7,50.6
12086000206,Census Tract 2.06; Miami-Dade County; Florida,54.2,3.5,57.3,7.7,2.3,12.6,34.9,54440,69454,19473,4.1,6.8,12.5,12.4,10.1,25.1,7.9,11.2,4.1,5.8,16.6,30.5,18.0,16.1,36.8,39.4,7.6,62.4,37.6,1703,8.1,76.1,2010,96.5,3.5,7277,35.2,29.8,17.3,7.4,14.2,2024,21.2,66.5,5.9,62.5
12086000211,Census Tract 2.11; Miami-Dade County; Florida,54.2,8.1,65.9,9.7,0.0,12.8,30.1,62634,79101,30257,5.2,2.7,8.2,14.0,14.4,13.0,14.1,14.8,7.8,5.9,15.2,17.5,20.2,5.2,34.3,37.1,23.4,59.5,40.5,2216,5.4,72.5,1068,84.4,15.6,2487,45.8,17.2,19.1,23.5,54.1,2024,63.7,11.8,1.5,50.9
12086000212,Census Tract 2.12; Miami-Dade County; Florida,61.6,7.0,80.9,6.3,0.0,6.3,28.0,49024,60286,24161,5.1,6.6,12.2,11.5,15.4,27.8,12.1,1.3,6.7,1.1,19.5,31.7,26.1,13.9,48.1,30.6,7.5,10.1,89.9,1428,4.9,55.7,2138,84.0,16.0,4760,38.3,23.9,12.7,9.9,33.7,2024,38.9,47.6,1.0,52.1
12086000213,Census Tract 2.13; Miami-Dade County; Florida,59.9,9.2,57.6,1.1,1.4,8.6,24.6,88929,99333,26984,2.2,2.9,3.8,7.7,13.3,15.6,14.9,27.3,1.7,10.5,5.1,37.5,16.4,7.7,49.5,23.9,18.9,49.2,50.8,1889,12.3,48.4,1751,89.4,10.6,5918,29.6,30.9,14.3,23.4,16.7,2024,17.3,52.4,3.0,36.1
12086000215,Census Tract 2.15; Miami-Dade County; Florida,62.3,11.2,68.0,8.9,0.0,8.6,30.5,75804,128550,41461,2.6,0.0,20.9,4.9,4.8,15.1,25.3,14.5,6.6,5.2,10.3,9.6,20.1,8.9,44.9,21.9,24.3,39.6,60.4,1732,11.6,62.3,1752,93.0,7.0,5291,36.8,23.2,10.9,5.4,4.8,2024,9.5,83.4,2.0,53.0
12086000216,Census Tract 2.16; Miami-Dade County; Florida,55.7,10.7,78.4,10.1,0.0,4.9,27.5,75541,89311,24774,0.8,1.7,5.5,11.4,3.5,23.9,18.0,23.8,7.9,3.5,9.3,21.2,18.6,19.0,28.1,30.6,22.4,68.2,31.8,1789,12.3,67.7,1306,90.9,9.1,4510,37.7,22.1,19.7,2.5,10.3,2024,17.1,76.2,3.2,52.5
12086000218,Census Tract 2.18; Miami-Dade County; Florida,58.5,5.5,74.4,7.6,3.3,5.6,28.9,53958,63016,24350,5.5,4.1,10.8,11.6,14.2,24.8,12.6,12.1,1.1,3.1,20.6,38.8,17.0,18.5,44.7,30.8,6.1,66.8,33.2,1707,1.1,75.0,1049,91.3,8.7,2691,40.8,21.0,19.5,7.2,21.2,2024,28.5,66.9,0.0,48.2
12086000219,Census Tract 2.19; Miami-Dade County; Florida,64.3,2.9,60.2,6.8,1.5,10.4,30.4,51646,63262,21416,14.5,5.0,3.1,17.1,8.6,18.8,18.5,6.7,4.5,3.3,21.5,25.2,22.6,11.1,49.1,34.7,5.0,25.0,75.0,1440,5.9,57.1,1773,86.1,13.9,4808,36.2,25.6,13.6,16.6,38.0,2024,50.0,35.7,1.2,55.0
12086000220,Census Tract 2.20; Miami-Dade County; Florida,61.2,7.7,86.2,3.0,2.5,4.8,32.9,44949,53285,17358,4.3,5.0,8.0,13.1,24.1,23.7,12.2,8.0,1.1,0.4,25.9,34.3,18.4,9.5,49.8,22.5,18.1,29.1,70.9,1626,8.7,81.1,1796,95.1,4.9,5651,34.5,28.6,10.7,9.3,15.6,2024,26.5,67.2,1.1,56.1
12086000221,Census Tract 2.21; Miami-Dade County; Florida,61.6,15.0,64.1,9.9,1.2,3.7,26.7,82439,83731,25953,4.6,7.3,3.9,4.3,13.1,8.1,20.1,23.6,11.7,3.3,14.6,31.6,14.8,1.7,43.3,34.7,20.3,48.9,51.1,1737,13.7,65.2,757,92.5,7.5,2491,37.7,22.4,16.0,27.3,33.6,2024,46.6,36.0,0.8,64.7
12086000222,Census Tract 2.22; Miami-Dade County; Florida,70.6,0.8,60.3,12.3,1.6,4.3,30.0,65817,73028,27933,5.5,1.8,9.1,2.4,23.1,21.2,9.8,20.8,4.5,1.8,12.6,16.1,15.6,9.3,35.7,33.6,21.4,67.7,32.3,1779,8.1,58.1,1422,91.6,8.4,3729,44.9,12.0,23.6,24.2,30.1,2024,51.5,21.6,6.9,61.8
12086000223,Census Tract 2.23; Miami-Dade County; Florida,57.6,7.0,62.7,11.2,0.0,13.5,34.4,48649,67825,24211,2.3,2.3,1.5,19.9,26.0,12.8,20.4,7.3,4.4,3.1,18.2,24.3,33.7,9.7,33.5,38.6,18.3,39.3,60.7,1712,0.0,86.1,1116,91.6,8.4,3255,41.7,15.5,17.1,8.2,30.3,2024,43.0,47.1,0.1,53.4
12086000224,Census Tract 2.24; Miami-Dade County; Florida,77.6,2.7,72.2,3.7,0.2,6.8,30.6,54833,62461,26587,15.0,0.5,15.8,6.0,9.0,14.3,16.0,18.3,2.9,2.1,18.9,16.1,19.0,17.3,41.2,34.0,7.6,9.1,90.9,1807,5.6,58.8,1886,97.3,2.7,4672,34.2,25.9,6.9,11.5,20.7,2024,35.7,52.7,0.3,59.5
12086000225,Census Tract 2.25; Miami-Dade County; Florida,63.7,1.0,71.8,6.9,0.5,8.1,27.9,62000,69879,31443,4.2,9.1,5.4,10.2,11.9,16.7,24.4,13.6,0.0,4.4,16.9,23.6,25.0,3.6,68.6,26.0,1.8,20.2,79.8,1770,3.5,56.5,1979,88.5,11.5,3933,36.8,18.5,13.8,16.3,43.6,2024,76.7,9.1,4.1,69.1
12086000226,Census Tract 2.26; Miami-Dade County; Florida,44.7,5.8,52.9,0.0,2.0,18.7,18.0,76250,110011,37053,8.2,9.7,15.3,6.3,3.3,5.9,12.8,18.2,12.6,7.8,12.6,13.9,11.0,13.8,51.4,29.3,5.5,91.2,8.8,2656,0.0,89.7,1022,76.7,23.3,2398,35.9,32.7,23.7,80.0,5.9,2024,12.2,5.0,2.5,27.3
12086000227,Census Tract 2.27; Miami-Dade County; Florida,59.0,3.4,76.3,3.3,1.7,10.2,35.3,54395,89972,31110,10.2,0.4,11.5,13.3,9.0,9.7,9.2,12.2,12.4,12.1,12.4,39.2,10.5,24.9,30.0,24.6,20.5,67.4,32.6,1177,6.6,49.0,859,97.1,2.9,2812,46.5,14.0,15.8,4.2,23.5,2024,26.6,69.7,1.8,68.0
12086000228,Census Tract 2.28; Miami-Dade County; Florida,65.2,2.7,74.6,4.4,0.9,1.6,27.6,65038,68567,23939,8.0,2.2,9.9,10.8,14.5,17.5,17.6,14.9,1.9,2.5,19.5,24.1,19.9,9.6,48.9,25.7,15.8,44.1,55.9,1529,10.7,59.0,1090,94.2,5.8,3052,39.5,20.3,19.1,4.1,19.9,2024,22.5,70.4,2.6,65.1
12086000302,Census Tract 3.02; Miami-Dade County; Florida,71.7,5.0,75.0,3.7,1.2,8.5,28.7,88589,98910,32428,4.8,5.4,2.8,10.9,4.6,12.8,18.3,17.4,17.0,6.0,9.1,12.2,17.6,4.3,18.3,43.2,34.1,87.0,13.0,2590,0.0,97.7,733,91.5,8.5,2111,39.3,16.2,17.2,16.8,22.0,2024,38.3,45.6,1.6,49.8
12086000306,Census Tract 3.06; Miami-Dade County; Florida,58.3,9.9,49.1,24.3,5.6,2.9,37.7,46987,77960,30722,8.3,3.8,8.6,15.4,14.8,12.0,12.1,12.9,4.0,8.0,29.1,30.8,23.0,25.1,39.0,16.1,19.8,28.1,71.9,1509,6.3,59.2,1940,94.2,5.8,4844,39.1,20.1,15.3,11.6,20.5,2024,30.2,56.6,4.1,49.1
12086000307,Census Tract 3.07; Miami-Dade County; Florida,51.9,5.0,87.3,1.6,0.0,3.7,30.6,57366,73118,20763,0.0,9.2,6.1,7.0,17.6,21.5,16.8,14.2,5.1,2.5,9.5,31.7,16.8,6.0,32.9,42.0,19.1,71.8,28.2,2047,5.1,63.9,1223,96.4,3.6,4456,34.7,29.3,14.6,14.8,12.7,2024,30.5,61.6,0.0,42.2
12086000308,Census Tract 3.08; Miami-Dade County; Florida,63.0,10.4,72.1,4.8,1.2,12.4,28.3,68802,117084,34539,4.3,2.4,0.6,5.6,10.0,28.0,11.5,24.6,6.8,6.1,9.7,25.7,13.0,7.2,23.7,43.4,25.8,91.1,8.9,1914,0.0,54.7,1338,88.7,11.3,4386,42.3,22.4,16.2,16.0,20.2,2024,27.4,54.8,1.6,48.0
12086000309,Census Tract 3.09; Miami-Dade County; Florida,51.6,7.3,80.2,13.5,0.7,4.9,29.7,48542,64139,20663,0.0,9.5,8.7,10.1,24.7,13.2,12.3,14.8,6.7,0.0,12.5,18.9,29.7,12.0,47.6,28.2,12.2,19.5,80.5,1653,6.5,51.6,1259,91.2,8.8,3915,41.5,17.7,26.5,6.0,5.4,2024,12.9,83.4,0.2,61.0
12086000310,Census Tract 3.10; Miami-Dade County; Florida,50.7,8.0,78.0,2.7,0.0,10.6,29.8,54855,73259,26539,10.1,4.4,15.0,7.1,3.8,27.7,5.8,9.5,13.6,3.0,28.4,45.1,7.6,18.1,28.4,46.4,7.1,57.4,42.6,1870,7.6,72.2,1362,97.7,2.3,4154,40.9,24.3,17.1,15.5,30.1,2024,32.7,46.7,5.2,47.8
12086000311,Census Tract 3.11; Miami-Dade County; Florida,48.6,6.8,82.6,0.0,0.0,6.9,35.4,39716,59334,18479,15.0,3.9,2.7,6.1,31.7,11.4,8.1,14.0,2.7,4.3,27.2,45.3,16.8,6.4,40.8,25.6,27.2,69.1,30.9,1397,13.9,84.2,1300,95.7,4.3,4173,36.5,26.6,19.8,13.4,7.2,2024,23.8,68.3,0.0,41.8
12086000312,Census Tract 3.12; Miami-Dade County; Florida,47.9,18.6,68.9,1.7,1.8,16.4,28.2,33563,58325,24706,5.6,5.4,14.9,26.2,17.1,10.9,2.9,10.8,1.4,4.8,26.2,22.2,23.0,13.7,37.5,35.9,12.9,39.4,60.6,1492,0.0,78.9,1382,81.3,18.7,2870,42.0,21.7,22.2,15.8,12.0,2024,23.0,64.6,2.2,36.1
12086000402,Census Tract 4.02; Miami-Dade County; Florida,52.3,7.5,61.7,5.3,0.0,6.9,30.1,44625,59068,18854,9.0,6.3,11.6,14.4,14.4,12.0,8.0,23.0,1.2,0.0,21.0,28.9,39.3,9.4,34.6,33.4,22.6,58.8,41.2,2198,5.0,58.4,1369,96.7,3.3,4508,38.6,23.6,14.4,8.1,37.6,2024,41.1,54.4,0.0,38.8
12086000405,Census Tract 4.05; Miami-Dade County; Florida,52.7,4.4,72.3,4.9,0.0,5.3,32.8,57839,99084,26248,2.6,1.4,13.4,17.2,6.7,18.9,18.8,13.4,2.9,4.8,29.0,25.7,20.9,8.2,30.2,39.1,22.5,81.8,18.2,1647,10.1,64.0,1145,99.0,1.0,4357,39.7,28.9,16.4,3.2,20.0,2024,29.1,70.0,0.0,46.5
12086000408,Census Tract 4.08; Miami-Dade County; Florida,47.3,11.0,73.4,8.5,4.5,3.2,33.9,41200,59976,21882,5.6,8.2,22.6,8.2,12.6,11.4,17.5,9.1,0.2,4.7,24.4,49.8,29.8,26.5,30.8,31.5,11.2,36.9,63.1,1192,5.8,52.5,1963,95.1,4.9,5686,44.2,13.8,18.9,4.0,20.5,2024,45.5,52.0,0.0,48.4
12086000409,Census Tract 4.09; Miami-Dade County; Florida,62.9,7.0,68.9,10.0,0.0,0.7,35.4,80557,87621,23309,3.1,0.0,2.8,16.3,7.8,12.3,38.2,9.8,6.9,2.9,17.7,36.7,22.1,7.8,30.6,46.2,15.5,56.0,44.0,1670,2.3,47.8,1247,95.2,4.8,4840,37.0,28.4,11.8,7.3,14.4,2024,27.6,71.1,0.0,49.2
12086000410,Census Tract 4.10; Miami-Dade County; Florida,53.7,4.5,83.9,3.1,0.0,2.9,26.0,78455,75642,19768,4.1,0.0,9.4,12.1,14.6,8.0,16.6,32.6,1.0,1.5,19.6,34.5,18.4,0.9,24.8,41.3,32.9,83.0,17.0,1536,0.0,49.5,1209,96.3,3.7,4858,42.6,22.3,21.0,2.8,14.3,2024,23.7,76.1,0.0,64.9
12086000411,Census Tract 4.11; Miami-Dade County; Florida,67.2,4.4,74.9,5.5,1.1,6.0,26.0,63812,68902,23264,4.8,0.0,7.0,16.8,11.5,25.8,19.9,9.1,3.5,1.7,17.5,41.2,25.7,12.6,41.8,37.1,8.4,34.4,65.6,1687,9.8,46.6,2184,95.9,4.1,6708,39.3,20.8,11.7,3.9,11.3,2024,16.4,79.7,0.0,45.8
12086000413,Census Tract 4.13; Miami-Dade County; Florida,56.6,11.2,88.4,2.3,0.0,7.9,28.1,44975,71045,20004,2.2,1.8,7.9,21.9,17.8,7.4,22.4,10.3,1.8,6.4,25.3,34.2,15.6,6.1,56.8,10.5,26.6,69.6,30.4,1282,0.0,40.5,1560,97.4,2.6,5831,29.4,38.1,12.6,1.9,12.4,2024,18.2,77.5,0.0,27.2
12086000414,Census Tract 4.14; Miami-Dade County; Florida,52.8,9.2,63.3,3.9,1.5,16.6,29.1,52895,59778,22844,8.1,7.6,13.6,8.8,11.3,28.5,3.7,12.4,5.5,0.5,40.6,28.1,23.5,9.1,58.6,15.4,16.9,28.7,71.3,1467,18.4,51.0,2100,91.7,8.3,5406,35.0,21.2,15.3,4.9,12.2,2024,23.1,74.8,0.0,44.2
12086000415,Census Tract 4.15; Miami-Dade County; Florida,59.8,5.8,77.2,3.4,0.0,10.5,31.8,69519,94437,31396,6.1,7.9,14.3,2.3,4.5,15.8,15.8,15.8,2.7,15.0,19.4,15.0,10.9,9.5,22.3,52.4,15.8,74.6,25.4,1402,0.0,46.2,696,89.4,10.6,2032,41.1,20.3,16.7,12.2,23.9,2024,48.4,45.9,0.0,32.3
12086000416,Census Tract 4.16; Miami-Dade County; Florida,47.2,10.2,78.0,6.9,0.0,10.3,29.4,36484,52767,21294,15.6,11.2,14.1,7.5,12.4,9.5,9.1,16.3,1.0,3.1,24.8,46.7,13.9,27.4,25.4,33.4,13.8,47.1,52.9,-666666666,7.2,45.5,1898,95.7,4.3,4730,47.6,15.5,25.8,22.3,25.1,2024,70.2,28.0,0.9,53.5
12086000417,Census Tract 4.17; Miami-Dade County; Florida,55.3,9.5,58.8,21.8,1.1,3.7,40.1,46170,56490,21949,11.7,12.0,12.6,7.1,14.3,14.5,12.4,10.4,3.4,1.6,23.4,35.0,18.1,23.7,47.1,23.0,6.3,39.2,60.8,1454,0.0,68.5,1750,93.6,6.4,4450,39.0,21.8,14.2,5.9,31.8,2024,43.9,54.0,1.1,33.4
12086000418,Census Tract 4.18; Miami-Dade County; Florida,46.4,5.2,68.4,8.9,6.0,8.6,30.5,38342,47283,16855,9.8,7.1,14.2,16.7,19.9,15.3,8.2,7.6,0.0,1.2,31.8,49.9,24.2,14.6,38.6,31.7,15.1,49.4,50.6,1502,0.0,86.0,847,91.3,8.7,2337,39.1,17.7,13.4,6.8,39.5,2024,51.0,46.8,0.0,43.4
12086000419,Census Tract 4.19; Miami-Dade County; Florida,63.6,1.4,84.9,1.9,0.6,8.8,33.8,72857,75335,23680,9.5,4.9,3.8,9.0,14.9,12.6,16.6,19.2,5.9,3.7,14.4,29.5,13.3,14.2,26.8,31.7,27.3,55.1,44.9,1439,3.9,74.4,1168,100.0,0.0,3924,40.7,20.8,15.5,18.7,14.6,2024,35.4,61.0,0.0,31.2
12086000420,Census Tract 4.20; Miami-Dade County; Florida,44.4,8.1,71.9,5.7,0.0,2.3,36.0,58839,63002,18204,3.6,0.0,0.0,12.2,15.2,46.6,7.5,12.6,2.3,0.0,24.7,19.5,25.2,0.0,34.3,45.2,20.5,83.8,16.2,2063,23.5,57.1,1064,100.0,0.0,4048,37.4,20.5,24.7,0.6,12.9,2024,16.6,72.2,3.9,40.6
12086000504,Census Tract 5.04; Miami-Dade County; Florida,59.7,2.8,70.3,3.8,0.6,9.5,23.6,58105,65364,23792,6.3,6.5,9.6,8.7,12.3,15.5,19.9,15.1,4.7,1.3,16.3,42.0,18.3,8.8,43.2,27.6,20.4,57.0,43.0,1133,13.5,52.4,1626,93.1,6.9,4360,41.5,20.2,19.6,16.3,41.3,2024,65.8,31.3,0.0,52.7
12086000505,Census Tract 5.05; Miami-Dade County; Florida,68.4,1.4,75.2,0.0,0.0,10.2,28.2,59360,80972,29137,1.1,6.6,11.1,10.5,12.6,18.0,9.9,14.2,6.9,9.2,16.3,50.4,24.6,4.8,25.5,43.6,26.1,38.5,61.5,1604,13.0,32.0,1951,100.0,0.0,5595,38.5,17.5,16.4,13.5,71.5,2024,95.7,2.5,0.0,71.2
12086000506,Census Tract 5.06; Miami-Dade County; Florida,54.0,12.9,72.5,6.8,0.0,4.2,35.2,58917,66163,23230,8.9,7.9,8.0,4.5,4.9,24.8,27.7,7.2,2.7,3.3,20.9,22.1,28.9,5.6,30.3,56.8,7.4,77.6,22.4,2676,5.1,87.0,750,97.7,2.3,2397,41.9,13.3,18.3,7.4,26.3,2024,31.2,63.8,0.3,33.0
12086000507,Census Tract 5.07; Miami-Dade County; Florida,52.2,7.8,72.1,0.9,0.4,6.4,24.2,62762,80948,24175,1.0,6.4,7.0,9.1,18.7,15.0,20.0,12.6,2.6,7.6,12.1,37.9,19.8,11.1,22.4,39.3,27.2,46.6,53.4,1563,13.2,48.7,1336,94.1,5.9,4979,35.4,16.8,13.3,21.3,34.2,2024,53.9,31.4,0.1,45.8
12086000508,Census Tract 5.08; Miami-Dade County; Florida,52.1,2.8,60.1,9.1,6.9,8.5,29.4,29896,36385,13030,13.7,11.6,13.3,19.1,23.5,11.8,1.4,4.7,0.0,1.0,38.7,69.2,15.0,23.9,51.2,23.9,1.1,1.4,98.6,1339,16.8,66.1,1339,98.8,1.2,3922,31.6,30.1,11.2,4.6,37.9,2024,50.8,45.6,0.0,37.2
12086000509,Census Tract 5.09; Miami-Dade County; Florida,46.1,6.6,75.5,0.0,0.0,11.4,33.0,46313,63728,18790,2.0,4.6,18.8,21.0,5.7,17.5,13.4,5.8,9.2,2.0,27.6,68.7,30.1,14.0,22.5,38.6,24.9,59.3,40.7,1390,0.0,74.6,1076,91.7,8.3,3549,42.3,22.3,18.8,28.4,39.8,2024,59.7,26.9,0.0,51.6
12086000601,Census Tract 6.01; Miami-Dade County; Florida,56.8,2.3,76.1,1.3,0.0,7.9,32.8,68333,81190,24250,1.5,10.2,8.8,6.4,10.0,16.5,17.0,12.8,10.6,6.2,15.0,31.0,14.2,6.8,22.9,38.4,31.9,73.5,26.5,1968,11.7,56.9,1254,98.4,1.6,4293,46.5,17.3,20.4,24.4,57.2,2024,91.4,0.2,0.0,63.8
12086000602,Census Tract 6.02; Miami-Dade County; Florida,59.5,3.5,71.5,0.3,0.0,10.3,24.1,65133,92348,29100,4.0,3.5,4.8,9.7,18.9,14.2,7.9,14.0,17.1,5.8,10.8,22.4,11.6,3.3,26.5,39.5,30.7,82.8,17.2,1829,5.2,40.7,1725,98.3,1.7,5239,55.1,13.2,29.3,17.8,66.9,2024,95.2,0.1,0.0,78.6
12086000603,Census Tract 6.03; Miami-Dade County; Florida,66.2,5.7,77.2,2.6,1.4,14.4,26.2,78624,94875,28097,2.2,2.2,6.3,5.8,13.1,15.3,25.8,9.6,12.7,7.1,8.8,32.7,13.5,3.7,17.4,45.2,33.7,56.9,43.1,1910,2.6,42.2,1612,96.8,3.2,5511,46.6,15.7,13.1,9.7,81.5,2024,96.2,0.3,0.0,68.7
12086000605,Census Tract 6.05; Miami-Dade County; Florida,51.1,4.4,75.3,0.0,0.7,14.2,29.0,97593,87578,24296,3.8,8.7,5.6,4.4,7.8,13.9,9.5,37.0,8.3,0.9,14.4,52.3,12.7,7.7,21.6,29.8,40.8,82.8,17.2,2423,38.1,39.0,1401,98.6,1.4,4920,46.8,11.5,19.1,17.9,74.7,2024,95.7,0.8,0.3,76.8
12086000607,Census Tract 6.07; Miami-Dade County; Florida,53.5,6.1,80.6,1.8,1.4,7.1,27.9,50755,72769,25456,4.9,7.1,8.3,22.5,6.2,13.8,16.9,9.4,4.6,6.2,12.2,45.7,10.8,12.2,30.6,32.3,24.9,57.4,42.6,1715,2.5,57.2,1550,99.3,0.7,4683,52.9,13.9,25.9,18.4,73.9,2024,96.0,0.0,0.0,65.8
12086000609,Census Tract 6.09; Miami-Dade County; Florida,58.5,0.9,69.4,2.1,4.9,15.5,25.1,44028,62766,27392,2.5,22.2,4.1,13.9,10.0,16.7,8.6,15.8,3.0,3.4,19.4,55.0,26.3,18.8,47.2,17.9,16.2,23.8,76.2,1026,18.2,36.7,1330,99.3,0.7,3355,50.7,14.4,18.8,19.4,71.4,2024,95.7,0.1,0.0,76.4
12086000610,Census Tract 6.10; Miami-Dade County; Florida,64.3,3.3,68.7,0.8,3.2,26.2,38.3,63617,74627,26242,9.9,8.8,15.1,1.4,4.0,24.4,7.4,17.3,7.7,4.1,18.0,43.5,16.8,6.7,34.5,23.6,35.2,40.5,59.5,1685,27.0,38.0,927,95.6,4.4,2907,48.2,11.1,24.4,19.6,60.5,2024,96.6,0.1,0.0,79.7
12086000611,Census Tract 6.11; Miami-Dade County; Florida,58.0,1.5,73.3,0.0,1.0,13.6,28.2,56229,92043,30857,3.9,4.9,13.7,7.4,8.0,20.7,7.8,13.6,7.4,12.6,21.0,41.6,19.3,8.0,28.5,26.4,37.1,53.8,46.2,1575,0.0,71.9,826,94.3,5.7,2448,50.5,15.0,19.7,19.3,72.1,2024,91.9,3.8,0.8,75.6
12086000612,Census Tract 6.12; Miami-Dade County; Florida,63.4,3.5,71.8,1.8,0.0,9.7,30.6,82707,91464,26082,6.0,0.6,10.4,3.2,6.5,17.0,23.5,18.5,7.3,7.0,17.1,38.8,19.3,5.8,17.3,46.7,30.2,68.9,31.1,1690,14.2,68.5,923,97.1,2.9,3231,47.5,15.2,14.5,12.8,73.9,2024,95.8,0.7,0.0,73.5
12086000705,Census Tract 7.05; Miami-Dade County; Florida,57.6,2.0,75.6,0.0,2.7,16.8,20.4,52278,53037,23498,9.4,10.0,6.7,11.2,6.8,34.9,11.7,6.9,1.1,1.4,18.4,47.9,9.7,12.5,52.4,30.1,5.0,35.5,64.5,1542,21.1,36.8,2192,99.1,0.9,5029,47.9,17.9,30.1,16.7,69.6,2024,97.1,0.0,0.0,78.0
12086000710,Census Tract 7.10; Miami-Dade County; Florida,59.8,1.8,56.6,4.5,1.6,26.6,22.9,44513,48569,19769,6.0,11.7,13.7,7.6,18.0,25.1,7.4,10.5,0.0,0.0,23.5,70.1,14.5,11.4,46.8,32.4,9.3,14.6,85.4,1391,11.9,51.1,1935,96.8,3.2,4901,46.5,17.9,21.3,14.1,71.4,2024,96.4,0.0,0.1,89.5
12086000711,Census Tract 7.11; Miami-Dade County; Florida,56.4,1.1,56.3,4.5,0.0,17.5,27.4,44769,78794,28938,5.3,7.4,7.9,18.8,13.5,20.3,9.7,7.7,1.6,7.8,16.2,56.2,15.6,10.8,48.9,27.9,12.4,31.2,68.8,1473,15.6,47.9,2077,98.9,1.1,5923,41.9,19.5,18.2,10.0,69.6,2024,89.6,10.2,0.0,65.7
12086000712,Census Tract 7.12; Miami-Dade County; Florida,63.8,7.5,60.3,1.2,5.0,25.3,24.3,45176,54746,20558,9.5,1.8,10.1,17.5,23.0,17.7,8.7,7.9,3.5,0.5,22.9,44.5,16.5,6.0,40.1,42.9,11.0,27.8,72.2,1520,0.0,77.4,877,97.3,2.7,2327,37.9,24.2,10.8,18.8,73.8,2024,99.1,0.0,0.0,72.1
12086000713,Census Tract 7.13; Miami-Dade County; Florida,49.0,2.7,53.0,0.0,4.5,1.7,29.3,17176,41768,19755,8.8,32.5,17.1,6.2,2.9,8.8,9.3,12.4,0.0,1.9,37.9,45.9,18.2,26.1,47.3,14.3,12.3,27.1,72.9,1614,6.8,63.1,1457,95.7,4.3,3032,50.2,11.7,24.1,29.3,56.2,2024,98.8,0.8,0.0,81.2
12086000714,Census Tract 7.14; Miami-Dade County; Florida,56.2,2.4,77.2,0.0,0.0,13.5,27.7,46922,66259,22455,6.6,5.3,9.7,10.0,20.7,12.9,17.3,7.6,3.5,6.4,15.9,44.4,15.5,8.3,25.0,45.7,21.1,36.1,63.9,1807,3.3,47.1,1634,100.0,0.0,4831,47.8,16.7,23.0,21.2,71.7,2024,95.2,0.3,0.0,82.1
12086000715,Census Tract 7.15; Miami-Dade County; Florida,59.5,2.7,61.4,0.0,0.0,14.6,37.3,70069,97086,29435,3.5,4.2,2.8,12.5,17.0,16.6,10.7,13.3,12.9,6.5,10.1,26.3,18.1,5.1,23.7,48.3,22.9,67.9,32.1,2006,11.0,48.0,1057,93.4,6.6,3383,44.5,21.7,23.8,21.6,63.1,2024,96.1,0.0,0.9,72.0
12086000716,Census Tract 7.16; Miami-Dade County; Florida,51.5,8.6,64.6,2.3,0.0,11.9,30.9,46212,65664,23817,2.2,9.0,12.8,9.2,19.6,7.3,23.0,5.9,9.2,1.9,18.2,34.7,17.7,8.9,39.4,23.9,27.7,80.5,19.5,1810,12.3,45.2,852,100.0,0.0,2531,49.1,16.6,26.0,19.8,65.3,2024,93.7,0.5,1.7,66.1
12086000717,Census Tract 7.17; Miami-Dade County; Florida,64.2,5.7,62.2,0.0,0.0,12.9,26.6,77803,98785,33768,0.8,0.0,14.1,3.6,10.0,17.9,14.4,15.9,17.0,6.2,11.9,18.7,20.7,10.1,22.5,31.4,36.0,81.2,18.8,1710,4.0,38.7,848,98.3,1.7,2522,52.1,13.0,19.0,24.3,53.1,2024,94.8,0.9,0.0,72.0
12086000718,Census Tract 7.18; Miami-Dade County; Florida,71.7,4.8,71.7,0.0,3.4,5.9,29.8,58094,69409,25400,5.7,4.8,2.5,14.4,20.7,35.8,0.0,8.0,2.6,5.6,9.9,28.6,13.9,11.8,26.6,50.9,10.7,48.2,51.8,1876,6.5,79.8,1384,98.9,1.1,4013,43.2,16.4,24.9,14.3,57.2,2024,96.3,0.7,0.0,73.3
12086000719,Census Tract 7.19; Miami-Dade County; Florida,63.0,7.1,59.2,0.0,0.0,29.0,26.1,38690,52122,21019,25.7,4.3,3.0,8.3,22.3,17.8,1.2,10.5,4.7,2.2,29.8,46.8,16.5,4.3,49.0,41.3,5.5,37.9,62.1,2108,5.2,78.5,494,100.0,0.0,1288,47.7,15.5,20.6,13.7,80.8,2024,97.2,0.5,0.0,84.2
12086000720,Census Tract 7.20; Miami-Dade County; Florida,52.2,4.4,68.5,0.0,1.0,14.1,26.1,43233,65954,23565,9.0,12.4,7.8,12.6,10.8,12.3,7.8,19.4,4.5,3.4,20.6,51.8,18.8,24.6,27.8,30.8,16.9,43.2,56.8,1470,6.9,65.5,1336,95.9,4.1,3671,51.1,12.2,21.0,14.9,76.5,2024,95.7,0.4,0.0,77.6
12086000804,Census Tract 8.04; Miami-Dade County; Florida,51.7,5.8,63.4,3.7,0.0,17.6,28.1,55355,64765,23319,5.1,18.0,4.5,11.0,5.4,20.6,9.3,14.1,11.3,0.5,21.2,37.3,17.8,11.6,23.4,37.2,27.8,37.5,62.5,2145,16.0,56.4,1548,98.3,1.7,4322,46.8,15.7,22.9,22.1,62.0,2024,96.1,1.0,0.7,69.0
12086000805,Census Tract 8.05; Miami-Dade County; Florida,53.8,14.0,69.3,0.8,3.1,17.4,23.5,59479,77411,27051,2.6,7.7,6.0,12.2,13.0,20.0,10.9,13.8,5.9,7.8,13.9,37.9,14.8,5.1,31.0,37.3,26.6,63.9,36.1,1642,9.5,59.2,1661,98.6,1.4,5149,48.9,15.0,21.4,19.2,73.0,2024,96.6,0.3,0.1,82.6
12086000806,Census Tract 8.06; Miami-Dade County; Florida,53.1,3.3,48.0,3.0,1.9,35.7,36.3,44868,53703,21143,3.2,7.8,14.5,14.7,20.2,18.4,6.5,10.3,4.3,0.0,23.3,47.3,24.4,16.5,42.3,30.7,10.5,24.5,75.5,1438,22.8,55.1,1640,94.0,6.0,4132,50.6,15.7,28.5,19.3,65.3,2024,91.0,0.8,0.0,78.1
12086000807,Census Tract 8.07; Miami-Dade County; Florida,54.6,3.9,69.3,2.7,1.4,14.8,21.3,37236,46193,20168,7.7,13.3,17.3,8.7,14.8,17.8,9.4,11.0,0.0,0.0,24.8,52.4,18.3,17.3,37.9,29.6,15.2,9.0,91.0,1278,14.3,56.0,1622,96.7,3.3,3776,51.0,14.5,23.3,15.3,81.1,2024,93.0,0.7,0.7,82.8
12086000808,Census Tract 8.08; Miami-Dade County; Florida,57.5,7.0,67.6,0.6,0.4,22.9,27.8,45380,65012,24796,2.6,9.0,14.0,15.4,10.4,19.6,13.8,3.4,8.5,3.2,20.0,54.7,22.0,11.4,52.6,25.5,10.5,28.9,71.1,1326,8.6,60.8,1463,95.2,4.8,3763,45.8,15.0,24.4,25.6,66.1,2024,94.0,0.2,0.0,83.1
12086000903,Census Tract 9.03; Miami-Dade County; Florida,55.3,3.9,71.9,5.2,0.0,13.2,27.1,34943,55807,20592,12.0,11.4,16.3,10.5,8.8,8.6,16.2,9.4,6.8,0.0,45.6,52.6,12.2,11.9,46.1,31.7,10.4,42.8,57.2,1155,3.7,65.7,1343,94.0,6.0,3671,34.8,30.0,13.3,2.3,34.4,2024,55.9,42.6,0.0,36.3
12086000904,Census Tract 9.04; Miami-Dade County; Florida,55.4,4.9,74.6,10.2,0.0,5.3,39.3,52500,74015,24536,3.2,8.1,10.7,4.0,18.4,16.5,18.3,11.1,4.8,4.9,5.5,22.9,13.9,3.4,52.7,26.7,17.3,75.4,24.6,1677,23.0,58.5,799,97.1,2.9,2500,45.3,18.2,16.8,12.4,37.2,2024,75.0,24.8,0.0,49.2
12086000905,Census Tract 9.05; Miami-Dade County; Florida,58.9,2.6,86.9,2.1,0.0,4.1,28.3,64677,79845,26950,5.2,4.2,7.7,9.8,17.6,10.2,17.0,16.6,3.8,8.0,10.7,36.8,12.7,1.9,35.8,32.5,29.8,66.0,34.0,1643,7.4,65.0,1200,91.0,9.0,3605,43.9,8.2,20.0,9.6,55.5,2024,82.7,13.0,0.0,70.5
12086000906,Census Tract 9.06; Miami-Dade County; Florida,53.0,6.1,75.9,4.1,0.0,14.8,29.2,67083,120292,37986,3.1,6.2,4.4,11.1,9.9,21.9,7.9,10.8,15.6,9.2,10.7,25.6,16.4,4.8,19.5,50.1,25.6,78.3,21.7,2703,0.0,9.2,585,100.0,0.0,1877,45.4,12.6,22.8,23.5,44.3,2024,75.5,19.7,0.0,65.8
12086000907,Census Tract 9.07; Miami-Dade County; Florida,53.2,0.0,77.9,4.1,0.0,13.7,31.5,58494,84131,23719,0.8,1.0,0.8,18.4,16.4,29.1,5.0,8.4,16.6,3.6,6.1,39.9,14.8,0.0,21.6,33.7,44.7,68.3,31.7,2344,13.2,30.8,511,98.0,2.0,1907,41.5,18.5,21.9,4.9,63.2,2024,95.9,4.0,0.0,67.0
12086000908,Census Tract 9.08; Miami-Dade County; Florida,50.9,1.9,77.7,1.6,0.0,5.8,31.1,60199,65092,21638,2.4,11.9,12.9,12.1,6.8,17.5,20.6,2.4,12.9,0.4,22.6,36.6,16.6,5.8,18.1,36.9,39.2,79.0,21.0,1389,0.0,98.4,965,98.5,1.5,3094,54.2,9.6,25.0,31.0,36.3,2024,93.9,3.8,0.0,66.7
12086001003,Census Tract 10.03; Miami-Dade County; Florida,59.9,5.0,77.1,8.6,1.3,4.2,29.3,78964,86544,29071,9.3,0.6,9.0,8.6,8.5,11.5,16.1,27.9,3.4,5.1,8.1,34.1,13.6,9.3,30.3,36.6,23.8,57.7,42.3,1709,10.3,25.1,2214,93.0,7.0,6705,41.4,20.4,14.2,7.8,13.7,2024,51.6,47.7,0.0,44.6
12086001004,Census Tract 10.04; Miami-Dade County; Florida,60.1,7.0,75.8,9.8,0.0,6.8,28.3,51502,64491,20202,3.4,4.5,6.4,9.6,19.7,24.1,14.5,14.3,2.4,1.0,18.7,53.0,22.1,25.2,42.0,14.7,18.1,26.0,74.0,1412,3.4,47.5,2907,88.5,11.5,8911,31.7,25.5,10.4,7.9,20.4,2024,45.7,46.7,0.0,33.4
12086001005,Census Tract 10.05; Miami-Dade County; Florida,38.9,5.7,75.8,10.5,0.0,8.3,26.6,31250,54536,27613,10.1,19.3,15.3,11.2,5.8,11.6,5.1,14.9,1.5,5.2,26.8,49.0,9.9,35.4,36.1,17.3,11.2,41.7,58.3,-666666666,15.8,38.3,934,84.8,15.2,1690,56.4,12.4,35.0,7.6,20.4,2024,28.9,62.8,1.9,32.8
12086001006,Census Tract 10.06; Miami-Dade County; Florida,51.4,8.2,44.2,24.2,3.9,19.5,35.1,38527,56559,23076,19.0,9.4,10.5,7.3,10.4,19.3,8.2,5.4,5.5,5.1,32.5,50.4,15.0,34.1,38.5,23.0,4.4,29.0,71.0,973,6.7,40.7,1822,90.2,9.8,4327,35.9,24.5,20.5,2.8,22.5,2024,38.7,57.0,0.0,47.5
12086001007,Census Tract 10.07; Miami-Dade County; Florida,49.9,19.6,79.5,3.4,0.0,5.6,29.2,67591,74333,20802,7.1,0.0,12.0,6.5,10.4,19.1,22.9,11.0,7.0,4.1,24.7,34.9,14.3,9.0,42.7,20.1,28.2,57.1,42.9,1750,6.9,46.4,1096,95.6,4.4,4081,37.5,24.3,11.8,12.1,11.8,2024,31.9,64.9,0.0,25.7
12086001008,Census Tract 10.08; Miami-Dade County; Florida,67.6,2.0,78.8,9.2,0.0,4.1,27.5,51861,68381,23798,7.5,2.0,5.9,13.9,9.2,30.1,5.9,22.2,0.9,2.3,24.7,39.2,22.3,8.2,46.3,31.5,14.0,45.7,54.3,-666666666,5.3,57.0,1210,97.4,2.6,3747,38.6,26.1,12.9,5.9,14.2,2024,29.9,65.9,0.0,22.3
12086001101,Census Tract 11.01; Miami-Dade County; Florida,63.6,2.0,71.7,4.1,0.3,14.1,31.2,93799,111352,31768,2.6,1.8,4.4,12.2,7.5,12.7,12.5,21.9,13.4,11.0,6.2,24.6,29.2,2.9,20.8,48.4,27.9,72.4,27.6,1766,12.7,52.8,1459,90.7,9.3,5050,40.9,25.1,19.0,18.5,32.9,2024,44.1,35.0,9.2,51.0
12086001102,Census Tract 11.02; Miami-Dade County; Florida,42.7,7.0,67.0,1.8,5.7,14.8,25.3,102898,120054,26838,4.2,2.8,3.2,8.2,6.9,10.1,13.2,28.5,8.5,14.4,16.9,17.5,16.0,9.2,21.7,48.0,21.1,88.7,11.3,2576,0.0,60.5,1282,99.0,1.0,5935,26.5,18.5,15.2,23.9,23.3,2024,31.4,44.6,3.4,42.7
12086001103,Census Tract 11.03; Miami-Dade County; Florida,60.1,12.0,74.2,2.7,0.0,13.1,27.4,68059,114661,36585,3.6,1.2,8.2,16.5,4.8,19.5,9.0,21.0,2.2,14.0,29.2,33.6,16.6,4.6,21.1,55.1,19.2,57.6,42.4,1533,14.8,48.7,1572,88.9,11.1,4554,34.4,27.7,10.1,22.6,19.0,2024,30.7,50.2,0.2,44.3
12086001104,Census Tract 11.04; Miami-Dade County; Florida,66.2,6.5,61.6,0.4,1.2,27.6,25.2,170095,201801,71695,3.5,0.0,1.8,3.9,3.9,6.0,8.5,17.0,19.6,35.8,2.8,3.4,3.8,2.8,30.2,43.5,23.5,95.4,4.6,2146,0.0,55.0,1821,96.4,3.6,4890,40.8,26.2,13.8,48.6,29.4,2024,31.4,13.9,1.7,26.3
12086001204,Census Tract 12.04; Miami-Dade County; Florida,60.4,6.3,61.7,3.7,0.9,14.3,34.8,64735,88001,34652,3.7,1.5,12.1,10.3,17.1,13.6,13.2,12.2,7.8,8.5,23.8,27.5,18.1,8.2,50.5,36.3,4.9,52.9,47.1,1858,0.0,73.3,2853,79.6,20.4,5924,39.0,25.5,16.8,39.2,25.9,2024,54.8,17.2,0.2,46.9
12086001205,Census Tract 12.05; Miami-Dade County; Florida,67.6,2.2,63.2,0.0,4.8,23.5,28.0,143603,172517,61748,2.1,1.3,0.0,9.3,3.2,8.4,7.9,21.5,16.3,30.0,6.4,5.8,7.3,0.6,36.4,50.3,12.7,77.0,23.0,1746,1.6,32.6,1065,80.5,19.5,2413,41.5,27.6,12.1,47.2,25.6,2024,37.1,15.5,6.2,34.4
12086001206,Census Tract 12.06; Miami-Dade County; Florida,66.6,0.0,59.6,0.0,0.9,27.0,21.5,117125,166360,71221,5.8,0.0,3.4,6.3,1.5,9.3,13.0,24.3,13.1,23.4,5.2,3.9,8.0,4.6,41.3,41.3,12.9,73.8,26.2,1604,0.0,51.6,2250,81.7,18.3,4322,47.1,20.2,22.3,53.8,27.1,2024,42.3,4.3,0.2,32.1
12086001207,Census Tract 12.07; Miami-Dade County; Florida,54.8,1.3,69.5,0.0,2.3,15.1,40.1,66786,81918,23138,1.4,18.4,10.0,6.1,10.3,12.4,18.5,5.4,7.7,9.8,42.6,4.2,5.8,3.5,31.1,49.0,16.4,76.0,24.0,1801,10.9,62.8,604,94.7,5.3,2032,19.8,48.1,6.7,26.9,26.5,2024,32.7,40.2,1.0,19.5
12086001208,Census Tract 12.08; Miami-Dade County; Florida,60.5,13.8,63.1,5.8,2.6,12.9,31.8,60929,69188,28227,0.2,0.0,3.0,19.1,13.0,16.6,39.3,3.7,2.6,2.5,13.4,24.9,18.4,9.8,61.3,27.0,1.9,16.7,83.3,1647,2.3,55.0,1354,94.9,5.1,3146,33.9,21.6,15.4,10.4,19.2,2024,31.0,50.8,0.0,67.6
12086001209,Census Tract 12.09; Miami-Dade County; Florida,66.3,6.1,62.6,14.7,1.0,11.8,33.0,60423,84319,30759,7.6,1.3,10.8,7.3,13.8,18.4,18.1,11.6,5.9,5.2,25.0,27.8,27.7,16.7,43.8,35.9,3.6,25.8,74.2,1765,9.9,51.0,1531,86.9,13.1,3842,32.7,24.4,7.6,15.5,28.5,2024,44.3,46.2,0.5,48.8
12086001301,Census Tract 13.01; Miami-Dade County; Florida,72.6,9.2,46.4,9.3,0.7,11.9,28.6,63465,76400,36544,6.1,1.8,6.8,4.8,12.3,27.0,22.0,6.5,11.9,0.8,12.4,14.5,27.1,15.5,51.0,23.7,9.9,27.8,72.2,1795,13.9,44.5,2776,90.2,9.8,5463,38.2,13.4,9.7,18.1,45.1,2024,51.2,30.9,0.0,42.4
12086001302,Census Tract 13.02; Miami-Dade County; Florida,70.9,0.5,58.1,0.0,2.2,28.8,27.1,99946,142755,72695,5.3,1.8,2.6,10.9,10.6,7.5,11.3,19.2,17.3,13.5,5.7,6.0,9.9,12.2,42.9,29.3,15.6,51.2,48.8,1937,5.3,46.6,3430,80.7,19.3,5568,46.0,11.6,23.7,40.9,35.9,2024,48.1,10.4,0.4,55.3
12086001401,Census Tract 14.01; Miami-Dade County; Florida,49.4,6.0,65.3,12.9,4.9,8.3,32.2,32385,43496,16899,11.0,11.4,15.0,18.8,13.9,12.7,7.0,9.2,0.0,1.0,37.8,52.2,28.1,25.5,56.1,12.8,5.6,15.7,84.3,1305,8.1,59.7,2358,91.1,8.9,5761,35.1,25.2,13.2,1.8,14.9,2024,31.9,63.3,0.3,40.7
12086001402,Census Tract 14.02; Miami-Dade County; Florida,68.9,8.2,57.7,7.9,8.6,16.3,26.2,37433,51094,24224,6.3,3.7,12.6,16.6,23.7,26.0,1.4,6.1,2.6,1.0,12.8,27.9,11.4,20.5,65.8,12.7,1.0,16.5,83.5,1341,2.3,64.1,2648,95.7,4.3,5479,37.0,21.8,11.2,6.3,15.2,2024,33.5,64.8,0.0,60.7
12086001501,Census Tract 15.01; Miami-Dade County; Florida,45.9,8.7,46.0,27.0,5.0,11.3,35.2,27098,39000,13368,5.8,26.0,14.1,13.0,13.9,10.4,9.8,6.9,0.0,0.0,49.7,77.2,22.7,45.6,23.3,20.3,10.8,14.7,85.3,1012,3.0,48.4,1436,80.8,19.2,3906,29.9,29.4,7.8,0.8,14.3,2024,34.9,60.3,0.0,23.6
12086001502,Census Tract 15.02; Miami-Dade County; Florida,52.9,6.1,78.9,3.3,0.0,4.6,28.2,38380,63304,20771,15.3,9.6,10.7,11.0,22.0,3.2,10.3,10.2,4.6,3.2,27.6,49.8,23.8,12.7,46.5,19.3,21.5,41.2,58.8,1273,0.0,52.9,1558,89.3,10.7,4523,32.3,29.3,8.7,5.9,15.1,2024,45.2,54.8,0.0,37.7
12086001603,Census Tract 16.03; Miami-Dade County; Florida,59.1,3.7,55.8,0.0,0.0,13.8,35.2,61473,80113,27508,3.7,4.5,12.7,8.8,8.5,19.2,13.9,18.4,4.6,5.7,11.3,27.0,16.3,15.8,23.2,37.0,24.0,65.2,34.8,1875,2.5,18.6,1186,91.2,8.8,3397,47.7,11.3,19.6,15.2,59.8,2024,96.8,0.1,0.0,79.7
12086001605,Census Tract 16.05; Miami-Dade County; Florida,53.5,0.0,64.3,0.0,2.7,22.7,30.7,31972,44173,21359,9.3,17.6,12.6,20.2,11.7,14.4,4.9,1.9,5.5,1.9,28.3,65.0,17.8,30.7,37.6,23.5,8.2,7.8,92.2,1123,12.3,49.5,1846,93.1,6.9,3712,54.5,12.0,29.0,23.2,60.7,2024,97.7,0.8,0.0,84.3
12086001606,Census Tract 16.06; Miami-Dade County; Florida,53.2,4.1,61.7,3.7,2.4,12.4,24.7,36467,47914,19038,8.6,11.7,14.3,8.9,18.4,15.6,10.8,10.5,1.2,0.0,26.2,52.5,16.8,18.9,47.4,21.3,12.4,8.4,91.6,1308,14.7,49.6,1695,98.9,1.1,4395,49.4,13.3,22.8,16.4,66.0,2024,97.2,1.2,0.0,83.0
12086001607,Census Tract 16.07; Miami-Dade County; Florida,62.4,1.3,58.5,4.1,0.5,23.3,27.6,81828,86796,27573,1.8,8.3,7.8,3.3,7.0,15.2,15.2,34.8,3.7,2.8,13.3,65.7,13.6,7.7,25.3,45.2,21.8,60.3,39.7,1513,6.0,47.9,1161,96.6,3.4,3101,50.2,14.8,30.3,16.8,59.7,2024,91.3,1.5,0.0,75.4
12086001608,Census Tract 16.08; Miami-Dade County; Florida,66.9,3.8,73.6,0.0,1.8,18.4,26.7,69151,80220,25915,5.0,4.2,2.6,4.5,17.4,19.2,24.5,10.3,8.2,4.1,12.8,42.1,15.4,10.5,29.7,26.6,33.2,66.4,33.6,1640,5.5,71.0,920,95.2,4.8,2829,45.5,13.3,21.5,15.5,77.8,2024,96.1,0.1,0.0,73.5
12086001701,Census Tract 17.01; Miami-Dade County; Florida,52.2,8.7,77.9,7.5,0.0,8.6,33.8,46771,60975,22063,1.4,5.2,15.0,2.8,29.3,19.0,15.4,10.3,1.1,0.5,23.1,46.9,18.9,7.8,37.8,32.3,22.2,37.8,62.2,1317,4.1,49.9,1799,94.6,5.4,5180,40.9,16.4,14.6,6.8,31.7,2024,51.8,45.9,0.0,39.8
12086001702,Census Tract 17.02; Miami-Dade County; Florida,55.9,9.9,72.9,4.1,0.0,6.1,27.7,45814,60769,23536,2.6,8.5,8.1,14.4,25.8,13.9,6.6,12.2,7.2,0.6,17.8,38.5,23.5,9.7,53.5,18.9,17.9,42.0,58.0,1401,3.4,70.1,1492,88.1,11.9,3689,37.9,27.1,14.1,21.0,31.2,2024,60.0,29.2,0.4,39.2
12086001704,Census Tract 17.04; Miami-Dade County; Florida,43.7,6.2,54.2,5.7,0.0,4.8,28.6,33039,69613,23115,7.9,16.6,12.9,18.3,5.8,6.7,11.4,3.1,2.0,15.5,35.9,40.9,25.6,21.6,39.9,21.7,16.8,52.4,47.6,882,5.2,59.5,909,89.7,10.3,2626,40.7,22.9,23.0,13.9,70.1,2024,90.7,3.9,0.0,63.0
12086001705,Census Tract 17.05; Miami-Dade County; Florida,63.7,3.6,83.1,2.8,5.2,4.0,26.2,55265,64735,21101,6.7,5.1,13.3,14.0,9.9,16.3,7.0,17.8,10.0,0.0,14.1,62.2,17.3,8.5,39.0,51.3,1.2,8.2,91.8,1524,4.4,51.7,682,98.2,1.8,2226,32.5,24.7,13.8,17.4,69.2,2024,97.3,2.2,0.0,66.0
12086001801,Census Tract 18.01; Miami-Dade County; Florida,48.7,4.5,69.8,9.9,0.0,7.8,25.9,42786,50420,19916,5.1,16.3,11.7,12.8,12.3,27.1,4.3,5.6,4.8,0.0,28.6,21.6,22.2,19.3,35.5,31.7,13.5,44.7,55.3,1317,8.7,52.8,1895,87.3,12.7,4324,40.6,21.7,18.6,5.9,21.7,2024,43.8,54.6,0.0,33.7
12086001802,Census Tract 18.02; Miami-Dade County; Florida,58.4,7.8,73.5,4.1,0.0,12.5,29.5,43883,59570,20969,2.7,12.6,10.8,13.3,20.2,12.3,10.5,12.9,1.9,2.9,23.9,38.8,21.4,14.6,40.6,34.7,10.1,48.8,51.2,1750,2.7,67.0,1608,96.0,4.0,4697,37.0,28.3,10.5,6.9,25.6,2024,55.7,43.4,0.2,39.6
12086001803,Census Tract 18.03; Miami-Dade County; Florida,49.4,3.9,59.6,23.3,0.0,0.0,33.2,20103,39405,19950,21.4,24.0,21.8,0.9,9.7,12.5,2.7,1.1,0.0,6.0,41.2,60.8,5.7,37.1,51.5,3.2,8.2,13.6,86.4,806,26.8,45.0,1822,80.0,20.0,3161,35.3,21.2,25.3,4.0,12.7,2024,44.0,55.4,0.0,33.9
12086001901,Census Tract 19.01; Miami-Dade County; Florida,53.7,11.1,73.0,13.0,0.0,0.0,29.0,29809,43609,21885,15.5,9.9,11.0,25.0,8.5,15.0,7.0,5.9,0.8,1.5,42.1,51.4,14.2,28.9,54.4,14.4,2.3,16.1,83.9,1262,5.0,56.6,2432,90.1,9.9,4690,35.3,29.0,12.0,6.0,13.2,2024,32.9,62.8,0.3,27.3
12086001903,Census Tract 19.03; Miami-Dade County; Florida,53.4,9.5,62.2,26.4,0.0,0.4,31.8,44975,50398,18531,15.3,18.8,10.0,1.6,11.4,18.3,12.8,8.1,3.7,0.0,21.6,49.3,30.1,29.2,46.2,21.1,3.5,19.7,80.3,1245,10.5,52.6,1544,76.0,24.0,3350,33.5,23.7,8.4,3.5,19.9,2024,45.7,50.2,0.0,37.3
12086001904,Census Tract 19.04; Miami-Dade County; Florida,54.0,10.4,65.6,8.3,0.0,6.4,32.0,38261,67904,27610,5.7,12.2,16.7,10.8,16.5,16.2,7.7,7.3,4.9,2.1,29.4,42.9,17.5,21.8,51.9,14.9,11.4,26.7,73.3,1621,14.0,74.6,1830,85.7,14.3,4088,39.5,24.3,15.9,12.6,26.4,2024,49.5,42.4,1.0,32.3
12086002001,Census Tract 20.01; Miami-Dade County; Florida,40.7,17.2,77.7,5.6,5.0,4.3,26.5,22740,41473,15816,22.2,17.5,13.9,9.6,11.8,4.9,9.0,7.7,0.7,2.6,47.2,47.5,22.8,29.2,48.1,16.0,6.7,6.4,93.6,941,8.6,54.8,1530,84.4,15.6,3758,48.2,22.0,24.5,3.4,9.2,2024,15.1,80.6,0.2,48.3
12086002003,Census Tract 20.03; Miami-Dade County; Florida,42.3,6.6,66.9,14.4,4.3,10.5,29.8,35479,48888,19983,6.4,17.3,17.2,7.8,20.8,11.2,8.6,6.3,3.7,0.7,42.5,44.6,24.8,27.9,57.8,7.0,7.3,15.8,84.2,1277,14.1,57.2,1529,91.0,9.0,3593,33.9,25.7,15.4,9.3,16.7,2024,35.2,60.3,0.2,51.7
12086002004,Census Tract 20.04; Miami-Dade County; Florida,55.7,12.7,69.5,11.9,5.0,5.1,28.4,35742,51594,18138,14.5,8.5,15.5,10.5,14.5,15.4,4.3,11.7,4.9,0.0,25.6,41.3,15.6,31.5,42.7,6.3,19.5,15.8,84.2,1313,4.1,67.9,1171,88.0,12.0,3212,35.0,31.3,17.1,13.7,6.6,2024,28.0,67.5,0.0,43.5
12086002100,Census Tract 21; Miami-Dade County; Florida,63.5,6.7,45.9,1.3,6.7,40.8,24.3,91091,184883,72630,5.4,0.0,3.3,4.5,5.9,22.1,11.1,5.8,4.4,37.3,8.2,2.2,13.5,3.5,57.3,27.5,11.6,46.3,53.7,2251,4.9,38.3,1697,74.0,26.0,3181,38.5,20.3,14.3,46.0,26.5,2024,55.6,12.1,3.4,49.6
12086002201,Census Tract 22.01; Miami-Dade County; Florida,59.6,9.1,53.5,11.4,0.2,13.8,29.3,65893,87281,32982,8.3,0.0,3.0,13.6,9.3,26.4,16.7,13.7,2.2,6.7,18.2,15.9,20.9,14.4,48.9,34.8,1.9,32.4,67.6,1962,9.5,59.9,1214,89.3,10.7,3186,36.2,16.4,18.0,18.7,26.3,2024,44.4,35.6,3.0,39.1
12086002202,Census Tract 22.02; Miami-Dade County; Florida,50.8,12.6,61.8,12.4,1.0,8.1,28.8,55069,92266,30200,9.3,4.7,10.3,3.8,21.0,6.1,10.5,22.8,7.5,4.1,22.4,30.1,21.3,8.3,28.8,51.3,11.5,53.6,46.4,1846,10.6,41.6,2007,78.2,21.8,5074,37.2,21.4,17.1,12.2,11.7,2024,32.5,59.8,0.0,43.1
12086002300,Census Tract 23; Miami-Dade County; Florida,50.2,9.2,60.0,20.1,2.1,15.2,35.5,52561,61484,21197,14.9,4.6,7.9,7.9,12.5,25.7,5.4,13.7,2.6,4.9,25.7,47.0,15.7,24.0,28.7,38.2,9.1,50.3,49.7,1620,1.1,66.5,2146,85.3,14.7,5687,30.9,29.4,12.9,12.9,15.8,2024,44.8,53.9,0.0,24.3
12086002402,Census Tract 24.02; Miami-Dade County; Florida,58.2,10.3,68.5,6.2,7.7,8.6,29.5,50977,61924,21226,3.2,21.9,9.5,4.7,10.1,22.3,11.0,6.5,9.1,1.8,19.5,38.7,23.3,11.7,51.5,21.6,15.2,33.3,66.7,1547,13.4,55.7,2008,95.5,4.5,6611,36.7,25.4,16.3,12.3,74.3,2024,93.3,3.4,0.0,61.0
12086002403,Census Tract 24.03; Miami-Dade County; Florida,59.1,4.2,60.9,14.8,2.3,9.6,31.8,46698,58681,21260,6.4,13.2,15.6,4.1,13.0,11.8,24.5,5.6,3.1,2.6,27.4,41.7,21.2,23.4,35.3,24.6,16.7,28.8,71.2,1340,9.5,57.4,1389,90.6,9.4,3629,43.1,12.8,19.0,24.2,56.9,2024,95.5,0.5,0.0,69.8
12086002404,Census Tract 24.04; Miami-Dade County; Florida,43.9,14.4,58.6,10.0,8.1,0.0,31.7,19394,35751,17288,18.6,17.0,22.3,7.6,10.2,11.2,5.2,6.2,1.8,0.0,29.1,67.8,20.5,31.4,53.8,13.5,1.4,10.3,89.7,1044,3.8,60.9,2576,92.9,7.1,5156,50.2,17.9,27.8,23.9,63.0,2024,96.3,2.4,0.0,72.6
12086002501,Census Tract 25.01; Miami-Dade County; Florida,46.1,9.8,63.1,19.6,4.8,3.6,30.5,32431,49615,16921,0.7,10.4,20.1,21.8,23.0,7.4,5.4,8.7,0.0,2.5,29.6,50.6,23.5,22.5,47.2,22.5,7.9,22.1,77.9,1379,1.8,75.3,1988,94.3,5.7,5785,42.5,17.8,17.0,10.9,62.9,2024,82.2,14.7,0.0,56.1
12086002502,Census Tract 25.02; Miami-Dade County; Florida,47.2,13.5,70.5,8.2,0.0,3.0,25.0,46250,59765,20888,6.8,2.8,13.6,16.9,16.8,19.6,5.0,11.9,4.3,2.4,33.9,29.8,32.4,31.3,40.3,22.1,6.4,22.1,77.9,1582,18.8,63.9,1212,94.5,5.5,3480,44.4,23.8,18.0,5.2,50.8,2024,74.1,19.5,0.6,50.6
12086002600,Census Tract 26; Miami-Dade County; Florida,66.7,7.7,46.7,7.6,3.3,28.6,33.2,84258,122339,59233,4.4,3.6,11.2,1.5,15.6,8.8,14.7,14.7,5.4,20.1,13.5,26.6,15.7,18.0,63.6,17.6,0.8,24.1,75.9,2183,4.5,52.3,3785,76.8,23.2,6114,37.1,14.2,7.7,28.4,52.0,2024,67.7,6.3,0.4,50.7
12086002702,Census Tract 27.02; Miami-Dade County; Florida,75.0,4.8,52.9,5.6,5.5,19.1,23.5,105035,125962,56965,1.9,1.3,4.0,3.1,10.1,21.2,7.2,20.8,19.0,11.4,12.8,5.6,15.7,14.4,60.1,23.1,2.4,2.0,98.0,2734,8.1,45.7,3882,86.0,14.0,7715,33.2,10.5,6.2,33.5,45.6,2024,66.4,8.0,3.3,51.7
12086002705,Census Tract 27.05; Miami-Dade County; Florida,67.5,7.1,47.8,0.0,2.1,35.3,29.1,123766,166597,77904,2.6,0.0,0.0,1.4,6.7,29.8,2.5,18.6,6.6,31.9,5.0,18.9,15.5,20.0,44.0,30.1,5.9,31.2,68.8,2767,19.4,51.3,3034,83.0,17.0,5494,33.0,12.7,6.8,54.5,36.0,2024,64.1,0.6,1.8,45.7
12086002707,Census Tract 27.07; Miami-Dade County; Florida,88.7,1.8,53.5,0.7,5.5,25.0,36.6,108773,165024,101908,3.0,1.1,5.1,7.7,5.5,12.4,9.1,17.7,8.1,30.3,9.2,2.3,20.9,4.5,75.7,19.8,0.0,48.1,51.9,2746,6.7,53.5,1855,85.7,14.3,2552,37.5,7.4,6.5,36.7,47.7,2024,55.8,5.3,4.3,56.1
12086002708,Census Tract 27.08; Miami-Dade County; Florida,80.8,2.5,68.2,0.9,2.1,22.4,25.9,89191,132087,67570,9.5,0.0,4.1,1.7,12.5,11.3,13.9,21.4,10.9,14.8,11.6,7.2,12.5,1.1,68.5,27.9,2.5,18.0,82.0,2484,14.6,33.3,1624,91.9,8.1,2943,34.5,11.2,7.7,36.5,44.2,2024,64.3,1.8,1.6,45.8
12086002709,Census Tract 27.09; Miami-Dade County; Florida,86.5,1.6,54.0,0.5,5.2,32.0,22.8,135240,167158,114077,0.0,5.3,0.3,0.8,5.4,5.8,15.8,29.2,12.3,25.3,6.4,0.0,5.3,7.3,79.6,12.6,0.5,51.2,48.8,2664,9.4,38.8,3756,74.0,26.0,4113,35.1,9.2,1.8,43.7,39.5,2024,42.4,3.5,11.4,41.9
12086002710,Census Tract 27.10; Miami-Dade County; Florida,62.9,0.6,60.9,11.5,0.1,19.5,24.9,120692,195957,128804,11.8,0.0,0.0,3.4,2.8,20.1,5.2,25.8,9.0,22.1,18.2,3.5,12.6,14.2,57.4,25.0,3.3,54.9,45.1,2596,5.1,30.0,1656,73.4,26.6,1834,48.4,6.8,25.5,40.8,46.1,2024,49.9,8.2,0.9,60.1
12086002800,Census Tract 28; Miami-Dade County; Florida,54.5,14.7,34.4,18.0,13.1,12.3,24.1,45324,76065,38133,12.3,9.6,14.7,8.5,9.1,23.0,4.2,8.5,0.9,9.1,39.1,29.0,24.3,37.2,53.4,8.3,1.1,3.8,96.2,1854,9.2,62.3,683,80.7,19.3,1353,38.9,16.5,8.0,19.3,51.0,2024,61.1,18.4,0.0,42.9
12086002900,Census Tract 29; Miami-Dade County; Florida,51.3,10.9,70.2,14.6,5.2,4.9,29.4,43750,54528,18261,6.9,7.2,16.9,14.8,10.8,23.1,8.7,6.6,1.2,3.9,43.0,41.3,22.1,19.1,39.7,27.3,13.9,19.5,80.5,1525,1.9,69.2,1726,93.2,6.8,5265,40.8,21.9,13.3,13.3,56.6,2024,76.0,18.6,0.0,63.9
12086003001,Census Tract 30.01; Miami-Dade County; Florida,51.4,3.0,54.0,9.6,8.3,3.7,24.8,42167,66051,32453,18.6,19.4,2.3,1.9,16.6,11.3,11.9,3.7,4.7,9.8,41.4,28.0,22.8,31.2,51.4,13.9,3.5,14.0,86.0,1561,15.9,57.3,1786,86.6,13.4,3367,41.0,12.7,17.3,29.4,49.8,2024,67.4,10.2,4.4,50.6
12086003004,Census Tract 30.04; Miami-Dade County; Florida,47.3,0.0,82.6,2.4,4.2,3.6,28.8,38929,52588,27486,8.6,17.6,16.7,2.8,16.7,9.2,11.3,14.9,0.0,2.2,34.1,35.3,8.5,27.2,50.4,22.4,0.0,6.5,93.5,1494,15.5,50.2,2810,93.0,7.0,5295,43.2,6.2,24.3,13.3,48.6,2024,70.2,19.2,4.1,56.1
12086003005,Census Tract 30.05; Miami-Dade County; Florida,61.5,4.0,71.1,4.8,8.0,1.6,27.8,36493,52637,24394,10.4,1.8,6.3,13.0,45.9,2.1,10.7,7.8,0.0,2.1,23.1,18.3,24.8,4.8,60.3,30.6,4.3,26.8,73.2,1509,0.0,78.2,723,94.3,5.7,1543,48.0,12.0,25.8,6.2,76.2,2024,96.3,1.1,0.0,72.7
12086003006,Census Tract 30.06; Miami-Dade County; Florida,56.1,5.5,79.6,5.2,2.7,5.7,25.0,46650,63072,22639,8.2,9.1,13.1,10.1,10.5,18.7,5.7,19.7,3.4,1.6,21.8,39.9,19.0,14.9,38.2,28.1,18.8,17.6,82.4,1518,3.1,50.7,1839,93.2,6.8,5035,41.3,20.9,16.2,10.6,69.5,2024,91.2,3.2,0.0,70.0
12086003100,Census Tract 31; Miami-Dade County; Florida,50.4,18.7,58.7,6.2,7.4,1.9,28.4,44071,59408,23715,6.5,8.4,18.2,6.7,17.5,10.3,11.2,14.5,5.2,1.5,37.2,54.3,10.9,38.7,26.5,13.0,21.7,14.6,85.4,985,18.3,34.6,2072,93.4,6.6,5275,35.2,17.0,14.7,15.1,23.0,2024,32.0,59.1,0.5,31.4
12086003400,Census Tract 34; Miami-Dade County; Florida,62.5,9.7,42.9,16.9,3.6,14.4,21.8,43716,54703,25944,9.5,7.7,10.7,10.8,22.5,12.4,15.6,3.0,6.3,1.3,33.1,42.0,13.4,36.2,42.6,14.5,6.8,0.0,100.0,1555,8.4,62.5,2142,87.5,12.5,3997,32.3,13.3,10.9,24.4,31.0,2024,65.6,18.7,1.6,63.3
12086003603,Census Tract 36.03; Miami-Dade County; Florida,69.5,2.1,61.1,1.2,4.7,8.6,22.4,57931,78422,38399,6.5,7.5,8.5,5.5,15.3,22.4,4.4,21.1,0.0,8.7,11.7,37.4,26.0,19.3,60.5,16.8,3.4,8.2,91.8,1709,12.9,58.6,1256,81.4,18.6,2154,39.8,9.3,14.2,23.1,53.2,2024,78.5,4.6,1.8,65.8
12086003604,Census Tract 36.04; Miami-Dade County; Florida,82.8,3.9,47.4,7.0,14.5,9.3,25.3,54665,96005,38589,5.4,8.7,7.8,7.5,10.8,22.7,18.4,5.9,2.3,10.4,16.2,33.1,23.6,31.6,48.5,19.9,0.0,6.1,93.9,1784,7.1,56.9,1546,80.0,20.0,3147,33.5,18.3,12.9,28.4,54.5,2024,77.8,8.3,0.0,69.9
12086003605,Census Tract 36.05; Miami-Dade County; Florida,60.7,4.9,57.8,16.3,8.6,8.0,28.0,33920,85794,47820,8.1,19.3,18.7,6.0,9.1,10.2,7.5,8.2,5.4,7.4,35.8,44.1,22.5,37.0,42.4,18.3,2.2,12.6,87.4,1527,12.0,52.3,1860,88.8,11.2,2993,37.9,13.1,19.3,16.7,58.6,2024,83.9,7.2,0.3,63.9
12086003606,Census Tract 36.06; Miami-Dade County; Florida,52.3,11.7,45.1,18.3,11.4,10.0,31.4,29107,45582,26531,15.1,24.0,5.0,11.8,7.6,8.7,16.6,9.5,1.6,0.2,38.5,46.1,24.7,49.1,38.8,9.7,2.4,0.0,100.0,1321,25.0,50.4,1505,98.2,1.8,2584,38.7,5.8,23.8,20.9,58.7,2024,81.6,4.8,0.0,81.6
12086003607,Census Tract 36.07; Miami-Dade County; Florida,58.2,16.8,48.3,5.2,4.0,17.4,29.5,34053,85501,42549,11.7,11.1,11.1,18.9,11.0,12.5,8.9,8.9,2.2,3.7,31.9,28.9,17.3,27.5,43.6,27.8,1.1,10.5,89.5,1505,11.9,62.7,904,96.2,3.8,1765,41.5,13.5,13.8,12.6,55.9,2024,64.5,27.9,2.9,48.8
12086003703,Census Tract 37.03; Miami-Dade County; Florida,84.4,5.0,34.3,3.2,10.3,42.1,24.6,120172,171799,107437,8.3,0.0,2.1,1.1,5.8,6.2,17.3,18.1,16.0,25.0,8.9,5.8,17.8,18.4,72.4,8.4,0.7,31.4,68.6,2826,4.5,35.9,2389,70.6,29.4,2725,33.5,2.1,1.1,31.5,49.5,2024,53.3,5.8,9.1,62.2
12086003704,Census Tract 37.04; Miami-Dade County; Florida,90.6,0.0,36.7,15.6,13.5,20.7,21.6,48036,66746,51230,11.9,7.8,9.3,15.0,7.1,11.5,12.2,7.1,16.4,1.7,17.3,11.1,4.7,43.6,46.9,9.5,0.0,18.1,81.9,2246,7.8,58.4,1378,71.6,28.4,1309,37.1,6.3,5.3,26.1,51.8,2024,75.0,4.5,1.6,55.0
12086003705,Census Tract 37.05; Miami-Dade County; Florida,88.8,2.5,48.3,1.0,16.3,26.5,18.6,156959,186458,100620,1.1,0.0,1.1,2.5,2.5,16.7,9.4,10.6,22.1,34.2,4.4,3.7,9.2,11.6,60.4,24.0,4.0,60.1,39.9,2982,1.7,39.3,1431,73.0,27.0,1932,32.1,8.7,3.1,34.0,49.1,2024,57.3,7.9,3.3,48.3
12086003706,Census Tract 37.06; Miami-Dade County; Florida,50.4,1.8,41.0,12.9,6.6,24.1,24.3,65238,76944,32893,8.3,1.5,7.5,12.9,8.9,22.1,8.0,19.6,4.9,6.3,10.6,4.2,21.1,33.4,58.1,8.5,0.0,0.0,100.0,2411,10.5,60.6,1327,77.0,23.0,2498,31.5,5.5,1.9,40.8,31.5,2024,56.7,17.1,0.5,50.3
12086003707,Census Tract 37.07; Miami-Dade County; Florida,83.3,5.3,54.7,9.0,4.6,28.3,26.0,129875,148158,94656,4.7,0.0,3.5,1.2,0.7,7.3,21.4,24.4,13.7,23.1,8.6,1.9,10.8,21.9,59.2,19.0,0.0,28.5,71.5,2713,11.3,38.0,1623,76.4,23.6,1926,34.3,1.8,5.6,42.6,36.0,2024,40.8,5.4,8.8,35.8
12086003708,Census Tract 37.08; Miami-Dade County; Florida,72.6,0.0,48.6,5.4,6.7,35.9,21.9,74073,149745,90375,11.2,0.0,0.0,12.2,2.1,26.5,8.1,9.3,16.7,13.9,13.6,3.1,7.7,2.2,82.3,15.5,0.0,33.4,66.6,3023,5.8,70.6,826,70.3,29.7,953,34.5,6.0,12.9,46.7,44.4,2024,57.1,0.6,3.0,41.4
12086003709,Census Tract 37.09; Miami-Dade County; Florida,86.0,2.5,49.6,19.2,8.9,12.9,28.1,68005,95099,57134,0.7,0.0,0.0,6.6,17.8,39.1,7.5,6.7,6.4,15.2,0.5,0.9,21.5,17.1,53.1,24.9,4.9,13.8,86.2,2010,21.2,54.3,845,90.2,9.8,1322,32.9,3.0,4.6,24.4,41.0,2024,52.8,7.0,7.9,55.6
12086003710,Census Tract 37.10; Miami-Dade County; Florida,72.5,8.2,53.1,4.2,3.9,27.7,21.9,101946,136996,64605,7.0,4.0,2.5,0.4,8.0,13.2,13.6,19.0,15.0,17.4,16.4,6.4,20.2,6.8,61.2,28.3,3.7,12.1,87.9,2806,8.8,56.4,4772,81.0,19.0,8380,33.9,10.1,5.0,31.5,55.3,2024,58.9,3.3,4.4,55.0
12086003801,Census Tract 38.01; Miami-Dade County; Florida,66.8,3.2,53.9,1.9,3.2,30.6,30.6,89327,150664,55093,5.4,1.3,6.4,4.8,8.4,19.5,7.5,16.2,6.6,24.0,5.4,6.5,14.6,6.9,47.6,32.6,12.9,49.0,51.0,2442,12.8,66.2,2602,80.4,19.6,5886,36.0,31.1,15.7,47.4,42.0,2024,55.9,1.3,0.1,51.4
12086003803,Census Tract 38.03; Miami-Dade County; Florida,48.2,9.4,63.3,1.1,4.4,21.3,35.5,80806,257564,122726,10.7,3.5,3.3,5.8,5.0,15.6,11.6,9.5,7.2,27.6,20.1,3.8,4.1,9.8,47.8,29.0,13.5,57.6,42.4,2804,7.5,74.8,3741,39.3,60.7,3055,53.8,18.5,32.3,73.6,22.7,2024,30.9,0.1,0.0,40.6
12086003804,Census Tract 38.04; Miami-Dade County; Florida,59.3,5.2,58.2,3.0,2.9,24.9,32.4,100208,156256,55315,6.0,1.0,1.6,10.9,5.2,8.1,17.2,12.6,13.8,23.7,9.9,3.9,8.6,4.6,48.1,38.2,9.1,74.0,26.0,1866,23.0,55.6,3782,52.0,48.0,5631,38.9,31.8,16.2,71.9,20.8,2024,28.9,4.3,1.4,36.9
12086003906,Census Tract 39.06; Miami-Dade County; Florida,63.8,2.4,64.7,0.0,0.6,22.4,23.1,204554,312642,108490,5.4,0.0,2.7,3.8,1.6,2.5,0.6,13.5,18.7,51.2,5.0,0.0,4.2,3.9,28.8,43.8,23.4,89.2,10.8,2767,0.0,61.8,1178,80.1,19.9,2760,46.8,25.5,16.8,71.5,22.3,2024,32.6,0.0,0.0,28.5
12086003909,Census Tract 39.09; Miami-Dade County; Florida,63.6,3.2,52.3,4.7,4.0,35.8,26.4,53203,86366,44424,10.9,9.3,10.2,5.8,12.6,21.5,4.9,13.8,5.5,5.5,18.4,28.5,13.7,31.2,49.6,14.8,4.3,18.8,81.2,1613,20.6,38.0,1101,69.2,30.8,1492,44.0,13.1,23.9,20.2,42.7,2024,65.1,10.0,0.0,52.0
12086003911,Census Tract 39.11; Miami-Dade County; Florida,73.2,9.5,60.4,13.7,6.3,8.2,34.0,62103,76422,38804,2.5,5.1,10.2,4.7,14.9,24.8,9.5,18.3,2.5,7.4,22.7,8.3,28.6,12.7,46.7,29.2,11.4,37.0,63.0,1759,9.6,56.7,2711,77.5,22.5,4363,38.5,9.9,14.0,20.9,61.3,2024,75.6,3.6,0.6,68.6
12086003912,Census Tract 39.12; Miami-Dade County; Florida,71.8,6.1,52.6,19.2,3.8,9.8,33.7,86971,113014,45617,16.6,3.4,2.8,3.9,6.8,13.8,14.0,24.3,6.5,8.0,12.8,32.7,18.1,16.5,50.1,21.7,11.7,23.3,76.7,1793,3.5,51.4,1922,91.9,8.1,4394,39.0,17.2,9.9,22.8,48.6,2024,80.7,1.1,2.3,66.8
12086003913,Census Tract 39.13; Miami-Dade County; Florida,60.1,4.5,63.1,8.7,6.5,9.9,27.7,54099,82322,37665,0.8,9.5,10.0,12.2,15.1,11.4,10.5,12.1,15.5,2.9,18.2,17.3,23.5,20.7,45.6,28.2,5.4,32.4,67.6,1736,9.8,58.3,2388,76.3,23.7,4060,48.1,10.9,23.7,23.5,37.9,2024,61.8,2.3,6.2,64.9
12086003914,Census Tract 39.14; Miami-Dade County; Florida,69.5,3.2,40.7,11.8,4.1,30.6,28.9,55932,114779,77069,2.8,9.9,4.2,12.2,13.6,18.3,7.3,9.9,1.6,20.3,13.0,10.6,11.8,18.2,71.3,10.6,0.0,42.6,57.4,1882,17.0,49.4,3537,61.6,38.4,3343,51.2,4.8,29.6,33.4,47.3,2024,68.2,0.6,3.5,69.2
12086003915,Census Tract 39.15; Miami-Dade County; Florida,65.6,6.8,47.8,2.0,0.0,17.9,31.7,60885,100357,44626,2.8,1.5,8.7,17.6,13.6,11.9,15.8,12.4,6.5,9.1,7.6,11.4,24.4,21.8,34.3,32.8,11.1,43.2,56.8,1759,7.5,57.9,2536,84.7,15.3,5097,44.5,13.4,17.3,40.6,40.7,2024,72.8,2.1,3.5,62.2
12086003916,Census Tract 39.16; Miami-Dade County; Florida,74.3,3.8,44.6,13.7,0.0,21.1,36.7,76161,98244,44847,4.7,5.4,10.7,4.2,9.0,15.6,15.5,19.1,4.5,11.2,17.1,17.1,16.5,22.4,45.2,22.3,10.1,30.6,69.4,1771,10.6,44.6,2094,91.6,8.4,4199,40.0,14.5,12.5,22.3,52.5,2024,67.7,3.4,5.5,59.2
12086003917,Census Tract 39.17; Miami-Dade County; Florida,62.2,2.9,59.0,0.0,0.0,20.7,33.8,71440,99391,43663,7.3,3.3,4.8,6.5,13.5,17.2,9.3,24.1,2.6,11.4,10.1,17.2,14.8,2.0,55.8,34.8,7.5,40.3,59.7,2086,3.3,60.3,2776,83.0,17.0,5397,50.8,8.5,15.8,30.1,42.8,2024,61.1,6.1,4.0,59.2
12086003918,Census Tract 39.18; Miami-Dade County; Florida,74.7,4.0,55.7,3.0,0.7,28.2,35.8,107750,109329,51621,4.7,2.8,1.3,5.8,6.8,13.3,13.8,25.3,17.3,8.8,7.6,3.9,10.2,6.0,57.9,29.4,6.7,46.1,53.9,2323,11.9,45.3,1721,73.6,26.4,2721,44.4,12.9,13.4,37.0,42.0,2024,57.8,1.5,6.0,57.9
12086003919,Census Tract 39.19; Miami-Dade County; Florida,67.6,4.2,35.5,4.1,0.7,47.4,31.3,114505,170727,88658,6.7,1.5,6.2,3.3,2.4,20.3,5.8,8.8,16.6,28.5,8.1,1.2,5.1,3.4,50.1,41.9,4.5,64.0,36.0,3081,6.7,38.6,2330,57.8,42.2,2804,46.8,17.3,22.3,45.6,40.7,2024,42.5,4.4,3.2,55.2
12086003921,Census Tract 39.21; Miami-Dade County; Florida,53.9,3.4,49.9,1.9,0.0,36.6,29.9,105357,184908,89132,6.0,1.0,1.9,6.3,12.0,5.2,10.6,20.0,9.3,27.7,4.8,1.4,7.8,3.7,70.5,20.5,5.3,62.1,37.9,2915,2.5,47.1,2925,37.2,62.8,2331,49.1,19.2,26.9,70.2,22.1,2024,39.9,0.5,3.1,60.1
12086003922,Census Tract 39.22; Miami-Dade County; Florida,57.5,5.5,36.0,11.0,6.3,36.8,29.2,125192,231261,103529,2.7,3.2,1.6,3.4,12.8,6.1,9.1,20.6,13.0,27.7,5.8,4.2,10.3,5.0,62.6,31.0,1.4,56.5,43.5,2712,16.9,39.4,2671,36.7,63.3,2256,46.8,16.9,25.1,58.8,27.3,2024,45.8,0.0,4.0,46.2
12086004000,Census Tract 40; Miami-Dade County; Florida,61.0,5.6,50.7,2.6,6.9,33.5,22.1,159342,283062,87680,5.0,1.0,3.1,4.4,7.5,4.3,12.8,9.5,9.1,43.3,4.7,11.3,2.3,7.2,33.9,38.4,20.5,68.9,31.1,2129,17.6,27.7,2724,60.1,39.9,5449,32.4,38.0,12.9,80.1,12.9,2024,31.7,0.7,0.7,20.4
12086004102,Census Tract 41.02; Miami-Dade County; Florida,53.6,0.7,40.1,0.0,3.7,47.0,22.9,184299,361462,183185,1.5,0.7,4.4,3.4,2.5,7.8,11.1,11.9,14.9,41.8,1.9,0.0,6.2,3.6,49.8,33.6,13.0,93.3,6.7,2452,0.0,46.2,1809,59.3,40.7,2226,56.1,11.7,34.5,63.3,28.3,2024,30.3,2.4,3.1,38.6
12086004103,Census Tract 41.03; Miami-Dade County; Florida,52.0,3.1,51.3,5.1,25.9,8.3,23.4,39817,101019,63095,5.1,13.7,18.6,9.0,11.5,11.3,3.2,6.3,11.1,10.2,29.7,36.0,11.3,33.1,55.9,11.0,0.0,32.3,67.7,1328,8.6,47.4,2075,63.9,36.1,2133,58.5,6.4,37.8,49.0,45.4,2024,58.2,1.6,0.0,65.0
12086004105,Census Tract 41.05; Miami-Dade County; Florida,67.9,2.4,32.2,5.6,8.3,23.6,18.5,-666666666,108894,72877,10.6,1.7,2.8,4.5,27.3,7.0,5.6,28.0,2.5,9.9,15.8,3.6,10.9,32.7,56.5,8.1,2.8,44.8,55.2,1656,0.0,78.4,2757,52.7,47.3,2195,44.0,6.0,24.0,45.2,36.4,2024,51.3,13.3,1.0,33.3
12086004106,Census Tract 41.06; Miami-Dade County; Florida,69.2,1.7,56.6,1.1,2.6,25.2,27.9,170417,356236,147495,6.9,0.0,4.9,1.1,0.0,6.6,5.0,18.6,16.1,40.9,10.9,5.2,5.9,11.3,41.0,31.8,15.8,65.6,34.4,3501,0.0,23.5,1637,74.9,25.1,3089,36.4,31.7,15.7,71.3,12.7,2024,29.0,0.4,5.7,34.7
12086004204,Census Tract 42.04; Miami-Dade County; Florida,76.3,5.6,33.6,3.5,10.5,24.0,25.4,49063,104792,66605,8.1,2.3,11.2,10.9,19.6,9.8,13.6,5.0,6.3,13.2,19.7,10.5,26.0,45.8,35.6,16.1,2.5,20.2,79.8,1689,7.9,58.7,1748,73.3,26.7,2087,36.8,10.2,7.1,55.2,18.2,2024,53.2,4.4,3.6,57.1
12086004205,Census Tract 42.05; Miami-Dade County; Florida,72.4,7.8,24.4,7.2,27.8,32.3,17.5,70143,127128,85463,11.7,4.0,9.9,4.7,3.3,21.0,16.1,4.1,14.1,11.1,14.2,10.0,28.1,49.2,40.3,6.2,4.4,32.7,67.3,1806,14.2,52.8,2227,56.5,43.5,1892,42.0,4.1,12.5,60.2,23.3,2024,38.1,6.1,2.0,56.0
12086004206,Census Tract 42.06; Miami-Dade County; Florida,64.3,1.8,63.3,3.0,15.3,11.0,21.2,74955,103297,51215,5.7,4.9,4.9,19.1,3.0,12.6,7.1,27.0,5.4,10.5,39.6,33.3,4.4,20.7,31.5,46.0,1.8,41.9,58.1,1780,3.0,43.6,1401,67.6,32.4,2012,46.6,17.7,13.7,55.8,26.4,2024,52.9,12.6,1.8,53.2
12086004207,Census Tract 42.07; Miami-Dade County; Florida,70.9,3.2,29.1,3.7,18.7,41.9,19.7,125024,213741,111342,10.2,1.1,0.0,7.6,2.3,10.7,3.1,20.3,14.8,29.9,7.2,4.1,9.5,25.9,47.8,20.6,5.8,7.5,92.5,2854,15.0,29.3,1771,54.9,45.1,1823,39.7,13.5,10.3,82.0,12.6,2024,40.2,0.0,0.9,40.5
12086004208,Census Tract 42.08; Miami-Dade County; Florida,67.9,7.3,41.1,3.2,5.8,30.1,27.2,83989,116725,83001,6.0,6.7,7.9,7.5,2.4,12.0,12.6,14.3,8.9,21.7,13.2,5.4,17.5,20.9,62.3,13.6,3.3,50.1,49.9,2253,3.0,38.9,1214,75.4,24.6,1290,50.4,4.7,19.5,71.6,15.4,2024,29.4,1.6,8.0,50.5
12086004301,Census Tract 43.01; Miami-Dade County; Florida,72.0,2.6,45.1,2.7,7.8,34.7,24.9,74528,160566,92207,4.7,3.8,4.0,4.4,9.3,25.4,11.7,10.3,6.6,19.8,10.5,4.2,13.4,14.7,66.0,17.2,2.0,45.8,54.2,2317,19.5,60.2,2263,66.4,33.6,2686,37.3,12.4,8.6,59.0,19.9,2024,39.4,6.6,2.5,55.6
12086004303,Census Tract 43.03; Miami-Dade County; Florida,81.8,1.1,33.7,7.6,17.2,9.5,22.6,51450,66998,37651,3.3,4.9,6.9,17.1,13.2,29.7,12.7,4.2,0.7,7.3,20.7,15.7,33.7,40.2,53.1,6.7,0.0,17.5,82.5,1730,9.5,66.3,1871,81.5,18.5,2743,37.3,18.1,8.7,57.5,17.2,2024,71.7,2.9,0.7,66.7
12086004304,Census Tract 43.04; Miami-Dade County; Florida,78.9,0.7,47.3,7.7,6.7,17.8,25.2,76586,119302,74085,6.2,4.5,10.7,8.7,8.9,5.8,12.5,18.3,8.3,16.2,12.9,4.8,22.9,31.2,49.7,18.2,1.0,51.2,48.8,1810,19.4,48.3,1645,79.2,20.8,2207,38.2,11.1,9.7,54.0,27.8,2024,48.6,4.3,2.4,52.7
12086004403,Census Tract 44.03; Miami-Dade County; Florida,65.3,5.4,49.7,1.6,16.9,21.6,18.4,41871,79398,46870,8.4,1.8,17.2,8.9,21.8,9.3,12.7,7.8,4.0,8.1,21.4,8.8,19.9,28.8,57.3,11.4,2.5,31.3,68.7,1652,6.4,63.3,2189,67.1,32.9,2548,44.1,11.7,16.7,68.2,22.5,2024,52.0,3.6,1.7,54.0
12086004404,Census Tract 44.04; Miami-Dade County; Florida,45.9,12.5,45.7,0.6,15.3,28.0,23.4,36094,76043,54531,14.2,23.2,8.8,3.1,9.3,14.2,4.7,4.2,8.3,10.0,33.4,35.8,15.3,40.5,45.8,11.8,1.8,34.0,66.0,-666666666,5.5,41.0,2141,68.0,32.0,2012,52.2,11.0,33.5,54.6,30.3,2024,51.7,5.3,2.6,62.5
12086004405,Census Tract 44.05; Miami-Dade County; Florida,57.4,2.7,23.0,3.4,17.0,27.5,18.5,49759,92575,62517,10.3,11.5,12.7,3.1,13.4,21.8,7.7,11.1,1.2,7.2,18.0,26.2,27.7,42.8,45.1,6.2,5.8,22.9,77.1,1630,10.1,59.9,2210,85.3,14.7,2863,46.4,7.8,21.4,68.5,18.5,2024,53.1,4.5,0.5,51.7
12086004406,Census Tract 44.06; Miami-Dade County; Florida,74.5,7.1,51.1,2.5,8.2,31.8,21.9,81316,156483,98767,1.7,2.8,11.7,11.4,4.8,15.4,7.0,13.6,7.0,24.5,7.0,9.7,14.2,21.7,64.8,12.6,1.0,30.9,69.1,2286,2.4,44.6,2068,70.1,29.9,2314,42.1,10.3,15.3,70.0,15.9,2024,30.8,3.8,4.9,49.4
12086004500,Census Tract 45; Miami-Dade County; Florida,43.8,2.8,51.3,0.0,9.9,34.7,24.9,96688,317551,166107,7.6,14.0,7.0,4.6,4.6,9.8,2.9,8.0,7.2,34.2,16.0,24.9,9.2,14.9,56.5,25.5,3.2,45.3,54.7,1384,14.0,42.4,4763,47.8,52.2,4389,51.8,17.3,37.2,71.6,11.9,2024,35.5,2.9,2.5,44.2
12086004602,Census Tract 46.02; Miami-Dade County; Florida,64.0,2.4,53.0,4.2,1.9,29.0,26.0,250001,468621,130699,0.0,0.2,3.3,1.1,0.9,4.6,4.4,11.8,8.6,65.1,4.2,1.3,3.2,0.0,14.3,51.9,33.8,76.2,23.8,3501,12.1,43.6,1389,87.5,12.5,4513,35.9,32.6,9.8,39.6,55.2,2024,67.3,0.9,0.0,49.7
12086004605,Census Tract 46.05; Miami-Dade County; Florida,55.3,4.9,50.8,1.5,0.6,34.7,21.9,152321,249089,98054,6.5,1.1,6.6,0.7,5.3,11.4,5.5,12.0,4.5,46.4,5.5,0.0,1.1,5.3,55.9,29.3,9.6,74.2,25.8,3501,4.5,76.2,2218,64.4,35.6,3718,42.9,32.3,17.5,37.4,56.7,2024,67.5,0.0,0.4,58.1
12086004607,Census Tract 46.07; Miami-Dade County; Florida,52.5,2.8,44.7,0.0,2.7,45.6,24.2,176333,296740,102993,6.0,1.4,3.8,0.5,2.3,5.4,16.0,9.8,6.5,48.2,7.1,0.7,1.0,0.0,51.0,43.9,5.1,59.1,40.9,3501,15.9,42.2,2629,57.1,42.9,4418,43.3,29.6,21.9,40.1,56.4,2024,71.2,0.0,0.0,67.9
12086004608,Census Tract 46.08; Miami-Dade County; Florida,67.8,0.7,58.7,0.7,3.1,28.0,20.6,105000,198336,75470,2.6,1.9,5.0,3.9,5.5,5.9,21.1,14.5,13.4,26.3,4.7,3.6,1.9,7.9,55.8,29.3,7.1,52.3,47.8,3067,22.6,49.5,1074,74.5,25.5,2142,42.6,33.6,12.0,21.7,74.3,2024,79.6,0.0,0.2,55.0
12086004701,Census Tract 47.01; Miami-Dade County; Florida,60.7,2.3,67.7,0.0,3.9,20.1,28.9,93667,143534,58183,4.1,9.9,5.1,7.1,6.6,13.9,6.5,11.6,6.6,28.6,11.2,7.0,11.9,9.2,30.1,45.6,15.1,71.9,28.1,1518,0.0,72.3,2103,98.1,1.9,5117,44.8,21.9,22.1,37.7,57.2,2024,80.3,0.0,0.0,38.9
12086004703,Census Tract 47.03; Miami-Dade County; Florida,62.4,0.6,62.7,1.6,0.5,15.6,29.5,86314,105705,38109,1.7,5.2,3.1,5.1,12.9,11.3,19.3,24.7,8.0,8.7,11.3,21.3,7.9,4.8,39.3,44.7,11.2,51.5,48.5,1460,6.1,47.1,1885,93.1,6.9,5033,44.2,17.7,18.4,40.0,46.8,2024,77.6,1.1,0.0,49.1
12086004704,Census Tract 47.04; Miami-Dade County; Florida,71.2,3.7,76.3,0.9,3.4,9.1,22.1,70469,93372,34349,4.0,7.4,2.5,10.6,7.1,19.2,19.2,15.9,5.5,8.7,6.4,10.3,11.8,0.0,49.5,36.5,14.0,56.0,44.0,1689,19.9,62.5,895,95.5,4.5,2423,45.2,16.9,22.9,37.9,48.0,2024,79.9,0.0,0.2,56.5
12086004705,Census Tract 47.05; Miami-Dade County; Florida,75.1,2.4,60.8,1.4,2.5,25.8,25.5,81316,127753,60400,3.9,3.1,13.1,7.2,8.4,13.2,2.6,27.0,3.1,18.3,6.7,24.4,7.6,2.9,52.8,29.1,15.3,57.8,42.2,1259,3.8,66.4,1660,98.1,1.9,3576,41.8,15.6,13.6,33.1,53.5,2024,82.6,0.1,0.0,55.7
12086004901,Census Tract 49.01; Miami-Dade County; Florida,62.8,5.9,60.4,2.4,4.1,12.7,24.0,65721,67368,29647,3.7,8.5,3.1,12.9,12.0,19.2,30.4,5.3,3.7,1.3,20.0,28.6,15.7,11.7,40.7,25.4,22.3,28.4,71.6,1656,12.3,51.1,1768,88.3,11.7,3662,46.6,12.5,17.0,14.5,72.3,2024,95.2,0.0,0.3,76.7
12086004903,Census Tract 49.03; Miami-Dade County; Florida,63.9,0.0,77.1,2.0,1.3,9.7,24.5,50246,66751,29215,6.0,11.3,4.4,6.7,21.2,13.7,15.2,15.8,1.1,4.7,14.1,29.4,14.7,6.9,58.3,23.9,10.9,32.1,67.9,1535,9.1,61.1,1584,82.3,17.7,3125,49.7,14.9,26.0,14.4,80.2,2024,94.9,0.0,0.0,79.2
12086004904,Census Tract 49.04; Miami-Dade County; Florida,57.7,1.3,69.3,10.8,4.8,5.1,29.0,51726,60921,21426,2.2,5.0,12.5,18.1,10.7,23.1,14.5,6.2,7.7,0.0,16.0,26.4,19.5,6.1,39.4,34.6,19.9,38.5,61.5,1703,7.2,64.8,1076,90.2,9.8,2822,49.6,10.8,26.9,11.2,77.6,2024,98.7,0.7,0.0,81.8
12086005002,Census Tract 50.02; Miami-Dade County; Florida,60.1,3.0,78.6,4.9,0.5,8.0,29.8,72860,94060,34031,6.1,3.9,7.8,6.2,16.7,12.2,7.5,26.2,3.7,9.7,9.6,39.2,17.5,12.3,28.5,42.3,16.9,41.9,58.1,1685,8.1,42.2,1818,97.1,2.9,5046,47.7,9.8,16.1,13.9,75.4,2024,98.4,0.1,0.0,72.5
12086005003,Census Tract 50.03; Miami-Dade County; Florida,62.3,4.0,42.5,20.4,0.0,17.3,31.3,58816,73196,24730,8.8,0.0,8.4,6.7,25.1,9.0,15.3,16.6,7.8,2.2,18.2,36.1,26.1,20.3,31.3,30.3,18.1,45.6,54.4,1521,13.0,76.4,1290,100.0,0.0,3800,43.8,20.4,20.4,15.7,62.2,2024,80.8,6.7,0.4,64.7
12086005004,Census Tract 50.04; Miami-Dade County; Florida,56.7,2.9,73.8,1.0,0.0,11.7,29.7,57146,154371,50703,0.8,5.0,7.7,1.2,19.7,23.4,12.7,14.3,9.1,6.1,10.0,35.3,8.6,0.0,25.2,47.4,27.4,75.2,24.8,1511,0.0,24.1,1148,97.3,2.7,3934,44.6,15.7,17.9,20.6,62.1,2024,97.3,0.1,0.0,69.7
12086005102,Census Tract 51.02; Miami-Dade County; Florida,56.2,3.0,58.6,4.4,0.0,21.0,29.5,35665,87003,43617,6.7,28.9,11.4,1.8,6.7,6.0,7.9,10.6,11.9,8.1,34.4,43.7,21.8,30.4,53.2,10.9,5.5,27.5,72.5,1014,12.5,34.6,2927,93.3,6.7,5533,46.9,11.8,30.3,29.7,50.8,2024,86.3,5.2,0.0,51.5
12086005103,Census Tract 51.03; Miami-Dade County; Florida,63.6,3.5,67.2,6.2,1.5,4.5,31.3,39936,68311,26148,2.8,16.2,15.6,6.6,16.6,12.6,8.7,9.1,6.0,5.9,22.2,34.2,29.6,17.6,39.5,38.3,4.6,27.2,72.8,1334,9.9,45.4,1003,95.3,4.7,2633,41.7,15.5,18.1,16.0,66.3,2024,94.9,0.7,0.0,76.7
12086005104,Census Tract 51.04; Miami-Dade County; Florida,62.1,3.7,74.5,6.3,0.5,4.6,29.6,34920,48815,20584,6.5,16.7,12.2,14.7,15.8,14.6,9.2,6.3,1.2,2.7,29.7,36.8,21.6,13.6,52.7,24.5,9.2,17.3,82.7,1576,14.8,61.2,1850,92.4,7.6,4282,42.8,17.9,16.5,20.2,62.5,2024,95.8,0.0,0.0,76.7
12086005201,Census Tract 52.01; Miami-Dade County; Florida,59.9,3.5,52.1,8.7,2.5,3.0,30.0,40061,49507,22502,7.3,11.5,22.3,1.4,23.0,18.2,2.0,9.2,5.3,0.0,22.5,40.5,25.2,34.5,37.7,27.2,0.6,4.1,95.9,1581,2.2,61.4,2437,97.6,2.4,5074,48.1,20.5,18.3,5.7,70.2,2024,96.7,0.5,0.0,81.9
12086005202,Census Tract 52.02; Miami-Dade County; Florida,58.7,6.3,49.9,7.0,15.7,5.2,28.7,42669,46144,18594,4.4,9.6,21.0,4.8,23.7,21.7,8.7,3.3,2.7,0.0,20.4,47.2,28.0,27.3,50.3,15.9,6.5,4.9,95.1,1414,10.6,53.0,2241,97.4,2.6,6115,48.7,19.7,19.5,21.1,65.7,2024,90.8,1.9,0.0,71.3
12086005303,Census Tract 53.03; Miami-Dade County; Florida,69.0,3.6,52.2,16.3,3.1,2.0,31.7,39960,61595,24599,6.1,9.8,14.7,6.5,22.3,14.9,10.9,4.8,6.5,3.5,22.2,34.3,39.8,28.4,39.0,20.2,12.5,7.2,92.8,1470,1.8,50.5,1387,95.5,4.5,3504,38.7,16.4,10.6,8.8,77.4,2024,96.6,1.1,0.0,75.2
12086005304,Census Tract 53.04; Miami-Dade County; Florida,67.2,6.0,60.3,11.6,5.9,5.4,32.4,38545,49645,21023,5.8,12.9,7.7,14.5,22.6,17.1,8.5,7.1,3.8,0.0,25.2,37.2,35.1,30.0,47.1,18.9,4.1,9.9,90.1,1423,5.4,71.4,1767,93.5,6.5,4197,42.4,18.8,14.5,9.3,75.2,2024,95.2,1.7,0.4,76.6
12086005305,Census Tract 53.05; Miami-Dade County; Florida,59.9,8.2,61.8,23.0,2.3,1.3,27.5,29955,42109,18846,9.3,8.9,28.6,6.3,19.7,6.7,19.2,0.0,0.0,1.3,39.8,46.5,19.3,34.9,55.7,8.7,0.6,4.6,95.4,1350,9.9,57.5,1997,86.4,13.6,4047,45.9,18.0,16.4,17.3,71.0,2024,92.8,1.7,3.9,75.7
12086005306,Census Tract 53.06; Miami-Dade County; Florida,57.3,4.1,41.5,27.9,3.2,0.8,29.7,27321,38931,19929,14.8,9.4,24.9,6.9,11.0,23.4,6.5,1.0,1.5,0.6,26.1,39.7,34.4,47.1,45.4,5.9,1.5,4.5,95.5,1505,21.9,58.6,2200,96.9,3.1,4275,44.9,9.7,22.9,5.3,79.6,2024,96.8,1.8,0.1,79.9
12086005403,Census Tract 54.03; Miami-Dade County; Florida,58.2,3.8,68.3,9.2,3.6,2.5,29.4,46793,72242,20258,0.0,1.0,7.0,29.7,17.0,12.6,7.8,16.6,4.2,4.2,28.3,21.8,20.4,13.4,36.5,37.7,12.4,43.5,56.5,1349,15.9,45.2,541,92.6,7.4,1950,43.4,21.8,17.2,15.0,52.5,2024,88.9,8.6,0.0,72.6
12086005405,Census Tract 54.05; Miami-Dade County; Florida,68.4,2.8,67.2,8.4,3.5,4.1,31.2,59831,66966,23908,5.3,2.0,5.1,11.6,13.2,28.1,19.1,11.5,1.2,2.8,14.7,34.8,30.3,21.8,23.3,34.2,20.7,21.1,78.9,1522,10.7,55.7,1218,98.2,1.8,3883,38.7,15.3,13.6,21.3,68.1,2024,91.7,5.9,0.0,66.2
12086005406,Census Tract 54.06; Miami-Dade County; Florida,58.8,3.3,60.1,12.0,5.1,7.6,28.3,46997,195131,68223,6.1,4.0,16.5,9.6,17.1,14.2,7.6,5.3,5.5,14.1,20.4,30.6,25.0,38.2,27.0,25.4,9.4,12.8,87.2,1622,10.0,50.9,1517,96.6,3.4,3976,38.1,21.8,12.5,18.2,68.8,2024,98.4,0.0,0.0,74.0
12086005407,Census Tract 54.07; Miami-Dade County; Florida,57.2,2.0,50.7,6.3,0.2,7.2,42.7,39317,51239,19629,5.4,12.5,16.2,7.5,23.6,13.6,10.5,4.3,6.4,0.0,24.5,38.6,19.4,18.6,55.5,13.9,12.1,22.1,77.9,1395,15.2,57.6,1065,95.5,4.5,2779,44.1,22.5,23.9,9.2,84.7,2024,98.7,0.0,0.0,70.6
12086005409,Census Tract 54.09; Miami-Dade County; Florida,57.4,7.1,68.8,12.1,1.2,3.0,34.3,23277,38286,20926,15.8,23.7,11.9,3.3,10.9,19.7,7.6,7.1,0.0,0.0,41.0,53.4,31.6,37.9,36.2,14.0,11.9,6.9,93.1,1191,9.8,63.6,1937,96.7,3.3,3580,48.4,7.9,22.6,19.7,65.9,2024,96.7,0.5,1.5,87.2
12086005410,Census Tract 54.10; Miami-Dade County; Florida,53.8,9.6,66.0,21.4,1.1,5.2,40.5,26674,36956,16228,9.5,18.0,19.3,9.6,15.7,17.1,7.0,3.7,0.0,0.0,52.3,44.9,17.2,21.8,60.7,17.1,0.3,5.9,94.1,1399,8.9,60.7,1368,92.2,7.8,2994,37.8,24.1,19.2,16.4,71.1,2024,100.0,0.0,0.0,72.6
12086005503,Census Tract 55.03; Miami-Dade County; Florida,70.0,3.6,68.9,10.5,0.0,10.9,31.0,46719,66046,23710,2.5,9.1,8.3,12.8,18.1,21.4,10.7,10.2,5.0,1.9,22.4,28.7,12.2,16.3,28.8,37.7,17.2,39.7,60.3,1605,4.4,60.8,1368,94.3,5.7,3834,43.3,20.7,14.6,7.3,82.0,2024,94.9,3.6,0.0,66.6
12086005504,Census Tract 55.04; Miami-Dade County; Florida,58.1,5.0,61.7,5.9,0.0,12.8,25.3,67083,66876,22330,3.3,7.4,24.6,8.1,3.6,10.4,12.9,24.3,3.8,1.5,24.0,35.3,3.8,12.8,33.6,27.6,26.0,34.5,65.5,1688,6.7,55.3,1191,90.2,9.8,3354,39.1,23.7,19.1,11.3,80.9,2024,96.7,0.0,0.0,78.0
12086005505,Census Tract 55.05; Miami-Dade County; Florida,56.7,3.0,80.1,3.4,4.8,5.7,26.9,50625,69544,26665,3.4,14.7,10.1,13.0,7.6,18.1,3.4,21.8,4.4,3.6,9.9,33.4,13.4,14.0,31.2,36.2,18.7,36.3,63.7,1727,13.4,59.3,918,94.0,6.0,2297,45.4,17.8,22.6,8.1,84.3,2024,95.8,0.3,0.0,68.4
12086005506,Census Tract 55.06; Miami-Dade County; Florida,55.5,3.8,84.5,0.0,0.0,1.5,26.5,56688,72427,26311,3.9,5.5,18.1,4.3,10.6,26.4,7.7,10.6,6.0,6.9,22.1,40.4,19.6,8.0,29.1,45.0,17.9,40.4,59.6,1842,25.1,43.4,1181,100.0,0.0,3660,41.9,20.1,22.5,14.6,79.8,2024,93.0,0.2,0.0,57.2
12086005600,Census Tract 56; Miami-Dade County; Florida,61.7,3.0,73.4,0.6,1.2,11.8,27.6,60284,89038,34325,4.8,3.2,17.2,8.8,9.7,18.3,10.9,14.3,5.7,7.2,9.3,27.3,17.7,11.5,45.6,32.4,10.5,49.5,50.5,1809,9.5,71.8,1910,96.3,3.7,4914,50.6,13.3,22.8,21.1,70.8,2024,87.7,2.3,0.2,67.9
12086005701,Census Tract 57.01; Miami-Dade County; Florida,57.4,4.5,79.6,6.4,0.0,8.3,28.7,61131,74810,36293,7.9,15.6,15.7,3.4,3.5,13.8,15.1,13.0,8.3,3.7,19.5,32.4,6.9,18.9,33.3,42.6,5.2,47.0,53.0,1063,11.3,44.9,2638,98.2,1.8,5533,52.7,9.6,33.1,17.5,74.6,2024,98.0,0.0,0.0,84.3
12086005705,Census Tract 57.05; Miami-Dade County; Florida,64.4,9.3,70.3,5.4,6.4,7.9,25.9,40743,58120,27896,8.6,11.0,11.8,10.4,12.7,17.9,21.0,1.4,2.6,2.5,19.3,39.1,10.6,17.2,59.4,19.9,3.5,28.4,71.6,1726,12.4,59.5,1677,90.8,9.2,3255,49.3,16.5,29.5,12.8,78.5,2024,97.4,2.6,0.0,86.2
12086005706,Census Tract 57.06; Miami-Dade County; Florida,57.4,4.2,75.6,6.7,0.0,9.2,27.6,55128,59550,29502,9.4,17.5,7.7,4.1,9.2,21.6,16.0,8.9,2.3,3.2,24.8,27.6,8.8,23.7,49.8,24.1,2.3,23.4,76.6,1743,16.2,58.0,2087,87.8,12.2,3992,46.5,15.2,28.1,37.4,47.6,2024,94.4,0.9,0.0,70.8
12086005707,Census Tract 57.07; Miami-Dade County; Florida,63.8,2.6,70.5,2.8,1.2,8.7,28.9,40474,46253,20734,7.7,4.9,17.8,6.8,22.4,24.8,9.8,4.9,0.9,0.0,19.2,45.9,15.1,12.3,41.2,30.8,15.8,5.0,95.0,1781,20.2,66.8,674,94.1,5.9,1479,54.6,15.4,25.0,9.1,85.3,2024,97.8,0.0,0.0,81.0
12086005708,Census Tract 57.08; Miami-Dade County; Florida,54.1,8.4,66.4,2.9,3.3,11.0,26.1,46894,74477,26775,0.0,13.1,7.2,6.8,24.0,14.3,9.3,13.7,5.8,5.8,13.9,34.8,13.4,17.3,35.6,36.7,10.3,44.5,55.5,1522,19.0,49.5,2286,96.2,3.8,6441,49.0,16.6,19.6,25.4,67.8,2024,98.5,0.4,0.0,69.6
12086005803,Census Tract 58.03; Miami-Dade County; Florida,65.3,5.7,81.5,1.9,0.0,7.7,27.0,60519,69990,23397,5.2,4.4,9.1,8.7,15.2,24.3,12.5,10.7,6.6,3.3,15.3,30.3,13.2,7.7,26.8,36.7,28.9,51.5,48.5,1599,5.9,52.2,2168,95.8,4.2,6461,39.6,19.0,17.1,19.8,76.5,2024,95.7,0.7,0.0,74.0
12086005804,Census Tract 58.04; Miami-Dade County; Florida,51.1,2.4,70.8,2.4,0.0,14.1,28.7,60550,95501,31095,5.7,15.9,6.5,14.5,4.9,7.8,4.5,12.0,18.9,9.2,22.4,32.9,6.3,8.6,40.2,11.4,39.8,67.3,32.7,1449,0.0,76.1,1246,98.2,1.8,3962,54.1,14.5,31.9,15.5,68.1,2024,95.0,0.0,0.0,72.9
12086005805,Census Tract 58.05; Miami-Dade County; Florida,62.2,2.2,59.4,3.7,0.5,28.6,25.4,71838,117720,40788,0.8,14.0,6.9,7.6,6.3,17.8,2.5,10.1,13.1,20.8,14.0,22.4,9.7,5.1,32.9,30.0,32.0,66.2,33.8,1233,11.9,51.1,851,89.7,10.3,2210,39.4,16.0,19.3,22.9,65.7,2024,87.1,0.0,0.4,57.5
12086005806,Census Tract 58.06; Miami-Dade County; Florida,64.6,1.2,68.0,1.5,4.9,6.5,27.7,68041,88405,34059,0.0,2.8,5.9,14.3,6.2,28.1,9.1,13.9,10.6,9.2,3.8,31.4,15.7,13.0,50.0,24.0,13.0,67.8,32.2,1500,22.4,47.3,1456,99.1,0.9,3845,48.4,19.1,21.4,13.7,76.1,2024,94.8,0.0,2.0,66.2
12086005901,Census Tract 59.01; Miami-Dade County; Florida,65.0,1.8,64.5,1.4,2.2,23.8,25.5,77586,104386,41026,3.3,3.2,6.3,3.9,18.9,14.3,10.4,17.6,9.2,12.9,15.7,10.9,11.9,4.8,34.5,36.5,24.2,60.9,39.1,2178,15.7,51.0,2069,89.4,10.6,4825,39.9,15.1,18.9,24.1,58.9,2024,86.8,0.0,3.4,64.1
12086005902,Census Tract 59.02; Miami-Dade County; Florida,57.8,0.0,75.7,2.2,3.7,15.4,29.3,70101,86100,30932,3.9,5.5,6.5,15.7,11.8,9.7,11.4,19.7,8.8,7.0,16.2,22.0,6.7,10.0,26.6,43.7,19.7,50.7,49.3,2127,18.8,65.5,1240,92.5,7.5,3378,52.1,17.6,27.7,26.9,61.1,2024,92.8,0.4,0.0,71.1
12086005903,Census Tract 59.03; Miami-Dade County; Florida,59.3,2.9,69.1,0.0,0.0,14.9,24.1,61027,71507,25210,3.4,5.9,10.4,9.2,10.9,20.3,14.6,19.0,4.8,1.5,16.1,44.5,9.7,12.6,31.0,30.2,26.3,34.0,66.0,1600,10.9,51.5,1891,98.9,1.1,5729,51.7,18.1,27.1,12.2,72.2,2024,95.7,1.2,0.0,74.9
12086005904,Census Tract 59.04; Miami-Dade County; Florida,60.1,3.8,61.1,1.4,2.8,19.9,26.9,63182,79490,31101,8.5,5.0,5.6,4.9,12.8,17.8,11.7,25.9,1.9,6.0,11.1,19.7,12.5,8.9,43.5,33.0,14.7,40.6,59.4,2014,2.0,60.2,2250,95.2,4.8,5672,43.5,14.3,18.2,25.5,58.9,2024,90.5,0.3,4.8,73.5
12086006002,Census Tract 60.02; Miami-Dade County; Florida,70.0,2.5,74.4,1.3,1.3,12.4,22.8,82656,116316,35822,0.7,5.7,3.3,4.8,4.3,17.5,19.9,13.2,12.5,18.1,8.5,19.2,8.7,2.1,23.2,44.9,29.8,73.0,27.0,-666666666,0.0,31.9,2123,91.9,8.1,6689,41.5,15.8,15.3,29.1,59.5,2024,89.5,0.3,1.2,52.4
12086006003,Census Tract 60.03; Miami-Dade County; Florida,67.8,9.1,57.7,0.7,0.1,27.5,27.5,106875,127834,41390,4.1,1.2,2.3,2.4,12.6,6.9,16.5,13.5,30.6,10.0,2.2,18.4,10.7,11.8,17.2,44.6,26.4,77.5,22.5,1851,10.4,33.9,1062,100.0,0.0,3359,44.8,19.3,19.3,16.7,78.1,2024,93.9,1.5,0.0,52.9
12086006004,Census Tract 60.04; Miami-Dade County; Florida,54.8,4.9,70.8,2.8,0.0,17.0,25.2,115694,164380,61215,0.0,3.8,5.9,5.6,12.0,7.3,8.7,19.1,15.8,21.9,4.6,2.1,5.1,4.4,28.6,40.4,26.6,95.7,4.3,3501,0.0,37.9,1013,87.6,12.4,2405,47.6,19.6,27.2,29.1,56.1,2024,74.3,0.0,5.8,45.4
12086006103,Census Tract 61.03; Miami-Dade County; Florida,56.4,2.9,70.5,1.1,0.0,13.9,33.3,191964,314970,105302,0.0,0.0,2.0,6.4,0.0,2.9,5.8,14.7,19.8,48.4,2.5,5.8,0.0,1.5,31.4,58.5,8.6,93.1,6.9,3501,0.0,20.0,787,83.0,17.0,1966,46.1,32.3,18.5,64.0,33.5,2024,47.0,0.0,2.1,28.9
12086006104,Census Tract 61.04; Miami-Dade County; Florida,59.8,1.8,62.0,0.5,2.5,25.5,22.2,195588,268125,119289,3.0,4.4,2.8,1.8,5.3,9.8,6.0,7.5,13.1,46.5,6.3,1.5,3.1,5.2,40.4,41.9,12.5,83.3,16.7,2411,3.6,56.6,2124,84.0,16.0,4160,50.7,19.3,31.6,55.3,38.2,2024,63.1,0.0,0.2,37.3
12086006105,Census Tract 61.05; Miami-Dade County; Florida,57.7,3.8,65.2,0.0,0.8,29.6,26.3,157778,187759,67628,2.9,0.6,5.2,1.6,6.3,7.5,10.9,14.8,12.3,37.8,7.5,4.6,7.9,0.9,34.7,52.9,11.5,89.5,10.5,3501,14.5,67.7,867,91.1,8.9,2268,42.7,25.5,24.9,47.4,46.8,2024,62.8,1.2,1.8,38.3
12086006106,Census Tract 61.06; Miami-Dade County; Florida,59.9,1.1,55.4,0.0,0.0,31.2,20.9,142917,188271,70864,4.4,3.7,5.7,1.5,2.4,5.2,10.1,18.2,8.3,40.6,5.4,6.2,3.4,6.2,31.1,50.3,12.3,86.0,14.0,2885,18.8,41.0,950,93.1,6.9,2343,43.3,20.7,17.5,33.2,55.4,2024,71.4,0.0,2.6,39.4
12086006201,Census Tract 62.01; Miami-Dade County; Florida,67.7,3.6,64.2,5.5,0.0,19.7,35.2,68333,113404,52532,4.6,10.3,2.9,9.0,13.5,14.7,4.8,19.2,4.9,16.0,9.2,16.0,11.9,19.3,43.8,18.7,18.2,56.7,43.3,1730,8.9,43.3,1396,99.0,1.0,3064,45.7,17.2,21.6,22.0,67.7,2024,82.3,1.3,0.3,60.9
12086006203,Census Tract 62.03; Miami-Dade County; Florida,69.5,2.7,62.7,2.0,9.0,20.8,20.5,114258,202440,107955,5.3,3.5,6.8,2.5,4.8,9.8,6.2,19.3,13.0,28.9,12.8,3.0,3.6,10.2,60.3,25.1,4.3,38.3,61.7,1883,9.4,40.1,1501,89.3,10.7,2711,44.2,18.8,22.9,49.6,38.5,2024,59.9,0.6,3.4,50.4
12086006205,Census Tract 62.05; Miami-Dade County; Florida,71.2,3.7,84.0,1.0,1.8,10.7,28.0,67564,117274,68638,12.0,0.0,12.5,3.2,7.1,18.0,12.9,8.5,4.0,21.8,17.5,8.3,13.2,8.2,59.4,29.7,2.7,25.3,74.7,1870,11.7,44.2,2386,85.6,14.4,3481,41.6,13.6,10.9,22.9,61.0,2024,77.9,0.0,2.4,51.7
12086006206,Census Tract 62.06; Miami-Dade County; Florida,74.2,1.7,57.1,0.0,7.0,30.0,21.8,122679,184417,90498,3.9,1.1,4.9,9.4,6.0,9.5,5.2,14.0,15.7,30.5,8.5,10.4,0.6,4.3,53.1,37.7,5.0,39.2,60.8,2626,10.0,35.8,2153,87.8,12.2,3925,45.5,10.7,13.3,41.9,46.7,2024,66.4,0.0,4.2,59.5
12086006302,Census Tract 63.02; Miami-Dade County; Florida,62.0,9.7,52.4,8.9,1.2,14.5,28.6,80773,93876,34309,2.9,3.5,12.4,6.6,7.0,15.1,26.3,9.3,4.6,12.3,18.3,17.4,8.1,8.1,49.5,24.4,18.0,51.8,48.2,1904,8.2,56.9,2242,93.2,6.8,5815,37.9,23.5,14.8,18.6,72.5,2024,81.9,0.7,1.4,52.2
12086006303,Census Tract 63.03; Miami-Dade County; Florida,59.2,1.3,73.0,5.5,2.5,12.2,31.1,46232,69241,33317,12.0,21.5,6.2,0.0,12.3,10.3,16.2,9.8,6.5,5.3,21.4,44.6,8.7,26.5,37.0,26.6,9.9,35.9,64.1,1065,9.8,53.4,1892,95.1,4.9,3835,48.0,13.8,28.0,21.0,70.1,2024,92.7,0.4,0.0,70.2
12086006304,Census Tract 63.04; Miami-Dade County; Florida,58.4,0.5,76.2,5.4,5.2,5.1,28.8,48553,66413,29200,8.1,8.6,13.7,6.9,14.3,13.0,9.0,13.2,11.9,1.3,23.4,31.7,16.9,12.2,48.0,34.6,5.2,38.4,61.6,1456,5.0,52.2,1450,93.4,6.6,3197,46.0,12.3,25.3,12.9,73.3,2024,90.2,4.7,0.0,64.9
12086006401,Census Tract 64.01; Miami-Dade County; Florida,60.5,5.0,64.2,7.1,4.0,7.6,27.8,52681,79394,31522,15.4,10.8,6.2,4.4,11.8,16.2,2.3,21.1,1.6,10.1,18.1,29.6,14.0,15.5,49.0,21.0,14.5,30.5,69.5,1448,7.7,55.9,1447,95.2,4.8,3543,42.2,14.8,19.7,18.1,59.2,2024,91.7,2.7,0.0,69.3
12086006402,Census Tract 64.02; Miami-Dade County; Florida,71.0,2.3,67.1,4.6,1.8,17.5,27.1,76500,115248,44770,5.0,3.3,3.2,16.1,10.8,11.1,8.9,8.2,14.9,18.5,17.9,17.6,12.2,8.3,48.1,32.3,11.4,44.8,55.2,1724,13.2,63.2,1960,84.0,16.0,4394,37.3,16.5,13.7,27.4,58.9,2024,82.1,2.1,0.0,57.0
12086006403,Census Tract 64.03; Miami-Dade County; Florida,52.5,4.8,63.8,3.9,1.1,27.1,25.0,39565,87924,42111,6.3,0.5,13.7,20.0,10.5,13.0,10.1,9.8,6.3,9.9,5.1,13.5,16.4,10.4,49.2,29.8,10.6,59.6,40.4,1506,11.5,53.4,1695,93.1,6.9,3279,50.6,12.7,31.8,25.7,65.5,2024,82.9,2.6,0.0,65.1
12086006501,Census Tract 65.01; Miami-Dade County; Florida,57.7,1.2,76.7,2.1,0.0,17.0,27.3,72992,88095,34375,3.4,2.0,9.7,5.4,17.3,23.7,8.0,17.2,8.7,4.6,9.1,16.4,11.1,7.8,25.3,56.9,10.0,52.7,47.3,1801,14.8,43.7,1360,93.7,6.3,3402,44.0,17.2,23.0,19.2,75.2,2024,89.2,0.0,0.0,64.7
12086006503,Census Tract 65.03; Miami-Dade County; Florida,65.0,4.3,62.4,12.6,0.0,13.3,37.2,83542,117403,42973,5.0,1.6,9.9,12.5,5.6,12.6,14.4,10.8,8.9,18.6,16.2,18.6,14.0,11.1,40.1,34.8,14.0,57.5,42.5,2011,17.4,69.7,876,93.3,6.7,2296,44.1,14.8,20.5,19.5,65.9,2024,84.0,1.3,4.6,68.5
12086006504,Census Tract 65.04; Miami-Dade County; Florida,65.8,1.9,61.6,11.1,0.8,15.1,20.5,100096,134861,59521,4.0,0.0,1.9,12.8,5.0,14.1,12.1,21.3,6.6,22.2,11.2,6.0,13.1,10.4,41.6,36.0,12.0,60.0,40.0,1869,10.1,50.2,920,90.8,9.2,1862,45.6,13.9,19.1,31.4,54.1,2024,77.2,3.7,0.0,43.8
12086006603,Census Tract 66.03; Miami-Dade County; Florida,66.7,2.1,53.3,9.8,8.9,12.8,29.0,41858,57571,28358,14.9,2.0,6.2,13.5,23.1,11.9,9.7,12.6,5.1,1.0,27.2,29.4,7.9,33.5,46.0,19.5,1.0,5.1,94.9,1723,15.5,64.4,1345,100.0,0.0,2783,38.9,14.3,26.5,28.9,42.3,2024,64.6,4.7,2.9,55.5
12086006604,Census Tract 66.04; Miami-Dade County; Florida,72.0,0.8,43.7,9.8,18.3,26.0,21.8,74697,101601,59192,8.1,2.1,22.1,0.0,4.9,13.0,16.8,13.9,7.0,12.0,17.7,19.2,2.8,16.5,63.0,20.5,0.0,7.9,92.1,2028,21.1,36.1,1579,80.7,19.3,2183,35.0,10.6,15.3,27.8,59.0,2024,72.9,0.0,9.2,67.2
12086006605,Census Tract 66.05; Miami-Dade County; Florida,79.9,0.0,32.0,5.2,11.0,50.3,21.0,117607,134169,78625,1.2,9.5,4.1,0.8,2.4,15.7,12.4,12.3,16.2,25.2,7.9,14.6,2.3,14.7,61.4,9.7,14.2,46.8,53.2,2076,6.0,57.0,1074,87.8,12.2,1660,39.5,5.4,13.1,44.5,48.0,2024,50.5,1.1,2.2,52.0
12086006606,Census Tract 66.06; Miami-Dade County; Florida,77.2,5.8,57.4,35.1,3.2,0.0,32.9,37656,43872,20881,6.2,2.7,29.4,11.3,16.1,20.1,7.3,5.7,0.0,1.3,24.0,37.4,35.1,19.7,56.6,18.1,5.7,1.8,98.2,1345,4.9,53.7,583,94.0,6.0,1181,51.5,18.1,19.6,9.1,72.8,2024,97.0,0.3,0.0,70.6
12086006607,Census Tract 66.07; Miami-Dade County; Florida,72.1,2.7,63.9,7.6,2.6,11.4,25.7,75380,75277,34859,4.9,2.9,17.1,3.7,12.8,8.3,30.2,13.8,1.8,4.4,24.4,25.6,15.9,12.1,66.3,21.6,0.0,16.8,83.2,1705,6.2,55.1,1672,81.0,19.0,3231,32.8,15.7,11.8,36.0,51.2,2024,92.9,0.8,0.4,47.6
12086006608,Census Tract 66.08; Miami-Dade County; Florida,67.6,0.9,67.1,3.2,0.5,18.7,23.3,121875,135666,54140,1.5,5.6,1.5,6.5,10.1,11.6,5.7,21.6,17.5,18.5,4.9,2.1,10.8,13.0,37.1,37.9,12.0,51.8,48.2,1806,7.8,50.5,1584,86.1,13.9,3423,44.7,12.9,15.9,35.1,58.0,2024,75.8,0.1,0.3,44.1
12086006705,Census Tract 67.05; Miami-Dade County; Florida,66.9,2.5,55.5,0.0,11.7,26.1,26.0,131399,177761,88444,2.1,0.8,5.5,5.9,3.5,16.7,0.0,19.9,22.3,23.4,5.0,2.7,1.7,5.4,57.4,35.1,2.1,60.4,39.6,2165,8.2,48.9,2511,77.3,22.7,3894,48.9,13.1,14.3,35.1,62.0,2024,72.1,0.8,2.1,69.4
12086006706,Census Tract 67.06; Miami-Dade County; Florida,71.6,2.4,53.8,7.8,0.3,14.4,17.9,110339,160649,87585,3.5,0.0,0.3,1.8,11.5,21.9,6.4,14.8,22.1,17.6,2.3,0.9,10.1,2.4,63.2,28.9,5.5,35.9,64.1,2464,7.4,46.1,1882,84.3,15.7,2948,45.4,10.8,11.8,29.9,64.1,2024,76.3,3.9,0.2,58.9
12086006707,Census Tract 67.07; Miami-Dade County; Florida,81.6,1.5,38.2,0.7,14.8,36.0,17.8,164858,232990,114764,2.0,0.0,0.0,1.5,3.3,10.1,9.7,16.0,19.6,37.9,1.7,0.7,13.0,7.7,62.4,29.1,0.8,66.0,34.0,2967,10.8,46.2,3198,64.0,36.0,4191,44.6,18.0,10.3,42.5,46.6,2024,49.7,8.4,0.2,60.0
12086006709,Census Tract 67.09; Miami-Dade County; Florida,80.9,2.2,37.9,0.4,13.5,45.3,19.4,217625,306748,153502,1.1,1.3,2.1,0.5,2.1,9.9,7.5,10.1,11.3,54.0,1.2,1.5,7.5,11.4,72.6,10.7,5.3,36.6,63.4,3501,2.4,37.4,1715,59.9,40.1,1925,33.4,12.5,5.0,49.6,39.9,2024,38.7,3.4,1.9,48.7
12086006713,Census Tract 67.13; Miami-Dade County; Florida,75.5,6.2,30.7,3.3,12.3,45.7,21.7,122434,187441,108495,9.1,2.3,2.8,0.0,6.9,9.7,9.8,12.8,11.1,35.4,10.0,4.5,3.0,10.4,61.2,26.4,1.9,50.0,50.0,2788,7.1,56.0,1817,56.5,43.5,1782,37.6,13.6,6.6,40.9,40.2,2024,51.0,3.5,5.7,47.6
12086006714,Census Tract 67.14; Miami-Dade County; Florida,65.8,3.3,58.4,0.5,10.8,26.1,26.4,133750,204130,119969,4.0,1.2,3.3,3.5,9.2,8.1,9.2,16.5,10.9,34.1,8.3,7.6,5.0,12.8,65.7,16.3,5.2,49.5,50.5,2736,6.1,36.8,1988,64.7,35.3,2197,40.7,9.5,22.5,35.7,51.0,2024,55.2,2.3,6.3,56.6
12086006715,Census Tract 67.15; Miami-Dade County; Florida,73.6,3.5,57.9,3.5,7.0,24.8,20.6,111563,163882,74930,5.8,0.0,0.0,1.0,5.0,24.1,6.8,23.6,9.8,23.9,6.2,2.3,5.1,5.1,59.4,32.5,3.0,44.7,55.3,2330,16.3,53.3,2004,95.6,4.4,4202,38.4,17.4,13.4,26.4,59.4,2024,72.7,2.5,5.0,52.4
12086006716,Census Tract 67.16; Miami-Dade County; Florida,71.4,9.7,18.6,7.5,13.7,51.0,15.4,53750,119585,90816,3.2,18.5,3.7,18.8,2.1,14.0,4.4,11.0,5.2,19.1,21.6,0.7,13.6,17.0,72.3,10.7,0.0,23.2,76.8,2256,6.0,76.6,1100,64.7,35.3,949,31.7,3.9,0.5,51.1,27.8,2024,42.9,6.7,5.5,42.6
12086006717,Census Tract 67.17; Miami-Dade County; Florida,76.3,1.8,24.2,7.2,30.2,33.1,15.8,148359,206046,115857,10.9,0.5,0.0,0.7,11.7,6.6,1.2,19.2,3.9,45.2,22.6,0.0,26.4,15.5,54.3,28.1,2.2,36.3,63.7,2689,3.9,37.3,1527,84.7,15.3,2350,36.5,9.5,5.9,37.1,46.7,2024,46.7,1.8,5.0,47.4
12086006718,Census Tract 67.18; Miami-Dade County; Florida,83.5,2.9,30.3,9.2,17.6,36.7,17.9,186250,276287,161861,4.4,0.0,0.0,5.3,3.2,3.9,2.5,19.6,17.6,43.6,6.7,6.8,1.2,22.7,42.9,33.7,0.7,33.3,66.7,3155,4.8,29.4,2423,73.8,26.2,3038,40.4,4.7,0.6,39.8,27.3,2024,30.7,8.0,15.4,35.5
12086006719,Census Tract 67.19; Miami-Dade County; Florida,82.1,0.9,46.6,1.8,28.1,18.1,18.9,109018,200163,138289,2.0,0.0,0.0,5.6,4.9,22.5,9.9,17.2,4.3,33.6,2.8,0.0,8.3,13.5,65.6,17.1,3.8,12.9,87.1,3501,6.6,53.2,1954,79.9,20.1,2264,32.5,6.1,1.7,54.3,29.9,2024,26.7,0.0,12.5,40.3
12086006720,Census Tract 67.20; Miami-Dade County; Florida,86.5,0.6,24.1,6.0,34.3,30.7,21.1,173088,231876,134480,2.7,2.2,0.0,2.4,8.7,4.1,11.5,7.6,12.8,48.1,3.8,0.0,4.2,18.2,67.6,14.2,0.0,43.0,57.0,3405,4.0,31.0,1905,72.8,27.2,2397,32.4,17.1,1.0,48.4,34.6,2024,43.6,4.5,6.8,38.3
12086006721,Census Tract 67.21; Miami-Dade County; Florida,86.5,7.0,54.7,3.1,13.3,24.0,17.4,133333,235611,145212,2.4,3.2,1.6,1.2,0.7,4.4,6.9,30.5,10.0,39.2,9.4,0.0,16.8,5.5,65.9,28.6,0.0,17.1,82.9,3501,4.1,35.9,2263,90.2,9.8,3338,32.1,5.5,2.7,40.9,46.1,2024,51.8,2.1,7.7,51.4
12086006722,Census Tract 67.22; Miami-Dade County; Florida,74.4,2.2,36.0,2.9,27.7,30.5,19.0,89297,104847,48691,10.3,0.0,4.1,5.8,0.6,17.9,23.7,12.3,12.0,13.2,11.4,5.6,10.5,13.0,71.9,15.0,0.0,14.5,85.5,2619,17.0,53.6,964,83.5,16.5,1783,32.7,19.2,6.3,47.3,39.9,2024,53.8,3.4,1.9,63.5
12086006801,Census Tract 68.01; Miami-Dade County; Florida,64.3,4.1,54.9,2.9,6.7,26.8,24.6,207845,353542,155864,3.7,0.8,3.4,0.0,6.6,6.7,4.4,13.9,9.2,51.3,8.8,0.7,7.6,6.9,50.3,35.7,7.2,71.6,28.4,3057,0.0,42.4,1934,82.4,17.6,3676,42.0,20.5,23.6,68.2,28.2,2024,27.6,0.0,1.0,33.9
12086006802,Census Tract 68.02; Miami-Dade County; Florida,55.4,2.1,54.5,0.1,5.9,35.1,26.3,200655,266544,108004,7.5,3.5,5.1,4.3,0.7,5.0,3.7,10.3,9.6,50.4,7.7,2.4,2.5,14.0,20.9,54.8,10.4,81.6,18.4,-666666666,6.1,50.9,1834,82.1,17.9,3726,50.8,21.9,30.2,48.7,38.2,2024,50.8,1.2,3.5,33.8
12086006901,Census Tract 69.01; Miami-Dade County; Florida,68.7,1.0,69.9,1.8,6.3,14.0,23.0,91616,142378,65641,0.0,5.4,15.6,3.2,5.6,12.6,9.2,13.2,8.8,26.3,5.9,5.8,14.8,6.7,49.1,36.4,7.8,56.7,43.3,1729,5.3,52.1,1309,92.5,7.5,2738,46.6,17.9,14.5,33.1,50.8,2024,77.4,0.0,1.2,63.6
12086006902,Census Tract 69.02; Miami-Dade County; Florida,63.7,3.8,80.4,1.2,0.5,13.1,23.3,77179,131634,60667,9.5,4.0,3.0,8.6,13.1,9.6,13.5,9.8,3.4,25.5,11.3,11.2,5.6,8.8,46.6,43.2,1.4,71.4,28.6,1486,3.2,71.1,1545,90.9,9.1,3076,56.8,15.6,23.6,23.5,71.2,2024,84.5,0.0,0.7,59.4
12086007003,Census Tract 70.03; Miami-Dade County; Florida,74.5,4.5,79.3,3.1,3.9,7.1,33.5,68707,103549,37373,1.7,1.5,5.8,8.3,11.2,24.0,17.4,12.3,7.0,10.7,6.3,15.1,10.5,6.0,53.2,31.3,9.6,44.9,55.1,2261,3.3,71.5,1820,92.3,7.7,4733,33.8,21.5,9.8,19.0,69.6,2024,89.1,0.4,0.5,51.4
12086007004,Census Tract 70.04; Miami-Dade County; Florida,72.0,1.0,52.0,1.7,4.0,22.4,26.5,73915,98044,41083,8.0,0.0,4.0,8.7,2.2,31.4,8.8,17.6,12.7,6.7,9.8,16.1,11.3,4.7,67.9,16.5,10.8,43.4,56.6,2324,14.2,35.8,2353,89.6,10.4,5111,40.1,18.2,12.3,24.2,63.0,2024,71.8,1.3,2.0,54.7
12086007005,Census Tract 70.05; Miami-Dade County; Florida,64.7,7.6,58.2,6.4,4.7,28.1,24.5,65234,81229,45215,11.1,7.4,1.1,9.0,12.3,26.8,3.6,13.6,8.6,6.5,12.8,20.2,17.4,8.1,59.5,26.8,5.6,32.9,67.1,2235,1.7,54.8,1226,83.6,16.4,1860,50.7,4.4,20.7,23.3,60.1,2024,75.3,0.6,3.5,65.8
12086007006,Census Tract 70.06; Miami-Dade County; Florida,62.5,3.3,72.4,0.0,3.3,23.4,27.2,61757,87331,35708,4.1,2.6,7.5,11.0,13.2,21.8,9.2,17.9,4.1,8.7,11.5,6.6,10.1,6.8,43.5,38.4,11.2,42.3,57.7,2237,10.8,59.4,1402,91.1,8.9,3240,38.4,20.7,17.8,28.1,59.2,2024,85.6,0.0,1.6,66.0
12086007007,Census Tract 70.07; Miami-Dade County; Florida,71.7,0.3,50.8,10.7,6.3,19.5,28.7,98342,116386,50260,7.5,6.3,1.5,8.2,7.1,8.5,13.0,24.4,12.3,11.2,21.7,8.1,10.2,5.1,49.5,42.0,3.4,7.3,92.7,2644,15.2,43.8,1724,91.8,8.2,3698,30.8,16.9,6.1,32.5,46.1,2024,56.5,3.6,9.7,37.3
12086007101,Census Tract 71.01; Miami-Dade County; Florida,71.5,5.0,71.6,3.1,2.1,16.6,24.9,82361,154089,61608,10.1,1.4,2.3,11.2,12.8,7.8,12.7,8.1,7.5,26.2,13.3,21.8,4.6,7.4,47.3,29.6,15.7,56.7,43.3,1181,0.0,56.2,1339,87.1,12.9,3002,38.0,25.7,10.6,32.6,41.0,2024,43.5,15.7,7.4,34.4
12086007103,Census Tract 71.03; Miami-Dade County; Florida,70.2,13.2,58.6,6.1,5.5,24.1,30.9,125458,134473,77898,1.0,11.4,3.6,1.6,2.9,7.8,16.0,14.5,27.4,13.9,20.2,1.1,3.1,4.0,82.7,12.7,0.7,46.1,53.9,2213,12.5,23.5,1499,81.6,18.4,2121,37.0,12.9,13.3,44.4,16.2,2024,26.1,17.7,15.9,40.5
12086007104,Census Tract 71.04; Miami-Dade County; Florida,81.6,2.5,39.3,8.0,6.1,42.3,28.9,163250,224931,104043,2.7,1.7,2.9,3.2,15.2,7.4,3.5,11.9,8.7,42.8,4.2,10.0,9.4,8.4,49.4,33.0,9.3,44.5,55.5,1984,5.2,45.9,1698,86.5,13.5,3280,36.8,21.4,6.9,61.1,26.5,2024,39.6,0.5,5.9,32.4
12086007200,Census Tract 72; Miami-Dade County; Florida,66.7,4.0,58.2,9.7,1.6,13.4,25.0,65047,115963,49927,16.1,0.6,5.5,2.4,16.0,28.4,4.8,8.9,1.3,16.0,25.1,21.3,11.4,26.9,49.5,17.3,6.2,23.2,76.8,1433,15.0,53.3,1390,86.3,13.7,2898,34.0,24.4,14.3,12.5,14.7,2024,21.7,65.8,1.8,20.5
12086007300,Census Tract 73; Miami-Dade County; Florida,71.4,0.7,60.9,0.0,0.5,35.5,24.7,186786,268354,97619,1.5,5.7,0.7,1.4,5.7,7.1,12.4,9.4,6.7,49.4,5.2,0.9,0.5,2.1,31.1,56.0,10.8,91.8,8.2,2393,0.0,44.4,1780,88.4,11.6,4324,38.2,32.3,14.1,48.2,41.4,2024,47.1,5.3,2.8,35.2
12086007401,Census Tract 74.01; Miami-Dade County; Florida,68.3,0.0,54.8,1.3,0.0,34.0,21.3,246397,278377,104169,1.3,2.2,5.0,0.0,10.5,5.0,1.3,1.4,9.7,63.6,4.2,0.0,2.6,0.0,36.6,46.1,17.3,88.1,11.9,3501,7.6,13.6,585,94.9,5.1,1503,48.0,24.4,21.6,45.9,51.0,2024,58.5,0.0,1.7,31.9
12086007402,Census Tract 74.02; Miami-Dade County; Florida,61.3,3.3,61.9,3.5,4.7,15.6,24.6,145765,231671,101213,3.3,0.0,6.1,0.0,2.2,12.8,4.2,24.5,7.5,39.4,4.6,0.0,1.7,2.5,41.9,41.2,14.4,82.9,17.1,3043,9.4,67.9,1304,84.0,16.0,2561,47.7,16.7,22.5,44.5,49.5,2024,68.4,0.0,0.0,38.6
12086007403,Census Tract 74.03; Miami-Dade County; Florida,59.8,0.0,49.5,1.6,6.7,29.6,21.4,121925,168822,94987,8.0,0.0,8.7,2.8,3.0,3.2,9.5,23.7,6.9,34.0,17.6,5.4,7.6,1.5,60.8,29.5,8.2,43.3,56.7,3193,5.2,50.9,2482,76.9,23.1,3381,35.5,10.4,18.2,42.8,46.9,2024,56.6,1.7,4.2,51.9
12086007501,Census Tract 75.01; Miami-Dade County; Florida,66.2,0.0,63.9,1.6,0.0,26.2,18.7,237222,325244,117941,0.4,1.2,0.0,0.5,3.9,8.2,9.2,9.5,8.8,58.2,0.8,0.5,2.0,2.6,24.0,59.0,14.4,94.5,5.5,3501,0.0,28.0,993,92.2,7.8,2613,44.3,27.6,21.7,36.6,55.5,2024,61.3,2.3,3.3,37.4
12086007503,Census Tract 75.03; Miami-Dade County; Florida,64.7,1.8,60.9,4.9,8.3,23.8,20.9,129375,227378,94607,4.1,9.3,3.8,9.0,5.2,10.4,1.7,8.4,15.4,32.8,15.6,4.1,2.4,17.4,35.1,36.8,10.7,64.9,35.1,2111,0.0,51.7,414,83.3,16.7,844,36.6,21.1,19.0,34.5,55.8,2024,57.1,0.0,0.0,25.9
12086007601,Census Tract 76.01; Miami-Dade County; Florida,69.1,4.9,64.7,4.0,3.7,23.5,25.1,120605,194111,68762,0.7,0.0,4.6,4.6,10.5,17.5,4.7,17.9,9.2,30.4,7.4,3.0,4.3,8.6,26.7,43.9,20.8,83.6,16.4,2675,4.2,84.6,915,95.4,4.6,2559,39.2,26.7,15.7,47.4,34.7,2024,68.3,1.8,0.7,27.2
12086007603,Census Tract 76.03; Miami-Dade County; Florida,56.5,5.8,56.1,9.6,15.0,10.9,37.1,46566,76335,34025,15.6,5.4,11.8,8.7,10.8,7.5,14.1,15.3,2.9,7.9,21.2,19.9,14.6,26.2,48.1,18.3,7.5,31.7,68.3,1701,16.6,60.0,1964,84.5,15.5,3864,31.8,15.5,18.7,17.9,46.5,2024,50.1,24.0,3.5,40.5
12086007605,Census Tract 76.05; Miami-Dade County; Florida,71.1,0.0,72.5,5.4,2.1,14.1,26.4,75844,117859,59235,3.7,2.8,5.4,8.1,14.5,13.8,21.0,15.5,4.7,10.5,9.8,10.9,7.1,7.9,42.6,36.1,13.4,47.8,52.2,2090,10.2,69.4,1801,89.0,11.0,3177,40.1,15.4,13.4,38.7,39.6,2024,66.9,9.9,1.4,43.1
12086007607,Census Tract 76.07; Miami-Dade County; Florida,66.5,2.2,70.0,1.8,0.5,21.2,33.6,99254,152064,65348,4.9,7.3,0.5,15.5,6.9,6.5,10.4,13.2,8.4,26.5,7.8,1.5,3.7,1.7,44.5,31.7,22.1,76.6,23.4,2263,0.0,100.0,1040,92.6,7.4,2287,44.8,15.8,24.2,41.7,47.9,2024,65.1,0.8,2.0,47.6
12086007608,Census Tract 76.08; Miami-Dade County; Florida,74.6,2.1,69.0,8.2,1.6,16.2,22.1,158750,214256,72389,0.4,2.0,0.5,1.4,10.0,10.5,10.4,9.9,17.1,37.8,2.7,4.1,4.1,6.3,24.8,50.4,18.4,82.8,17.2,1763,39.0,40.4,846,93.3,6.7,2358,37.7,31.2,11.7,47.8,36.2,2024,44.5,9.0,2.0,35.5
12086007609,Census Tract 76.09; Miami-Dade County; Florida,72.0,2.3,72.1,6.4,4.3,9.7,25.1,74107,105619,49195,9.8,0.7,4.2,0.7,11.1,25.6,13.3,14.7,8.6,11.4,9.2,4.2,5.7,7.4,58.1,30.2,4.3,50.1,49.9,2223,27.6,31.8,929,90.1,9.9,1845,43.1,15.8,15.9,45.9,35.2,2024,48.9,6.4,6.6,32.7
12086007610,Census Tract 76.10; Miami-Dade County; Florida,70.9,2.7,58.5,4.9,1.4,29.4,26.4,105787,159809,65070,6.6,4.1,2.9,4.4,6.3,13.3,8.9,16.4,5.9,31.1,12.4,2.1,10.5,8.8,38.0,29.7,23.5,60.9,39.1,1679,5.8,52.1,1994,96.7,3.3,4727,40.9,15.4,16.8,31.6,54.5,2024,55.7,7.8,3.2,46.6
12086007704,Census Tract 77.04; Miami-Dade County; Florida,62.4,6.9,62.5,3.1,0.0,26.3,27.2,65403,94306,46607,8.7,1.1,11.5,1.8,13.1,23.6,10.0,13.7,8.8,7.8,7.3,6.1,14.0,2.1,68.3,26.6,2.9,29.2,70.8,2159,12.6,44.0,3406,91.3,8.7,6375,33.9,22.1,15.0,34.9,53.0,2024,66.5,4.2,3.7,47.1
12086007705,Census Tract 77.05; Miami-Dade County; Florida,61.8,6.2,78.5,4.6,1.8,7.9,28.5,71056,127093,63617,6.0,4.4,11.4,8.4,6.7,15.8,16.4,16.6,2.8,11.5,17.0,4.0,5.2,4.3,51.7,33.4,10.6,45.0,55.0,1780,4.8,53.2,2779,95.5,4.5,5405,46.1,15.5,23.5,38.9,45.1,2024,70.3,3.6,0.3,46.2
12086007706,Census Tract 77.06; Miami-Dade County; Florida,66.5,4.9,79.2,1.3,1.1,11.8,25.3,112063,165653,65431,6.9,1.8,2.9,5.3,7.7,9.4,14.0,10.2,17.1,24.7,8.1,11.8,1.1,8.8,27.1,40.5,23.7,82.3,17.7,1516,10.3,25.1,1426,93.8,6.2,3509,51.3,15.8,27.3,46.7,40.0,2024,71.5,0.9,1.9,45.8
12086007707,Census Tract 77.07; Miami-Dade County; Florida,72.4,0.4,55.3,0.0,0.0,40.1,24.7,158164,141138,42222,3.5,0.6,4.0,1.8,6.1,5.5,9.5,12.3,45.9,10.8,18.4,10.7,2.1,1.1,24.2,25.0,49.8,93.3,6.7,1856,13.5,86.5,887,93.8,6.2,3028,39.7,18.4,16.5,36.0,58.1,2024,69.5,0.5,1.4,32.8
12086007708,Census Tract 77.08; Miami-Dade County; Florida,50.8,0.0,80.7,1.2,2.6,8.2,22.6,68393,81207,29680,4.7,10.4,3.1,6.9,10.2,21.1,10.2,17.3,14.9,1.2,10.6,47.1,5.8,8.3,17.3,43.1,31.3,56.5,43.5,1734,4.3,88.0,913,94.9,5.1,2502,56.4,6.5,35.1,25.5,65.2,2024,92.1,1.2,0.1,76.8
12086007709,Census Tract 77.09; Miami-Dade County; Florida,63.8,2.8,76.4,0.0,0.0,6.2,24.8,85699,120273,44770,7.1,1.2,0.0,6.6,11.3,22.0,7.2,19.6,11.1,13.9,4.8,7.3,8.9,5.8,32.7,42.0,19.5,76.8,23.2,-666666666,24.3,33.0,1048,89.2,10.8,2560,47.1,20.5,21.2,16.0,65.2,2024,85.2,0.1,0.8,50.3
12086007801,Census Tract 78.01; Miami-Dade County; Florida,52.8,0.4,39.2,4.7,5.5,41.6,21.9,250001,714088,242228,2.6,0.0,0.0,0.0,9.5,0.0,7.9,13.2,2.1,64.6,2.8,0.0,1.2,0.0,4.8,53.4,41.8,96.8,3.2,-666666666,-666666666.0,-666666666.0,229,82.5,17.5,572,53.0,20.8,28.0,59.6,35.3,2024,37.4,0.5,0.0,25.9
12086007805,Census Tract 78.05; Miami-Dade County; Florida,65.7,3.4,64.7,3.0,0.0,22.4,31.1,168313,207299,77181,3.8,1.2,4.3,4.6,8.3,7.0,6.6,11.2,14.9,38.2,6.0,7.6,6.6,1.3,30.1,42.9,25.8,78.9,21.1,1995,0.0,63.6,1809,94.4,5.6,4624,43.4,22.6,21.8,53.4,42.2,2024,62.1,0.7,1.4,36.7
12086007806,Census Tract 78.06; Miami-Dade County; Florida,58.9,3.2,63.7,3.2,0.0,25.5,26.7,250001,625473,185605,9.8,0.0,1.1,3.8,1.6,4.2,0.0,7.4,9.6,62.5,12.2,0.0,0.7,2.7,18.0,45.8,33.5,100.0,0.0,-666666666,-666666666.0,-666666666.0,1230,94.0,6.0,3923,42.2,30.5,20.0,53.0,43.5,2024,46.4,0.0,2.4,21.1
12086007807,Census Tract 78.07; Miami-Dade County; Florida,66.4,2.6,57.0,4.6,0.7,29.7,26.3,163958,223475,75609,5.6,2.3,1.9,5.7,3.6,9.4,7.1,8.5,12.1,43.8,4.0,5.9,3.2,2.4,40.3,40.9,16.3,75.9,24.1,1964,12.7,47.8,1810,91.5,8.5,5068,40.1,31.7,13.5,47.0,46.1,2024,52.0,0.8,3.6,32.7
12086007808,Census Tract 78.08; Miami-Dade County; Florida,76.0,1.3,63.5,15.2,0.6,12.5,28.0,67002,90117,49809,4.5,5.5,6.5,6.4,13.1,23.3,14.5,10.3,6.9,9.0,11.7,10.7,13.6,13.8,55.5,30.1,0.6,36.3,63.7,1879,27.6,54.4,2808,87.4,12.6,4440,40.9,13.6,13.4,31.6,53.2,2024,75.9,4.9,2.8,54.2
12086007809,Census Tract 78.09; Miami-Dade County; Florida,66.1,2.1,62.6,8.4,3.7,10.2,28.4,77336,94897,39141,10.8,0.0,2.2,7.1,6.5,21.3,12.5,20.8,11.1,7.7,10.2,11.8,11.7,7.1,44.4,37.8,10.6,56.4,43.6,2175,3.7,40.0,1859,92.3,7.7,4202,40.2,19.2,19.1,38.0,33.1,2024,68.8,4.5,9.1,45.6
12086007901,Census Tract 79.01; Miami-Dade County; Florida,47.0,4.2,53.0,2.8,2.8,28.0,26.0,115428,235466,100840,13.9,0.0,8.2,4.8,5.0,9.4,7.0,19.3,1.3,31.1,10.5,0.0,0.7,20.3,31.8,37.1,10.9,83.4,16.6,2378,0.0,79.5,1851,92.5,7.5,4001,43.3,22.1,25.2,41.6,44.9,2024,60.9,0.5,9.1,42.5
12086007902,Census Tract 79.02; Miami-Dade County; Florida,56.3,5.2,55.1,2.0,0.0,34.4,34.2,191597,332967,118242,8.0,0.6,0.1,3.5,4.3,7.9,5.9,12.3,8.8,48.7,8.9,4.4,2.2,0.6,35.1,43.9,20.4,76.7,23.3,2497,19.1,56.8,1219,90.6,9.4,3139,44.7,27.9,18.2,47.8,42.8,2024,55.0,0.3,2.6,36.8
12086008000,Census Tract 80; Miami-Dade County; Florida,52.7,2.2,78.6,0.7,0.4,15.2,27.3,177781,268425,111052,6.6,1.1,1.0,9.9,11.2,3.3,7.4,4.8,12.7,41.9,10.7,1.0,2.7,5.2,32.4,37.9,24.5,66.5,33.5,2051,4.1,56.2,2194,89.6,10.4,4695,49.4,18.0,22.9,45.8,47.8,2024,63.0,0.9,1.9,29.2
12086008101,Census Tract 81.01; Miami-Dade County; Florida,58.2,3.5,61.6,3.4,0.0,26.0,34.9,250001,444893,127459,0.0,0.1,0.0,0.0,0.5,1.7,5.5,8.7,5.2,78.3,1.0,0.7,1.0,2.5,15.0,42.5,39.9,97.2,2.8,3501,0.0,0.0,1119,92.9,7.1,3655,45.2,30.4,15.7,49.0,41.6,2024,50.1,3.3,4.0,34.9
12086008102,Census Tract 81.02; Miami-Dade County; Florida,65.1,2.0,61.0,0.9,2.0,29.9,24.7,195625,258632,97415,1.3,0.0,2.4,3.1,8.1,7.7,5.4,9.3,15.6,47.2,0.8,2.4,1.8,0.0,28.1,47.4,24.5,76.0,24.0,-666666666,6.0,54.5,1679,93.7,6.3,4266,45.6,24.7,20.9,52.3,38.8,2024,46.3,2.3,6.0,29.5
12086008202,Census Tract 82.02; Miami-Dade County; Florida,66.6,1.8,61.5,3.8,1.2,20.1,38.5,158235,202530,69888,0.7,0.7,10.4,4.1,2.8,10.8,9.7,10.4,14.1,36.2,6.1,0.0,6.7,1.7,25.7,54.0,18.6,82.6,17.4,1342,0.0,54.1,1468,100.0,0.0,4352,39.6,26.2,12.7,53.0,36.7,2024,60.4,1.4,5.3,31.7
12086008205,Census Tract 82.05; Miami-Dade County; Florida,54.1,2.9,62.3,0.6,0.8,23.7,35.1,174712,289331,103075,1.6,0.0,0.0,5.2,3.5,3.2,4.9,23.0,9.8,48.8,1.7,0.0,1.9,1.3,29.1,40.4,29.1,92.0,8.0,3501,4.0,72.7,1485,95.0,5.0,3973,47.3,23.1,25.4,58.1,36.2,2024,49.8,1.6,2.2,33.8
12086008206,Census Tract 82.06; Miami-Dade County; Florida,65.1,2.1,55.7,0.9,1.4,25.0,33.3,122679,211512,80450,0.9,3.8,14.4,0.7,8.2,4.9,11.9,12.2,8.3,34.6,3.1,0.5,2.1,4.2,39.2,35.1,21.5,72.5,27.5,1715,8.8,67.4,1435,98.0,2.0,3770,46.2,23.6,18.3,51.6,36.7,2024,47.8,1.0,9.7,35.1
12086008207,Census Tract 82.07; Miami-Dade County; Florida,69.1,2.2,65.2,0.5,0.7,29.4,33.1,211964,273789,82335,3.3,0.5,0.4,0.4,5.1,2.8,2.2,20.3,11.9,53.2,3.0,1.5,0.4,0.7,15.9,33.6,49.8,99.2,0.8,-666666666,0.0,0.0,1470,93.5,6.5,4823,40.5,23.4,12.6,62.3,31.7,2024,37.2,1.4,2.2,18.9
12086008208,Census Tract 82.08; Miami-Dade County; Florida,67.7,4.3,59.0,5.3,1.3,12.7,32.1,81995,105262,40526,2.5,4.8,4.9,2.4,11.3,21.4,9.3,22.6,9.5,11.3,10.2,18.9,9.6,13.1,41.5,30.7,14.6,47.5,52.5,2256,8.8,62.3,2121,89.2,10.8,5210,38.1,22.0,13.8,29.1,50.7,2024,61.0,9.9,2.5,44.2
12086008209,Census Tract 82.09; Miami-Dade County; Florida,56.4,4.0,61.9,4.1,0.6,17.1,42.2,166447,207494,64966,2.8,0.5,0.6,1.3,7.5,5.0,5.7,20.1,13.6,42.9,8.1,7.7,2.8,4.5,18.2,46.3,31.1,91.1,8.9,3501,14.3,54.3,1383,92.6,7.4,4236,43.5,24.9,19.5,47.9,36.4,2024,44.7,8.9,2.5,32.7
12086008305,Census Tract 83.05; Miami-Dade County; Florida,65.6,4.7,65.1,1.5,3.6,20.6,29.7,105925,172447,61472,3.2,4.8,1.8,1.4,14.6,11.5,10.1,17.2,10.4,25.0,11.2,9.8,7.3,4.9,28.0,46.6,20.6,55.1,44.9,1793,15.8,50.1,2000,96.8,3.3,5652,37.7,20.8,20.3,49.3,39.8,2024,48.4,5.4,0.3,37.5
12086008308,Census Tract 83.08; Miami-Dade County; Florida,61.2,5.0,77.1,2.0,0.4,5.6,31.5,77077,95636,30458,1.7,4.1,7.7,6.0,8.7,11.9,27.3,14.1,11.4,7.0,15.2,31.7,16.1,4.7,19.1,45.6,30.6,61.7,38.3,1717,11.3,40.7,1926,92.2,7.8,6096,38.8,21.9,15.5,19.7,51.2,2024,66.7,25.2,0.1,54.4
12086008309,Census Tract 83.09; Miami-Dade County; Florida,52.8,16.3,74.7,2.4,0.0,0.0,24.3,44779,66720,20222,7.9,2.3,19.3,10.4,12.4,23.2,12.5,3.2,3.3,5.5,21.7,45.3,22.1,11.5,34.4,34.0,20.1,43.9,56.1,1314,5.6,57.9,1639,89.1,10.9,5066,31.5,30.0,9.7,6.6,25.3,2024,45.0,52.1,0.3,25.5
12086008310,Census Tract 83.10; Miami-Dade County; Florida,49.3,7.5,71.3,3.4,0.0,13.2,37.7,79263,95027,28369,2.8,6.0,1.4,18.4,9.4,9.6,24.9,11.9,4.3,11.3,6.5,23.7,4.3,9.9,18.1,48.1,23.9,80.0,20.0,1384,10.9,69.0,1195,100.0,0.0,4167,42.9,22.9,16.6,17.0,56.2,2024,62.4,21.9,0.3,43.1
12086008311,Census Tract 83.11; Miami-Dade County; Florida,58.3,2.9,83.0,1.1,0.0,2.7,36.7,93281,110611,31412,2.0,3.2,8.4,3.6,15.8,13.8,8.9,19.8,10.4,14.0,14.0,26.0,20.5,8.1,19.1,19.4,53.4,84.7,15.3,2284,0.0,76.2,1188,97.9,2.1,4417,45.9,17.8,16.6,16.9,35.2,2024,50.2,42.1,0.7,44.7
12086008312,Census Tract 83.12; Miami-Dade County; Florida,62.0,2.1,76.7,0.4,0.0,4.3,32.7,69139,92467,28069,2.6,2.9,7.4,15.4,4.3,22.1,10.1,21.3,4.3,9.7,20.8,54.6,10.9,4.4,26.0,36.2,33.4,75.1,24.9,1665,6.0,94.0,1084,92.5,7.5,3442,38.2,17.1,17.0,8.9,65.6,2024,64.0,23.1,0.0,51.5
12086008313,Census Tract 83.13; Miami-Dade County; Florida,57.3,2.8,75.1,3.1,0.0,9.2,30.7,63989,80883,26207,10.7,2.2,2.2,3.6,6.4,37.7,11.6,15.6,7.6,2.4,11.8,23.7,9.0,4.3,33.8,46.9,15.0,62.2,37.8,1839,51.7,33.5,1757,94.6,5.4,5411,37.1,26.7,19.6,10.4,35.0,2024,45.9,48.6,1.9,33.2
12086008314,Census Tract 83.14; Miami-Dade County; Florida,62.5,5.5,80.1,0.5,0.0,1.6,31.2,78750,101687,28887,0.9,0.0,0.7,5.5,8.2,27.2,23.0,15.9,11.4,7.1,5.3,13.5,13.1,0.0,20.3,31.5,48.2,89.5,10.5,2261,0.0,56.4,763,97.4,2.6,2723,41.8,20.7,19.6,11.6,32.9,2024,59.4,29.4,3.3,45.2
12086008315,Census Tract 83.15; Miami-Dade County; Florida,59.5,3.5,84.6,2.9,0.0,1.9,32.3,98120,102212,26536,7.0,0.0,1.4,0.8,8.4,15.4,25.1,21.2,12.7,8.0,17.3,17.6,24.9,4.3,14.8,38.5,42.4,92.7,7.3,2053,0.0,0.0,1122,100.0,0.0,4822,41.0,17.5,17.4,5.8,51.3,2024,60.2,33.8,1.1,60.6
12086008409,Census Tract 84.09; Miami-Dade County; Florida,53.4,6.9,71.2,3.1,0.0,19.1,30.3,103571,155922,60908,3.4,0.0,11.0,7.8,4.1,18.9,4.0,13.7,8.0,28.9,7.2,5.0,9.1,4.4,29.6,50.8,15.3,81.6,18.4,2250,0.0,53.0,2179,89.6,10.4,5039,46.3,22.3,21.6,58.2,26.0,2024,50.2,4.2,4.7,29.8
12086008415,Census Tract 84.15; Miami-Dade County; Florida,61.2,3.3,76.0,2.5,0.0,18.2,28.6,188056,259851,82717,2.0,0.0,2.5,1.6,3.6,11.9,6.5,12.5,11.7,47.7,1.0,3.1,1.9,0.9,14.6,48.9,35.6,96.1,3.9,-666666666,0.0,14.5,1537,91.5,8.5,4391,46.1,19.4,22.7,45.8,38.6,2024,56.2,7.5,5.7,24.4
12086008416,Census Tract 84.16; Miami-Dade County; Florida,63.8,2.5,64.5,1.5,1.7,21.8,33.7,84803,111534,45126,5.0,2.4,5.9,0.0,16.5,19.1,5.9,15.8,13.9,15.6,8.4,12.2,7.7,1.3,44.8,41.0,12.9,48.3,51.7,1815,1.4,74.5,1361,99.1,0.9,3455,40.4,20.1,20.9,35.1,54.6,2024,74.6,1.2,1.2,43.9
12086008418,Census Tract 84.18; Miami-Dade County; Florida,54.7,7.4,68.6,3.4,1.8,22.3,31.7,79596,108611,41168,5.9,4.9,0.9,3.6,12.9,18.1,12.9,14.6,10.5,15.7,17.4,4.4,5.5,1.8,28.6,56.7,13.0,63.8,36.2,2286,0.0,45.8,1124,89.9,10.1,2698,45.4,14.0,25.9,25.4,63.9,2024,80.6,0.1,2.0,47.8
12086008419,Census Tract 84.19; Miami-Dade County; Florida,63.8,2.4,81.5,1.3,1.6,10.0,33.7,58359,86461,36601,1.9,0.7,12.0,11.3,12.8,24.0,7.0,15.0,7.6,7.7,9.5,20.0,19.0,11.0,30.7,57.7,0.5,49.6,50.4,1964,1.6,49.3,2295,91.2,8.8,5272,39.5,22.7,16.8,25.9,61.9,2024,80.6,3.8,0.2,48.3
12086008420,Census Tract 84.20; Miami-Dade County; Florida,79.1,0.0,66.7,4.0,2.0,8.4,35.6,109444,127373,53646,0.0,0.0,8.3,3.4,8.3,13.9,10.0,27.4,14.7,14.0,9.1,0.0,5.8,5.8,40.7,37.0,16.5,76.3,23.7,2370,0.0,73.9,688,98.5,1.5,1655,40.7,21.8,18.1,56.8,38.8,2024,72.1,0.6,0.3,29.1
12086008421,Census Tract 84.21; Miami-Dade County; Florida,55.0,0.6,81.2,1.0,1.4,10.1,29.0,156295,141734,50786,2.6,0.3,2.0,4.1,8.9,3.0,15.7,11.8,38.1,13.6,5.0,5.9,7.6,1.5,24.6,46.0,27.9,79.4,20.6,2507,33.4,17.3,1864,90.2,9.8,4195,55.6,12.8,31.0,39.9,44.7,2024,66.2,1.6,0.0,40.2
12086008422,Census Tract 84.22; Miami-Dade County; Florida,60.3,2.4,70.5,1.0,11.5,10.6,31.8,53611,104645,42061,8.8,11.2,0.9,6.5,21.1,4.3,4.3,24.3,6.5,12.1,19.1,16.4,10.2,7.1,32.5,49.3,11.1,77.7,22.3,2272,9.0,50.4,901,98.3,1.7,2250,42.5,18.7,23.6,35.2,62.1,2024,79.4,0.0,1.9,53.2
12086008423,Census Tract 84.23; Miami-Dade County; Florida,57.0,0.0,76.6,1.9,0.0,10.6,27.0,86875,148363,47417,0.4,2.9,0.3,3.9,13.6,24.6,5.8,11.7,15.8,20.9,16.8,13.0,7.4,1.2,23.2,35.3,40.2,81.4,18.6,1724,9.6,72.9,1730,93.1,6.9,4991,41.3,22.6,16.9,34.8,61.0,2024,60.9,0.0,2.8,49.7
12086008424,Census Tract 84.24; Miami-Dade County; Florida,57.2,1.5,76.1,3.2,4.0,6.4,29.3,40741,74093,40843,7.0,21.1,10.6,9.5,6.2,15.1,11.0,11.6,0.5,7.4,23.4,37.0,11.6,21.5,45.2,24.2,9.1,22.9,77.1,1559,10.3,44.7,1957,95.1,4.9,3451,50.0,7.6,30.5,29.9,55.9,2024,78.0,5.5,0.0,63.3
12086008425,Census Tract 84.25; Miami-Dade County; Florida,60.6,2.2,70.8,1.5,3.6,5.2,31.4,84750,118774,51405,9.1,5.9,2.5,1.5,8.4,11.9,16.1,26.8,2.6,15.2,12.2,25.9,4.3,3.8,50.8,37.3,8.1,59.8,40.2,1839,12.5,32.6,1015,96.0,4.0,2234,44.9,23.3,21.9,49.2,38.2,2024,64.2,0.6,3.2,43.8
12086008426,Census Tract 84.26; Miami-Dade County; Florida,66.0,4.9,74.5,3.8,0.0,13.9,27.4,134010,163899,50425,0.0,0.0,3.6,0.7,3.3,12.8,16.9,19.1,15.1,28.4,1.3,7.3,8.1,6.0,10.4,45.1,38.5,99.1,0.9,-666666666,0.0,0.0,1302,96.4,3.6,4148,41.5,25.1,17.3,39.9,39.4,2024,58.8,8.7,4.3,35.0
12086008427,Census Tract 84.27; Miami-Dade County; Florida,62.4,2.0,65.6,1.1,0.0,20.4,27.5,76761,121290,50077,0.8,6.6,3.0,7.1,14.6,15.9,6.6,16.0,15.2,14.1,6.4,3.6,9.0,0.6,45.2,39.6,14.5,78.7,21.3,2415,3.5,59.9,825,95.4,4.6,1975,40.7,23.9,15.8,34.0,43.3,2024,75.0,0.8,2.4,38.2
12086008428,Census Tract 84.28; Miami-Dade County; Florida,68.7,2.8,70.3,1.5,0.0,19.2,26.1,165352,194905,68502,1.9,0.0,1.8,0.6,8.9,11.7,8.1,16.4,16.8,33.7,0.9,7.6,0.3,3.1,26.1,43.5,27.3,88.7,11.3,2192,0.0,60.0,859,97.7,2.3,2422,41.7,22.4,16.3,34.6,54.7,2024,81.5,0.0,2.9,26.5
12086008429,Census Tract 84.29; Miami-Dade County; Florida,55.5,3.1,40.9,4.4,0.6,24.4,31.9,165146,189487,52414,0.6,1.0,4.0,3.9,2.3,5.0,11.3,21.1,20.8,30.0,19.0,12.9,4.0,2.2,28.5,32.7,36.6,63.4,36.6,2500,6.5,27.0,1346,92.5,7.5,4354,29.0,42.3,12.6,30.0,55.1,2024,73.6,1.6,0.0,49.7
12086008430,Census Tract 84.30; Miami-Dade County; Florida,67.9,6.5,77.6,1.5,2.1,6.0,29.6,58131,69038,28055,7.2,6.3,1.2,8.0,15.7,29.7,9.1,14.7,6.2,2.0,17.1,15.1,6.6,8.2,49.3,39.4,3.1,28.4,71.6,1788,23.1,47.2,2460,90.3,9.7,5637,35.7,22.2,14.0,16.7,65.1,2024,81.8,2.4,1.5,54.2
12086008431,Census Tract 84.31; Miami-Dade County; Florida,23.2,0.0,71.2,0.0,4.5,10.8,22.7,-666666666,104582,29309,9.2,1.8,7.5,14.7,13.2,4.2,3.7,12.1,13.0,20.7,39.2,6.8,10.4,15.8,27.7,38.6,17.9,61.9,38.1,3109,5.1,69.6,546,100.0,0.0,2717,71.3,8.9,57.3,39.2,45.7,2024,57.5,5.8,5.3,51.7
12086008502,Census Tract 85.02; Miami-Dade County; Florida,59.6,2.9,69.2,0.5,0.0,16.4,31.7,112024,138217,48226,8.5,5.0,8.3,4.2,6.1,4.1,7.9,19.0,14.7,22.1,6.8,11.2,2.3,7.8,24.8,43.4,23.9,69.8,30.2,1859,14.6,59.7,1506,97.3,2.7,4243,46.2,22.6,20.9,30.1,63.7,2024,79.0,0.6,3.7,44.4
12086008503,Census Tract 85.03; Miami-Dade County; Florida,59.6,2.4,78.8,6.7,0.5,7.4,28.5,62689,106155,42883,2.2,2.8,9.7,15.7,17.8,6.9,5.0,8.9,9.6,21.4,13.6,33.7,11.5,7.7,33.4,22.2,36.7,78.2,21.8,1789,0.0,95.5,1074,96.5,3.5,2905,47.4,10.9,26.4,24.5,72.9,2024,91.2,0.5,0.4,70.8
12086008504,Census Tract 85.04; Miami-Dade County; Florida,64.2,0.3,67.4,0.8,0.0,27.2,30.7,127614,151989,50979,1.1,2.5,1.0,3.1,4.5,11.1,17.1,19.5,16.4,23.8,4.7,4.4,3.1,0.4,31.9,37.3,30.4,88.3,11.7,-666666666,0.0,45.7,934,100.0,0.0,2828,44.6,21.2,16.6,31.9,62.3,2024,82.4,0.1,0.1,41.0
12086008601,Census Tract 86.01; Miami-Dade County; Florida,66.1,3.4,66.4,1.1,1.3,23.8,32.8,101286,186612,67289,5.3,4.8,8.9,4.5,3.1,10.7,11.5,15.4,12.5,23.4,10.8,21.0,9.5,6.4,28.8,34.2,30.5,81.5,18.5,2218,0.0,47.6,1510,93.5,6.5,4047,53.0,13.2,20.8,20.3,73.9,2024,89.8,0.7,0.4,67.5
12086008603,Census Tract 86.03; Miami-Dade County; Florida,67.6,2.4,81.6,0.4,0.0,8.0,41.0,124256,127333,50822,2.6,0.8,0.0,4.0,15.1,10.0,10.1,21.6,22.8,12.9,7.0,7.5,7.1,0.8,20.4,40.8,37.9,83.3,16.7,2381,28.1,14.9,1600,97.9,2.1,4019,48.1,11.2,21.9,33.4,57.3,2024,87.8,0.0,0.0,59.1
12086008604,Census Tract 86.04; Miami-Dade County; Florida,61.1,2.7,67.4,0.0,0.0,29.3,30.7,93125,122580,49041,15.2,0.0,5.1,1.8,5.5,12.1,10.9,27.9,11.9,9.6,15.4,2.5,21.2,4.9,16.0,57.6,21.5,90.4,9.6,3501,0.0,53.2,524,93.1,6.9,1254,49.9,20.4,26.1,10.6,79.3,2024,88.0,2.1,1.0,55.6
12086008702,Census Tract 87.02; Miami-Dade County; Florida,47.8,11.2,80.2,2.8,0.0,7.7,29.6,88468,103405,33259,2.9,2.2,7.2,7.8,8.8,10.7,18.4,26.2,7.6,8.3,7.0,32.3,14.7,8.0,24.9,32.2,34.9,75.1,24.9,2406,0.0,88.2,1782,98.8,1.2,5486,47.4,14.3,22.8,35.4,57.3,2024,87.3,0.4,0.4,62.2
12086008703,Census Tract 87.03; Miami-Dade County; Florida,49.5,9.4,85.5,0.0,0.6,8.4,28.6,70337,96126,34056,1.0,8.6,4.4,10.4,9.3,26.3,5.7,21.0,7.5,5.8,14.2,34.5,15.3,1.9,31.2,39.8,27.1,64.2,35.8,2520,0.0,95.5,708,97.3,2.7,2279,51.3,17.7,20.4,22.8,69.2,2024,89.5,0.1,0.1,62.4
12086008704,Census Tract 87.04; Miami-Dade County; Florida,61.6,2.4,64.0,2.0,0.0,20.1,34.1,87383,115483,38657,2.1,2.3,5.1,3.8,10.4,16.3,18.5,18.0,8.9,14.5,6.1,17.4,11.5,2.1,24.9,43.3,29.7,90.0,10.0,2469,10.0,61.7,892,99.4,0.6,2788,48.1,17.2,21.8,36.2,54.4,2024,86.8,0.2,1.0,58.5
12086008805,Census Tract 88.05; Miami-Dade County; Florida,62.1,4.6,81.4,0.3,0.3,8.0,26.2,61182,73746,28983,3.0,12.2,4.8,16.5,7.6,13.3,19.0,11.0,8.8,3.7,19.2,23.6,10.3,8.5,21.3,48.3,22.0,40.0,60.0,1833,5.6,62.0,1536,86.2,13.8,3722,48.3,9.9,23.8,20.1,71.3,2024,94.2,0.8,0.8,64.1
12086008806,Census Tract 88.06; Miami-Dade County; Florida,64.7,1.7,74.1,0.0,0.0,6.0,38.0,84615,100361,34385,0.7,1.4,8.6,8.6,11.6,15.7,9.3,20.8,11.2,12.1,10.7,22.3,18.0,2.3,26.8,54.6,16.2,66.9,33.1,1878,0.0,64.8,1464,100.0,0.0,4526,46.6,18.2,21.5,21.6,74.3,2024,92.6,0.0,0.0,65.5
12086008807,Census Tract 88.07; Miami-Dade County; Florida,70.6,4.9,80.7,0.0,0.0,16.1,33.3,110004,119650,48619,2.2,2.9,2.0,0.7,3.3,10.7,20.5,41.3,7.4,8.9,5.0,11.6,7.0,3.6,26.0,27.4,43.1,85.0,15.0,2100,0.0,0.0,1594,98.1,1.9,3895,50.3,7.1,19.4,17.7,79.8,2024,95.3,0.2,0.0,74.4
12086008808,Census Tract 88.08; Miami-Dade County; Florida,62.0,8.6,86.2,0.0,3.5,2.1,32.5,73234,82197,33639,5.4,12.3,6.4,3.9,7.7,19.7,13.2,15.8,12.4,3.2,11.5,27.7,5.6,3.9,30.5,44.9,20.7,52.1,47.9,1424,18.0,40.4,1206,87.5,12.5,2730,51.8,13.2,24.0,33.3,58.4,2024,91.9,0.1,0.0,66.3
12086008809,Census Tract 88.09; Miami-Dade County; Florida,63.6,4.2,78.1,0.0,1.3,12.7,31.9,92554,124452,45247,1.0,0.0,5.1,3.5,15.8,12.3,16.7,23.6,8.1,13.9,5.5,12.2,5.9,0.9,28.1,42.0,29.0,92.4,7.6,3036,0.0,78.3,710,96.2,3.8,1949,49.3,18.1,29.1,27.8,67.4,2024,91.6,0.1,0.9,53.6
12086008810,Census Tract 88.10; Miami-Dade County; Florida,59.7,3.7,78.4,0.0,1.9,7.1,27.0,58333,81307,32296,6.8,1.4,5.2,22.6,12.7,9.9,14.8,14.3,5.2,7.1,8.4,18.5,5.4,13.2,36.6,31.5,18.7,72.5,27.5,1494,7.4,77.1,1576,96.6,3.4,4037,48.7,18.3,20.8,19.6,72.7,2024,99.1,0.0,0.0,59.8
12086008904,Census Tract 89.04; Miami-Dade County; Florida,24.8,28.2,31.8,3.7,40.4,14.1,16.4,-666666666,-999999999,3577,100.0,0.0,0.0,0.0,0.0,0.0,0.0,0.0,0.0,0.0,100.0,0.0,11.6,100.0,0.0,0.0,0.0,0.0,100.0,-666666666,0.0,100.0,4,100.0,0.0,3746,20.1,0.8,0.0,43.4,14.1,2024,30.8,29.5,5.4,17.8
12086008906,Census Tract 89.06; Miami-Dade County; Florida,60.2,2.4,73.4,2.2,0.2,12.7,28.0,66458,104381,39111,1.4,0.5,12.7,5.6,17.3,14.1,9.3,9.7,15.2,14.1,7.5,23.3,11.1,8.0,30.1,41.3,20.5,62.3,37.7,1862,11.6,65.5,1825,95.3,4.7,4772,50.0,14.7,24.5,21.5,73.6,2024,90.2,0.4,2.5,68.6
12086008907,Census Tract 89.07; Miami-Dade County; Florida,58.0,1.5,81.0,1.0,0.6,10.9,27.3,46864,80381,34854,4.6,6.5,17.5,4.9,19.8,10.7,9.1,15.4,3.8,7.6,13.6,28.8,5.7,7.1,41.0,35.4,16.5,51.1,48.9,1728,4.8,47.1,1892,97.9,2.1,4433,51.0,15.2,29.0,25.3,64.7,2024,79.1,4.3,3.5,67.4
12086008908,Census Tract 89.08; Miami-Dade County; Florida,60.2,1.7,84.3,0.3,0.5,11.4,27.8,67660,81516,29065,2.2,9.9,9.5,12.2,3.9,21.3,13.7,13.6,3.4,10.2,12.5,35.1,17.4,6.4,40.4,38.3,14.9,66.4,33.6,1895,14.5,33.7,1196,97.9,2.1,3368,46.0,17.0,30.1,22.1,74.9,2024,96.0,0.1,0.0,73.8
12086008909,Census Tract 89.09; Miami-Dade County; Florida,67.7,3.9,62.9,0.5,0.0,12.5,27.5,67039,98547,36756,3.7,2.5,13.8,0.7,9.4,21.9,10.8,23.1,4.9,9.0,10.3,18.8,5.7,14.7,29.9,39.8,15.6,60.7,39.3,1799,14.6,35.2,1337,94.5,5.5,3449,57.0,6.4,25.5,19.2,71.1,2024,94.8,1.1,0.0,77.6
12086008910,Census Tract 89.10; Miami-Dade County; Florida,56.6,3.3,76.5,0.6,0.0,12.6,44.4,59632,80537,28353,5.6,3.0,11.8,17.0,7.7,20.5,6.4,4.6,15.8,7.6,13.3,45.1,15.1,4.9,20.1,52.5,22.5,59.2,40.8,2215,5.0,77.1,1114,96.2,3.8,3171,48.2,15.0,26.2,19.4,69.4,2024,98.3,0.0,0.0,70.9
12086008911,Census Tract 89.11; Miami-Dade County; Florida,63.2,3.2,71.4,0.0,0.9,21.2,28.1,88512,121270,34219,0.0,0.0,3.1,5.9,7.6,23.2,12.8,20.8,12.2,14.4,4.7,20.6,3.9,3.3,19.7,41.7,35.3,91.4,8.6,2798,0.0,84.0,935,92.9,7.1,3172,44.7,22.0,21.8,34.2,57.3,2024,91.2,0.6,0.0,59.3
12086009010,Census Tract 90.10; Miami-Dade County; Florida,72.4,2.6,67.9,0.0,0.0,16.9,23.9,103785,138116,57983,3.4,0.0,1.9,3.1,4.8,15.6,18.6,18.2,19.2,15.3,4.9,3.0,8.3,3.2,41.7,43.2,11.8,43.9,56.1,2589,4.8,53.0,3429,87.1,12.9,7361,38.5,19.0,11.3,40.6,48.7,2024,78.0,1.9,4.7,59.1
12086009014,Census Tract 90.14; Miami-Dade County; Florida,66.4,0.7,69.0,2.9,0.0,17.0,29.4,81907,89802,28952,1.1,2.2,4.3,4.0,15.4,16.6,14.8,32.6,3.0,6.0,5.0,18.5,12.2,0.4,37.8,44.6,17.2,50.7,49.3,2354,10.4,47.2,1495,91.2,8.8,4374,35.7,23.0,10.5,31.3,58.1,2024,92.1,0.0,0.7,69.3
12086009015,Census Tract 90.15; Miami-Dade County; Florida,67.3,2.4,75.4,0.8,0.2,11.7,27.5,55885,63076,27609,3.0,4.4,19.3,4.6,14.9,19.8,21.9,8.4,1.0,2.8,16.5,32.4,14.3,7.0,47.9,36.4,8.8,39.2,60.8,1804,8.3,47.3,2725,85.9,14.1,5500,46.5,14.4,23.0,30.1,60.9,2024,93.2,1.3,1.3,73.3
12086009020,Census Tract 90.20; Miami-Dade County; Florida,56.4,11.4,81.7,3.2,1.5,6.9,30.2,42875,55538,20469,11.7,8.5,8.8,5.0,21.2,17.1,9.8,14.0,3.8,0.0,24.1,42.4,14.4,7.8,53.8,24.8,13.6,12.9,87.1,1506,5.8,56.5,1220,93.7,6.3,3273,39.3,22.6,12.6,14.5,79.0,2024,95.4,0.1,0.0,81.3
12086009021,Census Tract 90.21; Miami-Dade County; Florida,60.9,6.5,72.4,0.0,1.4,14.5,29.2,57156,76890,25481,4.2,5.1,3.6,16.2,12.7,15.8,17.6,17.6,3.1,4.1,14.6,24.9,18.0,1.7,37.5,41.0,19.8,35.4,64.6,1951,7.9,58.0,1473,95.0,5.0,4471,39.9,17.0,17.2,10.9,80.1,2024,95.0,1.5,0.0,79.2
12086009022,Census Tract 90.22; Miami-Dade County; Florida,61.3,4.5,72.0,0.4,0.0,17.5,31.3,62128,100695,31753,5.0,0.9,8.0,14.6,7.4,23.9,12.8,13.5,9.2,4.7,5.2,26.4,18.4,3.4,35.3,35.1,26.3,70.0,30.0,2142,6.5,45.7,803,96.3,3.7,2570,46.4,18.8,15.4,22.7,73.9,2024,94.6,0.0,0.5,70.2
12086009024,Census Tract 90.24; Miami-Dade County; Florida,71.1,1.9,74.2,5.9,0.1,12.7,26.6,76888,77058,28108,3.7,4.6,9.9,3.9,15.3,8.9,26.2,21.2,4.8,1.6,20.9,21.5,10.5,11.3,45.6,34.5,8.5,9.0,91.0,2298,14.5,51.9,2331,84.0,16.0,5778,35.7,19.2,9.3,33.1,48.6,2024,79.8,2.3,11.6,78.3
12086009026,Census Tract 90.26; Miami-Dade County; Florida,73.0,1.9,71.8,1.2,0.6,13.3,26.4,52213,69077,30857,4.6,7.2,6.7,4.5,20.9,20.7,15.0,11.3,7.3,1.8,12.4,24.0,5.7,11.1,41.6,42.2,5.1,37.4,62.6,1980,13.4,62.7,973,91.1,8.9,2083,40.5,14.5,19.3,30.1,47.0,2024,93.5,0.0,0.0,67.5
12086009027,Census Tract 90.27; Miami-Dade County; Florida,65.9,7.7,80.7,0.7,0.5,14.5,22.5,59583,70144,30639,7.0,2.9,1.5,9.9,24.6,23.1,5.3,19.6,4.9,1.1,8.7,29.6,13.0,6.1,51.5,34.7,7.7,26.5,73.5,2075,9.5,56.0,1723,90.9,9.1,3773,42.0,16.6,15.2,28.1,60.0,2024,88.8,1.5,0.4,72.3
12086009028,Census Tract 90.28; Miami-Dade County; Florida,66.7,2.4,62.6,0.0,0.0,17.9,26.6,63310,92495,37028,1.4,0.0,10.1,13.3,4.1,26.4,16.3,11.2,2.0,15.1,7.8,8.7,10.2,3.1,28.5,57.3,11.1,65.3,34.7,2194,5.4,55.1,2280,91.0,9.0,5344,46.0,15.9,17.9,31.5,56.2,2024,94.1,0.2,2.1,65.4
12086009029,Census Tract 90.29; Miami-Dade County; Florida,64.1,3.3,55.9,5.3,1.5,11.6,24.0,75309,81268,29804,0.4,4.8,10.0,8.2,8.1,17.8,13.2,27.3,8.7,1.6,10.1,39.7,9.8,5.2,42.8,38.4,13.7,52.4,47.6,2323,15.6,44.4,1609,87.6,12.4,3868,47.3,13.9,20.3,28.8,58.3,2024,89.6,1.2,1.6,74.7
12086009030,Census Tract 90.30; Miami-Dade County; Florida,70.8,0.7,73.1,1.8,0.0,8.9,28.5,59676,77053,36139,6.2,7.1,7.5,5.8,17.9,19.9,10.3,15.0,4.4,6.1,13.1,21.9,9.2,5.4,41.2,46.1,7.3,44.5,55.5,1735,4.4,63.6,2058,92.3,7.7,4289,46.2,12.1,20.2,26.0,58.9,2024,92.9,0.7,0.0,73.0
12086009031,Census Tract 90.31; Miami-Dade County; Florida,64.5,1.1,81.1,3.4,0.5,9.5,29.7,70360,80910,30137,0.2,1.6,7.7,5.4,12.2,27.2,21.8,16.1,4.3,3.6,10.4,20.5,12.4,4.6,34.1,51.4,9.9,28.7,71.3,2222,13.0,51.2,1712,95.4,4.6,4516,41.6,14.3,18.7,31.5,47.9,2024,91.2,0.0,3.1,77.9
12086009039,Census Tract 90.39; Miami-Dade County; Florida,69.6,1.4,74.9,0.0,1.0,11.6,23.0,71750,110777,34930,7.5,1.0,5.2,5.1,9.3,25.5,11.4,13.3,7.5,14.4,11.2,7.1,8.7,6.6,34.2,41.4,17.9,40.8,59.2,2646,2.2,76.9,2616,91.6,8.4,7775,36.8,26.1,7.8,43.4,43.7,2024,87.9,0.0,0.1,78.3
12086009040,Census Tract 90.40; Miami-Dade County; Florida,64.7,6.9,68.9,2.1,0.9,23.4,28.6,100611,124952,40631,4.7,2.2,0.8,9.3,9.4,9.8,12.6,26.9,5.5,18.8,6.1,7.3,9.4,4.2,32.4,39.4,24.0,52.3,47.7,3136,5.8,60.7,3147,85.3,14.7,8436,35.6,25.8,7.0,38.3,53.8,2024,89.1,0.4,2.9,73.5
12086009043,Census Tract 90.43; Miami-Dade County; Florida,63.4,3.6,78.2,1.3,0.3,16.8,29.7,115865,123648,34315,7.6,0.0,2.1,6.8,3.2,16.3,9.9,18.3,18.9,16.9,16.1,4.7,7.0,0.1,27.8,49.3,22.9,66.2,33.8,3059,8.4,60.6,1516,96.1,3.9,5277,37.4,31.2,7.0,33.7,55.6,2024,84.8,0.3,0.8,65.8
12086009044,Census Tract 90.44; Miami-Dade County; Florida,61.8,6.8,68.4,1.5,1.0,18.7,25.4,88750,123527,34212,0.2,0.0,0.5,13.5,2.9,19.7,19.8,16.0,12.7,14.8,2.3,4.8,9.4,4.3,22.3,57.3,16.1,56.3,43.7,2796,7.4,78.2,987,88.0,12.0,3187,37.9,26.2,9.1,41.1,41.2,2024,88.1,1.2,4.1,77.7
12086009048,Census Tract 90.48; Miami-Dade County; Florida,64.1,2.4,60.9,0.9,0.0,30.6,28.7,119750,174469,58637,1.8,0.0,0.0,2.5,2.6,9.8,13.9,28.3,11.5,29.5,1.5,2.5,2.0,2.9,30.3,43.0,23.8,72.0,28.0,3417,18.1,67.2,1062,96.7,3.3,3082,41.7,23.2,7.5,47.5,41.0,2024,80.2,0.0,4.2,65.9
12086009049,Census Tract 90.49; Miami-Dade County; Florida,65.2,2.9,60.3,0.9,3.3,26.6,28.8,100306,132572,40111,3.6,1.3,4.0,6.6,10.8,12.1,10.8,19.5,16.1,15.2,11.7,8.1,13.1,1.3,22.1,61.3,15.3,48.3,51.7,2388,16.9,52.3,1550,90.4,9.6,4681,36.4,31.9,7.5,40.7,52.9,2024,91.6,0.0,0.0,62.9
12086009050,Census Tract 90.50; Miami-Dade County; Florida,71.4,4.7,55.8,3.1,1.2,18.6,28.2,81061,118766,33408,4.8,0.0,4.1,2.4,13.0,19.0,19.1,19.3,6.6,11.7,7.1,7.2,9.4,1.2,20.1,60.4,18.3,48.5,51.5,2733,5.3,66.8,1649,92.5,7.5,5543,36.1,25.1,7.5,44.2,41.6,2024,89.2,0.0,0.5,71.8
12086009051,Census Tract 90.51; Miami-Dade County; Florida,49.0,4.6,87.7,0.0,0.0,2.5,25.6,90281,101287,36301,5.9,5.2,3.6,3.7,18.4,7.9,12.6,17.4,16.8,8.6,11.4,25.5,13.8,8.6,19.1,48.8,23.5,45.9,54.1,1867,10.2,55.7,697,100.0,0.0,2010,49.3,14.6,24.4,28.3,54.3,2024,84.0,7.1,0.0,57.6
12086009052,Census Tract 90.52; Miami-Dade County; Florida,64.0,0.6,80.8,0.0,0.0,8.7,32.5,42188,54870,25549,1.0,4.4,23.5,13.8,20.1,12.5,11.4,8.2,2.2,2.9,24.4,36.9,25.3,14.9,50.3,25.6,9.2,38.6,61.4,1756,4.3,65.5,1642,90.0,10.0,3242,51.8,6.2,24.6,21.7,70.7,2024,97.1,1.1,0.0,85.9
12086009053,Census Tract 90.53; Miami-Dade County; Florida,66.2,2.4,71.6,0.5,0.0,9.7,28.1,79693,116047,40279,0.0,3.4,9.8,5.3,4.7,19.4,17.2,5.6,11.8,22.8,7.3,17.7,10.0,2.8,36.6,44.7,15.9,62.3,37.7,2539,0.0,65.7,1841,95.5,4.5,4978,37.5,23.6,16.2,17.8,73.0,2024,90.2,0.0,6.0,76.7
12086009054,Census Tract 90.54; Miami-Dade County; Florida,59.2,1.3,82.5,0.0,2.2,3.1,31.7,81324,87991,26681,1.7,3.0,6.6,3.3,13.9,17.4,22.0,22.0,4.7,5.4,3.2,23.2,12.1,2.4,30.5,33.4,33.6,75.8,24.2,2336,20.9,8.2,574,100.0,0.0,2017,46.8,15.2,23.6,23.7,67.0,2024,93.5,0.1,0.1,63.3
12086009055,Census Tract 90.55; Miami-Dade County; Florida,39.9,9.1,79.3,0.0,0.0,9.2,31.7,42454,70650,28494,7.0,8.6,14.0,14.4,7.6,11.1,7.9,17.8,4.3,7.3,19.8,24.0,10.0,0.8,32.0,44.0,23.1,85.4,14.6,2653,0.0,71.9,727,98.1,1.9,1823,54.3,7.0,35.9,30.3,66.9,2024,82.6,0.2,0.0,64.6
12086009056,Census Tract 90.56; Miami-Dade County; Florida,54.6,3.6,60.4,1.1,0.0,27.1,29.8,78347,110621,43500,3.9,5.3,0.5,24.4,3.4,10.6,9.5,17.4,8.4,16.5,12.9,5.0,7.0,18.8,32.4,41.6,7.3,71.1,28.9,3110,9.4,69.2,1174,99.5,0.5,3037,44.8,24.9,19.6,28.4,53.2,2024,72.7,1.1,4.5,65.1
12086009057,Census Tract 90.57; Miami-Dade County; Florida,62.2,1.7,70.5,0.0,0.0,19.5,23.1,107587,112615,36378,5.1,1.6,4.4,3.1,6.4,16.8,6.8,30.8,11.1,13.8,11.2,4.2,11.0,0.0,27.8,61.2,11.1,41.1,58.9,3171,12.4,56.6,2322,92.2,7.8,6686,34.8,26.3,4.6,51.8,36.3,2024,84.7,0.0,4.8,70.0
12086009058,Census Tract 90.58; Miami-Dade County; Florida,66.5,1.9,78.4,0.0,0.6,13.5,30.3,74102,89318,37371,4.3,6.6,3.8,5.9,5.8,24.3,17.6,13.1,12.6,5.9,12.7,13.6,9.7,5.4,44.3,41.2,9.0,54.7,45.3,2435,2.5,65.5,1674,95.4,4.6,3907,42.2,19.9,18.7,30.5,53.1,2024,82.5,4.6,0.7,73.3
12086009059,Census Tract 90.59; Miami-Dade County; Florida,64.6,3.8,53.6,3.0,1.0,23.2,33.4,81020,105087,32890,0.0,6.2,0.4,12.3,9.1,14.8,16.4,15.6,6.2,19.1,16.4,8.5,13.2,0.7,33.8,49.7,15.8,45.8,54.2,2495,1.7,76.2,998,97.2,2.8,3209,38.1,23.4,8.9,30.0,54.9,2024,87.9,2.0,1.0,67.4
12086009060,Census Tract 90.60; Miami-Dade County; Florida,69.1,4.2,65.4,1.7,0.0,6.6,28.8,104096,114162,35073,5.0,0.0,0.0,8.3,6.0,13.8,13.3,29.8,13.3,10.5,10.3,15.9,4.2,6.1,34.8,36.0,23.1,48.9,51.1,2646,1.7,66.1,1570,95.0,5.0,4990,36.3,27.5,7.0,42.1,48.2,2024,84.9,1.8,0.3,67.3
12086009061,Census Tract 90.61; Miami-Dade County; Florida,56.3,2.3,84.4,9.1,0.0,1.9,27.2,40324,46555,17880,10.9,9.9,14.0,9.7,17.1,21.6,6.7,7.7,2.5,0.0,32.2,44.5,20.4,9.6,39.4,31.3,19.7,59.0,41.0,1094,5.7,52.3,1169,96.2,3.8,3166,50.0,12.7,19.6,20.5,63.8,2024,99.3,0.0,0.0,79.0
12086009062,Census Tract 90.62; Miami-Dade County; Florida,65.8,1.8,80.8,2.9,0.0,10.8,32.5,79137,85835,27157,3.3,7.5,5.0,1.9,6.5,16.5,30.5,14.6,11.2,3.1,13.2,34.9,18.1,2.2,26.5,40.2,31.0,63.0,37.0,2180,0.0,61.0,967,93.6,6.4,2972,46.3,8.5,19.6,19.9,69.1,2024,93.6,3.0,1.2,70.3
12086009063,Census Tract 90.63; Miami-Dade County; Florida,59.3,0.0,85.6,1.8,0.8,7.9,25.8,47357,61318,24748,4.6,15.5,1.1,10.7,18.3,13.2,11.2,25.4,0.0,0.0,9.8,25.0,12.1,18.4,23.1,38.2,20.3,45.2,54.8,1416,29.3,34.5,1129,92.6,7.4,2682,42.5,15.3,22.1,26.3,66.9,2024,98.8,0.0,0.1,73.6
12086009064,Census Tract 90.64; Miami-Dade County; Florida,63.4,1.4,91.6,2.1,0.0,0.0,31.9,67625,63341,23132,8.8,3.5,2.9,12.1,9.6,23.5,25.7,13.9,0.0,0.0,16.0,4.1,11.8,1.5,30.9,51.7,15.8,23.1,76.9,2269,30.4,55.6,1102,93.8,6.2,2964,39.7,17.9,14.5,35.6,55.3,2024,93.9,1.3,0.3,74.6
12086009065,Census Tract 90.65; Miami-Dade County; Florida,68.6,5.2,68.3,0.5,3.7,21.7,27.7,105362,135772,47835,13.3,0.0,4.8,2.1,5.4,13.8,9.7,17.3,10.5,23.2,17.6,8.2,9.2,3.8,47.8,46.4,2.0,37.1,62.9,2675,11.5,51.3,1993,85.2,14.8,5013,35.1,24.9,11.7,42.3,39.8,2024,83.4,0.0,1.7,67.9
12086009066,Census Tract 90.66; Miami-Dade County; Florida,74.9,0.3,65.8,0.0,1.9,12.5,22.1,82845,102111,41612,5.5,0.6,10.4,4.3,8.1,17.3,14.3,20.3,10.1,9.0,14.7,3.6,13.9,6.3,38.3,48.4,7.1,19.3,80.7,2281,4.9,57.9,3206,88.5,11.5,7210,35.4,14.9,8.8,36.2,55.2,2024,90.5,1.0,0.8,81.0
12086009101,Census Tract 91.01; Miami-Dade County; Florida,60.7,4.7,74.5,3.5,0.0,14.0,30.0,50625,61433,21207,2.6,17.3,7.2,14.6,7.5,19.7,18.5,3.8,6.7,2.2,30.5,24.8,15.7,2.5,28.9,37.5,31.1,20.5,79.5,1850,4.1,81.7,897,97.2,2.8,2797,43.5,17.7,17.8,21.4,74.9,2024,96.2,0.5,0.0,67.3
12086009102,Census Tract 91.02; Miami-Dade County; Florida,43.6,0.9,77.5,1.2,1.7,11.1,25.9,44455,51812,18799,11.9,8.0,7.0,11.3,16.4,23.3,12.1,8.7,0.5,1.0,15.7,23.8,13.6,11.8,43.7,34.9,9.7,40.1,59.9,1684,10.4,59.8,1096,95.3,4.7,3213,45.2,8.3,18.8,29.2,49.3,2024,81.4,14.1,1.2,66.1
12086009200,Census Tract 92; Miami-Dade County; Florida,59.9,2.9,66.2,8.1,0.0,14.2,34.5,72399,86688,26580,6.9,1.9,7.8,6.4,8.1,19.7,9.8,28.0,7.1,4.3,19.0,26.3,11.0,7.7,12.2,27.0,53.1,83.9,16.1,-666666666,0.0,26.3,977,100.0,0.0,3387,48.0,11.9,22.3,17.6,80.7,2024,97.1,0.0,0.0,72.2
12086009305,Census Tract 93.05; Miami-Dade County; Florida,69.9,3.5,69.0,7.1,0.0,12.5,28.6,106129,121418,45297,4.3,5.3,5.8,1.2,8.5,11.9,11.6,22.9,10.5,17.9,9.5,11.9,7.5,5.5,26.1,50.9,17.5,78.4,21.6,1611,0.0,45.4,1897,95.6,4.4,4852,45.4,18.8,21.4,24.3,61.9,2024,84.2,0.0,3.4,47.3
12086009312,Census Tract 93.12; Miami-Dade County; Florida,73.6,4.7,78.7,0.0,3.5,7.0,31.7,89313,109299,48457,3.5,0.0,2.2,4.5,11.3,18.4,21.6,21.0,10.1,7.5,6.1,11.0,5.9,3.9,45.4,38.9,11.8,12.3,87.7,2078,9.2,30.5,2906,96.3,3.7,6376,35.8,16.7,11.0,32.6,52.3,2024,84.8,2.2,1.0,48.6
12086009314,Census Tract 93.14; Miami-Dade County; Florida,53.7,10.3,67.2,0.0,4.4,17.2,26.6,42906,49779,19441,11.4,10.5,10.4,6.5,18.8,15.2,16.0,10.7,0.5,0.0,19.5,62.2,10.2,15.3,45.2,26.2,13.3,35.4,64.6,1430,8.5,59.0,1464,100.0,0.0,3819,46.1,17.9,24.5,9.4,80.1,2024,97.9,0.0,0.0,84.8
12086009315,Census Tract 93.15; Miami-Dade County; Florida,39.8,6.0,71.6,0.0,5.9,12.0,24.2,31500,52089,22711,6.8,25.2,10.6,10.4,6.8,24.5,7.4,0.0,6.3,2.1,26.9,45.4,11.7,22.2,36.4,38.4,3.0,41.2,58.8,1780,17.4,43.1,1211,94.1,5.9,2782,55.7,12.1,37.2,11.6,73.1,2024,96.9,0.3,0.0,78.3
12086009316,Census Tract 93.16; Miami-Dade County; Florida,64.9,7.9,69.8,0.0,0.0,12.3,24.4,86250,131194,42263,5.6,1.2,6.4,6.0,15.2,9.7,18.7,18.3,14.0,4.9,11.6,31.9,19.2,2.7,29.7,43.7,23.9,71.5,28.5,1960,11.9,43.3,782,95.9,4.1,2391,38.8,19.9,18.7,26.1,52.7,2024,89.0,0.0,2.5,56.3
12086009317,Census Tract 93.17; Miami-Dade County; Florida,65.6,1.2,81.1,0.0,0.6,11.9,23.2,78387,99596,32140,0.8,7.3,7.2,6.4,5.9,18.8,14.2,18.8,16.7,3.9,16.7,33.7,20.2,9.7,31.8,36.8,21.7,51.3,48.7,2266,4.9,53.7,1458,98.6,1.4,4888,42.5,17.9,17.0,16.5,71.3,2024,97.0,0.1,0.0,67.1
12086009318,Census Tract 93.18; Miami-Dade County; Florida,53.8,11.1,84.8,0.0,0.0,3.9,41.7,82500,88231,28343,5.1,6.4,10.2,5.5,16.4,5.7,9.5,22.8,14.1,4.4,10.6,23.0,20.5,4.9,26.3,47.1,21.7,89.8,10.2,1625,0.0,71.4,548,100.0,0.0,1784,44.7,18.3,16.9,17.9,67.9,2024,88.9,3.0,0.0,55.9
12086009319,Census Tract 93.19; Miami-Dade County; Florida,69.3,2.7,76.1,0.0,0.4,17.0,33.7,94929,108231,35708,4.2,0.0,1.1,3.3,2.7,14.2,26.0,35.2,8.9,4.5,7.2,15.5,22.1,3.1,28.7,29.2,38.9,42.9,57.1,2030,14.0,36.4,1521,98.5,1.5,4692,36.6,21.7,10.9,20.5,65.3,2024,92.1,1.2,0.5,47.4
12086009320,Census Tract 93.20; Miami-Dade County; Florida,58.4,6.8,82.7,1.2,0.8,8.0,25.7,45778,56316,19229,11.8,7.5,5.2,13.2,16.3,12.3,8.0,23.9,0.9,0.9,32.2,60.2,20.0,5.4,34.3,44.2,16.1,21.0,79.0,1640,1.5,65.0,1587,97.2,2.8,4701,38.9,19.4,12.0,4.0,79.2,2024,99.5,0.0,0.0,87.4
12086009321,Census Tract 93.21; Miami-Dade County; Florida,63.8,0.4,63.3,5.2,6.0,11.6,29.6,70769,99894,34135,0.0,2.9,12.7,10.7,17.6,8.0,13.1,8.8,6.7,19.5,10.5,29.7,14.7,11.9,37.8,23.0,27.3,49.5,50.5,1916,1.7,81.6,1085,88.8,11.2,2920,41.8,18.0,17.9,18.2,65.4,2024,96.9,0.9,0.0,76.9
12086009322,Census Tract 93.22; Miami-Dade County; Florida,60.1,0.0,64.6,1.4,2.3,16.0,30.5,39097,46635,19959,1.6,1.4,33.9,10.9,20.8,18.1,7.2,4.4,1.8,0.0,21.0,41.9,10.8,9.9,51.7,28.8,9.7,52.5,47.5,1667,8.6,65.2,1698,95.6,4.4,4032,47.1,21.8,30.5,19.7,61.8,2024,98.1,1.5,0.0,76.9
12086009323,Census Tract 93.23; Miami-Dade County; Florida,62.7,6.5,81.5,0.6,1.5,7.6,26.4,69090,96495,32954,3.5,5.7,7.7,5.5,9.3,22.0,9.4,12.2,15.8,8.8,12.1,37.5,22.5,5.0,35.2,28.4,31.3,64.4,35.6,1609,11.0,59.5,795,100.0,0.0,2412,53.0,13.2,22.1,13.4,76.9,2024,90.4,0.3,0.0,73.7
12086009324,Census Tract 93.24; Miami-Dade County; Florida,60.3,2.3,72.0,0.0,0.0,8.6,24.2,49327,60227,24231,2.6,12.5,7.2,13.3,14.8,22.6,11.5,11.2,1.8,2.4,19.9,44.9,10.0,17.4,33.9,41.4,7.4,31.9,68.1,1604,21.7,43.2,1513,97.8,2.2,3997,44.7,16.6,18.8,14.6,68.5,2024,95.5,0.0,0.0,75.8
12086009325,Census Tract 93.25; Miami-Dade County; Florida,69.5,9.0,82.9,2.9,1.7,4.4,25.1,69879,86023,29979,0.0,0.9,2.0,4.8,21.5,21.0,5.5,40.0,0.0,4.3,9.5,12.7,25.2,0.9,33.5,45.4,20.2,61.5,38.5,1689,7.4,89.7,901,98.0,2.0,2568,39.7,14.4,11.9,27.3,48.6,2024,97.0,0.0,0.0,67.8
12086009326,Census Tract 93.26; Miami-Dade County; Florida,55.4,0.5,76.3,5.2,0.0,8.5,26.7,34087,67633,27586,3.5,20.3,17.2,9.8,5.7,11.0,10.4,8.9,7.9,5.4,18.6,51.7,15.9,20.8,33.0,32.0,14.2,46.1,53.9,1536,1.4,47.3,1268,97.2,2.8,3046,51.6,10.7,31.0,21.1,64.2,2024,93.6,0.0,0.0,76.6
12086009327,Census Tract 93.27; Miami-Dade County; Florida,60.7,4.4,77.1,0.1,0.0,11.5,27.1,85327,115829,30593,0.8,7.2,8.1,6.5,10.5,10.4,12.3,15.9,17.0,11.2,14.2,38.9,9.8,5.0,15.0,31.2,48.8,79.0,21.0,2494,3.3,59.4,859,100.0,0.0,3528,46.9,20.0,19.2,25.3,67.9,2024,94.2,0.2,0.0,68.0
12086009401,Census Tract 94.01; Miami-Dade County; Florida,51.4,18.8,83.8,0.0,1.0,6.1,28.3,77688,90972,28445,3.2,3.9,6.8,13.6,4.6,15.6,17.4,18.7,7.5,8.7,19.6,33.4,19.2,2.2,27.5,51.2,19.1,77.6,22.4,1940,33.5,60.0,691,100.0,0.0,2582,37.9,12.7,15.0,12.9,20.8,2024,37.9,58.9,0.0,35.1
12086009402,Census Tract 94.02; Miami-Dade County; Florida,52.2,6.6,81.4,0.1,0.0,7.7,33.9,73194,86305,25141,1.3,1.0,9.1,7.3,6.6,25.4,12.1,24.5,11.4,1.4,3.5,32.6,27.0,7.7,22.5,33.3,36.5,78.7,21.3,2434,8.6,51.8,1050,97.8,2.2,3849,44.6,20.5,21.5,8.4,51.4,2024,52.4,34.3,0.3,39.8
12086009503,Census Tract 95.03; Miami-Dade County; Florida,61.2,8.5,81.9,1.3,0.0,10.8,23.8,80363,89548,29047,5.6,2.2,5.6,3.0,5.6,25.2,13.9,25.2,7.4,6.2,10.9,27.7,12.8,8.3,27.9,39.3,24.5,68.7,31.3,2150,0.0,62.2,1668,95.5,4.5,5357,36.2,27.7,14.9,12.9,19.7,2024,31.7,64.6,0.0,25.6
12086009504,Census Tract 95.04; Miami-Dade County; Florida,54.8,12.7,80.1,5.7,0.0,7.7,27.7,72939,82630,26374,3.2,1.3,5.3,3.8,22.7,17.1,22.7,9.9,5.0,8.8,6.9,15.2,18.3,0.8,31.4,32.1,35.7,85.4,14.6,2561,0.0,74.4,1341,99.3,0.7,4521,41.6,20.2,16.6,5.0,20.5,2024,31.0,64.6,0.0,29.0
12086009505,Census Tract 95.05; Miami-Dade County; Florida,75.9,7.3,65.3,4.6,0.0,18.2,34.5,51622,59399,20469,0.0,11.6,3.8,11.8,18.5,30.4,7.8,11.6,2.7,1.8,28.3,22.6,10.2,11.2,52.9,31.2,4.7,6.0,94.0,1749,10.2,70.7,570,96.8,3.2,1643,22.6,41.7,3.7,1.5,8.8,2024,8.0,85.2,2.8,10.5
12086009506,Census Tract 95.06; Miami-Dade County; Florida,55.7,10.1,65.6,7.3,4.2,11.4,29.3,49494,73228,24435,2.6,0.0,11.1,17.5,20.6,11.7,12.8,8.7,10.1,4.9,14.0,35.2,22.8,13.7,35.7,32.9,17.7,56.0,44.0,1603,0.0,61.9,1567,91.4,8.6,4497,34.8,25.7,11.3,11.7,16.0,2024,27.5,67.0,0.0,48.4
12086009601,Census Tract 96.01; Miami-Dade County; Florida,61.3,3.7,88.4,2.8,0.6,0.0,29.5,62284,66862,31204,3.1,10.0,6.2,4.7,11.2,20.9,32.8,6.2,2.6,2.3,13.4,31.1,19.1,6.6,55.1,25.4,12.9,36.4,63.6,1479,15.4,36.0,1534,89.8,10.2,3113,40.9,15.0,18.5,7.4,24.0,2024,30.0,64.8,0.5,39.8
12086009602,Census Tract 96.02; Miami-Dade County; Florida,62.7,4.2,82.1,5.1,0.0,8.9,34.5,54073,57300,21411,3.9,8.8,9.5,12.6,13.7,27.3,4.6,13.2,6.4,0.0,10.1,26.4,18.1,4.5,51.1,38.6,5.8,25.6,74.4,1623,16.1,48.8,1627,78.6,21.4,3698,33.9,29.3,13.3,2.5,13.0,2024,14.4,82.6,0.0,47.9
12086009703,Census Tract 97.03; Miami-Dade County; Florida,64.9,1.2,78.7,0.7,0.7,11.7,29.8,128409,192968,60315,3.6,0.7,0.0,0.6,13.2,4.5,11.2,21.8,11.7,32.7,5.6,4.6,4.8,5.6,20.8,48.2,25.4,89.9,10.1,2345,47.6,52.4,1170,92.0,8.0,3455,39.9,31.2,20.5,60.8,31.3,2024,41.0,2.2,3.9,37.5
12086009704,Census Tract 97.04; Miami-Dade County; Florida,61.9,5.2,73.0,0.9,1.2,12.6,28.2,81969,131501,44271,6.3,3.9,4.7,6.5,4.8,22.0,9.4,10.5,11.7,20.1,12.6,11.2,16.6,3.2,32.4,30.8,33.5,61.0,39.0,1845,23.3,60.3,2023,91.1,8.9,5729,38.5,26.8,10.9,49.9,28.7,2024,40.5,11.3,4.3,43.3
12086009705,Census Tract 97.05; Miami-Dade County; Florida,63.4,7.2,76.3,8.5,2.1,5.0,31.7,44941,56707,26317,6.4,9.9,10.8,13.0,11.5,14.8,21.0,8.9,2.3,1.3,14.8,12.8,21.6,6.4,52.7,21.4,19.5,61.8,38.2,1830,2.5,62.8,2669,82.2,17.8,4981,47.6,12.8,27.5,26.0,40.5,2024,64.8,14.4,0.6,60.9
12086009706,Census Tract 97.06; Miami-Dade County; Florida,64.1,8.2,79.0,1.6,2.1,9.2,30.1,55500,89700,41160,7.8,8.6,6.6,9.6,14.2,11.3,7.6,20.9,5.5,7.8,18.8,19.6,16.3,8.4,50.2,32.5,8.9,63.3,36.7,1731,0.0,63.8,2004,91.1,8.9,4130,39.3,20.3,18.5,47.7,38.0,2024,59.8,9.3,0.9,53.4
12086009803,Census Tract 98.03; Miami-Dade County; Florida,73.8,5.8,72.5,0.2,0.1,16.3,34.0,80568,92605,35042,2.3,5.0,4.4,2.0,13.5,18.4,25.6,10.9,15.7,2.3,5.7,6.7,15.0,3.4,32.3,45.5,18.8,49.7,50.3,2261,14.0,57.8,3024,96.9,3.1,8539,33.9,20.4,9.0,17.0,18.5,2024,27.4,56.8,2.6,51.9
12086009804,Census Tract 98.04; Miami-Dade County; Florida,51.1,4.0,73.3,0.0,0.0,12.0,34.6,74167,94915,29097,2.4,7.3,11.6,7.7,5.8,16.6,9.3,11.0,19.0,9.3,24.4,19.6,10.8,3.8,31.1,41.1,24.1,90.7,9.3,3372,0.0,52.7,911,99.5,0.5,3088,38.2,24.0,17.7,17.1,19.4,2024,25.7,44.9,7.2,41.0
12086009806,Census Tract 98.06; Miami-Dade County; Florida,55.9,4.6,62.7,5.3,2.5,14.2,37.8,56153,70887,35347,2.4,19.0,0.5,8.9,14.4,14.1,17.2,17.1,3.3,3.0,19.1,13.7,15.8,4.5,62.6,29.0,3.9,57.7,42.3,1530,2.4,72.9,1772,95.9,4.1,3676,45.0,14.4,18.6,26.6,28.0,2024,40.3,33.5,3.6,52.1
12086009809,Census Tract 98.09; Miami-Dade County; Florida,67.5,5.2,83.8,1.4,0.0,4.8,37.9,72727,108604,39488,6.2,0.7,8.8,15.3,3.8,15.9,10.8,21.7,6.5,10.2,12.9,8.2,20.3,2.6,42.8,41.2,13.4,74.1,25.9,1989,9.9,52.8,1526,92.3,7.7,4181,41.5,20.0,17.1,8.0,23.0,2024,20.8,62.7,0.0,54.5
12086009810,Census Tract 98.10; Miami-Dade County; Florida,67.8,8.5,76.7,2.2,0.0,9.5,34.1,84028,89703,33285,8.3,7.4,3.6,0.5,14.7,11.3,11.8,27.3,8.3,6.7,12.4,16.3,17.0,4.7,41.0,42.7,11.6,46.0,54.0,2387,45.4,33.2,1661,94.0,6.0,4538,38.8,24.6,14.6,21.3,44.2,2024,55.0,33.7,0.2,26.9
12086009811,Census Tract 98.11; Miami-Dade County; Florida,46.0,6.9,72.0,0.0,0.0,3.0,35.0,34205,51412,30397,5.7,23.6,10.2,11.7,21.5,17.9,4.4,0.0,1.1,4.1,23.4,46.8,5.0,18.8,47.1,29.7,4.4,56.6,43.4,1354,15.6,49.2,1224,76.4,23.6,1695,58.7,12.9,37.2,25.7,32.2,2024,57.0,35.7,0.7,56.3
12086009812,Census Tract 98.12; Miami-Dade County; Florida,67.4,6.3,71.1,7.3,0.0,12.8,30.0,69620,104899,38079,12.9,1.6,0.7,4.8,1.6,31.9,15.7,16.2,2.2,12.5,7.1,15.2,12.1,6.3,48.2,33.9,11.6,52.5,47.5,2101,4.1,72.3,2164,97.0,3.0,5958,34.9,30.0,12.5,39.9,29.8,2024,30.1,23.5,1.6,47.1
12086009903,Census Tract 99.03; Miami-Dade County; Florida,48.0,16.1,67.8,0.7,0.0,17.9,35.5,92177,100788,31743,1.0,3.2,8.6,3.4,6.7,16.9,11.8,32.9,12.3,3.2,6.4,21.6,19.5,3.6,28.1,31.7,36.6,79.9,20.1,1709,0.0,31.2,1556,93.2,6.8,5491,42.4,21.8,23.6,1.9,12.2,2024,16.0,82.7,0.0,25.5
12086009904,Census Tract 99.04; Miami-Dade County; Florida,52.8,16.7,73.3,3.7,0.0,16.9,30.1,54926,60640,21281,11.6,6.6,13.9,4.1,9.6,35.3,7.8,7.0,0.0,4.2,30.1,38.7,16.6,18.3,53.9,17.0,10.7,29.9,70.1,1466,27.5,42.4,1606,95.0,5.0,4505,27.8,37.3,11.8,5.4,19.8,2024,19.4,73.9,0.0,29.3
12086009905,Census Tract 99.05; Miami-Dade County; Florida,59.6,10.4,81.6,1.4,0.0,6.6,32.3,87027,101776,26397,2.6,1.8,2.9,4.9,9.6,16.8,20.2,20.7,12.2,8.3,5.8,18.9,20.6,3.9,15.4,45.3,35.4,88.6,11.4,2933,21.8,9.2,1589,95.8,4.2,6296,34.5,28.0,11.8,5.6,13.4,2024,23.0,73.2,0.0,35.5
12086009906,Census Tract 99.06; Miami-Dade County; Florida,59.6,11.4,67.5,2.9,0.0,4.0,32.4,72563,76586,24200,4.9,6.2,8.7,5.7,16.8,10.1,13.7,24.4,8.8,0.6,10.5,21.3,13.7,8.0,31.7,36.7,23.7,77.9,22.1,2354,7.9,42.0,1607,95.7,4.3,5280,41.2,21.3,20.7,7.8,12.1,2024,18.1,74.0,0.6,39.2
12086009907,Census Tract 99.07; Miami-Dade County; Florida,73.0,5.7,74.9,1.0,2.0,12.5,33.4,99063,134322,36350,5.8,0.0,2.3,3.4,2.4,10.5,26.5,11.3,19.0,18.7,5.5,32.1,11.1,3.4,22.7,38.3,35.7,79.8,20.2,1807,12.0,43.2,1325,90.0,10.0,4420,34.7,30.9,10.0,15.2,8.2,2024,11.1,71.1,0.3,37.0
12086009908,Census Tract 99.08; Miami-Dade County; Florida,63.0,14.1,70.9,9.8,2.2,3.3,33.3,41484,55797,23314,5.6,4.1,8.8,18.3,20.2,19.7,14.7,5.0,1.6,2.1,13.8,34.1,25.5,3.6,64.8,27.4,4.2,14.8,85.2,1626,6.1,67.8,1815,92.3,7.7,4101,37.3,26.2,16.3,10.4,12.0,2024,20.8,74.2,0.0,39.6
12086009909,Census Tract 99.09; Miami-Dade County; Florida,72.1,6.5,72.2,2.2,0.7,19.1,35.2,62882,77361,25638,0.0,2.7,7.9,0.6,18.6,37.7,16.3,11.2,3.3,1.7,10.7,48.8,16.9,3.6,55.2,29.8,11.4,40.1,59.9,1769,44.9,35.4,1127,94.3,5.7,3308,27.9,42.8,7.3,0.1,10.6,2024,12.2,87.7,0.0,28.0
12086010010,Census Tract 100.10; Miami-Dade County; Florida,61.8,4.8,75.5,3.0,0.0,10.3,32.7,54913,78985,28894,6.9,4.3,6.6,7.5,19.0,10.1,14.9,17.6,8.8,4.3,12.6,26.3,22.8,10.6,31.7,22.7,35.0,52.8,47.2,2115,11.1,60.0,1307,93.3,6.7,3513,42.3,16.0,12.8,22.3,43.2,2024,72.6,23.2,0.0,59.6
12086010012,Census Tract 100.12; Miami-Dade County; Florida,64.8,3.0,82.9,0.3,0.0,6.6,32.7,88432,93187,27789,0.6,0.8,7.3,6.2,6.7,21.6,17.4,24.9,9.6,4.9,8.2,28.3,18.1,2.6,16.8,39.5,41.1,77.2,22.8,2576,20.6,55.4,1932,97.3,2.7,6605,44.3,17.3,15.6,2.3,26.0,2024,40.0,56.9,0.8,44.7
12086010013,Census Tract 100.13; Miami-Dade County; Florida,57.9,5.7,80.6,4.8,1.1,2.7,35.6,74107,93909,29964,1.8,0.3,9.9,6.1,12.7,19.9,18.6,11.5,11.2,8.0,2.8,25.3,14.0,3.0,35.0,34.4,27.6,86.2,13.8,1574,0.0,73.5,1123,100.0,0.0,3833,40.7,26.2,17.7,17.2,59.1,2024,76.0,13.0,1.6,50.4
12086010015,Census Tract 100.15; Miami-Dade County; Florida,60.2,3.3,79.3,2.0,0.0,6.2,30.3,60250,67157,21443,3.1,2.7,15.3,4.0,12.1,27.5,19.3,10.2,2.3,3.5,17.4,44.0,26.2,4.9,26.5,38.0,30.5,47.4,52.6,1100,7.3,37.0,1152,93.3,6.7,3549,37.2,21.2,12.6,12.9,66.6,2024,95.4,0.5,1.6,69.9
12086010016,Census Tract 100.16; Miami-Dade County; Florida,56.8,0.9,78.1,1.5,0.0,9.0,29.9,68580,89876,28467,4.0,4.1,10.7,9.9,9.0,25.0,7.7,18.9,8.0,2.8,15.0,33.8,11.8,0.0,32.9,31.3,35.9,94.8,5.2,-666666666,0.0,62.5,1340,98.4,1.6,4378,49.6,17.4,26.2,25.1,52.9,2024,78.1,9.0,7.6,68.6
12086010017,Census Tract 100.17; Miami-Dade County; Florida,57.6,1.3,85.2,0.0,0.0,13.2,32.9,73317,90791,27610,4.4,2.2,5.8,3.0,10.4,29.2,15.7,20.0,5.1,4.1,8.4,40.5,19.4,2.2,11.5,34.7,51.6,85.6,14.4,2735,0.0,79.3,1035,96.5,3.5,3434,47.5,18.1,20.7,17.9,59.7,2024,83.2,15.9,0.0,62.6
12086010018,Census Tract 100.18; Miami-Dade County; Florida,51.1,3.1,83.1,0.9,0.0,16.0,29.4,80227,84311,33049,9.9,2.4,19.3,8.2,1.0,9.1,11.1,14.5,20.1,4.5,17.9,9.6,23.1,8.6,29.1,34.3,28.0,84.2,15.8,2033,0.0,50.9,983,83.6,16.4,2144,45.6,4.7,27.1,24.2,42.7,2024,74.8,22.0,0.5,52.7
12086010019,Census Tract 100.19; Miami-Dade County; Florida,49.7,10.6,76.6,0.4,0.0,12.8,27.9,60347,90412,30257,5.3,6.9,6.0,2.2,17.4,19.8,12.9,8.6,2.3,18.7,10.8,36.7,20.1,13.2,27.1,30.6,29.0,83.5,16.5,2092,0.0,38.9,1169,96.9,3.1,3515,49.3,17.7,25.5,19.1,40.4,2024,66.5,31.6,0.8,51.5
12086010020,Census Tract 100.20; Miami-Dade County; Florida,60.4,5.1,83.5,0.1,0.0,3.1,31.2,58672,70663,21532,9.1,2.3,4.8,9.8,13.7,25.6,12.3,11.5,9.2,1.7,16.9,42.0,17.3,9.1,26.4,23.9,40.6,89.0,11.0,-666666666,0.0,0.0,1118,94.2,5.8,3610,40.5,21.2,15.7,31.5,34.4,2024,77.6,20.8,0.0,53.6
12086010021,Census Tract 100.21; Miami-Dade County; Florida,62.0,3.2,77.4,2.4,0.0,6.4,34.8,72946,82754,24893,1.6,2.3,6.7,2.0,18.5,19.9,20.3,20.6,2.0,6.1,10.0,26.4,19.5,5.8,18.6,52.9,22.7,51.4,48.6,2260,2.1,71.1,1134,97.3,2.7,3919,35.0,20.5,13.0,14.2,45.9,2024,60.8,37.6,0.0,37.4
12086010022,Census Tract 100.22; Miami-Dade County; Florida,53.1,10.6,74.1,0.0,0.0,9.4,31.0,81591,96232,28785,4.2,0.7,19.5,5.2,11.5,7.8,8.7,31.2,7.0,4.2,19.5,41.3,17.9,2.2,28.3,38.4,31.1,90.5,9.5,2315,0.0,87.8,1270,98.6,1.4,4096,51.1,18.3,24.8,8.9,43.8,2024,68.2,30.8,0.0,55.9
12086010023,Census Tract 100.23; Miami-Dade County; Florida,51.0,16.1,55.0,14.7,4.6,14.6,51.8,45724,52777,25200,18.7,9.1,8.6,6.1,10.6,10.7,28.5,4.5,3.2,0.0,35.7,33.7,23.2,13.1,56.7,25.0,5.2,45.2,54.8,1985,8.6,67.6,981,94.5,5.5,2042,36.3,15.1,15.9,10.4,18.3,2024,23.2,70.5,0.0,35.9
12086010024,Census Tract 100.24; Miami-Dade County; Florida,46.4,5.8,72.5,5.0,0.0,3.5,43.1,-666666666,65947,27788,11.7,6.3,14.4,17.8,4.7,16.9,14.1,6.0,0.8,7.4,15.3,41.7,15.1,15.0,50.5,23.2,11.4,43.2,56.8,1548,3.3,60.8,1736,98.3,1.7,3983,39.6,22.4,21.7,3.8,21.0,2024,28.4,70.4,0.0,29.1
12086010025,Census Tract 100.25; Miami-Dade County; Florida,60.3,2.3,80.3,0.5,0.9,10.1,34.5,73233,77997,27615,8.0,2.0,8.0,5.2,12.4,18.8,13.5,20.6,7.8,3.7,12.1,11.5,29.7,0.3,32.9,49.2,17.6,75.8,24.2,1500,4.7,91.6,1281,93.4,6.6,3736,40.3,19.8,18.7,12.8,15.8,2024,25.5,70.1,1.2,26.4
12086010026,Census Tract 100.26; Miami-Dade County; Florida,58.6,2.5,81.8,0.0,0.0,11.5,28.0,39953,46007,21981,11.1,1.4,10.1,10.1,37.4,16.5,5.3,6.8,0.0,1.4,33.5,38.4,26.4,5.5,69.5,23.0,2.0,63.9,36.1,1782,2.1,91.8,706,98.6,1.4,1964,53.6,17.1,33.0,6.2,31.1,2024,66.2,33.8,0.0,59.2
12086010193,Census Tract 101.93; Miami-Dade County; Florida,62.3,2.7,77.8,0.0,0.0,13.1,33.6,132793,135623,41173,1.7,1.9,7.1,1.9,6.8,11.9,6.1,27.2,23.1,12.3,8.2,5.0,4.1,0.5,15.5,47.3,36.7,83.4,16.6,2750,0.0,52.1,1530,98.2,1.8,5080,42.6,21.7,18.6,31.9,51.4,2024,82.1,4.1,2.8,53.4
12086010198,Census Tract 101.98; Miami-Dade County; Florida,61.1,4.1,59.0,1.9,0.0,25.5,40.0,146293,162075,45961,4.3,1.9,2.1,1.6,8.5,4.2,4.1,30.5,22.0,20.7,6.3,9.5,4.0,0.0,24.5,37.7,37.7,91.2,8.8,-666666666,0.0,42.0,1146,99.0,1.0,4172,38.0,28.5,13.4,20.5,42.2,2024,64.9,11.3,11.5,36.0
12086010201,Census Tract 102.01; Miami-Dade County; Florida,55.6,3.1,64.6,2.6,0.0,18.2,44.7,118561,131752,41867,1.3,1.7,1.9,0.9,9.9,13.8,12.6,29.7,12.6,15.6,5.5,10.3,11.3,3.0,20.9,37.1,39.1,97.7,2.3,-666666666,0.0,100.0,1352,100.0,0.0,4373,49.5,15.7,21.6,24.7,52.6,2024,74.8,11.0,2.4,45.0
12086010205,Census Tract 102.05; Miami-Dade County; Florida,53.7,4.4,72.4,3.8,0.0,10.0,34.4,60701,75817,25206,1.7,3.6,10.9,12.5,15.2,14.1,12.1,19.2,5.3,5.5,7.9,25.3,4.6,6.2,21.9,37.7,34.2,88.0,12.0,329,13.0,10.2,1421,96.5,3.5,4571,46.9,16.8,25.8,18.3,47.8,2024,74.4,15.6,0.1,50.1
12086010207,Census Tract 102.07; Miami-Dade County; Florida,53.3,9.9,60.4,4.5,2.3,8.0,36.3,38229,49450,20525,11.6,7.7,19.6,5.5,17.4,15.8,16.3,4.6,0.0,1.5,28.6,34.2,18.8,19.5,42.0,34.6,3.9,4.8,95.2,1476,8.5,53.2,2031,89.0,11.0,4551,45.2,20.0,21.2,14.7,48.3,2024,74.7,17.7,0.3,58.7
12086010208,Census Tract 102.08; Miami-Dade County; Florida,60.6,5.4,89.0,4.3,0.0,2.9,33.0,53871,64239,22980,4.2,14.2,8.5,3.8,17.9,20.8,4.4,19.2,4.2,2.6,20.1,39.1,19.6,15.3,37.3,24.3,23.1,29.1,70.9,1516,15.1,45.6,1765,94.8,5.2,4844,40.0,21.5,17.4,4.1,58.4,2024,77.6,18.0,1.0,62.7
12086010209,Census Tract 102.09; Miami-Dade County; Florida,55.7,7.9,76.0,0.9,0.0,12.1,36.8,77406,96456,27343,3.3,2.1,3.8,9.7,13.7,14.5,12.0,27.7,5.4,7.8,12.9,29.7,17.0,6.5,11.2,50.0,32.3,79.2,20.8,2035,23.5,62.3,1804,99.0,1.0,6718,42.0,18.6,11.9,14.1,49.5,2024,68.5,24.2,0.0,53.7
12086010211,Census Tract 102.11; Miami-Dade County; Florida,63.5,9.1,79.0,0.0,0.0,7.4,36.8,66419,73970,25533,2.3,2.8,5.8,9.5,13.5,28.6,12.3,20.6,3.7,0.8,16.7,38.4,17.9,1.4,33.7,40.8,24.1,75.3,24.7,2309,0.0,76.2,1453,100.0,0.0,4274,44.8,20.4,15.9,20.1,64.5,2024,87.8,6.3,0.0,60.7
12086010212,Census Tract 102.12; Miami-Dade County; Florida,71.3,2.2,85.5,0.3,0.6,9.6,31.6,133365,154709,40947,3.0,1.5,3.7,0.0,10.0,7.7,11.5,30.9,5.0,26.7,6.5,6.7,6.5,2.2,18.4,28.1,51.3,93.8,6.2,-666666666,0.0,34.0,903,95.3,4.7,3382,40.9,25.2,10.6,23.6,56.2,2024,75.2,11.3,2.9,32.0
12086010213,Census Tract 102.13; Miami-Dade County; Florida,49.1,7.9,77.4,2.2,0.0,0.0,28.8,50337,63600,19294,13.0,8.3,19.6,2.7,6.2,13.6,11.4,16.6,4.1,4.6,27.1,55.6,18.4,13.6,21.7,33.8,30.9,59.1,40.9,1731,7.2,57.8,1501,97.3,2.7,5189,38.1,18.3,19.3,17.8,37.7,2024,60.1,30.9,2.0,48.6
12086010214,Census Tract 102.14; Miami-Dade County; Florida,58.8,2.8,77.7,0.0,0.0,13.1,38.4,75664,95733,31251,4.9,8.4,5.5,10.5,7.4,12.1,13.6,12.6,12.6,12.3,10.9,29.5,7.2,6.2,34.4,23.6,35.9,69.8,30.2,1287,23.2,52.5,734,97.1,2.9,2275,41.8,26.5,15.2,21.4,41.0,2024,58.5,15.9,11.0,53.7
12086010301,Census Tract 103.01; Miami-Dade County; Florida,55.2,6.4,81.0,1.1,0.7,2.5,33.2,126705,124607,34843,2.9,1.0,7.9,9.3,12.6,9.4,3.1,13.0,18.6,22.2,18.3,29.9,20.9,1.2,26.3,32.0,40.6,65.2,34.8,1477,0.0,77.0,1056,96.9,3.1,3629,34.0,23.8,16.1,49.8,40.7,2024,61.6,3.5,0.4,41.7
12086010302,Census Tract 103.02; Miami-Dade County; Florida,55.6,4.0,92.7,0.0,0.0,1.9,50.6,87578,110054,32103,0.9,1.1,6.8,5.9,10.2,21.3,7.8,20.4,4.7,20.8,6.3,28.3,20.2,0.9,25.9,27.3,46.0,84.1,15.9,1815,0.0,23.4,844,95.1,4.9,2787,46.7,18.3,16.7,25.3,53.6,2024,86.9,0.0,0.0,61.5
12086010303,Census Tract 103.03; Miami-Dade County; Florida,48.8,5.7,62.1,1.7,0.7,10.3,34.6,94107,122599,39598,6.8,4.7,1.5,7.1,1.8,17.8,13.2,12.7,16.6,17.9,14.0,7.8,15.5,0.0,25.5,40.8,33.7,79.3,20.7,-666666666,0.0,32.0,1232,94.2,5.8,3690,45.6,15.9,21.0,39.5,46.8,2024,58.0,6.4,1.9,28.6
12086010400,Census Tract 104; Miami-Dade County; Florida,70.0,1.7,80.7,5.6,0.3,5.7,40.8,66786,93851,30949,4.4,4.8,3.8,9.2,6.4,23.2,10.5,20.2,5.7,11.8,7.8,34.8,14.4,2.4,38.6,40.9,18.1,60.0,40.0,1618,22.5,65.3,2129,95.1,4.9,6477,39.0,25.6,14.1,29.2,49.7,2024,69.0,13.9,0.0,41.3
12086010501,Census Tract 105.01; Miami-Dade County; Florida,53.9,10.5,72.0,5.0,0.5,6.2,33.1,47482,72449,23493,4.6,11.9,10.5,6.4,18.9,13.7,11.7,13.2,2.7,6.6,20.4,45.1,15.1,18.2,30.9,37.1,13.8,43.1,56.9,1168,20.0,46.5,2203,94.1,5.9,6982,35.5,28.0,14.1,11.0,34.6,2024,44.9,48.4,0.0,38.1
12086010502,Census Tract 105.02; Miami-Dade County; Florida,68.7,5.0,65.5,3.5,0.8,22.2,42.5,98630,112783,30515,1.2,1.5,1.1,4.7,1.9,28.1,12.6,27.9,5.5,15.4,14.0,14.7,13.3,1.4,18.4,53.7,26.5,74.8,25.2,1750,0.0,33.0,3505,97.3,2.7,13172,29.2,32.5,5.5,29.1,48.2,2024,66.9,19.0,0.0,38.7
12086010604,Census Tract 106.04; Miami-Dade County; Florida,69.2,7.8,67.1,1.3,0.9,19.8,38.1,114906,126927,41368,6.4,0.4,0.0,6.0,5.4,10.3,11.2,26.4,15.9,17.9,4.6,10.7,10.6,3.2,11.8,44.6,40.5,85.8,14.2,2675,30.4,42.5,1540,94.9,5.1,4652,37.9,21.0,17.4,50.2,39.2,2024,53.6,2.0,1.8,31.4
12086010608,Census Tract 106.08; Miami-Dade County; Florida,61.0,4.6,73.9,2.0,0.2,15.1,38.3,82358,100690,31660,0.4,1.9,3.2,4.4,20.5,13.6,19.1,13.9,13.1,10.0,9.7,25.4,10.7,2.4,25.7,40.5,31.4,76.9,23.1,2184,7.5,61.0,1738,99.4,0.6,5771,40.1,22.6,13.1,39.8,41.4,2024,67.6,5.3,0.0,45.6
12086010609,Census Tract 106.09; Miami-Dade County; Florida,60.6,1.3,85.8,0.3,0.0,2.2,29.3,47569,57024,20814,5.8,5.0,13.7,17.3,13.1,23.6,6.7,10.0,3.3,1.5,25.3,39.3,12.9,11.0,41.9,35.1,12.0,27.2,72.8,1441,7.2,57.4,2265,95.4,4.6,6304,32.8,21.3,13.8,26.4,57.1,2024,79.1,5.9,2.9,51.6
12086010610,Census Tract 106.10; Miami-Dade County; Florida,49.7,5.2,65.1,0.6,0.0,25.5,33.4,110491,131694,42101,3.1,8.6,4.8,3.6,1.3,16.7,9.4,19.4,9.9,23.2,4.6,20.5,6.0,12.1,25.5,37.4,25.0,75.7,24.3,291,3.8,36.1,1577,85.2,14.8,4327,48.3,21.0,31.4,41.3,39.0,2024,50.3,13.1,2.5,39.6
12086010613,Census Tract 106.13; Miami-Dade County; Florida,62.9,4.3,62.9,0.0,0.6,19.6,40.3,61913,86548,34912,2.0,8.9,0.2,18.3,11.9,14.5,4.7,27.5,6.2,5.8,14.3,23.9,10.2,4.1,41.2,44.4,10.2,39.5,60.5,1711,9.1,50.5,2425,96.8,3.2,6087,46.9,16.5,22.2,31.4,53.3,2024,67.1,4.7,0.0,44.3
12086010618,Census Tract 106.18; Miami-Dade County; Florida,73.0,4.3,76.6,1.7,0.0,10.9,36.2,109625,134610,40518,0.8,0.8,6.2,2.0,9.1,13.3,11.4,30.7,10.0,15.8,6.2,15.7,2.9,6.5,11.5,52.9,29.2,76.4,23.6,2939,5.1,68.3,1379,96.6,3.4,4543,36.5,27.6,9.7,34.8,38.0,2024,70.7,13.3,2.2,39.4
12086010619,Census Tract 106.19; Miami-Dade County; Florida,63.5,1.3,74.6,0.0,0.0,11.4,36.8,87847,114214,40035,0.0,0.0,0.0,9.6,13.2,20.8,16.6,12.4,14.3,13.2,1.2,17.6,6.4,1.3,28.3,41.8,28.7,80.8,19.2,2572,0.0,82.1,845,92.9,7.1,2469,43.0,21.7,16.6,27.2,42.9,2024,65.4,11.1,6.0,56.4
12086010620,Census Tract 106.20; Miami-Dade County; Florida,67.3,8.0,76.4,0.7,0.0,16.5,39.5,120581,132707,42754,0.0,0.0,0.5,6.4,14.3,8.4,3.6,23.4,28.6,14.7,0.8,12.2,9.6,0.9,18.2,38.6,42.3,84.3,15.7,3501,15.9,64.3,1004,99.4,0.6,3160,40.2,25.1,15.3,30.1,58.0,2024,66.3,3.3,0.5,36.5
12086010621,Census Tract 106.21; Miami-Dade County; Florida,67.8,5.2,60.1,1.7,2.4,18.9,40.3,83816,105851,31720,4.0,1.1,5.2,12.9,7.3,15.3,17.8,18.0,6.2,12.4,12.4,19.9,13.9,0.0,27.1,41.9,31.0,69.9,30.1,2349,0.0,89.7,1514,100.0,0.0,5182,36.2,25.0,6.0,31.4,51.8,2024,82.6,8.9,0.4,51.8
12086010622,Census Tract 106.22; Miami-Dade County; Florida,56.7,6.3,82.1,2.9,2.6,1.6,31.3,70000,78635,24004,0.0,3.9,1.5,11.5,18.7,21.1,15.9,14.6,12.7,0.0,14.7,36.2,13.3,7.8,28.0,50.4,13.8,50.3,49.7,1617,14.4,35.5,1465,93.7,6.3,4611,33.8,33.0,12.7,15.1,35.6,2024,53.5,45.7,0.0,33.8
12086010623,Census Tract 106.23; Miami-Dade County; Florida,52.7,6.9,72.6,1.7,0.0,5.8,35.7,74652,96602,31535,3.5,0.0,2.6,5.1,12.0,27.6,22.3,8.1,10.2,8.5,19.8,32.2,20.8,5.6,23.3,42.5,28.5,73.3,26.7,1843,15.5,45.6,1045,95.2,4.8,3161,47.0,18.8,19.1,52.9,32.8,2024,57.1,5.5,0.0,40.6
12086010624,Census Tract 106.24; Miami-Dade County; Florida,61.0,6.1,65.8,1.9,0.0,20.7,43.6,80093,115980,37405,3.5,3.1,7.7,0.0,9.5,23.3,13.0,17.6,2.5,19.8,10.8,26.4,10.8,6.1,27.8,41.8,24.3,90.0,10.0,2826,0.0,83.9,1017,100.0,0.0,3276,44.6,18.7,20.5,31.3,47.0,2024,67.7,4.8,6.4,49.6
12086010625,Census Tract 106.25; Miami-Dade County; Florida,69.9,1.7,75.8,1.4,0.0,16.3,38.0,98381,110320,35254,7.3,1.9,0.0,7.1,8.4,14.5,15.6,24.9,10.3,9.9,12.4,8.1,18.7,0.9,32.4,51.4,15.3,59.0,41.0,2331,18.8,51.0,1769,100.0,0.0,5647,32.7,30.4,4.9,22.8,47.7,2024,63.8,20.4,0.0,37.7
12086010626,Census Tract 106.26; Miami-Dade County; Florida,73.4,6.6,72.0,0.5,0.0,11.9,39.7,84821,99739,32757,0.0,3.6,2.2,10.1,19.1,4.9,14.8,16.2,22.6,6.4,4.7,26.2,9.0,5.9,34.3,38.5,21.3,46.2,53.8,1731,0.0,70.9,1390,97.4,2.6,4309,34.1,30.1,8.2,22.3,59.8,2024,75.8,11.0,1.9,45.5
12086010705,Census Tract 107.05; Miami-Dade County; Florida,67.1,2.0,76.1,0.0,0.5,10.0,34.0,64077,111604,34709,5.2,0.6,1.8,7.3,16.0,23.0,10.5,19.2,3.1,13.3,16.8,17.8,30.6,0.5,23.2,46.4,30.0,78.9,21.1,2017,17.3,79.9,1723,97.0,3.0,5745,33.8,19.1,6.6,29.9,42.5,2024,79.8,12.7,0.0,53.8
12086010706,Census Tract 107.06; Miami-Dade County; Florida,69.4,6.1,68.4,1.7,1.3,9.1,33.4,92519,104325,29574,1.0,3.6,5.3,3.3,12.7,17.7,12.5,25.0,12.8,6.1,6.8,15.8,20.5,8.2,21.1,45.1,25.5,47.6,52.4,857,0.0,45.0,1096,97.5,2.5,3963,36.4,26.2,8.0,28.2,46.7,2024,87.1,8.3,0.0,54.5
12086010707,Census Tract 107.07; Miami-Dade County; Florida,60.3,3.2,84.7,0.0,0.0,3.1,33.9,67708,93884,24023,5.5,2.3,10.7,11.8,4.3,16.6,8.6,19.7,14.1,6.5,20.0,39.0,12.8,3.5,21.8,30.5,44.2,77.1,22.9,1063,0.0,59.0,1067,95.6,4.4,4381,34.5,25.6,8.7,23.0,41.3,2024,46.4,31.5,0.0,31.7
12086010708,Census Tract 107.08; Miami-Dade County; Florida,56.6,7.6,67.4,1.8,0.0,9.3,39.8,59849,75670,23574,8.0,3.2,2.7,10.6,8.8,25.6,9.7,22.6,8.8,0.0,15.4,32.7,17.4,10.4,22.3,36.4,30.8,67.9,32.1,1192,9.1,78.3,1700,97.8,2.2,5726,36.0,27.5,13.4,20.1,38.7,2024,70.5,20.3,0.0,50.3
12086010709,Census Tract 107.09; Miami-Dade County; Florida,64.4,4.4,69.6,2.6,0.0,9.3,43.3,86873,102184,31063,1.7,0.0,0.7,0.8,11.1,12.1,31.8,25.3,10.8,5.7,3.6,7.9,13.4,1.0,24.8,56.8,17.4,91.1,8.9,1778,7.5,87.0,1811,98.4,1.6,5974,33.1,28.3,6.9,28.9,51.9,2024,65.1,6.8,3.0,44.1
12086010710,Census Tract 107.10; Miami-Dade County; Florida,72.4,4.4,72.2,0.0,0.0,10.9,39.4,72022,87717,32088,0.7,0.0,16.9,6.1,7.7,18.9,18.1,23.5,2.0,6.1,1.1,25.7,11.3,5.0,28.7,29.9,36.4,66.0,34.0,1458,0.0,50.3,2302,97.6,2.4,6482,43.2,18.4,12.8,28.4,60.0,2024,86.7,6.8,0.0,50.9
12086010803,Census Tract 108.03; Miami-Dade County; Florida,73.2,5.8,77.0,0.5,0.9,5.0,31.6,65170,70522,23028,9.8,4.5,0.0,17.5,9.1,16.8,15.1,21.6,5.6,0.0,25.8,37.4,20.9,18.5,29.0,40.4,12.1,15.5,84.5,1751,6.2,46.7,1687,91.6,8.4,4850,29.4,33.4,6.3,26.7,30.2,2024,57.9,34.7,0.5,40.6
12086010804,Census Tract 108.04; Miami-Dade County; Florida,56.5,10.6,63.7,4.6,0.0,20.1,32.7,45510,76015,25781,3.9,2.2,18.3,20.5,8.0,7.8,15.2,16.0,3.6,4.6,33.1,27.4,22.2,14.3,44.3,26.8,14.6,19.7,80.3,1661,0.0,64.3,2924,93.0,7.0,8140,31.2,28.5,8.2,29.3,41.6,2024,73.4,13.6,0.7,57.3
12086010805,Census Tract 108.05; Miami-Dade County; Florida,54.2,7.2,77.2,1.8,0.0,8.7,30.9,36427,53375,18052,8.0,5.1,7.1,19.4,29.5,7.7,13.2,6.1,0.4,3.5,29.7,49.2,15.8,9.1,48.9,29.2,12.8,25.5,74.5,1759,2.9,72.7,2122,94.9,5.1,6205,27.1,30.3,8.4,48.3,28.0,2024,75.1,15.3,0.9,36.1
12086010806,Census Tract 108.06; Miami-Dade County; Florida,55.3,9.4,69.8,2.2,0.0,11.9,34.6,67361,75679,23839,9.2,2.1,3.8,18.0,9.7,15.3,21.0,8.9,5.7,6.4,27.7,28.0,15.1,8.5,22.9,41.3,27.3,53.8,46.2,1989,12.2,55.0,1397,98.0,2.0,4519,37.9,28.2,9.4,25.7,31.2,2024,64.4,28.9,0.8,43.4
12086010900,Census Tract 109; Miami-Dade County; Florida,51.2,5.8,84.4,2.8,0.0,2.1,34.2,33629,50344,18222,11.1,8.8,13.7,26.5,10.5,5.0,11.1,7.7,3.5,2.1,33.9,53.0,20.9,8.3,45.5,34.2,12.0,15.0,85.0,1536,8.7,61.8,2405,95.1,4.9,6730,33.4,30.6,11.3,36.4,40.1,2024,82.8,12.2,0.0,49.8
12086011003,Census Tract 110.03; Miami-Dade County; Florida,64.1,0.1,68.8,1.0,0.5,7.1,30.9,83720,86043,22718,3.7,1.6,9.9,6.3,6.0,11.9,26.0,22.7,9.0,2.9,6.6,39.9,34.7,2.0,25.8,35.5,36.8,72.7,27.3,2243,12.5,21.5,1293,94.9,5.1,5065,35.5,22.7,11.0,41.9,49.0,2024,94.2,3.9,0.0,50.8
12086011008,Census Tract 110.08; Miami-Dade County; Florida,65.7,3.6,84.8,3.2,0.0,3.8,42.2,93289,100837,30023,1.0,1.9,1.5,0.5,10.8,22.6,19.6,29.0,10.5,2.6,5.5,25.5,9.1,0.5,13.5,62.4,23.6,74.5,25.5,2302,0.0,54.5,1479,97.9,2.1,5165,34.7,31.0,9.7,26.4,41.8,2024,69.3,23.1,0.0,36.4
12086011009,Census Tract 110.09; Miami-Dade County; Florida,58.7,5.6,84.0,2.5,0.2,6.9,34.2,79750,97496,28843,3.8,1.6,2.2,4.0,5.6,29.1,14.2,25.3,4.3,9.9,7.2,15.9,10.4,5.1,21.9,54.4,18.6,62.0,38.0,2140,3.5,48.6,2333,97.6,2.4,7849,33.9,26.7,6.3,41.8,31.0,2024,59.8,14.9,0.8,33.2
12086011010,Census Tract 110.10; Miami-Dade County; Florida,56.2,9.3,79.1,5.6,3.1,0.6,29.0,45256,48850,18997,10.3,12.5,12.6,6.8,18.4,17.4,9.2,9.6,2.8,0.3,19.2,42.5,17.2,26.5,28.8,28.5,16.2,7.2,92.8,1362,21.5,45.4,1921,92.3,7.7,4772,34.2,22.8,16.2,35.0,23.8,2024,60.7,35.3,0.0,46.2
12086011011,Census Tract 110.11; Miami-Dade County; Florida,60.7,4.3,85.2,2.6,0.0,4.7,35.0,50772,59180,21168,7.1,3.5,9.9,9.5,18.0,19.2,19.9,8.7,2.5,1.8,22.6,27.5,16.3,3.3,42.0,33.0,21.8,51.3,48.7,1232,17.3,40.0,1377,97.8,2.2,3956,39.2,26.8,11.8,33.6,37.7,2024,80.1,19.9,0.0,60.5
12086011012,Census Tract 110.12; Miami-Dade County; Florida,57.3,6.4,88.5,1.9,0.0,4.1,37.2,55600,83205,25724,14.6,1.6,4.9,11.6,9.7,17.8,10.6,11.3,4.8,13.0,16.7,34.6,21.6,3.4,25.7,31.9,39.0,83.9,16.1,2442,0.0,74.0,670,100.0,0.0,2362,37.2,22.1,18.9,26.5,52.5,2024,81.0,7.8,0.5,46.2
12086011013,Census Tract 110.13; Miami-Dade County; Florida,67.2,0.9,56.5,0.5,1.7,24.9,40.4,63281,68370,18655,2.6,9.8,8.5,6.6,16.9,26.0,10.8,12.8,2.3,3.7,24.6,25.1,12.8,3.4,21.9,47.0,27.7,76.5,23.5,2313,0.0,84.4,1033,90.9,9.1,3562,32.0,31.3,4.2,29.1,56.8,2024,90.4,6.1,0.0,55.1
12086011014,Census Tract 110.14; Miami-Dade County; Florida,61.9,8.0,72.6,0.0,0.0,12.3,32.4,101484,107557,34913,0.7,7.7,3.9,4.4,12.7,4.3,14.6,31.3,8.5,12.0,9.8,17.2,8.5,7.4,29.2,46.3,17.2,70.0,30.0,2147,4.8,49.7,1662,96.5,3.5,5114,34.5,29.5,10.9,43.1,37.6,2024,68.2,10.9,0.8,34.6
12086011015,Census Tract 110.15; Miami-Dade County; Florida,71.8,2.8,73.0,5.1,0.4,13.5,38.2,99074,108438,32664,0.7,0.0,2.4,5.4,5.7,17.1,19.0,28.8,11.8,9.1,2.7,10.3,4.4,0.0,27.6,48.6,23.8,89.0,11.0,2438,8.8,57.6,3215,92.8,7.2,9944,29.7,34.3,7.6,24.2,35.1,2024,54.2,30.1,0.6,37.6
12086011103,Census Tract 111.03; Miami-Dade County; Florida,68.1,3.4,77.3,0.7,0.0,11.4,32.9,42260,51180,16061,3.9,3.2,6.9,15.0,28.7,17.2,21.5,3.7,0.0,0.0,15.3,39.5,8.1,0.0,35.9,51.4,12.7,37.5,62.5,1616,2.5,84.8,1121,91.8,8.2,3449,27.9,34.3,8.4,57.2,17.3,2024,80.4,15.6,0.0,42.7
12086011104,Census Tract 111.04; Miami-Dade County; Florida,61.6,0.0,56.3,2.3,0.7,8.3,32.7,36635,49719,15601,11.6,3.7,19.2,13.3,10.4,14.6,20.1,2.9,4.1,0.0,27.2,42.7,47.7,25.8,31.0,34.8,8.4,18.0,82.0,1347,0.5,51.4,1609,97.8,2.2,5559,27.8,32.3,6.9,16.2,39.7,2024,85.7,9.2,2.9,57.5
12086011105,Census Tract 111.05; Miami-Dade County; Florida,63.1,1.5,77.3,0.6,0.0,8.5,30.4,104083,121590,35942,6.6,0.0,6.3,3.1,5.4,19.0,8.2,20.3,11.3,19.7,7.1,13.6,16.8,3.8,19.8,27.4,49.0,75.7,24.3,1770,24.5,49.0,1275,97.6,2.4,4346,35.9,22.0,10.4,61.0,32.3,2024,76.1,3.7,0.6,42.9
12086011106,Census Tract 111.06; Miami-Dade County; Florida,67.8,0.0,86.8,0.0,0.0,6.6,33.8,74609,91067,24054,1.0,2.5,19.2,8.1,4.3,15.2,16.8,5.2,17.6,10.1,27.0,35.4,25.1,7.7,34.6,33.0,24.7,69.2,30.8,1688,15.1,84.9,1163,92.4,7.6,4312,31.9,34.3,8.6,17.1,42.9,2024,67.6,10.3,6.7,28.4
12086011203,Census Tract 112.03; Miami-Dade County; Florida,63.2,0.0,67.2,0.0,0.7,3.4,35.9,31231,58020,15075,4.8,3.4,34.5,12.8,15.5,8.2,5.8,7.1,4.5,3.5,59.0,34.1,46.0,10.0,44.5,23.1,22.4,31.9,68.1,1640,6.2,73.1,1799,89.9,10.1,6638,27.1,39.4,6.7,54.8,25.5,2024,91.6,3.4,0.0,51.3
12086011204,Census Tract 112.04; Miami-Dade County; Florida,69.3,2.2,74.6,0.0,2.3,9.4,27.7,120503,114520,35866,0.0,0.0,7.5,5.0,16.2,4.9,11.8,26.1,13.9,14.7,7.0,6.6,7.1,3.1,20.5,34.7,41.8,92.8,7.2,2146,0.0,25.5,655,100.0,0.0,2104,38.8,26.0,13.1,54.8,21.4,2024,68.7,10.2,0.0,24.5
12086011205,Census Tract 112.05; Miami-Dade County; Florida,55.2,3.6,71.3,0.0,0.0,2.6,35.0,62050,70968,20915,5.5,3.9,9.9,3.7,12.8,29.7,10.0,15.4,7.8,1.3,16.8,30.7,27.2,4.7,23.8,41.9,29.5,67.8,32.2,1000,11.2,42.4,1217,91.0,9.0,4103,32.3,25.2,8.7,33.6,36.6,2024,49.4,26.4,0.0,39.1
12086011206,Census Tract 112.06; Miami-Dade County; Florida,62.8,1.1,74.7,0.0,0.4,10.1,32.4,96065,107456,27400,0.0,0.0,9.3,1.9,10.4,16.6,13.7,29.4,12.0,6.7,18.3,18.3,22.3,2.6,15.7,40.9,40.9,83.7,16.3,-666666666,9.7,73.9,938,90.5,9.5,3407,35.3,30.1,14.4,45.2,46.2,2024,80.9,1.2,1.8,34.5
12086011301,Census Tract 113.01; Miami-Dade County; Florida,53.1,9.2,49.6,0.4,2.6,2.4,52.7,-666666666,45453,14524,32.2,7.8,7.6,5.4,8.9,12.7,10.9,12.5,2.1,0.0,40.8,51.5,38.5,13.8,56.7,18.0,11.5,13.3,86.7,1192,2.8,67.7,1564,95.5,4.5,4562,27.6,28.6,2.5,24.6,33.9,2024,64.5,34.1,0.0,44.2
12086011302,Census Tract 113.02; Miami-Dade County; Florida,46.9,7.9,56.6,4.7,1.5,8.9,33.9,29016,39375,14659,22.9,10.3,11.6,20.3,6.9,12.9,6.8,4.1,4.2,0.0,42.5,39.6,32.5,29.0,45.3,14.8,11.0,17.8,82.2,1214,11.3,69.1,2041,96.4,3.6,5784,29.9,31.0,9.4,18.5,36.7,2024,63.1,31.3,0.0,42.0
12086011405,Census Tract 114.05; Miami-Dade County; Florida,45.0,2.7,71.5,11.9,0.0,5.4,36.4,-666666666,77778,25561,6.0,13.9,20.7,9.8,0.6,12.9,5.5,9.6,7.7,13.3,38.3,51.0,26.6,8.7,48.7,24.0,18.6,35.2,64.8,1097,14.0,34.1,1251,93.4,6.6,3593,28.6,29.4,21.2,19.3,17.0,2024,46.6,50.5,0.0,39.7
12086011406,Census Tract 114.06; Miami-Dade County; Florida,46.8,4.3,78.9,3.8,0.0,3.3,40.4,44821,58715,20081,21.5,8.9,4.7,10.7,5.4,17.0,9.1,12.1,5.4,5.2,25.8,25.9,32.4,11.0,31.5,36.6,20.9,58.1,41.9,1336,0.0,68.3,1130,96.1,3.9,3365,35.9,29.2,11.4,33.0,28.5,2024,74.0,17.7,0.4,45.9
12086011407,Census Tract 114.07; Miami-Dade County; Florida,57.0,3.4,68.8,0.2,0.9,17.7,34.7,75066,74780,20185,4.8,3.0,11.1,7.4,15.9,7.7,25.4,9.9,12.6,2.1,17.4,32.5,17.4,2.1,25.6,53.5,18.8,56.0,44.0,1973,5.4,70.0,1103,91.3,8.7,4009,31.7,35.4,11.0,40.2,19.7,2024,59.5,23.1,0.0,34.9
12086011408,Census Tract 114.08; Miami-Dade County; Florida,22.8,4.8,77.3,1.3,2.4,0.0,21.8,38827,40906,6190,7.1,0.0,17.8,3.5,51.0,4.9,12.9,2.2,0.6,0.0,36.7,36.7,18.9,0.0,78.4,16.5,5.0,0.6,99.4,948,45.5,26.7,751,84.6,15.4,5236,32.2,32.5,7.6,17.7,58.2,2024,68.6,17.5,0.0,26.9
12086011409,Census Tract 114.09; Miami-Dade County; Florida,56.0,5.4,85.0,0.0,0.0,6.4,32.9,81024,88527,30478,8.3,1.3,9.5,7.5,8.1,5.3,29.0,17.3,10.7,3.2,22.5,9.5,21.7,4.3,38.7,41.3,15.7,52.5,47.5,1831,5.5,53.8,2475,93.4,6.6,6915,36.8,22.4,11.5,38.1,38.3,2024,66.3,9.5,1.9,38.2
12086011410,Census Tract 114.10; Miami-Dade County; Florida,64.1,3.9,80.9,0.6,0.0,10.5,32.0,82708,96166,31221,3.8,4.1,0.2,4.6,6.7,18.1,27.4,21.8,9.3,4.1,14.9,10.8,18.4,6.9,31.4,44.1,17.6,49.3,50.7,2330,15.6,36.5,1955,85.1,14.9,5308,30.1,35.1,5.3,32.7,38.7,2024,52.2,17.9,1.1,34.3
12086011411,Census Tract 114.11; Miami-Dade County; Florida,57.9,3.1,63.0,0.0,0.0,16.2,33.1,85068,98995,34828,0.8,4.2,1.0,3.8,7.9,31.5,14.2,11.7,22.2,2.7,5.9,5.5,1.1,0.0,26.3,59.7,14.0,72.3,27.7,2766,0.0,84.0,829,92.8,7.2,2380,37.8,28.7,11.4,25.0,56.4,2024,70.2,14.5,0.0,19.7
12086011412,Census Tract 114.12; Miami-Dade County; Florida,70.8,2.2,84.1,1.7,0.0,1.1,42.4,62182,78043,29965,1.5,3.3,4.2,2.9,11.2,49.0,7.8,15.4,0.5,4.2,12.2,22.6,9.3,0.7,35.4,57.9,6.0,33.7,66.3,1804,5.0,58.4,2712,89.2,10.8,6499,37.4,22.8,5.0,32.2,34.6,2024,63.2,23.1,0.6,36.0
12086011500,Census Tract 115; Miami-Dade County; Florida,60.9,2.1,67.2,0.0,0.8,20.3,39.1,109619,112423,38162,7.9,0.6,6.1,1.4,2.0,2.0,7.8,59.7,3.9,8.4,6.1,10.4,10.6,1.0,20.4,36.2,42.5,89.9,10.1,-666666666,21.1,33.3,2123,87.4,12.6,5483,40.8,24.9,15.0,32.5,50.7,2024,65.7,8.2,4.2,35.0
12086011601,Census Tract 116.01; Miami-Dade County; Florida,62.2,12.3,78.4,0.5,0.9,10.2,31.7,106115,116362,39136,7.0,0.0,4.7,5.5,4.7,6.6,13.8,24.9,18.7,14.1,12.8,19.6,21.0,6.0,44.4,33.0,16.5,67.2,32.8,2083,14.9,31.1,1198,96.7,3.3,3571,41.1,22.9,21.9,12.2,70.4,2024,85.7,5.1,1.5,65.6
12086011602,Census Tract 116.02; Miami-Dade County; Florida,79.8,3.5,75.7,1.7,0.0,7.5,30.7,95234,103934,38827,6.5,0.0,1.6,2.3,12.9,16.4,13.7,16.6,27.0,3.0,3.9,14.1,10.6,7.6,34.2,44.0,14.2,34.8,65.2,2243,9.4,49.1,1594,100.0,0.0,4410,38.3,22.0,8.3,8.0,61.2,2024,84.6,10.2,0.0,57.1
12086011701,Census Tract 117.01; Miami-Dade County; Florida,63.7,2.5,74.6,1.3,0.0,12.5,87.6,86186,102184,33297,1.3,0.0,2.2,3.5,5.7,13.2,41.5,8.2,20.3,4.0,3.2,7.2,22.5,2.8,7.0,54.9,35.2,96.8,3.2,-666666666,-666666666.0,-666666666.0,620,96.3,3.7,2000,53.3,13.6,20.8,16.1,57.5,2024,84.2,6.4,0.0,56.0
12086011702,Census Tract 117.02; Miami-Dade County; Florida,65.2,4.3,75.9,0.0,5.1,8.3,28.7,60433,64051,26360,8.8,4.0,9.3,6.1,13.0,27.8,14.9,11.3,3.2,1.6,12.0,31.8,14.1,12.5,37.6,39.4,10.5,18.0,82.0,1664,7.9,56.5,1834,97.6,2.4,4603,41.1,17.4,14.4,15.1,59.9,2024,88.0,5.5,0.7,64.1
12086011800,Census Tract 118; Miami-Dade County; Florida,59.3,4.3,83.8,1.6,2.5,5.4,36.1,87222,110116,33508,0.0,0.0,2.5,13.2,3.0,12.7,20.5,16.4,24.8,6.8,6.4,26.8,16.6,0.0,12.9,43.5,43.5,92.2,7.8,1894,0.0,17.6,1108,97.8,2.2,3603,46.0,13.2,21.4,26.2,49.7,2024,76.6,10.5,3.9,46.4
12086011900,Census Tract 119; Miami-Dade County; Florida,64.4,6.2,71.0,0.0,1.4,15.3,32.3,81964,122167,40156,3.8,3.1,3.5,6.0,6.3,18.1,13.5,17.4,12.2,16.0,13.0,15.2,12.9,2.7,20.3,37.5,39.5,74.7,25.3,2263,2.2,71.1,2095,96.0,4.0,6212,43.9,19.6,15.7,16.9,60.9,2024,84.6,8.5,0.0,53.7
12086012001,Census Tract 120.01; Miami-Dade County; Florida,70.6,5.2,74.8,0.0,0.0,13.4,34.2,55530,75081,29023,1.1,4.7,6.7,17.7,15.4,15.6,19.5,11.2,0.0,8.1,26.7,24.5,17.2,2.5,46.0,43.4,8.1,3.6,96.4,1900,10.8,61.6,1404,91.9,8.1,3413,35.7,19.4,6.2,12.9,55.9,2024,83.3,11.2,0.0,62.4
12086012002,Census Tract 120.02; Miami-Dade County; Florida,62.5,1.5,72.2,6.9,0.0,10.3,38.5,41955,57945,24038,0.0,1.6,4.1,32.1,17.4,16.9,16.0,9.3,0.8,1.7,14.2,37.8,8.7,12.9,56.2,27.8,3.1,13.3,86.7,1741,7.6,66.4,2529,89.1,10.9,5512,37.0,18.1,8.8,16.9,46.2,2024,93.5,3.4,0.0,69.5
12086012101,Census Tract 121.01; Miami-Dade County; Florida,80.7,0.7,80.1,0.0,0.0,5.9,30.8,74863,82721,36411,0.3,1.9,6.8,7.1,7.6,27.5,16.5,24.6,7.2,0.5,10.8,11.2,13.4,2.2,33.7,62.4,1.6,70.8,29.2,2231,16.4,50.4,1258,97.5,2.5,2809,42.1,16.7,11.3,15.6,67.4,2024,94.3,0.8,2.3,69.8
12086012102,Census Tract 121.02; Miami-Dade County; Florida,77.2,2.0,75.3,0.8,0.0,6.7,30.7,80764,92037,33674,4.8,4.7,3.0,2.9,7.2,20.7,25.6,12.7,13.8,4.6,11.4,18.1,18.8,4.4,15.2,67.6,12.9,27.3,72.7,1882,9.5,33.4,1916,98.3,1.7,5242,38.3,19.4,9.1,23.6,58.3,2024,83.9,3.6,0.0,67.7
12086012103,Census Tract 121.03; Miami-Dade County; Florida,70.1,8.2,83.8,0.0,0.0,12.8,37.7,82383,100111,38179,4.4,1.9,0.0,6.5,6.6,20.7,20.2,24.0,0.0,15.7,6.9,9.1,11.1,0.0,40.9,52.1,7.0,42.3,57.7,1956,22.8,43.6,1266,93.3,6.7,3374,40.5,22.6,6.3,12.7,54.8,2024,85.4,1.7,0.2,61.6
12086012104,Census Tract 121.04; Miami-Dade County; Florida,67.3,8.3,78.3,3.5,0.0,15.8,36.8,56902,71116,23665,4.4,0.0,5.1,8.8,21.6,26.7,8.1,21.4,0.7,3.0,12.6,31.5,18.3,0.9,35.6,49.0,14.5,55.4,44.6,1810,2.0,53.3,584,96.7,3.3,2009,32.6,32.7,9.9,31.9,35.6,2024,70.6,26.2,0.3,44.0
12086012105,Census Tract 121.05; Miami-Dade County; Florida,58.5,10.7,76.4,0.0,0.0,17.5,36.0,61667,80189,27395,9.0,9.6,1.7,2.9,18.6,13.2,7.2,24.1,13.3,0.4,17.1,26.2,6.4,8.2,24.2,47.8,19.8,55.1,44.9,1888,9.4,65.9,920,100.0,0.0,2696,39.5,25.0,9.4,23.3,62.5,2024,89.1,0.0,0.0,72.6
12086012200,Census Tract 122; Miami-Dade County; Florida,61.2,2.4,77.9,1.1,0.0,11.5,30.3,99438,110771,32748,3.4,1.3,1.2,7.3,7.0,16.7,13.4,25.2,11.3,13.2,10.4,14.2,9.1,1.0,13.7,51.7,33.5,88.2,11.8,2860,32.6,47.0,1560,98.7,1.3,5410,43.1,20.4,20.5,33.5,54.4,2024,90.8,0.0,0.0,49.7
12086012301,Census Tract 123.01; Miami-Dade County; Florida,68.0,2.9,73.3,2.4,0.0,13.8,34.7,83922,121133,36570,0.0,0.0,3.6,8.5,6.7,26.3,10.4,12.0,7.3,25.1,3.2,17.5,5.9,0.0,15.7,49.4,35.0,76.2,23.8,2583,0.0,70.2,741,100.0,0.0,2537,46.1,20.6,14.8,20.1,50.8,2024,83.0,6.5,1.2,49.3
12086012302,Census Tract 123.02; Miami-Dade County; Florida,66.7,4.5,75.4,0.4,0.0,12.2,33.2,86219,106778,32500,2.0,8.3,0.0,9.4,6.8,16.8,10.1,20.9,15.8,9.9,14.0,31.6,8.4,6.0,14.1,47.9,31.9,83.8,16.2,2722,7.8,84.0,1275,100.0,0.0,4471,42.0,21.2,15.8,19.2,67.2,2024,87.3,3.8,2.5,58.5
12086012401,Census Tract 124.01; Miami-Dade County; Florida,61.5,8.1,84.9,0.0,0.0,3.7,29.5,84855,96827,26118,2.6,0.3,2.4,4.3,7.2,25.6,11.7,25.9,17.3,2.7,9.4,29.7,15.1,0.0,33.8,17.2,49.0,79.1,20.9,2660,0.0,82.1,1354,100.0,0.0,5177,41.7,21.5,14.4,32.4,57.1,2024,89.0,0.4,0.0,53.6
12086012402,Census Tract 124.02; Miami-Dade County; Florida,72.4,2.0,74.6,0.0,0.0,15.5,36.8,143056,168279,50542,0.0,1.3,1.0,7.7,5.5,8.9,9.1,18.3,17.8,30.4,1.8,12.6,5.5,1.7,12.3,45.0,41.0,91.1,8.9,1457,0.0,30.2,942,100.0,0.0,3199,43.4,21.3,12.4,22.8,61.7,2024,86.6,0.0,2.3,45.5
12086012403,Census Tract 124.03; Miami-Dade County; Florida,70.8,3.3,59.5,0.8,0.0,19.6,33.5,133194,166036,53019,0.0,0.0,3.4,7.7,4.6,9.8,7.7,19.1,16.4,31.3,2.3,0.5,6.8,10.0,20.5,36.3,33.2,92.9,7.1,-666666666,0.0,47.5,560,100.0,0.0,1792,42.3,22.8,14.9,27.2,57.9,2024,79.1,9.1,2.7,47.4
12086012501,Census Tract 125.01; Miami-Dade County; Florida,56.9,4.9,74.4,0.0,0.0,11.0,30.4,61518,97099,33564,0.0,0.0,7.9,20.4,11.2,20.8,3.3,19.5,4.0,12.9,10.5,28.8,0.8,4.2,22.3,46.8,26.7,94.4,5.6,-666666666,0.0,84.2,573,100.0,0.0,1698,50.2,18.4,19.5,15.4,74.3,2024,95.7,0.0,1.0,68.6
12086012502,Census Tract 125.02; Miami-Dade County; Florida,57.7,1.8,81.5,0.9,0.0,10.7,32.7,82333,104403,31759,2.4,0.9,4.3,7.4,11.7,13.1,16.2,24.6,11.4,8.2,14.3,31.7,9.1,2.4,16.6,48.2,32.9,87.8,12.2,2015,13.6,71.4,1262,100.0,0.0,4215,47.7,13.6,20.7,11.5,81.3,2024,97.2,0.0,0.0,75.1
12086012601,Census Tract 126.01; Miami-Dade County; Florida,71.3,2.5,81.5,0.0,2.5,5.0,33.2,56848,70875,22656,0.0,0.0,8.4,5.7,17.5,40.8,9.6,7.5,9.1,1.4,14.0,29.7,3.1,1.0,17.3,62.0,19.7,52.7,47.3,2243,13.6,64.8,1032,100.0,0.0,3326,40.7,19.0,11.2,11.9,85.1,2024,98.1,0.0,0.3,65.1
12086012602,Census Tract 126.02; Miami-Dade County; Florida,62.3,3.6,87.9,0.9,1.2,6.9,35.3,93036,110308,30427,0.7,0.0,12.7,2.3,6.7,15.8,14.9,29.2,6.5,11.2,8.6,45.0,12.0,3.2,12.4,52.9,31.5,61.3,38.7,2164,17.5,21.1,1031,100.0,0.0,3781,42.9,21.1,14.5,6.9,80.4,2024,94.8,0.2,0.8,70.2
12086012701,Census Tract 127.01; Miami-Dade County; Florida,73.8,2.0,66.9,0.1,0.0,17.5,39.6,120566,140914,41148,1.9,1.5,5.8,1.2,4.5,7.4,13.7,26.0,16.1,21.8,7.0,6.2,6.2,3.2,19.5,47.7,29.6,73.6,26.4,2793,13.3,68.1,4312,97.2,2.8,14427,32.9,27.6,8.3,15.5,60.5,2024,85.9,3.6,4.5,58.4
12086012702,Census Tract 127.02; Miami-Dade County; Florida,58.7,2.8,69.9,0.0,0.0,11.6,34.1,139464,177397,56094,2.2,0.9,0.0,3.2,7.4,10.8,12.6,16.9,14.9,31.2,3.6,8.8,7.7,3.0,16.2,41.0,39.9,85.1,14.9,1824,0.0,66.5,1384,97.2,2.8,4419,49.3,19.6,22.0,18.7,66.8,2024,87.1,6.1,2.0,47.2
12086012801,Census Tract 128.01; Miami-Dade County; Florida,58.5,4.7,86.7,0.0,0.0,8.5,33.9,105137,113280,35421,6.1,1.6,2.8,5.8,8.0,11.3,14.1,22.1,16.4,11.8,6.9,17.8,5.2,0.0,25.8,31.2,43.0,95.0,5.0,-666666666,0.0,0.0,1355,98.5,1.5,4324,47.1,16.8,16.0,29.6,50.5,2024,95.1,0.5,0.6,49.0
12086012802,Census Tract 128.02; Miami-Dade County; Florida,71.5,1.6,74.4,0.0,0.0,15.3,29.9,107929,124237,44775,3.0,1.3,0.3,4.3,4.1,14.8,17.3,30.0,10.2,14.8,2.6,6.2,6.5,0.5,26.6,52.9,20.1,64.6,35.4,2856,17.1,45.1,1250,100.0,0.0,3461,39.6,27.4,14.2,27.8,59.1,2024,87.3,2.6,0.4,43.6
12086012900,Census Tract 129; Miami-Dade County; Florida,70.5,3.1,84.1,0.0,0.0,6.6,28.5,63500,67978,26033,5.8,5.1,6.9,16.1,9.4,20.1,20.8,6.1,8.1,1.6,16.5,36.1,12.0,1.6,35.3,38.7,24.4,49.5,50.5,2012,11.6,54.4,1641,94.8,5.2,4149,44.1,16.9,14.2,11.9,75.5,2024,97.5,0.0,0.0,80.0
12086013000,Census Tract 130; Miami-Dade County; Florida,60.1,3.5,74.8,0.0,0.4,12.8,28.8,70347,85393,28544,3.9,5.6,7.5,4.4,16.7,12.9,12.7,21.2,12.4,2.5,17.0,33.4,13.9,4.5,30.4,33.2,31.8,68.3,31.7,2249,0.0,60.6,1405,99.1,0.9,4388,49.5,13.3,20.6,17.2,71.2,2024,93.7,0.4,0.5,69.3
12086013100,Census Tract 131; Miami-Dade County; Florida,65.7,5.4,75.6,0.3,0.4,9.4,31.1,58258,73232,26598,6.6,3.1,8.4,8.6,18.2,12.6,11.6,19.6,9.6,1.6,18.5,39.0,8.5,1.3,31.6,51.5,15.6,42.7,57.3,1921,9.3,56.1,1783,99.0,1.0,4975,44.4,18.3,16.3,18.6,63.9,2024,97.7,0.2,0.0,71.0
12086013201,Census Tract 132.01; Miami-Dade County; Florida,62.4,3.1,89.7,0.0,0.0,5.3,37.2,100536,97226,33437,0.7,4.7,7.9,9.8,4.1,12.9,9.6,31.9,13.8,4.5,6.9,23.3,11.1,2.3,24.1,39.0,34.6,65.8,34.2,1949,5.8,31.1,713,98.9,1.1,2190,48.4,11.7,23.6,15.5,78.8,2024,97.1,0.0,0.0,75.8
12086013202,Census Tract 132.02; Miami-Dade County; Florida,58.5,3.0,88.6,1.3,0.0,3.4,28.9,92356,99427,30368,2.3,5.0,4.3,7.2,11.4,9.6,17.0,24.4,6.2,12.7,5.3,31.6,14.8,2.9,16.0,37.5,43.7,92.0,8.0,2632,0.0,42.3,984,98.5,1.5,3251,52.5,10.2,22.1,11.3,80.0,2024,98.4,0.1,0.0,71.2
12086013301,Census Tract 133.01; Miami-Dade County; Florida,66.5,2.8,76.6,0.3,0.0,18.5,33.6,69617,82371,29797,2.9,5.0,5.7,2.1,10.0,27.3,19.8,14.1,8.2,4.9,13.4,34.0,5.8,3.0,35.9,36.4,24.7,70.7,29.3,2271,15.3,64.4,953,97.7,2.3,2852,51.7,16.2,19.4,10.2,77.0,2024,97.9,0.6,0.0,73.2
12086013302,Census Tract 133.02; Miami-Dade County; Florida,68.1,2.0,82.4,0.0,0.5,6.7,26.8,70833,76328,23910,6.1,4.9,2.3,11.0,14.3,20.5,9.7,24.4,4.9,1.8,15.3,40.3,9.7,3.3,24.2,57.5,15.0,39.8,60.2,2125,6.3,54.6,1142,100.0,0.0,3776,38.8,30.0,14.9,15.6,65.2,2024,90.9,1.9,0.0,60.9
12086013400,Census Tract 134; Miami-Dade County; Florida,58.6,4.1,79.0,1.7,0.0,9.4,38.5,40250,66201,24197,7.1,10.3,12.6,10.8,13.8,12.2,8.8,16.2,3.4,4.8,21.3,40.2,14.8,6.8,43.4,30.4,19.4,66.8,33.2,1974,5.8,37.6,1740,96.0,4.0,4886,41.8,22.3,22.7,26.1,65.0,2024,91.5,0.0,0.0,67.5
12086013500,Census Tract 135; Miami-Dade County; Florida,54.6,4.0,73.1,0.5,0.3,9.0,31.1,50760,61364,20286,14.2,6.5,6.7,10.2,11.0,25.0,11.7,6.9,4.2,3.5,21.0,54.4,14.0,10.3,42.4,41.2,6.1,26.0,74.0,1951,8.0,59.0,1813,96.5,3.5,5444,43.4,18.3,13.9,24.1,60.1,2024,96.3,0.3,0.0,76.9
12086013600,Census Tract 136; Miami-Dade County; Florida,60.7,6.6,68.8,1.8,2.3,13.2,28.9,49247,66528,22944,2.2,7.4,10.7,16.3,14.6,19.0,13.3,9.9,2.4,4.3,14.1,53.2,14.2,8.7,36.0,33.9,21.4,36.0,64.0,1831,9.5,56.2,2044,97.2,2.8,6027,42.2,18.5,15.7,12.8,76.1,2024,99.0,0.0,0.5,79.5
12086013700,Census Tract 137; Miami-Dade County; Florida,56.6,6.8,74.6,0.0,0.9,10.6,27.8,50581,53352,20345,1.9,12.3,12.7,14.3,7.7,27.6,13.5,7.7,2.4,0.0,14.5,47.3,14.8,12.1,37.2,44.7,6.0,40.5,59.5,1730,10.7,61.8,2303,97.9,2.1,6284,41.6,19.2,19.7,15.5,72.9,2024,97.4,0.1,0.0,78.3
12086013801,Census Tract 138.01; Miami-Dade County; Florida,72.1,6.3,79.1,0.0,3.8,2.5,29.1,65833,69541,24648,5.5,3.2,14.2,3.3,11.1,21.8,11.5,24.0,4.5,1.0,15.0,20.3,12.8,4.5,32.9,37.6,25.0,60.8,39.2,2104,6.6,40.7,701,99.3,0.7,1987,39.4,13.9,7.6,9.3,67.3,2024,94.9,1.0,0.0,72.3
12086013802,Census Tract 138.02; Miami-Dade County; Florida,44.0,4.4,74.8,3.0,4.3,5.7,31.6,30177,106446,40052,3.9,7.2,5.3,42.7,3.6,11.0,13.7,4.5,3.1,5.0,28.0,65.6,19.7,5.1,66.4,24.4,4.1,16.7,83.3,1665,2.3,52.3,1723,98.8,1.2,4506,45.2,20.1,20.1,8.6,88.2,2024,100.0,0.0,0.0,83.1
12086013900,Census Tract 139; Miami-Dade County; Florida,67.9,2.7,82.8,2.1,0.4,6.9,32.8,76379,86186,29975,1.0,4.4,1.1,9.9,15.5,13.6,24.9,15.0,10.1,4.6,10.8,22.4,17.9,0.9,24.2,58.1,16.9,67.7,32.3,2222,18.5,63.7,1415,99.4,0.6,4115,49.0,17.6,16.9,15.8,72.7,2024,98.5,0.1,0.0,70.4
12086014100,Census Tract 141; Miami-Dade County; Florida,1.2,0.0,58.3,0.0,0.0,0.0,-999999999.0,-666666666,57763,6515,0.0,0.0,21.1,0.0,52.6,0.0,0.0,26.3,0.0,0.0,34.8,0.0,0.0,0.0,52.6,0.0,47.4,47.4,52.6,-666666666,-666666666.0,-666666666.0,19,100.0,0.0,2475,45.2,0.0,13.5,22.7,36.8,2024,45.0,35.1,0.4,31.8
12086014200,Census Tract 142; Miami-Dade County; Florida,59.3,1.7,84.7,2.4,0.3,4.7,29.8,117174,135947,45893,1.6,0.8,1.8,2.4,11.3,14.0,8.8,22.2,14.5,22.6,2.1,21.6,8.5,1.7,14.1,43.3,40.9,93.2,6.8,2771,0.0,56.6,1460,100.0,0.0,4322,52.0,10.9,28.4,22.4,68.2,2024,91.5,0.2,0.0,63.8
12086014300,Census Tract 143; Miami-Dade County; Florida,63.1,5.7,71.6,0.2,0.0,16.7,35.9,117208,132926,43570,10.3,0.6,6.2,1.0,5.7,12.1,8.8,22.1,14.7,18.5,9.5,11.8,8.4,1.2,23.9,43.7,31.2,87.3,12.7,2681,0.0,70.0,1169,98.3,1.7,3535,46.5,11.4,18.4,26.1,65.5,2024,88.8,0.2,0.7,58.0
12086014400,Census Tract 144; Miami-Dade County; Florida,66.8,2.6,81.6,0.8,0.0,11.9,33.7,80127,93828,32739,2.3,0.9,18.3,4.0,3.7,17.3,16.7,20.7,4.1,12.0,16.8,11.6,17.8,0.8,32.2,46.4,20.6,63.4,36.6,2310,3.3,83.0,1515,97.1,2.9,4407,38.1,19.2,15.5,15.1,76.1,2024,90.7,0.6,1.5,68.1
12086014500,Census Tract 145; Miami-Dade County; Florida,64.9,1.0,77.1,0.0,0.0,8.6,31.0,123140,165450,54146,1.2,4.1,1.5,6.9,2.0,10.9,9.4,28.3,11.4,24.3,4.6,12.7,6.7,2.1,21.2,36.7,40.0,92.5,7.5,2167,4.1,37.8,1375,94.7,5.3,4142,48.6,13.5,26.8,28.7,65.2,2024,86.9,0.1,3.6,62.3
12086014601,Census Tract 146.01; Miami-Dade County; Florida,62.3,0.5,91.5,1.0,0.6,2.8,25.1,47159,51711,25774,13.6,4.3,21.7,2.4,9.1,11.2,29.9,6.3,0.6,1.0,17.0,20.8,15.5,7.3,54.9,25.8,11.9,40.7,59.3,1734,6.4,61.8,1402,88.9,11.1,2728,43.6,14.8,24.6,28.2,59.4,2024,98.2,0.0,0.0,89.8
12086014602,Census Tract 146.02; Miami-Dade County; Florida,64.0,0.7,64.0,0.4,0.5,15.8,35.3,52228,85053,38965,4.2,0.7,4.7,11.1,27.8,11.7,11.0,14.6,5.0,9.0,9.4,16.6,3.8,3.8,62.8,21.6,11.9,59.1,40.9,2074,2.1,83.6,1503,95.7,4.3,3454,49.4,12.3,29.2,16.7,78.1,2024,95.4,0.1,0.0,77.5
12086014701,Census Tract 147.01; Miami-Dade County; Florida,65.5,0.0,73.2,0.7,0.0,3.9,35.8,53056,62757,24755,3.6,19.4,4.0,6.7,15.3,16.3,10.0,22.9,1.9,0.0,26.9,28.6,8.2,21.1,35.9,29.0,14.0,25.5,74.5,1819,10.0,70.6,893,97.6,2.4,2264,40.4,22.4,16.8,14.9,69.0,2024,93.3,1.6,0.0,70.7
12086014702,Census Tract 147.02; Miami-Dade County; Florida,66.9,3.9,78.1,0.5,0.0,13.9,34.9,85446,109786,40649,2.7,6.2,3.6,6.6,7.3,15.0,15.0,22.3,8.7,12.7,9.3,14.4,5.1,2.2,24.7,44.5,28.7,64.8,35.2,2028,0.0,61.5,1591,95.9,4.1,4207,50.2,10.3,20.2,32.3,62.9,2024,94.7,0.0,0.0,73.6
12086014800,Census Tract 148; Miami-Dade County; Florida,57.3,9.6,88.7,3.6,0.0,4.1,31.2,51466,66250,24423,14.0,7.3,9.0,8.1,8.0,23.8,9.9,4.3,9.1,6.4,19.9,43.2,6.9,8.3,22.6,36.3,32.7,46.5,53.5,1576,9.1,66.6,1902,92.2,7.8,5029,49.4,13.8,23.2,21.2,71.2,2024,94.7,0.0,0.0,78.4
12086014900,Census Tract 149; Miami-Dade County; Florida,56.1,3.3,74.9,0.3,1.6,13.6,32.2,96855,102473,34165,1.0,0.9,8.6,6.5,8.8,9.5,23.9,18.6,11.5,10.6,8.0,23.0,6.6,1.3,27.6,32.2,38.9,79.5,20.5,2527,0.0,85.5,1736,99.6,0.4,5301,47.3,13.7,27.5,21.4,68.9,2024,94.0,0.2,0.0,69.8
12086015001,Census Tract 150.01; Miami-Dade County; Florida,57.3,1.6,78.6,1.0,1.5,8.8,35.5,70208,92636,37140,1.6,1.8,14.8,6.4,13.2,12.5,7.5,20.7,10.9,10.6,7.3,15.0,2.8,3.8,29.0,40.4,26.7,91.2,8.8,2917,0.0,63.8,1529,100.0,0.0,4339,56.1,10.2,27.0,21.1,72.3,2024,95.3,0.1,0.0,73.0
12086015002,Census Tract 150.02; Miami-Dade County; Florida,64.1,5.3,70.5,0.0,0.0,20.7,31.2,124342,158757,44988,0.6,3.1,4.6,5.4,3.8,15.1,7.2,17.1,14.1,28.9,13.5,17.4,5.1,1.6,17.1,29.3,52.0,77.9,22.1,3144,0.0,87.3,1403,96.9,3.1,4883,44.4,20.8,18.8,26.6,61.1,2024,89.6,0.4,4.8,61.9
12086015101,Census Tract 151.01; Miami-Dade County; Florida,64.0,1.5,67.9,1.7,3.0,17.1,38.6,105363,134386,45991,13.5,2.3,0.0,0.0,8.5,17.8,4.3,22.8,10.5,20.3,5.9,6.5,7.2,1.2,33.8,38.6,26.4,75.0,25.0,2732,9.6,90.4,1383,100.0,0.0,4263,45.0,21.4,11.9,36.5,46.4,2024,88.5,0.0,2.4,66.1
12086015102,Census Tract 151.02; Miami-Dade County; Florida,65.8,4.0,63.9,0.1,0.0,16.3,38.1,129519,141208,44886,0.0,0.0,4.6,6.3,3.0,2.3,22.8,22.3,18.8,19.9,6.1,17.8,3.9,0.0,33.9,26.8,39.2,80.1,19.9,2703,7.7,31.5,869,100.0,0.0,2790,42.8,21.9,17.8,40.0,52.0,2024,91.7,0.1,1.8,51.7
12086015103,Census Tract 151.03; Miami-Dade County; Florida,69.9,2.3,69.5,0.0,1.4,15.8,32.3,184605,209530,59476,0.0,0.0,0.0,0.0,1.0,16.7,8.5,10.9,21.6,41.2,3.4,14.1,4.0,2.1,7.4,45.9,44.6,77.9,22.1,2904,6.0,7.0,986,91.5,8.5,3323,45.2,19.0,11.5,23.2,68.1,2024,86.3,0.0,6.0,58.6
12086015201,Census Tract 152.01; Miami-Dade County; Florida,65.8,1.9,58.1,0.2,0.0,14.3,41.5,101125,128334,38927,1.1,1.3,6.7,2.1,7.2,8.9,21.2,28.9,8.4,14.2,10.9,13.5,5.9,0.0,23.3,40.1,36.6,67.1,32.9,2691,3.8,41.4,967,100.0,0.0,3227,41.2,23.4,16.6,30.9,51.7,2024,85.3,1.2,1.1,56.6
12086015202,Census Tract 152.02; Miami-Dade County; Florida,56.1,2.3,73.9,0.0,0.0,12.4,41.1,84155,102007,30161,1.3,6.8,4.5,13.1,8.8,7.4,15.2,10.8,23.0,8.9,10.0,34.1,11.2,4.7,28.1,50.9,16.3,61.9,38.1,1932,0.0,48.9,1220,97.5,2.5,3943,39.0,28.8,17.3,35.1,56.9,2024,80.7,0.2,0.0,56.3
12086015300,Census Tract 153; Miami-Dade County; Florida,62.6,4.8,69.6,0.6,0.4,19.7,35.9,114514,125669,42084,7.0,2.8,2.1,2.7,2.3,10.8,17.6,30.6,11.4,12.6,4.0,15.2,3.7,2.2,19.4,50.9,27.5,84.7,15.3,2819,10.9,62.8,1937,100.0,0.0,6211,42.9,21.3,16.8,26.2,59.5,2024,96.9,0.0,0.0,48.0
12086015400,Census Tract 154; Miami-Dade County; Florida,56.1,3.6,75.3,0.0,0.0,14.7,37.9,89638,151143,52012,3.3,6.4,4.4,9.7,7.9,10.7,10.7,11.6,14.7,20.6,13.3,18.9,7.4,3.9,22.2,47.9,26.0,93.5,6.5,3501,28.2,37.2,1835,96.5,3.5,5358,46.7,16.3,24.8,27.7,68.3,2024,94.5,0.0,0.0,58.1
12086015501,Census Tract 155.01; Miami-Dade County; Florida,54.0,3.5,85.9,0.0,0.0,6.4,29.1,70500,86286,33417,3.2,5.4,8.7,1.8,19.6,18.0,15.3,20.6,2.3,5.2,14.7,12.0,6.8,6.7,37.2,28.8,27.3,95.2,4.8,-666666666,0.0,100.0,981,96.2,3.8,2507,54.7,15.6,31.7,27.9,63.6,2024,90.5,0.0,1.0,47.5
12086015502,Census Tract 155.02; Miami-Dade County; Florida,61.9,3.8,89.8,1.6,1.0,4.5,31.7,70217,93118,36440,0.4,0.0,8.8,6.1,11.5,29.5,6.3,20.1,11.3,6.0,4.6,18.6,2.2,3.6,18.2,41.1,37.1,86.8,13.2,2608,0.0,74.2,966,96.9,3.1,2498,50.8,8.2,24.2,32.3,62.4,2024,85.8,0.0,0.4,66.9
12086015600,Census Tract 156; Miami-Dade County; Florida,62.6,5.8,62.6,2.2,0.0,28.3,34.0,94180,123227,43772,5.3,0.0,1.4,3.4,10.6,9.1,23.5,16.7,18.7,11.4,4.7,15.3,4.3,2.4,30.7,55.0,12.0,79.4,20.6,2459,12.0,24.1,1727,93.4,6.6,4509,40.4,22.6,12.8,36.9,56.0,2024,78.4,1.7,0.2,44.6
12086015700,Census Tract 157; Miami-Dade County; Florida,58.6,3.6,84.2,0.4,0.2,7.7,28.0,174583,258401,75188,0.6,0.0,0.0,3.1,6.5,4.6,11.6,15.3,16.5,41.7,2.1,12.2,8.4,0.3,12.2,36.8,50.7,86.1,13.9,3501,0.0,67.8,748,86.5,13.5,2371,46.6,20.8,22.0,20.6,73.9,2024,90.8,0.2,1.6,60.4
12086015800,Census Tract 158; Miami-Dade County; Florida,63.7,3.8,85.7,0.0,0.0,9.3,31.3,64963,84413,31462,2.5,1.7,3.6,5.6,15.9,26.3,15.6,16.8,7.2,4.9,4.9,13.9,7.9,2.1,23.2,51.8,22.9,74.9,25.1,2137,21.4,72.7,1682,95.1,4.9,4451,48.6,14.0,22.3,26.0,59.6,2024,90.3,0.3,2.2,64.7
12086015900,Census Tract 159; Miami-Dade County; Florida,55.2,2.3,82.0,0.0,0.0,12.8,26.8,76952,113390,42171,5.4,0.7,4.4,9.8,9.7,15.7,12.3,12.3,20.1,9.5,10.7,23.1,5.6,2.2,37.6,31.0,29.2,82.1,17.9,2196,52.5,20.1,1095,97.6,2.4,2949,53.9,13.7,27.0,21.8,74.7,2024,92.7,0.0,0.0,64.3
12086016000,Census Tract 160; Miami-Dade County; Florida,57.4,1.9,83.5,0.0,2.1,9.2,32.9,68156,90078,34264,2.3,4.2,4.8,9.2,12.2,21.9,9.6,23.1,8.1,4.4,9.4,17.5,6.1,2.3,37.2,38.8,21.6,79.0,21.0,2253,10.9,52.9,1679,95.8,4.2,4360,54.9,13.0,28.2,21.7,58.3,2024,84.0,1.1,7.1,72.9
12086016100,Census Tract 161; Miami-Dade County; Florida,62.8,2.3,54.2,0.0,0.5,21.8,38.4,114138,123623,40991,0.5,1.4,4.1,11.3,4.5,13.1,6.8,33.2,13.8,11.4,1.5,23.0,3.7,2.9,14.6,51.7,30.8,93.4,6.6,3172,2.0,34.7,1567,97.5,2.5,4689,48.6,16.7,24.7,38.8,53.5,2024,91.7,0.3,0.3,64.3
12086016200,Census Tract 162; Miami-Dade County; Florida,64.0,2.6,72.7,0.1,0.9,21.7,43.7,79603,108864,43222,1.3,2.4,3.4,13.3,4.8,18.0,12.0,21.3,7.7,15.8,5.1,11.0,7.7,7.1,30.4,44.4,18.1,94.5,5.5,2074,0.0,79.4,1204,100.0,0.0,3127,51.3,15.2,27.9,27.6,63.0,2024,84.2,0.0,0.0,55.5
12086016300,Census Tract 163; Miami-Dade County; Florida,58.3,3.6,73.6,0.1,0.7,14.5,35.3,93819,113717,34950,0.0,2.0,2.5,2.7,4.6,29.3,10.6,20.5,15.4,12.5,9.9,21.8,10.4,0.4,11.4,51.6,36.5,89.8,10.2,3109,46.5,20.8,1544,91.6,8.4,4423,47.2,20.0,24.8,26.4,58.6,2024,85.7,4.0,0.8,61.3
12086016401,Census Tract 164.01; Miami-Dade County; Florida,66.3,1.1,77.4,2.1,0.0,17.6,37.2,166628,152814,46953,1.8,2.4,0.9,0.0,2.8,6.7,11.1,13.7,41.3,19.3,4.4,11.7,1.6,0.0,19.5,44.7,35.7,86.1,13.9,2679,10.6,53.1,1507,98.5,1.5,4738,42.3,22.6,16.5,22.7,70.1,2024,84.6,0.7,5.2,58.9
12086016402,Census Tract 164.02; Miami-Dade County; Florida,60.0,0.5,81.6,0.9,0.0,9.0,36.2,111332,118790,37730,3.1,3.7,0.9,10.8,6.6,11.2,8.1,29.4,12.7,13.3,7.1,20.8,9.8,5.1,16.6,48.3,30.0,90.0,10.0,3315,0.0,100.0,667,100.0,0.0,2121,49.0,17.9,17.7,16.8,79.0,2024,87.1,0.3,3.7,57.7
12086016501,Census Tract 165.01; Miami-Dade County; Florida,56.1,3.6,78.7,0.0,0.0,8.0,35.0,116077,145576,39935,6.5,0.0,2.1,11.2,1.3,3.6,13.8,21.0,11.5,28.8,22.6,17.9,10.9,6.2,3.7,46.7,43.4,89.5,10.5,-666666666,0.0,0.0,936,100.0,0.0,3586,41.6,16.4,13.1,22.2,59.6,2024,86.4,0.0,6.1,55.5
12086016502,Census Tract 165.02; Miami-Dade County; Florida,63.5,4.5,82.3,0.6,0.6,5.1,38.4,127569,137756,42007,4.7,6.4,0.5,1.7,4.9,8.1,15.5,22.8,17.6,17.8,8.6,7.5,8.0,2.6,17.1,43.3,37.0,83.2,16.8,3025,0.0,57.0,1521,97.8,2.2,4978,40.7,21.6,10.1,24.5,61.2,2024,81.0,2.9,3.4,48.8
12086016600,Census Tract 166; Miami-Dade County; Florida,62.3,1.4,77.1,1.1,0.0,12.1,34.2,73476,88951,37062,0.0,1.7,11.9,5.9,3.8,39.9,8.4,16.6,5.0,6.8,9.2,12.1,5.0,2.9,38.4,39.7,19.0,87.6,12.4,2005,0.0,47.9,1432,100.0,0.0,3473,50.2,13.2,27.4,15.5,77.1,2024,92.8,1.4,2.2,78.1
12086016700,Census Tract 167; Miami-Dade County; Florida,63.3,3.3,82.0,0.5,1.4,4.9,42.9,104375,106002,30323,2.6,4.1,3.4,3.3,7.3,17.6,8.9,25.7,21.9,5.2,10.5,21.0,8.6,2.4,23.3,36.1,38.2,75.1,24.9,2668,33.7,39.8,1399,96.7,3.3,4848,48.6,16.1,21.3,25.5,61.6,2024,90.4,0.2,1.8,63.1
12086016800,Census Tract 168; Miami-Dade County; Florida,55.8,2.0,66.6,0.0,0.8,20.3,34.6,70500,103079,37059,3.0,5.4,2.2,1.7,18.0,24.2,5.3,20.9,7.4,11.9,11.1,19.0,6.7,4.4,24.6,55.8,15.2,62.0,38.0,2188,20.0,59.8,1313,95.2,4.8,3619,50.2,9.5,24.2,15.3,82.9,2024,95.2,0.1,0.0,64.3
12086016900,Census Tract 169; Miami-Dade County; Florida,63.8,5.5,71.1,1.3,1.1,4.1,35.2,69081,75307,29190,4.2,5.5,7.8,6.7,9.2,18.5,27.9,11.4,3.9,4.9,14.2,23.3,13.1,1.5,45.1,37.1,16.3,58.9,41.1,2008,6.8,60.5,1898,95.3,4.7,4806,45.0,16.8,20.9,23.1,64.2,2024,93.1,0.2,0.3,75.2
12086017000,Census Tract 170; Miami-Dade County; Florida,56.7,6.0,86.3,1.1,0.0,1.5,37.3,61049,77165,31015,5.9,5.6,5.1,6.4,14.2,28.6,13.8,11.5,1.3,7.6,18.7,15.2,11.1,3.5,28.0,57.0,11.5,67.2,32.8,2175,3.2,73.5,1916,93.5,6.5,4707,49.0,15.0,22.5,16.6,75.7,2024,93.3,1.7,0.0,73.2
12086017101,Census Tract 171.01; Miami-Dade County; Florida,61.4,5.6,84.1,2.0,0.0,9.4,33.7,70988,84996,34800,5.3,0.0,7.8,2.5,12.5,28.9,16.0,15.2,3.8,8.0,10.0,12.9,8.8,3.1,35.7,41.6,19.6,64.3,35.7,1797,10.5,66.5,1485,98.7,1.3,3730,45.7,16.7,21.1,27.2,58.6,2024,85.7,0.9,0.7,65.3
12086017102,Census Tract 171.02; Miami-Dade County; Florida,61.7,4.4,78.6,0.0,0.0,11.5,30.4,109125,101703,34404,4.0,0.0,11.5,6.5,8.8,7.5,7.0,41.0,5.6,8.1,4.9,20.6,4.1,1.8,32.6,51.8,13.8,64.2,35.8,1742,12.3,46.9,945,94.9,5.1,2804,37.8,19.0,14.7,31.9,61.8,2024,73.9,1.2,0.5,52.1
12086017200,Census Tract 172; Miami-Dade County; Florida,52.6,1.9,69.1,2.4,0.0,17.4,25.8,79688,100842,36497,23.3,0.9,3.7,4.4,2.8,11.2,9.4,17.6,11.0,15.6,12.4,9.3,4.1,4.0,35.5,32.6,27.9,81.2,18.8,3189,0.0,24.6,1314,100.0,0.0,3816,50.5,16.2,30.9,31.3,62.2,2024,84.2,1.9,0.0,54.9
12086017300,Census Tract 173; Miami-Dade County; Florida,59.3,2.6,74.7,1.3,1.5,14.1,27.4,55529,75733,31500,7.1,0.9,11.3,18.8,10.6,14.4,14.0,15.2,2.9,4.8,12.4,17.1,12.0,4.1,48.7,25.6,21.6,61.8,38.2,1842,2.4,65.7,1704,94.8,5.2,4026,47.4,16.3,20.4,18.2,64.3,2024,81.3,0.3,7.1,61.4
12086017401,Census Tract 174.01; Miami-Dade County; Florida,37.8,22.4,71.4,1.9,0.0,21.0,46.4,76771,116247,34334,4.6,0.0,0.0,9.4,18.8,15.2,5.1,25.1,11.8,10.1,2.1,11.3,6.3,1.2,29.9,36.6,32.3,97.6,2.4,-666666666,0.0,100.0,479,86.6,13.4,1471,47.3,19.4,16.7,51.1,45.0,2024,64.7,0.5,0.0,43.6
12086017402,Census Tract 174.02; Miami-Dade County; Florida,52.5,3.8,74.2,0.0,1.3,13.0,34.1,52689,70019,29211,0.9,17.6,5.0,13.2,13.0,13.8,14.5,10.2,8.8,2.9,18.3,28.3,9.7,3.0,55.1,35.9,6.0,57.0,43.0,1497,1.6,52.9,2089,95.1,4.9,4823,53.3,11.8,32.0,17.0,76.5,2024,90.5,0.0,0.0,74.8
12086017500,Census Tract 175; Miami-Dade County; Florida,61.5,1.4,81.3,0.0,0.0,12.0,33.6,55592,63708,26674,2.9,13.0,6.4,12.6,9.6,29.8,7.3,9.5,7.4,1.4,13.8,43.2,10.0,21.2,30.9,37.6,10.3,26.7,73.3,1222,4.9,55.2,1452,95.3,4.7,3678,40.8,18.8,24.9,18.7,68.1,2024,92.4,2.1,0.0,66.6
12086017600,Census Tract 176; Miami-Dade County; Florida,65.3,3.8,78.3,2.0,0.3,6.7,30.5,72819,80006,32109,1.7,4.2,11.5,7.4,14.1,12.6,22.1,15.5,5.9,5.0,10.4,23.5,11.1,3.1,33.7,48.2,15.0,33.7,66.3,1929,0.6,56.5,2673,98.0,2.0,7016,39.3,14.6,14.8,19.7,64.0,2024,86.1,0.4,4.7,71.8
12086017700,Census Tract 177; Miami-Dade County; Florida,61.4,3.4,76.9,3.1,1.2,10.2,33.6,59750,76174,27583,2.6,2.2,14.9,5.2,14.8,14.5,15.2,20.4,7.6,2.5,13.3,28.3,9.3,6.9,32.3,51.2,9.6,39.9,60.1,1693,9.5,55.2,1702,98.3,1.7,4787,44.7,13.2,16.9,17.3,75.1,2024,94.2,0.4,0.0,70.2
12086017800,Census Tract 178; Miami-Dade County; Florida,61.5,5.0,78.0,3.3,1.1,6.3,35.9,56011,68108,25472,1.8,6.0,13.8,10.3,15.8,23.6,10.4,8.3,2.8,7.3,16.9,36.8,18.3,10.2,41.4,40.7,7.8,27.7,72.3,1794,15.2,59.4,2356,94.0,6.0,6025,37.7,24.2,16.8,17.4,74.9,2024,93.7,0.0,0.0,73.3
12086017901,Census Tract 179.01; Miami-Dade County; Florida,63.4,1.9,72.7,1.4,1.6,16.8,38.3,117964,127398,38197,3.2,3.0,0.5,0.0,7.6,9.1,16.4,27.3,15.7,17.2,4.6,17.6,6.9,0.0,27.9,40.3,31.8,90.9,9.1,1944,18.8,0.0,1211,98.4,1.6,4081,41.6,22.0,10.5,33.2,48.2,2024,82.6,0.9,0.6,56.1
12086017902,Census Tract 179.02; Miami-Dade County; Florida,62.8,4.5,84.2,0.0,0.0,10.7,35.5,122188,152887,48747,0.0,3.5,0.5,6.9,9.0,4.6,10.1,30.0,19.2,16.2,4.7,3.9,10.9,0.7,10.5,48.7,40.1,90.4,9.6,2207,7.7,63.1,1374,98.7,1.3,4617,48.4,14.5,21.9,20.0,60.3,2024,79.3,0.2,6.7,58.3
12086018001,Census Tract 180.01; Miami-Dade County; Florida,65.0,1.1,83.0,0.0,0.0,8.9,33.4,121089,148019,50048,0.0,1.9,1.6,1.8,6.0,7.2,9.3,33.6,17.4,21.3,2.4,8.4,10.6,1.6,14.2,47.3,36.9,97.7,2.3,-666666666,0.0,38.5,569,100.0,0.0,1687,47.6,15.1,18.9,32.6,48.7,2024,78.6,1.7,1.9,37.6
12086018002,Census Tract 180.02; Miami-Dade County; Florida,60.8,1.3,77.2,1.9,0.0,10.9,36.4,86500,113804,37478,3.4,1.8,1.4,6.2,6.1,26.3,5.0,23.4,9.1,17.2,7.7,10.4,8.0,2.0,17.1,49.6,31.3,82.1,17.9,2356,15.2,49.2,828,91.8,8.2,2378,44.5,17.1,15.3,23.4,57.2,2024,80.4,9.3,0.1,48.4
12086018003,Census Tract 180.03; Miami-Dade County; Florida,59.8,2.3,67.3,0.0,1.8,11.8,36.4,70661,91776,31171,5.4,2.5,4.7,12.4,6.0,22.6,18.2,14.4,3.9,10.0,25.5,12.4,10.0,1.8,42.5,42.7,13.0,54.9,45.1,2353,1.9,72.0,2646,96.3,3.7,7617,36.6,24.6,10.4,21.9,63.7,2024,83.9,4.6,0.0,55.9
12086018100,Census Tract 181; Miami-Dade County; Florida,64.9,1.0,48.0,1.1,0.2,11.7,38.6,80036,105997,35387,0.7,1.8,12.1,9.8,7.9,15.6,15.8,11.0,16.9,8.5,7.4,21.6,8.5,1.5,40.5,32.2,25.8,62.4,37.6,2058,4.1,60.2,1758,98.9,1.1,5280,39.7,15.6,17.0,25.7,64.6,2024,86.7,0.7,0.9,67.2
12086018200,Census Tract 182; Miami-Dade County; Florida,59.0,4.9,79.8,2.1,0.7,8.1,38.6,76042,96634,31217,4.0,0.7,1.0,9.6,15.8,18.0,10.0,23.1,9.4,8.5,5.2,16.9,11.3,1.2,36.0,40.2,22.6,56.7,43.3,1897,11.0,75.8,847,97.2,2.8,2696,43.2,23.0,16.8,25.4,59.0,2024,88.5,2.9,0.4,66.8
12086018300,Census Tract 183; Miami-Dade County; Florida,64.7,5.9,64.5,1.3,0.0,18.7,35.1,88000,108072,36716,3.5,0.1,2.2,13.0,11.6,15.4,12.2,21.5,11.2,9.3,3.2,12.1,7.6,2.1,31.9,43.2,22.7,68.5,31.5,2693,29.9,57.7,1458,98.4,1.6,4394,50.6,18.1,25.8,18.7,60.6,2024,80.8,3.0,1.1,66.9
12086018400,Census Tract 184; Miami-Dade County; Florida,65.6,3.4,74.7,2.5,0.0,9.1,35.0,62589,84360,34947,2.9,4.6,3.5,5.1,20.8,23.6,10.1,20.3,5.7,3.5,10.6,15.2,6.0,5.3,47.3,37.1,10.3,44.6,55.4,1916,19.3,53.5,1728,95.1,4.9,3963,40.4,17.6,17.9,20.9,63.5,2024,72.3,0.4,4.7,56.1
12086018500,Census Tract 185; Miami-Dade County; Florida,60.2,4.4,73.2,0.9,1.9,15.5,37.2,89037,102979,36630,7.7,2.0,4.2,12.1,6.2,12.6,11.2,20.4,15.9,7.6,15.4,11.4,15.5,10.8,35.4,30.3,23.4,42.1,57.9,2183,9.2,51.9,1891,97.1,2.9,5147,38.4,20.0,15.7,33.5,42.8,2024,73.1,5.0,3.3,55.4
12086018601,Census Tract 186.01; Miami-Dade County; Florida,66.2,1.1,79.0,0.1,0.1,13.6,25.0,90409,102511,32707,0.0,2.5,0.5,26.3,6.6,8.8,11.1,18.4,14.1,11.6,19.0,12.7,5.1,3.1,33.7,37.1,26.1,62.0,38.0,2863,0.0,81.5,1280,100.0,0.0,4309,40.0,32.0,8.4,9.8,68.3,2024,78.8,15.0,0.6,59.2
12086018602,Census Tract 186.02; Miami-Dade County; Florida,65.5,2.6,71.1,3.2,0.2,12.5,43.0,73901,89208,31359,5.2,4.9,4.9,4.8,15.3,17.9,9.5,24.2,9.5,3.7,12.4,19.5,11.9,7.2,28.2,39.3,25.3,66.1,33.9,1963,14.5,65.6,1299,96.8,3.2,3877,44.7,16.6,23.0,17.5,67.2,2024,83.5,0.9,0.3,66.0
12086018700,Census Tract 187; Miami-Dade County; Florida,61.0,2.7,74.4,0.0,0.0,17.7,33.2,99432,117824,36793,7.8,2.0,0.7,4.0,6.2,13.6,15.9,21.3,19.8,8.7,8.8,5.0,5.9,2.9,22.9,35.6,38.6,90.3,9.7,2708,0.0,100.0,1253,97.8,2.2,4085,42.3,21.0,20.9,14.6,60.0,2024,72.5,7.5,7.7,54.0
12086018801,Census Tract 188.01; Miami-Dade County; Florida,56.4,0.4,78.6,6.9,0.0,10.8,34.8,115963,125574,36988,3.3,0.5,1.5,7.5,7.4,8.2,5.3,34.3,20.0,11.9,5.5,13.0,2.1,1.5,27.7,41.6,29.2,77.7,22.3,1844,0.0,31.1,854,93.1,6.9,2739,48.7,18.6,26.9,29.9,60.3,2024,71.9,2.3,2.6,44.0
12086018802,Census Tract 188.02; Miami-Dade County; Florida,67.0,4.6,69.6,7.2,0.0,4.8,32.6,55592,72459,34313,4.3,2.8,0.0,13.5,19.2,22.5,15.9,16.8,2.0,3.0,11.6,13.2,8.9,5.9,50.3,38.9,4.9,22.3,77.7,2008,6.1,57.6,1147,92.3,7.7,2355,49.0,10.7,19.9,21.0,69.1,2024,91.6,1.4,2.2,74.1
12086018803,Census Tract 188.03; Miami-Dade County; Florida,66.2,0.0,74.3,2.0,1.1,13.5,27.6,92182,96307,33171,5.5,2.4,9.8,2.6,12.5,8.8,16.5,13.7,26.9,1.4,16.7,5.7,16.6,1.9,35.4,54.2,8.5,73.7,26.3,1935,3.9,45.8,1281,90.9,9.1,3332,33.8,28.2,13.7,53.8,31.8,2024,63.2,0.0,1.5,37.3
12086018901,Census Tract 189.01; Miami-Dade County; Florida,65.3,4.4,75.4,1.3,0.0,11.6,32.8,95881,105298,40470,2.4,7.8,3.0,7.9,6.9,11.9,14.0,19.6,17.5,9.0,6.7,11.5,4.7,8.2,36.7,42.9,12.3,84.1,15.9,2686,21.8,22.4,1155,94.5,5.5,2881,40.8,24.3,21.0,43.2,41.4,2024,59.5,3.0,0.0,41.6
12086018902,Census Tract 189.02; Miami-Dade County; Florida,62.0,1.8,81.8,0.6,0.0,11.5,27.2,136970,152093,47664,0.0,0.0,2.1,6.9,0.9,21.0,11.2,12.5,12.2,33.1,6.5,3.3,4.2,0.0,12.9,62.0,25.1,97.8,2.2,-666666666,0.0,100.0,1084,100.0,0.0,3521,40.0,26.7,18.0,48.1,42.4,2024,64.6,0.1,4.7,36.8
12086019000,Census Tract 190; Miami-Dade County; Florida,66.6,2.3,80.7,0.4,0.4,12.0,32.1,101979,121433,44830,2.0,1.0,3.9,2.6,13.5,15.4,9.9,20.5,16.3,15.0,6.8,9.6,12.9,3.7,23.4,45.7,27.1,78.6,21.4,2347,7.8,35.0,2139,99.5,0.5,5902,43.0,16.5,19.8,21.4,68.3,2024,79.2,5.0,2.1,53.5
12086019100,Census Tract 191; Miami-Dade County; Florida,58.6,1.1,75.6,1.1,0.0,12.1,29.5,56023,81602,37987,5.8,8.6,9.9,11.8,8.5,21.7,7.1,12.1,3.0,11.6,12.3,13.8,7.8,11.1,54.0,19.9,15.1,45.9,54.1,1912,0.0,79.1,2379,100.0,0.0,5336,47.2,14.5,23.4,38.8,49.9,2024,81.5,0.0,0.4,59.6
12086019200,Census Tract 192; Miami-Dade County; Florida,68.7,2.0,77.2,0.1,0.7,11.0,27.8,110417,123476,41727,0.4,5.4,1.2,3.0,6.5,14.8,15.2,19.5,20.6,13.4,5.2,7.8,8.6,2.6,26.5,47.3,23.6,79.1,20.9,2344,2.0,57.9,1735,98.6,1.4,5323,40.5,21.1,18.6,40.4,51.3,2024,64.8,1.6,2.7,43.0
12086019301,Census Tract 193.01; Miami-Dade County; Florida,69.4,1.7,71.5,1.1,0.0,18.8,38.6,91964,107570,35862,1.4,1.4,6.4,5.2,7.4,14.8,17.6,24.3,14.3,7.2,11.1,22.8,6.1,5.9,35.5,40.8,17.8,72.1,27.9,2249,4.6,77.6,994,93.3,6.7,2881,34.4,22.0,8.8,23.5,47.4,2024,64.6,9.0,11.0,54.2
12086019302,Census Tract 193.02; Miami-Dade County; Florida,73.6,1.7,71.8,1.2,1.9,13.2,34.7,88659,125745,44202,7.1,4.2,1.8,1.7,9.4,14.6,17.2,9.9,19.4,14.6,10.1,15.6,4.2,3.7,28.5,40.5,27.2,62.1,37.9,2330,9.9,63.7,1767,98.2,1.8,5060,38.3,20.1,10.4,27.3,44.8,2024,65.4,7.9,7.1,51.5
12086019401,Census Tract 194.01; Miami-Dade County; Florida,71.7,1.3,72.8,0.4,0.0,20.7,25.8,116932,134412,40562,0.0,1.2,0.0,3.7,4.9,11.0,17.7,35.0,18.5,8.1,10.6,9.3,5.3,0.0,25.0,52.4,22.6,77.3,22.7,2808,0.0,51.2,954,96.5,3.5,2942,36.9,28.3,17.3,40.7,36.6,2024,61.9,1.8,4.1,40.9
12086019402,Census Tract 194.02; Miami-Dade County; Florida,67.4,5.3,81.3,0.9,1.8,8.9,33.0,104831,122567,36780,2.1,0.0,2.4,7.5,7.0,10.4,13.7,24.9,13.3,18.7,8.9,6.2,16.6,0.0,18.1,49.4,32.4,62.6,37.4,2391,12.3,69.6,1832,96.3,3.7,6005,35.1,24.5,8.8,37.0,48.0,2024,61.4,3.8,4.0,47.7
12086019501,Census Tract 195.01; Miami-Dade County; Florida,65.1,4.9,78.6,0.9,0.0,10.9,36.4,110625,128096,42966,5.2,2.0,1.6,4.9,4.9,9.0,20.9,23.4,5.6,22.5,13.6,13.0,8.1,3.3,23.7,52.6,20.3,71.0,29.0,2467,12.4,72.0,1412,95.5,4.5,4134,39.4,23.1,15.3,27.9,52.6,2024,78.6,8.6,0.9,55.1
12086019502,Census Tract 195.02; Miami-Dade County; Florida,68.5,0.8,74.9,0.4,0.0,10.4,35.8,116797,137644,39865,0.0,0.9,0.6,1.5,0.0,16.8,19.3,30.2,18.3,12.4,1.2,16.0,10.4,7.0,17.3,40.3,35.4,70.5,29.5,2753,47.0,26.0,1306,100.0,0.0,4608,39.9,19.6,8.9,21.2,69.7,2024,85.3,0.8,1.0,49.9
12086019600,Census Tract 196; Miami-Dade County; Florida,67.3,2.6,79.6,0.0,0.0,11.4,37.3,142159,155668,46271,0.6,0.0,8.3,0.0,5.7,6.7,8.7,21.8,21.5,26.7,4.4,9.7,6.1,1.2,13.9,52.6,32.3,86.1,13.9,2820,0.0,94.5,1903,97.4,2.6,6425,40.2,22.6,9.3,27.3,52.7,2024,73.2,7.1,2.9,49.4
12086019700,Census Tract 197; Miami-Dade County; Florida,55.4,3.5,72.0,1.3,0.0,10.0,39.1,122000,163339,51564,1.7,0.0,1.7,11.2,2.3,7.2,20.7,14.1,18.8,22.3,12.0,7.3,5.6,3.0,11.3,51.8,33.8,90.5,9.5,1784,31.2,63.4,1097,99.2,0.8,3580,45.0,20.2,21.7,21.1,57.3,2024,72.6,10.3,1.5,49.3
12086019801,Census Tract 198.01; Miami-Dade County; Florida,70.0,3.4,82.1,0.0,0.0,8.0,37.9,110588,132033,40323,1.2,0.0,9.6,0.8,6.5,9.6,15.8,27.1,21.1,8.3,7.9,13.1,3.3,0.0,15.9,40.9,43.1,90.0,10.0,3501,0.0,89.7,1444,100.0,0.0,4884,39.2,21.3,14.7,32.8,49.1,2024,81.0,6.1,1.6,52.3
12086019802,Census Tract 198.02; Miami-Dade County; Florida,55.1,2.7,78.8,0.5,0.0,17.1,44.2,123281,138264,40835,0.0,0.0,0.7,10.4,8.9,6.7,11.8,18.7,26.1,16.8,5.4,14.5,10.2,0.9,18.4,47.8,32.8,100.0,0.0,-666666666,-666666666.0,-666666666.0,1746,100.0,0.0,5332,43.2,20.6,23.6,19.6,51.4,2024,87.5,8.5,1.9,51.3
12086019901,Census Tract 199.01; Miami-Dade County; Florida,61.0,5.1,88.6,0.0,0.0,3.4,40.1,105134,109119,33221,14.2,3.7,6.2,11.2,1.7,10.4,1.1,35.2,6.6,9.6,29.0,21.0,12.8,1.2,10.7,52.7,35.3,74.0,26.0,3501,0.0,58.9,1289,93.4,6.6,4236,36.5,28.3,12.2,29.4,55.0,2024,73.5,0.3,3.8,55.5
12086019902,Census Tract 199.02; Miami-Dade County; Florida,65.7,1.0,65.6,3.9,0.5,13.8,43.8,89665,95123,28323,0.0,0.0,2.0,6.0,4.8,16.3,32.5,26.2,8.9,3.3,2.6,24.5,6.0,2.9,30.3,48.7,18.1,62.6,37.4,2451,8.3,60.7,2163,97.9,2.1,7173,38.8,25.7,15.5,15.8,62.8,2024,86.7,4.8,2.2,51.3
12086020001,Census Tract 200.01; Miami-Dade County; Florida,63.3,1.9,80.9,4.6,0.0,1.6,49.6,117500,134872,41396,1.0,0.8,0.8,0.0,12.8,20.1,6.3,23.0,19.3,16.0,2.3,14.9,9.8,5.5,11.3,41.7,41.4,100.0,0.0,-666666666,-666666666.0,-666666666.0,618,100.0,0.0,2101,48.9,13.7,17.7,13.1,72.2,2024,89.2,2.2,2.2,54.8
12086020002,Census Tract 200.02; Miami-Dade County; Florida,60.5,2.6,65.1,0.0,0.1,21.0,35.4,95893,115361,37336,2.7,6.3,4.3,4.5,4.2,13.1,15.6,10.6,25.5,13.4,12.8,24.2,7.4,5.0,14.2,37.0,43.8,85.2,14.8,3501,50.5,22.2,1430,100.0,0.0,4666,47.0,17.1,22.8,25.7,55.1,2024,74.1,8.8,1.3,47.6
12086020100,Census Tract 201; Miami-Dade County; Florida,49.7,4.8,79.5,0.0,0.0,12.9,35.0,76198,91389,25116,3.3,3.0,2.2,11.3,16.9,12.4,11.0,19.1,13.4,7.4,21.7,19.7,6.5,4.5,19.0,43.1,33.4,82.6,17.4,2311,0.0,87.9,1145,100.0,0.0,4264,45.5,19.6,24.7,17.8,54.6,2024,84.3,5.7,0.0,60.8
12086020200,Census Tract 202; Miami-Dade County; Florida,57.2,4.2,79.7,0.0,0.0,10.6,32.6,83810,81644,22555,3.5,3.0,4.0,10.3,7.9,15.9,25.6,20.1,7.1,2.7,14.3,35.6,17.1,0.0,35.3,28.2,36.5,45.0,55.0,1811,15.3,40.8,1746,92.6,7.4,6281,37.4,19.0,12.0,25.3,55.5,2024,84.0,9.7,0.4,53.2
12086020300,Census Tract 203; Miami-Dade County; Florida,61.6,2.2,76.6,0.0,0.2,5.8,36.8,82300,89316,29200,2.3,2.8,6.3,11.2,7.5,15.3,27.2,9.7,10.5,7.3,11.0,23.4,13.8,1.7,25.1,43.9,29.2,91.9,8.1,2362,0.0,78.6,1057,98.4,1.6,3180,44.4,19.6,21.5,15.3,72.1,2024,93.0,3.5,0.8,69.7
12086490100,Census Tract 4901; Miami-Dade County; Florida,72.5,1.2,90.6,0.0,0.7,8.0,23.6,72344,74795,30566,3.3,6.1,12.7,9.4,10.0,21.9,14.5,9.6,2.1,10.5,14.0,14.6,18.9,5.5,39.1,35.9,19.5,41.4,58.6,1401,21.3,37.5,520,98.5,1.5,1319,46.7,11.4,19.2,30.6,64.0,2024,97.0,0.2,0.0,67.3
12086980100,Census Tract 9801; Miami-Dade County; Florida,-666666666.0,-666666666.0,-666666666.0,-666666666.0,-666666666.0,-666666666.0,-666666666.0,-666666666,-666666666,-666666666,-666666666.0,-666666666.0,-666666666.0,-666666666.0,-666666666.0,-666666666.0,-666666666.0,-666666666.0,-666666666.0,-666666666.0,-666666666.0,-666666666.0,-666666666.0,-666666666.0,-666666666.0,-666666666.0,-666666666.0,-666666666.0,-666666666.0,-666666666,-666666666.0,-666666666.0,0,-666666666.0,-666666666.0,0,-666666666.0,-666666666.0,-666666666.0,-666666666.0,-666666666.0,2024,-666666666.0,-666666666.0,-666666666.0,-666666666.0
12086980200,Census Tract 9802; Miami-Dade County; Florida,-666666666.0,-666666666.0,-666666666.0,-666666666.0,-666666666.0,-666666666.0,-666666666.0,-666666666,-666666666,-666666666,-666666666.0,-666666666.0,-666666666.0,-666666666.0,-666666666.0,-666666666.0,-666666666.0,-666666666.0,-666666666.0,-666666666.0,-666666666.0,-666666666.0,-666666666.0,-666666666.0,-666666666.0,-666666666.0,-666666666.0,-666666666.0,-666666666.0,-666666666,-666666666.0,-666666666.0,0,-666666666.0,-666666666.0,0,-666666666.0,-666666666.0,-666666666.0,-666666666.0,-666666666.0,2024,-666666666.0,-666666666.0,-666666666.0,-666666666.0
12086980300,Census Tract 9803; Miami-Dade County; Florida,27.9,15.3,27.7,0.5,48.1,18.9,14.5,-666666666,-999999999,4077,0.0,0.0,0.0,0.0,0.0,0.0,0.0,0.0,0.0,100.0,38.5,0.0,8.8,0.0,100.0,0.0,0.0,0.0,100.0,-666666666,0.0,0.0,12,33.3,66.7,5765,19.2,1.1,0.0,64.1,10.1,2024,17.2,17.3,5.8,10.8
12086980400,Census Tract 9804; Miami-Dade County; Florida,-666666666.0,-666666666.0,-666666666.0,-666666666.0,-666666666.0,-666666666.0,-666666666.0,-666666666,-666666666,-666666666,-666666666.0,-666666666.0,-666666666.0,-666666666.0,-666666666.0,-666666666.0,-666666666.0,-666666666.0,-666666666.0,-666666666.0,-666666666.0,-666666666.0,-666666666.0,-666666666.0,-666666666.0,-666666666.0,-666666666.0,-666666666.0,-666666666.0,-666666666,-666666666.0,-666666666.0,0,-666666666.0,-666666666.0,0,-666666666.0,-666666666.0,-666666666.0,-666666666.0,-666666666.0,2024,-666666666.0,-666666666.0,-666666666.0,-666666666.0
12086980500,Census Tract 9805; Miami-Dade County; Florida,68.8,3.4,77.7,0.0,0.0,13.6,22.0,78452,83093,35959,11.7,5.4,0.0,0.0,15.4,14.2,25.8,17.1,7.9,2.5,15.8,4.2,16.3,0.0,65.8,26.7,7.5,0.0,100.0,2476,9.8,51.8,264,90.9,9.1,575,29.2,15.7,3.1,17.0,56.9,2024,76.7,7.7,0.0,47.5
12086980600,Census Tract 9806; Miami-Dade County; Florida,-666666666.0,-666666666.0,-666666666.0,-666666666.0,-666666666.0,-666666666.0,-666666666.0,-666666666,-666666666,-666666666,-666666666.0,-666666666.0,-666666666.0,-666666666.0,-666666666.0,-666666666.0,-666666666.0,-666666666.0,-666666666.0,-666666666.0,-666666666.0,-666666666.0,-666666666.0,-666666666.0,-666666666.0,-666666666.0,-666666666.0,-666666666.0,-666666666.0,-666666666,-666666666.0,-666666666.0,0,-666666666.0,-666666666.0,0,-666666666.0,-666666666.0,-666666666.0,-666666666.0,-666666666.0,2024,-666666666.0,-666666666.0,-666666666.0,-666666666.0
12086980700,Census Tract 9807; Miami-Dade County; Florida,19.8,21.6,5.7,20.6,0.7,1.4,15.3,7969,13193,4009,59.2,18.8,2.8,12.2,0.0,7.0,0.0,0.0,0.0,0.0,87.7,93.0,14.6,65.3,16.4,18.3,0.0,0.0,100.0,-666666666,0.0,95.4,231,92.2,7.8,1125,19.2,43.9,3.6,21.6,18.5,2024,37.5,55.5,0.0,11.4
12086980800,Census Tract 9808; Miami-Dade County; Florida,-666666666.0,-666666666.0,-666666666.0,-666666666.0,-666666666.0,-666666666.0,-666666666.0,-666666666,-666666666,-666666666,-666666666.0,-666666666.0,-666666666.0,-666666666.0,-666666666.0,-666666666.0,-666666666.0,-666666666.0,-666666666.0,-666666666.0,-666666666.0,-666666666.0,-666666666.0,-666666666.0,-666666666.0,-666666666.0,-666666666.0,-666666666.0,-666666666.0,-666666666,-666666666.0,-666666666.0,0,-666666666.0,-666666666.0,0,-666666666.0,-666666666.0,-666666666.0,-666666666.0,-666666666.0,2024,-666666666.0,-666666666.0,-666666666.0,-666666666.0
12086980900,Census Tract 9809; Miami-Dade County; Florida,-666666666.0,-666666666.0,-666666666.0,-666666666.0,-666666666.0,-666666666.0,-666666666.0,-666666666,-666666666,-666666666,-666666666.0,-666666666.0,-666666666.0,-666666666.0,-666666666.0,-666666666.0,-666666666.0,-666666666.0,-666666666.0,-666666666.0,-666666666.0,-666666666.0,-666666666.0,-666666666.0,-666666666.0,-666666666.0,-666666666.0,-666666666.0,-666666666.0,-666666666,-666666666.0,-666666666.0,0,-666666666.0,-666666666.0,0,-666666666.0,-666666666.0,-666666666.0,-666666666.0,-666666666.0,2024,-666666666.0,-666666666.0,-666666666.0,-666666666.0
12086981000,Census Tract 9810; Miami-Dade County; Florida,-666666666.0,-666666666.0,-666666666.0,-666666666.0,-666666666.0,-666666666.0,-666666666.0,-666666666,-666666666,-666666666,-666666666.0,-666666666.0,-666666666.0,-666666666.0,-666666666.0,-666666666.0,-666666666.0,-666666666.0,-666666666.0,-666666666.0,-666666666.0,-666666666.0,-666666666.0,-666666666.0,-666666666.0,-666666666.0,-666666666.0,-666666666.0,-666666666.0,-666666666,-666666666.0,-666666666.0,0,-666666666.0,-666666666.0,0,-666666666.0,-666666666.0,-666666666.0,-666666666.0,-666666666.0,2024,-666666666.0,-666666666.0,-666666666.0,-666666666.0
12086981100,Census Tract 9811; Miami-Dade County; Florida,89.5,0.0,76.5,0.0,0.0,0.0,13.2,98333,91988,28300,0.0,0.0,0.0,0.0,0.0,12.5,87.5,0.0,0.0,0.0,3.6,0.0,10.7,0.0,12.5,87.5,0.0,0.0,100.0,2167,75.0,12.5,8,100.0,0.0,28,32.5,35.7,0.0,78.6,21.4,2024,100.0,0.0,0.0,78.6
12086981200,Census Tract 9812; Miami-Dade County; Florida,-666666666.0,-666666666.0,-666666666.0,-666666666.0,-666666666.0,-666666666.0,-666666666.0,-666666666,-666666666,-666666666,-666666666.0,-666666666.0,-666666666.0,-666666666.0,-666666666.0,-666666666.0,-666666666.0,-666666666.0,-666666666.0,-666666666.0,-666666666.0,-666666666.0,-666666666.0,-666666666.0,-666666666.0,-666666666.0,-666666666.0,-666666666.0,-666666666.0,-666666666,-666666666.0,-666666666.0,0,-666666666.0,-666666666.0,0,-666666666.0,-666666666.0,-666666666.0,-666666666.0,-666666666.0,2024,-666666666.0,-666666666.0,-666666666.0,-666666666.0
12086981300,Census Tract 9813; Miami-Dade County; Florida,3.8,0.0,23.1,0.0,26.9,50.0,-999999999.0,69256,74455,4281,0.0,0.0,0.0,0.0,0.0,67.6,25.4,7.0,0.0,0.0,0.0,0.0,0.0,0.0,67.6,25.4,7.0,91.5,8.5,-666666666,0.0,100.0,71,100.0,0.0,2140,51.1,3.3,14.8,30.1,30.6,2024,37.2,37.2,0.2,22.1
12086990000,Census Tract 9900; Miami-Dade County; Florida,-666666666.0,-666666666.0,-666666666.0,-666666666.0,-666666666.0,-666666666.0,-666666666.0,-666666666,-666666666,-666666666,-666666666.0,-666666666.0,-666666666.0,-666666666.0,-666666666.0,-666666666.0,-666666666.0,-666666666.0,-666666666.0,-666666666.0,-666666666.0,-666666666.0,-666666666.0,-666666666.0,-666666666.0,-666666666.0,-666666666.0,-666666666.0,-666666666.0,-666666666,-666666666.0,-666666666.0,0,-666666666.0,-666666666.0,0,-666666666.0,-666666666.0,-666666666.0,-666666666.0,-666666666.0,2024,-666666666.0,-666666666.0,-666666666.0,-666666666.0
