GEOID,NAME,employment_rate_pct,unemployment_rate_pct,commute_drove_alone_pct,commute_public_transit_pct,commute_walked_pct,commute_wfh_pct,mean_commute_time_min,median_household_income,mean_household_income,per_capita_income,hh_income_under_10k_pct,hh_income_10k_15k_pct,hh_income_15k_25k_pct,hh_income_25k_35k_pct,hh_income_35k_50k_pct,hh_income_50k_75k_pct,hh_income_75k_100k_pct,hh_income_100k_150k_pct,hh_income_150k_200k_pct,hh_income_200k_plus_pct,poverty_rate_pct,snap_benefits_pct,no_health_insurance_pct,hh_no_vehicle_pct,hh_1_vehicle_pct,hh_2_vehicles_pct,hh_3plus_vehicles_pct,owner_occupied_pct,renter_occupied_pct,median_gross_rent,rent_burden_30pct_plus,rent_burden_50pct_plus,total_housing_units,occupied_units_pct,vacant_units_pct,total_population,median_age,under_18_pct,age_65_plus_pct,white_alone_pct,black_alone_pct,two_or_more_races_pct,asian_alone_pct,hispanic_latino_pct,foreign_born_pct,year
12086000107,"Census Tract 1.07, Miami-Dade County, Florida",62.6,1.9,87.7,1.1,3.7,6.2,31.0,52389,81011,44246,2.2,4.4,6.4,11.8,14.6,26.9,8.5,13.8,3.5,8.0,10.9,3.5,4.4,4.4,58.8,30.5,6.3,35.9,64.1,1661,6.8,65.3,2476,57.3,42.7,2699,51.1,10.6,25.3,93.7,1.5,1.6,0.9,49.1,57.9,2019
12086000109,"Census Tract 1.09, Miami-Dade County, Florida",61.2,4.1,78.4,11.1,0.0,1.1,31.3,41518,58325,22526,16.0,4.2,15.3,10.2,13.9,19.6,5.3,6.7,5.0,3.7,23.3,33.9,21.3,12.7,40.9,33.3,13.1,26.7,73.3,1196,18.4,53.0,1260,84.8,15.2,2991,37.5,22.2,7.0,75.5,16.6,1.2,0.5,70.5,57.1,2019
12086000113,"Census Tract 1.13, Miami-Dade County, Florida",55.8,7.3,77.9,2.0,1.2,9.5,33.7,61991,100468,49393,7.6,3.1,10.6,10.8,13.3,8.4,11.8,9.6,11.2,13.7,8.3,3.9,7.2,7.2,45.9,40.5,6.4,53.8,46.2,2150,2.8,56.5,6488,58.2,41.8,7966,50.0,12.7,26.1,91.8,3.4,1.0,2.0,41.0,55.8,2019
12086000115,"Census Tract 1.15, Miami-Dade County, Florida",59.7,5.0,74.7,7.2,0.2,10.1,31.0,72879,180609,69924,5.6,1.9,3.1,6.2,19.0,16.9,9.6,9.4,7.0,21.2,7.0,1.3,10.4,1.9,41.8,43.4,12.9,52.4,47.6,1534,5.0,50.4,2573,39.5,60.5,2713,38.1,18.3,17.7,98.4,0.8,0.0,0.6,50.4,63.6,2019
12086000118,"Census Tract 1.18, Miami-Dade County, Florida",43.7,3.8,67.1,3.3,0.0,16.7,29.0,111250,289169,130286,9.5,3.6,0.0,7.7,4.5,11.4,11.8,11.6,8.0,31.8,12.1,2.3,9.2,13.2,60.9,20.7,5.2,82.3,17.7,3238,0.0,69.7,1904,23.1,76.9,977,54.3,15.3,29.3,92.5,0.0,1.1,1.5,22.6,59.4,2019
12086000119,"Census Tract 1.19, Miami-Dade County, Florida",50.4,4.4,89.5,1.2,0.0,3.1,40.2,59004,107847,54232,9.1,5.7,9.4,6.4,11.9,18.8,6.7,12.3,9.6,10.0,7.8,4.4,7.8,11.4,49.2,33.3,6.1,52.9,47.1,2112,9.0,66.3,3170,63.2,36.8,4082,50.6,14.2,27.1,95.3,0.0,2.6,2.0,39.0,46.0,2019
12086000120,"Census Tract 1.20, Miami-Dade County, Florida",66.8,5.6,78.7,2.3,1.4,9.2,29.1,79954,130711,55436,3.4,2.5,5.7,7.8,10.6,18.0,17.6,10.1,9.0,15.5,7.6,8.1,20.2,5.0,40.1,38.0,16.9,65.5,34.5,1441,14.8,47.5,2233,80.8,19.2,4331,44.0,17.3,14.3,90.4,4.5,1.6,1.7,54.4,50.0,2019
12086000121,"Census Tract 1.21, Miami-Dade County, Florida",36.0,6.6,78.7,0.0,1.7,11.7,33.7,106964,173285,77650,3.6,5.4,8.6,10.9,6.4,10.4,2.9,18.4,9.0,24.3,7.9,2.9,5.5,4.2,52.9,37.8,5.1,76.2,23.8,2444,7.4,33.8,1787,34.3,65.7,1397,56.4,15.8,36.0,83.2,8.5,1.4,5.9,18.5,41.4,2019
12086000122,"Census Tract 1.22, Miami-Dade County, Florida",51.4,1.5,56.7,2.0,0.0,16.2,30.6,74583,125571,61782,8.4,3.4,5.6,5.4,14.6,12.8,10.4,15.5,10.5,13.3,10.7,1.2,3.6,9.3,54.0,33.2,3.5,73.8,26.2,1598,8.6,56.9,3447,60.5,39.5,4348,53.9,15.2,29.9,97.0,1.4,0.0,0.5,42.2,45.8,2019
12086000123,"Census Tract 1.23, Miami-Dade County, Florida",49.0,2.6,73.0,0.7,3.0,9.5,33.2,61250,99580,44843,10.3,3.8,13.4,8.5,7.2,12.3,13.6,16.0,4.7,10.3,17.7,7.3,9.1,6.5,52.4,31.0,10.0,72.7,27.3,1581,8.2,51.7,4341,41.7,58.3,4157,52.0,13.2,30.0,88.2,4.2,4.0,3.1,34.6,62.8,2019
12086000124,"Census Tract 1.24, Miami-Dade County, Florida",61.2,5.4,66.3,14.1,4.9,8.4,32.6,35846,52428,20563,7.7,10.0,15.6,14.7,17.4,13.0,13.9,5.8,0.0,1.8,12.9,32.7,25.5,17.4,48.5,21.0,13.2,32.5,67.5,1067,9.3,55.6,1250,89.0,11.0,3199,30.7,13.8,9.8,50.0,41.8,2.0,0.8,42.0,50.8,2019
12086000125,"Census Tract 1.25, Miami-Dade County, Florida",60.9,2.3,73.7,2.7,6.2,5.3,32.2,47637,59258,29577,9.6,3.2,14.6,9.2,18.3,13.2,14.5,13.2,2.5,1.6,10.8,4.1,13.2,13.9,55.7,27.3,3.1,63.1,36.9,1658,4.0,75.8,2737,51.0,49.0,2930,49.4,15.4,22.6,91.6,2.2,0.0,3.2,42.8,54.4,2019
12086000126,"Census Tract 1.26, Miami-Dade County, Florida",44.1,6.0,79.0,7.7,0.0,7.1,36.7,32423,61361,32420,18.2,7.2,9.9,15.0,13.9,12.1,9.0,9.6,3.5,1.8,17.7,14.6,8.4,30.7,49.1,17.0,3.2,44.1,55.9,1020,6.1,46.9,2229,53.0,47.0,2313,59.5,11.3,36.0,88.0,2.9,1.3,3.4,34.8,67.7,2019
12086000127,"Census Tract 1.27, Miami-Dade County, Florida",55.0,3.5,86.5,0.6,0.7,6.0,30.8,36974,80544,41675,12.8,4.7,15.2,15.0,12.8,9.6,9.7,8.7,2.6,8.8,12.9,9.7,9.9,7.4,57.2,32.3,3.1,55.6,44.4,1375,0.0,71.2,1878,71.1,28.9,2723,44.9,18.1,23.7,92.3,3.6,2.4,1.0,41.2,47.3,2019
12086000128,"Census Tract 1.28, Miami-Dade County, Florida",74.0,4.9,89.1,1.0,0.3,1.3,35.7,63889,96187,45095,3.6,5.3,6.3,5.9,11.7,27.6,13.8,12.2,7.3,6.4,6.5,7.0,12.9,5.1,44.7,44.0,6.2,46.8,53.2,1349,15.1,26.1,2054,66.4,33.6,3021,44.1,13.6,11.1,94.7,4.0,0.6,0.0,65.5,49.2,2019
12086000129,"Census Tract 1.29, Miami-Dade County, Florida",35.0,0.0,49.3,0.0,13.7,27.9,39.7,114653,208962,104125,7.6,3.5,4.3,7.9,8.6,5.4,7.7,11.4,12.8,30.9,7.2,1.0,2.7,7.1,38.5,43.9,10.5,88.6,11.4,3278,12.0,70.0,2263,44.9,55.1,2079,64.6,11.9,48.1,92.8,0.0,0.0,3.8,26.6,42.1,2019
12086000130,"Census Tract 1.30, Miami-Dade County, Florida",50.0,3.2,71.5,2.6,0.0,15.0,37.8,73125,119591,60437,3.0,3.7,10.1,15.6,4.7,13.7,12.8,18.1,7.2,11.3,5.7,2.3,7.4,7.0,54.4,34.9,3.7,62.7,37.3,2093,2.8,44.1,3509,36.4,63.6,2599,55.8,10.2,34.3,94.0,2.9,1.3,0.6,42.3,65.8,2019
12086000131,"Census Tract 1.31, Miami-Dade County, Florida",64.0,6.2,74.1,2.1,1.2,11.1,32.7,67500,105149,51723,3.4,2.7,11.5,9.5,10.8,20.0,7.2,17.7,7.3,9.9,7.9,5.3,4.3,9.3,48.3,33.4,9.0,57.3,42.7,2071,15.6,50.5,3128,55.2,44.8,3789,40.6,20.4,16.7,93.6,0.6,1.9,1.3,44.7,55.8,2019
12086000132,"Census Tract 1.32, Miami-Dade County, Florida",45.7,4.6,78.0,0.0,0.0,8.8,31.4,31181,47295,30460,15.6,9.2,19.5,10.9,10.5,13.4,10.1,8.1,1.2,1.6,18.2,4.2,5.4,20.9,60.1,14.2,4.8,61.1,38.9,1524,11.3,55.9,4054,65.2,34.8,4237,62.7,9.3,46.7,87.3,8.0,2.1,1.5,51.3,62.3,2019
12086000133,"Census Tract 1.33, Miami-Dade County, Florida",61.9,4.4,78.2,1.8,1.5,13.0,29.0,114926,173796,72117,3.7,0.6,5.9,2.1,7.4,10.7,10.3,20.8,11.2,27.5,4.0,2.9,3.1,1.3,37.3,48.7,12.7,82.9,17.1,2020,7.3,23.0,3883,69.0,31.0,6571,47.6,18.5,21.3,96.4,0.0,2.5,1.1,31.7,42.6,2019
12086000134,"Census Tract 1.34, Miami-Dade County, Florida",55.8,5.8,82.8,1.8,2.6,5.1,32.6,31639,48474,27433,10.9,9.4,19.8,16.0,11.2,11.9,5.4,10.8,1.9,2.6,18.4,7.6,12.8,13.7,61.2,21.6,3.5,62.3,37.7,1353,11.5,76.5,1982,75.2,24.8,2834,50.0,11.8,25.6,89.4,3.1,1.9,2.7,50.9,59.5,2019
12086000140,"Census Tract 1.40, Miami-Dade County, Florida",79.4,3.6,82.1,1.1,4.6,4.9,31.5,54548,72727,38412,5.7,5.3,7.7,12.8,13.7,18.7,13.5,12.1,5.5,5.0,10.5,6.1,12.6,2.8,65.5,30.5,1.3,18.5,81.5,1658,6.0,51.7,2641,80.9,19.1,4213,40.8,19.0,7.2,87.8,4.8,1.1,3.0,67.2,59.2,2019
12086000202,"Census Tract 2.02, Miami-Dade County, Florida",64.9,6.2,80.7,5.1,1.3,2.2,32.8,41143,51879,19565,13.9,7.1,13.7,6.1,22.2,12.8,9.1,10.2,3.8,1.2,21.7,23.9,19.8,5.2,41.9,32.5,20.4,57.0,43.0,1166,19.5,60.7,2335,93.3,6.7,6717,39.8,21.6,15.1,59.1,34.4,0.8,3.4,51.2,54.8,2019
12086000204,"Census Tract 2.04, Miami-Dade County, Florida",58.2,6.0,90.1,4.8,2.5,0.0,29.4,62262,79722,21797,2.7,3.0,10.7,10.0,13.7,26.6,13.2,11.0,3.2,6.0,11.6,24.1,28.6,4.1,16.9,46.6,32.4,78.6,21.4,1577,6.0,55.1,1312,89.0,11.0,4873,36.3,17.5,13.9,26.7,61.9,1.2,0.3,23.9,57.8,2019
12086000206,"Census Tract 2.06, Miami-Dade County, Florida",56.7,7.4,77.0,11.1,1.9,0.4,32.8,43508,50059,15168,9.0,5.8,14.1,9.8,21.1,22.2,8.4,8.4,0.0,1.3,24.0,30.3,24.4,13.2,31.0,39.5,16.2,52.6,47.4,1205,2.7,62.9,1721,92.4,7.6,6226,35.7,24.3,13.4,26.2,68.8,1.8,2.1,21.3,57.0,2019
12086000209,"Census Tract 2.09, Miami-Dade County, Florida",53.9,10.7,68.7,14.8,0.6,5.2,34.6,31977,40082,13728,12.6,6.4,11.2,23.3,18.0,16.7,7.3,3.4,0.4,0.7,27.0,32.2,28.8,15.5,54.6,25.8,4.1,20.0,80.0,1119,7.8,60.9,3051,92.0,8.0,9245,33.4,28.3,10.5,23.5,71.5,0.6,0.7,19.9,59.3,2019
12086000211,"Census Tract 2.11, Miami-Dade County, Florida",64.0,9.8,80.5,4.3,1.5,2.4,34.1,53533,64012,23778,3.9,5.7,12.8,10.5,12.8,24.2,9.8,16.3,2.1,1.9,13.4,10.6,16.0,7.0,41.8,34.5,16.8,60.4,39.6,1592,7.7,61.0,1103,84.4,15.6,2812,39.4,19.0,13.1,74.2,18.4,1.4,4.3,53.2,49.6,2019
12086000212,"Census Tract 2.12, Miami-Dade County, Florida",59.2,13.1,75.5,6.5,2.2,0.5,34.3,33958,51609,21815,7.1,7.7,15.2,20.3,25.1,12.6,7.3,2.8,0.8,1.3,21.7,19.5,35.6,12.4,58.0,24.6,5.0,17.7,82.3,1109,5.3,59.5,1969,84.7,15.3,4709,34.2,22.0,8.2,50.6,41.5,2.8,1.9,47.5,59.9,2019
12086000213,"Census Tract 2.13, Miami-Dade County, Florida",61.9,2.3,77.0,6.6,2.6,2.8,31.1,40250,59061,18184,3.9,9.7,11.5,21.5,16.3,8.3,12.1,9.9,3.3,3.5,13.0,21.0,20.2,10.1,42.2,31.4,16.3,49.7,50.3,1291,7.2,65.0,1646,83.8,16.2,5005,34.1,29.1,13.5,46.6,44.1,0.7,3.2,17.4,45.8,2019
12086000214,"Census Tract 2.14, Miami-Dade County, Florida",66.7,2.1,68.3,8.7,5.3,0.4,31.7,39962,72005,24937,11.4,6.3,5.9,18.5,15.5,19.4,7.8,7.1,1.7,6.3,17.1,22.6,12.1,13.9,43.1,35.8,7.3,46.0,54.0,1135,9.2,54.3,2725,82.1,17.9,6754,31.3,33.3,11.9,60.0,24.7,0.7,5.2,39.6,42.3,2019
12086000215,"Census Tract 2.15, Miami-Dade County, Florida",60.6,5.4,68.5,20.3,0.7,0.0,35.3,37306,47554,15957,10.1,4.2,8.0,20.8,23.5,19.5,6.3,2.8,3.6,1.2,15.4,34.4,27.9,15.5,51.5,29.1,3.9,40.6,59.4,1032,10.8,47.2,1306,92.5,7.5,4197,35.0,25.9,15.4,12.3,80.3,1.7,2.1,13.7,59.1,2019
12086000216,"Census Tract 2.16, Miami-Dade County, Florida",67.4,9.1,77.9,11.3,1.7,1.1,36.4,58529,72775,20726,4.2,6.3,7.9,11.4,13.1,24.1,11.3,6.0,10.6,5.2,17.1,26.7,21.3,5.6,28.8,41.1,24.5,78.9,21.1,1228,16.5,67.9,1128,95.7,4.3,4954,34.4,18.5,12.8,15.1,75.1,2.0,2.2,18.1,56.7,2019
12086000217,"Census Tract 2.17, Miami-Dade County, Florida",56.2,9.4,67.4,13.4,0.0,2.3,34.0,38623,50305,15838,7.8,6.3,18.0,11.6,17.7,18.8,6.9,10.3,1.6,1.1,24.1,32.1,26.9,12.1,44.5,29.8,13.6,42.0,58.0,1195,2.0,71.1,1796,94.8,5.2,6545,33.2,25.1,12.1,17.0,77.6,4.3,0.0,15.9,57.8,2019
12086000218,"Census Tract 2.18, Miami-Dade County, Florida",60.9,13.4,70.8,10.0,0.7,3.6,33.4,39950,58291,17248,2.0,5.4,24.6,11.2,13.4,14.5,8.3,13.8,6.9,0.0,22.4,36.7,23.7,12.3,40.1,28.1,19.5,56.0,44.0,1027,1.6,68.8,1032,91.6,8.4,3873,34.0,25.3,10.3,14.9,78.3,1.3,1.8,20.4,56.2,2019
12086000219,"Census Tract 2.19, Miami-Dade County, Florida",59.7,8.9,65.0,11.7,7.3,0.8,31.1,33125,43144,14950,17.3,7.3,15.8,12.7,13.4,21.5,8.6,2.8,0.0,0.6,36.6,26.7,36.8,21.7,48.9,25.6,3.8,19.9,80.1,1086,5.6,58.4,1855,86.7,13.3,5241,31.2,25.6,8.7,27.5,62.4,2.1,1.0,26.6,52.3,2019
12086000220,"Census Tract 2.20, Miami-Dade County, Florida",66.1,6.0,69.8,10.0,0.4,2.6,32.2,40511,47785,17276,9.1,7.4,17.3,14.5,15.9,16.9,11.6,4.6,1.3,1.3,22.4,29.7,31.7,16.8,40.7,30.5,11.9,29.8,70.2,1132,14.7,59.0,1649,86.4,13.6,4674,36.2,23.9,11.0,24.3,63.9,1.3,0.8,32.0,56.2,2019
12086000301,"Census Tract 3.01, Miami-Dade County, Florida",54.9,10.4,75.2,13.7,0.6,2.8,35.3,51366,58875,17719,11.9,1.9,4.9,10.3,17.8,30.1,4.8,13.5,4.8,0.0,12.9,32.4,26.3,7.2,35.5,31.4,26.0,65.0,35.0,1207,19.2,55.2,2315,85.6,14.4,7769,34.7,22.3,15.2,26.7,63.3,5.8,1.7,19.1,47.7,2019
12086000302,"Census Tract 3.02, Miami-Dade County, Florida",56.2,5.4,73.1,14.1,0.0,0.9,30.2,52813,65911,19126,1.6,8.3,10.5,10.8,16.6,16.6,14.1,16.3,3.9,1.3,18.1,28.7,30.5,2.7,32.3,36.1,29.0,86.8,13.2,1330,10.3,83.8,691,92.3,7.7,2610,38.6,20.5,15.0,29.2,65.7,0.4,1.0,28.2,51.8,2019
12086000305,"Census Tract 3.05, Miami-Dade County, Florida",58.4,8.6,61.4,18.3,4.0,1.9,33.6,40596,49760,16231,9.6,5.4,11.6,16.5,16.7,21.8,8.9,7.2,1.5,1.0,21.3,34.1,26.1,17.4,41.7,28.7,12.2,31.2,68.8,1142,7.8,63.8,2595,93.0,7.0,8257,35.5,26.6,10.9,21.2,72.4,0.4,5.4,18.3,55.1,2019
12086000306,"Census Tract 3.06, Miami-Dade County, Florida",54.9,8.0,70.4,16.7,1.8,2.7,33.3,31866,46559,16358,8.5,10.4,15.4,20.3,13.6,15.7,3.7,9.4,2.2,0.7,28.0,33.3,28.6,24.2,44.0,17.0,14.8,31.8,68.2,1029,8.7,63.9,1961,82.6,17.4,5235,36.4,23.3,13.6,22.4,71.3,2.3,0.7,23.4,53.7,2019
12086000307,"Census Tract 3.07, Miami-Dade County, Florida",57.9,4.5,74.2,5.0,0.0,8.8,32.6,44181,72397,22447,2.6,5.1,12.6,16.4,17.8,18.9,10.2,8.9,4.6,2.9,17.4,28.6,25.1,3.0,29.1,36.9,31.0,76.1,23.9,1353,11.4,53.8,1238,93.1,6.9,4536,39.3,14.8,17.8,26.3,68.3,2.1,1.0,26.3,55.9,2019
12086000308,"Census Tract 3.08, Miami-Dade County, Florida",57.9,11.6,76.2,7.4,0.5,4.4,31.3,62757,74702,20094,4.6,0.8,11.1,6.0,6.6,35.4,12.8,12.8,6.3,3.4,7.9,23.3,19.6,4.7,22.8,47.8,24.7,86.3,13.7,1220,0.0,65.8,1406,94.1,5.9,5681,36.3,18.9,13.2,27.6,67.7,1.9,1.6,26.3,45.2,2019
12086000402,"Census Tract 4.02, Miami-Dade County, Florida",56.5,4.5,61.2,18.7,0.4,0.0,34.2,38355,40772,14225,22.4,4.1,15.8,5.3,16.5,23.7,7.6,4.6,0.0,0.0,34.7,42.5,23.9,15.0,50.9,18.7,15.4,51.6,48.4,1354,12.1,63.6,1132,94.2,5.8,3713,32.4,24.1,5.4,28.1,64.5,0.0,5.8,22.6,32.7,2019
12086000403,"Census Tract 4.03, Miami-Dade County, Florida",54.5,8.1,81.5,3.9,1.6,0.3,29.0,27483,38964,15519,22.3,7.6,14.5,11.4,15.2,13.4,9.3,6.3,0.0,0.0,31.0,44.4,26.3,18.1,41.0,26.2,14.8,40.0,60.0,1011,1.6,53.4,2824,93.3,6.7,7829,34.2,22.4,12.1,12.2,85.0,0.0,0.3,17.6,13.5,2019
12086000404,"Census Tract 4.04, Miami-Dade County, Florida",49.3,9.8,77.7,6.6,5.1,3.0,32.1,35938,50559,16275,3.1,7.6,20.8,17.7,17.5,18.1,8.0,2.6,3.8,0.7,18.1,40.6,17.6,5.3,52.9,26.4,15.3,56.2,43.8,1151,7.1,63.6,2168,92.5,7.5,7219,38.8,25.3,19.3,25.0,65.3,0.8,0.0,35.7,39.1,2019
12086000405,"Census Tract 4.05, Miami-Dade County, Florida",52.5,5.8,84.3,3.0,0.0,0.0,28.8,50582,51541,16712,10.4,4.6,7.3,13.9,12.3,26.5,16.1,8.0,1.0,0.0,17.1,25.2,20.7,4.3,40.3,31.9,23.5,84.6,15.4,1490,0.0,72.2,1158,98.4,1.6,4157,40.2,20.7,13.8,26.6,67.3,2.5,0.3,28.9,43.9,2019
12086000408,"Census Tract 4.08, Miami-Dade County, Florida",48.6,14.3,77.2,12.1,1.1,0.4,35.1,35714,43248,14373,10.6,8.2,17.0,13.0,15.4,18.7,12.0,3.8,1.3,0.0,24.7,49.3,21.0,18.8,41.6,25.6,14.0,31.3,68.7,1028,11.6,51.6,1889,87.2,12.8,5858,34.8,25.4,14.0,15.5,75.5,0.4,0.5,26.1,38.3,2019
12086000409,"Census Tract 4.09, Miami-Dade County, Florida",66.4,3.5,78.7,8.7,1.9,0.6,35.0,46680,52352,16994,7.9,5.4,15.2,15.9,7.3,24.1,13.1,9.6,0.0,1.5,19.9,35.8,24.5,4.3,47.7,30.8,17.3,37.0,63.0,1305,4.3,56.4,1331,97.9,2.1,4995,32.4,25.7,11.4,19.7,78.0,0.6,1.7,24.5,41.5,2019
12086000410,"Census Tract 4.10, Miami-Dade County, Florida",61.1,4.0,85.0,8.8,0.0,0.0,31.4,44009,55146,16283,11.3,3.0,16.9,7.6,20.7,21.2,7.8,7.5,1.7,2.2,17.5,28.9,19.1,6.3,28.7,43.0,22.0,71.2,28.8,1349,18.6,42.4,1113,98.1,1.9,4444,37.3,22.7,15.7,28.3,70.7,0.4,0.6,26.8,56.2,2019
12086000411,"Census Tract 4.11, Miami-Dade County, Florida",56.0,11.2,72.8,14.0,2.6,2.4,36.0,31120,45995,16778,14.9,5.0,19.8,14.8,21.0,13.2,4.1,4.5,2.3,0.5,23.7,39.8,26.9,23.1,47.7,21.3,7.9,26.1,73.9,1046,8.5,65.9,1817,91.1,8.9,5418,36.0,26.6,10.6,18.7,73.5,2.3,0.2,26.9,44.9,2019
12086000412,"Census Tract 4.12, Miami-Dade County, Florida",47.9,7.6,88.4,6.6,0.5,0.0,34.9,33708,40394,13285,13.9,9.9,14.2,15.0,18.1,19.5,3.9,3.8,1.7,0.0,25.6,44.4,18.2,20.5,37.7,23.8,18.0,48.2,51.8,855,13.0,48.4,2211,94.2,5.8,7164,33.6,32.3,15.2,31.2,63.9,0.3,0.0,41.2,36.8,2019
12086000413,"Census Tract 4.13, Miami-Dade County, Florida",61.0,9.4,78.1,9.7,0.4,1.0,33.4,51510,64343,18945,9.1,2.9,12.9,10.1,12.8,28.9,10.4,6.8,3.8,2.4,20.0,29.6,23.8,8.9,39.6,31.4,20.1,68.7,31.3,1217,24.5,27.5,1464,87.2,12.8,4908,32.1,23.9,10.1,24.3,71.8,2.0,0.4,23.5,38.0,2019
12086000414,"Census Tract 4.14, Miami-Dade County, Florida",56.8,12.1,72.6,8.8,3.0,0.1,34.1,30000,43636,17168,16.2,5.7,19.3,15.5,15.7,12.2,4.0,9.0,0.6,1.7,30.8,18.2,23.3,13.6,48.6,27.3,10.5,28.6,71.4,996,12.0,67.4,1932,88.7,11.3,4676,37.7,23.1,11.5,10.0,86.4,1.2,0.0,9.5,40.3,2019
12086000501,"Census Tract 5.01, Miami-Dade County, Florida",44.8,10.3,83.9,1.2,3.1,0.1,31.1,38025,48002,14141,15.9,6.0,12.0,13.6,16.0,15.6,7.1,12.1,0.9,0.8,26.3,41.4,21.5,7.3,33.7,36.0,22.9,56.0,44.0,1231,13.4,66.6,1814,94.1,5.9,7093,31.7,20.6,13.6,40.0,57.1,0.5,0.7,35.9,25.6,2019
12086000503,"Census Tract 5.03, Miami-Dade County, Florida",45.8,12.9,84.9,5.8,1.6,0.0,28.4,21708,34660,13501,25.1,9.5,18.8,17.7,4.0,12.8,5.3,3.7,2.0,1.1,44.2,49.8,25.6,22.1,42.6,30.9,4.5,26.7,73.3,936,5.1,65.5,2906,89.4,10.6,7548,31.8,30.5,8.7,35.5,58.4,1.9,0.0,46.6,39.1,2019
12086000504,"Census Tract 5.04, Miami-Dade County, Florida",42.7,11.0,85.4,3.8,2.0,3.0,27.1,21526,36436,13935,25.8,7.9,21.9,13.1,8.2,11.6,5.7,3.6,1.2,1.1,40.9,55.0,18.2,20.8,33.8,23.1,22.3,42.9,57.1,1045,5.3,77.6,1684,96.0,4.0,4896,38.8,26.6,21.8,42.2,49.7,0.9,0.0,51.1,35.2,2019
12086000505,"Census Tract 5.05, Miami-Dade County, Florida",51.9,4.9,90.3,1.2,2.6,0.0,30.0,30969,38618,13636,22.8,8.1,10.7,18.7,12.5,11.0,10.1,4.7,1.3,0.0,27.8,46.4,22.7,17.3,31.1,34.9,16.7,40.8,59.2,1177,7.4,64.2,1943,95.6,4.4,6005,42.7,19.1,19.9,88.5,8.5,0.3,0.1,90.0,73.5,2019
12086000601,"Census Tract 6.01, Miami-Dade County, Florida",55.5,3.6,80.0,1.5,0.0,8.3,29.3,44768,54152,18784,6.0,8.9,16.9,10.4,12.5,19.4,13.3,9.6,3.0,0.0,20.0,22.7,20.3,3.6,39.3,26.7,30.4,68.3,31.7,1580,20.2,41.6,1525,93.7,6.3,4924,46.2,15.0,22.8,94.2,0.5,0.5,1.0,94.8,72.8,2019
12086000602,"Census Tract 6.02, Miami-Dade County, Florida",54.6,6.2,84.1,0.0,0.3,6.2,28.1,45682,59243,18784,7.8,6.6,14.2,14.9,10.0,12.6,19.7,8.8,4.2,1.3,22.3,34.3,21.1,6.8,30.7,34.8,27.7,79.3,20.7,1065,7.3,61.8,1543,95.0,5.0,5534,43.8,19.0,17.9,97.0,0.4,1.2,0.0,96.6,69.0,2019
12086000603,"Census Tract 6.03, Miami-Dade County, Florida",56.0,3.2,75.4,2.3,0.0,6.1,31.1,34583,59135,23746,12.6,15.4,11.9,10.2,13.0,10.9,8.7,9.2,5.5,2.5,18.6,35.1,17.7,7.3,36.2,31.9,24.7,64.5,35.5,1117,5.9,65.9,1626,97.3,2.7,4983,45.5,13.2,21.4,93.8,0.3,0.5,1.1,94.7,69.2,2019
12086000604,"Census Tract 6.04, Miami-Dade County, Florida",59.4,3.7,80.0,5.6,0.5,6.3,27.6,51277,57840,19480,6.0,6.3,19.4,9.7,7.3,21.1,10.9,14.3,3.9,1.2,20.2,32.9,11.4,7.7,30.1,29.9,32.3,66.3,33.7,1308,9.5,60.3,1869,92.9,7.1,6216,47.2,14.9,21.5,95.5,1.4,0.3,1.4,96.4,76.0,2019
12086000605,"Census Tract 6.05, Miami-Dade County, Florida",57.0,4.1,77.6,1.9,0.4,6.8,27.8,47917,55451,19532,9.9,6.4,19.9,7.7,12.2,18.1,11.1,6.6,8.1,0.0,24.3,42.4,23.5,1.1,43.1,30.1,25.7,63.7,36.3,1232,0.0,69.7,1327,94.7,5.3,4494,45.9,15.1,22.6,93.9,5.5,0.0,0.6,94.2,73.1,2019
12086000607,"Census Tract 6.07, Miami-Dade County, Florida",46.9,7.8,81.8,0.8,2.1,3.3,28.0,34044,55385,21398,15.5,5.2,16.9,14.1,8.7,17.8,9.5,5.3,3.0,3.8,15.4,40.9,17.7,13.1,36.2,31.1,19.6,65.3,34.7,1062,3.4,60.9,1524,95.5,4.5,4509,50.8,14.5,29.3,92.7,4.1,1.1,1.2,95.7,75.0,2019
12086000608,"Census Tract 6.08, Miami-Dade County, Florida",53.6,4.1,82.0,1.4,1.2,8.3,25.7,28024,35924,14494,20.1,11.0,12.8,17.8,14.9,7.8,11.8,3.7,0.0,0.0,29.3,48.4,28.9,12.0,39.3,33.7,15.0,33.5,66.5,953,4.1,66.6,2418,94.0,6.0,6678,49.4,13.1,25.5,96.2,3.6,0.0,0.0,97.3,84.0,2019
12086000705,"Census Tract 7.05, Miami-Dade County, Florida",51.0,8.7,65.1,3.1,7.6,8.0,24.3,21411,33478,15325,19.0,10.9,24.4,10.1,13.3,14.5,4.1,3.7,0.0,0.0,24.5,55.9,15.5,27.3,40.6,24.2,7.9,28.5,71.5,1209,10.7,55.0,2099,97.1,2.9,5101,51.7,16.2,28.7,89.8,1.3,0.7,0.0,98.7,80.7,2019
12086000706,"Census Tract 7.06, Miami-Dade County, Florida",52.9,3.6,68.4,2.7,0.9,14.5,27.1,27464,40611,16955,16.7,13.1,15.5,12.8,11.3,15.2,10.4,3.5,1.2,0.6,30.5,46.7,18.7,14.4,47.9,27.4,10.4,34.9,65.1,1285,8.4,62.3,2865,99.5,0.5,7910,43.2,16.5,23.5,90.7,2.6,0.4,0.5,98.7,82.0,2019
12086000707,"Census Tract 7.07, Miami-Dade County, Florida",47.4,6.7,80.3,6.2,1.0,7.0,31.3,41085,52768,17399,5.8,8.8,16.6,14.0,15.8,16.0,11.1,7.3,3.3,1.3,22.5,38.0,16.8,6.2,40.7,33.2,19.9,61.3,38.7,1448,10.0,63.7,2050,99.0,1.0,7012,47.1,16.6,24.6,96.9,0.7,0.7,0.7,94.8,68.7,2019
12086000708,"Census Tract 7.08, Miami-Dade County, Florida",50.4,8.9,88.4,0.0,0.5,7.6,26.7,38667,50359,19150,14.4,4.2,15.9,13.8,12.1,15.6,10.5,11.8,0.0,1.8,23.1,44.7,29.4,13.2,29.3,37.1,20.4,45.3,54.7,1235,8.1,59.5,2188,93.6,6.4,6116,50.1,12.0,24.2,91.4,4.4,0.0,0.0,95.3,81.6,2019
12086000709,"Census Tract 7.09, Miami-Dade County, Florida",45.1,2.1,76.0,2.8,1.4,10.8,30.1,33061,49588,17481,9.4,6.8,27.1,10.7,9.0,18.0,8.5,6.1,1.8,2.6,28.2,44.9,21.5,17.3,36.8,27.0,18.9,44.0,56.0,1061,3.8,69.4,2112,98.7,1.3,6687,49.0,17.0,25.6,96.8,0.2,1.2,0.0,97.5,74.6,2019
12086000710,"Census Tract 7.10, Miami-Dade County, Florida",55.6,2.9,64.8,9.1,2.7,6.7,30.7,25115,30474,13173,21.8,10.1,17.9,18.8,9.7,18.2,2.3,0.5,0.8,0.0,25.3,66.4,28.9,22.1,44.5,27.3,6.1,8.3,91.7,982,10.2,57.5,2240,92.8,7.2,5394,42.6,15.1,22.6,91.5,1.8,0.0,0.1,97.5,81.1,2019
12086000711,"Census Tract 7.11, Miami-Dade County, Florida",49.2,5.9,68.1,2.0,1.5,16.6,30.7,30469,46124,15940,15.1,10.1,15.2,16.5,11.0,17.9,4.1,9.2,0.0,0.8,33.5,43.0,23.2,11.4,46.0,29.6,13.0,30.1,69.9,1131,8.0,75.2,1967,96.8,3.2,6236,45.7,18.7,18.3,88.6,3.8,3.5,0.0,92.7,71.5,2019
12086000712,"Census Tract 7.12, Miami-Dade County, Florida",61.2,4.1,81.9,1.4,1.3,2.1,22.7,31103,47327,18319,10.9,14.0,14.5,14.2,10.0,15.7,11.8,4.1,4.0,0.8,22.8,37.2,29.5,10.4,42.7,34.5,12.4,26.8,73.2,1177,8.5,62.6,868,95.5,4.5,2457,39.5,12.9,14.2,90.6,2.6,1.2,0.0,98.5,76.8,2019
12086000804,"Census Tract 8.04, Miami-Dade County, Florida",53.5,3.8,74.4,4.4,0.3,8.9,29.9,40529,52236,18595,5.2,4.7,17.2,10.4,29.5,14.3,8.2,5.6,2.3,2.5,22.0,47.6,27.4,7.3,43.1,32.0,17.6,45.0,55.0,1118,17.5,50.3,1521,93.6,6.4,4750,46.4,14.2,22.7,91.0,2.3,0.0,0.0,97.5,79.5,2019
12086000805,"Census Tract 8.05, Miami-Dade County, Florida",51.4,3.0,80.5,1.4,3.0,4.7,29.7,31219,54410,18429,8.9,12.7,15.9,18.2,11.8,8.1,9.1,10.6,3.1,1.7,24.0,41.9,23.2,10.7,35.5,35.6,18.2,54.5,45.5,1219,3.8,71.3,1771,95.1,4.9,5865,48.2,17.9,24.9,93.4,0.3,1.3,0.0,96.9,74.8,2019
12086000806,"Census Tract 8.06, Miami-Dade County, Florida",46.4,6.4,86.6,2.8,1.6,4.7,31.9,25369,34350,14582,18.9,10.2,20.3,8.0,18.7,15.5,5.3,3.1,0.0,0.0,32.6,54.9,22.1,18.3,43.9,31.5,6.3,21.4,78.6,989,15.9,64.4,1694,98.0,2.0,4775,49.2,15.4,29.5,90.9,4.4,0.0,0.1,98.1,79.7,2019
12086000807,"Census Tract 8.07, Miami-Dade County, Florida",48.6,9.0,68.5,6.3,1.5,6.0,30.8,21757,29816,13547,19.0,15.2,22.7,13.9,13.1,9.2,3.8,1.2,1.8,0.0,33.0,44.1,27.0,29.5,49.0,12.2,9.2,7.2,92.8,927,9.4,61.9,1582,98.7,1.3,3893,52.2,15.2,25.6,92.9,1.8,1.1,0.0,94.4,77.3,2019
12086000808,"Census Tract 8.08, Miami-Dade County, Florida",60.3,7.2,79.6,4.8,1.5,4.1,28.5,33060,51903,19920,5.4,12.0,21.1,13.2,9.0,16.0,12.0,9.0,2.0,0.4,14.5,47.0,35.6,9.4,48.9,25.5,16.2,30.9,69.1,1008,9.9,55.6,1428,96.0,4.0,4117,45.5,13.9,19.2,90.9,2.2,1.9,0.0,93.6,79.1,2019
12086000901,"Census Tract 9.01, Miami-Dade County, Florida",51.3,5.4,85.0,4.5,0.0,1.1,34.9,38313,51213,16618,8.5,7.0,14.3,16.9,16.3,18.8,6.7,4.8,6.5,0.0,19.7,40.5,23.8,5.1,32.0,27.4,35.5,72.4,27.6,1195,7.0,58.3,2090,97.2,2.8,7506,49.2,15.2,21.8,55.7,18.8,0.4,2.7,82.8,61.6,2019
12086000902,"Census Tract 9.02, Miami-Dade County, Florida",53.2,3.4,87.1,1.4,0.0,2.7,31.5,33008,44201,15650,8.5,10.8,16.7,15.6,10.2,24.0,8.7,3.8,1.9,0.0,16.3,36.8,34.8,9.1,31.6,38.1,21.3,71.1,28.9,1141,18.0,62.8,1881,90.4,9.6,5783,45.4,18.0,18.2,62.6,30.2,0.2,0.2,71.0,51.4,2019
12086000903,"Census Tract 9.03, Miami-Dade County, Florida",55.2,4.3,74.3,12.8,0.5,1.8,36.3,35034,52460,16829,12.8,5.6,12.4,19.2,20.6,11.6,2.3,14.8,0.0,0.7,25.6,32.8,26.8,11.8,41.6,30.2,16.5,54.3,45.7,1086,4.2,67.3,928,88.9,11.1,3013,39.5,21.8,12.5,24.1,57.6,1.4,0.0,41.8,32.2,2019
12086001002,"Census Tract 10.02, Miami-Dade County, Florida",56.6,11.0,71.5,12.0,0.0,0.6,38.0,40355,48169,16847,5.9,4.1,13.1,15.4,26.9,16.9,11.1,5.5,1.2,0.0,20.7,42.6,25.1,15.1,45.6,24.2,15.1,55.3,44.7,1062,10.1,57.3,2214,89.8,10.2,6580,34.9,30.6,12.1,20.5,74.2,0.0,0.0,31.1,23.9,2019
12086001003,"Census Tract 10.03, Miami-Dade County, Florida",52.5,8.6,76.6,7.5,0.0,2.0,33.6,35915,47975,18119,17.2,11.6,11.8,8.3,11.8,19.7,10.3,6.1,1.3,1.9,31.4,34.0,23.8,13.4,35.4,37.4,13.8,56.8,43.2,1256,5.4,65.8,1961,91.4,8.6,5480,39.0,21.0,13.7,16.4,77.5,2.4,0.0,19.4,18.4,2019
12086001004,"Census Tract 10.04, Miami-Dade County, Florida",49.7,15.5,74.3,13.4,1.1,0.0,30.1,28500,36905,13164,19.1,2.2,25.0,15.1,16.8,13.6,2.4,4.5,0.5,0.8,40.7,48.3,23.1,15.0,60.6,17.9,6.5,21.7,78.3,1046,12.0,61.2,2411,88.6,11.4,6713,29.1,32.2,7.4,23.1,73.9,0.3,0.3,25.4,18.3,2019
12086001005,"Census Tract 10.05, Miami-Dade County, Florida",34.6,14.5,89.8,3.9,0.0,0.0,28.4,30886,40852,18034,12.8,8.8,15.6,17.0,17.7,15.0,5.9,5.7,0.0,1.3,31.3,41.5,12.3,25.9,44.0,16.4,13.7,28.0,72.0,952,20.8,47.0,878,94.0,6.0,2190,53.4,14.5,29.2,11.1,86.8,0.5,0.2,10.3,23.7,2019
12086001006,"Census Tract 10.06, Miami-Dade County, Florida",54.8,12.9,76.0,15.1,0.0,3.2,36.0,40511,47898,16652,23.4,6.5,6.3,7.9,16.3,23.1,5.8,7.1,1.3,2.3,25.5,40.7,21.7,21.7,42.6,24.5,11.2,51.0,49.0,799,2.5,46.5,1546,85.6,14.4,4509,36.9,24.0,13.2,20.5,65.3,4.1,1.3,27.4,49.7,2019
12086001101,"Census Tract 11.01, Miami-Dade County, Florida",50.8,11.5,65.0,11.8,0.0,2.4,34.3,49694,62693,17211,4.4,1.8,11.6,10.0,23.0,23.7,8.7,11.4,3.1,2.4,16.6,26.9,22.5,4.6,33.8,40.6,21.0,57.6,42.4,1574,6.0,57.9,1520,91.8,8.2,6066,35.0,21.9,16.6,32.2,59.0,1.3,3.7,25.7,49.6,2019
12086001102,"Census Tract 11.02, Miami-Dade County, Florida",55.8,6.2,76.6,3.9,2.6,6.1,28.2,75451,89703,22023,5.3,0.6,11.6,8.2,8.9,14.4,21.0,16.3,6.1,7.6,14.8,19.9,11.8,4.2,26.9,39.4,29.5,72.5,27.5,1507,14.9,49.2,1261,95.3,4.7,5650,30.4,16.7,9.9,42.5,46.6,2.2,1.6,33.8,38.1,2019
12086001103,"Census Tract 11.03, Miami-Dade County, Florida",59.9,6.7,81.2,11.1,0.0,3.5,34.1,41250,77009,27593,7.6,2.2,17.8,16.8,11.7,18.8,9.3,6.8,5.0,4.0,29.8,29.1,18.9,4.6,51.7,32.1,11.6,51.8,48.2,1146,14.7,58.6,1475,89.1,10.9,3840,39.0,25.3,14.8,19.6,65.8,5.6,1.1,22.2,51.2,2019
12086001104,"Census Tract 11.04, Miami-Dade County, Florida",73.0,4.6,72.9,1.5,0.6,6.1,29.5,123942,143027,50624,2.7,0.7,4.1,1.6,5.9,12.9,14.4,20.0,18.2,19.6,3.8,2.3,6.3,3.5,21.9,54.2,20.4,89.0,11.0,-666666666,15.6,62.6,1738,87.6,12.4,4506,39.7,27.5,13.8,62.9,22.0,3.9,4.0,38.2,31.4,2019
12086001203,"Census Tract 12.03, Miami-Dade County, Florida",68.6,4.5,79.2,4.5,0.7,4.2,37.6,37259,53960,21245,14.1,0.9,19.4,13.0,14.6,11.1,12.6,8.7,4.0,1.6,25.9,18.1,23.8,12.1,50.5,30.3,7.1,23.6,76.4,1284,8.4,59.6,3253,88.8,11.2,7936,34.8,22.2,9.9,42.1,50.2,1.9,1.1,37.1,49.1,2019
12086001204,"Census Tract 12.04, Miami-Dade County, Florida",64.0,8.1,79.6,2.9,3.0,6.8,34.5,48693,84305,40532,4.8,4.6,14.1,13.3,15.0,19.5,8.4,8.3,4.0,8.1,8.5,12.0,17.0,7.4,58.2,26.9,7.5,53.0,47.0,1329,25.9,56.7,3155,81.8,18.2,5704,43.7,15.6,19.7,77.8,14.6,2.6,3.5,52.8,44.0,2019
12086001205,"Census Tract 12.05, Miami-Dade County, Florida",70.3,4.5,78.3,1.2,4.1,5.2,31.2,105625,131558,48819,3.3,4.7,9.9,4.1,2.7,10.7,11.3,17.8,11.6,23.9,3.5,4.8,12.1,10.0,21.9,45.7,22.4,80.1,19.9,1168,2.7,71.4,1141,93.0,7.0,3014,43.3,24.4,14.4,85.0,4.5,3.6,0.9,39.6,29.2,2019
12086001206,"Census Tract 12.06, Miami-Dade County, Florida",61.4,8.0,67.9,9.4,0.5,12.5,31.4,109148,133019,53908,9.7,0.8,4.6,4.7,1.7,10.5,13.3,24.3,9.7,20.7,13.4,10.5,12.3,3.4,39.1,45.9,11.6,74.1,25.9,1283,3.7,47.2,2323,84.8,15.2,4996,44.7,17.0,17.1,75.0,17.4,3.0,3.0,42.3,29.9,2019
12086001301,"Census Tract 13.01, Miami-Dade County, Florida",65.3,7.7,78.5,8.1,0.0,2.6,31.4,32365,50659,28666,20.1,5.1,15.9,9.3,14.1,17.7,7.9,7.0,1.0,1.9,15.1,16.5,25.3,26.7,49.5,21.3,2.5,25.8,74.2,1087,11.6,58.0,3034,95.5,4.5,5229,40.3,13.0,13.0,54.7,38.3,0.0,2.1,40.0,35.2,2019
12086001302,"Census Tract 13.02, Miami-Dade County, Florida",75.1,1.8,79.6,3.0,2.6,9.6,26.9,53631,96912,49871,8.0,1.8,9.9,9.4,16.8,15.1,10.5,11.6,6.0,10.9,8.4,6.1,11.4,5.8,56.4,29.4,8.4,49.2,50.8,1210,16.2,55.5,3019,82.7,17.3,5052,40.9,17.3,14.5,63.6,23.8,3.3,1.9,44.2,42.1,2019
12086001401,"Census Tract 14.01, Miami-Dade County, Florida",51.6,15.3,74.7,13.9,3.0,0.0,33.4,21255,30201,12409,22.3,11.1,24.8,12.2,14.6,9.2,2.5,2.5,0.0,0.8,38.0,47.5,15.4,35.2,41.4,19.7,3.7,12.7,87.3,879,11.6,57.9,2392,88.7,11.3,5875,34.0,28.2,13.8,11.2,82.1,1.4,0.0,19.1,42.8,2019
12086001402,"Census Tract 14.02, Miami-Dade County, Florida",54.9,13.9,52.1,24.2,3.0,2.2,36.0,26850,45367,17656,20.5,6.8,18.7,14.2,20.3,12.5,1.6,4.0,0.0,1.5,34.2,45.4,20.2,33.3,47.6,14.2,5.0,9.2,90.8,918,7.0,56.2,2467,92.1,7.9,6409,37.3,26.3,15.4,30.1,64.6,2.3,0.0,33.1,59.6,2019
12086001501,"Census Tract 15.01, Miami-Dade County, Florida",41.0,19.1,50.2,33.4,2.6,0.0,39.4,18170,33982,11354,37.4,11.0,10.3,10.1,11.0,6.8,3.0,8.4,0.0,2.0,56.9,65.6,17.6,40.2,38.3,19.5,2.0,23.1,76.9,342,5.0,48.7,1388,82.1,17.9,3880,23.6,35.4,9.4,6.9,89.3,2.1,1.2,9.4,9.8,2019
12086001502,"Census Tract 15.02, Miami-Dade County, Florida",41.3,17.2,75.8,11.5,2.5,3.5,34.3,29833,41053,13659,25.1,4.8,9.1,20.4,17.9,12.7,6.5,2.3,0.0,1.1,39.8,56.0,17.6,15.2,55.3,17.9,11.6,24.8,75.2,965,6.9,63.8,1440,82.9,17.1,3880,29.2,32.2,10.8,19.0,73.6,0.0,0.0,33.0,23.1,2019
12086001602,"Census Tract 16.02, Miami-Dade County, Florida",61.4,3.2,88.7,0.3,0.6,2.8,26.6,44359,61424,20807,10.2,3.6,17.3,10.6,10.6,19.1,9.3,11.9,3.7,3.7,13.0,38.0,26.9,5.6,29.2,35.8,29.4,61.4,38.6,1237,8.3,70.1,1904,96.0,4.0,6651,45.8,14.0,18.2,89.0,1.6,1.3,1.0,93.0,71.8,2019
12086001603,"Census Tract 16.03, Miami-Dade County, Florida",55.7,2.5,79.1,1.5,1.4,1.4,22.9,53281,55351,21210,3.8,13.1,14.4,12.6,5.4,21.4,19.7,6.5,3.1,0.0,17.4,29.5,24.1,11.7,37.7,30.3,20.2,71.4,28.6,1048,3.5,73.3,1105,97.1,2.9,3244,50.2,13.0,25.8,91.0,1.7,0.6,0.0,95.4,73.5,2019
12086001605,"Census Tract 16.05, Miami-Dade County, Florida",45.8,10.1,70.5,0.5,2.6,2.8,28.8,17127,24352,12141,32.5,10.8,17.5,13.9,13.0,9.9,1.2,1.2,0.0,0.0,36.7,61.1,27.3,20.2,59.7,19.5,0.6,6.0,94.0,895,7.3,64.4,1806,94.1,5.9,3776,48.8,12.6,24.1,82.0,14.0,0.0,0.0,97.0,86.5,2019
12086001606,"Census Tract 16.06, Miami-Dade County, Florida",55.3,4.0,65.4,1.3,3.2,15.9,24.1,30651,37838,15169,16.0,7.2,15.6,14.5,19.1,14.6,8.1,4.9,0.0,0.0,13.2,41.3,27.4,22.2,38.1,31.7,8.0,20.3,79.7,1070,9.5,51.1,1661,95.7,4.3,4560,41.4,23.2,16.5,84.1,4.0,0.0,1.4,97.1,74.3,2019
12086001701,"Census Tract 17.01, Miami-Dade County, Florida",48.1,7.4,82.1,5.8,3.7,1.1,33.1,25069,33694,12636,22.5,6.1,21.3,14.5,11.7,17.2,4.4,0.9,0.0,1.4,36.1,44.3,27.1,15.1,44.3,32.6,8.0,42.0,58.0,848,11.9,65.3,1522,90.2,9.8,4210,37.3,25.4,8.8,31.6,51.0,0.4,0.3,49.4,33.5,2019
12086001702,"Census Tract 17.02, Miami-Dade County, Florida",56.3,14.1,75.3,10.4,0.5,1.0,35.7,26078,39081,15056,12.1,12.2,22.8,17.1,9.3,10.4,7.6,6.5,1.5,0.6,34.3,36.2,29.6,29.2,35.0,15.0,20.7,30.9,69.1,897,3.5,62.2,1399,91.7,8.3,3829,34.7,27.2,12.7,49.5,49.2,0.0,0.0,48.3,37.6,2019
12086001703,"Census Tract 17.03, Miami-Dade County, Florida",55.7,2.7,82.8,6.8,1.6,0.0,29.3,22929,35921,13810,14.1,11.8,26.1,9.0,12.8,15.8,5.7,4.2,0.6,0.0,30.0,39.6,34.1,13.4,51.7,24.5,10.4,21.2,78.8,1057,8.9,58.0,1627,90.5,9.5,4410,37.5,23.2,15.1,74.5,8.7,0.4,0.0,91.1,70.9,2019
12086001801,"Census Tract 18.01, Miami-Dade County, Florida",51.4,14.7,78.4,6.5,0.0,0.0,28.4,40514,41474,12564,24.2,6.5,10.0,8.2,15.8,20.2,10.2,3.4,1.5,0.0,45.5,50.0,17.9,24.2,39.8,21.9,14.1,40.8,59.2,766,18.4,68.8,1420,91.1,8.9,5026,26.3,40.8,9.0,20.4,76.7,0.3,0.1,23.0,18.7,2019
12086001802,"Census Tract 18.02, Miami-Dade County, Florida",56.0,10.2,74.7,13.3,3.0,2.7,31.0,30307,39176,15251,16.0,10.1,14.6,20.3,16.3,9.1,7.8,3.8,1.3,0.8,32.8,45.8,22.4,13.6,53.6,21.4,11.3,40.8,59.2,990,6.8,63.9,1497,93.6,6.4,4392,36.4,23.0,10.5,36.7,48.1,1.3,0.0,50.7,27.1,2019
12086001803,"Census Tract 18.03, Miami-Dade County, Florida",43.9,15.3,69.3,20.5,1.6,0.0,39.7,16341,28220,11838,24.6,22.3,14.0,7.8,12.4,11.3,6.8,0.3,0.4,0.0,46.2,55.3,15.8,41.2,40.8,11.1,7.0,12.2,87.8,650,12.2,45.1,1444,83.1,16.9,3175,34.3,29.9,17.5,27.6,64.5,2.7,0.0,29.1,24.9,2019
12086001901,"Census Tract 19.01, Miami-Dade County, Florida",40.7,23.1,82.0,15.4,0.0,0.0,31.5,22985,38215,17055,21.8,11.9,21.2,13.6,7.8,12.1,7.5,2.1,1.4,0.6,30.9,43.8,15.9,29.6,55.8,9.6,5.0,19.5,80.5,825,11.6,53.0,2159,88.1,11.9,4663,37.9,21.9,16.3,17.3,73.9,1.8,0.0,27.3,27.5,2019
12086001903,"Census Tract 19.03, Miami-Dade County, Florida",50.2,17.4,56.3,24.5,3.3,1.8,38.1,30385,35261,15627,19.1,4.6,17.2,13.3,19.8,17.6,8.0,0.0,0.5,0.0,24.8,42.2,27.7,37.0,37.2,17.6,8.1,22.9,77.1,915,14.9,60.6,1556,84.6,15.4,3374,34.5,18.4,8.9,16.9,78.8,0.9,0.0,17.1,18.4,2019
12086001904,"Census Tract 19.04, Miami-Dade County, Florida",47.0,14.2,84.0,9.0,1.3,0.9,31.2,22123,33333,15433,22.1,11.5,23.6,10.8,8.5,15.0,7.1,0.5,0.4,0.5,36.8,49.3,16.9,30.2,40.2,23.9,5.6,24.6,75.4,992,7.3,68.5,1991,88.1,11.9,4532,37.4,24.4,14.4,23.0,69.4,0.8,0.0,31.0,23.8,2019
12086002001,"Census Tract 20.01, Miami-Dade County, Florida",47.7,9.3,52.5,23.1,0.0,8.7,35.3,19570,29633,13087,33.6,11.7,18.5,5.1,7.5,14.9,4.4,3.1,1.2,0.0,30.9,54.6,36.9,40.2,42.4,13.5,3.9,20.5,79.5,588,7.3,52.8,1790,89.6,10.4,4330,37.1,24.6,16.8,13.4,78.0,0.0,6.9,18.4,49.5,2019
12086002003,"Census Tract 20.03, Miami-Dade County, Florida",34.7,21.9,68.8,22.3,0.0,0.0,31.2,19933,27617,11348,32.3,3.6,23.8,14.5,12.6,7.5,1.6,2.6,1.4,0.0,45.2,49.8,18.5,30.2,49.8,17.5,2.4,14.6,85.4,871,1.2,68.0,1579,83.7,16.3,3723,34.3,25.1,16.4,19.7,72.8,2.8,0.0,22.2,34.4,2019
12086002004,"Census Tract 20.04, Miami-Dade County, Florida",53.8,9.0,48.2,29.3,1.2,0.3,35.6,25833,31336,12474,23.0,8.3,16.8,14.6,19.4,10.3,4.1,2.4,1.0,0.0,32.4,44.1,23.1,40.9,43.8,9.7,5.5,10.3,89.7,962,12.2,61.3,1230,86.8,13.2,3251,32.9,27.2,10.8,28.3,71.2,0.0,0.0,32.6,47.1,2019
12086002100,"Census Tract 21, Miami-Dade County, Florida",60.0,7.0,76.4,2.2,0.9,7.9,22.0,72188,153399,66757,3.3,7.2,3.9,7.3,7.2,23.1,11.1,8.9,6.6,21.7,12.2,6.7,11.1,9.1,43.1,32.7,15.1,51.7,48.3,1414,6.1,53.1,1307,81.3,18.7,2538,43.2,18.0,13.0,82.7,7.5,3.2,5.3,45.0,39.3,2019
12086002201,"Census Tract 22.01, Miami-Dade County, Florida",62.4,5.3,67.3,1.8,11.0,6.1,25.3,55063,66616,23338,7.5,4.7,12.6,4.3,12.5,23.2,21.2,7.2,2.2,4.6,19.2,20.0,23.9,7.7,46.1,36.2,10.0,24.2,75.8,1742,12.8,57.9,1333,85.7,14.3,4055,37.3,14.7,16.8,66.2,28.3,3.8,0.0,53.3,40.5,2019
12086002202,"Census Tract 22.02, Miami-Dade County, Florida",54.2,10.4,75.1,6.3,1.2,1.4,29.6,38347,52227,17983,15.3,8.9,12.9,8.2,12.7,17.6,10.5,9.6,2.6,1.7,26.0,36.8,22.3,21.0,35.5,29.5,14.0,53.5,46.5,1119,9.1,57.9,2059,86.6,13.4,6020,40.1,20.3,16.5,22.3,63.5,3.5,0.8,30.3,34.6,2019
12086002300,"Census Tract 23, Miami-Dade County, Florida",49.4,9.2,77.6,10.5,0.0,0.0,32.6,34138,40983,14724,17.9,5.3,18.3,9.1,19.5,18.1,6.0,3.3,2.5,0.0,31.9,37.8,18.7,31.2,34.6,23.6,10.7,54.9,45.1,1000,18.6,51.2,2071,81.1,18.9,5571,40.5,24.4,14.2,20.5,59.1,0.2,1.0,41.7,30.7,2019
12086002402,"Census Tract 24.02, Miami-Dade County, Florida",57.3,3.3,75.4,6.2,0.3,1.0,32.5,30489,40592,15171,16.8,8.7,18.2,13.9,15.5,14.7,6.1,3.1,1.5,1.5,31.2,45.6,31.7,19.6,45.3,24.1,11.0,21.2,78.8,1039,14.1,53.8,2161,96.8,3.2,6768,37.0,22.6,13.7,82.4,7.0,3.0,0.2,90.1,55.6,2019
12086002403,"Census Tract 24.03, Miami-Dade County, Florida",56.6,7.0,82.6,7.8,0.0,0.4,33.0,30744,44214,17110,8.2,9.4,19.9,17.4,17.5,8.6,6.2,11.4,1.4,0.0,21.9,42.6,26.5,15.9,41.2,25.8,17.1,29.2,70.8,993,6.7,60.6,1572,98.8,1.2,5016,39.3,19.2,18.9,63.1,9.7,0.8,0.0,93.4,71.5,2019
12086002404,"Census Tract 24.04, Miami-Dade County, Florida",44.4,2.0,65.9,17.8,7.3,0.0,38.4,18313,32365,15126,30.7,12.5,16.1,16.4,11.7,10.2,0.0,1.0,0.8,0.7,43.9,58.6,27.1,20.5,64.0,10.0,5.5,14.0,86.0,805,14.4,52.1,2677,93.2,6.8,5986,40.1,23.2,23.2,73.3,8.3,0.0,0.0,90.7,62.6,2019
12086002501,"Census Tract 25.01, Miami-Dade County, Florida",61.2,8.0,69.2,8.7,4.2,0.0,33.2,32631,44009,14876,12.8,11.3,14.4,15.0,12.6,17.3,11.7,2.8,0.5,1.5,34.8,46.7,33.2,17.6,43.3,25.6,13.4,27.2,72.8,1108,11.1,57.1,1922,94.2,5.8,6378,33.5,26.1,10.0,61.5,19.8,1.9,0.0,80.4,61.9,2019
12086002502,"Census Tract 25.02, Miami-Dade County, Florida",50.4,9.6,71.1,8.3,0.4,0.0,33.0,27237,36577,14080,28.5,9.4,10.7,11.7,13.1,15.2,5.6,4.2,0.0,1.6,31.4,36.8,38.2,29.3,38.2,19.5,13.0,36.6,63.4,910,4.8,57.4,1276,95.5,4.5,3667,37.7,19.1,18.8,49.6,33.8,0.0,0.0,69.8,52.6,2019
12086002600,"Census Tract 26, Miami-Dade County, Florida",63.6,9.7,53.4,12.7,5.0,8.7,31.9,43611,60388,24080,7.1,12.0,5.2,18.4,20.2,10.5,5.5,13.4,4.9,2.9,25.2,31.0,20.8,27.1,47.8,18.7,6.3,17.0,83.0,1257,9.3,57.7,3188,81.2,18.8,7025,34.6,24.0,10.1,64.6,13.6,2.3,0.0,77.8,52.7,2019
12086002702,"Census Tract 27.02, Miami-Dade County, Florida",65.7,8.8,61.0,11.9,7.5,6.1,27.4,53953,76554,32721,8.6,3.8,8.7,6.1,14.9,27.3,9.0,12.1,4.4,5.1,27.8,10.5,26.2,18.1,49.3,30.3,2.3,7.8,92.2,1594,12.0,45.1,1722,88.2,11.8,4060,33.7,12.7,3.9,69.8,16.1,2.8,2.0,70.9,55.2,2019
12086002703,"Census Tract 27.03, Miami-Dade County, Florida",75.2,2.3,68.7,2.5,4.1,10.8,24.4,86694,130129,73335,7.4,3.3,3.4,9.1,6.4,12.6,15.1,17.1,9.2,16.3,9.1,1.2,7.6,8.6,59.0,30.3,2.2,41.5,58.5,2082,5.1,47.7,5121,67.4,32.6,6260,36.0,9.1,10.4,79.4,8.3,2.7,2.7,45.5,48.2,2019
12086002705,"Census Tract 27.05, Miami-Dade County, Florida",72.0,3.4,66.5,6.7,1.1,6.5,29.9,80595,100242,53107,5.9,0.6,2.4,6.0,9.4,21.3,21.3,16.4,4.5,12.1,10.7,4.2,17.6,5.5,59.0,32.3,3.1,26.6,73.4,1874,16.5,30.1,2363,69.4,30.6,3215,36.3,12.8,10.7,79.1,11.3,3.5,0.0,63.3,52.3,2019
12086002706,"Census Tract 27.06, Miami-Dade County, Florida",83.0,2.2,70.0,2.6,2.4,13.5,23.3,74367,88638,52865,4.5,0.8,8.3,3.1,10.1,24.1,20.6,12.7,6.8,9.0,4.4,1.3,10.5,8.1,59.3,27.9,4.7,24.7,75.3,1885,11.3,39.5,3116,78.4,21.6,4244,35.5,9.1,5.9,80.1,9.2,1.3,4.9,54.0,46.5,2019
12086002800,"Census Tract 28, Miami-Dade County, Florida",54.6,10.2,51.5,15.3,5.2,8.2,31.4,30145,44359,19153,13.4,7.9,21.3,20.7,10.5,7.3,6.8,8.4,0.0,3.7,50.0,36.5,32.8,27.0,66.7,6.3,0.0,8.7,91.3,945,13.4,54.3,511,74.6,25.4,1083,41.8,15.6,10.0,29.4,48.5,3.0,0.8,49.3,41.5,2019
12086002900,"Census Tract 29, Miami-Dade County, Florida",57.0,6.3,64.9,13.7,2.1,1.8,35.0,33935,38596,14309,13.8,8.7,14.9,13.7,19.1,21.2,5.1,3.1,0.4,0.0,23.0,49.3,25.8,21.1,48.0,23.8,7.2,17.6,82.4,1098,4.9,55.0,2005,96.6,3.4,6506,39.1,20.6,12.4,72.7,13.9,2.4,1.1,86.3,55.7,2019
12086003001,"Census Tract 30.01, Miami-Dade County, Florida",57.1,4.0,62.2,16.9,3.3,4.4,29.9,32823,48722,24614,17.1,11.7,16.3,9.5,13.5,14.4,3.9,8.7,0.8,4.0,20.8,29.3,17.9,31.9,43.7,21.9,2.5,19.8,80.2,897,14.0,43.7,1449,80.6,19.4,2497,41.7,13.7,22.0,69.0,25.7,2.6,2.3,60.8,45.4,2019
12086003003,"Census Tract 30.03, Miami-Dade County, Florida",48.2,3.1,71.0,10.5,2.2,6.5,32.2,23618,36828,15365,20.4,13.0,17.0,13.7,14.1,12.1,8.8,0.3,0.0,0.5,41.3,45.3,29.7,27.5,49.7,12.7,10.1,14.6,85.4,1068,7.9,71.3,2699,92.6,7.4,6650,39.9,17.1,17.7,88.6,8.8,0.3,0.7,88.0,64.5,2019
12086003004,"Census Tract 30.04, Miami-Dade County, Florida",33.2,4.2,62.7,7.7,9.1,1.9,26.3,20904,34122,12455,27.3,9.2,17.6,8.0,14.3,12.2,6.4,3.9,0.6,0.5,37.1,44.5,24.1,27.3,53.4,17.1,2.2,3.9,96.1,986,16.2,43.9,2220,88.4,11.6,6022,37.0,10.1,16.3,65.9,30.5,1.6,0.4,69.3,55.6,2019
12086003100,"Census Tract 31, Miami-Dade County, Florida",40.6,21.4,59.2,20.8,6.3,2.5,28.1,17880,32041,13780,29.2,14.6,14.2,16.3,8.6,9.0,1.7,5.6,0.0,0.9,48.5,51.1,22.5,38.2,45.2,8.8,7.9,11.4,88.6,736,4.3,57.2,2096,86.2,13.8,5115,34.3,23.3,10.1,19.1,79.6,1.3,0.0,25.5,17.5,2019
12086003400,"Census Tract 34, Miami-Dade County, Florida",59.9,12.9,59.4,25.3,4.4,0.0,32.0,24210,28507,14365,13.1,16.5,22.5,16.8,20.8,4.5,4.3,1.3,0.0,0.0,29.0,43.2,34.8,47.7,36.2,16.0,0.0,5.3,94.7,866,14.6,62.7,1452,87.1,12.9,2756,38.4,19.1,11.1,29.3,66.7,1.2,0.0,36.3,32.7,2019
12086003601,"Census Tract 36.01, Miami-Dade County, Florida",59.4,6.5,70.5,9.8,3.6,1.3,25.1,16276,32543,16850,34.0,11.3,18.8,6.0,12.5,6.8,3.8,4.0,1.0,1.8,44.0,48.9,17.8,29.9,54.7,10.0,5.3,5.7,94.3,735,11.6,47.8,2288,92.0,8.0,4608,37.6,20.3,18.4,62.0,30.8,2.2,0.0,66.6,54.7,2019
12086003602,"Census Tract 36.02, Miami-Dade County, Florida",58.7,2.9,60.4,20.2,6.4,5.8,28.4,24467,38214,20053,20.8,12.1,18.0,11.9,11.5,12.2,9.3,1.7,0.9,1.6,27.6,45.9,26.8,38.0,45.1,14.0,2.9,12.8,87.3,971,9.0,50.7,3930,81.4,18.6,6933,45.1,15.3,22.4,93.9,3.9,0.2,0.0,91.5,71.4,2019
12086003702,"Census Tract 37.02, Miami-Dade County, Florida",75.3,3.7,57.3,6.4,7.8,10.6,24.7,83328,121617,62297,3.5,1.8,4.3,8.6,12.5,14.3,12.0,18.0,12.3,12.6,14.8,1.8,21.4,5.0,70.7,22.5,1.9,29.1,70.9,2057,10.3,43.9,4009,79.4,20.6,6479,36.4,8.0,4.9,79.1,12.6,3.4,3.5,53.9,46.2,2019
12086003703,"Census Tract 37.03, Miami-Dade County, Florida",79.5,1.0,43.4,9.8,20.7,18.4,21.1,100000,149778,84322,6.8,0.6,4.2,3.3,8.1,12.3,14.6,18.9,10.5,20.5,9.4,2.0,13.2,12.5,67.0,18.2,2.3,25.3,74.7,2276,6.8,46.1,1806,61.5,38.5,2011,34.3,9.8,4.7,80.1,8.4,5.0,5.1,38.8,54.5,2019
12086003704,"Census Tract 37.04, Miami-Dade County, Florida",76.0,0.6,45.6,13.4,25.4,6.3,21.1,54703,58653,41495,7.4,7.0,6.4,14.2,5.6,31.9,15.3,7.8,2.9,1.4,15.1,11.0,13.5,31.3,61.0,7.7,0.0,11.2,88.8,1668,10.7,45.4,1233,81.8,18.2,1463,33.7,3.8,7.8,80.9,10.5,0.0,3.8,44.8,59.8,2019
12086003705,"Census Tract 37.05, Miami-Dade County, Florida",78.8,1.4,59.5,7.5,16.5,3.1,24.9,89045,104896,63027,8.4,0.0,3.5,5.7,7.4,12.2,21.9,22.9,6.2,11.7,6.7,2.8,0.7,3.8,75.6,18.9,1.6,38.3,61.7,2354,3.5,43.3,1511,62.2,37.8,1622,33.6,9.4,4.1,88.2,4.7,0.0,2.8,62.8,65.0,2019
12086003706,"Census Tract 37.06, Miami-Dade County, Florida",0.0,-666666666.0,-666666666.0,-666666666.0,-666666666.0,-666666666.0,-666666666.0,-666666666,-666666666,6968,-666666666.0,-666666666.0,-666666666.0,-666666666.0,-666666666.0,-666666666.0,-666666666.0,-666666666.0,-666666666.0,-666666666.0,-666666666.0,-666666666.0,-666666666.0,-666666666.0,-666666666.0,-666666666.0,-666666666.0,-666666666.0,-666666666.0,-666666666,-666666666.0,-666666666.0,17,0.0,100.0,1302,37.9,0.0,0.0,57.2,37.3,4.5,1.0,60.1,40.6,2019
12086003707,"Census Tract 37.07, Miami-Dade County, Florida",79.5,2.2,47.2,20.3,7.5,6.2,21.3,56971,93936,56370,16.9,0.9,10.9,2.0,6.1,21.1,10.1,18.5,7.5,6.1,12.7,20.3,8.8,21.5,63.0,14.2,1.4,22.5,77.5,1808,10.1,35.5,1452,65.6,34.4,1632,32.7,9.4,9.6,81.9,7.3,0.6,1.7,59.9,45.3,2019
12086003801,"Census Tract 38.01, Miami-Dade County, Florida",62.9,8.4,71.5,2.3,3.9,10.6,29.0,78222,125537,52327,6.9,0.9,5.5,5.9,9.5,18.2,15.9,12.9,6.4,17.8,14.4,9.5,5.5,11.8,44.4,37.5,6.2,46.7,53.3,1774,14.1,43.3,2991,81.3,18.7,5905,41.1,27.9,16.0,83.6,5.0,1.5,1.6,45.8,42.2,2019
12086003803,"Census Tract 38.03, Miami-Dade County, Florida",42.2,7.5,56.7,1.9,8.7,21.9,30.2,76962,145172,69567,8.9,6.7,4.6,7.0,9.7,8.0,15.4,17.8,4.4,17.6,11.8,1.2,13.7,12.9,57.5,20.6,9.0,78.9,21.1,1845,16.7,42.0,3573,39.9,60.1,3004,51.6,13.9,36.4,83.8,2.2,0.5,2.8,35.5,53.0,2019
12086003804,"Census Tract 38.04, Miami-Dade County, Florida",52.8,6.7,64.7,5.5,7.3,15.9,30.9,69063,121036,49880,6.4,4.5,3.1,8.8,17.4,11.3,4.6,15.5,11.8,16.5,8.5,12.2,4.5,13.9,43.6,34.3,8.2,55.3,44.7,1977,16.4,57.7,3839,60.6,39.4,5725,43.4,25.6,23.0,90.2,0.0,0.6,0.8,44.7,44.0,2019
12086003906,"Census Tract 39.06, Miami-Dade County, Florida",62.5,2.9,74.0,0.4,1.6,16.7,29.4,219375,360242,118546,2.4,0.0,0.8,0.0,1.4,8.3,10.4,13.9,7.7,55.1,4.7,2.7,9.1,3.1,11.1,58.3,27.5,95.5,4.5,1769,14.7,38.2,1217,78.6,21.4,3029,42.2,33.2,12.9,93.6,0.0,1.8,0.5,32.6,27.6,2019
12086003909,"Census Tract 39.09, Miami-Dade County, Florida",57.2,5.9,56.1,21.2,0.0,11.0,34.4,27614,62719,35384,15.4,9.8,17.0,11.7,8.0,12.1,5.1,14.1,0.9,6.1,21.1,26.7,19.5,43.7,38.4,14.8,3.1,18.6,81.4,1101,20.5,36.8,1358,68.1,31.9,1693,49.9,8.2,29.3,67.2,4.8,2.3,1.2,59.5,65.3,2019
12086003911,"Census Tract 39.11, Miami-Dade County, Florida",75.1,5.4,48.7,30.0,6.2,1.8,25.9,30039,42066,22124,6.1,12.1,23.5,13.9,15.9,12.9,9.4,4.8,0.0,1.4,22.2,21.1,29.8,33.6,46.3,17.5,2.7,18.4,81.6,1115,8.3,58.9,2930,77.8,22.2,4701,42.5,11.2,12.8,56.0,12.0,3.4,3.6,73.0,72.1,2019
12086003912,"Census Tract 39.12, Miami-Dade County, Florida",60.4,1.1,57.5,13.8,0.5,6.6,31.9,48724,82429,31556,7.1,1.9,12.0,10.2,20.4,17.6,10.3,6.7,5.0,8.8,7.8,21.9,21.6,16.7,51.2,21.2,10.9,27.0,73.0,1443,15.1,58.2,2018,77.9,22.1,4489,36.8,20.9,11.3,64.7,4.3,2.3,6.9,71.6,59.2,2019
12086003913,"Census Tract 39.13, Miami-Dade County, Florida",75.5,1.6,54.4,20.7,3.8,7.2,30.1,39375,57329,30440,7.9,10.8,12.6,15.6,15.7,18.6,8.4,4.3,0.0,6.1,17.8,18.3,20.6,26.2,57.0,16.1,0.7,24.9,75.1,1204,1.6,57.9,2710,85.5,14.5,4471,43.6,11.5,14.6,69.6,6.7,2.3,3.4,62.8,63.5,2019
12086003914,"Census Tract 39.14, Miami-Dade County, Florida",64.5,5.4,56.0,10.2,8.3,8.6,35.8,52665,75179,41367,10.7,7.3,11.1,6.6,10.6,15.7,17.8,14.2,2.2,3.7,24.2,18.4,26.8,23.8,57.7,18.5,0.0,31.6,68.4,1242,16.4,54.1,3655,61.4,38.6,4206,49.1,7.0,20.6,77.4,6.5,2.1,1.4,67.2,68.9,2019
12086003915,"Census Tract 39.15, Miami-Dade County, Florida",71.2,1.9,61.8,9.1,6.3,5.9,31.5,53399,62800,27533,11.4,2.2,9.9,4.3,13.6,30.5,13.4,8.1,3.3,3.4,12.6,15.3,18.5,21.0,41.7,28.2,9.1,35.8,64.2,1428,7.8,56.7,2749,83.4,16.6,5597,41.2,18.2,10.0,76.1,4.2,2.2,0.2,70.3,56.4,2019
12086003916,"Census Tract 39.16, Miami-Dade County, Florida",61.7,6.4,48.8,14.4,0.5,11.6,30.9,43417,64567,26392,8.1,3.3,11.1,21.1,15.4,19.1,7.6,5.3,3.1,5.8,13.9,27.6,21.1,19.0,47.9,23.0,10.1,28.6,71.4,1369,10.4,65.3,2073,83.6,16.4,4554,37.9,18.3,11.4,67.7,2.8,2.3,1.0,66.7,57.5,2019
12086003917,"Census Tract 39.17, Miami-Dade County, Florida",73.9,2.2,63.6,13.3,0.4,4.0,31.2,56885,69816,29193,6.1,4.9,8.8,6.2,11.3,25.4,22.8,7.6,4.9,2.0,11.6,10.5,15.5,11.7,45.6,37.4,5.3,33.3,66.7,1719,8.9,56.7,2473,82.5,17.5,5269,36.1,14.9,14.4,74.5,5.8,3.0,0.8,72.3,52.5,2019
12086003918,"Census Tract 39.18, Miami-Dade County, Florida",80.0,1.5,81.2,1.1,0.0,7.0,32.4,82802,104868,50536,4.1,1.3,0.5,9.4,18.6,10.7,18.3,19.5,7.2,10.3,4.6,3.6,14.0,5.3,52.9,37.4,4.3,29.6,70.4,1903,4.6,50.9,1912,71.0,29.0,2892,33.4,16.7,5.9,84.3,1.2,2.8,4.5,55.3,48.7,2019
12086003919,"Census Tract 39.19, Miami-Dade County, Florida",60.1,3.1,79.2,2.2,0.0,13.0,31.4,97000,144628,77231,2.6,1.8,4.7,6.7,10.1,12.1,15.0,21.1,10.7,15.3,2.4,0.0,6.8,4.1,64.0,29.1,2.8,58.8,41.2,1976,8.7,41.7,2517,46.5,53.5,2198,48.2,17.6,26.7,94.2,0.0,1.4,0.5,49.8,56.6,2019
12086003921,"Census Tract 39.21, Miami-Dade County, Florida",62.8,5.6,60.8,4.9,0.9,20.6,32.4,86420,185744,83426,4.9,2.6,7.2,7.9,8.4,15.3,6.4,15.6,10.7,20.9,5.8,1.0,11.0,4.1,50.7,42.2,3.0,57.2,42.8,2497,9.3,39.4,3663,47.6,52.4,3817,45.9,15.5,23.7,76.5,2.4,1.5,3.1,68.4,65.3,2019
12086003922,"Census Tract 39.22, Miami-Dade County, Florida",58.8,1.8,57.2,1.1,1.8,11.9,29.0,59438,108123,56193,1.9,2.0,10.7,8.1,14.3,20.5,7.7,14.7,9.0,11.1,5.9,2.6,8.3,8.3,69.9,19.8,2.0,52.7,47.3,1995,13.5,49.7,3125,32.4,67.6,1988,53.1,11.9,30.6,87.8,0.0,0.0,2.4,60.4,57.6,2019
12086004000,"Census Tract 40, Miami-Dade County, Florida",62.8,2.4,55.4,1.1,12.3,16.6,22.3,102023,189164,68346,5.2,5.1,2.9,4.2,4.8,16.8,8.3,15.5,7.5,29.6,6.7,2.3,6.4,9.4,33.9,48.0,8.7,66.2,33.8,1655,20.6,42.7,3467,48.5,51.5,4837,34.0,27.9,11.9,95.6,0.7,0.6,0.5,29.9,35.3,2019
12086004102,"Census Tract 41.02, Miami-Dade County, Florida",63.9,1.1,66.5,0.6,4.3,14.3,28.0,137009,291201,140763,1.8,5.2,6.0,7.0,3.4,10.0,4.9,12.1,7.8,41.8,12.1,3.7,7.7,8.0,48.4,28.4,15.2,69.2,30.8,2276,2.0,55.7,2229,62.6,37.4,2937,48.8,15.7,20.6,89.1,5.0,1.6,1.9,27.0,39.0,2019
12086004103,"Census Tract 41.03, Miami-Dade County, Florida",50.6,4.7,49.3,6.5,18.9,7.9,30.5,33294,53593,32572,26.7,6.2,10.8,10.2,15.9,11.9,8.5,5.5,1.0,3.3,25.7,23.1,14.2,34.6,51.7,11.6,2.2,16.6,83.4,1179,14.3,46.2,2513,51.8,48.2,2210,52.7,8.2,33.2,68.6,1.9,2.4,1.0,79.4,69.0,2019
12086004105,"Census Tract 41.05, Miami-Dade County, Florida",64.0,3.4,50.4,6.9,8.6,14.5,24.9,72896,121091,66329,5.1,4.0,8.1,10.9,6.9,19.1,12.7,12.2,6.5,14.5,9.7,3.0,10.1,12.6,63.8,18.7,4.9,54.0,46.0,1855,10.4,53.3,2464,50.1,49.9,2441,44.4,6.0,27.0,76.9,7.0,4.5,1.2,44.4,57.4,2019
12086004106,"Census Tract 41.06, Miami-Dade County, Florida",68.9,4.4,57.4,0.3,3.6,24.8,25.5,137000,208451,89735,2.9,0.9,5.9,5.1,2.1,8.5,8.6,20.6,11.7,33.7,3.1,2.7,3.1,6.6,46.4,41.5,5.5,70.3,29.7,2549,3.2,30.6,1733,69.6,30.4,2912,43.7,17.4,15.6,85.8,7.6,0.6,1.2,31.1,36.2,2019
12086004203,"Census Tract 42.03, Miami-Dade County, Florida",74.8,5.4,43.1,3.8,17.3,9.5,23.7,59883,88588,49922,4.7,3.2,9.3,16.0,11.3,9.2,17.9,14.9,3.8,9.8,11.4,6.3,19.0,21.4,54.7,22.5,1.4,25.2,74.8,1956,3.9,45.6,3702,71.6,28.4,4965,35.9,11.8,9.8,70.9,5.5,0.7,6.8,45.2,54.6,2019
12086004204,"Census Tract 42.04, Miami-Dade County, Florida",77.4,3.5,26.2,7.3,20.4,11.1,19.6,47575,68372,40489,6.5,2.3,15.0,11.4,20.9,18.8,6.3,7.0,8.5,3.4,14.6,8.5,35.4,45.8,45.6,7.1,1.5,21.8,78.2,1366,13.4,48.5,1718,77.8,22.2,2387,37.8,8.1,8.5,64.2,2.0,2.2,2.1,62.5,70.8,2019
12086004205,"Census Tract 42.05, Miami-Dade County, Florida",66.6,3.0,36.3,11.1,32.3,9.7,25.6,50000,114512,62708,8.3,0.9,12.1,13.9,14.9,11.1,11.8,7.2,5.4,14.5,13.9,4.4,24.9,42.4,46.5,8.9,2.2,36.2,63.8,1348,9.1,51.1,2534,50.4,49.6,2415,43.7,12.1,19.0,68.9,8.3,5.2,0.0,52.3,67.3,2019
12086004206,"Census Tract 42.06, Miami-Dade County, Florida",49.8,9.6,35.6,4.5,19.4,16.8,26.0,37131,69040,39909,18.4,8.2,16.0,1.9,15.3,16.7,2.9,6.3,5.1,9.1,16.6,14.2,8.9,32.9,54.0,8.8,4.3,48.0,52.0,915,11.9,52.1,1409,48.3,51.7,1223,53.9,2.8,32.5,89.0,9.0,0.0,0.9,70.2,58.8,2019
12086004301,"Census Tract 43.01, Miami-Dade County, Florida",73.3,3.1,54.3,5.6,10.2,14.5,28.0,76181,129132,84669,5.1,1.5,11.7,7.6,6.9,16.6,8.9,19.5,9.7,12.5,7.9,3.2,10.6,21.8,61.4,16.1,0.8,42.2,57.8,1928,9.6,34.3,2044,64.7,35.3,2119,39.7,8.4,10.3,74.5,7.2,1.1,4.0,44.2,52.0,2019
12086004303,"Census Tract 43.03, Miami-Dade County, Florida",81.7,1.1,26.9,11.0,34.5,1.7,21.1,41313,58712,31874,8.7,4.6,18.4,11.7,17.4,17.7,8.0,8.3,3.2,2.1,15.6,22.9,42.6,49.2,33.6,14.9,2.4,19.0,81.0,1406,14.2,58.3,1986,68.3,31.7,2761,42.3,12.1,9.3,47.4,3.9,2.5,5.8,62.2,64.7,2019
12086004304,"Census Tract 43.04, Miami-Dade County, Florida",75.6,6.0,49.3,6.7,12.0,5.9,20.8,53809,71559,40101,5.0,5.6,4.3,10.3,17.0,24.7,12.8,10.9,5.5,3.7,11.8,10.3,31.5,24.1,55.1,17.7,3.1,37.8,62.2,1364,9.3,47.3,1763,69.7,30.3,2317,35.6,12.9,8.8,76.4,1.8,1.0,1.6,56.3,54.1,2019
12086004403,"Census Tract 44.03, Miami-Dade County, Florida",70.0,3.1,39.1,10.3,14.7,11.8,24.0,43917,68712,37490,13.5,12.6,6.0,7.5,18.1,12.4,14.0,6.4,4.0,5.5,22.4,17.8,32.4,44.0,46.4,7.2,2.4,24.2,75.8,1357,6.1,42.1,2573,74.1,25.9,3739,37.2,12.9,11.3,59.0,5.8,5.2,0.4,69.2,61.0,2019
12086004404,"Census Tract 44.04, Miami-Dade County, Florida",54.6,6.0,48.9,5.7,22.0,5.2,23.5,31023,52021,31857,24.4,9.5,12.4,7.7,10.8,12.1,6.4,11.2,2.9,2.4,31.8,31.7,24.5,40.3,51.5,7.2,0.9,20.8,79.2,1170,2.4,39.0,2234,55.0,45.0,2085,40.4,11.9,27.3,69.2,0.0,5.3,0.5,66.6,60.0,2019
12086004405,"Census Tract 44.05, Miami-Dade County, Florida",70.5,3.4,29.3,18.6,23.9,6.0,23.5,35000,44881,22943,20.1,4.2,17.0,8.7,15.6,15.6,8.7,9.0,0.5,0.6,24.8,30.9,32.9,48.5,42.4,9.1,0.0,15.1,84.9,1263,3.1,63.1,2234,80.1,19.9,3713,33.2,22.6,14.0,51.3,11.3,2.0,2.8,66.3,49.8,2019
12086004406,"Census Tract 44.06, Miami-Dade County, Florida",74.0,7.7,52.8,2.2,15.6,11.5,20.3,70000,91550,56528,8.5,5.3,8.0,11.7,2.4,17.2,15.0,13.1,10.1,8.7,9.0,12.5,19.7,27.5,53.9,17.0,1.6,27.8,72.2,1726,15.1,43.3,2140,71.1,28.9,2552,40.8,7.8,11.0,67.9,4.9,1.7,3.8,46.4,47.3,2019
12086004500,"Census Tract 45, Miami-Dade County, Florida",48.9,0.8,46.6,10.8,11.1,21.9,25.3,76635,211397,109035,17.1,6.8,10.5,6.6,5.8,2.7,3.6,11.5,4.4,30.8,16.9,20.8,5.1,24.8,42.0,26.7,6.5,47.7,52.3,495,16.6,26.4,4825,44.7,55.3,4135,56.8,13.4,38.2,83.8,2.2,1.6,1.1,38.8,41.8,2019
12086004602,"Census Tract 46.02, Miami-Dade County, Florida",64.2,0.4,78.8,1.7,5.9,8.1,24.5,178750,293384,84338,1.3,0.0,0.7,0.0,3.6,7.2,9.2,11.9,21.8,44.3,2.6,0.0,4.2,1.0,13.0,46.4,39.6,79.8,20.2,2642,14.1,54.5,1347,79.7,20.3,3860,42.8,28.7,11.5,94.2,0.0,2.0,0.7,73.7,49.6,2019
12086004605,"Census Tract 46.05, Miami-Dade County, Florida",59.6,4.8,79.0,1.3,2.0,9.8,31.9,134167,188446,66786,3.7,3.0,1.9,7.2,4.0,6.8,11.7,16.3,10.8,34.6,5.1,0.3,3.3,2.0,37.2,52.9,7.9,64.6,35.4,2761,3.0,35.5,2292,57.3,42.7,3859,40.7,31.3,13.1,97.5,0.2,0.8,0.0,71.5,52.9,2019
12086004607,"Census Tract 46.07, Miami-Dade County, Florida",47.6,13.7,76.2,1.8,2.4,15.2,24.1,129625,230007,92473,6.1,3.5,5.0,4.9,9.0,8.3,7.1,8.6,6.5,41.0,5.9,0.0,2.0,4.7,45.8,32.4,17.1,71.6,28.4,2077,7.6,33.6,2605,49.5,50.5,3244,47.3,22.5,28.3,96.7,0.0,2.5,0.0,63.3,48.8,2019
12086004608,"Census Tract 46.08, Miami-Dade County, Florida",58.0,3.2,71.6,3.3,5.0,14.7,22.7,121528,188292,71438,3.6,5.6,4.5,5.1,5.6,7.8,9.7,14.8,10.9,32.4,7.2,2.7,6.3,5.7,46.9,36.6,10.8,60.2,39.8,2071,10.1,30.0,1036,72.6,27.4,1980,40.4,29.0,16.0,98.4,0.0,0.0,0.0,66.8,51.5,2019
12086004701,"Census Tract 47.01, Miami-Dade County, Florida",66.1,1.2,85.1,2.0,0.4,4.7,30.0,77560,112086,42672,0.5,3.6,7.8,5.7,14.0,14.4,13.0,13.5,9.2,18.4,4.3,7.7,5.1,3.5,28.0,41.4,27.0,78.1,21.9,1298,0.0,25.8,1969,87.0,13.0,4769,44.7,19.9,19.2,95.7,0.9,0.3,0.7,70.5,41.7,2019
12086004702,"Census Tract 47.02, Miami-Dade County, Florida",64.2,3.7,84.9,1.2,2.9,5.9,21.9,51012,74699,27934,7.4,6.0,7.9,14.3,14.0,15.9,7.7,15.6,4.4,6.9,12.9,19.3,14.1,6.2,39.7,33.8,20.3,46.8,53.2,1122,4.7,55.4,2303,92.1,7.9,6158,43.1,18.4,16.0,94.4,1.2,0.0,1.8,76.7,57.8,2019
12086004703,"Census Tract 47.03, Miami-Dade County, Florida",61.3,3.1,82.8,3.4,0.2,6.3,28.4,56090,71194,26024,6.8,2.2,8.6,11.0,14.8,19.4,12.4,15.0,6.3,3.5,14.4,21.5,14.6,6.7,40.2,32.2,20.9,44.1,55.9,1138,11.5,49.7,1951,93.6,6.4,5530,46.1,17.8,21.4,92.7,3.6,0.5,2.2,83.7,60.3,2019
12086004901,"Census Tract 49.01, Miami-Dade County, Florida",60.5,3.2,82.4,3.7,1.3,3.6,27.3,29590,38090,16512,14.8,6.8,21.3,16.5,14.4,10.8,11.5,3.9,0.0,0.0,27.2,42.1,24.5,14.2,54.7,28.0,3.1,5.7,94.3,1137,9.5,57.4,1566,92.2,7.8,3825,41.7,20.6,14.5,90.6,9.0,0.4,0.0,90.0,73.7,2019
12086004902,"Census Tract 49.02, Miami-Dade County, Florida",58.6,6.0,77.5,8.7,0.7,2.8,28.4,36285,50314,19162,10.5,6.8,21.0,11.0,10.7,17.1,11.1,7.2,2.1,2.7,34.3,40.1,18.4,16.3,35.3,34.9,13.6,36.6,63.4,1373,6.8,71.0,2659,85.6,14.4,6935,44.5,15.4,25.5,94.6,2.1,2.4,0.0,96.2,78.0,2019
12086005001,"Census Tract 50.01, Miami-Dade County, Florida",55.8,3.4,89.6,3.0,2.6,0.0,28.0,34975,50150,16894,7.2,10.3,15.8,16.8,7.4,18.9,14.9,6.6,2.3,0.0,17.7,40.6,24.4,12.3,30.6,41.2,15.8,61.0,39.0,1553,9.6,58.2,2400,95.6,4.4,7657,45.1,17.0,17.7,92.9,2.3,1.5,0.0,97.1,69.0,2019
12086005002,"Census Tract 50.02, Miami-Dade County, Florida",56.4,5.0,82.0,5.3,1.2,1.3,31.8,31504,40365,16184,14.7,7.1,20.0,13.5,14.5,20.1,3.9,5.0,0.5,0.8,22.9,37.9,15.0,11.8,41.5,32.7,13.9,35.5,64.5,1119,7.4,70.0,2083,94.0,6.0,5427,44.3,17.3,23.7,95.8,3.5,0.0,0.0,96.4,73.3,2019
12086005102,"Census Tract 51.02, Miami-Dade County, Florida",49.1,3.6,76.5,6.6,2.2,2.0,30.5,14848,36701,20055,34.9,15.5,9.6,9.0,2.1,14.9,2.4,9.3,2.0,0.4,38.3,49.5,18.9,38.4,38.6,16.2,6.9,21.0,79.0,288,18.9,33.7,2283,88.0,12.0,3954,53.3,12.8,34.5,89.0,7.6,1.3,0.0,82.4,67.1,2019
12086005103,"Census Tract 51.03, Miami-Dade County, Florida",58.5,5.3,76.5,4.0,2.3,0.9,31.7,26199,39337,15403,21.9,6.8,17.7,11.2,11.8,19.2,5.1,4.8,0.0,1.6,30.6,50.4,24.2,18.7,43.9,25.7,11.8,22.6,77.4,1065,10.5,53.5,1032,95.5,4.5,2993,41.2,21.8,19.5,89.6,6.4,0.3,0.3,98.3,73.6,2019
12086005104,"Census Tract 51.04, Miami-Dade County, Florida",61.4,4.0,77.1,5.7,0.7,5.1,30.5,26865,36470,16950,15.9,11.0,18.6,17.7,13.4,13.3,4.5,5.3,0.4,0.0,41.3,38.4,29.5,14.5,52.6,26.4,6.5,14.8,85.2,1116,10.2,62.5,2125,92.3,7.7,4741,39.7,14.4,14.9,86.2,6.6,2.0,0.0,91.1,76.9,2019
12086005201,"Census Tract 52.01, Miami-Dade County, Florida",55.5,7.8,62.9,23.1,1.4,0.0,33.7,25294,31644,12105,20.7,9.0,19.5,18.1,13.9,9.5,7.3,1.9,0.0,0.0,33.5,62.3,25.6,26.7,48.0,23.2,2.2,7.8,92.2,980,10.7,61.5,2498,89.2,10.8,6648,34.7,27.6,12.6,90.1,5.1,0.0,0.0,95.4,67.2,2019
12086005202,"Census Tract 52.02, Miami-Dade County, Florida",63.1,8.1,48.9,22.8,6.3,2.7,34.0,25221,35675,13871,14.3,8.4,26.9,14.2,13.5,8.3,11.6,1.6,1.2,0.0,25.9,38.2,40.9,34.2,47.2,16.8,1.8,2.1,97.9,1032,9.2,60.7,2185,86.3,13.7,5875,35.8,21.8,15.6,89.5,7.4,1.3,0.0,94.0,69.7,2019
12086005302,"Census Tract 53.02, Miami-Dade County, Florida",50.7,5.0,57.1,21.3,5.5,1.0,29.7,16895,25906,12937,30.3,14.2,15.4,9.3,18.1,9.4,2.2,0.4,0.7,0.0,34.6,59.4,26.3,31.4,54.1,12.2,2.3,6.6,93.4,922,15.9,52.8,3692,93.2,6.8,7699,44.6,17.9,23.5,90.0,6.5,0.3,0.0,94.7,71.2,2019
12086005303,"Census Tract 53.03, Miami-Dade County, Florida",55.2,8.4,58.5,22.8,3.6,3.9,32.3,27438,34767,14663,8.5,13.5,18.9,22.4,13.2,18.7,2.5,0.7,1.7,0.0,38.7,45.6,29.6,26.8,47.8,21.9,3.6,3.7,96.3,988,8.9,62.7,1597,94.7,5.3,4397,38.4,23.3,13.0,89.0,3.4,3.8,0.0,97.4,75.3,2019
12086005304,"Census Tract 53.04, Miami-Dade County, Florida",55.4,7.2,41.6,21.0,6.1,10.5,29.5,24508,28757,13547,17.8,9.0,24.2,16.8,20.7,5.0,6.5,0.0,0.0,0.0,28.2,49.2,35.2,34.8,50.2,14.5,0.5,5.5,94.5,1013,14.2,58.5,2146,92.1,7.9,4901,42.3,14.5,15.1,92.3,1.3,5.4,0.0,96.5,80.5,2019
12086005403,"Census Tract 54.03, Miami-Dade County, Florida",56.2,8.0,82.0,7.2,1.8,0.8,30.9,33173,43051,15722,17.1,6.8,12.0,15.8,23.6,6.8,7.0,6.8,4.1,0.0,28.0,44.6,24.7,6.8,53.0,28.0,12.2,36.3,63.7,1107,16.2,68.3,577,94.1,5.9,1731,42.4,16.2,18.9,95.0,0.8,0.0,0.0,96.1,76.1,2019
12086005405,"Census Tract 54.05, Miami-Dade County, Florida",62.9,3.9,72.5,13.3,4.2,0.0,26.5,28292,40105,15489,9.8,16.3,15.9,15.1,19.1,11.4,7.9,2.3,0.6,1.6,27.4,58.3,30.5,16.6,39.2,30.1,14.1,19.0,81.0,1087,0.9,72.8,1355,94.5,5.5,4315,38.4,21.8,13.0,87.4,8.9,2.6,0.0,98.6,71.1,2019
12086005406,"Census Tract 54.06, Miami-Dade County, Florida",53.1,2.8,67.9,8.1,4.4,4.8,35.9,30398,35604,14101,6.8,7.4,28.9,17.0,17.4,12.6,7.2,2.7,0.0,0.0,22.9,37.4,27.0,25.0,44.8,20.0,10.1,13.8,86.2,1123,5.4,70.7,1391,95.0,5.0,3872,39.8,19.9,17.4,96.1,2.0,0.3,0.0,97.3,69.3,2019
12086005407,"Census Tract 54.07, Miami-Dade County, Florida",53.2,4.1,68.3,9.7,5.5,5.1,27.9,28480,38615,15059,13.1,5.8,24.2,15.0,11.4,17.4,8.5,4.7,0.0,0.0,14.0,38.5,22.7,33.6,28.4,28.4,9.6,38.0,62.0,947,7.4,44.1,865,91.2,8.8,2374,44.5,16.7,27.5,90.6,3.1,5.9,0.0,95.7,76.6,2019
12086005409,"Census Tract 54.09, Miami-Dade County, Florida",50.5,11.0,57.7,16.6,8.4,3.1,36.5,23084,27817,12284,14.5,10.3,32.4,22.5,13.4,5.1,0.0,1.3,0.0,0.5,31.9,45.1,30.9,34.7,47.3,14.4,3.6,3.1,96.9,958,6.2,75.3,1722,96.3,3.7,4123,39.2,23.0,18.4,87.5,5.3,5.5,0.0,96.8,69.3,2019
12086005410,"Census Tract 54.10, Miami-Dade County, Florida",53.8,7.7,58.5,9.1,3.4,2.8,29.2,25850,36402,16287,12.8,9.2,26.9,14.4,13.8,15.3,3.2,2.7,1.1,0.7,26.1,50.5,21.5,30.3,47.6,21.5,0.7,4.3,95.7,1036,8.2,56.1,1609,92.6,7.4,3726,45.0,17.2,18.9,89.6,1.3,3.7,0.0,98.8,80.0,2019
12086005501,"Census Tract 55.01, Miami-Dade County, Florida",52.2,1.9,77.6,4.9,2.8,2.3,31.1,36823,49618,19226,14.6,4.6,16.5,10.4,19.2,18.9,9.4,4.9,0.7,1.0,22.9,29.7,15.7,13.1,41.4,31.0,14.4,47.0,53.0,1136,11.4,46.6,2447,98.2,1.8,7185,47.5,14.1,24.7,89.6,4.4,1.8,2.8,94.4,75.7,2019
12086005502,"Census Tract 55.02, Miami-Dade County, Florida",52.9,6.9,62.6,11.5,0.1,4.1,30.8,26394,43399,20231,11.7,11.7,21.9,14.8,10.2,13.9,7.7,3.2,4.2,0.7,24.8,40.2,14.0,16.9,44.2,28.8,10.1,30.0,70.0,1037,9.0,66.2,2754,89.9,10.1,6294,46.1,14.2,25.7,97.1,0.9,0.0,1.1,93.6,73.6,2019
12086005600,"Census Tract 56, Miami-Dade County, Florida",57.9,5.4,76.0,3.9,2.7,6.4,28.6,52059,69902,25934,10.5,5.9,12.6,6.4,12.2,18.3,10.1,12.1,6.1,5.9,14.2,25.8,15.3,11.0,37.6,37.5,13.9,51.0,49.0,1365,12.4,56.8,2005,88.2,11.8,5360,45.2,15.0,18.8,92.6,3.7,1.7,0.2,92.5,64.8,2019
12086005701,"Census Tract 57.01, Miami-Dade County, Florida",57.0,6.0,72.7,2.7,3.3,5.3,29.9,35840,53010,21119,14.2,15.1,11.7,8.1,19.3,11.4,5.2,8.3,2.6,4.1,22.3,43.5,19.9,12.8,36.5,25.0,25.7,59.3,40.7,984,17.6,56.3,2353,98.5,1.5,6990,49.6,11.2,24.8,98.2,0.5,0.8,0.0,96.5,77.1,2019
12086005703,"Census Tract 57.03, Miami-Dade County, Florida",54.1,3.0,80.6,5.0,1.1,3.5,32.3,29257,39998,19218,16.2,9.2,18.3,14.4,10.7,20.0,7.0,1.8,0.0,2.4,21.0,34.5,11.4,21.2,51.6,23.6,3.6,27.7,72.3,1259,5.3,57.6,3682,91.9,8.1,7818,44.7,12.9,27.1,94.4,2.4,1.3,0.0,97.0,79.7,2019
12086005704,"Census Tract 57.04, Miami-Dade County, Florida",54.7,4.3,81.7,6.7,3.1,3.1,32.1,31549,41091,17351,11.1,7.9,14.2,22.1,19.6,15.0,3.9,3.6,1.1,1.5,22.5,43.6,23.3,12.6,51.1,22.8,13.4,21.7,78.3,1186,12.9,66.0,3335,97.5,2.5,9307,44.3,16.8,20.7,97.4,1.7,0.0,0.3,96.6,78.6,2019
12086005801,"Census Tract 58.01, Miami-Dade County, Florida",61.8,2.1,87.3,1.9,0.0,3.6,29.7,44952,63570,22578,5.3,7.0,16.7,11.8,10.0,12.7,10.8,19.2,4.2,2.3,10.9,29.0,13.4,8.9,34.0,32.3,24.8,56.3,43.7,1446,9.0,61.8,2699,91.6,8.4,8344,45.3,14.6,21.0,94.1,3.9,0.2,0.3,95.9,69.9,2019
12086005802,"Census Tract 58.02, Miami-Dade County, Florida",55.1,8.3,82.4,3.5,1.6,5.6,31.0,48861,58082,21013,7.4,4.7,10.8,14.6,14.3,23.9,8.6,11.4,3.1,1.2,10.8,34.6,15.2,8.3,28.9,36.8,26.0,61.8,38.2,1345,21.8,53.0,3746,92.8,7.2,11727,47.1,13.6,23.3,95.0,2.0,2.3,0.0,95.8,73.2,2019
12086005901,"Census Tract 59.01, Miami-Dade County, Florida",56.4,3.3,82.0,0.0,3.3,4.0,27.9,47356,73379,28338,4.5,5.6,13.7,11.0,17.7,8.0,11.5,19.6,3.7,4.7,14.0,23.5,9.3,7.6,38.6,42.3,11.4,57.9,42.1,1395,8.2,51.4,1957,96.3,3.7,5476,46.1,17.9,21.3,93.0,3.6,1.7,0.0,93.5,63.5,2019
12086005902,"Census Tract 59.02, Miami-Dade County, Florida",61.5,0.5,77.8,4.0,1.3,6.5,28.2,51116,62504,22223,5.9,2.7,12.0,16.1,12.3,22.2,10.2,14.7,3.6,0.4,15.8,29.3,16.6,6.4,26.3,37.5,29.7,54.0,46.0,1522,21.8,53.6,1220,99.3,0.7,4141,49.0,8.9,21.8,87.1,7.9,5.0,0.0,89.6,74.7,2019
12086005903,"Census Tract 59.03, Miami-Dade County, Florida",59.3,3.2,83.0,2.1,0.3,5.6,30.0,41808,60001,20451,8.7,5.1,16.0,12.0,14.7,15.2,15.2,9.1,3.3,0.7,14.0,41.3,15.2,7.1,32.9,35.2,24.7,40.4,59.6,1236,8.3,59.9,1625,95.6,4.4,5483,43.2,17.5,20.7,98.4,0.3,0.0,0.5,92.1,67.2,2019
12086005904,"Census Tract 59.04, Miami-Dade County, Florida",58.2,4.0,78.7,0.3,0.8,2.9,28.3,54005,103300,34415,7.7,5.0,6.3,11.4,13.0,17.1,6.2,21.1,4.6,7.5,20.0,24.5,11.7,3.8,33.9,43.3,19.0,54.6,45.4,1670,6.3,42.3,1848,92.2,7.8,5908,40.4,18.6,20.8,94.1,3.4,0.5,1.9,89.6,67.0,2019
12086006001,"Census Tract 60.01, Miami-Dade County, Florida",60.8,1.0,77.1,2.1,0.7,10.4,32.4,93214,108079,39348,5.9,0.9,8.3,2.9,10.5,15.2,8.6,22.6,10.7,14.4,6.7,8.7,7.6,1.7,18.9,42.6,36.8,84.1,15.9,2205,0.0,25.4,2104,100.0,0.0,6710,44.2,13.8,21.7,95.9,0.8,1.5,1.1,86.1,56.2,2019
12086006002,"Census Tract 60.02, Miami-Dade County, Florida",58.3,2.5,79.7,2.7,0.7,7.9,26.4,72963,91886,31783,8.0,6.2,7.7,4.7,9.4,18.5,17.9,9.0,8.6,10.1,19.1,19.6,5.4,3.8,33.2,35.3,27.7,84.5,15.5,1753,9.9,40.1,1712,96.1,3.9,5457,46.3,14.3,28.5,93.6,2.1,1.2,0.8,86.8,59.8,2019
12086006101,"Census Tract 61.01, Miami-Dade County, Florida",56.6,3.1,82.3,0.8,0.0,7.7,22.7,107500,136170,50418,1.2,3.3,3.9,2.6,8.2,18.1,8.9,17.6,15.1,21.1,5.3,6.6,6.0,1.9,38.4,47.6,12.1,82.1,17.9,2783,19.8,28.4,2100,90.7,9.3,5351,43.2,23.8,21.3,92.1,0.9,4.4,1.9,73.4,46.4,2019
12086006102,"Census Tract 61.02, Miami-Dade County, Florida",57.0,0.0,79.1,1.9,4.9,4.4,24.6,133869,165399,72529,4.5,3.3,5.7,2.4,7.4,9.1,10.6,18.1,15.2,23.7,5.2,1.3,4.8,2.0,39.8,46.0,12.2,77.2,22.8,3266,3.4,58.4,2828,84.0,16.0,5633,52.7,17.0,29.6,95.8,0.7,1.0,2.5,61.3,47.8,2019
12086006201,"Census Tract 62.01, Miami-Dade County, Florida",71.4,2.7,77.0,0.0,2.9,5.1,23.3,40234,69312,28062,3.8,6.3,18.4,13.8,14.5,8.8,12.3,8.6,6.0,7.6,11.0,12.6,19.6,12.8,39.9,39.6,7.8,43.4,56.6,1373,1.0,60.2,1255,85.2,14.8,2833,39.3,19.9,13.2,96.2,1.8,1.0,0.8,83.0,59.4,2019
12086006203,"Census Tract 62.03, Miami-Dade County, Florida",59.3,0.1,74.7,4.4,2.8,10.5,24.5,61250,81506,46131,4.6,9.2,14.3,4.9,9.4,16.2,15.4,11.2,7.5,7.3,7.4,4.0,6.7,21.9,47.3,20.0,10.8,35.1,64.9,1414,1.1,44.6,1392,89.2,10.8,2334,58.0,9.0,31.5,95.2,0.4,0.6,2.7,63.5,54.7,2019
12086006205,"Census Tract 62.05, Miami-Dade County, Florida",75.0,3.1,70.6,5.9,6.9,5.3,26.4,50682,68449,38512,9.5,7.3,13.2,4.0,15.5,17.6,13.6,10.0,5.7,3.6,20.9,12.3,20.3,12.6,58.9,28.5,0.1,14.2,85.8,1427,5.1,48.7,2583,84.2,15.8,4251,37.5,10.5,16.0,91.0,1.5,3.9,1.1,82.2,62.3,2019
12086006206,"Census Tract 62.06, Miami-Dade County, Florida",70.9,4.9,74.5,5.6,4.1,8.3,21.0,71540,121808,61870,4.8,7.4,6.5,5.4,7.6,20.3,7.0,13.8,8.5,18.8,8.1,0.5,7.5,8.3,57.3,29.9,4.5,34.3,65.7,1645,7.0,36.0,2018,81.4,18.6,3355,41.7,18.4,15.3,94.3,0.3,1.4,2.6,75.6,48.3,2019
12086006301,"Census Tract 63.01, Miami-Dade County, Florida",52.6,3.2,70.6,2.4,3.9,10.5,28.0,32477,42657,18236,10.3,7.0,15.7,20.6,14.2,17.5,10.4,2.0,2.4,0.0,22.2,36.9,16.3,10.0,53.6,29.3,7.2,39.4,60.6,1157,3.7,54.8,3113,95.6,4.4,7608,51.0,14.3,22.8,98.8,0.1,0.8,0.1,94.1,75.0,2019
12086006302,"Census Tract 63.02, Miami-Dade County, Florida",59.7,8.3,85.8,2.5,2.2,3.6,25.4,52739,78801,30113,9.3,2.9,14.2,8.4,11.6,20.4,7.6,12.4,6.8,6.4,10.4,18.2,18.1,5.6,43.6,35.1,15.7,55.3,44.7,1489,6.5,65.1,2152,91.0,9.0,5610,45.7,15.1,21.6,93.6,2.3,1.5,0.4,83.9,60.7,2019
12086006401,"Census Tract 64.01, Miami-Dade County, Florida",54.9,9.5,70.1,6.8,2.5,7.9,31.4,37078,58802,23129,19.3,6.6,13.3,6.1,17.1,11.5,13.1,9.4,0.0,3.7,16.3,38.0,17.0,14.0,44.0,27.0,15.1,25.3,74.7,1146,3.1,51.8,1438,97.1,2.9,4058,43.6,12.3,24.6,87.5,4.1,5.7,0.5,93.5,79.3,2019
12086006402,"Census Tract 64.02, Miami-Dade County, Florida",61.1,7.2,73.7,8.3,0.0,9.4,30.2,40809,64839,24033,9.5,6.9,15.7,12.8,12.1,17.3,10.3,6.5,2.0,6.9,25.1,25.5,25.5,14.1,41.0,31.7,13.1,33.2,66.8,1262,5.3,65.2,1522,88.0,12.0,4038,39.9,16.4,15.6,90.1,1.7,3.5,0.0,88.6,69.4,2019
12086006403,"Census Tract 64.03, Miami-Dade County, Florida",56.3,6.4,71.7,9.5,0.8,7.9,32.9,37894,57111,23821,4.8,6.1,26.3,11.9,17.6,11.3,6.3,9.0,3.4,3.2,21.1,22.8,17.7,16.4,44.9,23.2,15.5,46.9,53.1,1070,2.2,72.3,1523,89.0,11.0,3574,47.7,13.8,23.3,89.8,1.1,1.4,2.4,88.5,66.2,2019
12086006501,"Census Tract 65.01, Miami-Dade County, Florida",68.1,1.7,78.4,2.3,0.0,4.5,25.8,62767,72250,27337,7.1,5.2,4.7,9.6,16.1,23.9,11.5,11.5,7.8,2.6,9.5,15.5,19.3,9.2,40.2,33.1,17.4,38.8,61.2,1353,4.8,56.4,1269,91.3,8.7,3604,43.0,12.7,16.2,92.7,4.7,0.0,0.0,90.6,67.1,2019
12086006503,"Census Tract 65.03, Miami-Dade County, Florida",55.6,5.7,81.5,3.8,0.9,4.9,29.6,50391,68766,29666,6.3,1.6,16.6,12.3,13.0,15.8,9.9,14.5,7.7,2.3,11.4,11.2,14.1,7.7,46.8,33.6,11.9,61.8,38.2,1319,5.6,43.5,1023,93.7,6.3,2418,47.9,13.1,25.9,88.8,3.4,5.0,0.6,86.3,65.1,2019
12086006504,"Census Tract 65.04, Miami-Dade County, Florida",63.8,2.2,72.5,12.6,3.6,4.8,26.9,63750,83614,32533,5.5,6.1,15.0,7.6,7.6,15.1,13.4,15.6,7.2,6.9,10.6,12.9,18.7,11.2,37.5,36.8,14.5,53.9,46.1,1612,16.1,44.3,969,94.8,5.2,2442,39.8,20.1,16.3,94.8,1.5,0.5,0.8,85.3,55.1,2019
12086006601,"Census Tract 66.01, Miami-Dade County, Florida",61.6,4.8,74.2,7.2,2.6,3.5,29.6,48713,75774,31607,9.4,5.1,14.5,16.6,6.3,13.9,17.1,6.7,2.6,7.9,15.2,22.1,12.0,12.5,47.9,32.0,7.6,34.0,66.0,1191,13.7,57.9,3114,93.0,7.0,7367,41.2,18.9,17.6,92.8,2.4,0.8,2.5,85.5,67.6,2019
12086006602,"Census Tract 66.02, Miami-Dade County, Florida",63.2,2.6,62.9,19.7,4.1,2.1,27.4,47915,84324,44622,13.4,4.9,15.7,10.3,10.6,14.1,14.2,8.1,3.0,5.9,23.8,21.3,21.1,22.6,55.2,19.6,2.6,10.8,89.2,1291,9.8,50.9,4262,84.8,15.2,6956,38.7,10.7,14.4,81.2,6.3,3.7,3.0,80.6,60.1,2019
12086006702,"Census Tract 67.02, Miami-Dade County, Florida",80.5,2.7,57.3,10.5,9.1,7.6,24.0,94226,122085,67326,4.1,3.2,6.3,4.9,5.8,15.4,13.7,17.8,15.5,13.3,13.6,1.3,6.4,12.1,68.0,18.0,1.9,23.4,76.6,2215,11.6,45.7,8519,68.2,31.8,11074,30.9,10.2,2.7,92.3,1.9,2.8,1.4,57.9,48.1,2019
12086006705,"Census Tract 67.05, Miami-Dade County, Florida",66.5,5.4,72.4,1.9,6.8,9.3,26.0,77453,133760,82641,10.8,1.8,10.1,9.2,4.6,10.9,11.3,17.8,4.9,18.6,10.9,8.7,4.5,10.8,66.1,20.0,3.0,53.4,46.6,2115,3.6,54.2,2861,71.6,28.4,3393,48.9,10.1,28.9,90.2,2.4,0.6,3.2,61.8,60.2,2019
12086006706,"Census Tract 67.06, Miami-Dade County, Florida",70.9,0.0,68.3,2.7,1.3,16.4,23.4,84286,113771,55826,4.5,5.9,8.3,4.7,7.4,16.9,7.6,20.1,11.5,13.0,5.7,0.0,9.3,2.7,64.4,28.5,4.5,57.1,42.9,2081,4.7,64.4,1816,69.3,30.7,2631,42.6,17.9,21.7,96.1,0.0,0.5,2.2,71.7,60.1,2019
12086006707,"Census Tract 67.07, Miami-Dade County, Florida",71.9,4.7,71.8,0.0,9.1,11.9,22.4,107901,166075,89837,5.4,1.0,4.4,3.7,3.1,11.7,9.7,24.0,11.2,25.8,5.7,0.0,4.2,7.1,65.2,24.0,3.7,43.8,56.2,2369,4.0,35.0,3597,65.3,34.7,4350,41.2,19.2,12.1,95.4,0.0,1.0,2.6,66.9,54.7,2019
12086006709,"Census Tract 67.09, Miami-Dade County, Florida",73.9,1.7,49.7,1.3,17.1,21.5,21.7,109409,195274,123816,6.3,2.4,4.2,4.4,1.6,13.2,11.1,21.1,8.7,27.0,10.4,0.0,14.0,6.0,67.2,26.4,0.5,38.9,61.1,2711,16.2,38.7,1741,46.2,53.8,1283,37.0,9.7,3.9,77.0,7.1,5.4,7.0,42.8,50.5,2019
12086006711,"Census Tract 67.11, Miami-Dade County, Florida",78.9,1.9,48.3,9.6,17.0,12.1,29.2,100257,113485,61715,8.4,0.0,4.0,6.0,2.8,15.6,12.5,31.3,7.6,11.8,14.2,0.0,14.6,11.9,68.0,15.9,4.2,29.6,70.4,2302,12.7,36.4,2411,62.8,37.2,2964,34.3,8.9,7.8,81.1,4.2,2.8,4.1,49.7,47.2,2019
12086006713,"Census Tract 67.13, Miami-Dade County, Florida",85.6,4.9,50.3,9.1,11.1,16.5,23.7,100037,162622,86742,2.5,2.2,1.7,7.9,4.8,12.7,18.1,16.3,11.4,22.3,4.6,0.7,10.0,11.8,66.6,19.6,2.0,32.2,67.8,2413,6.2,31.4,1815,71.8,28.2,2549,34.3,19.3,3.6,83.2,0.8,2.7,6.6,46.4,48.7,2019
12086006714,"Census Tract 67.14, Miami-Dade County, Florida",70.8,4.5,61.1,2.9,15.5,11.4,26.6,81750,126653,69826,9.4,0.0,1.0,3.3,8.6,21.9,15.7,16.5,1.6,22.0,12.1,1.5,8.0,8.8,71.7,18.8,0.8,53.0,47.0,1880,10.6,41.4,1639,54.7,45.3,1668,41.3,13.4,16.0,86.2,2.8,6.5,1.3,57.3,56.7,2019
12086006801,"Census Tract 68.01, Miami-Dade County, Florida",59.3,5.3,63.0,2.3,8.9,17.2,22.9,111136,178525,80167,6.3,1.9,2.4,3.9,5.6,11.1,10.2,20.2,11.2,27.2,7.8,2.0,2.0,3.6,45.4,37.2,13.8,68.7,31.3,1736,11.5,45.4,1775,71.5,28.5,2890,47.8,19.8,23.8,97.3,1.8,0.0,0.9,29.6,31.5,2019
12086006802,"Census Tract 68.02, Miami-Dade County, Florida",53.9,2.4,75.3,0.4,1.3,14.3,22.4,131900,207345,95411,4.3,9.2,6.5,4.7,2.6,4.2,7.3,14.7,12.9,33.7,8.3,5.9,1.4,8.5,41.8,38.2,11.5,74.1,25.9,-666666666,20.7,47.6,1974,80.0,20.0,3496,52.6,22.5,33.8,97.1,0.7,1.4,0.7,49.6,35.5,2019
12086006900,"Census Tract 69, Miami-Dade County, Florida",60.0,4.2,80.9,4.1,1.8,4.0,26.9,47000,94199,38625,7.2,8.7,11.5,7.6,16.2,10.6,12.4,9.1,9.8,7.0,15.2,20.1,19.7,9.1,54.0,24.1,12.8,47.9,52.1,1331,7.0,61.7,2797,89.7,10.3,6672,46.7,14.8,22.2,98.6,0.5,0.3,0.0,86.4,55.0,2019
12086007001,"Census Tract 70.01, Miami-Dade County, Florida",61.0,3.1,66.5,6.1,7.4,6.3,29.6,49925,77003,31479,6.0,6.4,6.8,16.9,14.0,11.7,12.4,13.3,5.5,7.0,11.8,17.7,13.6,11.4,49.5,26.0,13.1,34.7,65.3,1699,2.3,49.7,4316,86.6,13.4,10232,44.8,16.4,19.2,85.1,5.2,2.3,2.6,82.4,61.4,2019
12086007002,"Census Tract 70.02, Miami-Dade County, Florida",59.5,6.7,67.8,12.7,2.6,2.4,30.2,43011,56961,23775,9.6,6.4,14.6,13.8,15.8,18.0,4.2,13.8,0.7,3.0,25.1,25.6,25.0,11.3,44.9,36.4,7.4,25.8,74.2,1551,12.9,64.9,3454,85.6,14.4,7852,43.7,17.5,17.1,90.6,2.2,0.3,1.7,86.8,69.1,2019
12086007101,"Census Tract 71.01, Miami-Dade County, Florida",56.5,4.5,77.9,3.8,0.0,3.6,25.1,51429,103000,39694,14.7,6.6,12.2,13.3,2.8,9.9,2.9,16.5,10.8,10.3,13.3,26.3,16.9,24.5,42.7,28.9,4.0,39.6,60.4,1269,4.1,43.1,1272,80.3,19.7,2765,34.8,25.9,18.8,57.6,33.4,5.6,0.0,40.7,38.7,2019
12086007103,"Census Tract 71.03, Miami-Dade County, Florida",69.2,3.1,79.1,1.5,3.9,10.8,28.9,97708,140265,77797,5.5,1.9,3.9,2.4,10.5,15.6,10.9,23.0,8.9,17.4,9.4,2.3,10.0,2.8,66.2,29.6,1.4,56.0,44.0,1797,5.4,41.6,1221,67.9,32.1,1515,37.3,13.4,18.4,93.9,2.2,1.7,1.8,38.9,30.8,2019
12086007104,"Census Tract 71.04, Miami-Dade County, Florida",77.5,5.3,80.3,4.2,1.9,7.5,22.7,82452,136366,60433,3.5,1.4,4.6,4.7,12.1,19.7,13.3,14.6,9.2,17.1,3.7,6.1,9.9,3.6,51.4,40.0,4.9,43.2,56.8,1886,7.2,51.5,1715,89.6,10.4,3559,33.5,22.9,6.7,91.7,1.9,4.2,1.3,47.1,30.2,2019
12086007200,"Census Tract 72, Miami-Dade County, Florida",55.4,7.4,80.0,12.9,2.1,1.8,25.5,42759,66171,27574,13.6,10.0,18.0,5.2,10.1,19.6,8.3,6.4,4.7,4.0,23.5,34.8,17.1,23.0,46.1,20.9,10.0,30.0,70.0,1069,10.8,53.7,1241,86.2,13.8,2872,43.1,15.9,14.7,28.3,70.5,0.2,0.0,19.0,23.9,2019
12086007300,"Census Tract 73, Miami-Dade County, Florida",63.4,4.8,77.8,0.1,1.8,13.2,24.5,168490,262210,96293,3.0,2.8,3.6,4.1,3.0,6.2,8.2,14.1,9.3,45.6,15.4,3.3,9.3,0.5,27.0,54.5,18.0,84.0,16.0,2070,13.8,7.1,1809,87.3,12.7,4396,42.2,30.1,15.9,84.6,6.2,2.7,4.5,42.4,31.6,2019
12086007400,"Census Tract 74, Miami-Dade County, Florida",62.9,1.6,74.9,2.5,0.8,10.4,23.1,111875,201583,82498,5.7,2.7,3.8,5.9,4.1,11.2,9.2,19.8,12.4,25.2,6.0,2.2,1.4,4.1,40.9,37.5,17.5,75.0,25.0,2182,2.8,32.6,3343,83.4,16.6,7117,41.2,25.2,18.1,96.9,0.2,1.7,1.1,62.0,30.4,2019
12086007501,"Census Tract 75.01, Miami-Dade County, Florida",62.9,1.9,73.1,0.8,2.1,12.4,23.2,158750,217260,77425,0.5,0.6,5.2,5.7,3.1,6.1,12.8,13.1,11.6,41.2,6.7,2.1,1.8,1.9,28.8,55.4,13.9,95.2,4.8,3501,0.0,24.4,1053,89.7,10.3,2754,47.5,27.0,21.5,94.4,2.4,1.9,0.0,65.1,32.5,2019
12086007503,"Census Tract 75.03, Miami-Dade County, Florida",64.6,1.2,66.2,12.8,10.5,7.7,23.4,71125,125042,52175,7.4,2.1,1.5,4.7,7.7,28.2,11.3,7.1,11.6,18.4,13.3,2.4,0.7,13.1,43.6,29.1,14.2,70.3,29.7,1932,16.1,44.8,422,79.9,20.1,837,32.4,27.0,16.8,92.5,0.0,5.7,0.6,44.2,24.1,2019
12086007601,"Census Tract 76.01, Miami-Dade County, Florida",66.9,2.6,74.0,1.0,4.9,11.2,27.3,117426,127212,42724,3.3,2.8,0.7,8.4,8.6,13.4,6.2,17.0,22.6,17.2,12.0,6.7,8.2,5.2,27.5,46.2,21.0,83.6,16.4,2194,14.7,36.4,913,94.3,5.7,2705,39.6,19.3,15.5,93.2,0.6,3.7,2.2,75.6,33.5,2019
12086007603,"Census Tract 76.03, Miami-Dade County, Florida",46.3,13.9,74.7,11.1,7.2,0.0,30.2,30184,52890,20754,23.3,7.1,12.9,11.7,10.1,12.7,6.3,10.3,1.8,3.9,32.5,27.4,9.9,16.9,47.0,23.9,12.2,26.7,73.3,1585,3.7,70.6,1745,81.3,18.7,4047,27.6,15.2,11.7,61.7,31.9,1.9,3.9,39.6,32.3,2019
12086007604,"Census Tract 76.04, Miami-Dade County, Florida",64.4,5.6,68.5,13.9,3.0,9.9,32.5,80058,131012,55378,2.4,2.1,6.7,12.8,14.5,9.9,10.3,14.3,7.6,19.3,5.0,5.7,6.9,12.6,39.0,36.5,11.9,49.4,50.6,1233,12.2,49.3,2673,93.0,7.0,6120,39.2,22.7,12.6,88.9,0.8,1.4,8.5,61.6,34.7,2019
12086007605,"Census Tract 76.05, Miami-Dade County, Florida",65.4,3.8,77.7,1.9,0.5,8.4,27.8,69861,109008,44045,5.6,3.8,8.2,10.1,5.8,23.3,10.1,17.4,5.9,9.9,9.9,16.0,8.0,3.4,37.1,48.2,11.3,53.1,46.9,1613,9.5,47.8,1813,83.2,16.8,3886,34.3,15.4,18.3,88.7,4.1,5.3,1.5,71.6,45.7,2019
12086007606,"Census Tract 76.06, Miami-Dade County, Florida",62.4,4.9,66.2,3.0,2.1,9.9,28.5,82943,119519,45779,6.8,1.0,6.9,9.7,8.9,13.5,6.7,11.8,18.3,16.5,6.5,4.4,8.0,5.5,29.8,42.4,22.4,75.4,24.6,1389,8.0,36.4,1764,96.0,4.0,4649,43.8,16.8,15.6,81.0,9.1,5.9,3.0,58.7,39.9,2019
12086007701,"Census Tract 77.01, Miami-Dade County, Florida",54.3,2.7,82.3,1.6,0.0,6.2,32.8,63208,86250,28053,4.9,0.8,14.2,14.8,8.4,10.0,7.8,28.0,8.4,2.8,14.6,14.1,17.5,3.0,22.2,48.7,26.0,71.1,28.9,1575,3.6,47.8,2024,95.8,4.2,6812,45.6,15.1,21.1,92.1,6.1,0.8,0.3,87.8,60.4,2019
12086007702,"Census Tract 77.02, Miami-Dade County, Florida",63.6,0.7,87.3,1.5,2.3,3.9,34.4,88185,160667,61045,2.3,6.0,12.1,5.4,9.0,9.5,10.3,16.2,7.5,21.6,10.3,12.2,4.4,1.8,30.6,44.1,23.5,77.2,22.8,1782,8.9,28.3,2224,95.9,4.1,5826,50.5,14.6,18.5,93.7,0.3,3.5,0.9,81.9,58.7,2019
12086007704,"Census Tract 77.04, Miami-Dade County, Florida",65.1,6.6,68.8,5.6,9.9,7.0,26.9,53815,81628,36135,8.7,5.3,7.8,6.6,18.5,16.5,11.3,15.0,2.6,7.6,15.3,13.2,12.0,10.2,52.9,28.8,8.1,33.8,66.2,1452,11.4,47.8,2526,82.3,17.7,5133,34.9,18.4,15.3,90.2,4.5,2.0,2.6,70.7,51.4,2019
12086007705,"Census Tract 77.05, Miami-Dade County, Florida",63.8,2.1,78.5,9.4,0.8,5.4,36.4,58821,93017,47350,8.6,5.1,9.5,6.6,10.8,25.2,9.8,7.9,3.4,13.2,9.5,7.0,6.1,9.0,43.3,37.5,10.2,47.8,52.2,1340,9.5,35.7,2252,96.8,3.2,4519,41.0,12.3,17.1,90.8,2.9,1.3,1.1,73.1,48.8,2019
12086007801,"Census Tract 78.01, Miami-Dade County, Florida",57.8,1.4,75.2,4.2,0.5,10.9,26.5,215625,381647,108334,0.0,1.1,4.6,0.0,1.9,7.7,3.1,16.5,8.0,57.1,3.3,1.1,6.0,4.2,10.7,29.1,55.9,97.7,2.3,-666666666,0.0,100.0,279,93.5,6.5,928,49.0,23.8,19.2,95.0,1.9,1.0,1.7,50.6,36.9,2019
12086007804,"Census Tract 78.04, Miami-Dade County, Florida",62.9,4.4,64.9,16.2,0.8,6.8,30.4,54566,82254,39597,10.0,4.5,10.5,8.4,9.2,19.2,12.2,13.8,4.6,7.6,17.0,12.3,11.6,6.2,59.9,31.4,2.6,34.1,65.9,1638,7.1,47.7,4311,80.8,19.2,7522,37.1,14.8,16.0,81.3,4.0,3.4,10.0,68.2,54.2,2019
12086007805,"Census Tract 78.05, Miami-Dade County, Florida",58.8,2.5,79.9,6.2,0.5,6.1,31.7,103125,139088,50738,4.9,1.2,4.3,3.7,9.4,14.4,10.9,21.2,9.6,20.3,5.2,5.6,4.3,4.9,17.9,55.6,21.6,70.0,30.0,1687,5.8,56.4,1781,86.7,13.3,4544,44.2,20.4,18.8,90.2,2.7,3.6,1.9,64.0,40.1,2019
12086007806,"Census Tract 78.06, Miami-Dade County, Florida",59.0,4.0,75.8,4.5,0.6,13.1,30.3,250001,401002,115912,2.2,1.8,3.3,0.7,0.8,3.7,4.4,11.2,9.9,62.0,6.5,0.0,2.2,1.8,12.1,38.8,47.2,94.1,5.9,3501,0.0,36.7,1274,90.6,9.4,4174,42.7,28.1,14.9,90.1,2.4,4.5,1.4,45.3,29.0,2019
12086007807,"Census Tract 78.07, Miami-Dade County, Florida",63.6,3.8,72.6,8.5,0.0,15.4,31.2,107283,194140,69591,0.6,7.1,8.0,4.7,8.7,5.2,11.7,9.6,15.7,28.7,4.7,4.5,4.2,5.9,27.3,47.1,19.7,63.5,36.5,1600,5.4,64.0,1773,94.9,5.1,4762,45.2,25.8,17.9,87.3,1.0,3.5,5.9,50.7,39.8,2019
12086007901,"Census Tract 79.01, Miami-Dade County, Florida",64.8,0.0,82.3,2.0,0.0,11.7,27.3,174000,248944,94890,5.5,0.9,0.0,4.1,0.7,16.0,12.8,7.1,10.6,42.3,4.2,2.1,5.1,3.5,25.2,48.8,22.5,74.6,25.4,1793,0.0,55.0,1553,88.3,11.7,3672,43.4,19.9,19.2,94.6,4.0,0.0,1.4,58.4,36.8,2019
12086007902,"Census Tract 79.02, Miami-Dade County, Florida",61.2,2.2,77.1,2.8,3.1,3.7,30.1,121833,223306,86520,4.3,3.0,2.8,8.5,6.2,10.7,10.2,12.4,11.5,30.4,5.6,3.6,7.1,1.4,33.5,41.9,23.1,83.2,16.8,1513,22.5,42.6,1192,89.6,10.4,2837,46.1,25.1,18.6,98.0,0.8,0.6,0.2,52.1,29.7,2019
12086008000,"Census Tract 80, Miami-Dade County, Florida",62.5,0.9,79.6,4.9,0.0,8.6,34.8,171548,302807,98852,1.6,0.0,0.0,9.6,6.6,2.3,9.0,15.1,10.3,45.5,1.8,1.5,0.8,0.7,29.1,34.9,35.3,78.7,21.3,1857,0.0,39.9,2369,78.5,21.5,5836,45.3,25.3,19.7,94.2,3.3,0.3,1.0,65.5,44.6,2019
12086008101,"Census Tract 81.01, Miami-Dade County, Florida",58.3,3.3,88.9,1.2,0.0,8.6,29.4,194815,297551,90691,0.0,0.0,1.8,1.7,3.4,5.3,3.4,15.1,20.7,48.5,1.8,0.9,2.1,2.6,14.3,48.8,34.3,94.5,5.5,-666666666,0.0,0.0,1222,94.9,5.1,3875,44.8,28.5,16.4,96.9,0.7,0.5,1.9,45.3,33.5,2019
12086008102,"Census Tract 81.02, Miami-Dade County, Florida",59.5,5.4,81.8,3.2,1.4,7.1,31.1,141711,180891,55899,4.2,3.7,0.9,3.2,9.6,9.5,6.3,13.9,20.8,28.0,10.4,4.7,9.7,3.2,20.4,42.7,33.6,83.6,16.4,1431,2.9,38.7,1630,90.7,9.3,5170,40.7,22.6,15.4,81.2,2.7,2.3,11.2,38.4,33.4,2019
12086008202,"Census Tract 82.02, Miami-Dade County, Florida",59.5,3.5,79.6,2.5,1.2,8.4,35.2,102679,137372,45489,2.2,0.4,12.2,5.8,11.6,9.5,7.5,13.5,13.6,23.6,5.8,4.8,7.3,1.1,30.6,39.0,29.3,77.6,22.4,1177,10.0,30.9,1455,98.2,1.8,4496,39.1,27.0,17.5,87.5,3.3,2.1,2.7,45.7,30.3,2019
12086008205,"Census Tract 82.05, Miami-Dade County, Florida",57.5,1.5,81.5,1.4,0.6,6.3,34.1,170385,270636,84778,0.8,1.1,0.0,3.5,3.2,5.5,8.9,16.4,18.6,42.0,2.8,3.8,2.1,2.2,19.8,42.2,35.8,92.4,7.6,2046,14.6,14.6,1440,81.5,18.5,3880,43.3,27.5,17.3,88.2,2.2,5.4,3.4,33.6,26.0,2019
12086008206,"Census Tract 82.06, Miami-Dade County, Florida",60.5,7.1,83.9,1.2,0.1,7.5,36.3,131579,190764,65147,1.8,1.5,1.6,1.6,9.5,11.9,13.5,13.4,5.7,39.5,2.1,5.7,4.7,1.5,21.7,52.4,24.4,84.8,15.2,1258,17.5,29.1,1469,92.0,8.0,3997,45.5,24.6,17.6,86.7,2.9,3.6,5.4,47.7,28.1,2019
12086008207,"Census Tract 82.07, Miami-Dade County, Florida",57.9,8.0,77.2,1.3,0.0,16.4,38.9,177083,223512,65753,1.9,0.0,0.0,2.8,2.6,7.7,11.3,18.2,10.9,44.6,5.0,2.2,1.5,0.7,18.0,45.5,35.7,93.6,6.4,3501,0.0,64.8,1300,96.8,3.2,4449,40.9,26.8,15.2,95.6,0.0,0.3,2.9,45.2,30.4,2019
12086008208,"Census Tract 82.08, Miami-Dade County, Florida",66.1,4.7,75.0,2.3,0.2,3.4,38.5,72359,88330,28498,0.9,1.0,6.5,13.1,13.6,17.6,14.9,18.0,7.9,6.5,9.3,18.7,12.5,1.1,20.1,55.8,23.0,51.4,48.6,1369,7.6,60.2,1583,95.7,4.3,4913,36.3,23.8,9.6,76.2,8.8,5.1,9.1,53.7,44.3,2019
12086008209,"Census Tract 82.09, Miami-Dade County, Florida",64.2,10.5,84.5,2.5,0.0,6.5,39.5,124508,162238,51284,3.1,2.6,0.5,2.8,4.6,7.7,8.9,31.6,13.6,24.5,8.9,1.3,1.2,1.1,18.3,48.0,32.7,86.5,13.5,2797,14.2,46.3,1493,94.8,5.2,4753,40.3,24.8,13.3,85.1,5.3,4.2,3.5,50.5,29.7,2019
12086008304,"Census Tract 83.04, Miami-Dade County, Florida",54.0,7.6,78.1,10.5,0.0,0.5,38.1,45991,71145,23585,6.6,3.9,10.1,12.0,19.4,17.7,9.6,12.2,7.7,0.9,10.2,28.6,13.1,16.2,25.4,31.7,26.7,77.5,22.5,1215,2.5,73.0,2599,93.3,6.7,9371,43.6,18.7,16.8,24.7,68.8,0.7,0.6,30.0,25.6,2019
12086008305,"Census Tract 83.05, Miami-Dade County, Florida",65.2,2.6,85.7,1.9,1.9,6.1,35.3,92500,124968,44168,2.2,2.4,4.4,9.5,9.8,9.8,16.0,16.7,9.5,19.6,5.4,9.3,3.4,2.8,25.8,48.2,23.2,60.7,39.3,1444,11.3,43.7,1873,91.2,8.8,5056,39.9,20.5,15.9,86.8,7.6,1.9,1.5,57.9,39.0,2019
12086008306,"Census Tract 83.06, Miami-Dade County, Florida",59.1,7.5,79.5,8.1,0.8,1.7,37.7,63561,74687,21302,2.1,3.1,9.2,4.9,17.9,22.6,15.7,11.1,12.1,1.3,8.4,22.0,19.9,3.2,22.4,47.4,27.0,74.5,25.5,1445,5.6,53.8,2284,94.3,5.7,8734,38.5,24.5,15.9,59.9,30.6,1.7,2.4,52.3,47.0,2019
12086008307,"Census Tract 83.07, Miami-Dade County, Florida",57.7,5.1,80.1,4.9,0.0,2.3,41.3,61172,69506,20047,2.7,4.0,9.3,8.7,12.6,26.3,15.4,16.3,1.6,3.2,11.4,24.8,23.8,5.0,18.3,43.9,32.8,82.3,17.7,1602,26.6,53.1,1827,94.6,5.4,6906,37.5,20.2,14.0,51.9,36.3,2.2,4.0,48.9,46.3,2019
12086008308,"Census Tract 83.08, Miami-Dade County, Florida",66.0,3.4,71.1,2.0,0.0,5.0,40.7,46056,61942,22597,7.8,5.7,6.4,14.3,17.4,13.8,16.1,12.4,6.0,0.0,11.4,29.2,11.8,6.8,27.0,48.9,17.3,62.2,37.8,1153,12.8,60.2,1733,87.7,12.3,4541,44.8,21.1,17.4,61.1,26.6,5.6,1.1,59.6,58.6,2019
12086008309,"Census Tract 83.09, Miami-Dade County, Florida",52.3,13.3,70.9,13.3,0.0,3.3,38.1,35320,40225,11681,13.1,6.8,12.8,16.5,26.6,11.0,10.0,2.7,0.5,0.0,39.7,56.0,13.3,13.5,40.2,34.8,11.5,44.7,55.3,981,14.5,64.3,1578,86.8,13.2,5285,25.5,40.2,8.2,18.4,77.6,0.5,0.8,23.2,15.4,2019
12086008405,"Census Tract 84.05, Miami-Dade County, Florida",66.5,6.2,83.7,2.8,0.0,4.7,31.4,115938,184630,58714,6.0,0.0,3.6,5.8,8.7,12.8,8.6,12.6,13.1,28.9,10.0,10.0,7.3,2.2,23.2,52.5,22.1,76.5,23.5,1605,11.3,68.7,2007,92.0,8.0,6021,38.2,26.2,18.2,90.7,3.0,4.5,1.6,71.3,31.4,2019
12086008407,"Census Tract 84.07, Miami-Dade County, Florida",66.7,5.1,86.1,2.7,0.1,7.1,33.4,94466,119837,45078,4.1,6.6,4.5,1.3,9.3,17.3,9.1,22.8,11.6,13.4,9.5,9.1,3.4,1.7,31.4,40.7,26.2,73.1,26.9,1388,21.6,45.0,2590,93.7,6.3,6793,42.7,16.9,17.1,98.7,0.2,0.4,0.7,73.0,36.2,2019
12086008409,"Census Tract 84.09, Miami-Dade County, Florida",65.9,1.7,76.8,5.0,0.7,4.2,35.7,92102,133287,49973,3.0,0.5,4.3,4.2,11.6,16.3,13.1,19.5,8.7,18.8,6.5,2.8,7.3,2.8,33.2,37.4,26.6,78.2,21.8,1664,6.5,19.7,1922,94.6,5.4,5101,41.6,20.2,18.8,84.6,4.8,3.2,4.2,58.5,34.6,2019
12086008410,"Census Tract 84.10, Miami-Dade County, Florida",63.8,4.4,88.7,0.3,0.0,3.1,30.3,84886,104435,38097,3.4,1.5,7.9,3.0,5.5,21.4,12.0,25.5,8.6,11.4,6.9,7.8,8.2,2.9,32.0,37.3,27.8,88.4,11.6,1872,22.5,21.9,2132,88.6,11.4,5730,42.9,17.4,17.6,88.3,2.4,0.7,2.3,63.1,46.3,2019
12086008412,"Census Tract 84.12, Miami-Dade County, Florida",53.4,2.0,82.2,2.8,0.8,1.6,34.1,49093,59022,24888,7.9,6.2,9.1,14.7,14.1,17.7,20.0,3.7,4.4,2.2,11.8,17.7,9.3,10.5,48.1,30.4,11.0,34.8,65.2,1360,9.5,46.7,2726,87.7,12.3,6727,47.4,9.2,29.5,90.6,5.8,0.0,2.6,76.3,66.2,2019
12086008414,"Census Tract 84.14, Miami-Dade County, Florida",67.0,2.9,81.7,2.4,0.0,3.5,33.9,89750,118070,39322,2.4,0.7,1.5,3.3,7.6,24.9,15.8,16.0,12.6,15.2,3.1,9.5,6.9,0.0,26.5,36.7,36.8,77.6,22.4,1801,19.0,53.1,2254,92.1,7.9,6576,41.1,20.4,14.0,83.3,7.5,1.3,7.6,60.3,42.5,2019
12086008415,"Census Tract 84.15, Miami-Dade County, Florida",63.7,4.4,83.8,0.9,0.0,8.7,32.8,145625,179960,54158,3.0,0.0,2.3,5.3,4.0,8.5,10.9,16.9,16.1,33.0,7.5,3.8,7.5,1.1,10.2,54.9,33.8,97.9,2.1,2250,27.3,72.7,1529,98.9,1.1,5284,40.1,25.8,16.9,97.3,0.6,0.4,0.4,67.8,20.7,2019
12086008416,"Census Tract 84.16, Miami-Dade County, Florida",69.2,1.9,83.6,5.7,2.0,2.5,32.4,81616,123806,43522,4.4,0.2,11.6,4.5,16.7,9.0,8.1,15.3,9.3,21.0,5.8,15.6,13.4,3.9,32.1,39.5,24.5,61.1,38.9,1436,7.4,67.5,1151,96.9,3.1,3351,35.8,19.7,12.7,92.1,1.8,0.2,1.7,80.4,43.9,2019
12086008417,"Census Tract 84.17, Miami-Dade County, Florida",59.1,2.0,84.0,4.6,2.9,4.1,36.3,38790,53695,25797,19.0,8.1,13.3,6.1,13.2,17.5,11.3,6.8,2.2,2.6,20.8,28.8,11.1,15.4,45.1,30.5,8.9,37.9,62.1,1321,4.8,41.8,2641,91.4,8.6,5319,46.8,11.6,21.5,88.5,3.3,2.6,4.4,85.9,67.4,2019
12086008418,"Census Tract 84.18, Miami-Dade County, Florida",65.1,3.1,83.8,2.4,0.0,6.4,37.5,71006,81913,29381,3.7,3.9,3.5,6.3,11.1,24.0,12.6,29.1,2.4,3.5,6.2,6.1,4.2,5.3,44.3,39.5,10.9,53.9,46.1,1869,32.1,36.3,1105,91.7,8.3,2998,41.4,25.3,15.9,71.2,2.1,2.1,6.6,79.2,48.1,2019
12086008419,"Census Tract 84.19, Miami-Dade County, Florida",63.9,5.4,86.6,2.3,1.1,3.2,31.5,57506,70854,31046,2.9,4.5,10.0,8.8,18.0,22.5,18.8,4.9,3.0,6.5,8.8,12.3,22.7,1.2,50.5,38.1,10.2,53.4,46.6,1679,7.9,57.1,2171,92.2,7.8,4911,45.3,13.9,19.6,84.2,0.4,5.6,2.0,80.0,54.0,2019
12086008501,"Census Tract 85.01, Miami-Dade County, Florida",49.9,3.6,87.8,1.4,0.9,2.9,30.3,59818,83790,25827,6.3,7.6,6.1,13.0,12.0,18.1,10.8,18.5,3.3,4.2,12.8,24.6,10.4,7.2,25.5,43.2,24.2,79.2,20.8,1647,0.0,85.9,2020,98.5,1.5,6684,44.2,19.0,23.8,99.3,0.4,0.1,0.1,88.4,60.7,2019
12086008502,"Census Tract 85.02, Miami-Dade County, Florida",57.3,3.6,84.0,0.0,0.4,6.5,27.3,106607,124167,37428,1.8,3.4,3.0,7.7,17.3,8.7,4.9,22.7,13.4,17.0,9.0,15.2,7.0,0.6,17.5,53.5,28.3,75.3,24.7,1392,6.9,64.1,1521,92.8,7.2,4907,40.9,20.8,20.8,87.0,0.3,0.0,3.8,81.6,46.4,2019
12086008601,"Census Tract 86.01, Miami-Dade County, Florida",58.5,2.5,80.4,0.7,0.3,5.6,34.4,61914,92706,27767,5.4,4.9,6.4,9.0,8.2,23.2,9.9,12.6,10.2,10.2,6.4,21.5,12.5,2.3,24.2,45.6,27.9,79.9,20.1,1537,7.9,48.9,1378,97.9,2.1,5178,47.3,14.6,24.9,96.6,0.5,2.4,0.4,89.3,59.8,2019
12086008602,"Census Tract 86.02, Miami-Dade County, Florida",54.4,4.0,84.2,2.3,0.6,5.9,36.2,68922,98697,33077,11.6,5.9,4.5,7.3,5.5,15.8,18.2,15.9,7.2,8.0,17.6,19.3,8.7,2.2,30.1,34.7,33.0,82.3,17.7,2254,8.7,78.4,1983,92.0,8.0,6025,45.8,19.1,25.1,90.3,0.4,0.0,3.9,90.1,63.1,2019
12086008701,"Census Tract 87.01, Miami-Dade County, Florida",61.7,2.3,88.6,0.0,0.0,0.9,31.1,57585,74351,23802,7.2,1.4,15.9,8.0,13.0,18.3,11.0,12.4,7.3,5.5,13.2,28.0,9.6,6.7,19.3,41.3,32.8,73.9,26.1,1526,20.2,67.7,1641,95.2,4.8,5737,46.9,15.9,18.9,95.5,1.5,0.7,0.1,86.2,65.1,2019
12086008702,"Census Tract 87.02, Miami-Dade County, Florida",60.1,2.6,81.6,1.3,1.2,3.4,31.3,48825,67057,21164,5.0,7.4,8.4,12.8,18.3,9.0,15.6,16.4,6.3,0.9,17.0,21.3,16.6,0.0,34.8,36.3,28.9,78.8,21.2,1481,9.1,68.6,1629,100.0,0.0,5773,44.1,16.7,20.5,93.2,1.1,0.2,3.9,89.2,59.1,2019
12086008803,"Census Tract 88.03, Miami-Dade County, Florida",59.6,3.8,87.1,0.0,1.5,4.0,34.3,63958,98547,31785,5.3,4.8,5.6,16.3,11.3,14.5,14.2,11.5,8.1,8.4,10.3,20.5,10.6,3.8,21.8,41.7,32.7,66.8,33.2,1343,5.2,77.8,2152,93.6,6.4,7005,42.9,16.9,21.6,96.2,3.1,0.5,0.0,95.9,58.8,2019
12086008804,"Census Tract 88.04, Miami-Dade County, Florida",60.4,2.7,86.5,0.8,0.9,1.1,30.3,56042,70698,24145,2.5,6.6,12.8,9.2,13.1,18.7,12.1,19.8,3.0,2.4,12.8,28.2,14.0,4.1,29.0,41.9,24.9,71.8,28.2,1222,25.5,58.2,2303,95.4,4.6,7360,46.9,15.2,22.3,96.7,0.7,0.7,0.0,92.7,71.2,2019
12086008805,"Census Tract 88.05, Miami-Dade County, Florida",55.5,1.6,85.8,3.2,1.0,2.1,27.5,36587,50072,16870,5.6,6.6,22.1,14.6,11.8,18.9,11.8,4.1,2.9,1.5,22.5,38.5,20.2,8.0,35.5,34.5,21.9,39.4,60.6,1440,4.9,66.2,1568,95.3,4.7,5270,39.7,17.1,18.9,95.4,1.8,2.2,0.1,93.0,70.3,2019
12086008806,"Census Tract 88.06, Miami-Dade County, Florida",55.4,3.3,86.9,2.2,0.0,2.0,30.3,55329,65508,20821,4.4,7.5,13.1,6.8,7.8,27.6,14.8,10.1,6.0,2.0,18.3,24.8,16.2,2.9,31.3,23.8,42.0,69.3,30.7,1654,0.0,65.3,1185,98.1,1.9,4322,40.9,18.4,21.3,97.4,0.0,2.0,0.0,95.2,62.1,2019
12086008901,"Census Tract 89.01, Miami-Dade County, Florida",59.6,1.0,87.4,0.3,0.0,6.1,29.6,73728,78950,29414,9.6,2.5,6.8,8.3,10.6,15.1,20.9,13.2,8.8,4.1,9.2,14.5,5.1,6.5,26.6,43.3,23.6,86.7,13.3,1203,5.7,83.5,2053,95.4,4.6,6184,49.9,16.9,25.9,95.3,0.4,2.3,0.0,86.0,61.2,2019
12086008902,"Census Tract 89.02, Miami-Dade County, Florida",55.6,3.8,86.0,1.4,0.0,4.4,33.0,55956,75040,26737,6.3,2.3,8.4,14.8,8.4,24.0,10.8,15.0,6.8,3.3,11.2,32.7,12.2,4.7,35.0,38.8,21.5,67.9,32.1,1278,11.1,54.7,2405,94.6,5.4,7190,46.5,14.4,27.1,89.5,4.3,0.1,2.4,92.9,72.4,2019
12086008904,"Census Tract 89.04, Miami-Dade County, Florida",27.4,21.9,38.6,2.6,49.1,2.6,13.3,-666666666,-666666666,3335,-666666666.0,-666666666.0,-666666666.0,-666666666.0,-666666666.0,-666666666.0,-666666666.0,-666666666.0,-666666666.0,-666666666.0,-666666666.0,-666666666.0,10.5,-666666666.0,-666666666.0,-666666666.0,-666666666.0,-666666666.0,-666666666.0,-666666666,-666666666.0,-666666666.0,0,-666666666.0,-666666666.0,2774,20.2,0.6,0.0,54.7,37.0,2.6,4.0,33.3,11.2,2019
12086008906,"Census Tract 89.06, Miami-Dade County, Florida",60.6,2.5,80.1,1.8,1.4,7.4,36.2,53525,74589,27056,12.3,3.5,10.7,7.5,10.5,26.3,9.9,6.5,5.5,7.2,12.0,23.8,16.7,7.6,25.9,51.8,14.7,60.0,40.0,1367,16.6,46.5,1840,94.7,5.3,5111,45.3,16.0,20.7,93.9,0.4,0.0,5.7,88.8,63.5,2019
12086008907,"Census Tract 89.07, Miami-Dade County, Florida",59.7,5.3,77.5,1.0,6.3,7.9,33.3,54871,69610,28394,9.4,7.2,6.5,13.5,11.6,16.0,12.4,16.7,2.8,3.9,12.6,18.0,10.6,10.0,40.6,31.8,17.6,59.1,40.9,1384,9.4,61.5,1649,93.6,6.4,4370,43.2,11.2,20.9,87.0,2.0,1.6,8.7,84.7,74.9,2019
12086009006,"Census Tract 90.06, Miami-Dade County, Florida",57.7,6.9,83.1,4.2,0.0,7.6,30.1,51690,73026,27505,6.8,5.2,5.8,13.1,17.7,14.0,19.3,9.7,5.6,2.7,9.1,21.9,10.8,8.4,32.4,37.5,21.6,64.6,35.4,1468,4.3,68.1,3474,95.5,4.5,10328,44.8,15.5,23.9,95.6,1.9,0.5,1.8,90.7,71.7,2019
12086009010,"Census Tract 90.10, Miami-Dade County, Florida",61.1,6.0,79.4,0.8,2.2,6.6,26.1,79000,89704,29331,8.0,2.4,7.1,4.9,10.1,15.3,11.7,25.0,9.6,5.8,11.2,6.1,15.0,4.9,35.6,40.9,18.6,59.5,40.5,1993,3.3,61.4,2685,75.6,24.4,6716,36.5,21.6,9.4,91.5,1.8,1.3,1.8,81.1,58.9,2019
12086009014,"Census Tract 90.14, Miami-Dade County, Florida",72.2,2.8,83.9,3.3,1.6,2.0,29.6,60769,69906,24868,3.0,3.4,5.6,7.7,16.2,23.4,23.1,14.1,1.0,2.6,7.6,17.9,17.4,5.3,29.2,48.2,17.3,40.8,59.2,1663,11.0,53.7,1562,95.0,5.0,4622,39.4,19.2,11.5,87.6,1.7,3.7,5.0,90.2,70.4,2019
12086009015,"Census Tract 90.15, Miami-Dade County, Florida",66.7,3.8,85.2,3.9,0.9,3.1,31.1,47463,57206,25087,6.0,3.3,9.8,10.6,25.0,21.7,11.2,8.5,1.2,2.6,8.3,30.1,10.9,8.7,42.1,38.9,10.2,46.6,53.4,1390,22.0,39.8,2584,88.4,11.6,5995,45.5,12.6,17.7,95.1,0.9,1.6,1.5,94.9,75.8,2019
12086009017,"Census Tract 90.17, Miami-Dade County, Florida",57.7,4.4,83.9,2.0,1.4,4.2,32.0,42402,50766,17467,7.7,5.4,15.4,10.4,18.3,19.6,14.1,6.6,2.2,0.3,20.0,40.4,13.1,8.2,34.1,35.4,22.3,62.4,37.6,1281,8.1,59.4,1964,96.8,3.2,6895,45.5,17.3,18.5,89.6,2.7,1.5,3.4,94.4,72.3,2019
12086009019,"Census Tract 90.19, Miami-Dade County, Florida",58.0,3.3,89.4,0.3,0.5,2.9,32.0,72837,75810,25511,4.8,5.5,9.0,6.6,6.0,19.9,23.9,17.5,3.9,2.8,7.3,24.4,9.7,6.9,25.9,34.2,33.0,88.1,11.9,2102,0.0,42.4,1240,97.5,2.5,4214,46.9,12.7,22.8,96.1,0.4,1.1,0.0,95.8,65.1,2019
12086009020,"Census Tract 90.20, Miami-Dade County, Florida",57.7,6.3,91.4,1.7,2.8,0.0,30.7,30440,38479,16928,15.8,15.4,12.8,13.6,10.7,18.3,4.4,9.0,0.0,0.0,25.8,49.8,13.7,17.4,41.8,35.8,5.0,17.0,83.0,1088,8.1,50.6,1076,97.5,2.5,2839,45.4,13.3,20.1,97.7,1.4,0.0,0.7,96.8,81.3,2019
12086009021,"Census Tract 90.21, Miami-Dade County, Florida",56.1,2.0,84.5,1.3,2.5,8.1,29.6,36792,48751,16308,11.0,4.0,15.9,15.0,15.0,20.7,6.4,9.0,2.9,0.0,27.0,41.2,17.0,3.0,33.2,41.7,22.1,31.1,68.9,1376,5.1,65.6,1517,97.4,2.6,5243,38.1,18.9,14.7,91.7,3.2,0.7,2.9,94.3,68.6,2019
12086009022,"Census Tract 90.22, Miami-Dade County, Florida",58.5,3.7,89.6,1.2,0.0,6.4,33.0,63500,65654,19425,4.5,8.1,9.7,8.4,10.1,21.3,17.5,17.8,1.7,1.0,15.5,33.8,14.0,6.1,27.2,36.6,30.0,65.2,34.8,1824,5.8,46.9,606,100.0,0.0,2457,43.8,16.0,17.5,93.9,3.5,1.9,0.0,91.5,73.5,2019
12086009023,"Census Tract 90.23, Miami-Dade County, Florida",65.0,3.1,84.4,1.5,1.9,1.2,27.1,46475,54138,17668,7.2,4.7,7.5,6.4,30.2,25.9,7.7,8.8,0.9,0.8,11.3,32.5,16.6,9.4,31.5,46.8,12.3,33.2,66.8,1558,16.9,50.8,2111,92.5,7.5,6817,39.3,19.4,18.4,97.3,0.8,0.7,0.7,96.0,74.5,2019
12086009024,"Census Tract 90.24, Miami-Dade County, Florida",69.8,1.4,72.7,0.8,0.0,9.4,30.8,58410,60304,22469,4.2,3.4,10.8,10.2,16.3,19.6,22.4,12.7,0.4,0.0,17.1,18.0,27.0,3.2,42.7,49.7,4.4,15.3,84.7,1770,10.2,45.4,2460,85.2,14.8,6079,33.0,21.9,8.9,91.5,1.2,1.3,2.3,88.9,68.5,2019
12086009026,"Census Tract 90.26, Miami-Dade County, Florida",55.9,2.3,73.6,11.6,3.0,0.0,27.9,32386,39598,15978,8.0,3.9,25.0,13.3,22.1,19.9,4.5,2.5,0.8,0.0,19.7,37.4,20.8,9.7,45.6,38.9,5.8,33.1,66.9,1341,11.6,70.2,994,85.0,15.0,2279,44.9,17.3,18.7,94.4,1.4,0.9,0.1,94.3,72.3,2019
12086009027,"Census Tract 90.27, Miami-Dade County, Florida",63.7,8.6,82.7,1.6,0.0,3.5,28.6,44972,52135,22054,9.4,2.6,7.3,12.7,22.6,22.2,11.4,11.7,0.0,0.0,10.9,27.0,15.6,3.6,47.0,46.6,2.8,30.2,69.8,1535,15.3,49.8,1748,86.7,13.3,4105,41.7,16.0,20.2,95.7,2.5,0.6,1.0,94.3,68.4,2019
12086009028,"Census Tract 90.28, Miami-Dade County, Florida",63.4,2.1,84.0,0.3,0.6,5.9,26.7,63438,69305,23638,7.0,2.9,7.4,7.7,10.9,21.0,20.7,18.4,2.4,1.6,12.1,19.6,16.1,3.4,30.1,56.9,9.6,58.0,42.0,1688,2.8,45.0,2109,87.1,12.9,5976,41.4,22.0,16.1,94.0,1.4,0.5,3.1,90.7,71.8,2019
12086009029,"Census Tract 90.29, Miami-Dade County, Florida",57.2,7.8,84.6,0.8,0.5,5.0,34.2,50332,60924,23758,7.3,6.3,6.2,14.0,15.5,19.3,10.5,16.4,4.6,0.0,9.3,25.8,15.6,3.9,34.7,45.5,15.9,60.7,39.3,1696,3.2,68.0,1542,93.6,6.4,4187,44.6,14.7,18.3,97.6,0.4,0.0,0.0,96.1,66.8,2019
12086009030,"Census Tract 90.30, Miami-Dade County, Florida",67.1,5.4,83.6,3.0,3.3,1.0,28.4,46226,53042,20538,8.6,2.9,11.4,13.2,17.6,23.8,9.2,10.2,2.4,0.5,16.4,24.4,18.7,4.0,40.0,48.0,8.1,46.4,53.6,1388,16.2,48.0,1921,92.3,7.7,5345,40.9,18.4,13.9,96.4,0.0,0.4,0.3,95.5,72.6,2019
12086009031,"Census Tract 90.31, Miami-Dade County, Florida",68.9,2.4,75.4,4.8,4.6,5.3,27.1,47851,52702,20488,7.8,6.5,11.6,13.9,15.3,17.8,16.3,10.1,0.7,0.0,19.9,35.1,12.6,6.9,41.9,38.6,12.6,18.6,81.4,1628,9.7,63.3,1487,94.2,5.8,4031,41.5,18.4,12.0,95.3,1.1,0.2,2.3,94.7,79.7,2019
12086009034,"Census Tract 90.34, Miami-Dade County, Florida",61.8,2.8,74.9,0.6,0.6,11.3,26.4,74497,93275,31752,4.3,3.9,3.1,10.0,14.3,14.9,11.4,22.0,7.9,8.1,11.5,13.0,14.1,1.4,42.3,40.8,15.6,59.1,40.9,1867,8.1,51.9,4435,75.0,25.0,10365,40.3,21.0,11.9,93.6,1.3,1.1,2.2,85.2,64.5,2019
12086009035,"Census Tract 90.35, Miami-Dade County, Florida",70.0,3.9,76.1,0.9,3.1,10.3,25.4,55302,80615,32031,3.5,3.2,13.5,13.3,11.0,17.7,14.2,14.6,2.0,7.1,14.2,15.1,19.8,4.3,48.1,35.5,12.1,32.4,67.6,1603,14.4,52.3,3090,73.9,26.1,6006,34.4,23.4,5.4,85.5,2.7,3.0,4.8,85.3,70.0,2019
12086009036,"Census Tract 90.36, Miami-Dade County, Florida",60.7,2.1,83.3,0.2,0.0,11.6,30.7,78837,90571,27208,8.6,2.3,6.4,6.4,8.6,11.6,21.5,16.0,10.6,8.0,15.8,5.5,21.8,1.1,22.3,60.0,16.5,46.8,53.2,1941,7.3,60.4,2986,76.1,23.9,8031,38.7,25.6,7.7,92.5,1.6,1.3,2.4,84.6,72.8,2019
12086009038,"Census Tract 90.38, Miami-Dade County, Florida",73.2,5.2,77.0,0.7,1.4,4.9,28.2,81689,96357,29247,4.4,2.0,6.4,3.6,14.5,12.5,13.6,31.4,5.6,5.9,8.2,13.9,14.3,0.8,25.6,60.9,12.7,32.1,67.9,2150,7.3,49.4,2810,87.2,12.8,8427,34.5,30.4,5.9,87.4,4.9,1.2,4.6,82.0,63.4,2019
12086009039,"Census Tract 90.39, Miami-Dade County, Florida",66.6,2.1,81.1,1.7,0.8,7.7,27.9,84861,92038,29116,3.7,5.0,2.3,2.6,9.7,20.9,19.8,20.5,7.6,7.9,12.5,3.8,18.8,1.0,31.3,58.3,9.5,41.6,58.4,2042,8.5,48.6,2156,69.2,30.8,4952,35.5,27.6,4.8,91.1,1.7,1.5,4.2,84.3,60.3,2019
12086009040,"Census Tract 90.40, Miami-Dade County, Florida",56.9,3.4,76.6,2.0,2.6,5.4,24.9,68810,90465,27435,12.2,4.5,5.0,12.2,7.9,9.6,15.5,13.0,6.4,13.6,14.7,8.1,24.1,3.2,32.1,50.0,14.7,50.5,49.5,2301,9.5,42.1,1247,74.9,25.1,3175,33.0,27.9,7.1,94.6,1.9,0.2,2.5,84.9,76.9,2019
12086009043,"Census Tract 90.43, Miami-Dade County, Florida",68.1,1.2,79.9,1.0,0.0,8.3,33.4,83603,106689,28376,7.4,0.0,4.2,3.0,10.1,18.0,12.3,21.2,13.2,10.6,8.9,10.8,10.1,2.1,18.3,54.4,25.2,68.8,31.2,2496,5.2,63.9,1427,80.1,19.9,4523,28.0,33.5,5.4,92.5,1.3,3.0,2.3,87.5,62.3,2019
12086009044,"Census Tract 90.44, Miami-Dade County, Florida",57.2,4.8,71.0,0.0,0.9,9.5,27.7,68393,86095,21610,13.4,2.5,11.1,3.3,6.5,17.3,11.6,15.7,9.1,9.5,26.7,5.2,18.8,0.4,20.6,56.9,22.1,47.9,52.1,1989,7.1,73.3,952,78.9,21.1,3111,31.6,34.1,5.0,94.7,0.2,2.8,0.9,90.6,75.3,2019
12086009046,"Census Tract 90.46, Miami-Dade County, Florida",64.6,4.2,82.9,1.0,0.0,3.2,27.6,62750,78582,20772,8.4,0.0,4.4,14.5,12.5,18.0,19.8,10.8,9.0,2.6,18.1,8.7,27.4,0.0,20.9,64.5,14.5,31.7,68.3,2048,17.5,58.8,433,79.4,20.6,1411,36.0,27.6,6.1,93.4,0.0,2.4,1.6,93.8,81.5,2019
12086009047,"Census Tract 90.47, Miami-Dade County, Florida",69.8,2.3,75.8,1.6,0.4,4.3,27.0,74050,89009,24636,2.8,6.5,5.3,5.9,8.7,21.9,12.5,24.1,6.8,5.6,10.9,5.8,16.0,0.8,22.0,59.3,17.9,54.7,45.3,2290,14.0,58.4,1065,84.4,15.6,3395,32.1,30.0,5.8,91.6,3.4,0.3,1.4,89.7,70.8,2019
12086009100,"Census Tract 91, Miami-Dade County, Florida",45.5,8.6,82.6,2.6,0.7,3.5,26.9,40995,47738,13967,9.6,7.3,14.1,10.7,21.6,16.6,10.7,8.8,0.0,0.6,18.6,47.6,21.8,5.4,42.1,38.1,14.3,33.3,66.7,1294,9.1,55.8,1866,95.9,4.1,7792,39.8,14.7,17.0,89.5,8.9,0.9,0.0,84.8,66.1,2019
12086009200,"Census Tract 92, Miami-Dade County, Florida",53.6,1.7,83.7,0.2,0.2,8.4,29.8,63906,81785,24958,6.8,5.4,9.3,6.0,6.3,26.5,12.0,13.7,8.5,5.4,10.4,21.9,13.7,7.4,15.0,47.4,30.3,84.6,15.4,1842,5.9,74.5,1006,95.9,4.1,3591,45.1,15.2,20.3,96.4,0.3,0.6,0.0,92.7,67.8,2019
12086009305,"Census Tract 93.05, Miami-Dade County, Florida",67.2,1.7,84.2,1.4,0.0,6.2,32.0,90074,116637,40678,2.2,3.0,4.8,5.2,14.1,12.7,11.1,13.5,19.8,13.5,3.6,11.1,9.9,0.4,39.5,37.2,22.9,77.1,22.9,1470,20.2,46.6,1959,98.6,1.4,5715,40.8,21.9,15.2,94.0,0.8,2.3,1.7,83.5,47.5,2019
12086009306,"Census Tract 93.06, Miami-Dade County, Florida",55.4,1.1,82.4,0.8,0.0,3.3,27.7,33750,47355,17891,9.8,12.4,15.3,12.4,11.7,18.3,9.7,8.0,2.4,0.0,20.8,29.6,15.8,7.1,41.8,33.3,17.8,59.2,40.8,1333,11.9,60.1,2541,97.4,2.6,7073,45.7,16.9,24.7,93.6,2.9,2.1,0.0,93.2,73.4,2019
12086009307,"Census Tract 93.07, Miami-Dade County, Florida",49.3,5.0,85.8,1.3,0.0,2.9,29.5,36411,46868,18021,19.6,12.1,9.1,6.2,22.4,15.8,7.4,3.1,1.2,3.1,20.1,55.2,19.4,15.9,50.7,19.8,13.7,37.7,62.3,1007,12.9,48.1,2343,98.4,1.6,6882,43.0,17.8,18.0,90.1,0.6,1.1,2.3,96.4,75.3,2019
12086009308,"Census Tract 93.08, Miami-Dade County, Florida",56.0,7.6,84.8,1.3,0.2,3.3,25.8,29160,42880,15534,13.9,9.2,19.6,16.2,10.6,12.5,7.4,7.8,2.0,0.9,33.0,60.3,16.3,7.3,47.8,29.0,15.9,29.8,70.2,1144,13.4,69.1,2455,95.8,4.2,7440,40.7,20.3,18.2,89.0,1.6,0.9,2.5,94.0,75.9,2019
12086009309,"Census Tract 93.09, Miami-Dade County, Florida",51.9,4.8,72.1,1.4,1.9,12.6,27.7,30554,40894,16337,8.9,17.5,19.6,8.1,10.6,19.8,8.8,5.8,0.0,0.9,27.1,38.6,20.5,6.9,49.0,33.3,10.9,53.8,46.2,1099,0.0,67.2,2493,99.4,0.6,6855,46.0,16.6,22.7,95.9,2.4,0.0,0.0,96.0,75.8,2019
12086009311,"Census Tract 93.11, Miami-Dade County, Florida",50.7,5.8,84.8,0.0,0.0,5.3,32.6,37750,53424,18815,15.6,6.7,17.5,8.5,15.9,11.5,7.0,13.7,1.8,1.9,25.5,37.7,21.5,7.9,31.8,38.1,22.3,66.3,33.7,1233,9.9,70.3,2113,92.1,7.9,6255,47.3,13.9,20.8,95.6,0.0,1.8,0.0,95.7,66.0,2019
12086009312,"Census Tract 93.12, Miami-Dade County, Florida",66.2,3.9,84.5,1.2,3.8,2.6,33.2,60129,65958,29606,10.0,6.3,1.4,8.1,17.4,24.0,14.1,12.4,4.4,1.9,18.2,11.1,13.3,4.2,50.0,39.1,6.8,17.1,82.9,1541,10.4,40.7,2564,91.3,8.7,5395,41.6,17.9,16.2,85.9,5.5,0.8,2.8,82.8,58.4,2019
12086009313,"Census Tract 93.13, Miami-Dade County, Florida",67.9,1.8,91.5,0.0,0.0,1.0,30.6,55464,83442,32226,9.7,2.8,8.3,13.8,11.5,14.4,15.3,12.7,3.9,7.5,17.8,13.3,12.5,7.1,35.6,42.4,15.0,58.7,41.3,1452,6.6,54.7,2039,95.3,4.7,5490,40.2,20.9,12.8,94.4,0.2,2.3,0.5,84.2,46.5,2019
12086009314,"Census Tract 93.14, Miami-Dade County, Florida",54.7,4.4,63.0,4.0,0.8,19.8,28.3,26346,34404,13638,14.9,9.8,21.1,26.1,9.5,7.2,5.3,5.5,0.7,0.0,30.1,54.6,20.5,15.2,47.4,27.3,10.1,22.7,77.3,991,5.4,73.7,1560,96.9,3.1,4418,43.0,18.8,16.6,88.1,3.0,2.2,0.0,95.5,73.9,2019
12086009315,"Census Tract 93.15, Miami-Dade County, Florida",47.7,3.8,72.5,0.0,2.7,11.1,28.4,22039,35191,15956,11.7,20.4,19.5,17.2,10.2,9.1,6.5,4.8,0.0,0.6,27.0,52.5,12.0,24.1,39.7,27.0,9.3,33.9,66.1,1213,13.8,69.2,1466,89.8,10.2,3276,51.1,14.8,33.6,92.7,2.5,2.1,0.0,94.3,82.6,2019
12086009400,"Census Tract 94, Miami-Dade County, Florida",52.2,7.6,77.5,5.4,0.9,5.1,35.1,58469,65115,18197,7.7,2.4,12.1,10.0,8.1,25.1,19.9,9.1,3.7,2.0,18.0,35.0,18.3,5.4,26.2,45.5,22.9,80.2,19.8,1662,4.3,70.2,1614,91.4,8.6,6364,36.3,24.0,14.9,27.8,69.5,2.0,0.0,30.9,28.9,2019
12086009501,"Census Tract 95.01, Miami-Dade County, Florida",56.9,7.8,85.5,7.8,0.0,0.7,31.5,38689,45583,15450,13.0,4.1,14.0,14.5,16.5,20.4,8.6,8.4,0.5,0.0,26.2,25.3,26.6,6.7,47.8,36.6,9.0,39.3,60.7,1182,4.0,69.7,1937,84.5,15.5,5342,31.4,31.1,8.5,8.9,90.2,0.3,0.0,11.5,37.3,2019
12086009503,"Census Tract 95.03, Miami-Dade County, Florida",46.8,8.7,87.0,1.4,0.0,3.1,31.8,48523,57281,18551,13.4,3.3,9.6,10.5,14.9,20.7,18.3,4.8,3.0,1.6,20.5,24.8,17.5,5.9,33.6,44.3,16.2,69.3,30.7,1270,8.0,58.9,1303,93.1,6.9,4253,37.6,26.9,16.8,13.6,86.4,0.0,0.0,14.9,19.2,2019
12086009504,"Census Tract 95.04, Miami-Dade County, Florida",56.0,6.0,86.8,6.6,0.0,2.1,32.2,62114,71529,21468,3.1,5.0,8.4,14.3,8.4,21.1,16.8,15.1,5.6,2.3,11.0,26.2,15.1,4.1,25.9,37.8,32.2,82.5,17.5,1768,25.8,38.7,1324,93.7,6.3,4931,40.7,21.6,17.3,21.7,75.7,0.3,0.0,19.2,30.4,2019
12086009600,"Census Tract 96, Miami-Dade County, Florida",60.0,7.8,79.5,9.3,0.0,0.9,30.8,36003,45514,17271,6.6,4.2,15.2,21.3,16.8,22.0,8.3,3.1,2.6,0.0,17.8,25.9,25.2,8.4,47.9,30.1,13.7,33.7,66.3,1174,10.3,54.1,2484,92.0,8.0,7148,34.1,19.6,15.6,18.5,80.3,0.2,0.1,17.6,43.2,2019
12086009703,"Census Tract 97.03, Miami-Dade County, Florida",61.0,3.5,76.6,0.0,0.0,11.6,29.9,104708,177439,53683,0.0,1.1,7.0,1.0,7.0,12.4,14.1,17.5,11.4,28.5,1.6,6.8,8.4,1.5,13.6,64.3,20.5,89.7,10.3,2159,23.1,52.7,1085,84.0,16.0,3157,43.1,29.6,17.6,93.9,2.6,1.6,1.4,33.8,35.2,2019
12086009704,"Census Tract 97.04, Miami-Dade County, Florida",62.2,4.0,81.6,0.5,1.9,6.8,25.9,92031,134846,43861,2.1,1.4,5.4,3.8,12.9,15.0,13.2,17.1,8.5,20.5,4.3,4.0,5.8,1.3,28.6,46.0,24.1,77.9,22.1,1353,8.2,35.3,1839,87.9,12.1,5213,40.9,22.5,18.7,87.3,5.4,0.6,3.6,38.2,37.7,2019
12086009705,"Census Tract 97.05, Miami-Dade County, Florida",57.6,5.3,90.0,5.1,0.0,0.6,34.9,33125,40392,22614,16.0,2.2,18.8,14.6,23.9,15.0,1.5,4.0,4.0,0.0,17.5,12.5,18.2,15.0,57.9,25.9,1.2,62.4,37.6,1200,6.8,62.0,2449,83.3,16.7,3883,53.3,8.7,23.0,76.8,15.9,0.7,0.3,55.0,74.1,2019
12086009706,"Census Tract 97.06, Miami-Dade County, Florida",68.3,2.7,76.7,9.7,0.0,8.2,30.0,47234,83999,38920,10.7,4.4,13.0,10.2,14.4,20.5,9.4,9.4,2.0,5.9,13.2,6.6,21.9,10.4,52.1,28.8,8.7,65.5,34.5,1118,15.2,53.0,1877,85.3,14.7,3602,44.8,19.7,13.6,81.4,14.5,0.0,0.2,58.1,59.6,2019
12086009803,"Census Tract 98.03, Miami-Dade County, Florida",63.5,7.5,84.3,3.5,0.2,2.7,34.6,49179,68504,21969,2.3,1.2,13.4,11.7,22.7,18.0,13.9,9.1,4.4,3.4,6.1,20.9,17.1,1.7,43.6,39.6,15.1,61.9,38.1,1704,15.6,60.0,2134,90.0,10.0,6648,35.7,25.9,10.9,39.7,55.1,0.5,0.4,35.5,45.8,2019
12086009804,"Census Tract 98.04, Miami-Dade County, Florida",55.7,11.8,82.1,3.0,0.5,2.6,35.4,72813,84131,25913,3.7,2.7,4.9,7.7,12.4,19.4,15.6,22.7,5.9,5.1,7.2,9.4,24.3,1.1,21.3,45.5,32.1,92.4,7.6,1859,12.9,35.5,996,94.2,5.8,3341,38.4,17.2,12.3,45.6,47.9,2.8,1.9,30.5,48.4,2019
12086009806,"Census Tract 98.06, Miami-Dade County, Florida",54.8,7.4,92.3,2.1,0.0,2.7,32.2,43520,50707,22871,6.8,0.0,17.5,16.6,20.7,27.1,6.0,3.0,0.4,1.9,13.5,16.7,20.4,6.0,57.7,25.1,11.2,64.2,35.8,1223,0.0,51.5,1317,87.4,12.6,2839,38.4,16.4,24.0,47.9,51.0,0.0,0.4,25.9,44.9,2019
12086009807,"Census Tract 98.07, Miami-Dade County, Florida",66.8,4.7,88.9,2.0,0.9,3.0,32.9,68224,74920,28186,3.3,2.4,3.7,7.6,16.5,26.3,13.4,20.3,6.5,0.0,10.1,14.5,14.9,3.2,39.0,40.7,17.1,55.9,44.1,1575,1.5,39.2,2668,95.1,4.9,7247,42.2,18.8,13.0,35.8,60.1,2.5,1.0,27.6,46.7,2019
12086009808,"Census Tract 98.08, Miami-Dade County, Florida",59.6,7.0,78.3,2.7,1.5,4.9,33.2,41528,54012,27816,10.5,6.2,13.4,14.9,12.6,22.1,7.2,8.8,3.0,1.4,11.1,13.7,16.5,13.0,60.1,21.0,6.0,50.7,49.3,1151,16.8,46.4,3365,82.6,17.4,5519,47.4,12.1,21.8,49.2,36.3,7.1,2.4,40.8,53.1,2019
12086009901,"Census Tract 99.01, Miami-Dade County, Florida",66.0,3.6,88.2,4.2,0.0,1.1,32.2,49164,60452,20688,5.7,3.5,8.8,13.6,19.9,17.9,11.4,17.0,1.4,0.8,16.0,21.7,15.9,6.1,53.0,26.8,14.0,42.6,57.4,1238,17.2,53.5,3496,95.6,4.4,10815,30.8,29.4,10.0,14.4,81.2,0.4,3.2,11.9,32.7,2019
12086009903,"Census Tract 99.03, Miami-Dade County, Florida",54.3,13.3,84.4,3.5,0.4,2.8,30.9,56004,72110,22976,9.5,6.7,3.8,12.5,14.5,13.8,13.4,13.8,8.0,4.2,13.2,22.1,21.5,4.8,44.1,22.8,28.3,75.6,24.4,1885,8.3,76.5,1454,96.5,3.5,5258,37.6,22.1,15.2,6.3,90.6,1.9,0.6,8.3,20.1,2019
12086009904,"Census Tract 99.04, Miami-Dade County, Florida",56.0,14.4,88.9,3.2,0.0,1.0,33.1,38163,41027,15117,6.0,3.8,14.3,15.4,30.6,22.5,4.3,3.1,0.0,0.0,15.8,39.9,17.5,2.0,67.2,23.4,7.5,35.6,64.4,1128,10.8,63.2,1055,90.9,9.1,2995,30.2,25.9,8.8,9.0,81.3,6.9,0.0,18.9,32.9,2019
12086009905,"Census Tract 99.05, Miami-Dade County, Florida",57.5,6.2,89.8,4.1,0.0,0.9,31.9,60616,70079,18701,3.4,7.3,9.1,9.8,12.0,16.5,16.5,19.3,2.4,3.7,13.1,22.9,24.5,1.8,35.9,31.2,31.2,78.4,21.6,1479,6.5,59.4,1408,93.3,6.7,5936,33.0,24.2,12.5,9.1,83.2,4.4,0.8,6.6,34.7,2019
12086009906,"Census Tract 99.06, Miami-Dade County, Florida",58.9,8.4,84.1,11.5,0.1,1.4,34.4,57675,58888,16683,9.5,2.4,7.6,14.0,11.1,27.8,16.0,8.6,1.9,1.3,16.2,24.7,18.6,2.5,26.5,42.1,28.8,79.5,20.5,1574,7.9,59.4,1541,96.1,3.9,6111,35.4,24.5,12.5,13.2,80.8,1.0,0.0,16.3,38.7,2019
12086010001,"Census Tract 100.01, Miami-Dade County, Florida",50.5,10.0,80.1,3.2,0.0,1.6,33.8,42421,57789,17647,10.7,4.2,12.4,9.7,24.5,13.6,12.4,7.6,3.4,1.6,28.4,35.9,20.2,4.8,37.3,36.4,21.5,73.8,26.2,1571,7.4,80.5,1797,91.8,8.2,6856,39.3,25.0,14.9,33.8,64.0,1.5,0.5,35.2,29.1,2019
12086010005,"Census Tract 100.05, Miami-Dade County, Florida",49.6,2.6,87.4,0.4,3.3,1.4,31.1,45597,54156,18914,6.7,1.7,15.8,10.0,23.4,16.8,16.6,5.4,2.4,1.1,15.5,30.2,17.8,0.6,22.9,43.8,32.6,76.0,24.0,1386,12.8,40.6,2146,96.1,3.9,6818,47.2,13.9,27.3,69.9,23.2,2.5,0.0,69.6,54.8,2019
12086010006,"Census Tract 100.06, Miami-Dade County, Florida",53.6,3.7,87.0,5.5,2.3,0.8,33.2,42777,52214,15356,6.9,2.0,15.2,16.4,25.5,14.3,8.1,7.2,1.7,2.7,21.2,31.7,21.9,8.2,33.3,39.8,18.8,71.0,29.0,1278,17.3,48.0,2056,98.2,1.8,7808,34.4,31.4,15.7,46.4,44.5,1.3,0.0,49.9,37.3,2019
12086010009,"Census Tract 100.09, Miami-Dade County, Florida",48.1,3.6,88.0,4.3,0.0,3.0,34.5,46619,55715,20052,10.4,7.3,8.9,14.1,18.2,16.4,10.9,10.9,1.7,1.4,17.2,32.8,11.3,10.7,29.9,34.3,25.2,87.3,12.7,1159,0.0,60.0,2163,95.0,5.0,6808,47.2,14.4,22.6,53.2,41.2,2.5,0.0,59.4,45.7,2019
12086010010,"Census Tract 100.10, Miami-Dade County, Florida",53.5,12.1,87.5,6.8,0.0,1.9,32.1,50481,51587,15984,10.0,10.5,11.0,9.9,7.4,26.7,9.1,14.3,1.1,0.0,27.9,45.1,16.6,10.4,29.1,25.7,34.9,62.2,37.8,1352,6.3,49.5,1293,85.2,14.8,4339,34.7,19.9,13.0,60.2,34.0,0.0,0.0,64.3,49.7,2019
12086010011,"Census Tract 100.11, Miami-Dade County, Florida",50.7,14.8,86.8,7.7,0.6,0.0,33.9,24243,33423,11886,18.4,6.7,27.1,12.1,14.3,12.0,5.7,2.9,0.8,0.0,37.5,48.5,19.0,17.0,45.2,28.9,8.9,34.6,65.4,1076,16.4,59.4,2246,95.5,4.5,6900,32.2,34.4,12.6,14.6,81.4,2.6,0.0,19.2,28.9,2019
12086010012,"Census Tract 100.12, Miami-Dade County, Florida",57.5,6.0,81.4,9.1,0.2,2.3,32.8,50019,63272,18287,1.7,4.1,11.1,11.1,22.0,15.9,14.8,16.3,2.5,0.5,15.2,37.2,25.3,4.8,27.6,39.2,28.4,76.6,23.4,1596,9.9,71.0,1555,91.9,8.1,5799,35.2,23.2,9.4,17.6,78.1,0.2,0.5,21.6,31.1,2019
12086010013,"Census Tract 100.13, Miami-Dade County, Florida",57.6,6.7,88.4,0.9,0.0,0.0,35.1,65110,70057,21673,4.5,4.5,7.4,13.1,8.6,17.5,26.2,9.8,7.0,1.3,22.3,23.1,16.7,2.5,22.1,42.6,32.9,89.5,10.5,2054,0.0,39.3,1186,92.8,7.2,4040,43.7,17.5,15.5,61.0,30.1,0.9,5.1,64.6,60.4,2019
12086010015,"Census Tract 100.15, Miami-Dade County, Florida",56.4,5.7,89.8,0.3,0.0,0.0,33.7,32984,41862,13877,8.1,13.6,14.6,15.9,19.3,13.1,7.7,6.3,1.3,0.0,28.1,44.1,28.0,5.5,37.5,21.4,35.5,57.8,42.2,882,0.0,81.1,1178,95.4,4.6,3932,38.4,25.4,9.9,88.9,5.7,0.0,0.0,86.6,60.9,2019
12086010016,"Census Tract 100.16, Miami-Dade County, Florida",55.1,7.1,83.1,3.8,0.0,5.9,35.5,53988,60135,17566,5.9,1.9,15.9,6.0,16.7,20.4,19.9,10.7,1.3,1.4,15.4,20.9,15.4,1.4,27.6,43.5,27.5,81.2,18.8,1852,0.0,53.4,1306,95.1,4.9,5040,41.4,24.8,20.7,75.7,16.2,0.6,0.0,79.6,58.5,2019
12086010193,"Census Tract 101.93, Miami-Dade County, Florida",68.5,1.1,77.9,3.2,1.0,2.4,40.7,102670,116800,31758,2.2,1.6,3.4,6.3,2.3,17.8,15.4,21.6,18.0,11.4,12.3,4.7,5.1,1.0,24.8,44.7,29.5,81.7,18.3,2429,24.8,34.2,1199,96.7,3.3,4612,35.0,28.3,9.7,76.2,4.8,6.3,6.0,76.8,47.2,2019
12086010198,"Census Tract 101.98, Miami-Dade County, Florida",65.2,4.4,91.6,0.7,0.6,4.0,39.1,98750,123724,34956,1.2,3.4,0.0,6.4,8.6,18.6,12.7,23.1,12.6,13.3,2.1,5.4,14.1,0.0,16.3,45.5,38.2,87.3,12.7,2295,0.0,78.5,993,97.4,2.6,3637,37.4,24.6,10.6,75.0,11.4,3.0,3.0,64.8,43.2,2019
12086010201,"Census Tract 102.01, Miami-Dade County, Florida",64.8,2.2,80.8,0.5,0.0,9.3,39.9,80000,90805,26405,2.0,0.6,11.5,8.0,12.4,11.2,17.0,27.4,3.5,6.2,8.5,16.1,14.4,3.1,17.1,28.9,50.9,89.2,10.8,-666666666,41.0,59.0,1220,93.3,6.7,4269,39.5,22.3,9.5,81.1,10.1,2.5,0.0,75.2,50.4,2019
12086010204,"Census Tract 102.04, Miami-Dade County, Florida",57.0,7.5,85.7,2.8,0.0,2.1,40.0,67880,84538,25961,6.5,5.1,9.1,7.5,6.8,23.8,12.0,12.9,11.6,4.7,14.8,22.4,17.9,1.3,22.8,44.6,31.3,76.0,24.0,1709,8.0,34.7,1945,99.1,0.9,7258,40.2,19.8,14.7,84.0,11.4,0.7,1.8,77.4,51.3,2019
12086010205,"Census Tract 102.05, Miami-Dade County, Florida",53.0,5.8,88.8,1.3,0.3,2.6,40.7,42308,58166,17923,7.9,4.3,13.5,19.4,9.3,24.0,13.1,4.9,2.9,0.8,15.0,31.7,21.3,5.8,26.8,40.3,27.1,69.6,30.4,1471,14.5,61.1,1405,94.4,5.6,5070,44.8,18.0,18.7,77.5,10.8,0.5,1.2,78.3,61.0,2019
12086010207,"Census Tract 102.07, Miami-Dade County, Florida",54.4,6.3,66.4,9.0,1.1,0.0,44.1,27269,35237,14612,16.0,12.2,16.2,13.6,19.9,10.8,8.6,2.7,0.0,0.0,34.2,43.7,20.1,19.2,51.4,25.7,3.8,9.2,90.8,1068,14.2,50.7,1663,89.4,10.6,3851,35.5,25.4,16.6,72.5,22.0,1.6,0.0,74.8,56.1,2019
12086010208,"Census Tract 102.08, Miami-Dade County, Florida",56.4,5.6,74.3,3.8,0.3,1.7,35.6,29000,38726,14023,12.8,7.9,20.1,17.2,10.8,19.1,7.9,3.4,0.8,0.0,18.6,48.2,22.9,20.2,40.8,25.6,13.4,33.6,66.4,1122,14.8,57.3,1653,92.3,7.7,5049,37.2,23.0,15.7,68.8,20.6,1.1,5.8,68.2,56.7,2019
12086010209,"Census Tract 102.09, Miami-Dade County, Florida",67.5,2.0,78.5,2.5,0.3,2.6,38.1,67321,70226,19501,4.5,6.4,6.1,4.2,19.7,19.5,15.9,18.0,3.0,2.7,16.1,36.5,19.1,1.1,22.3,44.4,32.2,73.6,26.4,1593,6.8,58.6,1495,94.6,5.4,6004,37.7,25.5,10.3,77.2,17.7,0.8,0.8,72.1,51.4,2019
12086010210,"Census Tract 102.10, Miami-Dade County, Florida",52.9,6.3,85.4,3.2,1.9,4.0,40.4,38004,48138,16247,9.8,10.4,15.1,10.4,16.6,13.4,16.2,6.6,1.5,0.0,17.4,35.9,29.1,9.2,38.1,26.2,26.4,54.1,45.9,1075,5.8,66.0,2026,92.6,7.4,6341,41.1,20.3,14.4,67.9,23.0,1.3,4.3,68.8,56.1,2019
12086010300,"Census Tract 103, Miami-Dade County, Florida",54.3,4.7,73.5,0.7,0.6,7.2,38.6,52431,80468,28881,7.4,7.4,5.9,5.6,21.7,16.6,9.7,15.7,5.6,4.3,18.0,19.0,21.5,2.6,30.0,35.4,32.0,71.1,28.9,1148,7.5,48.0,2833,95.1,4.9,8504,45.2,16.5,18.8,87.9,4.9,1.8,3.6,65.3,42.4,2019
12086010400,"Census Tract 104, Miami-Dade County, Florida",61.9,4.6,79.0,1.3,1.4,1.8,38.6,55919,77112,23353,6.3,1.2,6.5,16.9,16.4,16.2,14.1,14.1,3.1,5.2,18.0,28.3,16.0,6.6,17.7,49.6,26.1,65.1,34.9,1109,3.9,52.4,1378,93.0,7.0,4594,36.8,24.7,11.3,77.9,19.9,1.2,0.0,66.5,48.8,2019
12086010500,"Census Tract 105, Miami-Dade County, Florida",58.9,9.0,76.3,5.4,0.2,3.7,41.6,54051,67522,20538,5.0,3.7,13.0,11.3,13.3,17.9,11.0,17.8,5.4,1.8,18.0,42.9,16.7,4.2,29.1,50.4,16.3,61.5,38.5,1010,10.7,45.2,3868,91.2,8.8,12858,35.7,25.1,10.4,68.8,26.5,2.2,0.8,67.5,45.0,2019
12086010604,"Census Tract 106.04, Miami-Dade County, Florida",62.6,1.9,81.7,2.6,0.0,4.1,39.8,96531,102286,32472,1.7,1.7,5.9,4.9,8.9,16.2,12.2,28.8,13.0,6.6,7.9,11.8,5.5,0.9,21.1,48.7,29.3,84.0,16.0,1780,0.0,59.1,1532,93.3,6.7,4719,39.8,23.3,14.3,86.8,8.2,1.9,0.6,51.5,26.0,2019
12086010606,"Census Tract 106.06, Miami-Dade County, Florida",63.2,2.5,73.7,1.7,1.2,4.6,44.4,70000,85257,27343,2.3,2.8,4.7,8.5,18.4,16.1,16.7,17.6,6.9,6.2,9.0,15.0,16.5,3.6,22.2,51.6,22.6,82.9,17.1,1692,0.0,33.1,2029,96.3,3.7,6876,37.0,22.1,14.6,80.7,9.3,3.3,1.5,58.6,38.7,2019
12086010608,"Census Tract 106.08, Miami-Dade County, Florida",70.8,2.3,76.7,5.3,0.8,4.8,41.6,62844,74853,23828,3.1,3.1,6.2,9.9,14.5,24.4,12.5,18.6,4.9,2.7,7.2,16.7,17.3,3.5,21.0,47.5,28.0,74.8,25.2,1682,12.9,50.3,1602,92.2,7.8,5139,39.3,25.1,11.1,81.3,8.1,2.9,2.4,63.6,39.4,2019
12086010609,"Census Tract 106.09, Miami-Dade County, Florida",58.9,7.6,75.1,4.3,1.2,1.8,38.1,33333,43267,17074,6.0,4.7,20.4,21.2,15.9,20.7,5.3,5.8,0.0,0.0,20.5,41.3,19.1,16.3,38.4,35.8,9.5,28.9,71.1,1095,8.2,61.9,1978,94.5,5.5,5349,39.4,20.0,14.8,70.7,22.9,2.1,2.2,63.6,53.5,2019
12086010610,"Census Tract 106.10, Miami-Dade County, Florida",54.8,7.4,78.4,1.4,0.0,9.5,44.1,91231,102905,34241,10.9,5.3,3.7,0.9,3.9,17.2,14.3,19.3,10.8,13.5,9.2,16.1,9.4,11.9,22.9,38.1,27.1,75.2,24.8,245,20.2,21.8,1445,91.2,8.8,4266,41.3,25.6,21.3,84.2,11.9,0.8,1.1,54.2,30.1,2019
12086010612,"Census Tract 106.12, Miami-Dade County, Florida",68.7,4.0,71.5,3.3,0.9,10.8,46.1,83324,101698,31476,0.8,1.2,1.9,2.8,18.0,18.3,20.3,15.9,12.5,8.3,9.2,14.1,9.7,0.8,26.0,50.2,22.9,75.7,24.3,1756,14.9,52.0,3011,98.7,1.3,10561,37.6,26.2,12.0,73.5,16.4,5.2,2.6,64.0,44.8,2019
12086010613,"Census Tract 106.13, Miami-Dade County, Florida",60.7,4.8,82.9,3.8,0.0,5.1,46.5,60717,90851,34346,9.0,12.5,6.0,4.4,8.8,17.1,8.8,17.0,7.0,9.3,12.6,29.0,6.9,10.4,30.7,45.3,13.6,44.6,55.4,1142,28.9,18.5,2105,92.0,8.0,5512,42.5,20.7,22.6,83.8,7.4,4.7,2.6,63.5,47.0,2019
12086010614,"Census Tract 106.14, Miami-Dade County, Florida",61.9,5.8,75.2,2.1,0.8,2.3,41.8,60087,67049,17791,4.7,4.6,6.3,5.2,18.1,29.4,13.3,12.8,2.2,3.4,13.0,30.1,17.3,6.6,26.7,46.3,20.4,61.4,38.6,1415,8.4,39.6,2455,95.7,4.3,9628,28.6,32.1,6.5,59.9,34.0,1.9,0.7,59.8,35.5,2019
12086010617,"Census Tract 106.17, Miami-Dade County, Florida",67.2,8.6,78.4,1.1,1.0,4.4,42.9,72331,80394,24206,1.8,3.3,8.1,9.3,8.1,22.6,16.2,18.7,9.9,1.9,11.0,29.4,10.3,1.7,29.3,48.7,20.3,39.6,60.4,1419,8.8,46.9,2555,92.3,7.7,8283,33.1,30.4,8.3,76.2,16.0,2.6,1.7,68.9,47.8,2019
12086010703,"Census Tract 107.03, Miami-Dade County, Florida",65.8,5.8,81.5,2.3,0.0,4.3,43.4,61148,79632,23101,5.8,3.1,13.1,9.3,7.9,21.8,18.7,14.5,3.2,2.6,20.8,35.3,19.1,4.1,26.0,38.6,31.3,68.7,31.3,1421,11.1,55.3,4295,94.9,5.1,15448,36.1,26.7,9.5,68.6,22.7,2.3,3.1,69.8,49.5,2019
12086010704,"Census Tract 107.04, Miami-Dade County, Florida",58.1,11.4,79.3,2.8,0.0,7.0,40.0,46432,54977,15287,3.5,3.2,16.3,12.9,16.8,21.5,10.1,15.3,0.5,0.0,24.4,42.1,19.9,7.2,29.7,37.0,26.1,57.2,42.8,1413,2.8,61.7,3143,91.3,8.7,11587,33.3,31.5,9.4,61.2,32.7,4.5,1.1,63.3,42.8,2019
12086010801,"Census Tract 108.01, Miami-Dade County, Florida",56.9,8.3,67.4,5.2,0.0,3.7,40.0,33780,43510,13319,13.0,2.4,16.0,19.5,17.0,15.6,10.1,4.6,1.8,0.0,30.2,41.2,26.3,8.8,38.3,37.3,15.6,46.1,53.9,1196,4.1,67.5,2417,91.3,8.7,8422,28.4,34.6,7.6,61.8,23.7,2.2,2.3,73.4,38.2,2019
12086010802,"Census Tract 108.02, Miami-Dade County, Florida",63.4,9.0,71.6,3.3,1.0,6.9,38.5,35254,44005,13366,11.3,3.5,17.8,17.2,11.8,22.4,12.5,3.1,0.0,0.4,26.6,41.7,25.0,7.4,53.1,29.2,10.4,25.9,74.1,1151,16.2,55.9,2840,97.5,2.5,10280,28.5,35.7,6.0,54.4,38.2,5.1,1.3,58.2,35.7,2019
12086010900,"Census Tract 109, Miami-Dade County, Florida",56.0,14.7,69.8,4.5,0.5,1.4,34.1,30302,41579,13609,11.8,8.4,20.3,21.3,12.4,15.4,3.1,4.8,1.0,1.5,40.7,56.5,29.4,15.6,35.7,35.9,12.8,29.1,70.9,968,11.3,55.5,1989,94.2,5.8,6505,29.8,29.9,7.2,83.0,12.6,1.5,0.0,84.4,46.9,2019
12086011001,"Census Tract 110.01, Miami-Dade County, Florida",59.0,6.0,57.3,5.1,1.5,3.8,42.2,33072,42392,13589,9.5,5.9,16.6,19.7,13.1,25.8,2.7,4.7,1.8,0.3,23.8,43.8,19.2,13.7,38.2,38.2,9.9,28.2,71.8,976,12.5,53.1,2808,97.9,2.1,9615,31.2,29.4,10.5,71.8,17.4,5.7,0.2,72.7,49.9,2019
12086011003,"Census Tract 110.03, Miami-Dade County, Florida",51.0,5.0,74.7,2.8,0.4,6.8,36.6,48029,53729,14774,10.2,3.5,9.1,15.8,13.2,29.3,6.4,8.6,2.5,1.3,19.7,36.9,20.0,7.4,29.4,33.4,29.8,78.6,21.4,1708,6.5,55.7,1236,93.0,7.0,4960,40.3,27.1,17.3,87.4,8.3,3.5,0.0,88.8,45.8,2019
12086011005,"Census Tract 110.05, Miami-Dade County, Florida",61.7,8.3,72.9,3.7,0.0,3.6,34.7,52903,58065,16371,2.1,4.7,9.1,18.6,13.6,27.2,12.8,9.4,1.7,0.7,20.0,35.5,27.5,2.8,22.0,38.6,36.6,73.7,26.3,1364,15.0,71.1,1609,94.0,6.0,6343,39.1,24.5,10.4,77.8,11.7,6.0,1.3,84.3,50.7,2019
12086011007,"Census Tract 110.07, Miami-Dade County, Florida",65.3,5.8,79.4,1.8,0.3,4.6,40.6,70633,83389,25914,3.1,1.1,3.8,4.7,20.3,19.8,17.6,18.6,9.1,1.9,8.7,18.7,15.6,1.9,33.2,45.4,19.5,71.0,29.0,1701,6.4,69.3,3189,91.3,8.7,9846,33.4,28.4,9.9,79.2,16.8,1.7,0.0,64.3,36.2,2019
12086011008,"Census Tract 110.08, Miami-Dade County, Florida",68.4,8.7,79.2,2.9,0.5,7.5,44.8,67885,81832,25468,5.9,2.8,8.6,7.4,11.3,16.7,18.6,18.7,6.5,3.4,11.7,22.6,11.7,0.4,35.0,54.9,9.6,53.3,46.7,1710,8.4,51.9,1223,97.8,2.2,4117,31.8,34.6,7.8,74.8,13.1,2.5,4.1,63.5,39.4,2019
12086011009,"Census Tract 110.09, Miami-Dade County, Florida",53.8,12.5,70.4,4.4,0.0,9.1,42.9,60962,73730,22494,8.1,2.3,9.4,5.6,16.9,20.9,12.8,15.1,5.6,3.4,14.7,22.2,11.6,5.3,40.0,39.5,15.3,52.1,47.9,1531,19.3,44.9,1817,91.0,9.0,5654,31.5,34.7,8.5,68.3,21.8,3.1,1.6,63.5,33.2,2019
12086011101,"Census Tract 111.01, Miami-Dade County, Florida",67.9,2.8,63.8,11.8,0.5,0.1,38.2,35082,44879,14037,9.8,8.3,14.9,16.9,21.7,17.5,3.6,2.6,2.8,1.9,27.5,37.2,36.3,15.3,49.6,27.9,7.3,25.9,74.1,1069,8.0,56.7,2287,98.7,1.3,8663,30.2,30.3,4.8,75.8,16.3,2.6,0.0,80.7,47.2,2019
12086011102,"Census Tract 111.02, Miami-Dade County, Florida",63.4,5.1,83.5,2.0,1.6,2.7,45.5,90259,97927,26998,4.6,3.9,1.8,4.9,12.5,13.5,16.0,25.9,7.9,8.9,6.0,18.6,17.5,0.6,24.8,32.1,42.6,83.6,16.4,1681,19.1,44.3,2022,95.3,4.7,7988,32.7,27.0,12.0,74.8,12.3,5.2,0.0,60.0,31.8,2019
12086011201,"Census Tract 112.01, Miami-Dade County, Florida",57.5,7.3,72.9,5.2,0.0,3.4,39.3,48352,68208,17742,7.0,8.3,10.8,9.0,16.6,13.0,13.5,11.2,5.9,4.7,32.3,30.2,21.8,9.9,23.7,33.4,33.1,62.2,37.8,1338,16.8,48.7,1831,93.6,6.4,7141,28.5,37.1,7.6,66.9,23.4,1.8,4.5,58.0,26.3,2019
12086011202,"Census Tract 112.02, Miami-Dade County, Florida",61.3,5.0,50.1,2.5,0.0,0.8,40.6,48342,55089,14678,3.0,6.3,12.2,14.4,19.6,19.9,12.0,10.5,2.2,0.0,29.7,30.5,36.2,10.2,30.2,44.0,15.6,44.4,55.6,1130,14.9,57.4,1835,91.1,8.9,7359,26.4,36.0,7.0,66.8,6.5,2.8,2.7,80.8,40.8,2019
12086011300,"Census Tract 113, Miami-Dade County, Florida",51.9,12.8,47.7,6.4,5.1,3.0,35.5,25922,31696,9647,19.1,11.3,17.0,17.5,17.8,10.3,6.1,1.1,0.0,0.0,46.4,50.6,35.4,26.2,40.8,25.1,7.9,14.9,85.1,899,10.1,66.8,2759,89.0,11.0,9870,28.0,34.2,7.8,50.0,43.2,0.7,0.0,54.4,38.2,2019
12086011401,"Census Tract 114.01, Miami-Dade County, Florida",67.4,7.8,73.6,4.2,0.7,4.6,38.7,67601,76026,24314,8.8,3.3,6.1,10.0,13.9,17.7,19.0,13.7,2.3,5.1,19.4,29.1,14.4,5.4,34.4,42.7,17.5,43.4,56.6,1473,11.9,54.9,6112,86.7,13.3,18709,31.3,33.4,7.7,63.7,25.6,7.9,0.0,57.9,26.0,2019
12086011403,"Census Tract 114.03, Miami-Dade County, Florida",54.3,9.5,63.8,2.4,2.1,5.7,37.5,40350,46838,13874,13.4,8.5,8.0,13.9,17.7,20.6,10.3,4.8,2.9,0.0,34.4,51.6,24.8,13.5,39.9,24.1,22.5,43.7,56.3,1067,8.0,44.2,1936,82.6,17.4,6246,30.1,32.3,11.7,59.2,33.0,1.3,0.0,55.4,26.8,2019
12086011404,"Census Tract 114.04, Miami-Dade County, Florida",30.4,12.3,67.1,4.1,0.4,2.8,35.9,27348,37767,6905,0.7,7.0,32.4,19.7,16.4,15.2,4.4,3.7,0.3,0.1,50.2,54.8,37.6,5.8,37.5,44.5,12.2,28.9,71.1,835,12.7,48.1,1400,95.4,4.6,8729,35.3,25.2,6.1,62.1,33.3,2.3,0.1,57.7,29.2,2019
12086011500,"Census Tract 115, Miami-Dade County, Florida",65.5,4.1,76.0,2.9,0.3,5.3,44.5,75556,95109,26768,0.0,1.1,8.2,9.2,1.2,30.0,17.2,14.7,11.5,6.8,5.8,27.0,24.9,1.7,16.5,32.4,49.4,83.8,16.2,-666666666,0.0,48.2,1853,89.8,10.2,6651,35.8,19.8,14.8,88.2,5.8,0.6,2.2,66.3,43.9,2019
12086011600,"Census Tract 116, Miami-Dade County, Florida",64.2,5.6,75.8,0.7,1.5,6.3,32.6,53004,60942,21793,9.0,2.5,11.4,9.9,12.4,19.6,18.9,11.9,4.0,0.4,18.7,20.8,14.1,2.9,44.0,42.3,10.8,40.6,59.4,1719,0.0,55.5,2620,91.8,8.2,7050,36.9,24.1,10.0,79.5,12.3,0.7,1.3,82.8,67.1,2019
12086011700,"Census Tract 117, Miami-Dade County, Florida",65.3,4.9,79.5,0.2,0.0,4.9,34.1,35288,45131,16804,13.2,3.6,16.1,17.0,20.2,14.7,8.6,6.0,0.0,0.7,18.4,31.5,15.2,11.9,39.8,38.9,9.3,34.8,65.2,1135,19.1,70.3,2262,95.1,4.9,6720,36.4,26.2,11.5,74.5,12.9,1.6,0.9,85.8,56.2,2019
12086011800,"Census Tract 118, Miami-Dade County, Florida",55.7,3.7,90.4,1.7,0.0,1.7,33.3,73688,87889,27647,1.6,2.4,7.4,5.4,9.9,24.2,11.0,24.6,9.6,3.7,4.8,22.4,10.1,1.0,26.0,34.7,38.3,90.1,9.9,2083,16.2,40.4,1029,96.7,3.3,3509,46.1,18.9,21.1,67.2,17.1,2.2,4.9,74.2,54.9,2019
12086011900,"Census Tract 119, Miami-Dade County, Florida",63.9,6.7,77.3,0.7,1.7,6.3,34.6,60387,72276,23848,6.9,3.7,6.5,7.7,10.4,26.6,12.8,16.6,6.3,2.4,11.0,23.1,13.4,1.3,38.4,37.8,22.4,73.9,26.1,1537,19.4,41.6,1892,90.2,9.8,5735,40.0,22.6,14.2,86.2,8.0,0.9,0.3,84.0,49.3,2019
12086012000,"Census Tract 120, Miami-Dade County, Florida",65.3,7.4,72.9,1.9,1.1,3.3,31.3,37508,43841,17538,11.8,8.4,13.2,13.7,17.8,20.3,8.7,4.8,1.4,0.0,21.2,35.7,22.7,6.7,51.6,36.0,5.7,9.8,90.2,1345,8.1,60.0,3503,94.2,5.8,9014,34.9,23.9,9.1,83.5,6.5,0.8,0.6,90.8,70.0,2019
12086012100,"Census Tract 121, Miami-Dade County, Florida",66.8,4.6,86.5,2.2,0.0,2.9,33.0,51041,65156,23604,6.6,4.9,11.8,8.5,16.7,27.8,11.1,8.7,2.1,1.9,15.1,23.1,15.6,5.9,35.1,48.0,11.1,40.5,59.5,1446,12.0,58.1,5725,96.2,3.8,16306,36.5,22.0,10.6,84.0,9.3,1.0,0.7,87.5,55.8,2019
12086012200,"Census Tract 122, Miami-Dade County, Florida",57.8,3.3,84.4,2.8,0.4,4.6,33.5,90341,101622,29575,5.3,0.0,5.1,3.7,11.5,17.3,13.9,20.9,14.3,8.1,8.2,9.7,10.7,2.0,21.0,37.3,39.7,89.4,10.6,2357,0.0,63.3,1527,96.8,3.2,5525,44.0,17.3,20.6,95.2,1.2,1.7,0.0,81.3,45.0,2019
12086012300,"Census Tract 123, Miami-Dade County, Florida",61.3,1.5,79.5,1.6,0.0,3.7,39.0,63514,76642,23071,3.4,2.3,11.1,3.2,12.5,25.5,13.1,23.8,3.5,1.4,10.5,12.3,12.0,3.5,17.7,45.0,33.8,87.6,12.4,2235,0.0,72.0,1893,97.3,2.7,6832,43.3,19.7,16.6,81.8,7.8,2.2,1.5,84.5,58.9,2019
12086012400,"Census Tract 124, Miami-Dade County, Florida",70.7,4.7,82.0,2.4,0.9,8.3,36.4,113167,119277,33668,1.6,4.6,4.3,3.9,5.2,16.5,11.4,24.6,15.9,11.9,4.5,13.9,7.2,1.9,20.5,42.2,35.5,86.3,13.7,1854,17.5,29.2,2695,97.7,2.3,10128,37.5,22.1,11.0,91.1,5.7,1.2,1.4,87.0,44.2,2019
12086012500,"Census Tract 125, Miami-Dade County, Florida",63.4,4.1,72.7,0.6,0.0,19.8,33.0,59412,83288,23462,3.8,4.4,13.0,7.7,10.1,22.3,10.3,15.6,7.2,5.6,11.2,35.1,21.7,0.4,20.7,44.6,34.2,83.4,16.6,1848,8.0,53.4,1735,94.8,5.2,6701,44.0,15.8,14.5,89.4,3.4,0.8,0.0,94.9,67.6,2019
12086012600,"Census Tract 126, Miami-Dade County, Florida",68.6,3.2,69.5,0.2,0.3,14.5,29.9,60806,70911,22963,6.3,1.9,7.4,14.0,10.4,23.9,15.2,15.9,1.8,3.2,12.2,34.8,15.8,1.4,22.8,52.0,23.8,70.0,30.0,1661,21.2,41.5,2113,95.4,4.6,7293,41.7,19.4,13.9,93.5,0.8,0.3,1.2,96.5,68.5,2019
12086012700,"Census Tract 127, Miami-Dade County, Florida",68.6,2.6,87.5,0.7,0.0,9.1,37.1,86894,120619,38708,2.5,0.5,6.2,6.0,11.5,14.0,14.4,20.8,9.3,14.8,4.4,6.4,8.6,2.1,23.6,51.3,23.1,89.9,10.1,2219,15.2,42.2,3646,94.2,5.8,11212,36.5,27.3,11.6,91.9,2.6,0.4,0.3,90.9,47.4,2019
12086012800,"Census Tract 128, Miami-Dade County, Florida",63.7,2.6,77.8,3.2,0.0,11.5,28.4,100122,113948,36107,0.5,1.1,7.7,5.0,4.6,16.2,14.8,28.2,14.0,7.9,3.4,13.1,10.8,1.1,28.4,44.8,25.7,78.1,21.9,2173,17.9,37.6,2756,95.6,4.4,9024,41.3,21.2,17.3,93.4,3.4,0.6,0.4,88.9,51.8,2019
12086012900,"Census Tract 129, Miami-Dade County, Florida",63.4,4.6,74.4,0.8,2.1,15.2,28.7,49032,61094,21862,2.5,10.8,9.4,12.3,16.9,17.5,12.6,12.9,3.3,1.9,14.7,39.2,16.6,5.2,28.5,39.3,27.0,48.8,51.2,1424,3.9,53.8,1532,97.5,2.5,4824,45.5,14.1,17.8,97.8,0.4,0.0,0.0,98.5,82.0,2019
12086013000,"Census Tract 130, Miami-Dade County, Florida",69.5,2.3,76.2,0.0,0.0,13.0,33.9,58050,69308,22737,4.5,4.6,13.8,11.1,10.4,21.8,13.8,11.8,2.7,5.4,15.3,33.9,12.5,4.7,35.8,38.5,21.1,73.3,26.7,1399,16.0,46.6,1395,99.4,0.6,4833,43.0,18.9,18.3,92.4,0.3,1.3,0.4,96.4,66.6,2019
12086013100,"Census Tract 131, Miami-Dade County, Florida",65.4,3.4,72.9,1.7,3.3,12.6,31.6,47840,61056,19911,2.2,6.3,9.0,13.8,23.3,19.4,14.1,8.8,1.5,1.5,11.3,38.5,17.5,6.0,36.7,40.3,17.0,45.0,55.0,1428,2.6,57.8,1779,96.9,3.1,6009,39.3,21.7,14.2,86.7,0.8,0.0,0.4,95.9,67.8,2019
12086013200,"Census Tract 132, Miami-Dade County, Florida",64.6,4.1,77.2,0.6,1.0,12.2,31.0,52440,64722,21008,3.8,4.8,13.5,9.7,17.1,18.8,10.4,16.5,3.0,2.5,15.7,30.7,12.7,1.8,23.6,42.8,31.8,80.0,20.0,1699,0.0,68.5,1753,100.0,0.0,6095,46.1,16.1,19.8,92.6,1.3,0.0,1.6,96.4,74.0,2019
12086013300,"Census Tract 133, Miami-Dade County, Florida",68.8,3.1,77.2,0.0,0.1,14.4,31.2,58151,71126,23115,5.4,4.1,6.0,9.0,16.8,26.7,11.4,15.3,4.8,0.5,9.6,28.0,16.2,4.1,23.1,48.3,24.5,56.1,43.9,1632,15.9,47.4,1869,98.3,1.7,6309,39.5,21.7,12.1,91.3,1.6,1.6,0.5,95.9,69.6,2019
12086013400,"Census Tract 134, Miami-Dade County, Florida",64.2,4.3,74.7,1.4,1.8,14.6,30.8,45267,53174,17613,9.9,7.9,7.0,12.0,19.6,16.9,12.5,12.8,1.4,0.0,20.8,38.9,15.6,6.0,28.3,44.3,21.5,49.4,50.6,1491,8.6,70.1,1698,97.9,2.1,5738,38.7,19.5,12.7,81.1,6.6,0.4,1.3,94.5,70.1,2019
12086013500,"Census Tract 135, Miami-Dade County, Florida",60.7,2.7,63.0,1.4,0.7,20.4,26.8,39600,47298,15581,6.7,6.4,19.3,12.5,17.7,18.2,10.8,7.8,0.8,0.0,16.2,37.7,22.0,11.3,33.5,40.2,15.0,27.4,72.6,1268,8.6,49.8,1791,96.5,3.5,6088,37.7,21.5,14.0,94.5,1.6,0.0,1.4,96.2,78.2,2019
12086013600,"Census Tract 136, Miami-Dade County, Florida",53.5,6.7,71.7,1.4,0.9,13.0,29.0,35908,43208,15902,9.8,9.8,12.9,14.2,19.2,20.1,10.2,2.3,1.0,0.5,20.8,42.9,19.2,10.4,38.6,43.9,7.1,56.3,43.7,1304,19.3,53.6,2015,98.0,2.0,6055,44.5,22.1,16.8,94.0,0.4,0.4,0.7,96.8,76.7,2019
12086013700,"Census Tract 137, Miami-Dade County, Florida",57.7,2.1,64.8,0.7,2.4,16.8,25.2,41842,46614,16183,8.3,7.7,13.7,11.3,18.3,27.0,7.2,4.0,2.4,0.0,19.5,49.4,19.5,12.2,35.2,39.0,13.6,41.6,58.4,1361,5.5,44.3,1923,96.0,4.0,6094,42.8,18.6,22.0,92.2,2.5,0.0,0.0,97.0,77.2,2019
12086013800,"Census Tract 138, Miami-Dade County, Florida",64.8,3.1,73.8,0.3,1.2,12.8,25.3,44045,51577,15748,5.9,4.4,17.6,13.9,12.0,28.2,8.5,6.6,2.8,0.0,24.3,44.9,21.8,12.0,28.5,48.3,11.3,33.8,66.2,1350,9.1,56.1,2191,98.5,1.5,8514,34.0,26.0,10.5,93.4,3.2,0.5,0.0,99.4,70.4,2019
12086013900,"Census Tract 139, Miami-Dade County, Florida",66.1,4.9,72.4,2.6,1.1,10.7,28.3,54669,68261,21445,5.1,2.1,8.7,10.7,19.3,23.3,15.0,12.3,1.3,2.2,9.0,36.4,11.4,1.4,22.9,40.4,35.3,77.1,22.9,1746,8.7,44.9,1314,95.2,4.8,4605,45.8,14.5,19.6,93.2,0.3,0.6,0.0,96.7,70.5,2019
12086014000,"Census Tract 140, Miami-Dade County, Florida",82.6,0.0,95.0,0.0,0.0,0.0,28.5,97679,96260,28798,0.0,0.0,0.0,0.0,28.9,0.0,35.6,16.7,18.9,0.0,12.5,23.3,15.1,21.1,46.7,32.2,0.0,0.0,100.0,2041,7.8,20.0,129,69.8,30.2,312,29.1,44.6,5.4,88.8,0.0,0.0,0.0,98.1,37.8,2019
12086014100,"Census Tract 141, Miami-Dade County, Florida",0.0,-666666666.0,-666666666.0,-666666666.0,-666666666.0,-666666666.0,-666666666.0,-666666666,-666666666,2649,-666666666.0,-666666666.0,-666666666.0,-666666666.0,-666666666.0,-666666666.0,-666666666.0,-666666666.0,-666666666.0,-666666666.0,-666666666.0,-666666666.0,-666666666.0,-666666666.0,-666666666.0,-666666666.0,-666666666.0,-666666666.0,-666666666.0,-666666666,-666666666.0,-666666666.0,0,-666666666.0,-666666666.0,2765,42.1,0.0,18.0,58.0,39.3,0.3,0.3,41.6,28.2,2019
12086014200,"Census Tract 142, Miami-Dade County, Florida",58.3,2.5,84.2,0.4,0.0,5.5,37.3,85179,92045,27671,1.5,0.4,2.7,10.8,10.2,18.7,17.7,26.0,6.4,5.7,2.9,18.5,7.2,1.4,24.8,43.1,30.7,93.3,6.7,1956,11.3,23.9,1375,95.9,4.1,4923,44.3,19.6,19.5,95.3,1.5,0.7,0.2,92.9,60.5,2019
12086014300,"Census Tract 143, Miami-Dade County, Florida",64.3,0.0,83.0,0.0,0.0,7.2,34.2,86324,100022,32009,4.2,1.4,3.6,4.9,9.5,17.9,19.5,22.1,9.1,7.7,4.2,12.2,5.8,1.6,19.3,52.1,27.0,91.3,8.7,2337,0.0,46.0,1009,98.7,1.3,3445,47.1,16.4,18.7,95.6,0.2,2.2,1.2,92.6,65.3,2019
12086014400,"Census Tract 144, Miami-Dade County, Florida",60.4,1.0,85.5,1.7,0.2,1.6,33.7,70165,87817,26324,4.0,6.1,1.6,11.6,15.1,16.2,14.8,15.9,5.0,9.7,10.0,14.6,15.0,2.5,21.2,52.5,23.9,73.7,26.3,1798,0.0,61.8,1309,98.2,1.8,4864,39.6,23.0,18.3,94.3,1.7,2.6,1.0,94.5,61.2,2019
12086014500,"Census Tract 145, Miami-Dade County, Florida",49.3,6.8,79.1,0.2,0.0,12.0,34.5,66058,84288,26016,5.0,4.3,7.2,1.4,21.5,20.7,11.7,13.6,4.9,9.6,12.0,14.1,12.4,1.3,18.7,44.2,35.7,90.2,9.8,1950,0.0,63.1,1299,95.0,5.0,4579,51.3,9.7,25.9,95.9,0.5,3.0,0.0,95.0,67.0,2019
12086014600,"Census Tract 146, Miami-Dade County, Florida",57.8,1.9,87.8,1.0,0.4,1.4,30.6,42241,52944,17269,4.2,12.7,12.6,12.0,17.0,17.1,12.9,7.1,3.7,0.6,20.4,28.1,19.0,5.4,34.8,34.5,25.4,53.3,46.7,1598,7.3,63.8,2433,99.5,0.5,8460,44.9,19.1,18.3,94.6,3.9,0.9,0.0,93.7,78.6,2019
12086014700,"Census Tract 147, Miami-Dade County, Florida",61.3,0.5,87.0,0.0,0.0,1.6,33.3,49318,66402,25249,6.5,9.0,11.8,11.9,10.9,17.4,8.8,14.7,3.0,6.0,6.9,13.2,17.9,5.8,37.7,38.6,17.9,61.4,38.6,1627,0.0,68.4,2256,90.7,9.3,6133,45.4,13.9,24.5,93.2,0.0,1.8,3.4,94.5,66.4,2019
12086014800,"Census Tract 148, Miami-Dade County, Florida",55.4,4.4,86.6,0.3,0.5,3.1,37.4,35577,48822,16433,9.6,11.4,7.9,20.8,11.7,16.8,11.5,7.8,2.6,0.0,16.2,40.2,20.9,2.0,35.1,39.9,23.1,62.2,37.8,1168,6.4,62.8,1886,99.4,0.6,6448,45.0,15.4,16.9,96.9,1.8,0.0,0.9,95.6,73.0,2019
12086014900,"Census Tract 149, Miami-Dade County, Florida",53.1,2.5,88.4,0.8,0.1,5.6,34.4,50690,65508,20745,5.5,5.7,14.0,8.3,15.3,18.3,13.1,13.1,4.7,2.0,10.8,29.9,11.3,1.4,33.9,32.7,31.9,86.3,13.7,1473,15.6,56.8,1587,96.8,3.2,5834,47.2,16.1,22.9,95.0,2.0,0.5,0.0,92.5,65.3,2019
12086015000,"Census Tract 150, Miami-Dade County, Florida",57.1,5.2,87.5,0.3,0.0,4.5,35.7,81354,101663,30350,2.8,5.4,6.6,6.8,9.4,16.1,16.6,21.4,12.5,2.4,6.7,18.9,9.9,4.7,17.3,41.1,36.9,82.1,17.9,1929,2.8,57.0,2675,96.9,3.1,9482,46.1,15.2,23.4,98.5,1.1,0.0,0.2,94.3,65.9,2019
12086015100,"Census Tract 151, Miami-Dade County, Florida",49.9,2.7,85.8,0.9,1.8,2.8,37.5,99412,109092,25055,5.1,0.0,0.0,5.6,10.9,16.5,12.0,29.2,11.2,9.4,8.0,16.5,9.1,0.6,13.9,51.6,33.9,81.3,18.7,2290,0.0,62.8,2898,100.0,0.0,13848,38.8,21.9,9.9,85.4,8.4,0.5,1.4,77.4,52.3,2019
12086015200,"Census Tract 152, Miami-Dade County, Florida",68.6,3.6,82.6,0.3,0.0,7.1,39.0,98705,115425,32234,1.6,1.4,2.6,3.6,10.0,17.3,14.4,24.6,12.1,12.6,5.5,13.5,11.6,1.4,15.4,44.8,38.5,83.3,16.7,2301,4.5,54.4,2029,98.5,1.5,7723,38.8,22.1,10.3,88.2,2.5,1.2,0.3,91.2,57.4,2019
12086015300,"Census Tract 153, Miami-Dade County, Florida",58.2,0.7,81.6,0.8,0.0,9.6,35.4,91935,106817,31095,2.1,1.2,6.3,8.3,10.1,10.8,13.7,22.0,15.4,10.0,9.6,14.5,4.1,3.1,15.8,43.6,37.5,87.7,12.3,2426,14.8,50.6,1779,96.1,3.9,6282,43.2,17.8,16.4,93.7,0.5,0.3,1.9,94.7,51.9,2019
12086015400,"Census Tract 154, Miami-Dade County, Florida",53.7,3.5,83.2,0.8,0.3,7.7,36.9,73149,92411,30815,3.9,7.5,9.7,6.0,10.2,16.3,12.2,17.5,8.4,8.3,13.7,16.2,8.9,6.2,20.5,39.3,33.9,87.7,12.3,1794,0.0,91.2,1685,97.6,2.4,5466,45.7,15.9,24.9,95.0,1.8,2.4,0.0,94.2,65.6,2019
12086015500,"Census Tract 155, Miami-Dade County, Florida",56.3,5.1,83.6,1.6,0.0,6.7,36.7,59899,80498,25300,3.4,4.6,7.5,12.8,11.3,18.9,15.2,13.2,6.1,7.0,9.6,23.7,10.8,6.0,18.6,42.7,32.7,88.4,11.6,2188,19.9,66.0,1833,92.8,7.2,6073,42.8,18.2,22.2,97.3,0.7,1.4,0.0,87.2,53.2,2019
12086015600,"Census Tract 156, Miami-Dade County, Florida",68.1,3.0,86.4,1.6,0.0,3.0,36.5,66458,81526,29170,3.7,1.6,6.0,9.8,14.9,24.0,11.3,20.2,2.7,5.7,11.9,20.0,9.7,0.5,38.9,41.6,19.0,67.7,32.3,1732,1.7,68.6,1634,93.5,6.5,4699,39.5,16.2,16.4,85.6,1.3,1.7,0.0,79.4,52.5,2019
12086015700,"Census Tract 157, Miami-Dade County, Florida",55.8,4.3,83.6,0.2,2.1,4.8,29.9,98550,130503,38465,4.2,2.3,6.9,4.1,4.4,15.0,15.2,17.2,13.1,17.7,11.2,5.9,6.0,1.5,12.4,41.9,44.2,81.4,18.6,1667,13.9,43.5,767,92.7,7.3,2580,44.4,22.9,16.9,92.8,0.9,0.0,6.0,77.1,47.8,2019
12086015800,"Census Tract 158, Miami-Dade County, Florida",52.6,6.4,85.8,0.8,1.8,6.3,36.4,44703,70268,24757,5.8,4.1,15.3,18.1,10.5,22.0,7.6,9.4,4.7,2.3,7.7,23.7,18.1,2.8,39.4,39.1,18.7,67.1,32.9,1608,6.5,47.9,1555,96.1,3.9,4728,47.8,13.0,24.8,94.4,1.9,0.9,0.5,88.3,70.3,2019
12086015900,"Census Tract 159, Miami-Dade County, Florida",61.6,5.6,90.8,0.4,0.3,2.9,35.3,63156,77055,25809,1.7,3.7,8.5,10.3,16.2,19.1,13.7,17.4,6.1,3.3,12.6,14.9,22.3,3.2,22.0,47.0,27.8,80.6,19.4,1691,25.0,65.2,1081,100.0,0.0,3744,46.8,14.7,20.2,95.6,0.2,2.3,0.8,91.0,65.9,2019
12086016000,"Census Tract 160, Miami-Dade County, Florida",61.7,3.8,86.8,0.3,0.0,5.1,38.7,50670,67140,21803,5.8,3.7,8.3,15.1,15.9,11.3,17.1,16.1,4.2,2.6,15.6,22.0,17.3,0.9,31.1,45.4,22.6,65.9,34.1,1589,2.9,66.5,1519,94.7,5.3,4911,39.2,17.8,15.4,95.7,1.0,0.0,0.5,92.4,58.7,2019
12086016100,"Census Tract 161, Miami-Dade County, Florida",63.8,4.9,85.8,3.1,0.0,4.4,40.9,73345,88115,29876,0.8,3.4,7.2,3.1,11.9,27.1,14.1,21.0,6.3,5.1,7.1,23.4,12.0,1.9,18.0,51.9,28.1,84.8,15.2,1982,4.4,46.6,1368,98.0,2.0,4599,47.1,13.4,16.7,93.7,0.2,0.5,4.2,90.9,67.9,2019
12086016200,"Census Tract 162, Miami-Dade County, Florida",57.4,2.2,86.0,1.4,0.1,3.6,44.5,74432,83979,29862,3.0,3.3,14.2,7.5,7.5,15.0,14.4,24.0,6.2,4.9,10.3,14.6,11.9,4.9,23.2,52.1,19.8,80.5,19.5,1781,0.0,70.6,1145,91.4,8.6,3318,45.4,15.8,25.3,91.0,1.4,1.5,3.7,87.9,65.0,2019
12086016300,"Census Tract 163, Miami-Dade County, Florida",65.8,1.9,79.1,0.9,0.0,4.4,39.3,114712,130581,40167,2.3,1.9,8.1,2.4,5.5,9.9,14.2,26.3,15.7,13.9,6.2,10.2,6.1,0.0,15.4,50.0,34.6,90.1,9.9,2314,7.1,46.8,1392,95.4,4.6,4915,39.9,18.7,13.0,84.5,1.1,0.4,0.9,91.0,50.6,2019
12086016400,"Census Tract 164, Miami-Dade County, Florida",63.3,1.8,87.1,0.7,0.0,5.8,39.5,88038,106240,28443,2.8,0.9,3.8,2.9,7.1,25.2,13.8,21.0,11.8,10.7,6.9,7.3,4.9,0.6,11.9,59.5,28.0,90.0,10.0,2475,17.5,58.1,1832,98.9,1.1,7442,38.5,26.3,11.1,89.8,2.3,1.5,0.7,91.4,52.1,2019
12086016500,"Census Tract 165, Miami-Dade County, Florida",60.4,4.6,88.1,0.5,0.5,1.1,40.2,100189,109676,30584,4.5,5.4,3.9,0.0,9.4,9.8,16.9,28.3,11.4,10.5,8.6,8.1,8.1,0.0,12.7,64.6,22.7,87.5,12.5,2255,0.0,50.7,2345,99.4,0.6,9049,38.3,24.7,10.4,88.1,3.8,2.3,4.8,81.7,53.2,2019
12086016600,"Census Tract 166, Miami-Dade County, Florida",60.1,2.7,84.4,2.3,1.8,4.2,42.3,73803,76488,25657,9.5,2.6,8.7,4.7,9.8,17.8,21.6,12.7,9.0,3.7,12.1,20.8,10.9,3.8,26.4,53.6,16.2,80.7,19.3,1613,15.2,16.9,1138,97.2,2.8,3700,40.9,17.6,13.9,94.5,1.8,3.4,0.0,94.5,62.5,2019
12086016700,"Census Tract 167, Miami-Dade County, Florida",55.7,4.4,85.7,0.9,0.0,5.1,41.9,69648,76465,24592,1.2,0.0,10.6,5.9,17.1,24.0,20.7,10.2,8.1,2.1,5.1,22.3,13.9,0.0,26.0,40.8,33.2,82.1,17.9,2088,28.7,34.8,1365,100.0,0.0,4994,47.5,14.1,21.4,96.0,1.2,1.1,0.3,93.7,65.5,2019
12086016800,"Census Tract 168, Miami-Dade County, Florida",62.4,6.9,95.8,0.0,0.0,1.4,39.5,67245,85710,26827,9.1,3.0,4.0,5.6,10.0,20.2,12.3,24.9,7.5,3.4,6.6,27.1,10.8,0.0,34.2,35.0,30.8,84.4,15.6,1716,0.0,65.4,1264,95.3,4.7,4214,37.7,19.9,17.9,94.0,0.0,1.1,4.5,87.9,54.7,2019
12086016900,"Census Tract 169, Miami-Dade County, Florida",58.7,6.7,81.7,5.2,0.6,1.7,36.8,50000,56159,20769,4.2,8.6,7.5,16.3,13.5,24.7,14.0,7.9,1.6,1.8,11.4,25.1,20.7,2.5,43.1,40.7,13.6,48.6,51.4,1455,7.9,50.5,1659,94.9,5.1,4582,43.1,20.7,21.3,95.6,2.7,1.4,0.0,91.5,64.3,2019
12086017000,"Census Tract 170, Miami-Dade County, Florida",64.0,4.1,85.0,2.0,0.0,3.2,38.6,56806,69431,24154,6.6,2.3,7.3,8.4,16.3,22.8,11.1,18.5,5.1,1.5,13.9,23.5,13.5,2.0,29.3,45.6,23.1,60.5,39.5,1658,14.7,45.6,1788,98.7,1.3,5769,40.9,18.1,12.9,90.3,0.6,0.9,0.4,91.6,66.8,2019
12086017100,"Census Tract 171, Miami-Dade County, Florida",61.0,1.7,91.1,0.5,0.0,4.8,36.0,48284,60377,24436,17.0,1.5,7.5,12.2,14.7,16.8,10.3,13.8,3.4,2.7,18.2,21.4,10.6,4.6,31.2,55.2,8.9,58.5,41.5,1487,1.2,64.6,2365,98.3,1.7,6520,43.5,19.6,16.5,93.6,2.7,1.4,1.0,88.8,62.1,2019
12086017200,"Census Tract 172, Miami-Dade County, Florida",59.5,3.4,88.0,1.1,1.2,4.7,39.9,99417,101527,28743,4.6,2.2,2.2,5.4,5.7,17.2,13.0,35.7,6.9,7.0,5.4,21.9,11.4,2.2,12.8,49.9,35.1,82.3,17.7,2113,7.1,41.7,1084,93.5,6.5,3896,41.7,19.7,20.3,95.0,4.6,0.0,0.4,83.9,51.0,2019
12086017300,"Census Tract 173, Miami-Dade County, Florida",58.2,5.3,83.1,5.6,0.0,1.5,38.3,60750,68640,24492,9.1,3.0,6.5,10.7,15.4,16.9,10.8,24.8,1.6,1.1,16.7,27.1,12.5,2.8,26.9,57.0,13.3,50.1,49.9,1409,2.0,48.3,1560,94.7,5.3,4597,47.8,15.0,19.5,89.2,5.6,1.3,0.4,82.3,71.3,2019
12086017400,"Census Tract 174, Miami-Dade County, Florida",60.1,3.1,88.0,2.0,0.5,0.4,36.7,56597,65073,25422,14.3,5.8,6.3,13.4,7.0,15.6,14.5,17.5,3.0,2.6,17.9,11.8,14.5,7.9,25.8,47.4,18.9,57.5,42.5,1535,10.5,38.4,2324,97.9,2.1,6042,47.2,15.6,17.3,95.6,0.4,0.6,3.0,81.9,62.4,2019
12086017500,"Census Tract 175, Miami-Dade County, Florida",54.4,7.6,88.3,1.6,0.3,4.0,38.3,36011,54974,18695,10.0,7.8,16.6,12.6,13.7,14.6,13.5,3.9,5.2,2.1,22.1,41.7,14.2,6.1,42.1,37.8,14.0,37.5,62.5,1190,17.8,64.1,1350,96.1,3.9,4208,37.6,22.9,17.7,96.4,0.0,0.4,0.0,96.5,65.6,2019
12086017600,"Census Tract 176, Miami-Dade County, Florida",64.4,2.5,90.9,1.4,0.2,2.4,43.0,52673,58243,19581,5.7,8.1,7.4,14.4,9.5,28.8,13.1,9.2,3.7,0.0,21.1,24.3,16.9,3.4,30.1,52.1,14.3,37.9,62.1,1701,6.3,53.8,2416,92.4,7.6,7494,35.6,24.3,12.0,88.5,1.3,0.2,6.2,86.4,66.9,2019
12086017700,"Census Tract 177, Miami-Dade County, Florida",67.6,3.4,81.8,5.5,1.3,3.1,39.6,54899,60000,22246,8.4,6.9,11.4,8.0,8.2,29.6,10.0,14.3,0.8,2.4,16.6,19.8,19.2,4.7,39.8,37.1,18.4,50.7,49.3,1439,16.0,45.7,1542,92.9,7.1,4385,42.9,14.3,10.2,88.2,2.9,0.7,0.5,93.0,71.9,2019
12086017800,"Census Tract 178, Miami-Dade County, Florida",69.1,4.6,87.9,3.5,2.4,2.7,39.0,44345,52313,18371,6.8,5.2,11.3,8.9,22.6,21.2,16.7,4.7,2.5,0.0,20.3,37.8,20.0,5.5,44.7,37.2,12.7,24.2,75.8,1383,13.8,49.2,2040,96.7,3.3,6583,40.9,19.5,11.0,98.6,1.0,0.3,0.0,96.7,78.2,2019
12086017900,"Census Tract 179, Miami-Dade County, Florida",65.8,4.3,85.8,1.5,0.0,2.0,42.3,83296,90038,27650,1.9,5.0,7.8,4.3,8.7,14.5,18.0,24.6,11.9,3.2,7.9,5.5,12.4,2.3,19.7,41.9,36.2,86.2,13.8,2220,0.0,52.8,2525,98.7,1.3,8962,41.6,20.2,13.9,90.1,2.7,0.1,3.6,84.5,57.0,2019
12086018000,"Census Tract 180, Miami-Dade County, Florida",60.2,6.2,85.1,1.4,0.3,5.3,41.4,83724,107317,30813,5.2,1.8,5.2,9.0,7.3,14.3,17.6,22.4,3.6,13.7,7.5,13.0,13.7,0.7,24.3,47.9,27.2,61.8,38.2,2164,16.8,47.7,3264,93.7,6.3,11612,34.5,21.7,12.2,86.3,3.5,2.2,2.3,81.6,55.6,2019
12086018100,"Census Tract 181, Miami-Dade County, Florida",59.2,4.9,84.8,2.5,0.8,1.7,43.5,59148,64882,22327,8.1,7.0,12.1,5.8,13.1,15.0,19.6,15.6,1.8,1.9,14.0,19.8,13.0,4.8,28.1,42.6,24.4,60.8,39.2,1588,6.1,55.6,1639,96.1,3.9,5179,44.3,17.4,19.3,79.1,1.4,2.8,0.0,83.9,56.5,2019
12086018200,"Census Tract 182, Miami-Dade County, Florida",64.9,3.9,92.2,2.0,0.0,1.8,37.8,79638,89558,24984,3.4,1.6,1.6,8.1,13.9,10.7,26.6,19.4,9.8,4.8,11.0,23.2,18.3,1.5,25.1,48.5,24.9,72.0,28.0,1602,5.9,38.5,790,92.2,7.8,2914,40.2,24.1,12.8,80.4,5.9,1.8,3.6,80.7,53.3,2019
12086018300,"Census Tract 183, Miami-Dade County, Florida",68.1,2.7,83.6,5.7,0.0,1.7,46.4,68346,78295,23432,1.5,3.2,8.9,11.9,9.7,24.9,15.7,14.4,4.4,5.5,8.7,23.5,15.5,2.6,20.8,47.8,28.9,62.9,37.1,1955,8.1,58.4,1580,96.5,3.5,5710,39.6,19.1,10.9,81.7,2.5,1.5,5.8,81.3,55.8,2019
12086018400,"Census Tract 184, Miami-Dade County, Florida",65.3,4.5,80.0,2.4,0.0,3.0,36.0,53967,68177,24238,4.2,0.0,10.1,14.2,15.3,22.4,14.7,10.4,5.2,3.4,11.7,23.7,9.5,5.2,40.7,35.9,18.2,42.3,57.7,1641,4.9,64.2,1524,83.8,16.2,3910,36.5,23.1,9.9,83.4,3.1,3.9,2.8,81.7,59.1,2019
12086018500,"Census Tract 185, Miami-Dade County, Florida",62.8,7.3,79.7,1.1,1.7,4.7,36.3,58125,79816,28719,4.1,0.9,16.0,6.2,18.7,13.1,11.2,17.3,9.8,2.8,13.7,12.5,15.8,6.6,42.5,32.0,18.9,37.7,62.3,1707,6.0,59.9,1600,95.1,4.9,4686,33.8,24.5,12.8,75.9,6.5,3.2,1.9,73.7,49.2,2019
12086018600,"Census Tract 186, Miami-Dade County, Florida",59.9,5.7,82.5,2.9,0.1,4.6,31.9,71438,79089,22868,5.4,0.6,1.0,9.6,6.7,31.5,17.8,20.4,7.1,0.0,7.1,24.4,15.8,0.6,25.9,41.8,31.6,67.3,32.7,1548,9.8,49.8,2456,95.1,4.9,9275,39.7,17.2,15.9,89.3,4.2,0.9,0.0,83.6,57.8,2019
12086018700,"Census Tract 187, Miami-Dade County, Florida",57.3,2.6,82.1,1.6,0.7,3.7,31.3,78000,92882,26243,2.4,0.7,3.6,11.5,15.7,14.4,14.9,15.5,16.0,5.3,5.1,10.6,10.7,1.4,18.6,38.6,41.4,85.9,14.1,2065,0.0,79.5,1273,97.4,2.6,4881,45.4,19.7,17.4,86.9,1.6,1.9,3.9,76.4,54.0,2019
12086018800,"Census Tract 188, Miami-Dade County, Florida",67.1,1.4,84.5,1.7,0.0,2.7,36.8,53951,72846,26569,12.9,1.8,9.0,6.8,13.6,21.1,10.3,14.0,4.5,6.1,19.1,9.5,17.0,1.6,43.3,37.3,17.8,40.1,59.9,1589,5.8,61.5,3105,96.3,3.7,8876,38.9,21.8,13.9,85.5,5.1,0.6,5.1,64.3,54.5,2019
12086018900,"Census Tract 189, Miami-Dade County, Florida",67.6,3.1,81.0,2.1,0.0,5.5,31.3,93228,111713,37912,1.3,1.6,4.5,5.2,7.8,16.3,22.0,17.4,11.0,12.7,2.9,7.4,12.1,2.5,21.4,53.8,22.3,88.5,11.5,2056,4.3,58.1,2185,93.2,6.8,6634,45.5,18.4,20.2,80.6,6.4,2.5,4.4,63.7,46.6,2019
12086019000,"Census Tract 190, Miami-Dade County, Florida",63.4,3.2,82.6,2.7,0.4,4.4,33.8,82179,88015,29310,8.9,3.2,4.1,7.5,8.2,14.0,18.5,20.4,10.2,4.9,13.5,10.9,13.9,4.6,28.2,42.0,25.2,75.1,24.9,1694,3.8,36.9,1973,94.3,5.7,5969,39.6,19.7,15.4,86.8,3.6,4.5,2.4,71.6,53.0,2019
12086019100,"Census Tract 191, Miami-Dade County, Florida",58.9,1.0,86.7,1.6,0.1,4.3,25.3,60028,83898,36253,10.0,7.9,9.3,9.7,8.3,11.8,15.3,13.5,6.5,7.7,15.0,6.5,12.0,2.5,41.6,46.3,9.6,58.0,42.0,1706,1.9,48.0,2178,89.6,10.4,4767,50.5,12.5,25.0,91.4,1.0,1.8,2.4,74.4,55.3,2019
12086019200,"Census Tract 192, Miami-Dade County, Florida",58.3,4.4,86.9,0.4,0.3,5.0,33.0,68291,73095,25195,11.1,1.1,11.2,6.0,6.5,20.5,11.7,25.2,5.5,1.2,15.1,9.2,9.1,3.4,28.6,44.7,23.3,75.4,24.6,1652,15.1,44.6,1703,96.1,3.9,5071,40.9,22.0,14.8,88.6,2.8,2.0,2.8,65.9,41.6,2019
12086019300,"Census Tract 193, Miami-Dade County, Florida",66.1,3.4,88.4,1.4,0.2,1.3,31.4,65625,73782,26298,5.7,1.2,7.2,8.5,12.0,24.1,15.9,14.8,10.3,0.3,7.1,7.9,13.0,0.0,33.2,52.9,13.9,60.0,40.0,1702,3.5,57.9,2585,91.5,8.5,7186,36.5,22.5,8.8,68.3,17.8,2.4,5.6,53.4,40.0,2019
12086019400,"Census Tract 194, Miami-Dade County, Florida",67.6,3.2,77.9,1.0,0.6,6.1,32.9,69215,86254,27138,7.8,1.7,8.1,8.2,8.0,20.8,13.6,15.7,9.8,6.3,18.6,5.6,7.8,2.8,24.2,47.8,25.2,66.1,33.9,2040,2.4,64.6,2565,96.1,3.9,8428,36.2,25.8,8.4,89.5,3.6,1.1,2.6,68.4,46.3,2019
12086019500,"Census Tract 195, Miami-Dade County, Florida",64.9,1.4,90.8,0.3,0.0,2.1,39.2,73656,85449,27969,2.0,1.5,0.8,7.1,14.5,26.0,16.7,20.4,6.3,4.7,9.4,12.7,6.9,3.8,21.5,54.9,19.7,85.1,14.9,1718,6.3,55.6,2375,96.7,3.3,7506,42.3,22.8,11.2,86.8,4.4,2.1,2.4,72.7,50.4,2019
12086019600,"Census Tract 196, Miami-Dade County, Florida",61.6,1.7,87.3,4.4,0.0,3.0,42.2,109485,122014,30104,3.1,1.8,3.3,2.4,6.8,15.1,13.9,23.7,13.2,16.7,9.1,7.5,11.4,1.0,16.7,44.4,37.8,85.8,14.2,2457,17.5,69.6,1549,98.5,1.5,6611,35.7,29.9,8.6,72.1,7.2,0.9,3.4,78.3,41.1,2019
12086019700,"Census Tract 197, Miami-Dade County, Florida",62.2,2.0,85.3,0.0,0.0,7.4,42.4,81935,98871,30188,1.1,2.4,3.8,2.1,21.5,13.7,16.8,19.8,12.8,6.0,5.6,5.0,7.4,0.6,5.6,54.2,39.6,92.0,8.0,2423,0.0,92.8,1147,97.2,2.8,3900,40.5,26.1,13.4,70.2,17.7,4.5,2.6,56.4,34.4,2019
12086019800,"Census Tract 198, Miami-Dade County, Florida",64.8,6.2,80.0,1.0,0.0,6.5,43.4,98816,103668,29768,3.5,0.7,3.5,2.5,12.8,14.0,13.2,31.7,8.8,9.1,6.1,17.0,9.7,1.2,10.6,53.3,34.8,89.2,10.8,2333,5.0,46.2,2578,100.0,0.0,9855,39.7,23.6,15.0,88.5,6.3,0.8,1.5,77.0,41.7,2019
12086019900,"Census Tract 199, Miami-Dade County, Florida",60.7,4.8,82.1,0.7,1.2,4.0,45.5,64425,73295,22203,3.3,3.3,8.2,7.8,8.8,31.6,10.5,22.7,1.0,2.8,8.2,16.0,16.4,1.8,21.3,49.3,27.5,63.8,36.2,1745,4.0,49.8,3270,97.7,2.3,11924,35.5,24.0,11.3,78.6,8.3,3.3,2.2,81.2,51.9,2019
12086020000,"Census Tract 200, Miami-Dade County, Florida",57.1,5.1,80.3,0.4,0.3,4.5,39.6,79659,88009,24011,2.9,0.9,6.8,8.4,16.2,13.2,9.9,33.4,3.6,4.6,12.6,15.7,17.4,1.3,11.5,45.4,41.8,83.5,16.5,2066,0.0,37.4,2048,93.9,6.1,7475,40.0,19.1,15.7,86.4,6.3,0.9,0.2,80.8,47.0,2019
12086020100,"Census Tract 201, Miami-Dade County, Florida",59.3,6.6,83.3,4.9,0.0,2.9,43.2,89417,102225,27043,0.6,3.0,7.0,4.2,8.3,19.7,21.1,17.5,7.8,10.8,10.8,24.4,6.5,0.9,21.8,40.8,36.5,81.3,18.7,1871,5.1,46.1,1194,97.4,2.6,4783,43.6,16.9,16.6,80.3,5.8,1.9,1.9,68.7,45.5,2019
12086020200,"Census Tract 202, Miami-Dade County, Florida",41.7,1.5,84.9,3.1,1.4,1.6,36.2,41426,53433,15157,5.6,5.6,22.9,3.8,18.4,19.9,8.5,12.1,2.9,0.3,16.6,35.7,18.0,8.2,34.9,39.2,17.7,58.3,41.7,1312,2.1,54.4,1189,97.0,3.0,4891,43.1,15.8,15.3,77.9,11.1,3.0,0.6,80.7,52.4,2019
12086020300,"Census Tract 203, Miami-Dade County, Florida",57.9,6.6,84.4,0.8,0.0,2.8,39.9,51719,61260,20072,5.3,4.9,9.3,9.8,16.1,21.5,17.5,11.8,2.5,1.3,16.8,27.5,19.7,2.0,22.6,38.9,36.5,77.8,22.2,1523,7.9,71.8,968,97.7,2.3,3440,42.5,18.9,15.4,82.5,7.2,1.4,1.1,81.2,56.3,2019
12086490100,"Census Tract 4901, Miami-Dade County, Florida",61.1,3.0,87.3,3.4,1.9,1.6,26.8,46750,67232,26636,11.4,4.1,18.9,11.1,8.3,18.8,12.6,8.6,3.9,2.3,12.2,41.5,13.7,9.0,39.8,30.4,20.8,52.2,47.8,896,4.4,63.4,562,94.8,5.2,1620,50.2,10.1,21.9,91.8,4.7,0.0,2.3,94.1,82.7,2019
12086980100,"Census Tract 9801, Miami-Dade County, Florida",-666666666.0,-666666666.0,-666666666.0,-666666666.0,-666666666.0,-666666666.0,-666666666.0,-666666666,-666666666,-666666666,-666666666.0,-666666666.0,-666666666.0,-666666666.0,-666666666.0,-666666666.0,-666666666.0,-666666666.0,-666666666.0,-666666666.0,-666666666.0,-666666666.0,-666666666.0,-666666666.0,-666666666.0,-666666666.0,-666666666.0,-666666666.0,-666666666.0,-666666666,-666666666.0,-666666666.0,0,-666666666.0,-666666666.0,0,-666666666.0,-666666666.0,-666666666.0,-666666666.0,-666666666.0,-666666666.0,-666666666.0,-666666666.0,-666666666.0,2019
12086980200,"Census Tract 9802, Miami-Dade County, Florida",-666666666.0,-666666666.0,-666666666.0,-666666666.0,-666666666.0,-666666666.0,-666666666.0,-666666666,-666666666,-666666666,-666666666.0,-666666666.0,-666666666.0,-666666666.0,-666666666.0,-666666666.0,-666666666.0,-666666666.0,-666666666.0,-666666666.0,-666666666.0,-666666666.0,-666666666.0,-666666666.0,-666666666.0,-666666666.0,-666666666.0,-666666666.0,-666666666.0,-666666666,-666666666.0,-666666666.0,0,-666666666.0,-666666666.0,0,-666666666.0,-666666666.0,-666666666.0,-666666666.0,-666666666.0,-666666666.0,-666666666.0,-666666666.0,-666666666.0,2019
12086980300,"Census Tract 9803, Miami-Dade County, Florida",25.6,21.3,33.9,9.3,41.4,8.4,12.4,-666666666,-999999999,2911,0.0,0.0,0.0,0.0,0.0,0.0,66.7,0.0,33.3,0.0,66.0,0.0,7.8,0.0,0.0,100.0,0.0,0.0,100.0,-666666666,66.7,0.0,6,100.0,0.0,4755,19.7,1.0,0.1,78.8,9.5,2.0,9.4,12.1,12.7,2019
12086980400,"Census Tract 9804, Miami-Dade County, Florida",-666666666.0,-666666666.0,-666666666.0,-666666666.0,-666666666.0,-666666666.0,-666666666.0,-666666666,-666666666,-666666666,-666666666.0,-666666666.0,-666666666.0,-666666666.0,-666666666.0,-666666666.0,-666666666.0,-666666666.0,-666666666.0,-666666666.0,-666666666.0,-666666666.0,-666666666.0,-666666666.0,-666666666.0,-666666666.0,-666666666.0,-666666666.0,-666666666.0,-666666666,-666666666.0,-666666666.0,0,-666666666.0,-666666666.0,0,-666666666.0,-666666666.0,-666666666.0,-666666666.0,-666666666.0,-666666666.0,-666666666.0,-666666666.0,-666666666.0,2019
12086980500,"Census Tract 9805, Miami-Dade County, Florida",-666666666.0,-666666666.0,-666666666.0,-666666666.0,-666666666.0,-666666666.0,-666666666.0,-666666666,-666666666,-666666666,-666666666.0,-666666666.0,-666666666.0,-666666666.0,-666666666.0,-666666666.0,-666666666.0,-666666666.0,-666666666.0,-666666666.0,-666666666.0,-666666666.0,-666666666.0,-666666666.0,-666666666.0,-666666666.0,-666666666.0,-666666666.0,-666666666.0,-666666666,-666666666.0,-666666666.0,0,-666666666.0,-666666666.0,0,-666666666.0,-666666666.0,-666666666.0,-666666666.0,-666666666.0,-666666666.0,-666666666.0,-666666666.0,-666666666.0,2019
12086980600,"Census Tract 9806, Miami-Dade County, Florida",-666666666.0,-666666666.0,-666666666.0,-666666666.0,-666666666.0,-666666666.0,-666666666.0,-666666666,-666666666,-666666666,-666666666.0,-666666666.0,-666666666.0,-666666666.0,-666666666.0,-666666666.0,-666666666.0,-666666666.0,-666666666.0,-666666666.0,-666666666.0,-666666666.0,-666666666.0,-666666666.0,-666666666.0,-666666666.0,-666666666.0,-666666666.0,-666666666.0,-666666666,-666666666.0,-666666666.0,0,-666666666.0,-666666666.0,0,-666666666.0,-666666666.0,-666666666.0,-666666666.0,-666666666.0,-666666666.0,-666666666.0,-666666666.0,-666666666.0,2019
12086980700,"Census Tract 9807, Miami-Dade County, Florida",20.2,49.0,46.6,31.0,16.4,2.6,41.9,16168,17878,4094,19.6,10.5,45.5,11.9,12.6,0.0,0.0,0.0,0.0,0.0,91.7,86.7,9.9,30.1,57.3,12.6,0.0,0.0,100.0,1105,0.0,76.6,143,100.0,0.0,1054,16.2,52.9,4.4,34.1,38.0,27.9,0.0,50.4,7.5,2019
12086980800,"Census Tract 9808, Miami-Dade County, Florida",-666666666.0,-666666666.0,-666666666.0,-666666666.0,-666666666.0,-666666666.0,-666666666.0,-666666666,-666666666,-666666666,-666666666.0,-666666666.0,-666666666.0,-666666666.0,-666666666.0,-666666666.0,-666666666.0,-666666666.0,-666666666.0,-666666666.0,-666666666.0,-666666666.0,-666666666.0,-666666666.0,-666666666.0,-666666666.0,-666666666.0,-666666666.0,-666666666.0,-666666666,-666666666.0,-666666666.0,0,-666666666.0,-666666666.0,0,-666666666.0,-666666666.0,-666666666.0,-666666666.0,-666666666.0,-666666666.0,-666666666.0,-666666666.0,-666666666.0,2019
12086980900,"Census Tract 9809, Miami-Dade County, Florida",-666666666.0,-666666666.0,-666666666.0,-666666666.0,-666666666.0,-666666666.0,-666666666.0,-666666666,-666666666,-666666666,-666666666.0,-666666666.0,-666666666.0,-666666666.0,-666666666.0,-666666666.0,-666666666.0,-666666666.0,-666666666.0,-666666666.0,-666666666.0,-666666666.0,-666666666.0,-666666666.0,-666666666.0,-666666666.0,-666666666.0,-666666666.0,-666666666.0,-666666666,-666666666.0,-666666666.0,0,-666666666.0,-666666666.0,0,-666666666.0,-666666666.0,-666666666.0,-666666666.0,-666666666.0,-666666666.0,-666666666.0,-666666666.0,-666666666.0,2019
12086981000,"Census Tract 9810, Miami-Dade County, Florida",-666666666.0,-666666666.0,-666666666.0,-666666666.0,-666666666.0,-666666666.0,-666666666.0,-666666666,-666666666,-666666666,-666666666.0,-666666666.0,-666666666.0,-666666666.0,-666666666.0,-666666666.0,-666666666.0,-666666666.0,-666666666.0,-666666666.0,-666666666.0,-666666666.0,-666666666.0,-666666666.0,-666666666.0,-666666666.0,-666666666.0,-666666666.0,-666666666.0,-666666666,-666666666.0,-666666666.0,0,-666666666.0,-666666666.0,0,-666666666.0,-666666666.0,-666666666.0,-666666666.0,-666666666.0,-666666666.0,-666666666.0,-666666666.0,-666666666.0,2019
12086990000,"Census Tract 9900, Miami-Dade County, Florida",-666666666.0,-666666666.0,-666666666.0,-666666666.0,-666666666.0,-666666666.0,-666666666.0,-666666666,-666666666,-666666666,-666666666.0,-666666666.0,-666666666.0,-666666666.0,-666666666.0,-666666666.0,-666666666.0,-666666666.0,-666666666.0,-666666666.0,-666666666.0,-666666666.0,-666666666.0,-666666666.0,-666666666.0,-666666666.0,-666666666.0,-666666666.0,-666666666.0,-666666666,-666666666.0,-666666666.0,0,-666666666.0,-666666666.0,0,-666666666.0,-666666666.0,-666666666.0,-666666666.0,-666666666.0,-666666666.0,-666666666.0,-666666666.0,-666666666.0,2019
