GEOID,NAME,employment_rate_pct,unemployment_rate_pct,commute_drove_alone_pct,commute_public_transit_pct,commute_walked_pct,commute_wfh_pct,mean_commute_time_min,median_household_income,mean_household_income,per_capita_income,hh_income_under_10k_pct,hh_income_10k_15k_pct,hh_income_15k_25k_pct,hh_income_25k_35k_pct,hh_income_35k_50k_pct,hh_income_50k_75k_pct,hh_income_75k_100k_pct,hh_income_100k_150k_pct,hh_income_150k_200k_pct,hh_income_200k_plus_pct,poverty_rate_pct,snap_benefits_pct,no_health_insurance_pct
12086000107,Census Tract 1.07; Miami-Dade County; Florida,60.1,3.8,61.6,3.3,0.0,25.7,26.7,53281,114816,54784,13.3,3.6,14.8,11.4,5.4,12.5,8.3,10.6,5.9,14.2,16.9,5.6,13.4
12086000109,Census Tract 1.09; Miami-Dade County; Florida,65.5,1.3,65.3,9.0,2.7,11.0,28.0,59577,76117,31513,0.8,11.4,9.3,4.5,10.3,23.0,15.4,14.8,4.5,6.1,17.8,22.7,22.9
12086000115,Census Tract 1.15; Miami-Dade County; Florida,52.8,8.7,63.9,1.0,0.6,14.2,29.1,104427,220216,94396,0.8,4.9,3.5,6.5,13.4,13.0,4.1,17.1,4.8,31.9,6.2,5.3,8.5
12086000118,Census Tract 1.18; Miami-Dade County; Florida,43.3,4.6,47.3,6.2,4.1,34.4,33.6,103309,205299,89072,7.1,4.0,0.0,7.8,2.9,20.4,6.4,15.4,6.7,29.2,5.5,0.0,17.6
12086000120,Census Tract 1.20; Miami-Dade County; Florida,57.3,8.5,59.8,0.8,1.0,28.5,31.3,73667,122848,59310,4.2,1.1,4.8,10.9,11.8,19.4,15.4,16.4,3.4,12.7,11.7,4.2,12.3
12086000121,Census Tract 1.21; Miami-Dade County; Florida,45.9,3.2,57.5,0.0,1.6,25.9,27.4,84977,127274,59956,9.3,4.5,4.5,9.7,2.1,10.5,20.3,13.4,6.4,19.4,13.1,1.7,7.9
12086000122,Census Tract 1.22; Miami-Dade County; Florida,59.8,1.1,57.3,0.7,0.0,27.5,31.5,99469,155590,75879,0.7,0.0,3.7,2.3,8.8,21.0,14.7,10.4,18.0,20.2,1.7,4.6,2.2
12086000123,Census Tract 1.23; Miami-Dade County; Florida,44.0,3.0,53.6,3.6,5.7,30.0,25.0,64348,133848,63744,14.5,4.1,3.2,7.4,11.8,12.5,11.5,9.7,11.3,13.9,14.7,3.3,7.3
12086000124,Census Tract 1.24; Miami-Dade County; Florida,54.6,7.0,73.0,7.3,6.7,6.3,31.4,48929,56730,23883,3.8,4.3,16.8,14.3,11.8,27.4,15.9,2.9,1.6,1.2,11.8,38.8,24.1
12086000125,Census Tract 1.25; Miami-Dade County; Florida,54.1,6.2,62.4,3.5,5.7,14.3,39.5,53281,69904,29510,18.3,1.9,5.2,4.6,14.5,22.4,10.7,11.6,6.8,3.9,12.7,4.9,13.3
12086000126,Census Tract 1.26; Miami-Dade County; Florida,43.1,1.7,68.6,7.7,4.6,13.4,25.5,36287,100976,58655,17.6,8.0,17.3,5.5,18.7,16.9,4.8,3.6,0.0,7.7,23.8,12.6,1.7
12086000127,Census Tract 1.27; Miami-Dade County; Florida,62.4,2.0,58.1,3.5,0.5,17.5,33.6,49805,91240,43488,6.0,6.8,17.2,4.1,16.2,14.4,4.6,8.3,10.9,11.5,18.0,8.6,17.0
12086000128,Census Tract 1.28; Miami-Dade County; Florida,74.0,3.1,50.5,5.0,0.5,24.0,36.1,80551,117938,55549,4.2,2.1,1.8,5.3,7.3,27.9,11.0,23.1,4.9,12.3,8.7,3.0,9.0
12086000129,Census Tract 1.29; Miami-Dade County; Florida,43.8,4.5,67.8,0.0,0.0,24.9,37.1,155764,236646,121556,1.0,0.7,4.1,3.3,12.0,9.0,7.6,10.8,18.4,33.2,2.1,1.8,3.5
12086000130,Census Tract 1.30; Miami-Dade County; Florida,48.4,2.1,72.1,0.0,1.2,21.2,33.6,91818,206102,98760,3.4,8.9,9.1,3.8,14.6,3.9,11.9,11.7,4.7,27.9,9.8,3.6,4.5
12086000131,Census Tract 1.31; Miami-Dade County; Florida,58.3,4.3,64.8,1.0,0.8,29.8,28.1,80814,136740,60492,6.8,0.7,8.0,6.8,6.4,17.7,13.4,10.9,8.5,20.7,13.4,2.7,6.1
12086000132,Census Tract 1.32; Miami-Dade County; Florida,46.0,3.9,67.1,0.0,4.3,15.2,41.3,48553,72004,36573,11.1,5.6,13.5,9.1,11.0,13.8,10.9,10.4,9.5,5.1,17.5,10.3,14.2
12086000134,Census Tract 1.34; Miami-Dade County; Florida,53.7,1.6,68.9,6.7,3.1,18.4,26.1,47528,67701,31837,4.4,2.9,21.5,11.9,12.5,9.0,17.7,13.4,3.2,3.5,19.5,14.4,24.9
12086000140,Census Tract 1.40; Miami-Dade County; Florida,75.0,6.7,74.6,0.9,4.8,14.8,40.8,78140,92182,42115,6.1,5.9,3.7,5.4,12.7,13.6,14.7,20.5,10.5,7.0,12.0,9.8,7.3
12086000141,Census Tract 1.41; Miami-Dade County; Florida,70.2,2.9,56.9,3.4,3.4,34.0,28.6,93750,148392,62687,4.0,0.0,4.1,2.3,17.8,11.1,11.8,17.0,8.6,23.4,13.4,9.8,11.5
12086000142,Census Tract 1.42; Miami-Dade County; Florida,47.1,3.9,52.6,7.5,0.9,19.3,33.8,84196,122000,52413,7.5,1.7,3.3,7.3,7.4,21.1,12.6,16.7,9.6,12.8,11.6,3.3,8.7
12086000143,Census Tract 1.43; Miami-Dade County; Florida,54.6,2.5,57.7,2.2,1.5,25.6,28.9,52105,97637,54366,12.6,10.1,9.6,5.3,11.3,15.3,5.9,11.5,8.0,10.2,16.8,0.8,1.3
12086000144,Census Tract 1.44; Miami-Dade County; Florida,62.7,3.7,59.6,0.0,0.0,21.2,29.3,70066,94942,41868,7.7,0.0,15.8,12.8,0.0,17.3,10.7,16.9,5.1,13.9,8.3,3.6,2.9
12086000145,Census Tract 1.45; Miami-Dade County; Florida,70.2,1.8,46.0,0.0,0.0,40.3,24.7,163027,185812,55685,5.3,2.4,2.5,0.0,0.0,6.8,15.3,12.0,28.3,27.5,8.5,2.9,11.7
12086000146,Census Tract 1.46; Miami-Dade County; Florida,52.4,10.9,65.9,0.0,3.6,27.9,30.5,101546,141540,54422,3.1,2.5,2.6,2.6,16.0,7.9,11.8,20.6,9.3,23.6,8.4,0.5,0.7
12086000204,Census Tract 2.04; Miami-Dade County; Florida,68.1,0.0,77.9,4.7,0.0,6.6,34.1,55859,83348,27470,6.3,8.9,6.9,10.7,13.9,17.8,17.2,5.9,5.3,7.1,23.4,22.7,10.4
12086000206,Census Tract 2.06; Miami-Dade County; Florida,59.3,1.8,59.4,5.7,0.6,11.6,31.4,50000,57796,18021,4.7,4.9,14.5,11.9,13.9,25.1,10.9,8.1,5.3,0.7,19.4,30.9,14.8
12086000211,Census Tract 2.11; Miami-Dade County; Florida,58.4,5.5,73.0,7.3,0.0,8.7,37.0,58792,77220,28694,3.1,2.8,10.1,12.8,15.5,11.8,15.9,18.7,6.0,3.4,17.1,17.4,16.8
12086000212,Census Tract 2.12; Miami-Dade County; Florida,60.1,9.4,81.2,4.7,0.0,5.5,31.1,44120,51761,21229,5.7,4.5,15.1,16.4,16.6,29.0,6.4,4.0,1.7,0.6,14.8,31.6,30.0
12086000213,Census Tract 2.13; Miami-Dade County; Florida,58.7,9.7,63.1,4.4,1.1,8.5,28.3,86750,95351,28259,1.9,5.4,1.0,9.0,14.6,16.8,14.2,25.3,2.4,9.3,4.1,27.8,14.1
12086000215,Census Tract 2.15; Miami-Dade County; Florida,55.2,14.2,72.1,6.2,1.6,6.2,31.2,55492,114172,35116,5.9,3.9,18.9,6.6,12.8,16.6,13.5,11.4,7.7,2.8,18.5,17.2,16.0
12086000216,Census Tract 2.16; Miami-Dade County; Florida,65.4,2.9,80.6,9.5,0.0,1.5,32.9,72777,89307,25844,0.7,1.5,4.0,14.1,10.9,28.0,4.2,22.2,8.8,5.6,6.9,17.8,14.3
12086000218,Census Tract 2.18; Miami-Dade County; Florida,62.5,4.8,80.8,8.2,3.8,2.1,30.6,54432,60534,22155,5.5,5.9,13.5,9.5,12.4,21.7,17.3,10.6,2.5,1.1,22.3,38.4,27.1
12086000219,Census Tract 2.19; Miami-Dade County; Florida,67.5,2.2,57.7,7.7,0.5,9.5,31.2,47409,58949,20555,8.5,7.1,4.3,21.3,9.1,25.0,13.1,6.6,3.0,2.2,15.3,28.3,26.5
12086000220,Census Tract 2.20; Miami-Dade County; Florida,60.8,5.0,85.4,3.2,0.9,6.1,33.6,43719,54113,17171,5.4,9.9,12.4,4.5,24.3,24.5,7.3,8.6,1.8,1.4,26.5,35.4,21.5
12086000221,Census Tract 2.21; Miami-Dade County; Florida,61.8,10.9,62.9,9.2,1.8,1.7,24.6,78563,74638,27216,8.7,0.0,1.8,5.0,11.1,18.5,27.8,21.7,3.7,1.8,17.2,26.4,23.8
12086000222,Census Tract 2.22; Miami-Dade County; Florida,74.0,2.5,67.9,4.3,1.5,2.1,32.3,60750,74632,28437,6.4,4.2,7.0,8.6,10.7,26.3,9.1,17.5,4.4,5.9,13.4,22.9,10.5
12086000223,Census Tract 2.23; Miami-Dade County; Florida,59.7,2.2,74.2,10.5,0.0,7.5,31.8,42215,57731,20853,2.1,1.6,0.0,29.2,26.5,14.4,17.8,4.9,2.5,1.0,16.4,15.6,26.6
12086000224,Census Tract 2.24; Miami-Dade County; Florida,72.5,2.3,75.8,3.9,0.0,7.0,30.3,37225,55225,25216,15.8,0.6,18.7,7.6,14.1,14.8,7.9,15.5,3.4,1.6,20.7,18.2,16.1
12086000225,Census Tract 2.25; Miami-Dade County; Florida,67.5,1.3,73.5,4.1,1.6,2.3,27.9,52740,59678,30375,3.1,9.0,9.9,12.2,15.2,19.1,21.5,6.7,0.0,3.3,13.2,27.0,23.5
12086000226,Census Tract 2.26; Miami-Dade County; Florida,40.9,8.2,56.2,0.0,2.8,14.1,18.5,55762,96887,35165,9.3,12.8,11.6,8.4,5.0,9.7,13.3,16.5,6.1,7.3,15.8,18.1,6.8
12086000227,Census Tract 2.27; Miami-Dade County; Florida,60.9,1.4,74.5,6.3,0.9,8.0,34.0,53452,79329,26961,8.4,1.9,17.9,7.7,12.2,10.0,8.2,11.9,11.4,10.4,15.7,37.1,17.9
12086000228,Census Tract 2.28; Miami-Dade County; Florida,63.2,2.4,75.0,5.1,0.7,1.0,31.3,48500,63412,22982,11.3,1.5,7.7,12.0,21.1,13.7,16.2,13.2,1.3,1.9,19.4,19.4,22.1
12086000302,Census Tract 3.02; Miami-Dade County; Florida,67.0,8.5,73.8,4.6,1.4,3.4,26.2,78300,86969,26988,5.7,2.8,3.6,10.5,7.0,19.3,17.5,17.8,11.3,4.7,8.5,14.1,19.6
12086000306,Census Tract 3.06; Miami-Dade County; Florida,60.4,7.9,63.5,15.3,5.1,2.0,35.5,45451,70425,28003,5.3,3.8,11.9,13.1,20.4,13.3,10.5,13.7,1.5,6.5,26.9,25.5,23.9
12086000307,Census Tract 3.07; Miami-Dade County; Florida,49.2,2.6,76.5,1.8,0.0,11.1,32.3,46415,64496,19327,1.7,8.6,5.0,11.8,26.9,17.4,12.7,8.8,4.4,2.7,18.3,40.9,22.3
12086000308,Census Tract 3.08; Miami-Dade County; Florida,62.9,8.6,72.0,2.3,1.1,12.6,28.2,81250,122119,34865,2.5,4.4,0.8,3.2,11.4,25.4,13.5,23.5,7.1,8.2,6.6,22.7,16.4
12086000309,Census Tract 3.09; Miami-Dade County; Florida,52.5,8.0,79.3,15.9,0.4,1.1,28.3,52044,65930,20111,0.0,3.6,5.7,12.6,20.4,26.5,11.6,10.5,9.2,0.0,9.3,22.9,37.0
12086000310,Census Tract 3.10; Miami-Dade County; Florida,47.4,7.6,71.4,0.0,0.0,12.0,28.0,49836,70370,28514,8.6,3.7,19.2,8.5,10.3,17.1,7.8,6.3,15.7,2.9,30.9,42.4,9.7
12086000311,Census Tract 3.11; Miami-Dade County; Florida,51.1,1.7,86.5,0.0,0.0,6.6,36.7,37334,57184,17386,15.2,3.4,0.9,11.7,27.3,6.8,24.3,5.1,2.5,2.8,28.0,43.8,18.0
12086000312,Census Tract 3.12; Miami-Dade County; Florida,48.6,18.1,72.9,4.4,1.9,11.5,31.4,34922,54308,22748,7.6,3.3,11.2,27.9,19.6,9.4,5.6,12.1,1.0,2.3,23.6,17.5,25.5
12086000402,Census Tract 4.02; Miami-Dade County; Florida,47.8,8.6,67.2,4.0,0.0,7.2,28.9,41875,56451,18253,9.4,7.8,12.6,13.1,10.9,15.0,8.7,19.7,2.8,0.0,21.1,25.6,31.6
12086000405,Census Tract 4.05; Miami-Dade County; Florida,55.3,3.7,72.1,6.5,0.0,5.5,31.6,58403,95386,26767,3.3,1.4,17.3,16.9,3.5,24.6,11.9,12.3,4.1,4.7,28.1,17.7,22.4
12086000408,Census Tract 4.08; Miami-Dade County; Florida,50.3,8.4,78.5,5.1,0.7,3.5,35.6,42744,56130,19103,3.3,12.6,15.5,12.0,10.6,17.6,15.3,9.7,1.1,2.2,26.9,52.6,28.8
12086000409,Census Tract 4.09; Miami-Dade County; Florida,60.0,5.7,71.7,8.8,0.0,0.0,39.7,59426,64414,18478,2.4,3.2,10.4,16.9,10.5,17.4,29.3,3.1,5.4,1.3,20.5,39.9,21.8
12086000410,Census Tract 4.10; Miami-Dade County; Florida,55.2,5.8,75.4,2.6,0.0,2.9,25.8,68083,75067,18482,2.8,0.0,11.0,10.0,19.1,9.1,20.9,21.9,2.4,2.8,18.4,32.6,17.9
12086000411,Census Tract 4.11; Miami-Dade County; Florida,63.8,1.9,78.5,5.2,0.6,1.0,25.7,53027,53940,19366,5.9,3.8,13.9,16.1,9.2,26.7,17.3,5.6,1.6,0.0,19.7,38.9,23.2
12086000413,Census Tract 4.13; Miami-Dade County; Florida,58.9,6.2,79.3,4.5,0.0,6.3,25.5,55614,69981,20092,2.5,0.9,8.1,21.7,13.2,18.1,22.2,6.7,1.7,5.0,18.8,28.7,19.0
12086000414,Census Tract 4.14; Miami-Dade County; Florida,58.0,0.5,62.3,5.7,1.4,13.5,30.8,48695,60329,23154,8.8,7.2,10.2,14.1,12.9,21.1,9.0,8.3,8.0,0.4,36.0,26.9,21.6
12086000415,Census Tract 4.15; Miami-Dade County; Florida,63.8,2.5,84.0,4.9,0.0,5.8,33.3,64722,95812,31024,2.4,5.0,14.3,8.1,5.7,16.3,14.0,13.3,5.4,15.6,8.5,19.8,7.9
12086000416,Census Tract 4.16; Miami-Dade County; Florida,44.9,10.5,82.1,8.5,0.0,6.2,27.1,34279,47731,18285,10.5,13.0,14.9,13.0,11.4,9.9,11.5,14.1,0.3,1.4,25.0,53.4,15.8
12086000417,Census Tract 4.17; Miami-Dade County; Florida,58.4,11.7,60.4,22.2,1.3,2.2,37.6,44672,52414,21964,9.2,16.6,9.9,7.2,14.3,13.4,17.4,10.8,1.3,0.0,22.1,35.3,20.7
12086000418,Census Tract 4.18; Miami-Dade County; Florida,49.5,6.9,70.6,3.2,3.9,16.3,29.7,32476,61466,18796,4.6,7.1,20.6,18.7,16.7,11.3,7.2,3.3,0.0,10.4,34.0,43.8,22.5
12086000419,Census Tract 4.19; Miami-Dade County; Florida,59.4,0.2,85.2,2.1,0.7,5.5,37.2,71047,69166,22660,7.9,5.2,19.1,4.7,6.1,14.4,11.7,23.0,4.9,3.0,16.6,38.8,11.3
12086000420,Census Tract 4.20; Miami-Dade County; Florida,33.5,9.7,65.5,8.8,0.0,1.0,35.5,54322,67666,18063,0.7,0.0,8.1,1.5,17.6,35.6,28.8,4.8,2.9,0.0,41.8,14.6,16.7
12086000504,Census Tract 5.04; Miami-Dade County; Florida,59.9,3.7,69.9,4.7,0.5,10.7,22.9,52097,61636,21697,8.9,11.6,3.7,11.0,9.9,24.6,10.3,15.3,3.8,0.8,19.7,38.8,21.0
12086000505,Census Tract 5.05; Miami-Dade County; Florida,66.6,1.3,74.4,0.0,0.9,10.0,28.4,53864,74418,27331,4.2,8.2,15.4,7.8,10.1,17.0,8.7,14.0,5.9,8.8,17.9,52.0,17.7
12086000506,Census Tract 5.06; Miami-Dade County; Florida,53.3,7.5,78.3,0.0,0.0,0.0,33.8,49264,68149,22057,5.1,6.8,11.8,5.5,24.5,8.7,16.5,13.4,2.8,5.0,19.1,19.8,30.6
12086000507,Census Tract 5.07; Miami-Dade County; Florida,51.1,7.0,77.8,0.0,2.2,5.4,25.5,60424,79551,23125,1.4,6.2,3.5,12.0,21.7,13.6,16.8,13.8,5.6,5.4,10.3,45.7,21.4
12086000508,Census Tract 5.08; Miami-Dade County; Florida,53.7,2.2,65.8,2.0,6.0,5.7,24.3,24826,32681,12464,19.6,11.3,19.9,10.8,18.5,12.0,3.3,4.6,0.0,0.0,38.8,60.1,16.4
12086000509,Census Tract 5.09; Miami-Dade County; Florida,44.4,11.3,81.6,2.6,0.0,8.2,34.3,50927,60805,18245,1.9,8.8,15.1,19.9,3.1,19.3,18.6,4.0,9.3,0.0,29.3,68.1,33.3
12086000601,Census Tract 6.01; Miami-Dade County; Florida,61.1,0.9,66.5,1.1,0.0,10.5,30.7,67171,81118,27164,1.5,14.0,9.9,7.4,5.3,15.3,15.1,14.2,12.6,4.7,17.1,32.7,12.2
12086000602,Census Tract 6.02; Miami-Dade County; Florida,59.5,2.7,75.9,0.5,0.3,11.1,26.0,59464,86718,30135,7.1,3.9,3.9,14.1,13.2,12.1,10.9,12.5,14.1,8.2,10.0,18.7,7.1
12086000603,Census Tract 6.03; Miami-Dade County; Florida,64.5,3.4,70.5,2.9,0.8,15.6,29.9,68109,86661,29756,5.6,6.3,9.3,6.2,11.7,15.5,24.0,7.6,6.8,7.1,14.2,30.5,14.6
12086000605,Census Tract 6.05; Miami-Dade County; Florida,49.5,5.4,76.8,0.0,0.5,16.0,28.6,86507,88763,23719,3.2,5.6,6.7,9.5,8.9,11.1,6.9,35.3,10.1,2.7,18.4,47.5,17.5
12086000607,Census Tract 6.07; Miami-Dade County; Florida,50.7,7.5,80.4,1.5,1.5,6.8,28.6,41705,69868,25269,8.0,6.1,10.3,20.2,9.1,14.4,13.9,8.8,3.4,5.7,17.5,45.9,14.2
12086000609,Census Tract 6.09; Miami-Dade County; Florida,60.1,2.6,74.0,0.0,4.1,13.4,24.5,38529,58383,23837,9.9,19.2,8.8,8.0,10.8,12.7,9.3,14.7,4.4,2.1,29.8,59.6,27.1
12086000610,Census Tract 6.10; Miami-Dade County; Florida,60.4,1.8,74.6,0.0,3.4,21.1,36.3,60873,63990,24201,15.3,8.4,9.2,5.2,5.9,21.2,7.8,21.1,5.9,0.0,21.6,34.0,19.9
12086000611,Census Tract 6.11; Miami-Dade County; Florida,59.1,1.4,72.3,4.1,0.2,12.2,28.2,54850,88229,27223,3.5,3.1,9.5,12.2,18.7,10.8,11.2,16.9,3.3,10.8,22.5,31.9,17.8
12086000612,Census Tract 6.12; Miami-Dade County; Florida,61.4,2.9,76.4,3.1,0.7,6.7,29.7,80681,85162,25360,5.8,2.0,13.4,3.5,8.1,13.6,19.3,23.8,2.5,8.0,19.6,40.0,14.7
12086000705,Census Tract 7.05; Miami-Dade County; Florida,61.1,3.2,81.3,0.0,3.1,10.9,20.8,51003,51476,24620,11.9,12.7,6.9,7.0,9.8,33.6,6.6,7.9,1.5,2.0,18.1,45.3,8.4
12086000710,Census Tract 7.10; Miami-Dade County; Florida,64.2,1.8,66.6,2.7,0.4,17.3,25.8,42564,44301,18981,5.2,15.4,12.7,10.5,17.9,24.3,8.1,5.8,0.0,0.0,23.2,67.5,18.0
12086000711,Census Tract 7.11; Miami-Dade County; Florida,53.4,1.2,59.3,4.3,0.0,18.7,26.3,39191,68909,25750,9.0,6.4,13.0,17.3,17.4,16.3,7.5,6.9,1.2,5.1,26.5,53.1,22.0
12086000712,Census Tract 7.12; Miami-Dade County; Florida,58.8,8.9,68.2,1.3,5.7,20.0,25.5,43706,53645,19340,6.2,5.8,11.3,14.2,23.0,22.2,5.2,6.6,3.8,1.7,20.8,41.7,16.0
12086000713,Census Tract 7.13; Miami-Dade County; Florida,51.1,1.6,59.6,0.9,3.8,1.2,29.7,17450,41398,20381,12.5,30.7,16.0,5.2,5.0,6.4,5.7,16.6,1.9,0.0,36.1,40.3,21.4
12086000714,Census Tract 7.14; Miami-Dade County; Florida,52.2,2.5,85.1,0.0,0.0,8.6,28.8,43079,54038,19074,7.8,7.8,20.3,8.1,13.3,13.9,17.1,6.2,2.9,2.7,20.0,55.2,14.8
12086000715,Census Tract 7.15; Miami-Dade County; Florida,55.3,2.9,61.7,2.7,1.5,12.2,41.9,56053,88382,27337,2.9,9.8,4.6,8.7,18.3,18.3,9.8,13.3,9.6,4.7,15.0,31.4,16.2
12086000716,Census Tract 7.16; Miami-Dade County; Florida,50.5,7.1,66.4,4.3,0.0,11.2,29.3,57143,67948,23427,1.9,13.6,12.1,3.8,14.3,9.0,29.8,7.4,4.5,3.6,16.5,34.3,15.7
12086000717,Census Tract 7.17; Miami-Dade County; Florida,58.5,5.2,70.2,0.0,0.0,9.9,27.0,70586,87590,29653,0.0,6.5,12.2,10.8,9.6,16.8,6.1,18.5,15.2,4.4,14.4,27.0,21.0
12086000718,Census Tract 7.18; Miami-Dade County; Florida,66.2,2.1,72.6,0.0,4.4,4.9,29.8,47446,64058,23814,8.6,7.1,2.3,13.4,18.7,35.4,0.0,5.4,3.2,5.8,17.2,31.2,15.2
12086000719,Census Tract 7.19; Miami-Dade County; Florida,52.2,7.3,57.6,0.0,0.0,30.5,25.2,37560,56576,20615,2.9,6.4,26.5,11.5,13.2,17.9,3.3,6.4,10.4,1.5,26.3,43.5,12.6
12086000720,Census Tract 7.20; Miami-Dade County; Florida,52.7,2.9,69.3,0.0,2.9,12.6,27.4,44271,64736,23668,6.8,10.7,13.5,9.7,10.4,16.2,12.1,11.2,6.5,2.9,14.8,47.7,14.8
12086000804,Census Tract 8.04; Miami-Dade County; Florida,51.6,5.3,61.7,5.2,0.0,19.0,32.1,54375,62908,23228,1.3,18.4,9.1,6.7,7.9,26.1,13.8,13.0,1.7,1.9,19.5,40.9,28.1
12086000805,Census Tract 8.05; Miami-Dade County; Florida,53.8,9.2,72.3,0.6,0.9,18.7,26.8,54836,82252,28528,0.8,8.7,6.4,13.3,12.8,19.8,13.2,12.1,5.6,7.4,16.4,43.8,15.2
12086000806,Census Tract 8.06; Miami-Dade County; Florida,49.6,4.1,56.8,2.2,3.4,25.5,34.0,42100,48042,19905,6.8,12.2,13.4,14.0,16.8,19.9,7.2,5.5,4.3,0.0,22.8,51.5,19.6
12086000807,Census Tract 8.07; Miami-Dade County; Florida,60.0,3.0,69.2,2.0,1.2,17.1,24.6,42445,47705,20082,6.6,13.2,15.3,7.6,23.3,13.4,12.3,8.3,0.0,0.0,22.8,41.8,21.3
12086000808,Census Tract 8.08; Miami-Dade County; Florida,58.6,7.5,72.1,0.6,0.6,17.4,29.9,50243,68876,25639,2.4,8.6,14.7,12.3,11.6,20.2,9.8,7.8,8.4,4.3,17.4,50.5,24.4
12086000903,Census Tract 9.03; Miami-Dade County; Florida,56.2,2.5,72.8,5.4,0.5,10.4,27.7,35321,54407,19825,7.4,13.0,20.1,9.0,11.6,8.7,13.4,11.5,5.1,0.0,47.5,53.4,12.9
12086000904,Census Tract 9.04; Miami-Dade County; Florida,52.1,3.8,75.6,6.7,0.0,5.6,36.9,50250,68394,22163,4.4,9.5,15.3,2.5,18.0,13.4,19.1,7.3,6.1,4.3,6.5,27.8,13.1
12086000905,Census Tract 9.05; Miami-Dade County; Florida,55.9,2.9,83.5,2.4,0.0,4.0,29.5,68933,78438,25910,10.3,4.0,6.7,5.0,17.1,8.5,17.2,20.9,2.7,7.7,12.7,37.2,15.9
12086000906,Census Tract 9.06; Miami-Dade County; Florida,53.4,5.3,79.3,4.1,0.0,13.0,27.8,60403,114365,37165,10.0,3.8,3.8,8.1,19.0,16.8,7.9,0.0,16.3,14.3,13.5,27.6,23.0
12086000907,Census Tract 9.07; Miami-Dade County; Florida,49.4,0.0,77.0,2.8,0.0,15.6,33.2,52022,81447,21652,0.0,0.0,0.8,13.9,24.8,32.1,0.8,7.3,15.6,4.8,5.5,37.6,19.2
12086000908,Census Tract 9.08; Miami-Dade County; Florida,52.6,6.6,82.8,2.2,0.0,9.4,33.9,60989,83234,24947,3.5,12.2,7.9,3.0,4.4,29.3,7.7,12.9,6.1,13.1,12.4,41.5,14.5
12086001003,Census Tract 10.03; Miami-Dade County; Florida,56.8,2.9,83.3,0.8,2.0,5.5,26.0,69375,71102,25748,8.6,8.3,9.5,8.7,6.8,9.8,16.4,27.4,2.9,1.7,13.7,36.5,13.1
12086001004,Census Tract 10.04; Miami-Dade County; Florida,60.3,8.5,79.2,5.2,0.0,7.1,26.4,50710,57665,20515,5.7,4.6,8.0,6.3,23.5,25.7,10.4,12.7,3.1,0.0,17.7,52.9,16.7
12086001005,Census Tract 10.05; Miami-Dade County; Florida,34.4,10.0,78.5,9.5,0.0,1.8,28.2,29583,42573,22398,9.5,20.5,16.8,8.3,10.0,17.5,6.6,7.8,2.0,1.2,36.2,44.3,9.5
12086001006,Census Tract 10.06; Miami-Dade County; Florida,53.1,10.9,55.0,22.7,2.3,15.6,34.2,35778,53200,20140,21.3,8.3,9.5,9.9,8.9,17.3,9.2,10.3,1.8,3.6,38.1,45.3,17.4
12086001007,Census Tract 10.07; Miami-Dade County; Florida,49.7,15.9,84.8,4.4,0.0,6.5,29.8,56467,69137,19918,5.4,0.0,9.5,4.3,26.5,17.5,21.3,7.7,7.9,0.0,21.0,28.9,27.3
12086001008,Census Tract 10.08; Miami-Dade County; Florida,67.3,1.1,74.3,13.3,0.0,2.0,30.0,50618,58764,21980,12.0,0.0,9.4,9.4,15.4,31.4,11.1,8.4,0.0,2.9,32.1,39.6,19.9
12086001101,Census Tract 11.01; Miami-Dade County; Florida,68.6,2.4,71.7,5.1,0.2,9.7,31.8,78125,102053,30134,1.5,1.9,6.1,9.3,10.8,18.9,11.8,16.9,14.3,8.5,7.1,18.5,31.6
12086001102,Census Tract 11.02; Miami-Dade County; Florida,46.6,7.0,74.9,1.6,5.0,10.7,25.4,107292,115150,26163,1.7,3.9,5.0,6.1,3.4,14.2,11.6,35.1,4.7,14.3,12.4,17.7,18.4
12086001103,Census Tract 11.03; Miami-Dade County; Florida,59.6,10.5,75.4,3.9,0.0,13.5,30.5,65424,92426,28430,3.6,0.8,7.4,15.6,7.0,24.6,13.4,18.9,1.9,6.8,30.9,37.7,18.7
12086001104,Census Tract 11.04; Miami-Dade County; Florida,68.2,5.2,58.3,0.4,0.6,27.5,24.9,165239,196408,69949,1.6,0.0,1.0,3.6,3.8,11.7,6.8,17.9,18.4,35.1,1.0,3.2,3.6
12086001204,Census Tract 12.04; Miami-Dade County; Florida,61.7,5.1,74.6,3.4,0.8,9.1,34.7,61925,109410,45084,2.6,0.8,14.6,16.2,11.9,13.7,9.5,12.4,6.2,12.0,24.0,20.1,15.6
12086001205,Census Tract 12.05; Miami-Dade County; Florida,67.0,2.5,72.5,0.0,1.6,16.4,32.0,128529,162619,58386,1.2,4.1,0.8,14.1,0.8,6.9,4.1,23.1,15.5,29.4,12.0,8.5,4.8
12086001206,Census Tract 12.06; Miami-Dade County; Florida,61.2,4.4,60.8,0.0,2.5,15.5,23.7,109792,144489,61123,6.0,0.8,3.8,6.7,3.4,10.8,10.1,26.7,7.1,24.5,5.9,7.9,6.4
12086001207,Census Tract 12.07; Miami-Dade County; Florida,60.8,0.0,75.4,0.0,1.5,12.5,38.0,52150,71566,20689,1.4,14.9,9.6,9.4,11.1,17.4,19.7,3.4,8.0,5.1,43.0,1.2,7.5
12086001208,Census Tract 12.08; Miami-Dade County; Florida,67.3,11.2,78.2,5.4,1.7,5.6,36.4,75434,76842,33573,0.0,0.0,4.0,25.3,11.3,7.0,24.5,21.9,2.4,3.7,10.6,23.7,19.2
12086001209,Census Tract 12.09; Miami-Dade County; Florida,71.5,2.5,71.8,14.1,1.1,7.1,43.7,61860,81902,28106,9.7,2.0,11.6,7.9,10.7,19.3,14.9,13.5,5.8,4.5,22.3,26.0,22.2
12086001301,Census Tract 13.01; Miami-Dade County; Florida,73.8,7.5,59.3,7.4,1.1,14.6,29.2,59331,71501,33765,6.2,4.0,8.2,6.6,17.3,19.6,12.0,18.2,5.8,2.0,9.8,11.2,26.1
12086001302,Census Tract 13.02; Miami-Dade County; Florida,65.6,2.7,62.5,0.0,2.2,25.0,24.2,92162,131631,68543,4.6,1.8,1.6,11.3,15.8,10.4,10.2,17.2,15.2,11.7,4.9,5.3,8.7
12086001401,Census Tract 14.01; Miami-Dade County; Florida,47.9,6.2,68.1,14.1,5.4,7.2,33.9,27673,41423,15133,8.3,14.0,18.0,21.2,10.3,12.6,6.6,7.5,0.5,0.9,36.1,51.1,26.5
12086001402,Census Tract 14.02; Miami-Dade County; Florida,63.0,1.2,52.5,9.6,7.1,20.5,28.1,38439,67119,31014,9.1,7.0,11.6,15.3,23.5,17.1,2.8,11.0,0.0,2.6,19.1,33.9,12.9
12086001501,Census Tract 15.01; Miami-Dade County; Florida,48.3,15.6,44.0,28.6,5.0,6.6,34.1,40484,43085,15441,9.3,18.7,8.8,11.7,22.4,12.9,5.6,8.1,2.5,0.0,39.7,75.2,25.9
12086001502,Census Tract 15.02; Miami-Dade County; Florida,49.7,5.4,74.0,9.6,0.0,3.7,30.0,32413,42503,14787,22.8,5.4,8.4,16.3,23.0,5.2,6.1,10.4,2.3,0.1,30.1,58.2,20.3
12086001603,Census Tract 16.03; Miami-Dade County; Florida,57.8,3.5,63.5,1.5,0.0,5.6,35.5,61944,78683,27092,0.0,6.8,12.4,10.3,3.8,21.3,17.5,19.6,2.4,5.8,10.2,22.2,16.1
12086001605,Census Tract 16.05; Miami-Dade County; Florida,54.1,0.0,66.4,0.3,2.2,19.5,28.4,29375,41269,19978,13.3,12.5,13.7,20.3,17.8,11.0,2.9,1.7,5.3,1.4,28.6,57.0,16.6
12086001606,Census Tract 16.06; Miami-Dade County; Florida,59.8,1.6,64.1,2.6,2.8,9.5,23.7,41758,53510,21081,6.6,10.2,12.6,12.9,15.2,14.3,12.9,13.8,1.5,0.0,17.7,44.7,19.6
12086001607,Census Tract 16.07; Miami-Dade County; Florida,59.2,2.1,63.8,4.7,0.4,22.3,30.3,73350,77952,25798,3.4,8.7,10.5,6.3,4.5,18.0,11.6,31.9,3.0,2.1,16.7,61.8,12.9
12086001608,Census Tract 16.08; Miami-Dade County; Florida,65.2,2.2,80.6,0.0,1.9,13.1,25.2,65396,76514,24965,8.0,6.5,5.9,7.8,11.8,16.4,22.0,8.0,11.1,2.6,13.7,44.0,16.7
12086001701,Census Tract 17.01; Miami-Dade County; Florida,49.8,12.1,76.0,9.3,0.0,6.6,35.1,42088,53960,20620,2.7,8.5,15.8,9.4,22.0,18.9,14.0,7.4,0.8,0.5,26.2,38.6,25.0
12086001702,Census Tract 17.02; Miami-Dade County; Florida,51.0,10.6,73.0,8.1,0.0,6.7,31.5,40664,51219,21412,2.2,9.2,13.5,10.6,28.7,19.2,5.6,7.0,3.2,0.7,22.2,35.5,29.6
12086001704,Census Tract 17.04; Miami-Dade County; Florida,47.8,6.4,46.6,14.4,0.0,2.3,31.6,38274,64758,21325,8.9,7.1,17.4,13.5,11.1,10.0,17.4,3.3,0.0,11.3,24.9,41.8,27.6
12086001705,Census Tract 17.05; Miami-Dade County; Florida,64.7,4.2,85.4,4.6,0.4,3.2,27.4,56179,59314,21975,4.5,3.6,18.5,17.8,2.0,25.3,13.4,14.9,0.0,0.0,16.6,49.9,17.2
12086001801,Census Tract 18.01; Miami-Dade County; Florida,49.3,5.8,72.8,4.5,0.0,9.9,25.6,45135,51636,19708,14.2,4.1,13.3,10.7,14.4,28.4,3.9,7.5,1.7,1.8,31.6,23.9,22.6
12086001802,Census Tract 18.02; Miami-Dade County; Florida,57.1,5.5,74.4,3.5,0.0,11.2,29.1,40806,49825,18865,3.3,16.2,9.6,16.1,19.4,14.7,11.8,7.2,0.5,1.2,28.5,41.5,24.6
12086001803,Census Tract 18.03; Miami-Dade County; Florida,51.6,5.3,74.9,19.3,0.0,0.0,31.7,20837,41283,21720,16.0,25.3,22.0,0.9,11.2,10.8,5.5,2.3,1.5,4.4,26.8,59.7,2.8
12086001901,Census Tract 19.01; Miami-Dade County; Florida,49.9,12.2,75.1,11.9,0.0,0.0,26.6,28859,42091,21199,11.9,13.8,11.7,24.8,9.2,14.6,6.8,4.4,0.7,2.1,36.8,52.0,16.1
12086001903,Census Tract 19.03; Miami-Dade County; Florida,58.1,7.4,53.0,35.6,0.0,0.5,36.9,40441,46508,17475,16.6,13.7,16.6,2.4,12.7,14.1,14.7,6.4,2.9,0.0,24.2,45.8,38.7
12086001904,Census Tract 19.04; Miami-Dade County; Florida,52.8,12.3,69.0,4.6,0.0,4.5,31.9,37550,50745,21466,6.5,7.4,19.2,11.3,16.2,20.4,1.6,13.7,3.4,0.4,29.6,36.5,17.3
12086002001,Census Tract 20.01; Miami-Dade County; Florida,43.5,16.1,68.9,9.5,4.2,6.9,29.4,26073,40801,15649,21.3,13.9,10.4,14.9,14.1,9.1,7.7,6.7,1.9,0.0,40.5,45.4,28.4
12086002003,Census Tract 20.03; Miami-Dade County; Florida,43.7,8.2,63.5,17.2,4.0,10.2,32.5,31406,45739,18078,9.9,17.6,16.3,7.3,19.1,10.5,7.6,5.9,4.4,1.5,47.7,45.6,22.4
12086002004,Census Tract 20.04; Miami-Dade County; Florida,58.8,9.7,66.9,15.6,4.1,2.7,32.6,35271,49700,17418,14.4,8.1,13.8,13.0,14.8,16.6,5.7,7.3,6.2,0.0,28.4,34.4,17.6
12086002100,Census Tract 21; Miami-Dade County; Florida,62.3,7.7,47.7,1.6,5.4,34.0,24.6,96833,215250,83828,3.9,0.0,4.1,4.8,6.4,17.5,14.7,7.0,2.9,38.7,10.1,2.9,11.0
12086002201,Census Tract 22.01; Miami-Dade County; Florida,64.4,6.1,61.9,6.1,4.0,9.6,25.3,67271,88262,35262,5.1,0.0,4.7,11.7,13.8,25.9,16.4,14.6,0.5,7.2,17.0,16.6,20.2
12086002202,Census Tract 22.02; Miami-Dade County; Florida,49.4,12.4,65.2,12.9,1.1,6.1,33.0,49685,86501,27284,7.5,7.4,12.8,2.0,22.0,6.2,12.1,18.2,7.9,3.7,24.4,37.4,24.6
12086002300,Census Tract 23; Miami-Dade County; Florida,49.1,8.9,67.2,15.6,3.3,12.9,32.7,39857,60615,21318,12.7,8.5,4.9,9.4,17.0,20.2,6.2,13.1,5.5,2.4,32.2,46.9,15.0
12086002402,Census Tract 24.02; Miami-Dade County; Florida,59.9,9.2,70.2,8.0,8.5,5.9,29.4,43801,56884,20118,5.3,18.0,7.7,10.0,16.6,17.4,9.0,8.0,7.3,0.6,17.8,38.4,28.1
12086002403,Census Tract 24.03; Miami-Dade County; Florida,58.3,4.0,74.0,13.6,1.6,1.2,30.2,57759,59136,20499,4.5,11.5,15.6,3.6,7.7,23.3,21.9,7.2,1.4,3.2,26.7,37.9,23.3
12086002404,Census Tract 24.04; Miami-Dade County; Florida,51.3,10.5,53.6,13.8,7.4,0.0,31.7,23516,34645,15729,16.0,17.5,17.7,13.4,7.8,17.4,5.4,4.8,0.0,0.0,27.1,64.3,18.7
12086002501,Census Tract 25.01; Miami-Dade County; Florida,45.4,8.3,75.0,18.7,0.2,0.1,30.3,32336,44019,15225,0.9,14.7,16.0,22.3,20.8,12.8,5.0,5.6,0.0,1.7,29.4,53.7,21.6
12086002502,Census Tract 25.02; Miami-Dade County; Florida,46.8,9.9,66.9,8.5,0.2,2.3,28.8,47260,56974,19303,3.8,4.8,15.4,15.9,22.7,15.6,4.3,12.6,3.2,1.7,30.6,35.1,28.3
12086002600,Census Tract 26; Miami-Dade County; Florida,72.6,2.7,49.1,8.9,3.1,23.9,29.6,82344,113756,51270,3.1,3.9,6.5,2.2,16.8,13.9,13.8,16.6,8.7,14.5,11.1,27.7,17.9
12086002702,Census Tract 27.02; Miami-Dade County; Florida,73.5,5.9,52.2,6.0,6.7,23.0,25.7,83465,105266,50486,3.8,1.7,6.7,8.3,7.2,17.8,12.1,21.1,15.8,5.6,17.4,8.3,16.3
12086002705,Census Tract 27.05; Miami-Dade County; Florida,68.1,7.9,51.6,0.7,4.3,28.3,31.6,118772,164602,75623,5.4,0.0,0.0,0.0,5.8,30.8,3.3,18.2,6.5,30.1,5.3,19.1,18.7
12086002707,Census Tract 27.07; Miami-Dade County; Florida,87.5,1.4,53.8,1.7,3.5,22.1,36.4,95855,131495,77438,4.6,0.0,3.2,5.0,13.8,12.0,12.2,13.7,14.6,20.9,8.8,3.3,21.5
12086002708,Census Tract 27.08; Miami-Dade County; Florida,80.3,2.1,65.7,1.0,1.7,23.1,26.2,77146,120930,62413,7.0,0.0,6.6,3.9,7.9,21.6,14.6,17.8,8.7,11.9,8.0,8.5,14.8
12086002709,Census Tract 27.09; Miami-Dade County; Florida,85.5,2.6,54.0,0.3,5.7,25.5,22.7,123892,138185,91033,1.4,7.1,1.8,0.3,4.6,11.7,11.7,34.4,8.7,18.2,11.6,0.0,7.3
12086002710,Census Tract 27.10; Miami-Dade County; Florida,68.0,0.9,62.7,8.3,4.6,15.3,21.2,117636,176137,112127,7.5,0.0,3.3,0.6,8.4,23.7,3.0,26.0,7.7,19.8,12.4,3.5,12.8
12086002800,Census Tract 28; Miami-Dade County; Florida,57.4,12.3,43.8,14.8,8.5,14.3,27.6,38200,74649,38336,9.3,14.4,11.3,13.6,7.8,18.3,2.3,11.1,5.4,6.4,44.1,25.5,28.0
12086002900,Census Tract 29; Miami-Dade County; Florida,56.0,9.9,69.0,13.6,5.8,2.6,27.5,42875,57371,19387,6.3,12.4,10.6,12.4,12.0,20.2,9.7,11.3,1.2,3.8,32.1,47.7,20.0
12086003001,Census Tract 30.01; Miami-Dade County; Florida,53.9,2.4,64.3,7.0,8.0,5.2,28.7,43776,62825,29886,19.0,19.8,3.0,2.5,14.5,14.5,7.0,7.5,3.1,9.2,38.3,29.3,26.3
12086003004,Census Tract 30.04; Miami-Dade County; Florida,45.5,0.0,75.6,0.0,10.3,3.6,28.1,35363,41378,20185,10.5,20.7,12.7,5.1,18.1,13.7,14.3,4.5,0.0,0.4,29.5,36.7,16.0
12086003005,Census Tract 30.05; Miami-Dade County; Florida,57.7,3.3,68.4,4.8,8.4,1.7,25.9,35933,54892,25179,9.8,1.7,9.1,19.2,39.6,0.0,8.3,8.6,0.0,3.7,20.3,30.6,26.3
12086003006,Census Tract 30.06; Miami-Dade County; Florida,52.7,6.8,77.3,6.9,2.5,1.9,27.0,39781,52127,19746,7.5,13.3,18.8,8.4,7.9,19.2,4.0,19.4,0.9,0.7,23.2,37.5,25.6
12086003100,Census Tract 31; Miami-Dade County; Florida,46.6,24.4,65.5,6.3,6.7,3.0,25.9,41968,57816,21215,7.6,7.5,15.3,12.7,10.9,12.5,14.4,12.1,6.1,1.0,37.3,48.9,18.6
12086003400,Census Tract 34; Miami-Dade County; Florida,60.9,9.1,51.5,24.8,4.2,8.3,23.9,39210,45688,23780,11.2,8.3,13.3,12.9,24.1,11.1,12.0,1.1,5.8,0.3,25.5,41.6,25.1
12086003603,Census Tract 36.03; Miami-Dade County; Florida,72.7,7.7,59.8,1.5,3.5,10.6,21.7,55194,64205,37397,13.2,2.8,14.1,4.6,13.2,25.4,0.0,21.0,0.0,5.6,15.2,30.4,21.3
12086003604,Census Tract 36.04; Miami-Dade County; Florida,81.0,0.3,48.0,4.9,15.1,9.2,25.2,54031,85621,36819,8.9,7.2,5.2,1.8,22.9,21.9,16.3,3.7,3.5,8.6,12.9,26.9,22.1
12086003605,Census Tract 36.05; Miami-Dade County; Florida,62.3,1.6,57.7,12.7,7.3,7.1,27.5,22433,75758,46005,3.1,25.2,21.9,7.7,6.7,9.7,8.0,4.2,6.7,6.7,36.1,45.7,18.5
12086003606,Census Tract 36.06; Miami-Dade County; Florida,54.3,7.3,56.3,7.3,7.1,4.0,34.5,27564,42902,28261,11.6,26.7,10.3,10.3,11.9,6.8,10.3,10.6,1.5,0.0,33.5,50.1,15.4
12086003607,Census Tract 36.07; Miami-Dade County; Florida,63.2,15.8,62.2,2.4,5.6,9.5,23.3,34926,91087,45177,12.7,11.2,9.7,16.5,17.2,16.3,1.2,9.5,0.7,4.9,29.2,29.8,15.6
12086003703,Census Tract 37.03; Miami-Dade County; Florida,85.4,4.3,34.4,6.7,11.2,36.5,24.1,135074,187091,108978,4.4,0.0,3.3,2.5,2.4,8.3,13.2,21.7,16.2,27.8,5.9,5.4,14.8
12086003704,Census Tract 37.04; Miami-Dade County; Florida,81.5,0.0,43.6,6.2,19.3,13.1,20.4,61311,67191,48400,11.1,9.5,7.3,8.4,6.1,15.8,17.3,11.3,11.3,2.0,17.7,14.4,5.7
12086003705,Census Tract 37.05; Miami-Dade County; Florida,88.2,2.1,48.2,2.0,18.3,20.2,19.5,108906,161061,91542,3.8,0.0,0.0,5.9,1.5,20.4,16.7,7.7,21.3,22.7,4.6,5.6,8.9
12086003706,Census Tract 37.06; Miami-Dade County; Florida,42.7,2.7,33.4,16.9,7.1,27.4,25.6,66545,75161,26640,8.3,0.0,10.4,5.1,10.3,22.1,11.5,24.0,5.2,3.2,9.0,6.7,18.9
12086003707,Census Tract 37.07; Miami-Dade County; Florida,82.2,3.9,51.7,9.4,5.1,29.9,23.6,115521,125760,90034,4.8,6.6,3.5,1.3,3.2,8.8,18.2,20.4,16.7,16.5,12.5,8.5,10.0
12086003708,Census Tract 37.08; Miami-Dade County; Florida,71.3,1.5,45.6,2.1,12.9,32.5,21.8,87768,174850,100017,7.0,0.0,0.0,6.4,2.3,26.4,11.1,10.5,15.2,21.1,8.6,2.8,4.8
12086003709,Census Tract 37.09; Miami-Dade County; Florida,88.1,0.0,55.1,17.6,6.8,7.0,26.2,67130,91131,55010,0.5,0.0,0.0,7.1,17.2,40.7,4.1,10.2,9.9,10.2,0.6,0.9,26.1
12086003710,Census Tract 37.10; Miami-Dade County; Florida,73.6,7.8,51.5,6.4,5.9,25.9,18.4,105679,143495,68217,6.0,4.3,2.6,3.1,5.5,11.2,13.4,21.9,14.2,17.7,17.0,6.9,21.4
12086003801,Census Tract 38.01; Miami-Dade County; Florida,67.7,4.7,59.6,2.0,2.9,24.0,30.4,84357,140136,53785,9.1,1.9,4.7,6.1,10.0,14.5,7.5,15.6,8.6,21.9,7.1,5.7,12.6
12086003803,Census Tract 38.03; Miami-Dade County; Florida,49.0,8.7,57.4,1.0,4.4,20.7,34.3,91061,266606,116504,9.4,3.7,3.7,4.0,8.0,11.9,13.2,9.5,6.0,30.5,18.0,3.2,14.5
12086003804,Census Tract 38.04; Miami-Dade County; Florida,61.0,3.1,65.2,6.5,2.4,17.6,31.9,88938,147151,54623,11.9,3.3,4.6,7.1,6.7,9.1,11.1,10.6,11.8,23.8,15.4,7.2,9.7
12086003906,Census Tract 39.06; Miami-Dade County; Florida,63.4,2.0,68.5,0.0,0.8,16.5,25.1,191786,363210,134194,4.1,0.0,2.2,4.4,3.8,3.2,4.5,11.9,23.0,42.8,4.5,0.6,5.2
12086003909,Census Tract 39.09; Miami-Dade County; Florida,59.7,2.3,59.6,7.8,2.4,25.8,27.0,43431,77392,43822,11.9,12.8,11.5,7.7,10.8,20.6,10.7,6.9,3.9,3.2,25.0,27.0,17.6
12086003911,Census Tract 39.11; Miami-Dade County; Florida,71.8,8.0,55.5,21.2,4.6,7.5,34.3,48205,67001,32794,1.8,5.2,17.6,14.3,12.9,23.4,3.3,12.0,6.9,2.4,24.4,12.8,29.5
12086003912,Census Tract 39.12; Miami-Dade County; Florida,69.6,5.5,46.2,20.5,4.3,11.8,29.8,58318,90157,36355,16.6,1.9,5.0,6.7,12.1,16.1,12.0,15.2,6.4,8.0,11.3,29.2,23.2
12086003913,Census Tract 39.13; Miami-Dade County; Florida,59.2,5.2,64.2,9.6,4.0,12.5,29.7,45369,79932,40635,0.8,10.8,5.6,16.6,18.3,12.9,7.6,6.6,16.7,4.1,16.1,17.3,21.4
12086003914,Census Tract 39.14; Miami-Dade County; Florida,62.3,3.1,44.7,10.5,2.6,23.7,30.7,53003,120301,73242,3.2,11.9,5.8,10.7,14.1,14.9,7.7,11.0,5.1,15.5,16.9,12.8,21.5
12086003915,Census Tract 39.15; Miami-Dade County; Florida,70.3,6.1,51.7,3.3,4.0,13.1,34.0,63542,104241,46692,1.8,3.3,6.3,14.8,11.5,16.3,14.5,10.9,9.8,10.9,4.9,11.2,22.0
12086003916,Census Tract 39.16; Miami-Dade County; Florida,67.9,2.2,46.0,12.4,0.0,20.8,36.5,68154,90759,40595,4.8,5.5,13.5,3.7,7.4,21.7,12.0,16.1,7.1,8.3,17.4,24.1,15.3
12086003917,Census Tract 39.17; Miami-Dade County; Florida,70.1,4.0,52.8,1.1,0.0,23.3,30.1,74241,89948,37975,5.2,5.9,2.6,3.7,11.2,21.9,22.9,13.7,3.8,9.2,8.7,15.5,16.8
12086003918,Census Tract 39.18; Miami-Dade County; Florida,78.7,3.6,68.1,2.7,0.0,18.5,34.0,87500,98684,46628,4.1,3.5,1.1,5.8,7.6,21.5,9.9,27.9,14.7,3.9,8.2,3.2,12.8
12086003919,Census Tract 39.19; Miami-Dade County; Florida,63.8,4.2,38.4,5.2,0.5,47.7,23.8,97167,156525,77719,7.5,1.3,8.0,3.6,3.1,22.5,4.9,12.0,16.6,20.4,7.4,1.1,5.8
12086003921,Census Tract 39.21; Miami-Dade County; Florida,54.3,4.6,41.3,6.6,0.7,43.4,36.6,104453,273674,122312,8.0,2.2,2.0,7.8,8.0,6.5,11.2,13.0,12.2,29.2,5.9,1.1,10.0
12086003922,Census Tract 39.22; Miami-Dade County; Florida,57.2,5.0,41.8,11.8,6.2,33.1,26.8,120481,238122,100529,2.1,3.4,1.8,3.3,13.2,10.9,7.8,19.5,8.9,29.1,5.1,4.0,11.1
12086004000,Census Tract 40; Miami-Dade County; Florida,61.8,2.9,58.5,3.0,4.4,29.9,23.0,153229,273145,92035,5.1,1.0,4.7,2.1,6.4,7.6,8.6,13.8,6.9,43.8,4.7,7.4,2.0
12086004102,Census Tract 41.02; Miami-Dade County; Florida,57.6,0.0,52.7,0.0,3.2,36.2,22.1,189605,372803,185959,2.5,0.8,5.6,2.4,2.0,7.1,9.5,12.9,8.6,48.7,4.3,0.6,7.5
12086004103,Census Tract 41.03; Miami-Dade County; Florida,54.1,2.5,62.2,3.2,16.3,10.3,26.3,47837,110552,65378,6.7,11.3,15.6,8.4,9.8,8.8,7.3,6.3,14.6,11.2,21.1,31.8,13.1
12086004105,Census Tract 41.05; Miami-Dade County; Florida,68.7,2.4,34.2,6.7,9.5,16.5,20.0,-666666666,109020,68518,10.3,0.8,3.1,8.3,23.9,13.0,2.5,23.8,2.7,11.6,15.8,2.2,13.5
12086004106,Census Tract 41.06; Miami-Dade County; Florida,68.8,1.4,62.1,0.9,4.0,24.0,21.0,181375,363673,150489,4.8,0.0,1.7,1.2,1.5,7.4,5.8,20.0,12.9,44.6,4.0,2.1,4.6
12086004204,Census Tract 42.04; Miami-Dade County; Florida,71.9,6.0,34.0,4.9,8.9,17.5,25.2,41263,84675,55633,10.5,2.3,13.9,13.9,27.2,3.2,6.7,9.0,1.7,11.6,23.7,11.8,31.9
12086004205,Census Tract 42.05; Miami-Dade County; Florida,74.4,4.6,26.1,1.0,35.9,22.5,20.5,59028,126145,81589,8.9,1.9,13.0,3.9,12.4,11.2,16.8,4.4,14.1,13.4,14.9,8.3,32.7
12086004206,Census Tract 42.06; Miami-Dade County; Florida,68.3,1.1,66.5,0.8,10.8,11.2,21.6,64896,93749,46429,5.9,9.7,1.5,18.0,3.3,17.7,7.1,25.7,0.8,10.3,38.2,31.3,2.8
12086004207,Census Tract 42.07; Miami-Dade County; Florida,72.5,2.3,36.5,6.8,4.9,27.2,22.0,75750,159448,80871,8.0,2.9,5.4,11.6,5.6,15.9,3.0,11.5,21.0,14.9,10.5,6.9,9.5
12086004208,Census Tract 42.08; Miami-Dade County; Florida,68.3,6.1,43.2,6.9,2.1,23.5,25.3,80318,124084,87671,4.2,4.9,16.0,2.5,9.3,11.6,12.4,10.5,7.2,21.4,11.8,8.2,15.7
12086004301,Census Tract 43.01; Miami-Dade County; Florida,70.7,2.3,51.6,1.5,5.5,31.4,27.6,77308,145341,83144,4.2,1.8,5.3,8.1,8.1,21.7,15.5,12.1,5.2,18.0,10.2,3.9,17.5
12086004303,Census Tract 43.03; Miami-Dade County; Florida,80.6,0.7,29.0,10.1,16.8,5.4,23.8,50945,61581,33574,6.0,4.8,9.0,13.9,15.2,24.4,13.7,8.8,0.0,4.2,22.4,15.4,43.3
12086004304,Census Tract 43.04; Miami-Dade County; Florida,79.9,0.0,43.4,7.4,7.2,14.1,23.5,74411,104118,65113,7.0,5.8,10.3,5.8,10.4,12.6,10.3,15.4,9.4,13.0,16.3,8.1,23.7
12086004403,Census Tract 44.03; Miami-Dade County; Florida,66.0,6.1,47.4,1.0,22.1,17.1,19.4,50453,84089,48740,7.7,2.1,13.5,5.5,20.4,15.3,17.8,9.0,3.2,5.5,16.7,7.3,24.4
12086004404,Census Tract 44.04; Miami-Dade County; Florida,49.0,6.6,33.5,0.7,10.6,36.0,23.5,40744,70349,48114,8.9,22.3,11.1,4.3,10.2,18.0,7.0,5.1,6.0,7.1,35.0,31.6,19.7
12086004405,Census Tract 44.05; Miami-Dade County; Florida,60.4,2.3,23.1,5.8,24.9,12.4,18.7,48292,94900,53602,7.4,12.3,17.8,4.8,13.1,18.4,7.2,9.8,1.8,7.5,20.7,32.3,35.0
12086004406,Census Tract 44.06; Miami-Dade County; Florida,71.8,8.2,53.3,1.5,7.1,23.2,21.9,67614,124345,80453,4.5,6.3,12.9,9.8,5.1,15.1,5.9,12.4,7.3,20.6,9.5,14.9,19.1
12086004500,Census Tract 45; Miami-Dade County; Florida,43.0,3.0,53.1,0.0,10.9,29.9,25.9,87115,299615,157746,7.6,11.0,8.3,3.8,5.7,13.1,2.4,8.6,7.5,32.0,15.2,21.8,9.2
12086004602,Census Tract 46.02; Miami-Dade County; Florida,65.2,2.0,56.0,4.5,3.3,25.2,24.9,250001,418757,116324,1.5,0.0,1.1,1.5,0.7,7.1,7.9,10.5,5.8,63.8,5.3,1.9,3.3
12086004605,Census Tract 46.05; Miami-Dade County; Florida,58.9,5.4,56.9,1.7,0.5,31.0,24.3,146719,215531,87182,7.1,1.6,7.3,0.6,8.3,9.4,3.6,12.7,4.4,45.1,8.5,0.9,2.3
12086004607,Census Tract 46.07; Miami-Dade County; Florida,47.3,3.6,50.2,0.0,3.6,42.4,23.0,170682,269188,95252,5.6,1.6,5.6,3.4,2.5,14.4,9.6,5.9,4.8,46.6,9.6,0.8,2.0
12086004608,Census Tract 46.08; Miami-Dade County; Florida,60.2,2.6,57.6,0.8,2.6,31.2,20.5,99000,178654,76209,4.2,3.1,7.2,4.2,4.0,8.9,19.0,11.8,9.9,27.6,7.4,5.3,4.0
12086004701,Census Tract 47.01; Miami-Dade County; Florida,57.5,2.4,70.7,0.0,0.9,16.7,27.5,90194,133097,57108,3.4,12.9,5.0,5.4,6.3,12.5,10.1,13.5,6.4,24.5,12.2,7.6,10.6
12086004703,Census Tract 47.03; Miami-Dade County; Florida,61.5,0.7,70.1,1.3,0.4,12.2,29.3,90137,116924,41950,0.9,4.7,6.5,7.4,12.4,9.1,14.9,24.8,8.2,11.1,13.6,21.6,8.7
12086004704,Census Tract 47.04; Miami-Dade County; Florida,72.6,3.5,79.4,1.3,3.5,8.8,23.9,72569,89330,31942,3.5,8.7,5.2,7.6,10.4,16.7,16.4,15.5,7.0,9.0,9.3,12.1,17.7
12086004705,Census Tract 47.05; Miami-Dade County; Florida,73.4,0.9,65.3,1.4,3.3,25.3,24.7,72778,118741,56080,1.5,3.1,13.2,7.4,12.2,13.6,0.5,33.6,2.6,12.3,5.6,23.8,4.4
12086004901,Census Tract 49.01; Miami-Dade County; Florida,64.1,3.9,64.1,3.6,3.8,10.6,25.0,58807,63780,28539,4.2,6.9,5.6,9.3,15.2,21.3,28.3,5.2,3.5,0.5,18.7,28.3,16.5
12086004903,Census Tract 49.03; Miami-Dade County; Florida,65.3,0.0,70.7,0.8,0.5,8.8,25.6,46849,62223,26874,5.6,13.1,1.6,9.6,22.4,14.3,12.2,16.0,2.6,2.7,14.3,25.3,19.7
12086004904,Census Tract 49.04; Miami-Dade County; Florida,61.0,1.0,72.7,8.2,3.7,1.9,26.6,58735,60791,22425,0.0,10.6,7.3,16.9,5.8,30.3,14.5,9.1,5.5,0.0,13.1,24.9,14.8
12086005002,Census Tract 50.02; Miami-Dade County; Florida,55.7,6.2,80.5,5.5,0.6,8.4,29.6,62400,77559,30568,8.4,5.4,10.6,8.9,9.8,16.2,8.6,23.8,3.7,4.5,11.9,28.9,17.8
12086005003,Census Tract 50.03; Miami-Dade County; Florida,64.7,4.0,53.4,19.8,0.0,7.1,30.1,60913,65933,24222,9.5,0.0,11.8,6.5,19.0,18.0,11.9,17.6,4.8,0.9,25.7,37.2,32.0
12086005004,Census Tract 50.04; Miami-Dade County; Florida,52.0,4.3,71.9,2.5,0.0,12.2,29.0,52813,137071,45654,0.0,5.4,8.2,10.4,23.6,25.1,5.8,10.8,4.6,6.1,18.5,40.1,7.6
12086005102,Census Tract 51.02; Miami-Dade County; Florida,57.9,0.7,60.5,4.0,0.0,16.4,26.6,32917,84400,41981,6.9,27.6,12.3,4.8,5.1,8.5,6.1,9.1,11.4,8.0,36.5,48.1,20.8
12086005103,Census Tract 51.03; Miami-Dade County; Florida,60.8,2.5,77.8,1.6,2.2,7.0,29.1,34474,57725,22510,8.9,19.1,9.1,13.6,11.7,13.1,9.1,8.3,3.2,3.7,17.1,37.8,34.7
12086005104,Census Tract 51.04; Miami-Dade County; Florida,63.5,3.7,73.0,5.2,0.6,6.6,30.4,34233,45325,20387,5.5,17.8,9.5,19.9,17.4,12.2,6.4,9.7,0.9,0.7,31.3,32.8,22.1
12086005201,Census Tract 52.01; Miami-Dade County; Florida,66.8,2.8,56.6,11.8,2.7,2.5,31.8,40479,52730,22732,9.4,11.4,21.3,0.9,15.7,18.0,3.8,13.5,6.1,0.0,18.3,42.5,29.8
12086005202,Census Tract 52.02; Miami-Dade County; Florida,59.7,3.7,50.2,8.4,15.2,6.0,28.7,37423,44719,17614,5.9,9.0,21.0,11.9,19.6,16.2,10.5,3.2,2.7,0.0,18.0,44.6,35.2
12086005303,Census Tract 53.03; Miami-Dade County; Florida,67.2,4.0,52.5,15.5,4.6,1.8,30.8,36408,60667,24218,3.4,10.8,15.1,15.9,17.4,9.9,10.6,6.0,7.5,3.5,24.0,38.1,39.8
12086005304,Census Tract 53.04; Miami-Dade County; Florida,65.0,8.3,56.7,9.5,7.8,9.7,31.7,35841,47139,21582,7.0,16.7,11.5,13.7,16.2,15.7,9.0,5.1,5.0,0.0,25.2,32.0,36.9
12086005305,Census Tract 53.05; Miami-Dade County; Florida,64.7,8.1,60.7,23.9,4.2,1.8,27.9,28460,40455,20874,11.0,16.9,20.4,8.1,16.2,8.2,17.7,0.0,0.0,1.6,43.0,47.0,20.7
12086005306,Census Tract 53.06; Miami-Dade County; Florida,53.7,3.8,45.9,29.3,2.2,0.2,31.5,28611,35939,17500,13.3,7.5,27.1,9.6,4.7,29.8,5.2,2.9,0.0,0.0,26.2,38.0,37.2
12086005403,Census Tract 54.03; Miami-Dade County; Florida,58.0,5.3,77.4,4.0,2.9,2.2,28.1,54010,70187,20661,3.2,1.0,11.8,21.3,9.7,16.8,11.0,16.0,5.7,3.4,26.7,20.9,25.1
12086005405,Census Tract 54.05; Miami-Dade County; Florida,68.3,3.8,79.7,6.6,2.5,2.8,29.0,47583,56363,20876,6.6,0.0,10.0,16.9,21.1,22.3,11.4,7.9,3.3,0.4,23.6,31.8,26.8
12086005406,Census Tract 54.06; Miami-Dade County; Florida,58.1,2.8,52.7,7.7,10.1,13.1,25.9,43020,180310,69105,6.5,9.2,16.7,11.0,17.8,12.5,6.0,3.0,3.4,13.9,27.1,40.4,27.0
12086005407,Census Tract 54.07; Miami-Dade County; Florida,60.1,2.8,56.1,2.2,3.3,6.8,34.0,40057,52921,20859,4.6,9.9,14.6,11.9,22.0,17.4,9.4,3.5,6.8,0.0,21.7,30.2,21.3
12086005409,Census Tract 54.09; Miami-Dade County; Florida,55.4,7.1,66.9,8.6,2.7,5.2,31.8,22091,37426,20149,16.2,23.9,11.8,5.9,11.2,19.7,4.1,6.4,0.7,0.0,43.0,57.4,31.6
12086005410,Census Tract 54.10; Miami-Dade County; Florida,51.7,12.9,64.6,19.6,2.2,7.3,37.5,28423,39356,16464,8.9,13.3,19.8,14.9,16.8,11.6,12.1,1.6,0.0,1.0,42.9,46.4,18.4
12086005503,Census Tract 55.03; Miami-Dade County; Florida,64.3,4.1,70.1,11.7,0.0,8.5,29.4,50472,62032,21316,0.0,8.5,5.9,12.0,22.1,26.7,9.8,8.8,6.1,0.0,17.8,24.2,14.4
12086005504,Census Tract 55.04; Miami-Dade County; Florida,55.4,7.8,80.2,0.0,0.0,11.1,25.1,65872,61156,22030,4.8,12.1,19.7,5.7,3.9,17.5,18.5,13.3,3.2,1.2,20.7,32.1,6.1
12086005505,Census Tract 55.05; Miami-Dade County; Florida,51.5,1.6,74.3,2.9,4.6,4.4,32.7,46442,62661,22994,10.7,16.5,15.4,2.0,6.9,16.3,2.5,23.3,4.7,1.8,23.2,40.4,16.5
12086005506,Census Tract 55.06; Miami-Dade County; Florida,55.0,5.1,80.9,0.0,1.7,0.8,27.4,53554,68077,25070,3.5,4.6,15.6,8.9,13.2,25.4,5.2,16.4,3.0,4.4,20.1,34.1,20.9
12086005600,Census Tract 56; Miami-Dade County; Florida,59.8,3.4,78.5,0.9,1.0,8.6,29.1,49782,72824,30687,7.7,4.3,15.4,8.8,14.2,12.8,13.3,12.0,5.7,5.8,11.0,26.9,17.3
12086005701,Census Tract 57.01; Miami-Dade County; Florida,56.7,2.9,70.9,7.2,0.0,11.6,30.3,58204,72129,29891,5.3,20.3,9.0,6.6,6.4,13.7,11.3,11.5,10.0,5.8,20.1,35.0,15.5
12086005705,Census Tract 57.05; Miami-Dade County; Florida,64.9,5.4,67.9,5.3,6.0,6.7,25.7,41266,57077,26245,7.5,13.3,10.2,7.9,25.9,13.9,14.1,3.9,0.0,3.3,19.0,34.1,14.1
12086005706,Census Tract 57.06; Miami-Dade County; Florida,64.1,3.8,83.7,4.2,0.0,8.7,26.1,59779,72849,34575,8.6,17.7,2.9,5.4,6.4,22.2,11.0,5.4,17.2,3.0,27.3,24.7,10.4
12086005707,Census Tract 57.07; Miami-Dade County; Florida,67.1,1.7,80.5,2.0,0.9,5.6,31.3,42143,55107,24523,12.7,0.9,18.9,2.2,27.8,10.5,17.7,4.4,0.0,5.0,15.6,42.5,14.0
12086005708,Census Tract 57.08; Miami-Dade County; Florida,55.2,7.0,71.9,5.1,3.7,9.0,27.6,51667,61442,23393,0.0,7.6,9.1,6.7,25.8,15.3,13.0,20.2,2.2,0.0,11.8,29.8,10.9
12086005803,Census Tract 58.03; Miami-Dade County; Florida,67.0,4.5,80.9,0.8,0.0,11.2,29.0,59891,74246,24438,6.1,2.8,8.0,6.9,13.1,17.8,16.9,20.2,7.0,1.1,12.5,25.8,15.0
12086005804,Census Tract 58.04; Miami-Dade County; Florida,46.4,5.2,72.9,0.4,0.0,16.3,27.2,55747,81753,26914,3.6,11.6,6.5,17.5,7.5,18.6,5.7,17.9,2.3,8.7,15.2,25.5,13.2
12086005805,Census Tract 58.05; Miami-Dade County; Florida,63.1,1.7,64.9,2.8,0.5,25.5,23.1,69824,102640,34189,0.0,9.0,8.6,11.8,4.0,22.5,4.2,14.9,11.0,14.1,6.5,30.3,9.4
12086005806,Census Tract 58.06; Miami-Dade County; Florida,64.7,1.1,71.4,1.4,4.7,8.6,28.4,67885,84546,32822,3.1,2.1,8.1,9.7,20.3,10.4,7.9,20.1,16.7,1.6,4.4,25.8,14.8
12086005901,Census Tract 59.01; Miami-Dade County; Florida,59.0,2.2,72.3,1.5,2.3,18.7,25.3,58095,93240,35643,1.7,3.8,12.8,5.9,16.4,14.9,7.7,17.6,9.1,10.1,20.1,17.1,12.6
12086005902,Census Tract 59.02; Miami-Dade County; Florida,57.1,0.0,82.0,1.9,1.2,14.9,28.4,61208,82814,31081,2.6,3.6,8.2,19.6,12.8,11.8,14.1,13.7,5.2,8.6,16.6,19.7,10.5
12086005903,Census Tract 59.03; Miami-Dade County; Florida,56.2,2.8,75.4,0.9,0.0,9.4,25.5,57549,68478,23978,3.4,6.1,13.1,6.8,14.2,18.6,14.3,16.7,5.2,1.6,17.2,42.4,8.4
12086005904,Census Tract 59.04; Miami-Dade County; Florida,58.4,4.0,64.8,1.4,0.0,19.0,28.8,60495,80671,30772,9.0,5.9,11.3,5.4,8.9,14.7,9.1,25.1,3.1,7.5,16.9,17.1,8.9
12086006002,Census Tract 60.02; Miami-Dade County; Florida,69.5,2.2,78.1,1.2,0.4,11.6,22.4,81019,107824,34112,1.9,4.3,5.3,5.2,5.6,13.7,24.2,13.1,9.8,16.9,8.3,19.3,7.2
12086006003,Census Tract 60.03; Miami-Dade County; Florida,66.1,5.6,57.8,1.9,0.0,36.1,24.9,152726,155895,53565,0.0,2.8,9.4,5.8,3.8,6.9,9.6,9.9,29.8,22.0,2.3,21.9,5.4
12086006004,Census Tract 60.04; Miami-Dade County; Florida,57.1,3.2,74.0,0.8,0.0,17.6,31.5,125667,149256,56080,0.0,1.9,8.2,2.1,14.9,5.9,11.7,11.4,22.1,21.7,5.2,2.1,4.6
12086006103,Census Tract 61.03; Miami-Dade County; Florida,62.6,1.5,72.3,0.0,0.0,14.0,29.5,183088,313705,117604,0.0,2.7,1.0,6.0,0.0,1.5,10.0,8.5,22.0,48.2,2.3,2.3,0.0
12086006104,Census Tract 61.04; Miami-Dade County; Florida,54.7,1.8,61.3,1.2,2.7,22.0,22.5,175528,235605,103656,2.9,4.9,2.7,1.1,5.3,12.2,9.2,7.9,13.2,40.6,5.2,1.7,4.7
12086006105,Census Tract 61.05; Miami-Dade County; Florida,60.5,3.3,66.3,0.0,0.9,26.0,27.8,181346,202242,71956,1.8,0.6,5.5,0.9,7.8,6.0,9.7,12.7,11.9,42.9,6.4,3.1,5.7
12086006106,Census Tract 61.06; Miami-Dade County; Florida,56.5,1.5,54.2,0.0,0.0,31.3,21.5,138462,166287,63014,3.3,3.6,8.7,1.5,2.3,7.8,7.7,17.0,12.9,35.3,5.1,5.9,4.0
12086006201,Census Tract 62.01; Miami-Dade County; Florida,64.8,4.0,67.4,4.7,1.6,16.1,37.3,57525,93035,45554,3.4,14.4,6.9,10.4,9.3,16.8,8.2,18.1,3.5,9.1,12.8,18.2,15.4
12086006203,Census Tract 62.03; Miami-Dade County; Florida,67.3,2.8,61.1,2.5,9.0,20.2,25.5,97706,135790,79018,5.6,5.3,5.6,1.8,5.9,15.0,16.5,15.1,9.2,20.2,13.1,4.0,4.1
12086006205,Census Tract 62.05; Miami-Dade County; Florida,67.0,4.2,76.6,0.6,2.1,12.4,26.2,80927,106925,66300,8.9,1.1,12.9,5.3,10.1,9.6,18.6,13.5,4.7,15.4,14.6,10.1,15.7
12086006206,Census Tract 62.06; Miami-Dade County; Florida,71.6,3.0,53.7,1.2,9.3,31.3,22.2,124688,188425,91365,3.9,2.0,3.4,7.5,6.9,6.6,8.6,16.0,17.2,27.8,7.9,5.6,3.1
12086006302,Census Tract 63.02; Miami-Dade County; Florida,61.4,10.6,65.1,3.7,1.1,11.8,25.7,77772,91064,34201,5.8,1.7,14.5,5.6,7.3,14.6,19.8,15.0,4.2,11.4,17.7,22.4,10.1
12086006303,Census Tract 63.03; Miami-Dade County; Florida,53.7,0.9,72.2,3.3,2.7,13.6,30.6,50917,69041,32441,10.0,20.4,8.5,5.7,5.1,10.3,17.5,9.3,9.5,3.7,18.4,45.7,8.7
12086006304,Census Tract 63.04; Miami-Dade County; Florida,62.7,1.2,76.3,8.3,8.7,3.1,30.8,45676,56985,24952,8.3,6.0,15.7,4.6,17.6,22.0,13.5,5.5,6.6,0.3,23.0,32.9,15.0
12086006401,Census Tract 64.01; Miami-Dade County; Florida,56.6,9.0,64.9,3.9,6.6,5.1,24.6,41667,76313,31099,15.1,15.4,9.4,4.5,10.3,9.6,4.5,18.0,2.7,10.6,17.8,36.3,11.0
12086006402,Census Tract 64.02; Miami-Dade County; Florida,68.7,2.2,77.2,2.2,0.5,14.8,27.4,66042,96842,40068,9.9,5.1,5.2,15.5,8.9,13.3,7.9,8.7,10.9,14.4,26.7,20.9,17.7
12086006403,Census Tract 64.03; Miami-Dade County; Florida,51.5,2.2,63.4,6.6,1.7,21.4,26.3,36786,81643,41414,5.3,0.5,16.0,23.7,8.5,16.9,10.2,5.7,1.7,11.4,6.1,15.5,21.7
12086006501,Census Tract 65.01; Miami-Dade County; Florida,60.7,1.3,80.2,1.2,0.0,14.7,28.4,70563,89976,34554,2.6,3.6,9.4,4.5,16.8,28.9,5.8,13.5,9.8,5.1,8.0,15.2,11.1
12086006503,Census Tract 65.03; Miami-Dade County; Florida,70.4,4.6,61.3,10.5,0.0,15.6,39.6,93233,120427,45515,4.3,1.5,9.7,5.1,7.1,13.0,17.7,16.1,9.6,15.8,11.8,15.9,12.6
12086006504,Census Tract 65.04; Miami-Dade County; Florida,60.9,2.0,70.4,8.1,0.5,13.1,20.9,89459,118284,49055,4.1,0.5,6.8,16.4,4.2,8.4,15.7,20.8,7.4,15.8,15.4,11.4,12.1
12086006603,Census Tract 66.03; Miami-Dade County; Florida,69.7,2.0,54.9,7.7,8.0,11.8,27.0,40532,59730,29916,12.2,10.5,12.2,13.2,13.0,10.6,7.4,12.7,4.3,3.9,30.1,27.4,8.9
12086006604,Census Tract 66.04; Miami-Dade County; Florida,72.0,1.0,43.1,15.4,25.4,16.0,23.6,57209,83753,52954,8.0,6.0,20.3,0.0,5.1,24.8,10.4,14.4,3.1,7.9,18.2,20.7,1.8
12086006605,Census Tract 66.05; Miami-Dade County; Florida,76.3,0.0,32.9,6.1,10.0,46.0,23.0,118750,132261,80646,6.7,9.5,6.2,1.3,0.0,11.3,8.4,17.8,27.4,11.4,12.8,17.0,5.0
12086006606,Census Tract 66.06; Miami-Dade County; Florida,87.0,4.2,52.3,36.4,7.1,0.0,32.8,37480,63623,27365,0.9,2.6,36.2,0.0,22.8,6.5,6.5,4.1,19.2,1.2,33.4,25.0,58.7
12086006607,Census Tract 66.07; Miami-Dade County; Florida,72.5,1.1,70.3,6.3,1.8,9.9,26.8,80803,78788,34744,3.7,1.2,13.1,6.7,9.4,12.4,31.4,16.3,1.7,4.1,16.1,20.1,14.8
12086006608,Census Tract 66.08; Miami-Dade County; Florida,63.1,0.9,67.6,2.9,0.5,18.0,22.4,108006,119760,45289,0.9,4.8,1.5,9.6,9.8,10.5,10.5,22.9,20.0,9.5,4.4,1.6,8.8
12086006705,Census Tract 67.05; Miami-Dade County; Florida,68.8,2.9,61.2,0.0,10.9,23.8,31.7,123459,135382,68540,2.5,3.8,7.4,7.8,4.7,15.1,1.2,15.0,24.0,18.4,7.5,7.2,1.5
12086006706,Census Tract 67.06; Miami-Dade County; Florida,73.0,2.6,50.4,7.5,0.2,19.7,16.4,98365,146102,79719,1.7,1.9,0.3,2.1,12.9,21.0,11.3,15.1,19.4,14.5,1.9,0.6,13.1
12086006707,Census Tract 67.07; Miami-Dade County; Florida,85.7,1.4,44.8,0.6,14.4,32.9,18.0,163041,233904,118692,0.8,0.0,1.3,1.6,1.4,7.6,14.2,18.2,13.6,41.3,1.1,1.1,13.1
12086006709,Census Tract 67.09; Miami-Dade County; Florida,80.3,1.6,42.1,0.2,9.0,43.5,21.6,210292,299813,163791,1.4,1.1,2.4,2.2,2.4,10.5,7.8,8.1,13.8,50.4,1.5,1.4,9.6
12086006713,Census Tract 67.13; Miami-Dade County; Florida,79.1,6.3,39.9,4.6,14.9,37.7,21.9,135809,186863,109468,5.7,2.6,0.6,0.0,15.1,7.1,10.0,12.0,12.3,34.6,8.8,3.5,2.8
12086006714,Census Tract 67.14; Miami-Dade County; Florida,69.9,3.4,61.9,0.2,11.6,21.2,28.1,131982,154847,88328,6.1,0.7,3.0,4.9,4.0,11.1,12.8,18.3,16.6,22.6,8.1,4.4,1.8
12086006715,Census Tract 67.15; Miami-Dade County; Florida,72.1,4.9,69.3,3.7,4.1,17.2,22.9,98652,111681,52281,6.7,0.0,2.1,0.0,2.5,24.6,15.5,24.1,12.6,11.9,10.6,1.9,6.4
12086006716,Census Tract 67.16; Miami-Dade County; Florida,65.7,14.4,19.2,0.0,12.4,55.8,14.2,53000,105752,83251,1.9,24.4,0.0,20.1,2.8,18.5,0.9,8.1,4.3,19.0,20.4,1.0,13.8
12086006717,Census Tract 67.17; Miami-Dade County; Florida,73.4,1.9,14.3,5.4,36.4,43.9,12.6,139583,201076,117750,12.2,0.5,0.0,0.7,11.3,4.5,1.2,20.3,7.6,41.5,23.5,0.0,29.1
12086006718,Census Tract 67.18; Miami-Dade County; Florida,91.7,1.5,32.4,14.3,15.6,26.3,18.0,200729,272368,151280,0.9,0.0,0.0,1.3,2.7,3.6,1.2,21.2,18.7,50.4,3.0,6.9,1.2
12086006719,Census Tract 67.19; Miami-Dade County; Florida,87.2,0.0,37.4,2.2,30.4,10.9,22.3,108667,181243,129378,2.5,0.0,0.0,7.2,10.1,19.7,2.9,20.7,3.8,33.0,3.0,0.0,0.0
12086006720,Census Tract 67.20; Miami-Dade County; Florida,84.8,0.8,25.4,3.8,40.1,25.5,15.4,161403,217310,130055,0.0,1.0,0.0,5.7,7.2,4.2,8.5,18.1,14.0,41.3,1.1,0.0,3.9
12086006721,Census Tract 67.21; Miami-Dade County; Florida,90.0,5.0,59.6,4.4,11.8,20.3,18.9,119888,224208,138285,1.2,1.1,1.8,1.4,0.8,5.6,5.8,36.2,12.0,34.2,7.2,0.0,18.3
12086006722,Census Tract 67.22; Miami-Dade County; Florida,75.7,1.8,41.2,2.3,22.4,29.3,21.3,91357,115459,48097,14.7,0.0,0.0,0.3,0.0,16.4,25.9,18.5,10.7,13.5,12.2,7.9,13.9
12086006801,Census Tract 68.01; Miami-Dade County; Florida,61.3,3.8,56.8,3.0,9.4,22.5,24.4,155982,286483,133656,3.7,1.8,2.3,1.0,6.3,3.7,8.1,19.9,9.5,43.7,11.4,3.5,6.4
12086006802,Census Tract 68.02; Miami-Dade County; Florida,54.0,1.6,54.8,0.3,6.0,33.5,27.6,176188,262016,113446,3.9,3.7,8.9,4.0,2.8,5.0,6.1,10.9,12.1,42.6,7.6,4.2,4.3
12086006901,Census Tract 69.01; Miami-Dade County; Florida,69.3,1.4,73.3,1.8,5.3,13.8,26.6,80149,125138,57247,0.0,5.0,24.1,3.9,5.7,6.7,14.0,11.3,10.6,18.5,8.3,6.9,11.8
12086006902,Census Tract 69.02; Miami-Dade County; Florida,59.1,2.3,77.7,1.6,1.0,13.3,22.9,76656,127565,54946,8.7,4.2,4.6,3.2,13.1,14.1,11.5,9.9,5.2,25.4,12.9,9.1,4.2
12086007003,Census Tract 70.03; Miami-Dade County; Florida,72.9,4.1,74.7,2.5,4.2,7.1,34.7,59668,88640,31790,1.9,7.5,3.6,7.9,11.5,26.0,16.9,12.7,3.4,8.7,10.8,19.3,10.2
12086007004,Census Tract 70.04; Miami-Dade County; Florida,71.7,0.6,62.0,3.5,3.8,20.0,24.3,62381,85029,37357,6.4,1.6,4.2,9.5,9.2,39.2,5.4,8.1,7.2,9.3,8.8,9.2,13.2
12086007005,Census Tract 70.05; Miami-Dade County; Florida,58.9,8.9,62.2,4.3,3.1,26.9,21.3,59031,76150,42280,7.0,7.6,5.6,8.1,14.9,24.9,3.9,18.3,5.7,3.9,13.4,22.1,21.9
12086007006,Census Tract 70.06; Miami-Dade County; Florida,62.8,6.2,75.2,0.0,3.2,20.7,26.7,55927,77730,30578,0.9,5.7,9.2,8.6,16.5,21.4,9.8,16.9,3.8,7.2,11.7,5.4,16.0
12086007007,Census Tract 70.07; Miami-Dade County; Florida,65.5,2.1,59.8,7.8,4.2,20.5,31.8,95469,85869,39580,14.1,2.8,1.7,8.9,6.9,4.1,16.4,32.6,8.8,3.9,22.8,7.7,8.2
12086007101,Census Tract 71.01; Miami-Dade County; Florida,64.9,5.1,71.5,5.5,0.0,10.4,24.6,77616,142278,58783,12.8,3.9,2.4,15.8,10.3,4.5,12.3,7.4,7.4,23.2,14.5,28.9,5.8
12086007103,Census Tract 71.03; Miami-Dade County; Florida,67.0,15.4,55.2,7.6,5.4,23.0,31.4,128309,151224,86693,1.7,11.7,3.8,1.7,3.0,10.3,9.2,13.7,27.7,17.2,22.6,1.5,2.7
12086007104,Census Tract 71.04; Miami-Dade County; Florida,82.1,2.2,50.8,6.9,4.9,33.7,25.2,133548,209243,91734,1.9,1.0,3.2,1.1,11.4,9.3,13.0,13.6,8.9,36.5,2.4,7.8,8.0
12086007200,Census Tract 72; Miami-Dade County; Florida,67.4,4.2,69.0,8.3,1.9,9.8,24.7,60461,100652,44007,10.9,2.7,8.7,6.5,15.3,26.8,7.2,7.6,3.3,10.9,20.0,18.9,15.6
12086007300,Census Tract 73; Miami-Dade County; Florida,69.8,0.7,58.9,0.1,0.8,36.6,22.7,171635,238960,83926,2.7,0.5,3.4,3.3,4.7,5.5,12.9,14.0,7.0,46.1,6.2,1.8,0.8
12086007401,Census Tract 74.01; Miami-Dade County; Florida,71.6,0.0,52.7,0.0,0.0,35.5,19.0,239853,281734,109271,1.5,0.0,2.7,0.0,16.6,2.6,0.0,6.4,6.9,63.3,1.2,0.0,1.3
12086007402,Census Tract 74.02; Miami-Dade County; Florida,58.1,2.7,56.9,2.6,4.0,15.9,24.9,131786,226637,104324,6.7,0.0,5.9,3.5,2.3,12.4,4.1,24.6,6.5,34.0,6.3,0.0,2.3
12086007403,Census Tract 74.03; Miami-Dade County; Florida,57.6,0.0,46.8,0.0,6.6,34.8,23.5,119817,173195,98683,14.0,0.0,8.2,1.3,1.8,3.2,5.7,26.9,5.4,33.6,21.5,5.5,3.8
12086007501,Census Tract 75.01; Miami-Dade County; Florida,64.8,1.5,62.2,0.0,0.0,29.8,19.3,228289,330793,120483,1.2,1.5,0.7,0.7,4.3,4.2,9.2,12.4,7.9,58.0,1.9,1.2,1.2
12086007503,Census Tract 75.03; Miami-Dade County; Florida,64.9,1.9,63.5,9.1,9.1,17.1,22.6,84583,187757,82165,3.4,5.4,4.2,13.6,4.8,14.4,5.4,7.9,8.2,32.8,12.4,4.0,2.5
12086007601,Census Tract 76.01; Miami-Dade County; Florida,70.6,3.3,68.7,4.4,3.1,18.8,24.7,116701,170146,58307,0.0,0.0,4.2,6.7,8.2,20.4,6.2,13.5,10.9,30.1,6.2,3.4,5.4
12086007603,Census Tract 76.03; Miami-Dade County; Florida,52.2,5.2,61.0,7.4,12.1,10.3,36.2,35481,67379,31261,18.6,4.7,16.8,9.6,11.3,5.2,11.0,12.9,3.5,6.4,26.2,19.8,11.9
12086007605,Census Tract 76.05; Miami-Dade County; Florida,67.7,0.4,80.1,2.1,2.1,9.5,25.3,73992,126280,62067,4.0,5.1,3.4,4.6,13.4,21.0,17.1,17.4,2.6,11.3,15.3,10.3,8.2
12086007607,Census Tract 76.07; Miami-Dade County; Florida,65.4,2.5,68.4,0.2,0.0,20.2,34.4,96442,144927,63926,3.1,6.9,1.7,17.4,3.7,8.0,12.1,14.6,11.4,21.0,7.4,3.7,3.1
12086007608,Census Tract 76.08; Miami-Dade County; Florida,76.1,2.2,70.1,4.4,1.2,12.4,23.8,135991,196212,69343,1.8,0.0,0.0,1.1,12.3,15.0,8.1,14.7,13.1,33.9,3.5,3.7,5.2
12086007609,Census Tract 76.09; Miami-Dade County; Florida,69.6,4.4,79.7,7.4,0.0,10.1,25.3,77171,109326,50259,7.1,0.8,3.0,10.2,3.1,23.6,13.7,16.0,10.6,11.8,7.1,2.5,5.1
12086007610,Census Tract 76.10; Miami-Dade County; Florida,71.6,4.1,55.4,7.8,1.5,29.6,29.9,103814,174075,72445,6.5,4.4,2.6,3.9,5.7,12.8,8.8,17.2,4.9,33.2,11.6,1.7,11.8
12086007704,Census Tract 77.04; Miami-Dade County; Florida,61.0,3.0,64.3,3.8,1.4,20.9,26.6,62096,95920,48699,7.7,2.6,12.3,2.0,15.5,20.8,12.2,14.1,4.6,8.3,8.9,6.7,10.4
12086007705,Census Tract 77.05; Miami-Dade County; Florida,60.7,5.4,78.5,4.2,2.2,7.6,27.2,71597,123992,60578,7.0,3.1,10.1,8.2,8.4,14.7,13.0,19.9,2.3,13.3,13.7,3.6,5.5
12086007706,Census Tract 77.06; Miami-Dade County; Florida,64.6,5.0,79.9,0.7,1.0,15.1,23.4,137875,183060,78428,9.5,0.0,4.4,8.7,4.5,9.2,7.3,16.3,11.6,28.4,7.2,12.4,2.1
12086007707,Census Tract 77.07; Miami-Dade County; Florida,73.4,0.1,54.9,0.0,0.0,40.6,24.7,153381,150056,43740,3.3,0.6,4.9,0.0,4.9,7.3,9.9,6.0,51.7,11.5,18.2,12.4,1.8
12086007708,Census Tract 77.08; Miami-Dade County; Florida,53.4,0.0,87.4,1.3,2.1,3.8,26.3,65089,84970,28886,2.5,4.7,6.2,15.0,10.0,19.8,8.8,9.7,17.2,6.1,12.1,23.7,10.8
12086007709,Census Tract 77.09; Miami-Dade County; Florida,65.8,1.3,81.2,0.0,0.0,4.7,27.0,97083,120476,42900,5.3,0.0,0.0,6.1,7.4,23.1,9.3,20.0,16.4,12.4,6.7,7.6,11.0
12086007801,Census Tract 78.01; Miami-Dade County; Florida,50.1,0.8,50.4,3.7,4.9,32.4,20.4,250001,574477,188783,2.1,0.0,2.6,0.0,9.7,5.1,9.2,9.7,1.5,60.0,6.7,2.6,6.7
12086007805,Census Tract 78.05; Miami-Dade County; Florida,68.8,3.6,69.4,2.2,0.0,19.5,34.0,150809,204052,78953,4.7,1.8,4.5,3.2,6.0,11.4,5.8,12.3,11.8,38.5,5.9,7.1,3.7
12086007806,Census Tract 78.06; Miami-Dade County; Florida,57.4,3.2,65.9,2.4,0.7,23.0,27.8,250001,586625,175649,11.3,0.0,1.3,4.8,2.5,0.7,0.0,9.5,10.5,59.5,15.3,0.0,0.7
12086007807,Census Tract 78.07; Miami-Dade County; Florida,64.4,4.2,64.5,3.4,0.7,27.0,25.1,180000,233448,78337,5.3,1.7,4.6,3.4,2.1,10.3,5.1,9.2,12.3,46.1,4.0,5.7,2.4
12086007808,Census Tract 78.08; Miami-Dade County; Florida,71.8,3.2,59.9,17.8,2.3,14.1,30.0,51883,84864,49797,6.8,7.0,4.9,13.8,15.2,16.1,6.3,12.7,8.4,8.8,13.6,11.8,15.1
12086007809,Census Tract 78.09; Miami-Dade County; Florida,67.6,1.5,61.4,7.9,4.3,9.7,32.6,82850,103773,45342,10.6,1.2,2.9,8.5,6.9,17.1,19.4,13.9,10.4,9.2,14.2,14.5,10.0
12086007901,Census Tract 79.01; Miami-Dade County; Florida,49.9,1.6,51.8,2.3,3.7,27.9,26.3,129167,222802,91374,12.9,0.6,7.9,4.0,3.9,4.6,9.2,22.9,2.8,31.2,10.4,0.0,0.6
12086007902,Census Tract 79.02; Miami-Dade County; Florida,59.4,3.6,63.9,0.5,0.0,26.6,32.0,163750,298814,108593,7.8,0.5,0.6,0.5,8.6,14.4,5.7,10.2,8.6,42.9,8.1,4.4,0.4
12086008000,Census Tract 80; Miami-Dade County; Florida,55.8,1.2,79.0,0.6,0.0,12.6,29.2,183944,262433,103656,5.9,0.9,0.8,9.7,10.0,3.8,4.4,5.5,14.2,44.9,8.3,0.8,2.6
12086008101,Census Tract 81.01; Miami-Dade County; Florida,57.2,4.9,63.7,3.5,0.0,25.2,34.2,250001,362729,104734,0.0,1.1,0.0,0.0,2.3,3.4,7.2,10.2,9.6,66.1,5.4,2.8,1.5
12086008102,Census Tract 81.02; Miami-Dade County; Florida,61.1,4.0,61.2,0.4,3.0,27.5,24.1,177557,220945,80607,1.7,0.0,4.0,3.0,9.6,12.9,3.0,7.3,17.7,40.8,2.8,3.2,3.7
12086008202,Census Tract 82.02; Miami-Dade County; Florida,65.7,2.7,66.9,1.4,1.9,15.4,37.0,160809,197253,67096,0.9,1.2,10.6,4.5,5.2,7.3,8.2,8.4,15.3,38.5,8.5,0.0,10.1
12086008205,Census Tract 82.05; Miami-Dade County; Florida,55.1,1.9,60.9,2.1,1.4,23.7,37.5,170813,295157,100889,1.6,0.0,0.0,5.6,3.8,1.4,5.2,25.2,8.2,49.0,1.5,1.2,1.3
12086008206,Census Tract 82.06; Miami-Dade County; Florida,62.9,5.1,57.6,1.8,1.4,24.2,33.8,106801,204986,80170,0.9,4.3,12.0,0.5,8.9,7.2,12.5,12.5,10.0,31.3,3.7,0.4,4.1
12086008207,Census Tract 82.07; Miami-Dade County; Florida,70.4,2.1,65.5,0.2,1.1,27.0,33.1,216711,278026,84907,1.2,0.0,0.0,0.8,5.1,4.1,2.3,21.2,11.0,54.4,2.4,1.0,0.2
12086008208,Census Tract 82.08; Miami-Dade County; Florida,67.3,6.2,67.8,3.6,0.3,10.5,34.9,87096,106420,41475,3.1,2.3,2.9,3.3,17.0,14.1,14.9,21.5,10.0,10.8,7.9,16.5,10.0
12086008209,Census Tract 82.09; Miami-Dade County; Florida,58.4,3.4,65.1,4.1,0.0,17.0,41.8,164073,178633,57312,5.4,0.6,0.8,1.9,6.9,4.9,11.0,13.9,16.2,38.4,12.0,8.4,1.5
12086008305,Census Tract 83.05; Miami-Dade County; Florida,64.7,4.0,66.9,3.8,3.8,17.2,29.0,92829,168716,60104,3.5,3.6,2.2,2.5,21.9,10.0,8.6,13.2,8.4,26.1,9.3,10.1,8.2
12086008308,Census Tract 83.08; Miami-Dade County; Florida,64.0,5.0,78.9,0.8,0.0,6.0,32.6,74632,85005,27201,2.0,3.7,9.9,10.2,8.8,16.8,14.4,19.9,10.3,3.9,17.5,30.5,17.9
12086008309,Census Tract 83.09; Miami-Dade County; Florida,49.3,18.0,77.4,0.0,0.0,1.5,23.2,43646,55114,18237,9.6,6.9,13.3,10.7,16.6,20.1,15.5,2.6,2.1,2.6,21.5,50.4,20.2
12086008310,Census Tract 83.10; Miami-Dade County; Florida,51.1,4.7,75.9,2.7,0.0,7.9,40.5,78487,109310,30546,3.0,3.6,3.6,10.6,9.0,10.3,20.4,14.6,14.0,10.9,6.4,23.2,8.7
12086008311,Census Tract 83.11; Miami-Dade County; Florida,61.6,5.9,78.6,0.0,0.0,5.3,37.5,94102,113308,31795,2.5,1.4,4.3,5.8,18.1,11.8,10.0,24.9,8.1,13.1,13.9,21.1,15.1
12086008312,Census Tract 83.12; Miami-Dade County; Florida,56.4,2.2,76.8,8.3,0.0,2.3,33.5,65385,76030,23091,6.3,2.0,2.0,12.6,17.4,23.6,8.4,20.9,2.1,4.6,16.3,48.2,13.1
12086008313,Census Tract 83.13; Miami-Dade County; Florida,51.7,3.2,76.4,3.2,0.0,8.4,37.6,61697,96005,34679,9.0,3.0,3.3,6.3,6.5,36.8,12.0,18.8,1.5,2.8,10.4,23.7,9.8
12086008314,Census Tract 83.14; Miami-Dade County; Florida,63.8,3.3,82.7,0.0,0.0,1.5,31.2,80769,102761,27657,0.0,0.0,4.6,7.3,5.9,28.1,13.4,16.9,18.2,5.5,3.4,14.3,9.3
12086008315,Census Tract 83.15; Miami-Dade County; Florida,60.8,3.0,87.0,2.5,0.0,1.6,32.4,95567,104209,26848,1.2,0.0,1.9,5.2,3.6,16.5,31.1,21.4,12.5,6.6,13.8,17.5,25.7
12086008409,Census Tract 84.09; Miami-Dade County; Florida,52.6,5.9,73.4,1.9,0.6,15.4,32.1,88750,134751,53493,2.1,0.0,12.3,7.7,4.4,20.8,4.8,16.2,6.5,25.3,6.7,4.5,9.2
12086008415,Census Tract 84.15; Miami-Dade County; Florida,62.5,3.6,75.1,0.4,0.0,19.3,26.7,199773,251476,81405,2.1,0.0,0.8,1.8,3.8,16.0,4.2,12.6,8.9,49.9,1.1,2.8,2.0
12086008416,Census Tract 84.16; Miami-Dade County; Florida,69.6,1.7,66.1,1.7,1.6,18.4,37.0,66573,115651,48836,6.5,0.9,9.1,2.0,17.1,16.2,6.3,13.7,10.0,18.3,8.7,13.1,10.2
12086008418,Census Tract 84.18; Miami-Dade County; Florida,63.4,3.2,72.4,5.2,1.2,20.0,33.7,77250,110274,41099,2.1,2.7,1.7,2.2,9.7,28.5,15.4,12.1,11.1,14.5,9.0,4.8,4.9
12086008419,Census Tract 84.19; Miami-Dade County; Florida,65.9,3.1,89.5,1.0,0.7,6.2,30.4,64429,87607,37689,2.0,4.6,10.4,11.3,7.7,27.3,11.2,8.0,9.4,8.2,9.6,20.3,21.7
12086008420,Census Tract 84.20; Miami-Dade County; Florida,81.0,0.0,74.1,0.0,2.7,5.2,31.5,136121,129625,59810,0.0,0.0,8.9,1.3,9.5,7.6,8.5,26.8,27.1,10.3,5.7,0.0,4.0
12086008421,Census Tract 84.21; Miami-Dade County; Florida,57.0,4.8,82.7,0.0,0.4,9.3,29.5,165033,141063,47854,2.0,1.1,1.9,5.1,8.7,3.7,15.2,9.2,37.2,15.7,7.2,5.4,8.9
12086008422,Census Tract 84.22; Miami-Dade County; Florida,68.7,0.4,66.3,0.6,15.3,12.7,28.7,78947,123167,49366,7.2,10.5,1.0,4.8,19.2,4.2,7.2,17.8,6.0,22.0,18.2,7.8,10.2
12086008423,Census Tract 84.23; Miami-Dade County; Florida,59.7,1.0,82.2,1.3,0.0,8.4,27.5,91771,141809,48193,3.6,2.8,0.7,1.2,11.3,22.5,10.1,12.4,15.3,20.2,17.5,11.2,7.6
12086008424,Census Tract 84.24; Miami-Dade County; Florida,61.9,0.9,75.6,4.2,4.3,7.7,31.0,48232,76434,39781,7.1,16.9,9.9,9.5,8.2,14.1,13.2,12.2,1.7,7.3,20.5,34.6,8.8
12086008425,Census Tract 84.25; Miami-Dade County; Florida,57.0,4.2,69.2,3.9,3.7,4.8,32.7,77212,98379,45989,9.7,5.8,2.7,1.3,11.3,13.2,18.6,27.4,4.3,5.9,14.8,19.1,6.3
12086008426,Census Tract 84.26; Miami-Dade County; Florida,65.7,5.1,74.1,3.8,0.0,15.1,28.7,138750,160083,49433,0.0,0.0,3.0,0.0,2.4,14.1,15.5,24.3,14.8,25.9,1.6,5.3,7.9
12086008427,Census Tract 84.27; Miami-Dade County; Florida,67.7,1.3,64.9,1.4,0.0,14.0,31.1,79419,128117,51858,1.4,7.7,1.9,7.0,9.9,17.9,9.1,7.3,18.6,19.3,5.2,4.6,6.2
12086008428,Census Tract 84.28; Miami-Dade County; Florida,73.5,2.7,73.8,2.2,0.0,16.7,25.5,156250,185278,67963,0.7,0.0,0.8,0.5,8.0,15.7,5.8,17.7,15.7,35.1,0.6,12.3,0.4
12086008429,Census Tract 84.29; Miami-Dade County; Florida,60.3,0.9,45.7,5.5,0.6,23.3,31.3,135448,201893,55017,0.0,1.1,6.1,4.5,2.9,4.8,18.1,17.8,19.0,25.8,17.7,12.2,3.1
12086008430,Census Tract 84.30; Miami-Dade County; Florida,68.2,3.9,84.2,1.3,0.0,5.3,25.3,51771,62920,26926,11.5,7.7,5.4,7.7,15.7,19.9,11.0,15.1,5.0,1.0,24.3,17.1,11.4
12086008431,Census Tract 84.31; Miami-Dade County; Florida,21.4,3.2,71.5,0.0,0.8,8.5,20.4,58648,90204,28184,8.8,0.7,15.3,11.4,9.7,12.3,8.6,10.2,9.1,14.0,31.2,12.8,9.2
12086008502,Census Tract 85.02; Miami-Dade County; Florida,60.0,4.3,72.3,1.0,0.0,13.4,31.3,116488,146563,50427,3.5,6.0,7.2,4.0,7.6,9.6,6.2,12.0,20.4,23.6,5.6,12.7,4.3
12086008503,Census Tract 85.03; Miami-Dade County; Florida,54.1,2.3,82.4,5.9,0.0,4.7,28.2,62448,98569,35146,1.7,6.0,1.4,14.9,17.3,14.7,6.2,12.6,6.7,18.6,11.3,36.4,13.7
12086008504,Census Tract 85.04; Miami-Dade County; Florida,56.2,0.4,76.7,0.6,0.4,18.4,31.9,111429,119734,38614,2.4,2.2,1.5,6.9,8.9,9.6,17.7,25.4,13.0,12.5,7.0,6.2,3.9
12086008601,Census Tract 86.01; Miami-Dade County; Florida,62.3,4.0,68.0,0.3,1.2,21.1,35.8,109327,185494,65189,7.4,7.2,6.1,4.6,3.7,6.5,10.2,16.5,14.1,23.7,11.7,22.6,11.1
12086008603,Census Tract 86.03; Miami-Dade County; Florida,66.5,2.5,78.5,0.3,0.1,10.1,38.3,95000,134610,56262,7.7,2.1,0.0,9.6,13.3,12.8,6.3,18.1,19.4,10.6,13.1,6.8,10.2
12086008604,Census Tract 86.04; Miami-Dade County; Florida,58.7,1.7,76.4,0.0,0.0,21.7,30.7,105083,125727,49288,21.6,0.0,3.4,1.3,2.5,11.7,6.1,27.5,13.2,12.8,20.5,2.5,21.6
12086008702,Census Tract 87.02; Miami-Dade County; Florida,48.2,11.4,82.2,2.8,0.1,6.3,32.1,84167,91001,29671,4.8,6.5,7.5,11.0,6.7,9.1,13.0,30.5,8.1,2.8,9.9,34.1,18.0
12086008703,Census Tract 87.03; Miami-Dade County; Florida,55.4,5.8,89.4,0.0,0.7,4.2,31.8,98810,128200,43489,0.8,7.1,0.4,9.8,5.7,12.6,14.9,25.3,8.1,15.2,8.3,30.4,12.2
12086008704,Census Tract 87.04; Miami-Dade County; Florida,64.2,2.3,74.3,0.2,0.0,11.3,30.9,86435,113711,35268,2.1,0.4,0.8,6.5,10.2,18.2,23.8,15.6,7.3,15.0,4.4,20.7,13.0
12086008805,Census Tract 88.05; Miami-Dade County; Florida,56.9,3.7,84.4,0.6,0.0,7.9,25.2,61208,69738,27629,6.5,12.0,6.2,11.3,8.3,15.0,20.9,8.7,7.9,3.1,19.7,30.7,11.8
12086008806,Census Tract 88.06; Miami-Dade County; Florida,65.9,1.8,77.2,0.0,0.0,3.4,33.3,86959,104508,36058,2.3,0.3,8.3,5.1,6.5,19.4,12.9,19.7,12.2,13.3,7.5,21.3,12.5
12086008807,Census Tract 88.07; Miami-Dade County; Florida,70.5,4.4,83.7,0.0,0.0,12.2,30.5,105593,127024,48599,2.4,1.3,3.1,2.8,2.2,6.8,26.2,35.1,7.6,12.5,3.6,11.1,5.9
12086008808,Census Tract 88.08; Miami-Dade County; Florida,56.4,8.3,90.1,0.0,2.7,3.0,35.4,72851,75517,29319,6.4,11.8,6.9,1.4,9.2,19.0,16.6,18.4,7.7,2.8,10.4,30.7,5.2
12086008809,Census Tract 88.09; Miami-Dade County; Florida,62.9,3.6,78.9,0.0,1.2,9.2,28.1,105771,130572,48209,0.0,0.0,1.6,10.0,8.1,13.3,11.7,37.7,4.0,13.6,0.5,10.3,4.6
12086008810,Census Tract 88.10; Miami-Dade County; Florida,61.9,4.2,83.0,0.0,2.6,6.6,26.8,57197,108110,41931,5.3,1.3,3.1,23.5,14.4,9.0,14.9,19.1,3.1,6.3,5.6,17.9,7.4
12086008904,Census Tract 89.04; Miami-Dade County; Florida,27.2,17.2,31.4,3.3,38.6,11.4,18.8,-666666666,-999999999,4203,100.0,0.0,0.0,0.0,0.0,0.0,0.0,0.0,0.0,0.0,100.0,0.0,12.1
12086008906,Census Tract 89.06; Miami-Dade County; Florida,56.8,3.0,73.2,2.0,0.3,9.3,27.4,61989,103423,37603,1.9,1.8,8.7,7.1,19.4,14.3,11.0,8.6,10.8,16.4,9.7,29.6,12.5
12086008907,Census Tract 89.07; Miami-Dade County; Florida,58.6,1.8,82.3,1.0,0.0,9.8,26.3,47350,80062,34514,2.5,7.9,16.7,5.1,19.1,11.0,11.6,15.2,4.2,6.7,14.4,26.6,6.1
12086008908,Census Tract 89.08; Miami-Dade County; Florida,57.1,2.2,80.7,0.3,1.2,11.4,30.1,65742,79307,28663,9.2,5.2,4.5,13.8,5.8,19.0,14.1,13.3,9.5,5.5,8.0,31.7,19.0
12086008909,Census Tract 89.09; Miami-Dade County; Florida,66.0,4.1,65.6,0.5,0.0,10.1,26.9,64965,103155,38260,4.4,2.2,12.8,0.9,8.7,23.0,10.6,17.4,5.4,14.5,10.3,19.9,7.6
12086008910,Census Tract 89.10; Miami-Dade County; Florida,56.0,2.7,79.2,0.0,0.0,8.1,37.4,57442,86609,29061,5.5,4.5,9.9,19.4,5.1,16.8,5.0,5.0,17.9,11.0,17.6,41.8,11.0
12086008911,Census Tract 89.11; Miami-Dade County; Florida,68.4,1.5,80.3,0.0,0.5,15.8,30.2,109875,129596,35464,0.0,0.0,2.8,0.0,13.8,15.2,14.8,24.2,9.5,19.7,3.8,16.8,5.6
12086009010,Census Tract 90.10; Miami-Dade County; Florida,68.9,3.6,71.8,0.3,0.5,13.5,23.6,90352,122642,48251,4.6,0.9,2.1,7.5,6.5,16.0,20.0,14.6,13.8,14.1,10.3,3.5,10.6
12086009014,Census Tract 90.14; Miami-Dade County; Florida,67.1,0.8,68.4,3.0,0.0,15.3,30.1,90319,94126,31543,0.9,2.2,4.5,1.9,12.6,19.6,14.6,35.3,3.6,4.9,5.5,20.2,14.7
12086009015,Census Tract 90.15; Miami-Dade County; Florida,64.0,2.2,74.7,0.6,0.3,7.3,27.6,51169,63617,27635,1.6,2.8,18.7,7.7,17.9,22.6,13.7,8.8,2.1,4.0,15.3,32.3,13.6
12086009020,Census Tract 90.20; Miami-Dade County; Florida,53.2,12.1,85.1,1.7,2.3,3.8,26.6,41411,49442,18328,9.2,11.1,11.8,9.9,14.2,21.0,10.1,11.4,1.3,0.0,22.0,42.3,15.3
12086009021,Census Tract 90.21; Miami-Dade County; Florida,57.5,6.5,74.0,0.0,1.4,12.6,29.6,51765,70651,23564,3.0,8.7,7.9,11.4,18.1,12.1,14.3,19.2,2.6,2.6,17.8,35.4,18.8
12086009022,Census Tract 90.22; Miami-Dade County; Florida,61.2,4.3,78.6,0.4,0.0,12.5,31.1,67560,81713,24819,5.5,3.0,5.4,18.3,6.4,18.7,16.2,19.0,4.7,2.8,7.2,30.9,17.8
12086009024,Census Tract 90.24; Miami-Dade County; Florida,72.6,1.5,80.8,2.7,0.0,10.6,27.4,83561,79702,29625,2.9,4.9,6.2,4.0,14.4,13.7,21.6,26.1,5.1,1.1,17.8,18.9,11.8
12086009026,Census Tract 90.26; Miami-Dade County; Florida,68.4,2.4,77.5,1.1,0.0,8.1,27.7,51103,65734,29876,3.2,4.1,7.1,10.1,24.7,24.3,8.1,13.7,3.2,1.6,9.3,26.2,9.8
12086009027,Census Tract 90.27; Miami-Dade County; Florida,67.7,9.2,79.0,0.0,1.0,12.3,23.6,52857,63054,28553,9.6,2.5,4.9,8.6,22.0,25.0,7.2,16.6,2.4,1.1,12.9,25.7,16.6
12086009028,Census Tract 90.28; Miami-Dade County; Florida,69.6,2.6,63.1,0.0,0.0,12.4,26.8,77500,99419,37365,2.6,0.0,6.2,10.2,7.1,23.5,14.3,15.2,7.1,13.9,9.3,10.2,11.4
12086009029,Census Tract 90.29; Miami-Dade County; Florida,66.5,3.4,65.5,4.4,0.0,6.1,24.4,84091,85116,30030,0.6,9.1,6.5,7.0,7.0,14.8,11.7,35.3,4.7,3.4,10.5,36.6,10.1
12086009030,Census Tract 90.30; Miami-Dade County; Florida,66.0,1.3,74.3,2.7,0.8,7.3,28.7,49056,67146,28814,7.2,6.2,11.7,5.7,20.2,19.0,10.0,11.1,4.0,5.1,15.5,26.7,13.2
12086009031,Census Tract 90.31; Miami-Dade County; Florida,64.9,1.9,75.0,4.4,0.7,12.2,27.7,61581,77529,29752,1.3,1.8,6.4,3.8,25.7,19.4,18.0,18.9,0.0,4.7,8.7,20.6,11.4
12086009039,Census Tract 90.39; Miami-Dade County; Florida,65.4,1.7,72.5,0.0,1.7,12.5,23.3,68177,103257,31144,10.0,2.9,5.7,1.9,11.6,24.2,13.3,11.4,4.9,14.1,15.4,7.6,14.3
12086009040,Census Tract 90.40; Miami-Dade County; Florida,59.4,5.9,71.3,3.2,0.9,18.0,25.5,87813,116515,36218,4.6,2.9,0.5,10.7,9.7,14.2,14.6,22.0,6.2,14.5,9.6,9.2,10.7
12086009043,Census Tract 90.43; Miami-Dade County; Florida,67.0,3.3,74.1,1.5,0.0,16.5,27.1,96154,117185,33341,8.7,0.0,2.5,4.9,2.8,17.9,17.1,15.5,19.4,11.0,13.0,8.0,8.0
12086009044,Census Tract 90.44; Miami-Dade County; Florida,64.6,5.5,70.3,1.5,0.9,14.9,24.3,85529,115397,32632,0.2,0.0,0.9,13.4,5.0,20.4,18.9,19.3,10.1,11.9,3.3,4.4,11.8
12086009048,Census Tract 90.48; Miami-Dade County; Florida,61.3,3.1,63.1,0.0,0.0,27.9,26.9,122361,188654,61717,1.9,0.0,0.0,1.9,0.0,9.9,16.8,23.5,13.5,32.5,1.4,2.9,1.6
12086009049,Census Tract 90.49; Miami-Dade County; Florida,64.6,3.0,62.9,1.0,3.0,22.4,26.2,95822,112859,36964,1.6,0.9,3.4,9.1,7.7,17.8,15.8,20.7,16.2,7.0,8.6,7.9,19.6
12086009050,Census Tract 90.50; Miami-Dade County; Florida,70.1,4.1,60.0,2.3,1.4,18.4,27.1,85776,120129,33972,5.9,0.7,3.7,3.4,11.2,17.0,17.3,21.2,8.1,11.4,9.1,5.2,11.1
12086009051,Census Tract 90.51; Miami-Dade County; Florida,54.9,4.8,82.3,4.0,0.0,2.2,26.6,112386,140579,43992,3.1,1.5,1.5,3.3,3.1,8.4,19.8,20.5,23.2,15.4,6.8,17.7,16.1
12086009052,Census Tract 90.52; Miami-Dade County; Florida,57.3,4.0,78.0,0.0,0.0,10.6,28.8,45862,59294,26721,0.9,8.5,23.1,8.9,19.0,13.3,11.0,6.9,3.1,5.3,23.9,35.1,26.0
12086009053,Census Tract 90.53; Miami-Dade County; Florida,68.5,1.6,79.1,0.2,0.0,6.5,29.7,86760,109516,36824,0.0,2.8,8.3,4.8,4.9,21.8,16.3,7.3,12.8,21.0,5.8,16.8,12.4
12086009054,Census Tract 90.54; Miami-Dade County; Florida,60.0,2.5,83.4,0.0,2.3,3.5,31.6,95547,94083,27030,2.1,0.0,6.4,5.9,11.2,12.1,21.8,30.7,6.8,3.0,1.6,18.8,12.2
12086009055,Census Tract 90.55; Miami-Dade County; Florida,50.5,6.3,83.8,0.0,0.0,8.8,34.6,70833,72527,25345,8.5,3.8,9.5,13.1,6.4,15.9,12.9,25.9,1.1,2.8,15.8,19.6,16.0
12086009056,Census Tract 90.56; Miami-Dade County; Florida,50.3,3.2,58.1,1.1,0.0,31.0,28.7,77109,106893,42047,4.0,4.5,0.0,25.1,2.2,13.0,7.1,17.0,13.6,13.6,12.1,5.5,5.9
12086009057,Census Tract 90.57; Miami-Dade County; Florida,63.9,2.1,69.7,0.9,0.0,21.8,22.7,84750,100505,33036,3.3,1.5,4.5,3.6,11.9,17.8,11.0,25.2,14.5,6.8,10.5,8.2,12.3
12086009058,Census Tract 90.58; Miami-Dade County; Florida,64.9,3.3,72.9,0.0,0.2,14.8,24.6,71250,83878,32211,3.0,8.8,5.0,5.7,10.8,19.9,15.0,17.0,10.7,4.3,12.3,15.1,14.4
12086009059,Census Tract 90.59; Miami-Dade County; Florida,68.8,3.5,54.4,1.6,1.6,25.8,27.6,79074,101620,30516,0.0,7.1,0.0,9.6,8.6,22.8,13.8,18.9,7.7,11.5,15.0,9.6,12.7
12086009060,Census Tract 90.60; Miami-Dade County; Florida,68.5,1.9,69.0,1.7,0.0,7.3,29.6,112045,123407,38378,5.1,0.0,0.0,3.0,7.8,13.4,15.8,23.0,19.0,12.9,5.9,16.3,8.5
12086009061,Census Tract 90.61; Miami-Dade County; Florida,58.0,1.4,85.7,10.2,0.0,1.9,26.2,44018,48384,16026,18.9,7.5,11.8,6.8,8.1,21.7,13.4,7.5,4.3,0.0,30.4,46.4,17.6
12086009062,Census Tract 90.62; Miami-Dade County; Florida,64.7,1.9,85.1,1.8,0.0,5.8,26.2,74425,79185,27138,7.7,0.0,6.6,4.6,8.9,23.5,26.9,12.3,5.6,3.9,15.3,29.6,16.2
12086009063,Census Tract 90.63; Miami-Dade County; Florida,58.7,0.0,90.7,0.0,1.6,0.0,23.9,46314,55029,20953,11.4,3.7,7.2,3.1,29.2,16.9,16.3,12.1,0.0,0.0,11.7,32.0,15.3
12086009064,Census Tract 90.64; Miami-Dade County; Florida,63.9,4.0,84.5,1.7,0.0,1.1,26.1,63750,66062,22185,4.8,5.5,1.0,9.9,15.4,28.6,22.2,8.1,4.5,0.0,13.2,7.5,13.7
12086009065,Census Tract 90.65; Miami-Dade County; Florida,61.0,7.5,66.4,0.6,2.3,24.7,27.7,81203,110824,37402,15.2,0.0,12.6,0.0,3.4,12.4,9.7,18.8,11.1,16.8,21.4,10.9,12.2
12086009066,Census Tract 90.66; Miami-Dade County; Florida,76.1,0.0,61.0,0.6,4.1,12.4,21.9,83182,98407,38730,6.2,0.6,6.1,9.1,7.0,17.7,9.7,25.0,11.0,7.6,14.7,5.4,12.0
12086009101,Census Tract 91.01; Miami-Dade County; Florida,58.7,7.7,75.7,4.1,0.0,11.6,27.0,50110,58446,20348,1.3,18.2,8.9,16.0,5.3,17.5,22.2,3.7,4.6,2.3,30.7,26.3,18.0
12086009102,Census Tract 91.02; Miami-Dade County; Florida,45.1,0.1,78.9,2.8,2.7,6.4,26.9,48176,53977,17431,11.8,6.6,6.6,11.8,17.4,20.8,12.7,10.3,1.5,0.5,17.7,27.9,11.6
12086009200,Census Tract 92; Miami-Dade County; Florida,60.7,3.1,69.7,8.2,0.0,9.6,31.3,72708,88387,27875,3.3,1.7,10.4,5.3,9.2,20.6,12.3,24.9,6.7,5.5,18.5,18.2,18.8
12086009305,Census Tract 93.05; Miami-Dade County; Florida,67.7,4.8,75.3,7.3,0.0,9.6,29.2,101513,123573,46498,4.2,5.8,2.4,2.0,8.8,12.7,13.6,20.8,17.7,12.0,5.9,15.7,7.9
12086009312,Census Tract 93.12; Miami-Dade County; Florida,71.4,6.3,78.9,0.0,3.7,5.4,33.5,86163,102503,48254,2.8,0.5,2.5,6.8,10.0,19.9,25.1,18.8,5.9,7.7,5.1,8.2,6.1
12086009314,Census Tract 93.14; Miami-Dade County; Florida,49.0,10.6,67.8,1.8,4.4,14.6,25.0,30455,38480,15922,11.2,14.2,15.4,11.7,17.6,13.7,11.1,5.0,0.0,0.0,29.4,68.5,10.9
12086009315,Census Tract 93.15; Miami-Dade County; Florida,46.6,6.8,76.7,0.0,4.5,5.4,24.2,35964,45759,19183,4.5,19.3,15.2,7.7,12.4,20.5,13.5,6.9,0.0,0.0,21.0,49.9,10.0
12086009316,Census Tract 93.16; Miami-Dade County; Florida,69.4,6.8,70.9,0.0,0.0,11.8,21.8,77139,94983,29752,3.7,0.0,2.9,14.9,8.5,14.3,18.0,21.4,9.6,6.8,8.8,27.8,17.0
12086009317,Census Tract 93.17; Miami-Dade County; Florida,62.0,1.7,80.5,0.7,0.5,7.8,25.2,74583,89740,29832,0.8,4.5,8.4,9.9,5.6,21.4,14.5,17.6,15.2,2.2,13.5,31.5,21.4
12086009318,Census Tract 93.18; Miami-Dade County; Florida,55.8,8.8,79.0,0.0,0.0,7.4,37.8,-666666666,81074,25834,4.3,9.8,16.1,6.6,14.4,0.0,10.3,15.0,18.8,4.7,11.3,25.5,20.3
12086009319,Census Tract 93.19; Miami-Dade County; Florida,68.6,2.9,80.6,0.0,0.5,14.8,37.1,93125,109170,37324,4.0,0.0,2.4,3.3,5.0,17.1,23.4,31.2,7.2,6.3,7.4,12.4,22.6
12086009320,Census Tract 93.20; Miami-Dade County; Florida,63.5,4.0,81.8,0.8,0.0,8.2,26.7,46641,54916,18967,10.1,7.4,5.7,15.4,13.9,16.4,8.4,21.4,1.3,0.0,23.9,61.7,21.0
12086009321,Census Tract 93.21; Miami-Dade County; Florida,67.4,0.7,66.8,3.3,0.0,17.4,23.9,81644,90419,32763,0.0,3.6,12.3,19.6,6.5,3.8,28.1,8.2,7.9,9.9,8.3,28.3,13.6
12086009322,Census Tract 93.22; Miami-Dade County; Florida,58.9,0.0,71.8,1.4,2.3,15.8,32.1,39283,43219,18354,1.1,3.9,29.2,12.9,25.0,17.3,7.6,1.3,1.7,0.0,22.4,38.1,12.6
12086009323,Census Tract 93.23; Miami-Dade County; Florida,62.6,4.4,73.3,0.6,1.2,13.1,26.8,68947,91218,28991,4.0,3.8,5.7,7.3,10.7,21.0,13.6,15.9,10.8,7.1,10.3,30.9,22.4
12086009324,Census Tract 93.24; Miami-Dade County; Florida,58.6,1.7,77.5,0.0,0.0,5.6,25.3,45893,57708,24390,6.3,13.2,8.3,13.8,12.5,21.0,12.1,8.9,1.0,2.9,15.0,49.1,10.0
12086009325,Census Tract 93.25; Miami-Dade County; Florida,67.0,9.0,85.8,3.0,0.0,7.3,25.8,66650,81913,27027,0.0,0.6,2.3,5.3,18.2,28.7,6.1,35.3,0.6,2.9,8.1,8.4,23.2
12086009326,Census Tract 93.26; Miami-Dade County; Florida,51.6,0.6,77.4,5.0,0.0,6.2,28.4,37026,62914,25414,3.2,18.0,18.3,8.6,8.0,13.7,7.8,11.9,5.0,5.5,17.2,54.8,14.6
12086009327,Census Tract 93.27; Miami-Dade County; Florida,58.1,4.4,76.9,0.1,0.0,9.9,26.5,81250,111079,29158,5.8,6.1,11.3,5.9,7.8,9.6,13.9,13.6,12.9,13.2,13.7,38.0,10.3
12086009401,Census Tract 94.01; Miami-Dade County; Florida,42.9,22.2,71.0,1.7,3.4,13.4,25.8,59917,86326,28046,4.5,7.8,6.6,15.5,10.4,12.3,10.4,26.0,0.5,6.0,19.7,32.1,17.4
12086009402,Census Tract 94.02; Miami-Dade County; Florida,50.6,6.1,83.2,0.1,0.0,7.5,32.0,68550,76229,22564,0.0,1.2,10.2,8.2,6.2,32.3,11.9,28.3,1.1,0.7,7.4,32.6,24.8
12086009503,Census Tract 95.03; Miami-Dade County; Florida,63.3,4.7,80.3,0.8,0.0,12.5,23.8,76653,91223,30211,2.4,1.6,5.5,2.5,3.8,33.0,17.4,27.0,2.3,4.5,3.5,28.1,11.3
12086009504,Census Tract 95.04; Miami-Dade County; Florida,54.6,9.2,67.6,11.2,0.0,10.3,27.2,74194,92618,26571,1.8,3.0,3.7,4.8,10.8,28.6,14.2,18.3,2.7,12.1,8.6,17.8,20.9
12086009505,Census Tract 95.05; Miami-Dade County; Florida,73.7,6.8,61.6,5.9,0.0,20.3,24.7,44950,53716,18389,0.0,12.9,13.7,5.2,19.5,29.4,4.4,12.9,0.0,2.0,29.2,23.7,9.3
12086009506,Census Tract 95.06; Miami-Dade County; Florida,55.9,7.4,74.0,3.8,1.7,8.7,29.5,47350,64188,22985,1.5,3.7,17.3,12.5,18.0,17.4,17.0,5.2,3.0,4.4,20.0,34.9,19.3
12086009601,Census Tract 96.01; Miami-Dade County; Florida,61.6,6.3,87.7,3.7,0.7,0.0,29.2,73636,76266,34616,2.4,11.1,4.6,4.9,6.7,24.3,27.9,5.7,9.9,2.6,14.2,20.9,17.9
12086009602,Census Tract 96.02; Miami-Dade County; Florida,57.5,3.4,78.2,10.4,0.0,8.3,32.3,38817,48401,19199,5.3,9.6,15.5,12.9,9.7,31.0,4.6,11.4,0.0,0.0,12.0,31.1,13.0
12086009703,Census Tract 97.03; Miami-Dade County; Florida,68.1,1.9,73.6,1.1,0.8,11.2,23.9,123920,215448,67609,4.4,0.0,0.6,0.9,6.0,10.1,8.9,27.0,9.0,33.1,2.0,2.8,4.8
12086009704,Census Tract 97.04; Miami-Dade County; Florida,59.0,3.9,76.0,0.9,1.6,11.3,30.4,95283,139152,48156,5.8,2.1,5.8,8.0,8.5,15.3,8.1,14.2,10.8,21.4,12.2,12.1,9.1
12086009705,Census Tract 97.05; Miami-Dade County; Florida,63.5,5.0,75.2,13.4,1.9,4.2,32.9,42390,59664,28180,4.7,9.7,10.7,16.0,12.4,20.2,11.9,7.2,4.2,3.0,14.8,12.9,16.7
12086009706,Census Tract 97.06; Miami-Dade County; Florida,62.8,9.8,80.5,2.9,2.0,7.7,29.1,53050,84810,42204,5.5,7.1,8.3,9.3,18.5,14.6,11.4,14.0,5.1,6.3,16.2,16.8,17.6
12086009803,Census Tract 98.03; Miami-Dade County; Florida,74.6,3.5,78.0,0.9,0.1,9.7,35.2,73235,87408,34262,2.1,1.2,10.8,4.0,15.0,20.4,21.8,8.9,13.0,2.9,5.1,12.2,16.2
12086009804,Census Tract 98.04; Miami-Dade County; Florida,56.4,5.1,76.1,0.0,0.0,10.7,31.3,72007,89848,29655,3.2,7.9,5.5,9.3,12.7,12.2,10.4,17.4,15.6,5.8,8.8,10.2,13.3
12086009806,Census Tract 98.06; Miami-Dade County; Florida,52.8,5.5,62.7,5.5,2.8,15.9,37.8,46375,57329,30592,2.8,18.9,5.5,9.9,14.2,17.2,13.3,13.8,3.3,1.0,23.4,18.8,12.3
12086009809,Census Tract 98.09; Miami-Dade County; Florida,66.6,7.8,89.4,1.5,0.0,4.2,37.8,78147,87272,28924,6.5,0.4,6.3,17.1,2.6,16.5,18.2,18.8,5.7,7.8,8.2,5.7,20.9
12086009810,Census Tract 98.10; Miami-Dade County; Florida,72.1,8.1,77.9,2.2,3.2,8.6,29.2,64632,81468,34210,5.7,3.4,2.8,1.2,25.6,15.2,16.3,22.2,2.3,5.3,7.6,9.4,19.3
12086009811,Census Tract 98.11; Miami-Dade County; Florida,49.2,1.9,70.2,0.0,4.1,2.7,33.0,36565,74445,39768,4.6,17.8,8.9,11.2,22.4,14.3,5.5,6.3,0.0,9.0,19.5,29.4,3.3
12086009812,Census Tract 98.12; Miami-Dade County; Florida,70.8,7.0,71.2,5.7,0.0,12.0,31.7,72059,89548,33428,13.3,0.5,1.5,3.8,5.0,28.7,20.8,13.4,4.2,8.9,5.7,10.9,12.4
12086009903,Census Tract 99.03; Miami-Dade County; Florida,46.7,15.5,74.1,3.1,0.0,13.7,32.9,76189,86108,28992,1.2,5.9,9.0,5.2,8.5,18.9,20.7,23.4,4.9,2.4,7.5,24.0,20.8
12086009904,Census Tract 99.04; Miami-Dade County; Florida,56.3,16.0,80.3,3.6,0.0,11.8,33.1,48869,54369,19135,10.0,5.5,15.4,4.0,16.4,32.6,8.2,5.5,0.0,2.3,31.0,41.6,15.0
12086009905,Census Tract 99.05; Miami-Dade County; Florida,58.3,9.4,88.5,0.5,0.0,6.1,32.8,74525,84207,23218,3.0,1.4,8.3,6.2,12.4,19.3,19.9,17.6,7.8,4.1,9.3,17.2,22.9
12086009906,Census Tract 99.06; Miami-Dade County; Florida,60.9,9.5,66.6,7.2,0.1,4.3,32.5,71242,71167,22954,5.6,3.7,10.6,6.3,15.7,15.7,16.7,18.6,6.7,0.7,12.3,23.1,10.6
12086009907,Census Tract 99.07; Miami-Dade County; Florida,68.2,8.5,78.9,1.4,3.0,9.0,32.1,114464,142314,35307,4.7,0.0,4.1,4.1,4.3,6.5,20.4,9.2,19.8,26.8,7.7,31.2,11.7
12086009908,Census Tract 99.08; Miami-Dade County; Florida,65.1,11.8,74.8,6.6,1.6,2.6,32.8,40815,53350,22482,7.5,4.4,7.6,20.3,17.9,17.3,15.9,5.3,1.7,2.0,13.0,27.5,22.0
12086009909,Census Tract 99.09; Miami-Dade County; Florida,76.4,7.6,68.5,1.9,0.6,23.5,35.4,60897,82472,27994,0.0,2.5,7.9,1.1,18.0,42.8,9.0,12.9,3.9,2.0,13.2,45.0,18.3
12086010010,Census Tract 100.10; Miami-Dade County; Florida,61.6,6.5,75.7,2.6,0.0,10.3,31.7,66136,75717,26740,5.3,2.3,7.0,4.8,26.4,8.4,18.3,16.8,7.4,3.2,12.8,31.3,22.7
12086010012,Census Tract 100.12; Miami-Dade County; Florida,66.0,3.0,80.5,0.8,0.0,6.7,33.0,84943,87919,25987,0.5,0.0,6.2,6.5,11.3,22.3,17.2,25.2,7.2,3.6,5.0,27.6,17.9
12086010013,Census Tract 100.13; Miami-Dade County; Florida,59.0,2.5,83.8,2.6,2.9,2.3,33.6,64455,83761,24896,1.5,6.1,7.8,5.0,18.1,20.7,16.3,10.5,6.0,7.9,8.5,26.2,20.4
12086010015,Census Tract 100.15; Miami-Dade County; Florida,55.8,3.4,82.7,0.4,0.0,5.3,28.4,53690,63057,21616,4.0,3.4,22.3,3.7,10.0,29.5,12.3,8.0,2.4,4.4,20.5,43.5,30.5
12086010016,Census Tract 100.16; Miami-Dade County; Florida,53.1,0.5,79.0,1.9,0.1,9.0,32.7,72471,96517,30083,5.7,2.9,5.1,6.6,14.0,18.0,15.4,19.4,10.8,2.1,10.8,28.9,12.7
12086010017,Census Tract 100.17; Miami-Dade County; Florida,53.9,0.7,82.8,0.0,0.0,13.6,29.7,70118,76336,23600,4.6,2.9,4.4,7.5,11.0,25.7,20.0,16.8,4.6,2.4,7.8,39.9,18.0
12086010018,Census Tract 100.18; Miami-Dade County; Florida,49.1,1.5,85.1,0.8,3.3,10.8,32.0,60345,82102,29153,10.4,4.4,11.5,6.8,2.9,21.0,15.5,12.6,6.5,8.5,14.8,25.4,18.0
12086010019,Census Tract 100.19; Miami-Dade County; Florida,49.9,10.2,77.3,0.2,0.0,14.4,28.3,58947,96886,34287,6.3,4.1,3.6,2.2,26.2,15.9,12.3,9.4,5.6,14.3,9.1,36.9,22.6
12086010020,Census Tract 100.20; Miami-Dade County; Florida,61.2,4.0,85.0,0.1,0.0,4.2,26.9,55843,68395,22124,7.8,1.8,7.2,14.3,13.1,21.7,14.5,5.7,12.5,1.4,13.0,37.6,15.3
12086010021,Census Tract 100.21; Miami-Dade County; Florida,61.0,1.4,79.3,3.9,0.0,5.4,29.5,58950,71429,20855,2.0,4.7,5.3,7.7,13.8,23.5,20.1,18.7,0.0,4.2,7.2,38.6,22.9
12086010022,Census Tract 100.22; Miami-Dade County; Florida,47.6,10.2,82.9,0.0,0.0,7.7,30.6,-666666666,78858,24849,6.6,0.4,21.2,1.0,15.2,5.7,11.3,31.5,6.1,1.0,16.7,37.2,16.7
12086010023,Census Tract 100.23; Miami-Dade County; Florida,47.7,18.7,65.2,5.7,1.8,17.1,44.8,37407,46898,22188,17.6,8.8,9.3,5.5,18.7,10.4,24.3,4.7,0.7,0.0,31.6,35.8,25.4
12086010024,Census Tract 100.24; Miami-Dade County; Florida,49.4,5.1,65.6,4.3,0.0,3.1,32.6,44282,67424,24056,10.4,1.5,13.5,18.2,15.3,13.9,12.5,6.1,1.3,7.3,16.7,36.9,19.6
12086010025,Census Tract 100.25; Miami-Dade County; Florida,60.2,1.1,74.9,1.2,0.7,9.4,34.2,70986,76134,25483,7.9,1.6,8.1,3.6,12.6,19.8,16.4,23.4,3.2,3.4,13.0,14.9,28.9
12086010026,Census Tract 100.26; Miami-Dade County; Florida,57.4,4.8,79.7,0.0,0.0,13.4,27.9,40000,44831,18653,14.0,1.3,2.2,9.2,45.1,11.9,8.1,8.1,0.0,0.0,34.6,39.0,28.7
12086010193,Census Tract 101.93; Miami-Dade County; Florida,62.0,2.6,79.5,0.0,1.5,10.8,33.1,114250,129607,40446,3.2,0.0,8.7,4.1,4.6,11.1,6.6,31.0,17.0,13.9,10.5,6.2,4.5
12086010198,Census Tract 101.98; Miami-Dade County; Florida,65.0,3.3,64.5,2.2,0.0,21.4,36.6,144140,157334,44881,2.7,4.4,0.0,0.0,8.1,7.6,5.0,28.7,27.5,16.1,4.4,7.3,4.4
12086010201,Census Tract 102.01; Miami-Dade County; Florida,56.5,4.1,66.2,1.0,0.0,12.5,42.7,101919,121496,37492,1.3,1.5,3.0,0.8,14.2,11.9,15.0,28.1,9.1,15.2,5.4,10.7,12.9
12086010205,Census Tract 102.05; Miami-Dade County; Florida,56.6,3.8,79.5,4.2,0.0,6.9,33.7,63295,74850,25062,3.4,3.7,12.6,6.8,12.0,19.6,15.7,17.9,3.2,5.1,8.7,24.0,7.7
12086010207,Census Tract 102.07; Miami-Dade County; Florida,56.2,9.9,61.7,5.4,1.3,2.9,38.8,35596,47826,20370,6.5,12.5,22.1,7.5,15.5,13.1,14.0,7.6,0.0,1.1,31.7,34.0,22.6
12086010208,Census Tract 102.08; Miami-Dade County; Florida,56.6,4.3,81.4,1.7,0.0,3.3,31.2,56513,61842,21029,3.2,16.9,2.0,8.5,13.4,23.4,12.3,16.7,3.1,0.4,15.0,44.6,20.9
12086010209,Census Tract 102.09; Miami-Dade County; Florida,55.9,6.7,73.8,0.9,0.0,12.1,37.8,74879,91481,26431,4.0,3.4,2.7,10.3,12.7,17.0,11.7,25.2,7.8,5.1,11.7,25.6,16.6
12086010211,Census Tract 102.11; Miami-Dade County; Florida,64.6,9.7,82.2,0.0,0.0,6.6,39.8,66323,73081,23332,3.6,1.5,5.9,11.1,12.7,29.9,14.7,9.7,8.8,2.0,19.8,41.1,19.2
12086010212,Census Tract 102.12; Miami-Dade County; Florida,74.7,1.6,84.5,0.3,0.0,11.7,31.5,140000,169827,45108,3.1,3.8,2.9,0.0,6.3,8.2,11.1,32.8,6.4,25.3,3.1,7.9,15.5
12086010213,Census Tract 102.13; Miami-Dade County; Florida,49.5,9.0,86.5,1.6,0.0,0.0,32.6,44021,59130,18432,15.6,4.8,20.1,0.9,12.1,10.6,13.8,17.8,0.0,4.3,24.8,48.5,20.5
12086010214,Census Tract 102.14; Miami-Dade County; Florida,49.0,2.8,81.3,0.0,0.0,14.9,41.8,53819,78759,33531,2.0,13.4,19.1,4.1,9.0,11.8,3.8,22.3,11.1,3.4,9.0,28.4,7.7
12086010301,Census Tract 103.01; Miami-Dade County; Florida,53.6,8.0,81.6,0.0,4.7,1.2,31.8,97395,115212,33651,2.9,0.8,2.9,4.5,21.1,5.8,12.4,16.4,16.3,16.8,15.6,27.0,21.2
12086010302,Census Tract 103.02; Miami-Dade County; Florida,59.6,2.4,65.1,0.0,0.0,8.9,53.1,79297,94255,26649,0.0,11.0,6.5,5.8,7.0,13.2,17.3,19.7,10.0,9.4,15.1,15.4,31.0
12086010303,Census Tract 103.03; Miami-Dade County; Florida,35.3,7.5,66.8,1.5,2.4,8.9,30.4,71250,138876,47631,17.7,3.3,1.4,6.4,3.3,18.5,9.3,12.7,18.1,9.4,20.3,10.4,13.9
12086010400,Census Tract 104; Miami-Dade County; Florida,69.0,4.0,85.2,6.0,0.4,4.2,42.6,80306,112241,34748,3.1,5.2,2.6,9.0,8.7,18.4,13.3,16.6,8.1,15.1,9.9,38.1,11.7
12086010501,Census Tract 105.01; Miami-Dade County; Florida,51.4,13.0,76.7,8.0,0.0,2.5,38.0,42718,58700,20290,3.9,15.0,19.5,3.7,17.0,12.0,8.5,14.4,4.1,2.0,29.5,56.2,18.1
12086010502,Census Tract 105.02; Miami-Dade County; Florida,67.3,5.6,64.8,4.4,0.0,22.1,40.3,93706,108687,29560,1.1,2.6,1.6,2.5,3.1,25.9,16.0,26.6,11.7,8.9,13.4,20.4,13.1
12086010604,Census Tract 106.04; Miami-Dade County; Florida,67.8,7.1,73.1,1.4,0.8,17.0,38.3,123167,128451,41306,6.6,0.6,2.6,7.6,6.6,8.6,10.5,26.6,12.4,17.9,12.0,11.6,10.6
12086010608,Census Tract 106.08; Miami-Dade County; Florida,62.4,4.3,71.5,2.9,0.3,15.6,39.0,76722,96187,30054,1.8,1.1,4.2,6.2,18.9,15.7,17.6,14.4,11.5,8.7,9.7,20.8,9.2
12086010609,Census Tract 106.09; Miami-Dade County; Florida,60.2,1.8,86.3,0.7,0.0,2.8,31.7,46283,56599,20775,2.4,10.3,12.2,19.8,11.1,21.2,8.4,10.0,4.5,0.0,24.6,39.4,14.6
12086010610,Census Tract 106.10; Miami-Dade County; Florida,53.6,6.5,63.7,3.5,0.0,24.0,35.6,108165,139535,43546,5.4,6.8,4.2,2.1,1.0,16.7,11.4,17.4,9.1,26.0,5.7,19.0,6.4
12086010613,Census Tract 106.13; Miami-Dade County; Florida,69.0,0.3,66.7,2.7,0.4,12.4,42.2,59248,83908,36345,2.5,6.7,1.2,20.6,13.5,17.4,7.4,18.2,5.6,6.7,11.6,25.6,11.0
12086010618,Census Tract 106.18; Miami-Dade County; Florida,72.4,4.7,78.8,0.8,0.0,13.6,38.0,98590,114128,35852,0.8,0.8,5.1,0.0,18.4,10.0,19.1,28.3,8.3,9.4,8.3,25.8,2.0
12086010619,Census Tract 106.19; Miami-Dade County; Florida,65.7,0.6,71.5,0.0,5.3,8.4,35.1,67095,95942,34198,0.0,0.0,0.0,5.9,22.1,24.2,14.4,13.0,13.9,6.5,11.7,21.6,4.5
12086010620,Census Tract 106.20; Miami-Dade County; Florida,65.9,6.8,80.6,0.5,0.0,16.6,40.9,110766,133096,44569,0.0,0.0,0.0,7.8,11.2,12.1,9.0,20.3,19.3,20.3,0.1,7.2,15.2
12086010621,Census Tract 106.21; Miami-Dade County; Florida,69.6,3.0,62.2,0.9,2.1,16.2,43.9,86925,114442,32241,4.0,0.7,3.1,9.3,3.6,16.9,19.8,20.5,7.1,15.0,11.8,16.9,11.9
12086010622,Census Tract 106.22; Miami-Dade County; Florida,63.3,1.5,80.7,2.1,1.6,1.6,37.2,71250,85226,24900,0.0,2.2,0.0,7.7,12.7,28.3,17.8,16.4,14.9,0.0,8.1,33.7,10.5
12086010623,Census Tract 106.23; Miami-Dade County; Florida,63.0,4.1,54.5,1.5,0.0,8.7,44.6,74883,91236,28011,2.3,0.0,0.0,3.6,16.8,27.6,24.8,15.3,4.3,5.3,17.6,24.6,25.1
12086010624,Census Tract 106.24; Miami-Dade County; Florida,64.1,7.9,77.2,3.6,0.0,10.9,39.9,76136,92841,30171,4.9,2.3,12.1,0.0,5.3,25.0,10.8,23.7,5.5,10.5,11.7,24.8,16.7
12086010625,Census Tract 106.25; Miami-Dade County; Florida,69.9,2.7,76.2,1.3,0.0,15.7,42.9,93170,103700,35016,6.5,2.5,0.4,4.5,9.2,18.4,14.0,30.9,5.6,8.0,9.8,8.9,19.7
12086010626,Census Tract 106.26; Miami-Dade County; Florida,68.0,10.8,78.2,0.0,0.0,10.0,37.8,85500,95969,31567,0.0,0.8,9.7,5.1,18.7,8.4,10.8,28.5,14.2,3.8,12.6,39.4,8.4
12086010705,Census Tract 107.05; Miami-Dade County; Florida,64.1,4.3,79.8,0.0,0.6,6.0,37.6,61270,112328,32298,3.8,0.8,12.4,6.8,15.6,13.2,11.8,19.1,1.5,14.9,23.6,31.7,21.1
12086010706,Census Tract 107.06; Miami-Dade County; Florida,68.9,4.9,68.5,1.8,1.5,8.1,33.1,90087,95785,25736,1.6,3.5,7.6,5.0,11.9,12.4,28.0,20.7,7.2,2.2,12.9,18.9,22.7
12086010707,Census Tract 107.07; Miami-Dade County; Florida,56.1,8.5,86.8,0.0,0.1,3.2,34.4,57816,72692,19117,2.9,0.0,14.0,13.7,2.6,26.8,12.1,18.9,7.7,1.2,21.9,49.3,10.0
12086010708,Census Tract 107.08; Miami-Dade County; Florida,58.9,4.8,68.0,1.7,0.0,10.3,40.9,57360,71462,22860,9.5,1.5,2.3,9.4,15.0,25.7,12.6,17.5,5.8,0.8,20.2,25.4,15.0
12086010709,Census Tract 107.09; Miami-Dade County; Florida,67.3,3.1,67.3,2.1,0.0,7.8,38.6,84352,122994,36488,1.7,0.0,0.5,0.9,10.2,18.8,33.1,19.4,7.5,8.0,3.3,7.4,16.2
12086010710,Census Tract 107.10; Miami-Dade County; Florida,74.6,3.3,68.4,0.0,0.0,12.1,43.9,74842,96759,32735,0.6,0.0,16.2,4.7,5.1,24.1,11.9,21.1,9.2,7.2,4.0,32.8,12.9
12086010803,Census Tract 108.03; Miami-Dade County; Florida,67.8,9.5,69.5,0.1,0.0,8.7,38.7,52475,62095,19813,14.9,4.8,0.0,18.8,7.6,13.1,19.6,15.6,5.7,0.0,26.9,39.4,24.6
12086010804,Census Tract 108.04; Miami-Dade County; Florida,58.8,13.5,59.7,3.4,0.0,19.0,35.3,57681,72030,23795,4.7,4.6,18.3,12.6,6.8,11.2,20.1,16.9,3.2,1.7,29.1,33.5,25.2
12086010805,Census Tract 108.05; Miami-Dade County; Florida,56.0,6.7,78.6,1.8,0.0,8.9,31.2,36507,53388,18225,9.6,3.6,9.6,13.6,28.9,14.2,11.6,4.3,1.1,3.3,26.1,42.5,16.1
12086010806,Census Tract 108.06; Miami-Dade County; Florida,57.2,4.7,70.3,1.1,0.0,14.7,36.6,55250,63246,19494,11.5,2.2,5.4,17.2,10.6,17.6,22.5,5.2,3.7,4.0,31.6,31.0,18.5
12086010900,Census Tract 109; Miami-Dade County; Florida,56.9,8.0,82.5,2.1,0.0,1.3,31.3,36851,58925,20276,7.4,4.9,12.6,19.2,16.3,10.7,12.7,9.7,2.4,4.1,27.0,52.5,26.5
12086011003,Census Tract 110.03; Miami-Dade County; Florida,59.4,0.8,74.0,1.0,0.8,9.5,35.4,74072,90952,26372,1.9,3.9,12.7,5.5,9.5,19.5,15.9,10.4,9.0,11.7,9.8,32.1,32.3
12086011008,Census Tract 110.08; Miami-Dade County; Florida,64.6,5.4,80.4,4.4,0.0,5.9,41.3,78164,87339,25771,7.1,0.0,4.3,3.8,11.9,19.9,16.1,25.2,9.3,2.5,12.6,25.0,12.3
12086011009,Census Tract 110.09; Miami-Dade County; Florida,57.1,8.6,82.2,2.2,0.1,8.9,35.4,76762,94560,29455,5.3,3.0,2.8,3.6,12.3,21.1,12.6,25.1,4.3,10.0,10.8,18.3,12.5
12086011010,Census Tract 110.10; Miami-Dade County; Florida,58.9,8.5,71.6,2.5,1.6,2.0,30.8,37988,43757,17597,9.6,12.8,12.4,6.2,25.7,16.9,7.5,7.1,1.6,0.3,19.2,48.9,18.4
12086011011,Census Tract 110.11; Miami-Dade County; Florida,61.5,5.9,78.6,0.3,0.0,2.0,41.6,49375,59121,20949,9.3,4.0,12.2,5.1,20.4,17.9,19.3,5.5,6.4,0.0,23.0,32.5,15.0
12086011012,Census Tract 110.12; Miami-Dade County; Florida,58.8,4.7,87.3,0.6,0.0,5.4,37.0,54300,78440,25758,9.7,4.2,3.4,13.7,11.1,22.2,11.5,10.2,7.7,6.5,16.0,36.2,16.3
12086011013,Census Tract 110.13; Miami-Dade County; Florida,67.1,3.5,61.4,0.0,1.2,24.6,33.3,68426,75421,23027,6.6,6.9,5.0,10.2,2.6,27.5,14.8,16.6,2.7,7.1,19.5,18.2,13.5
12086011014,Census Tract 110.14; Miami-Dade County; Florida,61.7,8.3,76.2,0.4,0.0,9.5,29.5,83510,97801,34146,0.7,6.8,4.2,4.9,9.5,16.6,14.9,23.3,10.5,8.6,9.9,12.5,8.9
12086011015,Census Tract 110.15; Miami-Dade County; Florida,72.2,2.2,80.0,5.5,0.2,7.0,36.8,104151,106720,31297,1.3,0.4,3.7,2.3,4.7,18.3,17.1,35.8,8.5,7.8,3.4,10.8,5.3
12086011103,Census Tract 111.03; Miami-Dade County; Florida,70.9,2.1,76.5,1.9,0.0,9.5,33.4,41569,46251,16820,9.0,8.3,3.9,5.4,35.7,17.2,20.5,0.0,0.0,0.0,19.8,35.2,7.9
12086011104,Census Tract 111.04; Miami-Dade County; Florida,62.9,0.0,56.2,2.3,2.1,6.7,33.5,32204,47074,14481,9.6,10.3,21.6,8.8,12.5,14.3,15.5,2.9,4.5,0.0,29.8,47.1,48.9
12086011105,Census Tract 111.05; Miami-Dade County; Florida,64.8,2.1,77.6,0.4,0.1,7.9,32.6,129808,133167,39555,5.2,0.0,5.5,4.5,8.4,8.7,9.8,19.8,14.2,23.9,5.8,12.3,14.4
12086011106,Census Tract 111.06; Miami-Dade County; Florida,72.3,0.0,84.8,0.0,0.0,3.8,36.3,82820,94769,27266,1.5,3.2,21.6,6.2,3.8,6.8,20.6,10.5,14.0,11.8,30.1,29.5,26.8
12086011203,Census Tract 112.03; Miami-Dade County; Florida,64.8,0.0,62.7,0.0,0.0,2.0,40.9,31316,49792,13281,3.5,1.9,39.7,11.5,11.1,9.8,11.2,6.4,4.4,0.6,51.7,30.3,49.0
12086011204,Census Tract 112.04; Miami-Dade County; Florida,68.9,0.5,72.3,0.0,1.9,11.4,29.0,117733,106003,35570,0.0,0.0,6.5,5.4,18.3,6.5,7.6,35.9,15.5,4.3,4.5,11.0,12.8
12086011205,Census Tract 112.05; Miami-Dade County; Florida,53.4,2.8,72.5,0.0,0.0,1.4,34.4,55588,59633,17793,6.8,2.4,9.4,3.2,15.2,38.2,8.4,15.3,1.1,0.0,22.5,28.0,21.5
12086011206,Census Tract 112.06; Miami-Dade County; Florida,63.9,1.0,77.7,0.0,0.3,9.0,38.4,102292,110322,27573,0.0,0.0,10.3,0.5,7.1,10.3,18.6,31.6,13.0,8.6,13.0,16.9,20.6
12086011301,Census Tract 113.01; Miami-Dade County; Florida,48.6,8.4,42.2,2.7,3.6,0.0,42.2,22438,43060,13669,33.2,9.7,10.0,7.0,4.1,10.5,10.7,13.2,1.6,0.0,40.1,57.3,38.8
12086011302,Census Tract 113.02; Miami-Dade County; Florida,39.1,11.9,61.8,3.3,0.8,7.4,32.3,26268,33429,11820,24.0,10.9,11.4,20.5,8.1,14.5,6.5,1.6,2.5,0.0,48.0,43.3,36.2
12086011405,Census Tract 114.05; Miami-Dade County; Florida,40.2,2.2,81.8,5.0,0.0,4.1,38.4,53070,70851,23821,8.9,18.3,12.1,9.2,0.6,17.3,8.5,8.2,5.6,11.4,39.4,55.1,27.2
12086011406,Census Tract 114.06; Miami-Dade County; Florida,52.5,1.9,81.4,3.3,1.8,8.0,38.0,53054,63833,20940,10.5,3.4,1.7,12.1,18.0,20.3,14.2,13.6,6.1,0.0,18.6,29.3,27.4
12086011407,Census Tract 114.07; Miami-Dade County; Florida,57.2,4.4,73.3,0.2,0.7,14.6,33.1,68257,71475,18688,3.2,3.0,5.4,12.9,14.4,16.3,23.5,14.3,6.2,0.9,13.9,33.4,24.2
12086011408,Census Tract 114.08; Miami-Dade County; Florida,24.2,4.4,88.1,0.9,1.2,0.0,22.0,38934,44103,6883,4.8,0.0,17.5,3.5,48.2,12.6,5.5,8.0,0.0,0.0,23.5,29.5,24.2
12086011409,Census Tract 114.09; Miami-Dade County; Florida,49.2,5.2,90.8,0.0,0.0,6.4,34.1,52152,82478,28337,4.6,2.2,4.8,11.5,11.0,23.1,12.1,25.7,1.2,3.7,11.1,20.5,22.4
12086011410,Census Tract 114.10; Miami-Dade County; Florida,74.5,4.5,78.9,0.7,0.0,8.5,35.7,91557,102388,36848,2.0,3.5,0.6,3.2,2.9,13.5,34.8,27.2,8.3,4.0,5.0,2.6,21.4
12086011411,Census Tract 114.11; Miami-Dade County; Florida,57.8,1.4,68.6,0.0,0.0,18.9,29.8,69395,94864,31877,0.9,4.1,0.0,5.4,5.0,37.6,14.5,4.3,26.7,1.5,3.9,4.5,2.4
12086011412,Census Tract 114.12; Miami-Dade County; Florida,75.8,0.0,85.2,0.0,0.0,0.5,50.1,62441,71832,25553,2.9,6.8,2.8,2.0,5.1,43.1,25.5,6.8,2.7,2.4,14.1,29.7,8.2
12086011500,Census Tract 115; Miami-Dade County; Florida,61.9,0.5,73.2,0.7,0.7,18.6,44.1,107073,114305,40008,6.5,0.0,8.5,2.8,1.7,4.1,7.8,48.7,9.1,10.8,8.5,9.3,11.7
12086011601,Census Tract 116.01; Miami-Dade County; Florida,59.9,14.4,74.0,0.6,0.8,12.1,32.0,92222,94667,30571,7.6,1.0,3.2,9.1,7.9,15.2,14.0,22.3,13.8,5.9,15.3,19.6,20.4
12086011602,Census Tract 116.02; Miami-Dade County; Florida,81.1,2.7,76.0,2.4,0.0,6.5,31.9,97292,103382,36870,2.1,0.0,3.9,1.5,15.6,15.2,13.4,19.8,25.6,2.9,1.8,16.6,13.9
12086011701,Census Tract 117.01; Miami-Dade County; Florida,63.0,1.0,83.5,2.0,0.0,7.7,81.6,84428,102641,34106,0.0,0.0,4.2,2.3,12.0,7.0,33.4,21.2,16.4,3.5,3.3,11.0,21.3
12086011702,Census Tract 117.02; Miami-Dade County; Florida,61.8,3.7,76.5,0.7,4.8,6.5,30.3,50882,57142,24821,9.9,3.7,10.9,9.4,13.8,25.5,14.1,9.4,1.7,1.3,12.6,29.9,13.3
12086011800,Census Tract 118; Miami-Dade County; Florida,59.7,2.2,85.6,0.9,2.5,4.6,34.2,83372,104592,30335,0.0,0.0,7.9,9.6,1.6,14.8,18.7,22.5,15.8,9.1,6.3,31.2,19.0
12086011900,Census Tract 119; Miami-Dade County; Florida,65.2,6.7,73.8,0.0,1.2,13.4,31.9,82937,118207,39456,2.6,3.3,4.0,5.7,8.3,18.1,12.8,17.6,15.3,12.3,14.8,14.0,14.9
12086012001,Census Tract 120.01; Miami-Dade County; Florida,63.2,7.8,79.8,0.0,0.0,13.3,35.8,47250,67619,26760,6.3,6.9,7.4,15.4,14.2,18.3,12.9,11.7,0.0,7.1,28.0,24.8,16.3
12086012002,Census Tract 120.02; Miami-Dade County; Florida,61.7,1.4,79.7,3.4,0.0,7.1,34.5,45542,54819,23140,0.0,3.5,10.2,22.9,18.6,19.4,16.5,7.3,1.6,0.0,15.6,37.8,9.7
12086012101,Census Tract 121.01; Miami-Dade County; Florida,81.2,2.4,80.6,0.0,0.0,5.5,28.9,73139,84527,36337,1.5,1.3,5.6,6.0,5.9,32.4,13.7,23.5,9.5,0.6,13.0,14.3,14.4
12086012102,Census Tract 121.02; Miami-Dade County; Florida,76.2,2.0,78.2,0.9,0.0,5.5,31.4,76364,84474,32129,6.2,4.2,4.4,2.7,9.8,21.4,24.3,13.5,8.9,4.7,11.7,14.8,18.3
12086012103,Census Tract 121.03; Miami-Dade County; Florida,68.9,5.6,89.0,0.0,0.0,9.1,34.4,78667,88068,33380,5.8,0.0,4.0,11.8,2.8,20.6,29.6,10.6,0.0,14.8,13.7,11.3,12.9
12086012104,Census Tract 121.04; Miami-Dade County; Florida,63.3,10.5,75.4,0.0,0.0,21.8,33.9,46793,67047,23572,1.3,0.0,5.9,8.6,39.9,17.0,6.1,17.8,0.7,2.8,11.9,43.7,12.9
12086012105,Census Tract 121.05; Miami-Dade County; Florida,63.3,6.0,81.6,0.0,0.0,9.4,31.2,73825,82435,24736,11.6,4.3,1.1,1.4,9.0,26.0,18.5,18.8,6.6,2.8,15.8,25.0,6.5
12086012200,Census Tract 122; Miami-Dade County; Florida,61.3,2.8,73.2,0.7,0.1,10.6,30.5,97083,115036,33933,2.3,0.6,1.8,6.7,7.0,18.1,14.4,22.4,13.4,13.3,11.8,17.0,12.2
12086012301,Census Tract 123.01; Miami-Dade County; Florida,65.0,5.3,75.1,2.5,0.0,13.4,35.9,70675,105609,33439,1.7,3.5,4.1,9.5,2.1,35.2,4.8,9.3,10.0,19.7,7.8,15.2,9.2
12086012302,Census Tract 123.02; Miami-Dade County; Florida,66.2,2.3,79.4,0.4,0.0,13.3,34.9,82841,92822,28866,3.0,8.1,1.3,8.7,5.9,15.4,16.4,26.0,8.5,6.7,11.3,28.3,4.1
12086012401,Census Tract 124.01; Miami-Dade County; Florida,62.0,7.9,82.0,0.0,0.8,3.7,27.9,90377,100925,26645,1.1,0.4,6.0,2.8,4.2,25.0,19.4,17.4,20.7,2.9,4.4,28.9,14.3
12086012402,Census Tract 124.02; Miami-Dade County; Florida,71.9,2.1,71.6,1.0,0.0,15.3,36.7,130625,148762,43142,0.0,1.0,1.9,7.2,1.4,5.1,20.3,23.0,14.6,25.5,1.2,11.9,2.5
12086012403,Census Tract 124.03; Miami-Dade County; Florida,70.6,6.5,68.7,0.6,0.0,16.9,38.3,150764,172797,54802,0.0,0.0,7.8,6.3,0.0,9.8,4.0,20.1,20.1,31.9,12.9,8.9,4.7
12086012501,Census Tract 125.01; Miami-Dade County; Florida,56.2,2.0,66.4,0.0,0.0,22.5,26.9,99688,119963,39238,0.0,0.0,15.3,13.6,1.5,15.1,4.6,19.9,10.9,19.0,17.1,29.1,1.3
12086012502,Census Tract 125.02; Miami-Dade County; Florida,59.1,2.9,81.1,1.0,0.0,10.4,32.5,89402,102260,29597,2.0,0.8,3.2,5.7,10.6,16.7,15.0,30.6,8.0,7.4,16.8,38.3,12.1
12086012601,Census Tract 126.01; Miami-Dade County; Florida,70.6,1.8,84.9,0.0,0.0,7.5,32.3,61125,75414,24323,0.0,7.4,4.4,9.6,12.6,30.9,10.9,12.7,8.2,3.2,12.7,27.1,6.2
12086012602,Census Tract 126.02; Miami-Dade County; Florida,65.4,6.5,82.9,1.9,1.1,11.6,36.4,91532,109946,31391,0.7,0.0,10.2,4.0,10.0,13.9,22.2,21.9,3.9,13.2,9.9,41.5,12.5
12086012701,Census Tract 127.01; Miami-Dade County; Florida,74.3,1.0,69.0,0.4,0.0,18.1,40.4,129375,141220,43183,2.3,1.0,3.0,2.5,6.4,7.2,12.2,28.6,15.0,21.8,5.2,6.4,4.9
12086012702,Census Tract 127.02; Miami-Dade County; Florida,63.6,1.3,72.4,0.0,0.0,16.6,32.0,159174,208031,67764,0.0,2.8,0.0,2.9,4.7,13.5,11.3,10.3,16.2,38.2,2.8,5.3,6.2
12086012801,Census Tract 128.01; Miami-Dade County; Florida,54.9,3.7,88.1,0.0,0.0,9.6,29.6,93796,111668,36732,6.6,2.1,0.0,7.3,8.2,8.6,19.1,19.4,16.4,12.3,5.2,18.9,10.0
12086012802,Census Tract 128.02; Miami-Dade County; Florida,68.4,1.5,71.4,3.6,0.0,14.0,31.7,102734,127524,48399,2.4,0.9,1.2,7.9,7.4,9.1,20.7,25.2,14.1,11.2,2.3,5.2,5.9
12086012900,Census Tract 129; Miami-Dade County; Florida,68.3,2.8,79.4,0.0,1.3,11.7,26.3,63182,68181,25764,2.6,4.5,9.4,16.7,8.3,20.7,16.3,14.3,6.1,1.0,14.7,37.6,15.6
12086013000,Census Tract 130; Miami-Dade County; Florida,61.6,3.6,81.5,0.0,0.3,9.2,27.1,76644,90278,30142,5.1,1.8,11.7,5.3,14.3,9.3,20.7,16.2,11.2,4.4,18.4,38.1,9.7
12086013100,Census Tract 131; Miami-Dade County; Florida,66.4,3.8,74.9,0.3,1.0,10.8,28.8,57996,71102,25808,4.7,2.1,8.0,10.2,22.3,14.9,11.2,19.3,5.5,1.9,17.3,38.0,11.6
12086013201,Census Tract 132.01; Miami-Dade County; Florida,67.6,2.0,90.8,0.0,0.0,3.4,33.8,100554,99080,35136,1.0,4.9,5.5,4.8,7.3,10.0,13.7,41.2,8.0,3.5,6.9,24.0,11.6
12086013202,Census Tract 132.02; Miami-Dade County; Florida,64.1,5.3,86.4,0.2,0.0,8.4,32.0,103333,108078,30806,1.4,4.2,4.8,1.8,12.2,10.9,13.9,28.8,9.9,12.3,8.0,29.3,13.5
12086013301,Census Tract 133.01; Miami-Dade County; Florida,68.2,4.1,75.4,0.8,0.0,18.7,32.3,67217,78255,29048,2.5,2.7,7.6,4.6,6.0,38.0,13.9,16.6,3.8,4.3,14.4,25.5,7.2
12086013302,Census Tract 133.02; Miami-Dade County; Florida,66.7,3.2,76.3,0.0,0.7,5.8,24.1,59781,74439,23411,5.9,5.7,3.5,5.6,18.6,17.9,15.6,19.4,4.6,3.3,15.6,34.6,13.8
12086013400,Census Tract 134; Miami-Dade County; Florida,55.2,8.6,77.8,1.8,0.0,11.1,31.4,39516,63621,22735,8.2,7.3,12.1,17.3,14.2,8.5,7.1,19.0,5.2,1.2,21.1,42.9,14.4
12086013500,Census Tract 135; Miami-Dade County; Florida,53.7,4.6,67.2,1.3,0.3,11.5,30.3,50667,62913,19668,15.1,4.4,6.2,11.4,12.3,22.6,12.9,4.9,7.7,2.6,24.5,51.7,16.2
12086013600,Census Tract 136; Miami-Dade County; Florida,66.8,5.6,64.7,1.2,0.8,15.5,28.5,52900,64133,23421,0.8,7.3,12.4,14.5,14.8,16.6,20.5,9.4,1.8,1.9,11.7,46.0,16.8
12086013700,Census Tract 137; Miami-Dade County; Florida,57.1,4.9,71.4,0.0,1.8,11.4,27.4,41772,49635,19034,2.6,10.0,14.2,15.9,13.4,23.9,11.5,5.9,2.4,0.0,16.6,43.8,15.0
12086013801,Census Tract 138.01; Miami-Dade County; Florida,63.1,5.2,76.9,0.0,2.1,3.0,30.8,65192,59983,21837,5.1,6.3,14.4,10.2,6.4,20.8,21.6,14.5,0.0,0.7,12.0,32.2,13.3
12086013802,Census Tract 138.02; Miami-Dade County; Florida,45.7,3.6,65.5,2.5,2.9,10.0,26.3,29088,105142,39366,5.0,7.7,18.3,27.7,5.5,15.2,8.8,1.1,2.5,8.5,22.1,68.3,22.0
12086013900,Census Tract 139; Miami-Dade County; Florida,66.5,3.2,80.6,2.1,0.4,7.4,32.2,60964,75567,25354,0.4,5.6,3.3,10.6,16.7,26.3,20.7,6.1,5.9,4.4,10.9,18.8,16.3
12086014100,Census Tract 141; Miami-Dade County; Florida,2.1,0.0,64.7,0.0,0.0,0.0,-999999999.0,-666666666,51929,3502,0.0,0.0,21.4,0.0,57.1,0.0,0.0,21.4,0.0,0.0,37.5,0.0,0.0
12086014200,Census Tract 142; Miami-Dade County; Florida,60.2,1.5,87.2,1.6,0.2,4.9,30.9,120234,134671,45039,0.5,1.9,0.9,5.5,11.3,12.3,8.9,20.6,14.0,24.3,2.1,19.7,8.2
12086014300,Census Tract 143; Miami-Dade County; Florida,61.6,4.7,74.2,0.2,0.0,14.8,35.6,106944,115865,39914,11.4,1.3,9.7,1.2,3.4,10.9,8.1,24.9,14.8,14.2,11.5,10.8,8.9
12086014400,Census Tract 144; Miami-Dade County; Florida,68.4,3.1,79.1,2.3,0.1,10.2,31.7,74155,98675,31780,1.8,0.9,18.8,2.0,7.2,20.1,13.4,15.6,7.8,12.3,16.5,9.9,18.3
12086014500,Census Tract 145; Miami-Dade County; Florida,64.1,1.1,77.0,0.0,0.0,9.2,31.7,102738,145984,46530,2.5,2.7,3.5,4.1,5.3,13.8,17.9,18.9,11.3,20.1,6.3,16.7,7.0
12086014601,Census Tract 146.01; Miami-Dade County; Florida,61.6,0.0,85.0,1.2,0.6,1.9,24.6,45244,50194,24541,14.1,4.6,20.3,4.3,13.1,11.3,26.8,3.9,0.6,1.2,24.7,24.9,15.7
12086014602,Census Tract 146.02; Miami-Dade County; Florida,61.7,1.1,61.1,0.7,0.0,12.9,38.1,51288,87826,37261,3.2,2.3,2.8,9.2,26.7,14.1,9.9,18.2,4.3,9.3,5.2,15.2,7.0
12086014701,Census Tract 147.01; Miami-Dade County; Florida,68.6,0.0,75.8,0.7,0.0,4.2,33.7,44821,60001,26414,2.8,29.5,1.8,3.6,12.4,12.8,6.4,28.8,1.9,0.0,28.0,20.2,3.5
12086014702,Census Tract 147.02; Miami-Dade County; Florida,69.2,4.2,85.9,0.0,0.0,8.3,32.8,85156,105846,38451,2.1,8.7,1.9,7.2,10.9,13.4,14.1,17.3,13.0,11.5,10.8,13.1,7.1
12086014800,Census Tract 148; Miami-Dade County; Florida,57.2,9.0,89.4,2.1,0.0,5.4,31.9,51277,63334,22970,13.7,13.1,6.4,7.8,7.7,14.4,15.6,13.1,4.3,4.0,26.9,46.9,12.7
12086014900,Census Tract 149; Miami-Dade County; Florida,58.3,4.5,76.0,1.0,1.3,12.4,34.1,93750,98463,31264,1.1,2.9,8.6,7.7,7.6,11.6,19.0,19.6,12.9,8.8,9.5,24.8,11.5
12086015001,Census Tract 150.01; Miami-Dade County; Florida,63.1,1.2,80.9,0.9,0.6,6.6,38.0,74152,101597,36311,2.7,1.9,10.9,3.0,15.2,18.2,9.3,22.1,9.5,7.3,5.4,20.9,8.2
12086015002,Census Tract 150.02; Miami-Dade County; Florida,65.3,5.4,75.8,0.0,0.0,17.5,29.6,101978,149925,40518,0.8,1.2,5.8,5.9,6.4,11.0,12.5,19.1,9.5,27.6,12.6,19.2,5.0
12086015101,Census Tract 151.01; Miami-Dade County; Florida,65.0,1.2,81.3,1.0,2.2,9.1,39.5,106294,131380,43596,14.8,1.4,0.0,0.0,6.9,12.2,10.0,25.9,11.6,17.2,6.8,5.8,9.0
12086015102,Census Tract 151.02; Miami-Dade County; Florida,64.9,3.9,70.5,0.1,0.0,15.9,34.9,112765,128567,41035,0.0,0.0,4.0,0.8,5.4,1.4,30.2,25.9,20.8,11.5,4.1,28.8,3.3
12086015103,Census Tract 151.03; Miami-Dade County; Florida,59.6,0.0,75.5,0.0,0.6,14.5,30.3,164762,174117,46828,8.3,0.0,0.0,0.0,0.0,19.6,7.0,13.1,13.1,39.0,14.3,12.6,3.8
12086015201,Census Tract 152.01; Miami-Dade County; Florida,71.9,1.9,69.6,0.3,0.0,10.8,37.6,109917,120491,38606,1.3,0.0,6.0,0.8,8.9,10.9,15.6,36.8,6.5,13.1,3.9,13.5,3.1
12086015202,Census Tract 152.02; Miami-Dade County; Florida,57.5,2.5,82.6,0.0,0.0,8.0,43.2,83802,102778,30293,1.6,6.3,4.6,10.1,5.6,10.3,20.7,10.5,20.0,10.4,10.4,28.0,13.1
12086015300,Census Tract 153; Miami-Dade County; Florida,61.6,4.3,77.5,0.5,0.0,16.7,36.6,111689,128207,41678,7.0,0.0,1.5,3.4,7.6,10.4,14.7,30.9,7.1,17.5,8.7,12.4,4.8
12086015400,Census Tract 154; Miami-Dade County; Florida,59.2,3.4,84.2,0.0,0.0,8.0,39.4,100909,146712,48043,1.1,2.3,1.9,11.6,4.2,15.3,12.9,17.7,15.3,17.7,8.1,19.7,8.6
12086015501,Census Tract 155.01; Miami-Dade County; Florida,51.6,5.8,85.9,0.0,0.0,3.1,27.4,62639,80995,30540,2.5,5.3,11.8,5.3,21.3,15.2,12.3,17.1,3.2,5.9,12.5,18.6,7.5
12086015502,Census Tract 155.02; Miami-Dade County; Florida,57.9,3.5,84.5,1.8,1.2,9.0,28.9,79125,96944,32924,3.2,0.0,5.6,7.6,15.0,16.5,9.9,26.5,7.3,8.3,6.7,17.0,2.6
12086015600,Census Tract 156; Miami-Dade County; Florida,65.1,6.0,69.0,2.1,0.0,21.7,35.9,91420,125822,44749,1.5,0.0,3.1,1.5,10.3,11.7,28.0,16.9,16.9,10.2,5.3,14.9,7.6
12086015700,Census Tract 157; Miami-Dade County; Florida,58.9,1.9,82.6,0.7,1.0,6.1,26.0,153846,218495,69028,5.9,0.0,2.6,4.0,0.0,7.6,14.6,11.4,18.4,35.6,10.3,6.8,4.5
12086015800,Census Tract 158; Miami-Dade County; Florida,58.2,3.5,86.7,0.0,0.5,6.0,30.0,70208,81985,30667,3.5,1.6,3.3,5.8,11.6,27.1,17.9,22.2,6.1,1.0,3.6,16.1,7.8
12086015900,Census Tract 159; Miami-Dade County; Florida,52.8,4.2,82.8,0.0,0.5,9.7,27.4,92989,120441,42116,5.8,0.8,6.0,4.3,9.8,19.4,5.6,21.5,18.5,8.3,11.6,20.4,11.7
12086016000,Census Tract 160; Miami-Dade County; Florida,64.2,1.4,83.3,0.0,0.3,12.4,35.5,74013,90097,35777,2.0,4.2,5.9,13.7,7.8,17.3,11.1,24.4,8.3,5.2,9.8,18.0,7.3
12086016100,Census Tract 161; Miami-Dade County; Florida,63.0,2.6,57.4,0.0,0.3,21.7,39.0,91406,100731,34908,0.7,1.4,3.5,15.4,5.9,18.8,7.2,26.6,14.9,5.7,2.7,19.5,7.7
12086016200,Census Tract 162; Miami-Dade County; Florida,64.7,2.4,77.8,0.0,0.1,18.4,41.4,79848,104100,41037,1.5,3.2,8.5,4.0,4.4,20.7,13.9,24.6,6.4,12.8,3.7,13.6,6.4
12086016300,Census Tract 163; Miami-Dade County; Florida,55.1,5.2,72.9,0.7,0.0,14.4,38.3,96250,112728,34847,0.0,2.4,5.5,3.6,4.8,26.9,7.3,20.5,17.1,11.9,12.1,19.9,12.8
12086016401,Census Tract 164.01; Miami-Dade County; Florida,62.2,1.9,84.7,2.3,0.0,10.5,36.6,152222,143673,44262,3.1,3.0,0.8,0.0,4.4,8.6,8.6,19.8,35.9,15.7,7.3,9.9,1.6
12086016402,Census Tract 164.02; Miami-Dade County; Florida,56.9,0.5,77.6,1.0,0.0,10.7,37.4,87390,107724,34915,5.2,5.2,1.2,11.5,7.9,11.5,8.8,22.9,14.8,10.6,10.6,14.5,9.8
12086016501,Census Tract 165.01; Miami-Dade County; Florida,53.5,4.4,76.8,1.2,0.0,7.2,30.8,113542,135629,38898,7.3,0.0,3.4,11.4,0.1,5.5,9.8,24.7,15.2,22.5,25.8,19.7,14.0
12086016502,Census Tract 165.02; Miami-Dade County; Florida,67.8,1.7,94.3,0.0,0.7,0.7,41.8,126291,135815,41981,1.2,4.1,0.3,2.5,2.7,12.4,17.6,22.5,25.9,10.9,5.1,6.5,6.5
12086016600,Census Tract 166; Miami-Dade County; Florida,67.3,1.7,76.6,1.3,0.0,9.8,33.3,71468,87514,36535,3.6,0.7,13.5,3.1,3.5,35.8,11.0,17.7,5.5,5.6,10.7,10.7,8.1
12086016700,Census Tract 167; Miami-Dade County; Florida,61.5,2.7,81.0,0.0,0.5,5.6,46.7,94330,98744,28912,2.6,2.0,2.4,4.4,12.2,15.8,12.1,27.8,17.5,3.2,8.5,15.6,12.7
12086016800,Census Tract 168; Miami-Dade County; Florida,57.3,3.5,71.9,0.0,0.0,11.3,34.7,62071,99727,33410,5.9,6.3,2.3,3.9,16.9,20.6,7.0,17.8,4.1,15.0,14.5,20.7,7.9
12086016900,Census Tract 169; Miami-Dade County; Florida,63.2,4.2,77.2,0.4,1.2,5.9,35.4,67261,70481,28538,3.3,6.1,5.6,10.6,13.3,23.5,17.8,13.1,4.7,2.0,10.2,24.1,8.7
12086017000,Census Tract 170; Miami-Dade County; Florida,58.3,6.2,91.0,1.4,0.0,1.2,31.4,59327,81282,32525,7.6,5.4,3.9,6.3,10.7,28.9,10.2,15.9,4.5,6.7,13.2,13.6,13.3
12086017101,Census Tract 171.01; Miami-Dade County; Florida,66.5,5.0,91.0,3.2,0.0,4.8,34.9,68158,76094,30797,5.1,0.0,12.5,0.9,13.8,26.0,17.9,15.9,3.6,4.3,12.8,13.9,7.8
12086017102,Census Tract 171.02; Miami-Dade County; Florida,62.2,2.5,84.4,0.0,0.0,9.8,30.0,101081,98186,35284,9.2,0.0,8.7,1.0,10.3,12.2,6.8,39.3,2.6,9.8,7.7,15.2,4.8
12086017200,Census Tract 172; Miami-Dade County; Florida,51.3,3.9,71.9,3.2,0.0,15.4,26.9,74615,96244,35051,24.4,1.2,3.0,3.4,3.1,15.4,13.8,9.2,11.4,15.0,12.7,11.6,5.2
12086017300,Census Tract 173; Miami-Dade County; Florida,60.2,2.7,79.8,1.2,0.6,7.2,26.9,43829,71524,28960,8.9,3.5,9.1,19.4,12.5,15.9,6.4,15.7,3.0,5.6,12.7,18.2,13.4
12086017401,Census Tract 174.01; Miami-Dade County; Florida,41.5,20.1,72.7,2.4,0.0,9.0,40.9,74444,120724,35581,3.2,7.5,1.1,3.6,16.8,18.2,1.6,21.4,8.9,17.7,3.6,8.0,6.0
12086017402,Census Tract 174.02; Miami-Dade County; Florida,54.5,3.3,78.5,0.0,0.6,13.0,35.5,61824,71251,31663,4.0,14.7,8.7,6.0,10.8,16.6,17.4,14.1,3.2,4.5,19.1,24.2,7.7
12086017500,Census Tract 175; Miami-Dade County; Florida,62.3,1.0,84.3,0.0,0.0,10.9,34.4,50000,62497,26247,4.7,9.8,11.0,11.6,12.9,27.0,5.5,7.5,7.8,2.1,14.2,35.2,7.5
12086017600,Census Tract 176; Miami-Dade County; Florida,67.8,3.9,84.1,1.7,0.0,6.6,31.8,58870,75464,31465,1.1,6.2,10.6,9.1,16.1,18.6,13.0,14.7,4.4,6.3,10.3,20.2,12.0
12086017700,Census Tract 177; Miami-Dade County; Florida,61.4,1.8,83.7,3.6,3.0,5.6,33.4,54886,72518,26546,3.2,3.9,15.4,7.1,13.1,19.0,6.7,22.2,6.2,3.1,15.3,32.0,12.1
12086017800,Census Tract 178; Miami-Dade County; Florida,61.2,2.9,78.2,3.7,2.8,5.4,37.3,60377,68592,25385,3.5,5.7,17.6,4.8,11.9,21.1,14.4,12.6,3.5,4.8,22.5,33.2,17.5
12086017901,Census Tract 179.01; Miami-Dade County; Florida,66.0,1.1,79.9,1.2,1.4,10.6,40.2,116957,121363,37264,6.0,1.1,1.2,1.2,7.3,14.6,9.1,25.1,22.5,12.0,2.7,14.3,6.0
12086017902,Census Tract 179.02; Miami-Dade County; Florida,67.7,5.9,77.7,0.0,0.0,11.2,32.4,120540,125280,40081,0.0,2.4,0.4,8.5,8.9,3.9,11.9,30.5,18.2,15.3,4.6,1.2,7.0
12086018001,Census Tract 180.01; Miami-Dade County; Florida,69.5,0.0,88.0,0.0,0.0,6.5,36.7,125042,143440,50325,0.0,1.6,1.8,1.8,5.8,6.0,11.0,29.2,21.9,20.9,2.4,5.1,9.9
12086018002,Census Tract 180.02; Miami-Dade County; Florida,56.1,0.5,88.8,1.3,0.0,6.6,36.5,84722,124389,36187,5.1,1.6,1.4,2.9,4.2,29.8,6.7,18.1,15.0,15.2,10.1,7.0,10.3
12086018003,Census Tract 180.03; Miami-Dade County; Florida,58.7,0.9,72.1,3.0,1.8,7.9,39.3,86795,97508,29639,6.2,0.0,4.8,13.5,3.2,18.4,14.5,24.9,4.5,10.0,19.6,9.7,12.0
12086018100,Census Tract 181; Miami-Dade County; Florida,57.2,2.4,74.0,1.8,0.7,5.9,42.8,54910,75913,29161,1.1,5.6,16.2,10.5,5.1,25.2,11.9,6.5,13.8,4.0,11.5,20.0,11.0
12086018200,Census Tract 182; Miami-Dade County; Florida,56.0,6.2,84.7,2.7,0.0,6.9,34.8,73375,90016,29686,6.4,1.5,1.2,2.1,15.2,25.3,14.2,19.6,8.1,6.6,9.7,22.4,14.2
12086018300,Census Tract 183; Miami-Dade County; Florida,66.9,5.4,79.7,1.4,0.0,12.6,37.4,85570,107224,35891,3.8,0.1,2.5,9.9,7.7,20.0,13.9,23.5,9.6,9.0,4.1,10.2,11.1
12086018400,Census Tract 184; Miami-Dade County; Florida,63.9,3.4,77.2,1.9,0.0,5.8,36.8,62500,79100,34145,4.7,4.0,3.4,3.0,21.8,23.5,13.4,18.8,4.4,3.1,12.2,14.3,4.9
12086018500,Census Tract 185; Miami-Dade County; Florida,65.6,3.9,75.2,1.7,1.6,13.1,36.6,87423,106262,37661,5.9,1.6,10.7,5.7,9.1,9.4,12.7,21.3,13.6,10.0,13.8,12.4,16.4
12086018601,Census Tract 186.01; Miami-Dade County; Florida,63.9,0.0,87.9,0.1,0.0,7.7,25.4,71818,90764,29214,0.0,6.4,0.0,24.8,5.3,14.2,9.5,20.0,14.4,5.3,22.5,9.4,15.0
12086018602,Census Tract 186.02; Miami-Dade County; Florida,59.5,4.0,68.0,3.8,0.3,10.6,33.7,78125,93424,33352,6.6,5.7,4.2,3.5,13.5,16.0,15.0,19.4,9.7,6.4,10.8,15.1,9.0
12086018700,Census Tract 187; Miami-Dade County; Florida,58.7,3.1,75.1,0.0,0.0,16.3,30.0,97813,109127,34005,6.2,0.0,0.6,2.9,13.9,8.5,20.9,18.0,20.7,8.2,8.3,3.8,7.6
12086018801,Census Tract 188.01; Miami-Dade County; Florida,59.4,0.0,81.6,3.9,0.0,7.8,29.9,116196,114531,35475,7.1,0.0,0.5,7.4,7.9,10.1,13.9,27.0,17.2,8.9,6.3,10.9,0.4
12086018802,Census Tract 188.02; Miami-Dade County; Florida,70.1,5.0,82.8,4.0,0.0,0.0,26.9,80020,86710,35339,6.7,3.5,0.0,8.4,13.7,15.9,15.5,17.3,14.2,4.5,11.8,7.0,9.0
12086018803,Census Tract 188.03; Miami-Dade County; Florida,64.1,0.0,82.4,1.6,0.8,10.0,25.2,80313,82199,27627,6.1,5.4,6.8,7.1,14.0,9.7,15.7,16.9,17.8,0.6,17.1,5.0,19.1
12086018901,Census Tract 189.01; Miami-Dade County; Florida,68.2,4.7,76.0,2.9,0.0,6.1,33.0,94148,103344,40686,2.7,4.5,2.4,10.5,6.8,9.5,15.4,24.0,20.5,3.8,5.6,12.2,5.1
12086018902,Census Tract 189.02; Miami-Dade County; Florida,60.7,1.5,79.6,2.2,0.0,12.5,25.8,99167,126472,42788,0.0,0.0,2.3,7.7,11.5,18.6,10.3,13.1,15.0,21.5,6.9,2.2,9.3
12086019000,Census Tract 190; Miami-Dade County; Florida,64.0,3.6,82.6,2.4,0.0,9.9,33.5,84291,112083,41341,5.9,1.8,4.7,1.5,16.4,14.3,11.3,14.4,19.6,10.2,8.2,8.6,11.0
12086019100,Census Tract 191; Miami-Dade County; Florida,58.9,0.9,79.2,0.9,0.0,12.0,28.0,55308,79734,35977,8.9,10.6,11.0,11.2,4.0,14.5,12.9,11.5,3.6,11.7,12.6,15.6,6.3
12086019200,Census Tract 192; Miami-Dade County; Florida,65.5,2.7,79.3,0.2,1.1,12.9,27.6,95429,113656,38009,1.5,6.2,2.1,3.6,6.5,18.9,15.2,22.3,11.6,12.1,7.4,9.4,10.2
12086019301,Census Tract 193.01; Miami-Dade County; Florida,69.1,3.1,79.7,1.1,0.0,12.6,37.6,82455,95410,33750,1.4,1.4,11.3,7.1,1.7,15.3,21.5,24.6,7.9,7.7,15.8,15.1,9.6
12086019302,Census Tract 193.02; Miami-Dade County; Florida,68.2,2.3,73.6,1.5,2.0,12.6,33.1,78446,101722,35463,6.0,4.3,3.3,3.0,10.0,20.9,13.2,13.3,18.5,7.5,8.0,8.3,5.9
12086019401,Census Tract 194.01; Miami-Dade County; Florida,72.3,0.8,74.7,0.3,0.0,20.9,27.0,108359,132793,43839,0.0,1.2,0.0,3.3,3.2,11.9,24.1,30.2,15.7,10.5,4.9,6.3,5.7
12086019402,Census Tract 194.02; Miami-Dade County; Florida,66.9,4.0,80.8,0.0,1.9,9.8,29.0,95327,118535,35300,3.0,0.0,4.8,5.7,6.5,17.7,18.8,10.7,14.0,18.9,13.2,6.3,9.2
12086019501,Census Tract 195.01; Miami-Dade County; Florida,67.9,5.4,82.4,1.2,0.0,8.5,38.1,97443,121834,42242,5.4,1.7,1.9,3.4,4.9,10.4,23.3,25.3,7.0,16.7,14.0,15.1,9.0
12086019502,Census Tract 195.02; Miami-Dade County; Florida,63.2,1.2,80.0,0.3,0.0,7.8,36.4,103987,138498,41436,0.0,0.6,0.9,1.4,3.5,24.0,15.9,32.4,7.2,14.1,4.6,15.3,10.8
12086019600,Census Tract 196; Miami-Dade County; Florida,67.4,2.5,81.9,0.8,0.0,8.9,38.9,138125,150371,44854,0.0,0.0,8.3,0.0,4.9,6.6,12.8,19.2,26.1,22.2,4.4,8.9,6.5
12086019700,Census Tract 197; Miami-Dade County; Florida,56.0,3.5,76.7,0.5,0.0,6.7,39.2,92981,129887,36365,0.5,0.0,0.7,11.0,4.3,15.3,19.1,12.2,22.7,14.2,9.0,13.4,5.5
12086019801,Census Tract 198.01; Miami-Dade County; Florida,68.9,4.1,86.2,0.0,0.0,6.6,34.3,113915,136771,41093,1.5,3.8,6.4,0.6,7.9,8.6,12.9,28.1,19.5,10.8,7.6,18.0,3.2
12086019802,Census Tract 198.02; Miami-Dade County; Florida,60.6,2.8,70.6,2.9,0.0,15.6,47.6,128519,132592,39491,0.0,0.0,0.8,8.8,5.3,8.7,8.9,22.1,34.5,10.8,4.9,11.0,11.7
12086019901,Census Tract 199.01; Miami-Dade County; Florida,58.5,4.2,86.2,0.0,0.6,5.7,43.9,70547,101451,31725,13.0,1.1,13.4,5.4,9.8,9.3,1.1,35.0,4.0,7.9,25.5,21.8,13.0
12086019902,Census Tract 199.02; Miami-Dade County; Florida,65.2,1.2,75.1,0.0,0.7,9.3,40.2,80313,86913,28153,0.3,0.0,1.9,8.9,6.7,19.9,33.8,15.5,12.3,0.7,1.9,24.7,8.9
12086020001,Census Tract 200.01; Miami-Dade County; Florida,58.9,7.9,75.5,4.0,0.0,1.7,47.4,77335,100743,32060,7.9,2.9,3.1,0.3,8.9,18.8,14.3,23.5,12.0,8.3,13.3,35.0,18.0
12086020002,Census Tract 200.02; Miami-Dade County; Florida,61.4,3.4,65.0,0.0,0.0,22.1,39.3,121280,118615,35911,2.6,3.9,1.0,4.1,6.7,16.1,6.5,24.9,21.5,12.7,16.7,15.7,8.6
12086020100,Census Tract 201; Miami-Dade County; Florida,48.6,4.1,80.4,0.0,0.0,11.0,35.3,74484,98626,25342,2.2,0.0,0.9,13.4,13.9,20.5,15.4,14.7,12.1,6.9,17.5,24.0,7.9
12086020200,Census Tract 202; Miami-Dade County; Florida,58.2,2.8,80.2,0.0,0.0,11.6,34.5,66619,74023,21043,5.0,4.7,8.6,12.4,6.7,14.9,19.3,18.0,9.5,0.8,21.7,26.5,16.6
12086020300,Census Tract 203; Miami-Dade County; Florida,60.3,3.0,78.7,0.3,0.2,5.0,37.6,82024,86279,27964,4.8,4.8,4.3,10.8,7.0,13.9,27.7,9.7,8.2,8.8,13.8,22.6,13.7
12086490100,Census Tract 4901; Miami-Dade County; Florida,72.3,1.6,94.6,0.6,1.0,2.8,24.1,60250,83629,32916,2.7,2.9,14.2,9.0,16.8,22.6,14.0,6.4,1.2,10.3,12.9,18.1,20.8
12086980100,Census Tract 9801; Miami-Dade County; Florida,-666666666.0,-666666666.0,-666666666.0,-666666666.0,-666666666.0,-666666666.0,-666666666.0,-666666666,-666666666,-666666666,-666666666.0,-666666666.0,-666666666.0,-666666666.0,-666666666.0,-666666666.0,-666666666.0,-666666666.0,-666666666.0,-666666666.0,-666666666.0,-666666666.0,-666666666.0
12086980200,Census Tract 9802; Miami-Dade County; Florida,-666666666.0,-666666666.0,-666666666.0,-666666666.0,-666666666.0,-666666666.0,-666666666.0,-666666666,-666666666,-666666666,-666666666.0,-666666666.0,-666666666.0,-666666666.0,-666666666.0,-666666666.0,-666666666.0,-666666666.0,-666666666.0,-666666666.0,-666666666.0,-666666666.0,-666666666.0
12086980300,Census Tract 9803; Miami-Dade County; Florida,28.1,15.4,27.3,3.3,40.3,19.4,15.0,-666666666,-999999999,3838,0.0,0.0,0.0,0.0,0.0,0.0,0.0,0.0,0.0,100.0,66.7,0.0,9.8
12086980400,Census Tract 9804; Miami-Dade County; Florida,-666666666.0,-666666666.0,-666666666.0,-666666666.0,-666666666.0,-666666666.0,-666666666.0,-666666666,-666666666,-666666666,-666666666.0,-666666666.0,-666666666.0,-666666666.0,-666666666.0,-666666666.0,-666666666.0,-666666666.0,-666666666.0,-666666666.0,-666666666.0,-666666666.0,-666666666.0
12086980500,Census Tract 9805; Miami-Dade County; Florida,68.0,3.8,83.4,0.0,0.0,12.3,20.7,76125,71083,31584,14.7,2.3,0.0,0.0,16.5,12.4,26.1,20.2,7.8,0.0,13.4,4.6,18.3
12086980600,Census Tract 9806; Miami-Dade County; Florida,-666666666.0,-666666666.0,-666666666.0,-666666666.0,-666666666.0,-666666666.0,-666666666.0,-666666666,-666666666,-666666666,-666666666.0,-666666666.0,-666666666.0,-666666666.0,-666666666.0,-666666666.0,-666666666.0,-666666666.0,-666666666.0,-666666666.0,-666666666.0,-666666666.0,-666666666.0
12086980700,Census Tract 9807; Miami-Dade County; Florida,23.4,38.7,17.8,45.7,1.0,1.5,30.1,9960,18737,5497,50.2,17.3,3.0,8.4,12.7,8.4,0.0,0.0,0.0,0.0,82.5,91.6,14.2
12086980800,Census Tract 9808; Miami-Dade County; Florida,-666666666.0,-666666666.0,-666666666.0,-666666666.0,-666666666.0,-666666666.0,-666666666.0,-666666666,-666666666,-666666666,-666666666.0,-666666666.0,-666666666.0,-666666666.0,-666666666.0,-666666666.0,-666666666.0,-666666666.0,-666666666.0,-666666666.0,-666666666.0,-666666666.0,-666666666.0
12086980900,Census Tract 9809; Miami-Dade County; Florida,-666666666.0,-666666666.0,-666666666.0,-666666666.0,-666666666.0,-666666666.0,-666666666.0,-666666666,-666666666,-666666666,-666666666.0,-666666666.0,-666666666.0,-666666666.0,-666666666.0,-666666666.0,-666666666.0,-666666666.0,-666666666.0,-666666666.0,-666666666.0,-666666666.0,-666666666.0
12086981000,Census Tract 9810; Miami-Dade County; Florida,-666666666.0,-666666666.0,-666666666.0,-666666666.0,-666666666.0,-666666666.0,-666666666.0,-666666666,-666666666,-666666666,-666666666.0,-666666666.0,-666666666.0,-666666666.0,-666666666.0,-666666666.0,-666666666.0,-666666666.0,-666666666.0,-666666666.0,-666666666.0,-666666666.0,-666666666.0
12086981100,Census Tract 9811; Miami-Dade County; Florida,11.3,0.0,79.1,0.0,0.0,0.0,11.6,-666666666,68750,11291,0.0,0.0,0.0,0.0,42.3,11.5,46.2,0.0,0.0,0.0,2.9,0.0,21.4
12086981200,Census Tract 9812; Miami-Dade County; Florida,-666666666.0,-666666666.0,-666666666.0,-666666666.0,-666666666.0,-666666666.0,-666666666.0,-666666666,-666666666,-666666666,-666666666.0,-666666666.0,-666666666.0,-666666666.0,-666666666.0,-666666666.0,-666666666.0,-666666666.0,-666666666.0,-666666666.0,-666666666.0,-666666666.0,-666666666.0
12086981300,Census Tract 9813; Miami-Dade County; Florida,2.8,0.0,30.9,0.0,0.0,69.1,-999999999.0,66280,72781,3064,0.0,0.0,0.0,0.0,0.0,88.7,0.0,11.3,0.0,0.0,0.0,0.0,0.0
12086990000,Census Tract 9900; Miami-Dade County; Florida,-666666666.0,-666666666.0,-666666666.0,-666666666.0,-666666666.0,-666666666.0,-666666666.0,-666666666,-666666666,-666666666,-666666666.0,-666666666.0,-666666666.0,-666666666.0,-666666666.0,-666666666.0,-666666666.0,-666666666.0,-666666666.0,-666666666.0,-666666666.0,-666666666.0,-666666666.0
