tract_geoid,tier_baseline,equity_baseline,composite_need,composite_access_deficit,deficit_baseline_stored,flag_fragile,flag_worsening,S1_equity_new,S1_tier_new,S1_deficit_new,S2_equity_new,S2_tier_new,S2_deficit_new,S3_equity_new,S3_tier_new,S3_deficit_new,S4_equity_new,S4_tier_new,S4_deficit_new,S5_equity_new,S5_tier_new,S5_deficit_new
12086000107,Moderate,0.1187797921547306,0.2132084329992762,0.5571064450116466,0.3730377,False,True,0.11877979215473061,Moderate,0.37443087,0.12595045365709642,High,0.397035,0.11877979215473061,Moderate,0.37443087,0.10706160180989112,Moderate,0.33749148,0.11877979215473061,Moderate,0.37443087
12086000109,Moderate,0.1052782637963104,0.1849068476471803,0.5693583830772525,0.31915584,False,False,0.10527826379631045,Moderate,0.34417415,0.11019022819284043,Moderate,0.36023226,0.10527826379631045,Moderate,0.34417415,0.09422528027915701,Moderate,0.3080399,0.10527826379631045,Moderate,0.34417415
12086000141,Low,0.0702057320201025,0.1352340166126787,0.5191425484401424,0.57364,False,True,0.07020573202010258,Low,0.5643475,0.06453776653995492,Low,0.51878566,0.07020573202010258,Low,0.5643475,0.06994364292213287,Low,0.5622407,0.07020573202010258,Low,0.5643475
12086000115,Low,0.0702436545259182,0.1443098404323795,0.4867558186985375,0.4672014,False,True,0.07024365452591819,Low,0.47498196,0.06821091047720862,Low,0.46123672,0.07024365452591819,Low,0.47498196,0.0689380989983959,Low,0.4661539,0.07024365452591819,Low,0.47498196
12086000118,Low,0.0573104849699577,0.1252723882772109,0.4574869670652191,0.40639767,False,False,0.05731048496995772,Low,0.40701878,0.060818892246423895,Low,0.4319355,0.05731048496995772,Low,0.40701878,0.055871223619096695,Low,0.39679715,0.05731048496995772,Low,0.40701878
12086000144,Low,0.0647825531349871,0.1243816814317969,0.5208367694442997,0.5718269,False,True,0.06478255313498713,Low,0.5571069,0.05966073519644437,Low,0.5130611,0.06478255313498713,Low,0.5571069,0.06442377276838218,Low,0.55402154,0.06478255313498713,Low,0.5571069
12086000120,Moderate,0.0901145076925001,0.174028171200961,0.5178156333576558,0.37635505,False,True,0.09011450769250018,Moderate,0.40157107,0.08675734102760103,Low,0.38661075,0.09011450769250018,Moderate,0.40157107,0.08094274464960516,Low,0.36069956,0.09011450769250018,Moderate,0.40157107
12086000121,Low,0.0736394773034342,0.1472494954146216,0.5001000315558428,0.4212545,False,False,0.07363947730343419,Low,0.41599286,0.07138291308467788,Low,0.40324542,0.07363947730343419,Low,0.41599286,0.07332040041948794,Low,0.41419038,0.07363947730343419,Low,0.41599286
12086000122,Low,0.0519319594144443,0.1013823175165288,0.5122388271108281,0.5252499,False,False,0.051931959414444284,Low,0.5333725,0.04858682220217982,Low,0.49901596,0.051931959414444284,Low,0.5333725,0.051539312796569016,Low,0.5293398,0.051931959414444284,Low,0.5333725
12086000123,Low,0.0737995711299207,0.1411921329355327,0.5226889742052208,0.33663085,False,False,0.07379957112992075,Low,0.32762396,0.07885821432774545,Low,0.35008118,0.07379957112992075,Low,0.32762396,0.06550827824659687,Low,0.2908158,0.07379957112992075,Low,0.32762396
12086000124,Moderate,0.1182807996552883,0.2114134278852361,0.5594762870005399,0.39897618,False,False,0.11828079965528829,Moderate,0.3852549,0.11309465839337539,Moderate,0.368363,0.11828079965528829,Moderate,0.3852549,0.10614746933743671,Moderate,0.34573516,0.11828079965528829,Moderate,0.3852549
12086000125,Moderate,0.104775897157115,0.1825526137349307,0.5739490386549673,0.41653746,False,False,0.10477589715711505,Moderate,0.42190802,0.11208755812171207,Moderate,0.4513504,0.10477589715711505,Moderate,0.42190802,0.09880427250013267,Moderate,0.3978617,0.10477589715711505,Moderate,0.42190802
12086000126,Moderate,0.1200994038421363,0.2272016556374717,0.5286026789953053,0.36296263,False,False,0.12009940384213635,Moderate,0.35746014,0.12765316322173137,High,0.37994292,0.12009940384213635,Moderate,0.35746014,0.10645344673186691,Moderate,0.31684473,0.12009940384213635,Moderate,0.35746014
12086000127,Moderate,0.1021283546868589,0.1583467208503624,0.6449666537987243,0.5996178,False,True,0.10212835468685892,Moderate,0.59737915,0.09401166255754823,Moderate,0.5499022,0.10212835468685892,Moderate,0.59737915,0.10198240499937965,Moderate,0.59652543,0.10212835468685892,Moderate,0.59737915
12086000128,Low,0.0556152019407659,0.119389957897936,0.4658281393172968,0.3160736,False,True,0.055615201940765926,Low,0.32138517,0.062085079032786095,Low,0.35877284,0.055615201940765926,Low,0.32138517,0.05177250847828948,Low,0.2991793,0.055615201940765926,Low,0.32138517
12086000129,Low,0.0852638270024027,0.1305554335657489,0.6530852425951544,0.7041895,False,False,0.08526382700240269,Low,0.67317975,0.0768098878916345,Low,0.60643375,0.08526382700240269,Low,0.67317975,0.08457782718215447,Low,0.6677636,0.08526382700240269,Low,0.67317975
12086000130,Low,0.0629684183918964,0.1156883838719935,0.5442933532684622,0.34766325,False,False,0.06296841839189642,Low,0.35021043,0.06652263339686257,Low,0.36997783,0.06296841839189642,Low,0.35021043,0.05567735341991989,Low,0.30965984,0.06296841839189642,Low,0.35021043
12086000131,Low,0.0813318406489167,0.1486266373999974,0.54722250379674,0.4075215,False,False,0.08133184064891677,Low,0.4196288,0.08536462055650483,Low,0.44043577,0.08133184064891677,Low,0.4196288,0.07978084006807573,Low,0.41162646,0.08133184064891677,Low,0.4196288
12086000132,Moderate,0.1026265770843604,0.1896804053318534,0.5410499672056855,0.39422277,False,False,0.10262657708436042,Moderate,0.38433078,0.1048580784594115,Moderate,0.39268762,0.10262657708436042,Moderate,0.38433078,0.0956382602223076,Moderate,0.35815993,0.10262657708436042,Moderate,0.38433078
12086000145,Low,0.0373208088105792,0.0711897275267052,0.5242442991031141,0.57082665,False,True,0.03732080881057924,Low,0.59426606,0.03397469669141788,Low,0.5409853,0.03732080881057924,Low,0.59426606,0.03718850038310023,Low,0.5921593,0.03732080881057924,Low,0.59426606
12086000134,Moderate,0.0946051408582781,0.2020863497237363,0.4681421629299002,0.25532195,False,False,0.09460514085827815,Moderate,0.21378797,0.10227884583632621,Moderate,0.23112896,0.09460514085827815,Moderate,0.21378797,0.08497639340080976,Low,0.192029,0.09460514085827815,Moderate,0.21378797
12086000140,Low,0.0699263712169923,0.1451274678278041,0.4818272671852927,0.39210662,False,True,0.06992637121699234,Low,0.4148294,0.07394471215635152,Low,0.43866768,0.06992637121699234,Low,0.4148294,0.06375122316065472,Low,0.37819612,0.06992637121699234,Low,0.4148294
12086000222,Moderate,0.0920451022028491,0.1649915267782693,0.5578777528772599,0.60634047,False,False,0.09204510220284914,Moderate,0.6344833,0.08347666773471853,Low,0.57541955,0.09204510220284914,Moderate,0.6344833,0.0913621930660353,Moderate,0.6297759,0.09204510220284914,Moderate,0.6344833
12086000204,Moderate,0.1241906410166592,0.2158228580955505,0.5754285811638948,0.33636418,False,False,0.12419064101665923,Moderate,0.33479983,0.12946557742750567,High,0.3490203,0.12419064101665923,Moderate,0.33479983,0.10903013989678642,Moderate,0.29392934,0.12419064101665923,Moderate,0.33479983
12086000206,High,0.1362685449069848,0.2460405089639623,0.5538459722782646,0.37891877,False,False,0.13626854490698478,High,0.38148358,0.12954348598894794,High,0.3626568,0.13656081552685,High,0.38230178,0.12250213087041112,Moderate,0.34294453,0.10951638575970304,Moderate,0.30659094
12086000224,High,0.1363586399057405,0.2389532352100954,0.57064990053744,0.6035305,False,False,0.13635863990574046,High,0.5827229,0.1253359450274767,High,0.5356179,0.1338339121758382,High,0.57193357,0.13553333004917137,High,0.579196,0.11630818786010275,Moderate,0.49703813
12086000211,Moderate,0.1188890765176377,0.2234001261879605,0.5321799881957493,0.38430253,False,False,0.11888907651763773,Moderate,0.4078487,0.12405277994931425,Moderate,0.42556274,0.11888907651763773,Moderate,0.4078487,0.10788732634187248,Moderate,0.3701072,0.11888907651763773,Moderate,0.4078487
12086000212,High,0.1266019273016661,0.2266999891525584,0.5584558154366256,0.39888588,False,False,0.12660192730166617,High,0.39693552,0.12573000991728023,High,0.3942018,0.1265436339657274,High,0.39675274,0.11367024684795217,Moderate,0.35639077,0.10626249573023669,Moderate,0.33316523
12086000213,Low,0.0783538885329905,0.1558975329224762,0.5025986432508456,0.3354299,False,False,0.07835388853299058,Low,0.3375237,0.08268339302991345,Low,0.35617384,0.07835388853299058,Low,0.3375237,0.06903996958334635,Low,0.2974023,0.07835388853299058,Low,0.3375237
12086000226,High,0.1372372649156435,0.2545277328651402,0.5391839363467625,0.58197,False,True,0.13723726491564353,High,0.55281377,0.12682402150065425,High,0.51086754,0.1346466821083259,High,0.5423785,0.13608629287134125,High,0.5481775,0.1174717867272464,Moderate,0.47319525
12086000215,High,0.1445314470216388,0.2495091730214515,0.5792630598363321,0.372711,False,False,0.1445314470216388,High,0.37087187,0.15159314348042385,High,0.3889924,0.1464805332042716,High,0.3758733,0.13473142446587,High,0.34572473,0.1355620237736478,High,0.34785607
12086000216,Moderate,0.0893496441612444,0.1759817347970231,0.5077211238103777,0.33626717,False,False,0.08934964416124441,Moderate,0.3623117,0.09679235186127179,Moderate,0.3924918,0.08934964416124441,Moderate,0.3623117,0.07963001708642864,Low,0.32289872,0.08934964416124441,Moderate,0.3623117
12086000227,High,0.1422209063776659,0.2360723901749867,0.6024461660774724,0.5753622,False,False,0.1422209063776659,High,0.5564519,0.13087255827604427,High,0.5120505,0.13980729345479034,High,0.54700845,0.14131947632262054,High,0.552925,0.12238684271950002,Moderate,0.47884938
12086000218,High,0.14616896830607,0.2491875946122436,0.5865820428722422,0.42714825,False,False,0.14616896830606999,High,0.4178013,0.13943400854972837,High,0.39855045,0.14913374596874554,High,0.42627564,0.13670689506723752,High,0.39075541,0.11655852409663546,Moderate,0.33316442
12086000219,Moderate,0.1149899308744631,0.2026219407479063,0.5675097694258529,0.3642141,False,False,0.11498993087446312,Moderate,0.36239043,0.10856105046180393,Moderate,0.34212983,0.11498993087446312,Moderate,0.36239043,0.1030539282147178,Moderate,0.32477415,0.11498993087446312,Moderate,0.36239043
12086000220,Critical,0.1646487120928989,0.2903810515608275,0.5670091461129968,0.38581964,False,False,0.15758805540216086,High,0.37182698,0.16047141695065417,Critical,0.37863022,0.16576301337899285,Critical,0.39111567,0.14837848442257073,High,0.35009712,0.13715327093832813,High,0.32361138
12086000312,Critical,0.1934897016824477,0.3044808895715883,0.6354740422451217,0.5537189,False,True,0.1860668140165519,Critical,0.5244251,0.17752438307833232,Critical,0.50034845,0.1900093883965118,Critical,0.5355371,0.19230788083146702,Critical,0.5420154,0.16759317366894694,Critical,0.47235754
12086000302,High,0.1309541703102358,0.2076270242356492,0.6307183315482455,0.61697346,False,False,0.1309541703102358,High,0.5990861,0.11898910028027657,Moderate,0.5443486,0.12819619874754756,High,0.586469,0.1302455891260415,High,0.5958445,0.10867826056017259,Moderate,0.4971788
12086000310,Critical,0.2216062545757369,0.3451238458238429,0.6421064706402481,0.62103486,False,True,0.20996542538616347,Critical,0.5765103,0.200648149534785,Critical,0.5509275,0.21767676673460815,Critical,0.59768367,0.21959565643759796,Critical,0.6029524,0.18628517940237002,Critical,0.5114905
12086000306,High,0.1562686649650841,0.2739996596156415,0.5703243032648039,0.36318126,True,False,0.15626866496508415,High,0.3894663,0.1431427318242838,High,0.3567527,0.15712083377292782,High,0.39159012,0.14057435893380352,High,0.35035157,0.12002541048458733,Moderate,0.2991377
12086000307,Critical,0.1589759592434328,0.2547557903157139,0.624032761125535,0.4315144,False,False,0.1449800009785405,High,0.38053885,0.14981060197400906,High,0.39321804,0.1590601603632036,Critical,0.417496,0.14928383802519288,High,0.39183542,0.12702315040329404,High,0.33340627
12086000308,Low,0.0773698001306417,0.150344726315138,0.5146159897119814,0.3604823,False,True,0.07736980013064172,Low,0.37365672,0.07649872894473837,Low,0.36944988,0.07736980013064172,Low,0.37365672,0.07182481294819837,Low,0.34687725,0.07736980013064172,Low,0.37365672
12086000402,High,0.1413906417860541,0.2400968173651912,0.5888901124873995,0.3655228,False,False,0.14139064178605407,High,0.3668731,0.14991912582615746,High,0.38900235,0.14293519056474877,High,0.3708808,0.1309623881993239,High,0.3398144,0.13367120148786,High,0.3468431
12086000417,Critical,0.1765023814743591,0.2894865136080072,0.6097084775194761,0.5989175,False,False,0.1659079774185745,Critical,0.5232105,0.16284072386897633,Critical,0.5135376,0.17502716374799493,Critical,0.551969,0.17687404481425573,Critical,0.5577933,0.15131514155399425,High,0.4771903
12086000420,Critical,0.1981133990347062,0.3308603686795492,0.5987825009848385,0.6217611,False,False,0.18503191901416863,Critical,0.535276,0.1783172283030696,Critical,0.5158512,0.19539572487862206,Critical,0.5652573,0.1967148500425448,Critical,0.5690734,0.16254492660718153,Critical,0.47022372
12086000405,High,0.1509284577353049,0.2344119826840908,0.6438598232356838,0.41827217,False,True,0.1509284577353049,High,0.40266302,0.14293403040126365,High,0.38133463,0.15143745351497795,High,0.40402097,0.13610302456248577,High,0.36311015,0.11827125972416179,Moderate,0.31553668
12086000408,Critical,0.1898532971901758,0.3142227488629129,0.6041997209852041,0.3539104,False,True,0.18264756504494986,Critical,0.32923752,0.20260092702844776,Critical,0.3652051,0.1898967511613955,Critical,0.34230477,0.16764144900095035,Critical,0.30218774,0.1709237741389882,Critical,0.3081044
12086000409,High,0.1513317530990737,0.2420194822139241,0.6252874839444111,0.38977438,False,True,0.15133175309907376,High,0.38359624,0.15646197509571594,High,0.39660037,0.15138349225149192,High,0.3837274,0.13410528528614304,High,0.33993053,0.13245747987434858,High,0.33575368
12086000410,Moderate,0.1130198162909867,0.1920857158339667,0.5883822011454396,0.3670647,False,False,0.11301981629098674,Moderate,0.36783215,0.10580283573425282,Moderate,0.3443439,0.11301981629098674,Moderate,0.36783215,0.10029111409750012,Moderate,0.32640556,0.11301981629098674,Moderate,0.36783215
12086000411,High,0.1472002474208758,0.2354590657350177,0.625162794056666,0.3995384,False,False,0.14720024742087584,High,0.39850307,0.15266903865652612,High,0.4133083,0.14818547704320323,High,0.4011703,0.13502402112871484,High,0.36553937,0.13278930324591237,High,0.3594895
12086000416,Critical,0.1957020408682638,0.3279729089115173,0.5967018480817928,0.6039324,False,True,0.18600012949337782,Critical,0.5544725,0.17739426141697848,Critical,0.52881813,0.19261324989628179,Critical,0.57418644,0.19443825845574983,Critical,0.57962686,0.1651745252838385,Critical,0.4923907
12086000413,Moderate,0.099558176498929,0.1652859797876215,0.6023389075519462,0.35243243,False,False,0.099558176498929,Moderate,0.3435409,0.10255995603028767,Moderate,0.353899,0.099558176498929,Moderate,0.3435409,0.09103912203504226,Moderate,0.31414458,0.099558176498929,Moderate,0.3435409
12086000414,Critical,0.1713010466392336,0.2664859036359761,0.6428146641228478,0.36946756,False,False,0.15968998296069892,Critical,0.33397567,0.17837099100452064,Critical,0.37304512,0.1710897232729318,Critical,0.35781708,0.15668621382464265,High,0.32769358,0.1506500661853572,High,0.3150696
12086000507,Moderate,0.1073088725760101,0.1925813194207507,0.5572133003282744,0.58465016,False,False,0.10730887257601011,Moderate,0.5584625,0.09717795041046166,Moderate,0.5057386,0.10730887257601011,Moderate,0.5584625,0.10672621918778935,Moderate,0.55543023,0.10730887257601011,Moderate,0.5584625
12086000508,Critical,0.2254197030442867,0.3719507997494196,0.6060470986919514,0.545886,False,False,0.21417523798991633,Critical,0.5600727,0.2027048858725445,Critical,0.5300775,0.22189859506912576,Critical,0.58026946,0.2249437977521436,Critical,0.58823276,0.18941320846221774,Critical,0.49531952
12086000504,High,0.1528819629624248,0.2376240476857901,0.6433774883112016,0.398045,False,False,0.15288196296242482,High,0.40482768,0.15905003332963785,Critical,0.42116058,0.15232396054998618,High,0.4033501,0.1371410279210504,High,0.36314607,0.1349543163849928,High,0.3573557
12086000505,High,0.1449519948874078,0.222135598729087,0.6525383401702711,0.44725344,False,False,0.14495199488740781,High,0.42220405,0.13839683116101872,High,0.4031107,0.14584350254543954,High,0.42480075,0.13601297738758225,High,0.39616722,0.1191083554652846,Moderate,0.34692886
12086000601,Moderate,0.1152030234854582,0.1759478855989157,0.6547565098228617,0.498345,False,False,0.11520302348545819,Moderate,0.48185623,0.10423223461276328,Moderate,0.43596902,0.11520302348545819,Moderate,0.48185623,0.11383832092100447,Moderate,0.47614813,0.11520302348545819,Moderate,0.48185623
12086000602,Low,0.0651242243213697,0.1171753105568228,0.5557845250155189,0.4192271,False,False,0.06512422432136968,Low,0.45143607,0.06679563269172392,Low,0.46302214,0.06512422432136968,Low,0.45143607,0.0624950398674698,Low,0.43321076,0.06512422432136968,Low,0.45143607
12086000603,Moderate,0.1016739579381714,0.1713975207213098,0.5932055347725365,0.39597392,False,False,0.10167395793817147,Moderate,0.38280013,0.10604322139657836,Moderate,0.3992503,0.10167395793817147,Moderate,0.38280013,0.09127853106429178,Moderate,0.34366158,0.10167395793817147,Moderate,0.38280013
12086000612,High,0.1489460677086508,0.2416818991382823,0.6162897107301728,0.5990234,False,False,0.1489460677086508,High,0.5860499,0.13536755833016845,High,0.5326233,0.1465459868055601,High,0.57660645,0.14808807411974814,High,0.582674,0.12587786194879072,High,0.4952847
12086000605,High,0.1349797416829237,0.2313059926779682,0.583554883815081,0.37244558,False,False,0.1349797416829237,High,0.36528483,0.13102485479232906,High,0.35458204,0.13670516236066427,High,0.3699542,0.1341471533948669,High,0.36303166,0.12259432513961073,Moderate,0.33176717
12086000607,High,0.1505940473995501,0.2508819345380776,0.6002586343126819,0.41497847,False,False,0.15059404739955012,High,0.40378863,0.1400096222109785,High,0.37540856,0.15074865182691222,High,0.40420315,0.13659167413479337,High,0.366244,0.11862651221463343,Moderate,0.3180739
12086000610,Moderate,0.1167724955369202,0.189442330980384,0.6164012812374631,0.5904095,False,False,0.11677249553692023,Moderate,0.5797025,0.10622032895912617,Moderate,0.5273176,0.11677249553692023,Moderate,0.5797025,0.11610152692435337,Moderate,0.57637155,0.11677249553692023,Moderate,0.5797025
12086000705,High,0.1269199880724839,0.2235513476880846,0.5677442314039283,0.43180203,False,False,0.12691998807248392,High,0.4297729,0.12383300568322114,Moderate,0.41931987,0.12212077669955748,Moderate,0.41352195,0.12003239218645867,Moderate,0.40645033,0.10695562583009188,Moderate,0.36217016
12086000714,High,0.1381846563136325,0.2438575598581548,0.5666613591721769,0.6348177,False,False,0.13818465631363247,High,0.61922127,0.1252329005061974,High,0.561183,0.1364302024265261,High,0.61135936,0.13694265770793404,High,0.61365575,0.11515367160469413,Moderate,0.5160168
12086000715,Moderate,0.113415512584446,0.1961436031110129,0.5782269255054697,0.58326244,False,False,0.11341551258444607,Moderate,0.60710126,0.10259585119356587,Moderate,0.54918474,0.11341551258444607,Moderate,0.60710126,0.11262418981241344,Moderate,0.6028654,0.11341551258444607,Moderate,0.60710126
12086000718,High,0.1394463175728069,0.2427367585806491,0.5744754868944828,0.60469085,False,False,0.13944631757280693,High,0.62654614,0.12525912366074118,High,0.56280166,0.1375571962945297,High,0.61805815,0.1392595714605064,High,0.6257071,0.11641429151464584,Moderate,0.523061
12086000719,Critical,0.1798645309525787,0.3166181870836491,0.568080224984231,0.56307375,False,False,0.17040698608131002,Critical,0.5341226,0.16671737169507836,Critical,0.52255785,0.17653525208028736,Critical,0.55333096,0.17849649746378446,Critical,0.5594783,0.15549054739528606,High,0.48736858
12086000710,Critical,0.1587443836255109,0.2789782787188739,0.5690205859556453,0.42322353,False,False,0.15232403800464395,High,0.3969906,0.15438350626180564,High,0.40235806,0.1529231372913204,High,0.398552,0.14995953693158962,High,0.3908282,0.14002044220187423,High,0.36492467
12086000711,Critical,0.1625235639505432,0.2753477087316128,0.5902484705582147,0.4221877,False,False,0.14561750448411093,High,0.39705652,0.1703133962275545,Critical,0.46439505,0.16290674922369153,Critical,0.44419923,0.1565769365344315,High,0.4269397,0.14509196640509467,High,0.39562353
12086000712,High,0.1570142783799537,0.2660860256260206,0.5900884047200383,0.37819025,False,False,0.15701427837995371,High,0.36998296,0.1558649827255274,High,0.3672748,0.1566125433773324,High,0.36903632,0.15701427837995371,High,0.36998296,0.14469913426987288,High,0.340964
12086000804,Moderate,0.1207209848772211,0.2248423482498338,0.5369139124231255,0.29870418,False,False,0.12072098487722113,Moderate,0.30586067,0.11837088833761499,Moderate,0.29990643,0.12072098487722113,Moderate,0.30586067,0.12072098487722113,Moderate,0.30586067,0.12072098487722113,Moderate,0.30586067
12086000805,High,0.1330379351888369,0.2301531448108865,0.5780409183552639,0.43351415,False,False,0.1330379351888369,High,0.40948507,0.12949397931985357,High,0.39857692,0.13526319339165385,High,0.41633433,0.1284086362434319,High,0.39523628,0.11538034038560781,Moderate,0.35513574
12086000806,High,0.1540112955469334,0.2816857337667037,0.5467486531443863,0.3554696,False,False,0.1540112955469334,High,0.35620922,0.13676724632809975,High,0.31632584,0.15125631248229549,High,0.34983727,0.13739568547329806,High,0.31777936,0.117247802918286,Moderate,0.27117977
12086000807,High,0.1557210535517907,0.259003254578348,0.6012320339576481,0.4944373,False,False,0.1557210535517907,High,0.46124583,0.15433709667772452,High,0.45714656,0.15265300681451097,High,0.45215827,0.1483364603049592,High,0.43937266,0.13827238932931116,High,0.4095629
12086000808,High,0.1435151916298945,0.2506590808958808,0.5725513359298884,0.41642058,False,True,0.1435151916298945,High,0.4355098,0.14783870968408863,High,0.44862992,0.14068611308958145,High,0.4269247,0.13637646134822687,High,0.41384667,0.12910014576383821,High,0.39176604
12086000908,High,0.1302087491773003,0.2088182050776144,0.623550753771223,0.59163386,False,True,0.1302087491773003,High,0.5905346,0.11885630983193457,Moderate,0.539048,0.12796782468556975,High,0.5803714,0.1294742980883416,High,0.5872037,0.1116356652403596,Moderate,0.5063003
12086000904,Moderate,0.0975974357152613,0.1667406600892698,0.5853247532006263,0.6195197,False,False,0.09759743571526136,Moderate,0.59511596,0.08914029660229514,Moderate,0.5435472,0.09759743571526136,Moderate,0.59511596,0.09708544116803688,Moderate,0.591994,0.09759743571526136,Moderate,0.59511596
12086000903,Critical,0.2009969687337802,0.3644695426984692,0.5514780940147526,0.29534575,False,False,0.19536507670712117,Critical,0.2894018,0.21428133515026898,Critical,0.3174232,0.20148564732948118,Critical,0.29846844,0.20047811162906806,Critical,0.29697594,0.2047160776128638,Critical,0.3032538
12086001007,High,0.1425519174982522,0.2433205668776406,0.5858605350444452,0.6180425,False,False,0.14255191749825225,High,0.5987639,0.1309355599862806,High,0.54997146,0.1399832290825719,High,0.58797455,0.14095933645832479,High,0.5920745,0.12191154585981953,Moderate,0.5120677
12086001003,Moderate,0.1008465690705229,0.1720401169160192,0.5861805425286407,0.35277256,False,False,0.10084656907052292,Moderate,0.3561019,0.10878731214516368,Moderate,0.38414165,0.10084656907052292,Moderate,0.3561019,0.08883406820469743,Moderate,0.31368425,0.10084656907052292,Moderate,0.3561019
12086001004,High,0.1517720823901009,0.2718721556534546,0.5582479824949754,0.27940702,False,False,0.15177208239010095,High,0.27612266,0.16053536215453143,Critical,0.29206592,0.1503152718932927,High,0.27347225,0.1312768007260611,High,0.2388351,0.13391772941771482,High,0.2436398
12086001005,Critical,0.2315160163185699,0.3662196569313782,0.6321780164901173,0.40751553,False,False,0.22304197960133354,Critical,0.37416,0.24435922853469627,Critical,0.40992033,0.22991834592216256,Critical,0.3856953,0.2071811770490952,Critical,0.34755298,0.20959104049186145,Critical,0.3515956
12086001006,Critical,0.2212746863236411,0.3751919948301827,0.5897638792208059,0.38762107,False,True,0.21317701018288573,Critical,0.3878479,0.23274365527423632,Critical,0.42344686,0.2214508649732997,Critical,0.40290108,0.20024732001761444,Critical,0.364324,0.20229753673499618,Critical,0.3680541
12086001101,Low,0.0741613224874519,0.1466570299125865,0.5056786062806199,0.3510857,False,False,0.07416132248745193,Low,0.35291684,0.0779165591498046,Low,0.37078714,0.07416132248745193,Low,0.35291684,0.065674913399541,Low,0.31253195,0.07416132248745193,Low,0.35291684
12086001102,Low,0.0799581113526023,0.1516419525313035,0.5272822594136447,0.37451023,False,True,0.07995811135260236,Low,0.36888394,0.08438756307285335,Low,0.38931906,0.07995811135260236,Low,0.36888394,0.07094384515871015,Low,0.32729694,0.07995811135260236,Low,0.36888394
12086001103,Critical,0.1641555136278106,0.2658769203355486,0.6174116708612354,0.47607955,False,False,0.14902375398410098,High,0.43136653,0.16391280103049702,Critical,0.4744646,0.16509176626877428,Critical,0.47787726,0.1595902057156942,Critical,0.46195233,0.1444610976528066,High,0.4181594
12086001104,Low,0.0461389261197731,0.097121956428832,0.4750617452149691,0.28648365,False,False,0.04613892611977311,Low,0.29871452,0.04909119085395441,Low,0.3178282,0.04613892611977311,Low,0.29871452,0.04072616576434391,Low,0.263671,0.04613892611977311,Low,0.29871452
12086001209,High,0.1304278743094447,0.2180188900565058,0.5982411628443784,0.5677206,False,True,0.13042787430944472,High,0.61427665,0.11857397797026385,Moderate,0.5584483,0.12847281075522712,High,0.60506886,0.12976499174379033,High,0.6111547,0.11004577468878168,Moderate,0.518283
12086001204,High,0.1376263366323415,0.2417519878667974,0.5692873007860109,0.36212897,False,False,0.13762633663234156,High,0.35473973,0.14881739496895466,High,0.3835853,0.13765432584465126,High,0.35481188,0.12352909242813516,Moderate,0.31840327,0.1263913585294019,High,0.32578093
12086001205,Low,0.0669230583369741,0.1380496496719037,0.4847752855297138,0.32514402,False,False,0.06692305833697407,Low,0.34607568,0.07025341989705985,Low,0.3632978,0.06692305833697407,Low,0.34607568,0.05964667254708996,Low,0.3084477,0.06692305833697407,Low,0.34607568
12086001206,Low,0.0658864655177571,0.1296120481830135,0.5083359644523535,0.3848998,False,False,0.06588646551775708,Low,0.36178616,0.07216095819913068,Low,0.39623976,0.06588646551775708,Low,0.36178616,0.05995800094079012,Low,0.32923263,0.06588646551775708,Low,0.36178616
12086001301,Moderate,0.0885397349544162,0.1911700631744428,0.4631464439786454,0.25985157,False,False,0.08853973495441617,Moderate,0.26201576,0.0982222485797737,Moderate,0.29066923,0.08853973495441617,Moderate,0.26201576,0.07566217443001964,Low,0.22390717,0.08853973495441617,Moderate,0.26201576
12086001302,Low,0.0502641658886934,0.1167129994142991,0.4306646743801814,0.30694914,False,False,0.05026416588869343,Low,0.331388,0.056554466850719236,Low,0.3728595,0.05026416588869343,Low,0.331388,0.04486945255629027,Low,0.29582104,0.05026416588869343,Low,0.331388
12086001401,Critical,0.2152989034684108,0.3656968934897812,0.5887359376062816,0.36592492,False,False,0.20765143139421008,Critical,0.3754299,0.22722325751464084,Critical,0.41081542,0.21473932858508452,Critical,0.3882447,0.1903437885942573,Critical,0.344138,0.19349618234873472,Critical,0.34983748
12086001402,High,0.1308091013077372,0.2425355357745182,0.5393399399803768,0.2927514,False,False,0.13080910130773718,High,0.28265688,0.13730077316707467,High,0.2966843,0.1314448392336499,High,0.28403062,0.10981315809834045,Moderate,0.2372881,0.10892339165364917,Moderate,0.23536547
12086001501,Critical,0.2767513940673751,0.4668463769854928,0.5928104141118249,0.37105265,False,False,0.26581385856724543,Critical,0.3263298,0.29644012916007445,Critical,0.36392853,0.27783482957671973,Critical,0.3410875,0.24391026655609,Critical,0.29943958,0.2493436923363197,Critical,0.30611
12086001502,Critical,0.1792218187902603,0.3254096387876573,0.5507575604028425,0.2743175,False,False,0.17772724749517022,Critical,0.2858944,0.196855557350547,Critical,0.31666443,0.18204418692662452,Critical,0.29283866,0.17830993256805316,Critical,0.2868317,0.1906017289815028,Critical,0.30660444
12086001607,High,0.1281141877704268,0.2353930434270086,0.5442564737906234,0.59074914,False,True,0.12811418777042677,High,0.5942072,0.11684684389189193,Moderate,0.5419481,0.12629702400969522,High,0.585779,0.12760960290369475,High,0.5918669,0.10843918079580317,Moderate,0.50295246
12086001603,Low,0.0699425870602431,0.1435552911324901,0.4872170611648975,0.35252222,False,False,0.0699425870602431,Low,0.3479601,0.06717840005760171,Low,0.33420846,0.0699425870602431,Low,0.3479601,0.06256068123595844,Low,0.31123558,0.0699425870602431,Low,0.3479601
12086001605,Critical,0.1885780213070562,0.3166595140637686,0.5955229921469549,0.4239064,False,False,0.17778662364367537,Critical,0.38306832,0.1860960666108269,Critical,0.40097228,0.18926355659011612,Critical,0.40779713,0.17595624780994318,Critical,0.3791245,0.16025374686592225,Critical,0.34529108
12086001606,High,0.1298438486712198,0.2304780106735056,0.5633676214567653,0.38321936,False,False,0.1298438486712198,High,0.37409717,0.1230123252357954,Moderate,0.35441464,0.1314310700283619,High,0.37867016,0.11882564445678069,Moderate,0.34235227,0.10991292358802027,Moderate,0.31667355
12086001701,High,0.1478574395762227,0.2681360249087907,0.5514269842201099,0.36631778,False,False,0.14785743957622272,High,0.36785066,0.16437264824869482,Critical,0.4089384,0.1484294907677251,High,0.36927384,0.1328884612149184,High,0.33060974,0.13445882149315339,High,0.33451658
12086001702,High,0.1436120769880927,0.2737464363982973,0.5246171562180235,0.3198665,False,False,0.14361207698809278,High,0.33528894,0.15308516471092323,High,0.3574056,0.14318621107313795,High,0.33429468,0.1429837854503997,High,0.33382207,0.14531494145163365,High,0.3392646
12086001705,Moderate,0.1067499290867614,0.2050285520264865,0.5206588449835561,0.57205975,False,False,0.1067499290867614,Moderate,0.5914288,0.09735974669019894,Moderate,0.5394042,0.1067499290867614,Moderate,0.5914288,0.1061133381496714,Moderate,0.5879019,0.1067499290867614,Moderate,0.5914288
12086001801,High,0.1499164254118374,0.2811344398028582,0.533255283546777,0.35975125,False,False,0.14991642541183745,High,0.35719678,0.15898210173757749,Critical,0.37879702,0.15176913874711545,High,0.36161113,0.13248121859516895,High,0.31565496,0.1350822891496552,High,0.3218524
12086001802,High,0.1366213938419767,0.2806990047524798,0.4867184832466698,0.27917188,False,False,0.13662139384197672,High,0.29306638,0.14540407302346,High,0.3119061,0.13750694184319096,High,0.29496598,0.13662139384197672,High,0.29306638,0.13774093055327583,High,0.2954679
12086001803,High,0.1495729533572199,0.3058486760707942,0.4890423436804368,0.34057876,True,False,0.14957295335721993,High,0.3372526,0.16100266900658614,Critical,0.36302397,0.15067655342711134,High,0.33974093,0.14957295335721993,High,0.3372526,0.15143730892169865,High,0.3414563
12086001901,Critical,0.2030882110068902,0.3688883285258599,0.5505411673458607,0.32432482,False,False,0.19087304272061056,Critical,0.30616936,0.21100974765870015,Critical,0.3384696,0.20393209902395665,Critical,0.32711673,0.1779346369589936,Critical,0.28541556,0.17299164466830683,Critical,0.27748677
12086001903,Critical,0.1838959551956724,0.318469373492833,0.5774368605017868,0.3627966,False,False,0.17670008961164302,Critical,0.34970185,0.19722297351126,Critical,0.3903181,0.18638119860586252,Critical,0.36886144,0.1626049864621723,Critical,0.32180667,0.1666780699443717,Critical,0.32986757
12086001904,Critical,0.1706795520587843,0.3258790254449723,0.5237512657518522,0.35250503,False,False,0.16403853759554426,Critical,0.33021066,0.17941633631368545,Critical,0.36116624,0.16844975929103329,Critical,0.33909047,0.1504322450938488,High,0.3028211,0.15182652556614604,High,0.3056278
12086002001,Critical,0.2046099938727424,0.3912721063811409,0.5229352937145753,0.36861327,False,False,0.19354504933958216,Critical,0.35380363,0.21437524201723981,Critical,0.39188156,0.20371209721403064,Critical,0.37238917,0.18182526856833545,Critical,0.33237967,0.17775885431599533,Critical,0.3249462
12086002003,Critical,0.2258576094680669,0.4133188039123336,0.5464489090023887,0.36319453,False,False,0.21692683773538515,Critical,0.35296062,0.23755054771935696,Critical,0.38651735,0.22562846999875594,Critical,0.367119,0.20023028289555678,Critical,0.32579374,0.2011116641419736,Critical,0.32722783
12086002004,High,0.1567558863320467,0.3213079344982602,0.4878680838580271,0.34436044,False,False,0.15675588633204668,High,0.3227468,0.1669929968206553,Critical,0.34382415,0.1550358169895349,High,0.31920534,0.13900341032135416,High,0.286196,0.13792382026051672,High,0.28397322
12086002100,Low,0.0522223576473299,0.1333703979939036,0.391558834890161,0.29013464,False,False,0.052222357647329964,Low,0.2895073,0.057192547285983886,Low,0.31706074,0.052222357647329964,Low,0.2895073,0.046040694633965276,Low,0.25523776,0.052222357647329964,Low,0.2895073
12086002201,Low,0.0853681900289314,0.1808209831428766,0.4721144003595937,0.35507384,False,False,0.08536819002893138,Low,0.36404583,0.08828007437464741,Moderate,0.37646332,0.08536819002893138,Low,0.36404583,0.0757797463652408,Low,0.32315668,0.08536819002893138,Low,0.36404583
12086002202,High,0.1323300078810327,0.2555909393131503,0.5177413887857025,0.38939768,False,False,0.13233000788103266,High,0.39070073,0.1386837856775742,High,0.4094601,0.1336558306924418,High,0.39461517,0.11927668869073052,Moderate,0.35216117,0.11549117793302108,Moderate,0.34098455
12086002300,Critical,0.1699904359466129,0.336556435525738,0.5050874623183754,0.3671127,False,False,0.16267690868558293,Critical,0.33618256,0.16688628863645444,Critical,0.34488153,0.17111640924074442,Critical,0.35362336,0.14888334067590997,High,0.30767724,0.141609582376613,High,0.29264554
12086002402,Moderate,0.1165593164451859,0.2432868257756494,0.4791024588921756,0.33019575,False,False,0.11655931644518595,Moderate,0.31893072,0.13127946323595654,High,0.35920814,0.11655931644518595,Moderate,0.31893072,0.10333512116954913,Moderate,0.28274655,0.11655931644518595,Moderate,0.31893072
12086002403,High,0.1330131135730721,0.2621915803281121,0.5073126810808215,0.3838764,True,True,0.1330131135730721,High,0.36781394,0.1446753997300022,High,0.40006304,0.13391550122707185,High,0.37030926,0.11943125178104783,Moderate,0.33025676,0.12317265628101863,Moderate,0.34060267
12086002404,Critical,0.165111268777571,0.3419351339665429,0.4828730726270631,0.35702774,False,False,0.15826846565271435,High,0.34811756,0.1771964471165305,Critical,0.3897504,0.16453407075414422,Critical,0.361899,0.15447168362638883,High,0.33976638,0.15594093553621763,High,0.34299806
12086002501,High,0.1353571111991016,0.3077258699024636,0.4398626324202259,0.30001026,True,False,0.1353571111991016,High,0.30464596,0.1314940494569072,High,0.29595143,0.13846990548340252,High,0.3116519,0.1353571111991016,High,0.30464596,0.125182707046015,High,0.2817466
12086002502,High,0.1341367423076625,0.3147641490527681,0.4261500005998949,0.33356428,True,True,0.13413674230766254,High,0.3526635,0.14029993325199167,High,0.36886734,0.1362864364196791,High,0.35831532,0.11712630044236037,Moderate,0.30794075,0.11650294079869233,Moderate,0.30630186
12086002600,Low,0.0628346315266323,0.1803756754537102,0.3483542410504103,0.22599493,False,False,0.06283463152663234,Low,0.23431127,0.06728043626333466,Low,0.25088975,0.06283463152663234,Low,0.23431127,0.05288793666922275,Low,0.1972199,0.06283463152663234,Low,0.23431127
12086002702,Low,0.0493671664238685,0.1546309849285525,0.3192579187585124,0.22309235,False,False,0.04936716642386857,Low,0.23638879,0.0541151103015792,Low,0.25912374,0.04936716642386857,Low,0.23638879,0.04228764044120012,Low,0.20248932,0.04936716642386857,Low,0.23638879
12086002710,Low,0.0284139523278088,0.0997023990149083,0.2849876493298837,0.54179704,False,True,0.028413952327808824,Low,0.5829936,0.025960640586858735,Low,0.5326569,0.028413952327808824,Low,0.5829936,0.028217384233500023,Low,0.5789605,0.028413952327808824,Low,0.5829936
12086002705,Low,0.0523997648941959,0.151900997355124,0.3449599792402442,0.3008107,False,False,0.05239976489419596,Low,0.31309184,0.05754272139312564,Low,0.34382135,0.05239976489419596,Low,0.31309184,0.048574887412719696,Low,0.29023796,0.05239976489419596,Low,0.31309184
12086002707,Low,0.0323124626362504,0.1085413197378462,0.2976973443320285,0.5204022,False,False,0.0323124626362504,Low,0.5567162,0.029484495058816167,Low,0.50799274,0.0323124626362504,Low,0.5567162,0.032344010071652184,Low,0.55725974,0.0323124626362504,Low,0.5567162
12086002800,High,0.1430650541883407,0.3331967209646652,0.4293711347883056,0.38201243,True,False,0.1430650541883407,High,0.4295232,0.14859336394429293,High,0.44612083,0.14369733952328287,High,0.43142152,0.1283800592956767,High,0.38543454,0.1284971482250354,High,0.3857861
12086002900,Moderate,0.1224448258766545,0.3070983394259375,0.3987153629861434,0.23715872,True,False,0.12244482587665455,Moderate,0.23093015,0.1308545905353866,High,0.2467909,0.12244482587665455,Moderate,0.23093015,0.12244482587665455,Moderate,0.23093015,0.12244482587665455,Moderate,0.23093015
12086003001,Moderate,0.0938241184193237,0.2736361317355981,0.34287912865974,0.2216945,True,True,0.0938241184193237,Moderate,0.21111605,0.09368182099088387,Moderate,0.21079586,0.0938241184193237,Moderate,0.21111605,0.0938241184193237,Moderate,0.21111605,0.0938241184193237,Moderate,0.21111605
12086003006,Moderate,0.1199658710819174,0.2631216171396345,0.4559331627178828,0.62817013,False,False,0.11996587108191743,Moderate,0.6387466,0.10928303957785342,Moderate,0.5818669,0.11996587108191743,Moderate,0.6387466,0.11841174778253163,Moderate,0.6304718,0.11996587108191743,Moderate,0.6387466
12086003004,Moderate,0.0983388735384432,0.2492099132918785,0.394602575152246,0.30574873,True,False,0.0983388735384432,Moderate,0.29809052,0.09396500995193548,Moderate,0.2848322,0.0983388735384432,Moderate,0.29809052,0.0983388735384432,Moderate,0.29809052,0.0983388735384432,Moderate,0.29809052
12086003100,Moderate,0.1090985009043813,0.3141240396527897,0.3473102568812341,0.26891035,True,False,0.10909850090438136,Moderate,0.26830596,0.11623972098065465,Moderate,0.28586835,0.10909850090438136,Moderate,0.26830596,0.09270032360237275,Moderate,0.22797792,0.10909850090438136,Moderate,0.26830596
12086003400,Moderate,0.0995825774666738,0.2819167722885725,0.3532339585838485,0.2591257,True,False,0.09958257746667386,Moderate,0.26520994,0.09933411984949962,Moderate,0.26454824,0.09958257746667386,Moderate,0.26520994,0.09958257746667386,Moderate,0.26520994,0.09958257746667386,Moderate,0.26520994
12086003606,Low,0.053887809333595,0.247557493883065,0.2176779562934547,0.5659451,False,False,0.05388780933359501,Low,0.5922603,0.04891775155554572,Low,0.5376363,0.05388780933359501,Low,0.5922603,0.053752877949133186,Low,0.59077734,0.05388780933359501,Low,0.5922603
12086003605,Moderate,0.1123613966526053,0.2894503384919881,0.3881888590560948,0.57099193,True,False,0.11236139665260529,Moderate,0.57791203,0.1020324987879502,Moderate,0.52478707,0.11236139665260529,Moderate,0.57791203,0.11177184345224522,Moderate,0.57487977,0.11236139665260529,Moderate,0.57791203
12086003710,Low,0.0336651502721435,0.1404865440946868,0.2396325604639653,0.53408587,False,False,0.03366515027214356,Low,0.54356575,0.03067131010160589,Low,0.49522647,0.03366515027214356,Low,0.54356575,0.03342821503724916,Low,0.53974015,0.03366515027214356,Low,0.54356575
12086003703,Low,0.0113437413024136,0.0764417069457997,0.1483972788631838,0.23600873,False,False,0.011343741302413612,Low,0.22139052,0.011778300325645419,Low,0.2298716,0.011343741302413612,Low,0.22139052,0.011343741302413612,Low,0.22139052,0.011343741302413612,Low,0.22139052
12086003704,Low,0.0252354104004259,0.114309886593951,0.2207631478987163,0.15745103,False,True,0.02523541040042589,Low,0.15603922,0.028421499008989014,Low,0.1757399,0.02523541040042589,Low,0.15603922,0.02523541040042589,Low,0.15603922,0.02523541040042589,Low,0.15603922
12086003705,Low,0.0155739243919666,0.0888970036549979,0.1751906560586422,0.2628991,False,False,0.015573924391966597,Low,0.27006775,0.015598813387899974,Low,0.27049935,0.015573924391966597,Low,0.27006775,0.013819048742287272,Low,0.23963642,0.015573924391966597,Low,0.27006775
12086003706,Low,0.0143611288625458,0.1091174366531187,0.1316116773178927,0.100956105,False,True,0.014361128862545855,Low,0.11851256,0.01627406617608084,Low,0.13429873,0.014361128862545855,Low,0.11851256,0.014361128862545855,Low,0.11851256,0.014361128862545855,Low,0.11851256
12086003707,Low,0.0184548707798676,0.1144722818450838,0.1612169381304267,0.11791139,False,False,0.018454870779867644,Low,0.11974249,0.019894043969007916,Low,0.12908041,0.018454870779867644,Low,0.11974249,0.018454870779867644,Low,0.11974249,0.018454870779867644,Low,0.11974249
12086003801,Low,0.0771308431460464,0.1439010329772101,0.5359992319044842,0.3758702,False,False,0.07713084314604646,Low,0.37332228,0.07541699921117839,Low,0.36502707,0.07713084314604646,Low,0.37332228,0.06992882212859391,Low,0.33846366,0.07713084314604646,Low,0.37332228
12086003803,Moderate,0.10997315220134,0.201382127923747,0.5460919165725626,0.3611387,False,False,0.10997315220133998,Moderate,0.37131676,0.11355904230398585,Moderate,0.38342428,0.10997315220133998,Moderate,0.37131676,0.09739981096678035,Moderate,0.32886374,0.10997315220133998,Moderate,0.37131676
12086003804,Moderate,0.0977587599168646,0.1729792257351518,0.5651474013795326,0.35005623,False,False,0.0977587599168646,Moderate,0.32989526,0.09075649795339136,Moderate,0.30626553,0.0977587599168646,Moderate,0.32989526,0.08563683558110058,Low,0.2889888,0.0977587599168646,Moderate,0.32989526
12086003906,Low,0.0718370407719043,0.1156353286661122,0.621237831038022,0.5730566,False,True,0.07183704077190435,Low,0.5817961,0.06423044946523723,Low,0.5201916,0.07183704077190435,Low,0.5817961,0.07140062041803662,Low,0.5782616,0.07183704077190435,Low,0.5817961
12086003909,High,0.1461641665518521,0.2776253360655848,0.5264799265918694,0.3496168,False,False,0.14616416655185216,High,0.34387967,0.1505770182413206,High,0.35426176,0.14616416655185216,High,0.34387967,0.12940024025070632,High,0.30443928,0.12619962859884942,High,0.2969092
12086003911,High,0.1377991843693631,0.2490732343103925,0.5532476612787673,0.4520407,False,False,0.1377991843693631,High,0.43853375,0.13249261653137717,High,0.42164606,0.1377991843693631,High,0.43853375,0.1278965550398478,High,0.4070195,0.11806960463613159,Moderate,0.3757461
12086003912,High,0.1556011454164604,0.2169210472977775,0.7173169563526013,0.6765108,False,True,0.15560114541646042,High,0.6014734,0.13959105377416617,High,0.53958666,0.15348079756702515,High,0.5932772,0.15440128747914394,High,0.5968354,0.1271812222605953,High,0.4916167
12086003913,High,0.1253738707904804,0.2261959000308053,0.554271190474301,0.39138067,False,False,0.12537387079048043,High,0.40004286,0.12815382141979123,High,0.4089131,0.12538218061639667,High,0.40006936,0.11294621227242481,Moderate,0.3603887,0.11040527375831612,Moderate,0.35228106
12086003914,Moderate,0.1079992104431504,0.2007931682552305,0.5378629730363703,0.3654704,False,False,0.1079992104431504,Moderate,0.35877344,0.11496368904179664,Moderate,0.38190946,0.1079992104431504,Moderate,0.35877344,0.09644657220928424,Moderate,0.32039556,0.1079992104431504,Moderate,0.35877344
12086003915,Moderate,0.0877332300590991,0.1718095180395409,0.5106424315730159,0.35212362,False,False,0.08773323005909911,Moderate,0.34576637,0.09392131077866035,Moderate,0.3701543,0.08773323005909911,Moderate,0.34576637,0.07784154946195229,Low,0.30678216,0.08773323005909911,Moderate,0.34576637
12086003916,High,0.1400721406048572,0.2198018435566664,0.6372655403536035,0.4313283,False,True,0.14007214060485723,High,0.4261182,0.14622975853172793,High,0.4448505,0.13357000324865695,High,0.40633783,0.1342095328327269,High,0.40828335,0.12757878824789723,High,0.38811174
12086003917,Low,0.0726073479269668,0.1331990991326525,0.5451038963458563,0.36021984,False,False,0.07260734792696684,Low,0.35048544,0.06864304729074948,Low,0.33134922,0.07260734792696684,Low,0.35048544,0.06520681257361552,Low,0.31476206,0.07260734792696684,Low,0.35048544
12086003918,Low,0.065645805001327,0.1207140758003566,0.5438123480305277,0.41524738,False,True,0.06564580500132702,Low,0.41170737,0.06498555216631947,Low,0.4075665,0.06564580500132702,Low,0.41170737,0.0631640326748578,Low,0.39614257,0.06564580500132702,Low,0.41170737
12086003919,Low,0.0437736596542704,0.1077580736938888,0.406221623621627,0.23523624,False,True,0.04377365965427044,Low,0.23392151,0.04697979564272526,Low,0.25105473,0.04377365965427044,Low,0.23392151,0.03762380447923352,Low,0.20105737,0.04377365965427044,Low,0.23392151
12086003921,Low,0.0421203149770907,0.0942800194005125,0.4467575976852392,0.3368834,False,False,0.04212031497709071,Low,0.3576174,0.043818241168348315,Low,0.37203345,0.04212031497709071,Low,0.3576174,0.03866834641413364,Low,0.32830888,0.04212031497709071,Low,0.3576174
12086003922,Low,0.0366932849463003,0.0850286209779389,0.431540398095137,0.2883185,False,False,0.03669328494630027,Low,0.28833863,0.038557066363063844,Low,0.30298436,0.03669328494630027,Low,0.28833863,0.033488670692779186,Low,0.26315653,0.03669328494630027,Low,0.28833863
12086004000,Low,0.0414424502727764,0.0999918061216679,0.4144584629499552,0.22228457,False,False,0.0414424502727764,Low,0.2292381,0.04528270326655519,Low,0.25048038,0.0414424502727764,Low,0.2292381,0.03441443030627279,Low,0.19036274,0.0414424502727764,Low,0.2292381
12086004102,Low,0.0354766699092166,0.0857793211842328,0.4135806791128768,0.31582078,False,False,0.035476669909216586,Low,0.30821818,0.03793701940777294,Low,0.32959348,0.035476669909216586,Low,0.30821818,0.03168201556417108,Low,0.27525055,0.035476669909216586,Low,0.30821818
12086004103,Moderate,0.0985003198504877,0.2276552385485454,0.4326731968853131,0.24567723,True,False,0.09850031985048771,Moderate,0.2531153,0.10592795973129561,Moderate,0.27220201,0.09850031985048771,Moderate,0.2531153,0.08396859511891744,Low,0.21577327,0.09850031985048771,Moderate,0.2531153
12086004105,Moderate,0.0920669603157779,0.2121821231440894,0.4339053589979244,0.32136065,False,True,0.09206696031577791,Moderate,0.32387692,0.09930432787904378,Moderate,0.34933683,0.09206696031577791,Moderate,0.32387692,0.080987897644073,Low,0.28490254,0.09206696031577791,Moderate,0.32387692
12086004106,Low,0.0289610881765394,0.0668578301369218,0.4331742163517489,0.36307424,False,True,0.028961088176539442,Low,0.39256325,0.028216321184904653,Low,0.38246804,0.028961088176539442,Low,0.39256325,0.02597269346833958,Low,0.352056,0.028961088176539442,Low,0.39256325
12086004208,Low,0.0737095071694384,0.1700296297539961,0.4335097787137661,0.57200974,False,False,0.07370950716943843,Low,0.56145334,0.06679483426302521,Low,0.5087835,0.07370950716943843,Low,0.56145334,0.07325299914322868,Low,0.55797607,0.07370950716943843,Low,0.56145334
12086004204,Moderate,0.1032340947152348,0.2485522503154269,0.415341621667979,0.3661737,True,False,0.10323409471523486,Moderate,0.36528906,0.1082579006095056,Moderate,0.38306558,0.10323409471523486,Moderate,0.36528906,0.09205432524194787,Moderate,0.32572997,0.10323409471523486,Moderate,0.36528906
12086004205,Low,0.0861755977601903,0.2140883055988187,0.4025236106154965,0.33818778,False,False,0.08617559776019032,Low,0.3331781,0.09364342333828245,Moderate,0.3620507,0.08617559776019032,Low,0.3331781,0.0774776245560331,Low,0.2995494,0.08617559776019032,Low,0.3331781
12086004206,Moderate,0.1042302380580018,0.2654882183488891,0.3925983559881688,0.2522515,True,False,0.10423023805800184,Moderate,0.23835583,0.11854820817674543,Moderate,0.27109846,0.10423023805800184,Moderate,0.23835583,0.08854811626997654,Moderate,0.20249364,0.10423023805800184,Moderate,0.23835583
12086004301,Low,0.047788002405345,0.1410325190805004,0.338843854714585,0.38680157,False,False,0.04778800240534502,Low,0.4232372,0.047482373338514676,Low,0.42053038,0.04778800240534502,Low,0.4232372,0.04578995868299768,Low,0.40554142,0.04778800240534502,Low,0.4232372
12086004303,Moderate,0.0960544582988643,0.2449890036599966,0.3920766110472931,0.3532139,True,False,0.09605445829886435,Moderate,0.36161867,0.10574962174240769,Moderate,0.39811832,0.09605445829886435,Moderate,0.36161867,0.08987560308595187,Moderate,0.33835697,0.09605445829886435,Moderate,0.36161867
12086004304,Low,0.067815284398576,0.1660677135057901,0.4083592347179007,0.39908367,False,True,0.06781528439857604,Low,0.41601235,0.06583605510024573,Low,0.4038708,0.06781528439857604,Low,0.41601235,0.06224634974399839,Low,0.38184977,0.06781528439857604,Low,0.41601235
12086004403,Low,0.0754779863061192,0.1964905656749896,0.3841303323996003,0.33113596,False,False,0.07547798630611925,Low,0.33168975,0.08341664583054516,Low,0.36657637,0.07547798630611925,Low,0.33168975,0.06962655393492016,Low,0.3059755,0.07547798630611925,Low,0.33168975
12086004404,High,0.1368939555506248,0.2879337841098788,0.4754355449250947,0.6199492,True,True,0.1368939555506248,High,0.61929834,0.1239516909364983,Moderate,0.56074846,0.13462329291348346,High,0.609026,0.1361236401620843,High,0.6158135,0.11395237592772546,Moderate,0.5155123
12086004405,Moderate,0.098668550814893,0.2663715944793713,0.3704169395679845,0.34336087,False,False,0.09866855081489295,Moderate,0.3260307,0.10448277482291823,Moderate,0.34524265,0.09866855081489295,Moderate,0.3260307,0.08692149269494703,Low,0.28721488,0.09866855081489295,Moderate,0.3260307
12086004406,Low,0.064594095305191,0.1629840975070081,0.3963214589227857,0.40844673,False,False,0.064594095305191,Low,0.40153554,0.06319178583044689,Low,0.3928184,0.064594095305191,Low,0.40153554,0.06241045259178293,Low,0.3879614,0.064594095305191,Low,0.40153554
12086004500,Moderate,0.0974295591477275,0.179945317493242,0.5414398135221642,0.38065714,False,False,0.09742955914772758,Moderate,0.38158947,0.10339353958941745,Moderate,0.4049478,0.09742955914772758,Moderate,0.38158947,0.09241896725300525,Moderate,0.36196515,0.09742955914772758,Moderate,0.38158947
12086004602,Low,0.0620213913747907,0.106070665556221,0.5847176601519232,0.42511603,False,False,0.06202139137479073,Low,0.4040767,0.057806527038778865,Low,0.37661636,0.06202139137479073,Low,0.4040767,0.059591460996071294,Low,0.3882454,0.06202139137479073,Low,0.4040767
12086004605,Low,0.0797599103420708,0.1446500187349087,0.5513992396243099,0.44528767,False,True,0.07975991034207085,Low,0.45828113,0.07554491220958073,Low,0.43406278,0.07975991034207085,Low,0.45828113,0.07804198756863213,Low,0.44841036,0.07975991034207085,Low,0.45828113
12086004607,Low,0.0535981604423328,0.0961972004291203,0.5571696494621468,0.41727686,False,False,0.053598160442332836,Low,0.414586,0.0481047024585258,Low,0.37209368,0.053598160442332836,Low,0.414586,0.05155147313226059,Low,0.39875472,0.053598160442332836,Low,0.414586
12086004608,Low,0.0697487982934877,0.1236633336856616,0.5640216563365616,0.44120458,False,False,0.06974879829348778,Low,0.45189774,0.06636927409953502,Low,0.43000203,0.06974879829348778,Low,0.45189774,0.06820000577852875,Low,0.4418632,0.06974879829348778,Low,0.45189774
12086004701,High,0.1305563249266512,0.1744119335048982,0.7485515601086129,0.6769685,False,True,0.1305563249266512,High,0.649213,0.11781108829860058,Moderate,0.5858352,0.12858758548451174,High,0.63942313,0.12839458997116163,High,0.63846344,0.10093679355385435,Moderate,0.501925
12086004705,Low,0.0683036302055872,0.1345761542282065,0.5075463078678993,0.5721562,False,False,0.0683036302055872,Low,0.5879136,0.06182858886724328,Low,0.5321806,0.0683036302055872,Low,0.5879136,0.06815904512525438,Low,0.5866691,0.0683036302055872,Low,0.5879136
12086004703,Low,0.0820495646568658,0.1486536039383313,0.5519513989778809,0.3747138,False,False,0.08204956465686579,Low,0.38371244,0.07857728469656876,Low,0.367474,0.08204956465686579,Low,0.38371244,0.07601789648104475,Low,0.35550478,0.08204956465686579,Low,0.38371244
12086004901,High,0.1250416296023833,0.2164251875418344,0.5777591371069654,0.40066004,False,False,0.12504162960238338,High,0.3634806,0.12097090133975097,Moderate,0.3516475,0.12504162960238338,High,0.3634806,0.11183966328610526,Moderate,0.32510412,0.10016398716012946,Moderate,0.29116437
12086004904,Low,0.0717973726235871,0.1796479052085772,0.3996560524333861,0.55328447,False,False,0.07179737262358711,Low,0.5730022,0.06465343986525293,Low,0.51598775,0.07179737262358711,Low,0.5730022,0.07129042816027507,Low,0.5689564,0.07179737262358711,Low,0.5730022
12086005004,Moderate,0.0953767499820552,0.1713661787347803,0.5565669415414094,0.5788414,False,False,0.09537674998205518,Moderate,0.61574787,0.08630938426372753,Low,0.5572094,0.09537674998205518,Moderate,0.61574787,0.09481018743198957,Moderate,0.6120902,0.09537674998205518,Moderate,0.61574787
12086005002,Moderate,0.094760197944932,0.1801426517166709,0.5260286614075784,0.36578256,False,False,0.09476019794493201,Moderate,0.35833117,0.09946626869522246,Moderate,0.37612695,0.09476019794493201,Moderate,0.35833117,0.08805359273226655,Moderate,0.33297047,0.09476019794493201,Moderate,0.35833117
12086005102,High,0.1372758397315484,0.2999549698511414,0.4576548266550616,0.35186473,True,False,0.13727583973154833,High,0.3677033,0.14531535301431897,High,0.3892377,0.13634429560184308,High,0.3652081,0.12284906049458597,Moderate,0.3290601,0.1251645877973965,High,0.33526242
12086005103,Moderate,0.1182680443708317,0.2274010599314014,0.5200857217046784,0.39860123,False,False,0.11826804437083172,Moderate,0.41166356,0.12366943439300067,Moderate,0.43046454,0.11826804437083172,Moderate,0.41166356,0.1074000792203178,Moderate,0.3738347,0.11826804437083172,Moderate,0.41166356
12086005104,High,0.1568474002838127,0.28211454747183,0.5559706214706082,0.41190174,False,False,0.15684740028381272,High,0.40881753,0.1664285523760827,Critical,0.43379048,0.15708783358576814,High,0.4094442,0.14755935282187582,High,0.38460854,0.14866287043973928,High,0.38748482
12086005201,Moderate,0.103388165047188,0.2433588642203472,0.4248382954054885,0.35701984,False,False,0.10338816504718804,Moderate,0.35649547,0.10743257023913404,Moderate,0.37044108,0.10338816504718804,Moderate,0.35649547,0.09122140744731266,Moderate,0.31454295,0.10338816504718804,Moderate,0.35649547
12086005202,Moderate,0.0936250385282957,0.2400373555724544,0.3900436176069911,0.35933575,False,False,0.09362503852829575,Moderate,0.3586343,0.09802228383759286,Moderate,0.3754781,0.09362503852829575,Moderate,0.3586343,0.0833305855064694,Low,0.319201,0.09362503852829575,Moderate,0.3586343
12086005305,High,0.1352345577869119,0.3312885000620567,0.4082078241821854,0.5886506,True,True,0.13523455778691193,High,0.60378313,0.12387675033636673,Moderate,0.5530738,0.13331244137732698,High,0.59520143,0.1343676394203616,High,0.5999126,0.11437527667532825,Moderate,0.5106525
12086005303,Moderate,0.1000661019441495,0.2427743891764884,0.4121773399722365,0.38013032,False,False,0.1000661019441495,Moderate,0.3684753,0.10332265485074031,Moderate,0.38046694,0.1000661019441495,Moderate,0.3684753,0.08867314108440169,Moderate,0.32652277,0.1000661019441495,Moderate,0.3684753
12086005304,Moderate,0.1230920639752199,0.2715760164936312,0.4532508634764021,0.42629048,False,False,0.12309206397521996,Moderate,0.41976076,0.12694976963115495,High,0.43291607,0.12309206397521996,Moderate,0.41976076,0.11621439720576293,Moderate,0.396307,0.12309206397521996,Moderate,0.41976076
12086005403,Moderate,0.1027126270928268,0.2160774468104799,0.4753509846074559,0.37729803,False,False,0.1027126270928268,Moderate,0.42129996,0.10736504452202997,Moderate,0.44038293,0.1027126270928268,Moderate,0.42129996,0.09208478345036394,Moderate,0.37770736,0.1027126270928268,Moderate,0.42129996
12086005405,Moderate,0.1073349808381885,0.2333493772781,0.4599754329332081,0.36956847,False,False,0.10733498083818856,Moderate,0.33874422,0.11864125149038073,Moderate,0.3744263,0.10733498083818856,Moderate,0.33874422,0.0963126256925761,Moderate,0.30395818,0.10733498083818856,Moderate,0.33874422
12086005406,High,0.1304506825261988,0.2969378362459283,0.4393198393826703,0.3848426,True,True,0.13045068252619887,High,0.39769873,0.1397663601943581,High,0.42609897,0.12327384133102147,Moderate,0.37581903,0.12031165292507404,Moderate,0.36678836,0.1214776852217123,Moderate,0.37034318
12086005407,Moderate,0.103144936509591,0.2235607089208414,0.4613732753285942,0.36836654,False,False,0.10314493650959106,Moderate,0.34193528,0.10559334457472801,Moderate,0.35005197,0.10314493650959106,Moderate,0.34193528,0.09096198996500386,Moderate,0.30154765,0.10314493650959106,Moderate,0.34193528
12086005409,High,0.153755899218298,0.371583797376436,0.4137852627156785,0.3799833,True,True,0.15375589921829802,High,0.36721528,0.16311139953626566,Critical,0.38955903,0.1543556467304385,High,0.36864766,0.13872235471831681,High,0.33131066,0.13529665836821905,High,0.32312906
12086005410,Critical,0.1710404724660156,0.3680235549802819,0.4647541445415896,0.40479985,False,False,0.16016711992454452,Critical,0.398784,0.17935849673230633,Critical,0.44656667,0.16501111091857595,Critical,0.41084456,0.16030701306075848,Critical,0.3991323,0.15539164822569557,High,0.38689405
12086005506,Moderate,0.1009859537775261,0.2102182350557243,0.4803862697770102,0.5743814,False,False,0.10098595377752612,Moderate,0.5839347,0.09226843263665221,Moderate,0.5335271,0.10098595377752612,Moderate,0.5839347,0.10031657907460856,Moderate,0.5800642,0.10098595377752612,Moderate,0.5839347
12086005504,Moderate,0.0956656720588007,0.2002544451953042,0.4777205917476636,0.63618666,False,False,0.09566567205880079,Moderate,0.58930546,0.08794065302850416,Moderate,0.54171896,0.09566567205880079,Moderate,0.58930546,0.09480641413494664,Moderate,0.5840124,0.09566567205880079,Moderate,0.58930546
12086005600,Moderate,0.0894018855201741,0.1960010202129017,0.4561296947488505,0.31928882,False,False,0.08940188552017413,Moderate,0.29943106,0.08397621958093408,Low,0.28125903,0.08940188552017413,Moderate,0.29943106,0.07753047298330344,Low,0.2596705,0.08940188552017413,Moderate,0.29943106
12086005701,Moderate,0.1031279110290732,0.2113284591119153,0.4879982159641772,0.33645388,False,False,0.10312791102907323,Moderate,0.33606178,0.1061280666152817,Moderate,0.34583834,0.10312791102907323,Moderate,0.33606178,0.09048635116021864,Moderate,0.29486686,0.10312791102907323,Moderate,0.33606178
12086005706,High,0.1473516955108604,0.2684615743577762,0.548874437108404,0.6140872,False,False,0.14735169551086036,High,0.5997937,0.13463932593490216,High,0.5480481,0.14508961218066474,High,0.5905859,0.1462462426660335,High,0.59529394,0.12460230769978972,High,0.5071925
12086005708,Low,0.0848282797071035,0.1914076336511486,0.4431812780346472,0.598555,False,False,0.08482827970710358,Low,0.5908841,0.0764707666266127,Low,0.5326686,0.08482827970710358,Low,0.5908841,0.08441071172038332,Low,0.58797544,0.08482827970710358,Low,0.5908841
12086005806,Low,0.058809885954846,0.1330293167530497,0.4420821469302012,0.5649151,False,False,0.058809885954845986,Low,0.59503335,0.05317736513984314,Low,0.538044,0.058809885954845986,Low,0.59503335,0.058760919827396514,Low,0.5945379,0.058809885954845986,Low,0.59503335
12086005803,Low,0.0709571625791422,0.1619233963974291,0.4382143912358598,0.5893235,False,True,0.0709571625791422,Low,0.5759799,0.06461295830501959,Low,0.52448213,0.0709571625791422,Low,0.5759799,0.07058360713182364,Low,0.5729476,0.0709571625791422,Low,0.5759799
12086005901,Moderate,0.1103000841477792,0.1901941012520201,0.579934306172956,0.41982782,False,False,0.11030008414777923,Moderate,0.42344683,0.10831896840384868,Moderate,0.41584125,0.11030008414777923,Moderate,0.42344683,0.10006518071685552,Moderate,0.3841546,0.11030008414777923,Moderate,0.42344683
12086005902,Moderate,0.1137360913613797,0.1946528266972971,0.5843022846940196,0.40421242,False,True,0.11373609136137974,Moderate,0.38698527,0.10846487747281322,Moderate,0.36905006,0.11373609136137974,Moderate,0.38698527,0.10232092980090686,Moderate,0.34814537,0.11373609136137974,Moderate,0.38698527
12086005903,High,0.1262727747033952,0.2193584545798197,0.5756458074309024,0.41358745,False,True,0.12627277470339526,High,0.4073485,0.1344234317341086,High,0.43364206,0.12803552807187624,High,0.41303504,0.12217433247888004,Moderate,0.3941272,0.12001808157141268,Moderate,0.38717124
12086005904,Moderate,0.0986138264879899,0.1818021718777242,0.5424238086347793,0.42030472,False,False,0.09861382648798994,Moderate,0.42857805,0.10162249401120126,Moderate,0.4416538,0.09861382648798994,Moderate,0.42857805,0.09216912529832345,Moderate,0.40056923,0.09861382648798994,Moderate,0.42857805
12086006004,Low,0.0657805568720596,0.1391961737963238,0.472574461481332,0.5555069,False,False,0.06578055687205961,Low,0.6234003,0.0596271329925466,Low,0.56508446,0.06578055687205961,Low,0.6234003,0.06526645807181382,Low,0.6185282,0.06578055687205961,Low,0.6234003
12086006002,Low,0.0499093736885523,0.0996139051003254,0.5010281811388329,0.35266048,False,False,0.04990937368855234,Low,0.3463766,0.05589043102887708,Low,0.3878858,0.04990937368855234,Low,0.3463766,0.04662372398483193,Low,0.32357383,0.04990937368855234,Low,0.3463766
12086006106,Low,0.0515379832431995,0.1121263863515573,0.4596418819885002,0.5706963,False,True,0.051537983243199484,Low,0.58086365,0.04678918647775398,Low,0.5273419,0.051537983243199484,Low,0.58086365,0.05135105486257114,Low,0.57875687,0.051537983243199484,Low,0.58086365
12086006104,Low,0.0472162299973866,0.1115741950270729,0.4231823495202441,0.5468825,False,False,0.047216229997386644,Low,0.58610654,0.043134883141660994,Low,0.5354438,0.047216229997386644,Low,0.58610654,0.046949630731593535,Low,0.58279717,0.047216229997386644,Low,0.58610654
12086006201,Moderate,0.0894394826825683,0.1888861663135498,0.4735099686130501,0.42158633,False,False,0.08943948268256832,Moderate,0.4364156,0.08545388205132905,Low,0.41696808,0.08943948268256832,Moderate,0.4364156,0.08484405731622255,Low,0.41399246,0.08943948268256832,Moderate,0.4364156
12086006203,Low,0.0420518815191716,0.1272468966269064,0.3304747120275135,0.32618344,False,False,0.04205188151917166,Low,0.33749473,0.040144652600504614,Low,0.32218793,0.04205188151917166,Low,0.33749473,0.037168522078533606,Low,0.29830247,0.04205188151917166,Low,0.33749473
12086006205,Low,0.0561008783413489,0.1258548435702354,0.4457585957749878,0.35434824,False,False,0.056100878341348887,Low,0.36959678,0.05474974635947763,Low,0.36069542,0.056100878341348887,Low,0.36959678,0.05007609208110979,Low,0.32990503,0.056100878341348887,Low,0.36959678
12086006206,Low,0.0291159747907875,0.0899036163608269,0.3238576596733437,0.3583447,False,False,0.029115974790787532,Low,0.37154078,0.02593940331212674,Low,0.33100545,0.029115974790787532,Low,0.37154078,0.02679682362864772,Low,0.34194675,0.029115974790787532,Low,0.37154078
12086006304,Moderate,0.1079188793108872,0.2186152777920697,0.4936474724036968,0.5963343,False,True,0.10791887931088724,Moderate,0.5897584,0.09736242351192974,Moderate,0.53206915,0.10791887931088724,Moderate,0.5897584,0.10726136545367754,Moderate,0.5861652,0.10791887931088724,Moderate,0.5897584
12086006302,Moderate,0.0955177954479887,0.2020709609977329,0.4726943197397887,0.37716943,False,True,0.09551779544798872,Moderate,0.37320998,0.10096301967524658,Moderate,0.3944857,0.09551779544798872,Moderate,0.37320998,0.08611158572268143,Low,0.33645776,0.09551779544798872,Moderate,0.37320998
12086006401,High,0.1365043492941134,0.2605240954221012,0.5239605537174941,0.38736725,False,True,0.1365043492941134,High,0.3551478,0.14357182651759562,High,0.37353548,0.1369620157894243,High,0.35633853,0.12017362084260616,Moderate,0.31265962,0.12065176638802723,Moderate,0.31390363
12086006402,Moderate,0.1193382342799777,0.2353173326494499,0.5071374596012219,0.39897606,False,False,0.1193382342799777,Moderate,0.41574964,0.12827890525524938,High,0.44689706,0.1193382342799777,Moderate,0.41574964,0.11070917456174277,Moderate,0.3856878,0.1193382342799777,Moderate,0.41574964
12086006403,Low,0.0693147112615188,0.1388455947822809,0.499221537206196,0.380833,False,False,0.06931471126151885,Low,0.3780614,0.07312604997917536,Low,0.39884952,0.06931471126151885,Low,0.3780614,0.06200759617255429,Low,0.3382064,0.06931471126151885,Low,0.3780614
12086006501,Low,0.0542511536147243,0.1282668453593541,0.4229553900911309,0.32989898,False,True,0.05425115361472438,Low,0.34061056,0.06087454017273237,Low,0.38219485,0.05425115361472438,Low,0.34061056,0.048505190642753174,Low,0.3045351,0.05425115361472438,Low,0.34061056
12086006503,Low,0.0730510821437033,0.1695649481158757,0.4308147583295481,0.32914189,False,True,0.07305108214370334,Low,0.3654051,0.0818456016276691,Low,0.40939572,0.07305108214370334,Low,0.3654051,0.06800751348330883,Low,0.34017694,0.07305108214370334,Low,0.3654051
12086006504,Low,0.0861416355940625,0.1641397096339915,0.5248067989528329,0.40592402,False,True,0.08614163559406254,Low,0.40304574,0.09267876555086083,Moderate,0.43363217,0.08614163559406254,Low,0.40304574,0.08182609636217243,Low,0.3828539,0.08614163559406254,Low,0.40304574
12086006608,Low,0.0386809745473852,0.1045254862947704,0.3700626126560339,0.56605816,False,False,0.0386809745473852,Low,0.5971327,0.03517265509418046,Low,0.54297346,0.0386809745473852,Low,0.5971327,0.0384652035657774,Low,0.59380174,0.0386809745473852,Low,0.5971327
12086006606,Low,0.0717900005288192,0.2055419329058847,0.3492717982840563,0.5505278,False,False,0.0717900005288192,Low,0.5722488,0.06550649014744586,Low,0.522162,0.0717900005288192,Low,0.5722488,0.07133972379842203,Low,0.5686596,0.0717900005288192,Low,0.5722488
12086006715,Low,0.0315374496677145,0.1153677951898202,0.2733644134901287,0.53361744,False,False,0.03153744966771449,Low,0.51624125,0.029443470424832325,Low,0.4819646,0.03153744966771449,Low,0.51624125,0.03130374056828538,Low,0.51241565,0.03153744966771449,Low,0.51624125
12086006705,Low,0.0383121312035249,0.1107097536639755,0.346059221844259,0.37299842,False,False,0.03831213120352497,Low,0.3877333,0.04017814112530881,Low,0.40661806,0.03831213120352497,Low,0.3877333,0.03737727654204655,Low,0.37827224,0.03831213120352497,Low,0.3877333
12086006706,Low,0.0331990609265872,0.0894302579222589,0.3712285047354663,0.32417175,False,False,0.03319906092658726,Low,0.3393329,0.032977633145087386,Low,0.33706966,0.03319906092658726,Low,0.3393329,0.031277574993857936,Low,0.3196931,0.03319906092658726,Low,0.3393329
12086006709,Low,0.0124387653228023,0.0558336061125736,0.2227827681006832,0.34337854,False,False,0.012438765322802373,Low,0.3626329,0.013585790517164435,Low,0.39607266,0.012438765322802373,Low,0.3626329,0.01225720557855908,Low,0.3573398,0.012438765322802373,Low,0.3626329
12086006721,Low,0.0197621782462235,0.078615244978016,0.2513784476757641,0.5296503,False,True,0.019762178246223575,Low,0.5362916,0.018432285701265497,Low,0.50020194,0.019762178246223575,Low,0.5362916,0.01958535867729765,Low,0.5314932,0.019762178246223575,Low,0.5362916
12086006713,Low,0.0363633630838959,0.1216434655860706,0.2989339617109685,0.5222806,False,False,0.03636336308389594,Low,0.5561337,0.03297988641833829,Low,0.5043875,0.03636336308389594,Low,0.5561337,0.036146104702719735,Low,0.55281097,0.03636336308389594,Low,0.5561337
12086006714,Low,0.0329164058313834,0.1044817456834967,0.3150445622443566,0.32563993,False,False,0.032916405831383416,Low,0.34502968,0.0343453483147557,Low,0.36000785,0.032916405831383416,Low,0.34502968,0.03269245865044365,Low,0.34268227,0.032916405831383416,Low,0.34502968
12086006801,Low,0.0426143249223311,0.1176744272373367,0.3621375172396855,0.33161655,False,True,0.04261432492233114,Low,0.32644996,0.04768781033089429,Low,0.36531574,0.04261432492233114,Low,0.32644996,0.038481499826465954,Low,0.29479018,0.04261432492233114,Low,0.32644996
12086006802,Low,0.0563956344709217,0.1237979882503999,0.4555456455144745,0.2903873,False,True,0.05639563447092176,Low,0.27849725,0.06088813415368781,Low,0.30068246,0.05639563447092176,Low,0.27849725,0.049675567840072106,Low,0.24531169,0.05639563447092176,Low,0.27849725
12086006901,Low,0.0535733863541653,0.122379536107018,0.4377642542076367,0.61026186,False,False,0.05357338635416528,Low,0.58850074,0.04886428660817312,Low,0.53677154,0.05357338635416528,Low,0.58850074,0.053240413060975246,Low,0.58484304,0.05357338635416528,Low,0.58850074
12086007004,Low,0.0439319870669325,0.1169266119037002,0.3757227405435693,0.5470952,False,False,0.04393198706693257,Low,0.57582915,0.040005138061160524,Low,0.5243588,0.04393198706693257,Low,0.57582915,0.043640560727983356,Low,0.5720093,0.04393198706693257,Low,0.57582915
12086007006,Low,0.0425283359943307,0.1364645933166114,0.3116437382087877,0.51684487,False,False,0.04252833599433072,Low,0.53553456,0.039555520132089496,Low,0.49809963,0.04252833599433072,Low,0.53553456,0.042252195613836224,Low,0.5320573,0.04252833599433072,Low,0.53553456
12086007101,Low,0.0827540035845977,0.1846107586424391,0.4482620850114086,0.44300747,False,False,0.08275400358459765,Low,0.45934886,0.08177304807547821,Low,0.4539038,0.08275400358459765,Low,0.45934886,0.08095023418585785,Low,0.44933653,0.08275400358459765,Low,0.45934886
12086007103,Low,0.0864655048904451,0.1610758143913331,0.536800047959885,0.48915508,False,True,0.08646550489044513,Low,0.49880272,0.0800038570625202,Low,0.46152672,0.08646550489044513,Low,0.49880272,0.08528079790415603,Low,0.49196836,0.08646550489044513,Low,0.49880272
12086007104,Low,0.0308286195919305,0.0807892603366629,0.3815930417417156,0.4046205,False,True,0.03082861959193053,Low,0.4055295,0.033427480843745944,Low,0.43971577,0.03082861959193053,Low,0.4055295,0.029832914121158828,Low,0.39243168,0.03082861959193053,Low,0.4055295
12086007200,Moderate,0.107145733103765,0.2220435030752304,0.4825438782032862,0.40194592,True,False,0.10714573310376499,Moderate,0.39107212,0.1034334625701542,Moderate,0.37752268,0.10714573310376499,Moderate,0.39107212,0.10293177383885936,Moderate,0.37569156,0.10714573310376499,Moderate,0.39107212
12086007300,Low,0.0368569722898641,0.0735427627969188,0.5011638248027352,0.3834095,False,False,0.036856972289864134,Low,0.41676447,0.03902603331311984,Low,0.44129136,0.036856972289864134,Low,0.41676447,0.03507769339014108,Low,0.39664507,0.036856972289864134,Low,0.41676447
12086007403,Low,0.0660332053478656,0.1401898327045806,0.4710270643308073,0.58013433,False,True,0.06603320534786561,Low,0.602715,0.059879676262022175,Low,0.54654896,0.06603320534786561,Low,0.602715,0.06576422297995196,Low,0.6002599,0.06603320534786561,Low,0.602715
12086007501,Low,0.0296161798506803,0.0630383591787799,0.4698120356636721,0.37815142,False,False,0.02961617985068031,Low,0.4329365,0.02954064782537582,Low,0.43183234,0.02961617985068031,Low,0.4329365,0.029089731096111685,Low,0.42524073,0.02961617985068031,Low,0.4329365
12086007503,Low,0.0592439375962446,0.1448739033969615,0.4089345023990509,0.5977718,False,True,0.05924393759624461,Low,0.5918072,0.05422398869773498,Low,0.54166126,0.05924393759624461,Low,0.5918072,0.05892466289549781,Low,0.58861786,0.05924393759624461,Low,0.5918072
12086007601,Low,0.0674437426158746,0.1344381376515856,0.5016712057605569,0.41550073,False,False,0.06744374261587467,Low,0.40817997,0.07271011575408677,Low,0.44005287,0.06744374261587467,Low,0.40817997,0.06652242398975924,Low,0.402604,0.06744374261587467,Low,0.40817997
12086007603,High,0.128570452052279,0.2618307637083689,0.4910441012786515,0.34233558,False,False,0.12857045205227896,High,0.34627154,0.1180976702371232,Moderate,0.3180658,0.1294616896946134,High,0.34867185,0.12857045205227896,High,0.34627154,0.11272678672758336,Moderate,0.3036007
12086007610,Low,0.0500523803754016,0.1239397963924716,0.4038443004771782,0.52166295,False,True,0.050052380375401585,Low,0.538255,0.046446053900504235,Low,0.49947315,0.050052380375401585,Low,0.538255,0.04974263659311401,Low,0.53492403,0.050052380375401585,Low,0.538255
12086007605,Moderate,0.0965038303095417,0.1709602978336037,0.5644809440111602,0.40508518,False,True,0.09650383030954172,Moderate,0.40629643,0.10027991899425713,Moderate,0.42219436,0.09650383030954172,Moderate,0.40629643,0.08850396882416514,Moderate,0.37261575,0.09650383030954172,Moderate,0.40629643
12086007607,Low,0.079818162202215,0.1693434660988682,0.4713388950927378,0.5621944,False,False,0.07981816220221503,Low,0.5751997,0.0724753045760358,Low,0.5222843,0.07981816220221503,Low,0.5751997,0.07928729761710318,Low,0.5713741,0.07981816220221503,Low,0.5751997
12086007708,Moderate,0.095990641147707,0.1872314738163866,0.51268432166401,0.6141656,False,False,0.09599064114770701,Moderate,0.7034563,0.08760888426704302,Moderate,0.64203155,0.09599064114770701,Moderate,0.7034563,0.09490923413106934,Moderate,0.6955313,0.09599064114770701,Moderate,0.7034563
12086007706,Low,0.0746280661433917,0.1420166935858449,0.5254879849620024,0.5580615,False,True,0.07462806614339178,Low,0.57756877,0.06794198103913318,Low,0.5258232,0.07462806614339178,Low,0.57756877,0.07400806110970022,Low,0.57277036,0.07462806614339178,Low,0.57756877
12086007704,Low,0.066581048561335,0.1155320211883714,0.5762995217817288,0.4310671,False,False,0.066581048561335,Low,0.44457564,0.0707948123177316,Low,0.47271183,0.066581048561335,Low,0.44457564,0.06525735800245806,Low,0.43573707,0.066581048561335,Low,0.44457564
12086007705,Low,0.0812776589265265,0.1449073369521971,0.5608940212139767,0.39794967,False,False,0.08127765892652651,Low,0.40095675,0.08380836179049837,Low,0.41344115,0.08127765892652651,Low,0.40095675,0.07279143977364903,Low,0.35909277,0.08127765892652651,Low,0.40095675
12086007801,Moderate,0.1088732905764214,0.1572914123596987,0.6921756817050302,0.499044,False,False,0.10887329057642146,Moderate,0.49803194,0.10281935942805186,Moderate,0.47033873,0.10887329057642146,Moderate,0.49803194,0.10738653419299693,Moderate,0.4912309,0.10887329057642146,Moderate,0.49803194
12086007809,Low,0.065203669413138,0.1401959394915543,0.4650895714213321,0.58490926,False,False,0.06520366941313799,Low,0.58361334,0.06003530454552739,Low,0.5373533,0.06520366941313799,Low,0.58361334,0.06477123672081338,Low,0.5797428,0.06520366941313799,Low,0.58361334
12086007805,Low,0.0551210890480053,0.1218255281212621,0.4524592661165331,0.31930172,False,False,0.05512108904800531,Low,0.34175885,0.05699784318019948,Low,0.35339502,0.05512108904800531,Low,0.34175885,0.05081091653374493,Low,0.31503513,0.05512108904800531,Low,0.34175885
12086007806,Low,0.0626129040292827,0.0825471071852604,0.7585111842715531,0.55995345,False,True,0.0626129040292827,Low,0.5010732,0.05092303837473151,Low,0.40752253,0.0626129040292827,Low,0.5010732,0.06036154436268575,Low,0.4830562,0.0626129040292827,Low,0.5010732
12086007807,Low,0.0511268643364611,0.0996429493068591,0.5131006728736167,0.57656014,False,False,0.05112686433646108,Low,0.62916374,0.04545901684622248,Low,0.5594156,0.05112686433646108,Low,0.62916374,0.05082854839395759,Low,0.6254927,0.05112686433646108,Low,0.62916374
12086007901,Moderate,0.0954078055336734,0.1851988102959233,0.5151642463643495,0.44485965,False,True,0.09540780553367346,Moderate,0.46257165,0.10062988968300533,Moderate,0.4878902,0.09540780553367346,Moderate,0.46257165,0.0935419435902952,Moderate,0.45352527,0.09540780553367346,Moderate,0.46257165
12086007902,Low,0.0535377303444007,0.1167773773843763,0.458459776572817,0.41088286,False,False,0.05353773034440069,Low,0.40560713,0.0478945362637985,Low,0.36285374,0.05353773034440069,Low,0.40560713,0.05138061551554722,Low,0.3892646,0.05353773034440069,Low,0.40560713
12086008000,Low,0.0741765300965443,0.1145146407766891,0.6477471316632195,0.47018477,False,True,0.07417653009654432,Low,0.47181937,0.07557623208548482,Low,0.48072255,0.07417653009654432,Low,0.47181937,0.0730027415224602,Low,0.46435317,0.07417653009654432,Low,0.47181937
12086008101,Low,0.026682865978232,0.0380271333374732,0.7016796596639014,0.49465868,False,False,0.026682865978231995,Low,0.49357933,0.02393794740496212,Low,0.44280386,0.026682865978231995,Low,0.49357933,0.026240252917824596,Low,0.48539189,0.026682865978231995,Low,0.49357933
12086008102,Low,0.0575892897770545,0.1033934021183485,0.5569919220874009,0.451137,False,False,0.057589289777054485,Low,0.45985782,0.05041485920180331,Low,0.4025691,0.057589289777054485,Low,0.45985782,0.0568094432783768,Low,0.45363066,0.057589289777054485,Low,0.45985782
12086008202,Low,0.0661953638269316,0.1046630583251674,0.6324615856463484,0.51271516,False,True,0.06619536382693161,Low,0.5409993,0.05984154689909359,Low,0.48907104,0.06619536382693161,Low,0.5409993,0.0651190450929748,Low,0.5322028,0.06619536382693161,Low,0.5409993
12086008205,Low,0.0411030997641296,0.0569902805468998,0.7212299951796879,0.47818366,False,False,0.041103099764129604,Low,0.45627338,0.03695456001169425,Low,0.41022167,0.041103099764129604,Low,0.45627338,0.040572492698755035,Low,0.45038328,0.041103099764129604,Low,0.45627338
12086008206,Low,0.067416083840358,0.1242106563752892,0.5427560388753402,0.48727077,False,False,0.067416083840358,Low,0.48185527,0.06232313089522764,Low,0.4454535,0.067416083840358,Low,0.48185527,0.06644237056038879,Low,0.4748957,0.067416083840358,Low,0.48185527
12086008207,Low,0.0125597120809684,0.0173607935248714,0.723452649959528,0.5084397,False,False,0.012559712080968427,Low,0.5118202,0.011554701006927341,Low,0.47086504,0.012559712080968427,Low,0.5118202,0.01234328161475803,Low,0.50300044,0.012559712080968427,Low,0.5118202
12086008208,Moderate,0.0893478619964041,0.1740031740022095,0.5134840930848167,0.44478273,False,True,0.0893478619964041,Moderate,0.42967337,0.09311710350189266,Moderate,0.44779965,0.0893478619964041,Moderate,0.42967337,0.08822624842147826,Moderate,0.42427954,0.0893478619964041,Moderate,0.42967337
12086008209,Low,0.0866739519480682,0.1314819319368574,0.6592080803139732,0.54597616,False,True,0.08667395194806823,Low,0.5285655,0.07812329463293047,Low,0.47642088,0.08667395194806823,Low,0.5285655,0.08594688583046187,Low,0.52413166,0.08667395194806823,Low,0.5285655
12086008313,Low,0.0823900288574182,0.1489369753258668,0.553187203360031,0.5563495,False,False,0.0823900288574182,Low,0.56358325,0.07571407684727634,Low,0.51791686,0.0823900288574182,Low,0.56358325,0.08190308093462555,Low,0.5602523,0.0823900288574182,Low,0.56358325
12086008305,Low,0.0815682808368463,0.1426316799286409,0.5718805308726312,0.34875602,False,True,0.08156828083684638,Low,0.3497702,0.08486935921894974,Low,0.36392543,0.08156828083684638,Low,0.3497702,0.07523056000734517,Low,0.32259363,0.08156828083684638,Low,0.3497702
12086008310,Moderate,0.0892791940974601,0.1772708702717324,0.5036314988503587,0.5503778,False,False,0.0892791940974601,Moderate,0.5569474,0.08082408380478581,Low,0.5042022,0.0892791940974601,Moderate,0.5569474,0.08874523933787785,Moderate,0.55361646,0.0892791940974601,Moderate,0.5569474
12086008315,Low,0.0869167657606594,0.1309968636335743,0.6635026469319436,0.67129624,False,False,0.0869167657606594,Low,0.6379946,0.07967635616334158,Low,0.58484787,0.0869167657606594,Low,0.6379946,0.08602036947262001,Low,0.6314148,0.0869167657606594,Low,0.6379946
12086008308,Moderate,0.1169673837975702,0.179871495566211,0.6502830447335353,0.516838,False,False,0.11696738379757027,Moderate,0.47487304,0.11696738379757027,Moderate,0.47487304,0.11696738379757027,Moderate,0.47487304,0.1126333298654591,Moderate,0.45727733,0.11696738379757027,Moderate,0.47487304
12086008309,High,0.1580284771107819,0.2900043933099141,0.5449175279972545,0.32697842,False,False,0.1580284771107819,High,0.31647295,0.1647807095424158,Critical,0.3299952,0.15833646713395194,High,0.31708974,0.13885711073580706,High,0.27807975,0.13375184030617027,High,0.26785576
12086008429,Low,0.081570384805941,0.1386297976099488,0.5884044138580428,0.59557027,False,True,0.08157038480594103,Low,0.6076661,0.0743189647943533,Low,0.55364597,0.08157038480594103,Low,0.6076661,0.08125623323014614,Low,0.60532576,0.08157038480594103,Low,0.6076661
12086008423,Moderate,0.0954945871359141,0.165422242199792,0.5772777944853308,0.61246675,False,False,0.09549458713591415,Moderate,0.5730026,0.0866532352625396,Low,0.5199512,0.09549458713591415,Moderate,0.5730026,0.09472501665657336,Moderate,0.5683849,0.09549458713591415,Moderate,0.5730026
12086008409,Low,0.0606809308094849,0.1222272995609554,0.4964597191253747,0.33914766,False,True,0.06068093080948495,Low,0.370245,0.05622519144153189,Low,0.3430583,0.06068093080948495,Low,0.370245,0.05628629114747622,Low,0.3434311,0.06068093080948495,Low,0.370245
12086008421,Low,0.0422377261621663,0.0772599272472378,0.5466964268164823,0.56103843,False,False,0.04223772616216629,Low,0.59712124,0.03814622286880654,Low,0.53927904,0.04223772616216629,Low,0.59712124,0.0418719693326487,Low,0.5919505,0.04223772616216629,Low,0.59712124
12086008431,Critical,0.1601066383691642,0.2673120468909499,0.5989503287686837,0.5574985,False,False,0.15256639702987196,High,0.53744894,0.1458441806200058,High,0.51376843,0.1570438569916415,High,0.55322176,0.15874450408969723,Critical,0.5592127,0.13603100206036572,High,0.47919935
12086008426,Low,0.0250686208712722,0.0406595261278372,0.6165497549689656,0.6029835,False,False,0.02506862087127228,Low,0.5773148,0.02279887825763079,Low,0.525044,0.02506862087127228,Low,0.5773148,0.024831169086318314,Low,0.5718464,0.02506862087127228,Low,0.5773148
12086008415,Low,0.0123565623885916,0.0192524267792383,0.641818433087973,0.47713694,False,False,0.012356562388591657,Low,0.44635785,0.012827621448613593,Low,0.463374,0.012356562388591657,Low,0.44635785,0.012075556404010038,Low,0.43620703,0.012356562388591657,Low,0.44635785
12086008416,Low,0.0798266935969148,0.1551434907762145,0.5145345976007479,0.34927395,False,False,0.07982669359691488,Low,0.35566044,0.08853329139074352,Moderate,0.3944519,0.07982669359691488,Low,0.35566044,0.07311097464982669,Low,0.32573918,0.07982669359691488,Low,0.35566044
12086008425,Moderate,0.0977265053529338,0.1587952064792081,0.615424782143721,0.64562297,False,False,0.09772650535293384,Moderate,0.62414867,0.08921472777681314,Moderate,0.5697866,0.09772650535293384,Moderate,0.62414867,0.0970228451286666,Moderate,0.6196546,0.09772650535293384,Moderate,0.62414867
12086008418,Low,0.0589082722574326,0.1123658063558073,0.5242544344041737,0.38401538,False,False,0.05890827225743266,Low,0.3785816,0.06416169750106687,Low,0.4123434,0.05890827225743266,Low,0.3785816,0.05395294494651768,Low,0.34673557,0.05890827225743266,Low,0.3785816
12086008419,Low,0.0750960861744767,0.1506639784645037,0.4984342438041305,0.42921278,False,False,0.0750960861744767,Low,0.4159524,0.08287012522098232,Low,0.4590123,0.0750960861744767,Low,0.4159524,0.07352157736629182,Low,0.4072313,0.0750960861744767,Low,0.4159524
12086008503,High,0.1305191558094826,0.2355384786785105,0.5541309281683432,0.5891242,False,False,0.13051915580948253,High,0.5956357,0.11802581643680472,Moderate,0.53862125,0.12879640604114273,High,0.5877738,0.12963260630824866,High,0.59158987,0.10899993826458018,Moderate,0.49743086
12086008502,Low,0.0778453757772302,0.1429029904831661,0.544742804290022,0.3906431,False,False,0.07784537577723022,Low,0.3931757,0.07962168629315831,Low,0.40214735,0.07784537577723022,Low,0.3931757,0.07253834941437319,Low,0.36637136,0.07784537577723022,Low,0.3931757
12086008601,Moderate,0.0993641082112802,0.1498385246527185,0.6631412611781713,0.43643847,False,True,0.09936410821128025,Moderate,0.46341234,0.1041705400151285,Moderate,0.4858285,0.09936410821128025,Moderate,0.46341234,0.09522193323554058,Moderate,0.44409415,0.09936410821128025,Moderate,0.46341234
12086008603,Low,0.0604969745420219,0.1114136507956028,0.5429942750283663,0.5563165,False,False,0.0604969745420219,Low,0.5857162,0.05492780518155285,Low,0.53179693,0.0604969745420219,Low,0.5857162,0.06014828755240223,Low,0.5823403,0.0604969745420219,Low,0.5857162
12086008704,Moderate,0.0897784395578451,0.1613052964344332,0.5565746540401914,0.59006715,False,False,0.08977843955784517,Moderate,0.5935957,0.08192596404724954,Low,0.5416768,0.08977843955784517,Moderate,0.5935957,0.08942447828900335,Moderate,0.59125537,0.08977843955784517,Moderate,0.5935957
12086008702,High,0.1359126338260098,0.2390636521237632,0.5685206957168372,0.38942283,False,False,0.1359126338260098,High,0.38779345,0.14902367173090622,High,0.42520258,0.13116059729835014,High,0.37423468,0.133395645588525,High,0.38061184,0.13173961800731127,High,0.37588677
12086008809,Moderate,0.0883868024269716,0.165945453485021,0.5326256343320054,0.60137844,False,False,0.0883868024269716,Moderate,0.57624006,0.0798952301845997,Low,0.52087903,0.0883868024269716,Moderate,0.57624006,0.08777976671200866,Moderate,0.5722825,0.0883868024269716,Moderate,0.57624006
12086008808,Moderate,0.1005747353805077,0.1624479199121005,0.6191198719868379,0.5857271,False,True,0.10057473538050776,Moderate,0.5825235,0.09108937167378299,Moderate,0.5275848,0.10057473538050776,Moderate,0.5825235,0.0999064738151478,Moderate,0.578653,0.10057473538050776,Moderate,0.5825235
12086008805,High,0.1316330292802544,0.2210771539822917,0.5954166991438574,0.42646483,False,False,0.13163302928025442,High,0.4247761,0.1397126056310722,High,0.45084867,0.13046851133491336,High,0.42101824,0.12704555526656888,High,0.40997246,0.12029971809395441,Moderate,0.38820383
12086008806,Low,0.0727401955883472,0.1325545270402011,0.5487567811719216,0.42595232,False,False,0.0727401955883472,Low,0.42347354,0.07861732134548441,Low,0.45768857,0.0727401955883472,Low,0.42347354,0.07117786452106627,Low,0.41437808,0.0727401955883472,Low,0.42347354
12086008911,Low,0.0719228555058799,0.1408720895026273,0.5105543316622596,0.5457432,False,False,0.0719228555058799,Low,0.60480565,0.0651187674660313,Low,0.5475895,0.0719228555058799,Low,0.60480565,0.07148788580583858,Low,0.60114795,0.0719228555058799,Low,0.60480565
12086008909,Low,0.0812962102671807,0.1545189661988674,0.5261244769302411,0.5646499,False,False,0.08129621026718072,Low,0.60550654,0.07337149937700106,Low,0.5464821,0.08129621026718072,Low,0.60550654,0.08062692676637145,Low,0.6005216,0.08129621026718072,Low,0.60550654
12086008904,Critical,0.4528487264102947,0.7920625532765833,0.5717335386415658,0.39039028,False,False,0.4353001936956229,Critical,0.36792392,0.476771636279098,Critical,0.40297633,0.45361567390100016,Critical,0.38340452,0.4052243211256429,Critical,0.34250322,0.40840029457346294,Critical,0.3451876
12086008906,Moderate,0.0992052495672167,0.180781427983492,0.548757970737324,0.4186476,False,False,0.09920524956721676,Moderate,0.39973286,0.10862821371003561,Moderate,0.4377013,0.09920524956721676,Moderate,0.39973286,0.09621061650079675,Moderate,0.38766643,0.09920524956721676,Moderate,0.39973286
12086008907,Moderate,0.1084045468679822,0.1744541652492539,0.6213927120232281,0.41528502,False,False,0.10840454686798227,Moderate,0.41250837,0.11191658410971671,Moderate,0.42587262,0.10840454686798227,Moderate,0.41250837,0.0958579789414116,Moderate,0.36476532,0.10840454686798227,Moderate,0.41250837
12086009051,Low,0.0645192821526226,0.1364168168214539,0.4729569539587429,0.5698815,False,False,0.06451928215262263,Low,0.60264647,0.05886169425202308,Low,0.5498014,0.06451928215262263,Low,0.60264647,0.06397195401945144,Low,0.5975341,0.06451928215262263,Low,0.60264647
12086009010,Low,0.0532710902829391,0.133155503728008,0.4000667549705949,0.22262688,False,False,0.05327109028293911,Low,0.24083753,0.05210313579243752,Low,0.23555723,0.05327109028293911,Low,0.24083753,0.047410542467956146,Low,0.21434212,0.05327109028293911,Low,0.24083753
12086009014,Low,0.0456223196988419,0.1000811460279537,0.4558532901501658,0.34988445,False,False,0.045622319698841896,Low,0.37455493,0.04825990682842833,Low,0.39620927,0.045622319698841896,Low,0.37455493,0.04062322803001441,Low,0.33351287,0.045622319698841896,Low,0.37455493
12086009015,Moderate,0.1050307988359175,0.1917811814200069,0.5476595673164443,0.35662553,False,False,0.10503079883591748,Moderate,0.3722504,0.11241453733502384,Moderate,0.3984199,0.10503079883591748,Moderate,0.3722504,0.09458800962339232,Moderate,0.33523905,0.10503079883591748,Moderate,0.3722504
12086009061,Critical,0.1717934820315525,0.2986401521391297,0.5752524595270023,0.62510717,False,True,0.15886261785288777,Critical,0.57483,0.1565642376335571,High,0.56651354,0.1692487758423022,Critical,0.6124114,0.17005280649927174,Critical,0.6153207,0.14103205202255567,High,0.5103117
12086009054,Low,0.0271428840571329,0.0542944342712766,0.4999201929523062,0.5614383,False,False,0.027142884057132905,Low,0.5979087,0.024695145792482796,Low,0.5439894,0.027142884057132905,Low,0.5979087,0.026967437185519895,Low,0.5940439,0.027142884057132905,Low,0.5979087
12086009020,High,0.138858429996318,0.2578550055582766,0.5385136103744755,0.36842996,False,False,0.138858429996318,High,0.37871525,0.13553255808111345,High,0.36964443,0.13951650305021487,High,0.38051006,0.12287240283642338,Moderate,0.3351158,0.11447168771455139,Moderate,0.31220412
12086009021,Moderate,0.115181262736854,0.2060787651792512,0.558918637913359,0.38937113,False,False,0.11518126273685404,Moderate,0.38971546,0.12103871440922818,Moderate,0.40953416,0.11518126273685404,Moderate,0.38971546,0.1047898867613345,Moderate,0.35455626,0.11518126273685404,Moderate,0.38971546
12086009022,Low,0.0705213168426893,0.1345632800684151,0.5240754892927297,0.44522205,False,False,0.07052131684268927,Low,0.4506316,0.0674416384214761,Low,0.43095243,0.07052131684268927,Low,0.4506316,0.06836104767465623,Low,0.43682745,0.07052131684268927,Low,0.4506316
12086009064,Moderate,0.0915373361711471,0.149007564675192,0.6143133495985992,0.59330606,False,False,0.0915373361711471,Moderate,0.64605784,0.08217414805256988,Low,0.57997376,0.0915373361711471,Moderate,0.64605784,0.09079834142388385,Moderate,0.64084214,0.0915373361711471,Moderate,0.64605784
12086009024,Moderate,0.1006172492195386,0.178721615485003,0.5629831005415328,0.4556221,False,True,0.10061724921953862,Moderate,0.4657246,0.1065415300138632,Moderate,0.49314618,0.10061724921953862,Moderate,0.4657246,0.09867887030509319,Moderate,0.45675245,0.10061724921953862,Moderate,0.4657246
12086009026,Low,0.0841611267136448,0.1832237805466099,0.459335171791389,0.4371584,False,False,0.08416112671364481,Low,0.4350853,0.08931516059557217,Moderate,0.46172997,0.08416112671364481,Low,0.4350853,0.08269433309001444,Low,0.42750245,0.08416112671364481,Low,0.4350853
12086009027,Moderate,0.0946799423803215,0.1903019926907564,0.4975247029292955,0.43127263,False,True,0.09467994238032154,Moderate,0.44241124,0.10167091954250225,Moderate,0.475078,0.09467994238032154,Moderate,0.44241124,0.09305293786967948,Moderate,0.43480873,0.09467994238032154,Moderate,0.44241124
12086009028,Low,0.0580733125525412,0.1152940103249177,0.5036975675395539,0.42051154,False,False,0.05807331255254126,Low,0.4267045,0.062247565885542755,Low,0.4573756,0.05807331255254126,Low,0.4267045,0.0571872845078772,Low,0.42019424,0.05807331255254126,Low,0.4267045
12086009029,Low,0.0776231580177869,0.1607803235091085,0.4827901594151811,0.39439225,False,True,0.07762315801778688,Low,0.37071797,0.08316493690749426,Low,0.39718476,0.07762315801778688,Low,0.37071797,0.07014262957511534,Low,0.33499196,0.07762315801778688,Low,0.37071797
12086009030,Moderate,0.1118611373460559,0.1917339790203067,0.5834184317126629,0.4943838,False,False,0.11186113734605595,Moderate,0.49086666,0.10831356409002436,Moderate,0.47529927,0.11186113734605595,Moderate,0.49086666,0.10962345667912517,Moderate,0.48104733,0.11186113734605595,Moderate,0.49086666
12086009031,Low,0.0672883715107101,0.1477404122111213,0.455450005206124,0.388632,False,False,0.0672883715107101,Low,0.39149538,0.07296562090483302,Low,0.4245266,0.0672883715107101,Low,0.39149538,0.06537673176338805,Low,0.38037312,0.0672883715107101,Low,0.39149538
12086009057,Low,0.0720348702947542,0.1395430850982364,0.5162195621806889,0.56545717,False,False,0.07203487029475421,Low,0.57535255,0.0655270026473691,Low,0.5233733,0.07203487029475421,Low,0.57535255,0.07161783167811307,Low,0.5720216,0.07203487029475421,Low,0.57535255
12086009066,Low,0.0755012224958824,0.1420598035550432,0.5314749183545672,0.60350657,False,False,0.07550122249588243,Low,0.5677655,0.06865307031640318,Low,0.5162677,0.07550122249588243,Low,0.5677655,0.0750329832362668,Low,0.56424433,0.07550122249588243,Low,0.5677655
12086009049,Low,0.0650674781387061,0.103677337739014,0.6275959583616997,0.61009616,False,False,0.0650674781387061,Low,0.5758362,0.060077161183221005,Low,0.5316727,0.0650674781387061,Low,0.5758362,0.06476366963436334,Low,0.57314754,0.0650674781387061,Low,0.5758362
12086009060,Low,0.0782208609076507,0.1364401986467223,0.5732977647605453,0.57301974,False,True,0.07822086090765067,Low,0.6269684,0.07110771235209348,Low,0.5699539,0.07822086090765067,Low,0.6269684,0.07773152175403762,Low,0.62304616,0.07822086090765067,Low,0.6269684
12086009039,Moderate,0.1188777075203682,0.187830778739136,0.6328979111856234,0.44313297,False,False,0.11887770752036819,Moderate,0.43871292,0.11689608125835314,Moderate,0.43139982,0.11887770752036819,Moderate,0.43871292,0.11662212116368861,Moderate,0.43038878,0.11887770752036819,Moderate,0.43871292
12086009040,Low,0.0851614957818744,0.1511126703033029,0.5635629071403756,0.3235372,False,False,0.08516149578187449,Low,0.30229312,0.08437336742717173,Low,0.29949555,0.08516149578187449,Low,0.30229312,0.08516149578187449,Low,0.30229312,0.08516149578187449,Low,0.30229312
12086009043,Moderate,0.0964573812867902,0.1542595125602548,0.6252929215571925,0.46270004,False,False,0.09645738128679016,Moderate,0.47856078,0.09395193637078503,Moderate,0.46613035,0.09645738128679016,Moderate,0.47856078,0.09433210360950972,Moderate,0.46801648,0.09645738128679016,Moderate,0.47856078
12086009044,Moderate,0.0915467339860759,0.1483805800340162,0.6169724768907688,0.506634,False,False,0.09154673398607593,Moderate,0.50112504,0.08857381431150657,Moderate,0.48485133,0.09154673398607593,Moderate,0.50112504,0.08981103527656627,Moderate,0.49162385,0.09154673398607593,Moderate,0.50112504
12086009050,Low,0.0823542315147198,0.1380160876557317,0.5967002319334306,0.5963328,False,False,0.0823542315147198,Low,0.59589,0.07517884884090359,Low,0.5439711,0.0823542315147198,Low,0.59589,0.08198264823347498,Low,0.59320134,0.0823542315147198,Low,0.59589
12086009102,Moderate,0.0991124964736104,0.193440820635236,0.5123659843260443,0.610503,False,False,0.09911249647361046,Moderate,0.5634718,0.0896302695667568,Moderate,0.5095637,0.09911249647361046,Moderate,0.5634718,0.09857913195448405,Moderate,0.5604395,0.09911249647361046,Moderate,0.5634718
12086009200,Moderate,0.1198796156988903,0.1633758226902075,0.7337659497281035,0.7290634,False,False,0.11987961569889036,Moderate,0.7077233,0.1080328368719992,Moderate,0.6377845,0.11987961569889036,Moderate,0.7077233,0.1192491000538104,Moderate,0.704001,0.11987961569889036,Moderate,0.7077233
12086009305,Low,0.073880596483821,0.1355247211903949,0.5451447959817478,0.43104467,False,True,0.07388059648382109,Low,0.4453829,0.07628580454887225,Low,0.45988247,0.07388059648382109,Low,0.4453829,0.07095366874439603,Low,0.42773816,0.07388059648382109,Low,0.4453829
12086009317,Moderate,0.1107712977354688,0.1775414462077896,0.6239179645175652,0.5803875,False,True,0.11077129773546888,Moderate,0.57300556,0.10072286531761888,Moderate,0.5210263,0.11077129773546888,Moderate,0.57300556,0.11012737069026993,Moderate,0.5696746,0.11077129773546888,Moderate,0.57300556
12086009324,High,0.1430907595103765,0.2319615166026098,0.6168728399698976,0.6167438,False,False,0.14309075951037648,High,0.60883915,0.13140184402479615,High,0.5591038,0.14092672833794787,High,0.59963137,0.14203322179223007,High,0.6043394,0.1218772241067351,Moderate,0.51857734
12086009321,Moderate,0.1056301964746312,0.1892180596878528,0.5582458495182022,0.5788897,False,False,0.10563019647463127,Moderate,0.6004334,0.09556881211946203,Moderate,0.5432415,0.10563019647463127,Moderate,0.6004334,0.10515719939690675,Moderate,0.59774476,0.10563019647463127,Moderate,0.6004334
12086009323,Low,0.0841724046329249,0.1624445906582098,0.5181607112423161,0.5823321,False,False,0.08417240463292489,Low,0.5862267,0.07647296888640331,Low,0.53260326,0.08417240463292489,Low,0.5862267,0.08361665918424056,Low,0.58235615,0.08417240463292489,Low,0.5862267
12086009327,Moderate,0.1226282920240146,0.2080972502101544,0.5892835772705988,0.60576,False,True,0.12262829202401465,Moderate,0.5978397,0.11111502728594612,Moderate,0.54171,0.12262829202401465,Moderate,0.5978397,0.1216289321865258,Moderate,0.5929676,0.12262829202401465,Moderate,0.5978397
12086009312,Low,0.0499682283523213,0.0958927096412466,0.5210847471018623,0.3233259,False,False,0.049968228352321294,Low,0.32397142,0.04669469183079939,Low,0.30274728,0.049968228352321294,Low,0.32397142,0.045743362860165344,Low,0.2965793,0.049968228352321294,Low,0.32397142
12086009319,Low,0.0657659399502666,0.1162817967395001,0.5655738197578646,0.5969485,False,False,0.06576593995026668,Low,0.6068344,0.05956511132043865,Low,0.54961824,0.06576593995026668,Low,0.6068344,0.06532223626850502,Low,0.6027403,0.06576593995026668,Low,0.6068344
12086009314,Critical,0.2150166129197531,0.361742375084701,0.5943915552315584,0.43960708,False,False,0.1990983858287323,Critical,0.3978166,0.20575998303272205,Critical,0.41112706,0.20663141900947124,Critical,0.41286826,0.20822331861450633,Critical,0.41604903,0.18307810501862717,Critical,0.3658066
12086009315,Critical,0.1858236630340951,0.2741606903947002,0.677791053000964,0.66812897,False,False,0.16982886761564192,Critical,0.591194,0.16698629062457723,Critical,0.58129865,0.18247368554063154,Critical,0.63521206,0.18390973828208074,Critical,0.6402111,0.1479557314354029,High,0.51505107
12086009402,Moderate,0.1094212660476211,0.1959401589972183,0.5584422642485177,0.54966694,False,False,0.10942126604762116,Moderate,0.58185685,0.09942283337282859,Moderate,0.5286893,0.10942126604762116,Moderate,0.58185685,0.10875800966165625,Moderate,0.5783299,0.10942126604762116,Moderate,0.58185685
12086009506,High,0.1452801607153146,0.2424870370845698,0.5991254726933989,0.6173086,False,False,0.14528016071531463,High,0.57774407,0.1320171455930487,High,0.5250003,0.1430537927815221,High,0.56889033,0.14496721965715034,High,0.5764996,0.12357578157954692,Moderate,0.491431
12086009503,Low,0.0740816661288862,0.1408827457786786,0.5258391701512241,0.29447556,False,False,0.07408166612888621,Low,0.32891655,0.07818757537091651,Low,0.34714645,0.07408166612888621,Low,0.32891655,0.06598430470776903,Low,0.29296494,0.07408166612888621,Low,0.32891655
12086009504,Low,0.0853186604783215,0.1625819472740973,0.5247732722408757,0.3229378,False,False,0.08531866047832155,Low,0.33751974,0.09631069710179527,Moderate,0.38100412,0.08531866047832155,Low,0.33751974,0.07657009890906881,Low,0.3029105,0.08531866047832155,Low,0.33751974
12086009602,Moderate,0.0956383515129536,0.1694097552930334,0.5645386320730166,0.5905225,False,False,0.09563835151295355,Moderate,0.5740481,0.08673433439437477,Low,0.5206037,0.09563835151295355,Moderate,0.5740481,0.09505075640794614,Moderate,0.5705212,0.09563835151295355,Moderate,0.5740481
12086009703,Low,0.0435197890082485,0.0804253061815593,0.5411205884625796,0.4115655,False,True,0.04351978900824851,Low,0.420949,0.0464479428418181,Low,0.44927183,0.04351978900824851,Low,0.420949,0.042594344581395036,Low,0.41199756,0.04351978900824851,Low,0.420949
12086009704,Low,0.0766692001181708,0.1569766442082873,0.4884115118198148,0.37653428,False,True,0.07666920011817077,Low,0.3748673,0.07452792826337849,Low,0.36439773,0.07666920011817077,Low,0.3748673,0.06874719435499446,Low,0.33613333,0.07666920011817077,Low,0.3748673
12086009705,Moderate,0.1021173095873653,0.1694323359368897,0.6027026011457577,0.39814416,False,False,0.10211730958736526,Moderate,0.37374654,0.10477702436004444,Moderate,0.38348103,0.10211730958736526,Moderate,0.37374654,0.09189666531499198,Moderate,0.33633927,0.10211730958736526,Moderate,0.37374654
12086009706,High,0.1423353737725403,0.2153827264963684,0.6608486023364566,0.4351477,False,False,0.14233537377254035,High,0.42984775,0.14560661035676928,High,0.43972677,0.14229826541529675,High,0.4297357,0.12967814918660617,High,0.39162338,0.11701354365170034,Moderate,0.35337672
12086009803,Low,0.0819896975879971,0.1338903654855823,0.6123644318293094,0.45592293,False,False,0.08198969758799719,Low,0.47041118,0.08186723997392344,Low,0.4697086,0.08198969758799719,Low,0.47041118,0.07983647069412773,Low,0.45805717,0.08198969758799719,Low,0.47041118
12086009804,Low,0.0568872976826332,0.0971952001932113,0.5852891662299037,0.45208818,False,True,0.05688729768263322,Low,0.47494882,0.05688729768263322,Low,0.47494882,0.05688729768263322,Low,0.47494882,0.05548089713419825,Low,0.46320686,0.05688729768263322,Low,0.47494882
12086009806,Critical,0.1643597940898924,0.2415390937656539,0.6804687039579509,0.46879357,False,False,0.145273720767648,High,0.42438263,0.16411928738455434,Critical,0.47943547,0.15611714436589982,High,0.45605913,0.1596001810861608,Critical,0.466234,0.14095890311798834,High,0.4117779
12086009809,Low,0.0779861501967837,0.1317153544578133,0.5920809348143363,0.582839,False,False,0.07798615019678376,Low,0.59592927,0.07078428214523481,Low,0.54089636,0.07798615019678376,Low,0.59592927,0.07730359772069981,Low,0.59071356,0.07798615019678376,Low,0.59592927
12086009812,Low,0.0855355536712224,0.1522395826665231,0.56184831942548,0.56545764,False,True,0.08553555367122244,Low,0.5990247,0.0776713956921266,Low,0.54395026,0.08553555367122244,Low,0.5990247,0.08489445059410589,Low,0.59453493,0.08553555367122244,Low,0.5990247
12086009907,Moderate,0.1140020164793324,0.182890512836983,0.6233347739636257,0.6099812,False,True,0.11400201647933238,Moderate,0.6184971,0.10321214347706759,Moderate,0.5599586,0.11400201647933238,Moderate,0.6184971,0.1133278252386017,Moderate,0.6148394,0.11400201647933238,Moderate,0.6184971
12086009903,Moderate,0.1064159153615258,0.182735865416612,0.582348271473214,0.32869714,False,False,0.10641591536152585,Moderate,0.34172165,0.1155863919334756,Moderate,0.37116978,0.10641591536152585,Moderate,0.34172165,0.09992136151363772,Moderate,0.3208664,0.10641591536152585,Moderate,0.34172165
12086009904,Critical,0.2242941774783614,0.3086834954679685,0.7266153868652042,0.5318602,False,True,0.2116423947252898,Critical,0.5059436,0.22400026056795977,Critical,0.5354858,0.21155528248566385,Critical,0.50573534,0.21552913002332313,Critical,0.51523507,0.20296107715925973,Critical,0.4851904
12086009905,Low,0.0744144692850484,0.1336399267608234,0.5568281208222203,0.3425118,False,False,0.07441446928504844,Low,0.3511318,0.07853735127181735,Low,0.370586,0.07441446928504844,Low,0.3511318,0.06694587564055615,Low,0.31589052,0.07441446928504844,Low,0.3511318
12086009906,Moderate,0.0892674061705076,0.1690237365053171,0.528135325938079,0.3352169,False,False,0.08926740617050763,Moderate,0.3501806,0.09373237908954589,Moderate,0.36769593,0.08926740617050763,Moderate,0.3501806,0.07937308466762519,Low,0.3113669,0.08926740617050763,Moderate,0.3501806
12086010026,Critical,0.214375154904102,0.3258649992512618,0.6578649299454395,0.584109,False,True,0.203413949480797,Critical,0.5525717,0.19553882743464096,Critical,0.531179,0.2105336889871761,Critical,0.5719124,0.21314896320518953,Critical,0.57901675,0.181975189437054,Critical,0.49433354
12086010017,Moderate,0.1029567983890838,0.189987957120401,0.5419122345940964,0.5546289,False,True,0.10295679838908388,Moderate,0.59793264,0.0932749459893017,Moderate,0.54170424,0.10295679838908388,Moderate,0.59793264,0.10238324981636236,Moderate,0.5946017,0.10295679838908388,Moderate,0.59793264
12086010021,Moderate,0.1045896462630495,0.1852187018855829,0.5646818879427129,0.5627971,False,False,0.10458964626304947,Moderate,0.5794152,0.0950592252518312,Moderate,0.5266177,0.10458964626304947,Moderate,0.5794152,0.10395404963161815,Moderate,0.57589406,0.10458964626304947,Moderate,0.5794152
12086010020,Low,0.0816372331969732,0.1310296574369465,0.6230439336701947,0.6230986,False,True,0.08163723319697323,Low,0.611712,0.07448569537762006,Low,0.55812514,0.08163723319697323,Low,0.611712,0.08102096931207538,Low,0.6070943,0.08163723319697323,Low,0.611712
12086010010,Moderate,0.1216218591168827,0.2052957630114074,0.5924226459078199,0.39701924,False,False,0.12162185911688271,Moderate,0.40628168,0.12593110453502349,High,0.42067686,0.12162185911688271,Moderate,0.40628168,0.11028062359593065,Moderate,0.36839592,0.12162185911688271,Moderate,0.40628168
12086010024,High,0.1512241839101908,0.2329841054204394,0.6490751102410789,0.60504264,False,False,0.15122418391019085,High,0.61960566,0.13720628725761141,High,0.5621706,0.1487665544031131,High,0.6095361,0.15010648960352735,High,0.6150262,0.12707830029778017,High,0.5206736
12086010012,Low,0.0850402567657535,0.1394759614958213,0.6097126404703171,0.36741257,False,False,0.0850402567657535,Low,0.3686952,0.09343854942082928,Moderate,0.4051063,0.0850402567657535,Low,0.3686952,0.07700166096031405,Low,0.33384356,0.0850402567657535,Low,0.3686952
12086010013,Moderate,0.1102841235125414,0.1791681577280365,0.6155341714231621,0.4477199,False,False,0.11028412351254137,Moderate,0.4509129,0.11391657033496345,Moderate,0.4657647,0.11028412351254137,Moderate,0.4509129,0.10363773854932479,Moderate,0.42373818,0.11028412351254137,Moderate,0.4509129
12086010015,High,0.1586359423397776,0.2139842435617707,0.7413440340245625,0.46324676,False,False,0.1586359423397776,Critical,0.45434406,0.15839063043057508,High,0.45364147,0.15905003383498328,Critical,0.45553005,0.15223077123411743,High,0.4359992,0.1413126514738305,High,0.40472898
12086010016,Low,0.0867551169351871,0.1336632137751177,0.6490575415996556,0.47979635,False,False,0.0867551169351871,Low,0.4844563,0.0866293063123142,Low,0.48375374,0.0867551169351871,Low,0.4844563,0.08447416982540074,Low,0.4717191,0.0867551169351871,Low,0.4844563
12086010193,Moderate,0.092137739926282,0.1240177951229079,0.7429396711574242,0.6267668,False,False,0.092137739926282,Moderate,0.6386232,0.08363571682932268,Low,0.57969415,0.092137739926282,Moderate,0.6386232,0.09141524480020019,Moderate,0.63361543,0.092137739926282,Moderate,0.6386232
12086010198,Low,0.0666972162646231,0.0985224787198977,0.6769746065184304,0.4963531,False,False,0.06669721626462317,Low,0.48613954,0.06865361359977783,Low,0.50039923,0.06669721626462317,Low,0.48613954,0.0643678170551859,Low,0.46916112,0.06669721626462317,Low,0.48613954
12086010201,High,0.1390555667918781,0.1814637545636239,0.766299403020029,0.7351996,False,False,0.13905556679187805,High,0.7494857,0.12444257889412293,Moderate,0.67072415,0.13697586037551843,High,0.7382764,0.13815967821212,High,0.744657,0.11158392135596397,Moderate,0.6014182
12086010212,Low,0.0194444250157149,0.0322198695961348,0.6034917353621929,0.6027511,False,True,0.019444425015714948,Low,0.6000198,0.017806470317862543,Low,0.5494755,0.019444425015714948,Low,0.6000198,0.019288926090271448,Low,0.5952214,0.019444425015714948,Low,0.6000198
12086010205,Low,0.072244776876964,0.1330976902343807,0.5427951210103148,0.40975207,False,False,0.07224477687696407,Low,0.41151375,0.07212143225358532,Low,0.41081116,0.07224477687696407,Low,0.41151375,0.06716134551143962,Low,0.382558,0.07224477687696407,Low,0.41151375
12086010207,Critical,0.1778760273156078,0.3097812718136241,0.574198776685973,0.3935416,False,False,0.17145067915496728,Critical,0.37132278,0.18416056716104406,Critical,0.3988495,0.17851725063490276,Critical,0.38662735,0.15920147956936012,Critical,0.34479383,0.15670525698396404,High,0.3393876
12086010208,High,0.131364001651262,0.2190063904467262,0.5998181212123882,0.40798426,False,False,0.13136400165126202,High,0.4004706,0.13113353623765567,High,0.39976802,0.13067245664225452,High,0.3983624,0.11933746384926334,Moderate,0.36380702,0.11063792300418744,Moderate,0.337286
12086010209,High,0.1271233980366244,0.1815313953258726,0.7002832639964083,0.6716356,False,False,0.1271233980366244,High,0.67155147,0.11326850508732064,Moderate,0.5983606,0.1251200236346563,High,0.6609683,0.1265952407227563,High,0.6687614,0.10332779853884545,Moderate,0.54584706
12086010213,Critical,0.1688468709426684,0.2866248466222329,0.5890866508345872,0.6227995,False,False,0.1568412048345798,High,0.6032832,0.15428753068943352,High,0.5934606,0.1664530341629296,Critical,0.64025474,0.16726485138246056,Critical,0.64337736,0.13986568559336998,High,0.5379876
12086010303,High,0.1284607724387222,0.1495383404805575,0.8590490707995002,0.7723662,False,False,0.1284607724387222,High,0.66283816,0.11665944753234372,Moderate,0.6019451,0.1266762649480534,High,0.6536304,0.1274599597506147,High,0.65767413,0.1061673382691451,Moderate,0.5478074
12086010400,Moderate,0.104271211062676,0.1748765500283021,0.5962561077846098,0.39478472,False,False,0.104271211062676,Moderate,0.38799214,0.09470170822735785,Moderate,0.35238412,0.104271211062676,Moderate,0.38799214,0.09474270268723543,Moderate,0.35253665,0.104271211062676,Moderate,0.38799214
12086010502,Moderate,0.0902835436047183,0.1412398357796016,0.6392215277395372,0.602117,False,True,0.0902835436047183,Moderate,0.5721796,0.08212198835777376,Low,0.52045506,0.0902835436047183,Moderate,0.5721796,0.08976136197832524,Moderate,0.56887025,0.0902835436047183,Moderate,0.5721796
12086010604,Moderate,0.0914183793005124,0.1528693263682447,0.5980164986159224,0.4228501,False,False,0.09141837930051241,Moderate,0.4374528,0.095054917139349,Moderate,0.45485428,0.09141837930051241,Moderate,0.4374528,0.09050996682800647,Moderate,0.4331059,0.09141837930051241,Moderate,0.4374528
12086010624,Moderate,0.0994388950814898,0.1965602817359317,0.5058951595067447,0.57575774,False,True,0.09943889508148984,Moderate,0.6008518,0.09053403944682156,Moderate,0.5470449,0.09943889508148984,Moderate,0.6008518,0.09858315193126364,Moderate,0.595681,0.09943889508148984,Moderate,0.6008518
12086010608,Moderate,0.0941931427159645,0.1569786378526504,0.6000379669772636,0.48396957,False,False,0.09419314271596446,Moderate,0.48894042,0.09710038727511848,Moderate,0.5040314,0.09419314271596446,Moderate,0.48894042,0.09278985307348582,Moderate,0.4816562,0.09419314271596446,Moderate,0.48894042
12086010609,High,0.1538512541570157,0.2522777965197565,0.6098485728012424,0.3562248,False,False,0.15385125415701575,High,0.35977322,0.16385850884867276,Critical,0.38317466,0.1506935888355513,High,0.3523892,0.13678587862489539,High,0.31986672,0.13939026612193953,High,0.32595694
12086010610,Moderate,0.0881379892906893,0.1258026032626419,0.7006054485747082,0.5248009,False,False,0.08813798929068928,Moderate,0.49731332,0.08156324366369444,Low,0.46021572,0.08813798929068928,Moderate,0.49731332,0.08663964700305489,Low,0.48885903,0.08813798929068928,Moderate,0.49731332
12086010618,Moderate,0.122304757706003,0.1857347449690506,0.6584915370916893,0.61844856,False,False,0.12230475770600303,Moderate,0.6405845,0.11256151621493353,Moderate,0.58955324,0.12230475770600303,Moderate,0.6405845,0.12104849107686039,Moderate,0.6340047,0.12230475770600303,Moderate,0.6405845
12086010613,Moderate,0.1150121104564759,0.1578036078009494,0.7288306779497083,0.4492497,False,False,0.11501211045647584,Moderate,0.4316877,0.11226483919800992,Moderate,0.42137608,0.11501211045647584,Moderate,0.4316877,0.11332414762965239,Moderate,0.4253521,0.11501211045647584,Moderate,0.4316877
12086010622,Low,0.0753742252447711,0.1314404097725094,0.5734478869567212,0.5994982,False,False,0.07537422524477108,Low,0.67602015,0.06888971277410445,Low,0.6178615,0.07537422524477108,Low,0.67602015,0.07449061456425554,Low,0.6680952,0.07537422524477108,Low,0.67602015
12086010626,High,0.1476058806702696,0.2185402576383287,0.6754173453686904,0.6175184,False,False,0.14760588067026964,High,0.5672245,0.13407959514666837,High,0.51524526,0.14537271171822821,High,0.5586428,0.14673908450007092,High,0.56389356,0.1256186151005562,High,0.48273113
12086010708,Critical,0.1921745083239084,0.2739917346688341,0.7013879763788646,0.6228618,False,False,0.18181672548172312,Critical,0.62439543,0.17404691358407134,Critical,0.59771234,0.18949330925837743,Critical,0.6507584,0.19079181352825242,Critical,0.6552177,0.16121788108411558,Critical,0.55365485
12086010706,Moderate,0.1148195460113553,0.1689447586026192,0.6796277491000853,0.64592296,False,False,0.11481954601135536,Moderate,0.61873233,0.10497236198406915,Moderate,0.56566846,0.11481954601135536,Moderate,0.61873233,0.1136903089120079,Moderate,0.6126472,0.11481954601135536,Moderate,0.61873233
12086010805,Critical,0.1936045013979861,0.2813224238515475,0.6881943456457288,0.6639293,False,False,0.18320681454024804,Critical,0.5940655,0.17682857633835,Critical,0.57338345,0.19027712482146728,Critical,0.61699164,0.19154153276723,Critical,0.6210916,0.1639578681717073,Critical,0.53164893
12086010804,Critical,0.195129504392455,0.3021057109555287,0.6458980989643687,0.6365098,False,True,0.1825383062961661,Critical,0.50938606,0.17875570145549713,Critical,0.49883044,0.19195677462413577,Critical,0.53566897,0.19369578564341094,Critical,0.5405218,0.1633910180482101,Critical,0.4559542
12086010900,Critical,0.175336904703961,0.2712812506574382,0.6463288718960108,0.46264914,False,False,0.1535688109123839,High,0.3870689,0.18964932032147686,Critical,0.47800952,0.17005446901896226,Critical,0.42862085,0.17045684933670463,Critical,0.42963505,0.1615244703025147,Critical,0.40712106
12086011011,Moderate,0.1153890517062154,0.1979168464354908,0.5830178369572263,0.64874285,False,False,0.11538905170621537,Moderate,0.6648448,0.10410990164330773,Moderate,0.599857,0.11538905170621537,Moderate,0.6648448,0.11420758949632635,Moderate,0.6580375,0.11538905170621537,Moderate,0.6648448
12086011003,Low,0.082721948694758,0.1502629028700383,0.5505147785298934,0.37389293,False,False,0.08272194869475802,Low,0.36845362,0.08639266140612689,Low,0.3848034,0.08272194869475802,Low,0.36845362,0.0789260625272261,Low,0.3515463,0.08272194869475802,Low,0.36845362
12086011013,High,0.1465261279081199,0.2074492463259809,0.7063227777548644,0.62656945,False,True,0.14652612790811995,High,0.6077672,0.13320828222311829,High,0.5525269,0.14406240361808464,High,0.59754807,0.14572827516014802,High,0.60445786,0.12433617259145452,Moderate,0.5157268
12086011015,Low,0.0671240257186451,0.1073357868661765,0.6253648263866893,0.616841,False,False,0.06712402571864515,Low,0.58483326,0.0608028739210117,Low,0.5297588,0.06712402571864515,Low,0.58483326,0.0666991057393426,Low,0.58113104,0.06712402571864515,Low,0.58483326
12086011008,Moderate,0.1170495867106596,0.1687092847008936,0.6937945763813653,0.59934527,False,False,0.11704958671065964,Moderate,0.5768867,0.11079708298710265,Moderate,0.5460708,0.11704958671065964,Moderate,0.5768867,0.1161381716785637,Moderate,0.5723947,0.11704958671065964,Moderate,0.5768867
12086011009,Moderate,0.100552822449169,0.1574944271684777,0.6384532091513553,0.52728546,False,False,0.10055282244916898,Moderate,0.507837,0.09761918951977656,Moderate,0.49302083,0.10055282244916898,Moderate,0.507837,0.09754289334347543,Moderate,0.4926355,0.10055282244916898,Moderate,0.507837
12086011104,Critical,0.1632951083436152,0.3052867028667619,0.534890995284793,0.58220255,False,False,0.15507567989351953,High,0.5598704,0.15020511584008966,High,0.5422862,0.16030662344504554,Critical,0.57875574,0.16196601793137716,Critical,0.58474666,0.13976785359876137,High,0.5046045
12086011106,Critical,0.1664781303180381,0.2668789622477846,0.6237963791371122,0.6509043,False,True,0.15663946597085682,High,0.5647546,0.15212762636931393,High,0.5484874,0.1639242713894719,Critical,0.5910196,0.1650928976910994,Critical,0.59523296,0.14001379681534437,High,0.5048117
12086011206,Low,0.08710977513687,0.1405228807261668,0.6198974479225096,0.58507717,False,False,0.08710977513687002,Low,0.58943206,0.0795658188968126,Low,0.53838557,0.08710977513687002,Low,0.58943206,0.08654440222788119,Low,0.58560646,0.08710977513687002,Low,0.58943206
12086011204,Low,0.0444288818795311,0.0796614529509307,0.5577212093645607,0.61175954,False,True,0.044428881879531125,Low,0.5979947,0.04051278204461673,Low,0.5452856,0.044428881879531125,Low,0.5979947,0.044035626324617105,Low,0.5927016,0.044428881879531125,Low,0.5979947
12086011302,Critical,0.2448636843389762,0.4472576536548803,0.5474779075059084,0.62386966,False,False,0.23216581876542156,Critical,0.5717572,0.22220181803761696,Critical,0.54721874,0.24137902283841964,Critical,0.59444666,0.24288534493221978,Critical,0.5981563,0.2060076587382058,Critical,0.5073372
12086011412,High,0.1328351831076961,0.171618018503621,0.774016529650664,0.6518423,False,False,0.13283518310769615,High,0.61456525,0.12024575749937867,Moderate,0.55631995,0.13079402739955223,High,0.6051218,0.13199858638314374,High,0.6106947,0.110737788179689,Moderate,0.5123311
12086011406,High,0.1256473942499682,0.2062352736549126,0.6092429875027597,0.6489507,False,True,0.12564739424996815,High,0.64435035,0.11264747872682486,Moderate,0.5776836,0.12411433154203462,Moderate,0.63648844,0.12452794332897456,Moderate,0.6386095,0.10372264435142593,Moderate,0.5319149
12086011408,Moderate,0.1220248073272046,0.1682674911544476,0.7251834949818188,0.71546024,False,False,0.1220248073272046,Moderate,0.66520596,0.11135550197353569,Moderate,0.6070433,0.1220248073272046,Moderate,0.66520596,0.1205899196757651,Moderate,0.6573838,0.1220248073272046,Moderate,0.66520596
12086011500,Moderate,0.09428318820682,0.1297329490023212,0.7267482080063796,0.53375477,False,False,0.09428318820681998,Moderate,0.51958257,0.09088438962520211,Moderate,0.5008522,0.09428318820681998,Moderate,0.51958257,0.0928919713283772,Moderate,0.51191574,0.09428318820681998,Moderate,0.51958257
12086011602,Low,0.0536966785159929,0.0913473325259449,0.5878297376745153,0.6035765,False,False,0.05369667851599291,Low,0.59915173,0.048803993747716,Low,0.54455876,0.05369667851599291,Low,0.59915173,0.053339914017192916,Low,0.5951709,0.05369667851599291,Low,0.59915173
12086011702,High,0.1495076789551086,0.2155140040963085,0.6937260508059463,0.63390905,False,False,0.14950767895510864,High,0.5930288,0.13652464988527913,High,0.541531,0.14718631629104023,High,0.583821,0.14867297933839702,High,0.5897179,0.12731905385513162,High,0.5050166
12086011800,Low,0.0862980791627886,0.1172154751831783,0.7362345204669133,0.6142398,False,False,0.08629807916278866,Low,0.62557787,0.0777074492573163,Low,0.56330407,0.08629807916278866,Low,0.62557787,0.08578892345030759,Low,0.62188697,0.08629807916278866,Low,0.62557787
12086011900,High,0.126194650219899,0.1745836364217927,0.7228320637967107,0.47221553,False,True,0.126194650219899,High,0.46807596,0.12376944547183469,Moderate,0.4590805,0.12046580879406696,Moderate,0.4468268,0.1236435909267493,Moderate,0.45861366,0.11693062141608952,Moderate,0.4337142
12086012002,High,0.1382553020770168,0.2128836490357172,0.6494406813452382,0.6212732,False,False,0.13825530207701675,High,0.5829482,0.12503704739547153,High,0.52721393,0.1363907295564951,High,0.5750863,0.13737725994915084,High,0.579246,0.11507805542619523,Moderate,0.48522222
12086012101,Low,0.08240105423923,0.1395014492242915,0.5906824244294765,0.59283125,False,False,0.08240105423923001,Low,0.58213276,0.07517046341713476,Low,0.53105134,0.08240105423923001,Low,0.58213276,0.08167821617387101,Low,0.5770262,0.08240105423923001,Low,0.58213276
12086012200,Low,0.0824728728120282,0.1313855923247773,0.6277162613702739,0.508839,False,False,0.08247287281202817,Low,0.48691875,0.0758579178337346,Low,0.44786415,0.08247287281202817,Low,0.48691875,0.08144409632759987,Low,0.48084486,0.08247287281202817,Low,0.48691875
12086012302,High,0.1510660745473428,0.2005975745196991,0.7530802648489041,0.63033646,False,True,0.15106607454734278,High,0.58229536,0.1377130211661518,High,0.530825,0.1487691290140237,High,0.5734416,0.150201919653798,High,0.5789644,0.12798031144980515,High,0.4933096
12086012403,High,0.1297540353101632,0.187982180474764,0.6902464636938406,0.61042416,False,True,0.1297540353101632,High,0.56703967,0.11757231687076493,Moderate,0.5138042,0.12794068085391322,High,0.5591151,0.12919224167736199,High,0.56458455,0.1096052185027962,Moderate,0.4789871
12086012501,Critical,0.1665749539165582,0.2457002855784254,0.6779599524046499,0.6389807,False,True,0.1549817663748574,High,0.56291765,0.1512100841768772,High,0.5492183,0.16403987402109071,Critical,0.5958181,0.1651674300599763,Critical,0.59991354,0.1371801897143077,High,0.49825957
12086012601,Moderate,0.0966740199527722,0.1662556711288232,0.5814780289681932,0.64242166,False,False,0.09667401995277226,Moderate,0.64959896,0.08704300407581132,Low,0.5848836,0.09667401995277226,Moderate,0.64959896,0.09591311295790592,Moderate,0.64448607,0.09667401995277226,Moderate,0.64959896
12086012701,Low,0.0720603197668681,0.119078321966947,0.6051506149613883,0.57414645,False,False,0.07206031976686818,Low,0.60425556,0.06491787546825742,Low,0.5443632,0.07206031976686818,Low,0.60425556,0.07162412356874781,Low,0.60059786,0.07206031976686818,Low,0.60425556
12086012802,Low,0.0419620182750728,0.0739078941790145,0.5677609779198334,0.58484006,False,False,0.041962018275072836,Low,0.58562857,0.038133841895426505,Low,0.53220195,0.041962018275072836,Low,0.58562857,0.041720126373970934,Low,0.5822527,0.041962018275072836,Low,0.58562857
12086012900,Moderate,0.1138766582192228,0.1754244425106359,0.6491493237170672,0.48738527,False,False,0.11387665821922284,Moderate,0.49379307,0.09885834827560393,Moderate,0.42867053,0.11387665821922284,Moderate,0.49379307,0.1127086857759359,Moderate,0.4887285,0.11387665821922284,Moderate,0.49379307
12086013000,High,0.1331558016371371,0.2124395240423006,0.6267939181158371,0.54172474,False,True,0.13315580163713717,High,0.5558763,0.11878722399823291,Moderate,0.4958928,0.13127731072692392,High,0.5480343,0.13089157896336037,High,0.54642403,0.10994883077130348,Moderate,0.4589958
12086013100,High,0.1430557613900418,0.2064643157190575,0.6928837116080745,0.5789759,False,False,0.14305576139004186,High,0.5843383,0.12753859350245805,High,0.5209555,0.142671476115636,High,0.5827686,0.1414480184890972,High,0.5777712,0.11167958669033949,Moderate,0.4561764
12086013202,Low,0.0776488200427017,0.1469637041478903,0.5283537217091597,0.6003104,False,False,0.07764882004270172,Low,0.62618774,0.06987992351143821,Low,0.5635366,0.07764882004270172,Low,0.62618774,0.07705818842838923,Low,0.6214247,0.07764882004270172,Low,0.62618774
12086013302,High,0.1272218527149647,0.1956918186026404,0.6501132935623305,0.6314419,False,True,0.1272218527149647,High,0.5884702,0.1155910496050414,Moderate,0.5346714,0.12523121313437138,High,0.57926244,0.12638857812821028,High,0.5846159,0.10578785128892847,Moderate,0.4893263
12086013400,High,0.1500636062340533,0.2475103317973085,0.6062922914949004,0.51250416,False,True,0.15006360623405327,High,0.5148799,0.15006360623405327,High,0.5148799,0.15135962675908493,High,0.5193266,0.148565306114184,High,0.5097391,0.13495623193050915,High,0.4630453
12086013500,Critical,0.1636229546340001,0.2651296548607242,0.617143166123583,0.4649781,False,False,0.1600644133098052,Critical,0.45341548,0.1584288972701257,High,0.44878256,0.1658369123568705,Critical,0.46976727,0.1612411921598866,Critical,0.45674896,0.15194181876684826,High,0.43040657
12086013600,Moderate,0.1219832922225013,0.2091774851455561,0.5831568925193802,0.41557044,False,False,0.1219832922225013,Moderate,0.42303017,0.13085690444713688,High,0.45380327,0.1219832922225013,Moderate,0.42303017,0.12005352059023316,Moderate,0.41633785,0.1219832922225013,Moderate,0.42303017
12086013700,High,0.1505083129232673,0.2437805068534366,0.6173927311331522,0.48444033,False,False,0.15050831292326736,High,0.48834714,0.15604059965447462,High,0.50629747,0.14398666006059094,High,0.46718666,0.14488314948571654,High,0.47009546,0.1356240963239027,High,0.44005305
12086013802,Critical,0.1686231219090919,0.274868247300873,0.6134689021555689,0.6495797,False,False,0.15669012164647492,High,0.54182696,0.15206186500318455,High,0.5258227,0.1663495482478209,Critical,0.5752288,0.16758400798787793,Critical,0.5794975,0.13800869523822828,High,0.47722748
12086013900,Low,0.0822325476100418,0.1543262399372188,0.5328487731152829,0.39701843,False,False,0.08223254761004181,Low,0.4158278,0.087955441634545,Moderate,0.44476694,0.08223254761004181,Low,0.4158278,0.0807009058681958,Low,0.40808272,0.08223254761004181,Low,0.4158278
12086014100,High,0.1278722142889158,0.1490000407552742,0.8582025457223874,0.6841658,False,False,0.1278722142889158,High,0.6841658,0.1123364776140946,Moderate,0.6010436,0.127239195146434,High,0.68077886,0.12672767476560493,High,0.67804205,0.09619079291852316,Moderate,0.5146579
12086014200,Low,0.0459720750307289,0.0647222618109421,0.7102977205125544,0.6868678,False,False,0.04597207503072892,Low,0.6913714,0.04136209733631598,Low,0.6220422,0.04597207503072892,Low,0.6913714,0.04555797546290617,Low,0.68514377,0.04597207503072892,Low,0.6913714
12086014300,High,0.1308822811616535,0.1614289579996672,0.8107732514876502,0.7429039,False,False,0.13088228116165349,High,0.7163532,0.11716211437709333,Moderate,0.6412591,0.12933145882504124,High,0.7078651,0.12997666420034043,High,0.7113965,0.10760435152990942,Moderate,0.58894694
12086014400,High,0.152950471722072,0.1933195332215947,0.7911796039086789,0.71615493,False,False,0.152950471722072,High,0.6696364,0.13767772000541853,High,0.6027704,0.15071216515394562,High,0.6598368,0.15229090694516573,High,0.66674876,0.12635469904103316,High,0.5531968
12086014500,Low,0.069773483014666,0.1204018230086534,0.5795052040835902,0.3909879,False,False,0.06977348301466599,Low,0.39866444,0.065681154776492,Low,0.37528214,0.06977348301466599,Low,0.39866444,0.06587282248296351,Low,0.37637725,0.06977348301466599,Low,0.39866444
12086014602,Moderate,0.0881967321904301,0.1511741279960562,0.5834115490497884,0.5750369,False,True,0.08819673219043013,Moderate,0.57414436,0.08024684828819671,Low,0.5223921,0.08819673219043013,Moderate,0.57414436,0.08781958916736804,Moderate,0.57168925,0.08819673219043013,Moderate,0.57414436
12086014702,Low,0.080638956067207,0.135475584826124,0.5952286987408322,0.5847687,False,False,0.08063895606720703,Low,0.58570135,0.07281800087317664,Low,0.52889574,0.08063895606720703,Low,0.58570135,0.07992704778767516,Low,0.5805306,0.08063895606720703,Low,0.58570135
12086014800,Critical,0.190437171222287,0.2806175501796772,0.6786359979992398,0.493357,False,True,0.17501077845157295,Critical,0.4424973,0.185454403711865,Critical,0.46890298,0.19186446111256633,Critical,0.48511013,0.18617048910909234,Critical,0.47071353,0.16678239127956504,Critical,0.42169264
12086014900,Moderate,0.0997549612513464,0.1691586386609462,0.5897124855165726,0.40345272,False,False,0.09975496125134638,Moderate,0.39790937,0.1069782999856227,Moderate,0.42672232,0.09975496125134638,Moderate,0.39790937,0.09617182606169301,Moderate,0.38361672,0.09975496125134638,Moderate,0.39790937
12086015002,Moderate,0.1120632239487193,0.181696026898109,0.6167621046087144,0.5899475,False,False,0.11206322394871927,Moderate,0.5586006,0.10281523812259415,Moderate,0.51250225,0.11206322394871927,Moderate,0.5586006,0.11188344551154711,Moderate,0.55770445,0.11206322394871927,Moderate,0.5586006
12086015201,Low,0.0472774017275659,0.065900191243015,0.7174091734153661,0.6251969,False,False,0.047277401727565935,Low,0.59574854,0.042778314748522624,Low,0.539055,0.047277401727565935,Low,0.59574854,0.04708256847540754,Low,0.5932934,0.047277401727565935,Low,0.59574854
12086015300,Moderate,0.0896674242142803,0.1421644710065623,0.630730192849248,0.41182438,False,False,0.08966742421428037,Moderate,0.43174914,0.08881352362080339,Moderate,0.4276376,0.08966742421428037,Moderate,0.43174914,0.08633717502201489,Low,0.41571397,0.08966742421428037,Moderate,0.43174914
12086015400,Low,0.0828281297899872,0.1448106255982063,0.5719754986751001,0.37872452,False,False,0.08282812978998726,Low,0.3573868,0.08054712963343695,Low,0.34754473,0.08282812978998726,Low,0.3573868,0.07629991856854466,Low,0.32921886,0.08282812978998726,Low,0.3573868
12086015501,High,0.1345785486558975,0.2370920195089712,0.5676215881690835,0.6478156,False,False,0.13457854865589755,High,0.65244156,0.12336565358720195,Moderate,0.59808105,0.13267926445526193,High,0.6432338,0.13322133380589313,High,0.64586174,0.11160461688738876,Moderate,0.54106313
12086015600,Low,0.0570728950513291,0.1023278181042905,0.5577456463809439,0.4411164,False,False,0.057072895051329155,Low,0.39345187,0.06073211281869134,Low,0.41867796,0.057072895051329155,Low,0.39345187,0.05468071530093105,Low,0.37696055,0.057072895051329155,Low,0.39345187
12086015700,Moderate,0.088987682868308,0.157398300983605,0.5653662225844307,0.37244362,False,False,0.08898768286830804,Moderate,0.38226277,0.09427910656202362,Moderate,0.40499306,0.08898768286830804,Moderate,0.38226277,0.0802636288295747,Low,0.344787,0.08898768286830804,Moderate,0.38226277
12086015800,Low,0.0767811583597643,0.125440927570748,0.6120901674332737,0.5352644,False,False,0.07678115835976432,Low,0.5244642,0.07334559700717011,Low,0.5009971,0.07678115835976432,Low,0.5244642,0.07596120271165883,Low,0.5188634,0.07678115835976432,Low,0.5244642
12086015900,Low,0.0657006758875857,0.1146374151394963,0.5731172131510289,0.39420623,False,False,0.06570067588758569,Low,0.39922825,0.07148787656697332,Low,0.434394,0.06570067588758569,Low,0.39922825,0.06376481201019428,Low,0.38746503,0.06570067588758569,Low,0.39922825
12086016000,Low,0.0843488176733305,0.1462805415277598,0.5766236356003892,0.3999473,False,False,0.08434881767333056,Low,0.4034734,0.0922755034772494,Moderate,0.44138983,0.08434881767333056,Low,0.4034734,0.08215043232978317,Low,0.39295766,0.08434881767333056,Low,0.4034734
12086016100,Low,0.0641789353114944,0.1062429240194571,0.6040772682399144,0.4255562,False,False,0.06417893531149443,Low,0.4496511,0.06597371130481634,Low,0.46222568,0.06417893531149443,Low,0.4496511,0.06290317304525676,Low,0.44071284,0.06417893531149443,Low,0.4496511
12086016200,Moderate,0.1139170287947392,0.1715366953655794,0.6640971399848818,0.46315518,False,False,0.11391702879473921,Moderate,0.47457987,0.12049841094038882,Moderate,0.501998,0.11391702879473921,Moderate,0.47457987,0.11173445632647148,Moderate,0.46548724,0.11391702879473921,Moderate,0.47457987
12086016300,Moderate,0.096663143029397,0.1409595769784199,0.6857508024743547,0.45231637,False,True,0.09666314302939702,Moderate,0.45025977,0.09959953987683692,Moderate,0.4639376,0.09666314302939702,Moderate,0.45025977,0.09460750045522122,Moderate,0.44068453,0.09666314302939702,Moderate,0.45025977
12086016402,High,0.1401818912447427,0.1938871246711322,0.7230077370145989,0.62391466,False,True,0.1401818912447427,High,0.58792454,0.1266477825528264,High,0.5311623,0.1379864272775508,High,0.57871675,0.13902021885990556,High,0.58305246,0.11776096499567057,Moderate,0.4938909
12086016502,Low,0.0653262367791454,0.0963467781873756,0.6780323951476475,0.6129245,False,False,0.0653262367791454,Low,0.58158433,0.05915526277788473,Low,0.5266456,0.0653262367791454,Low,0.58158433,0.06494704032039003,Low,0.57820845,0.0653262367791454,Low,0.58158433
12086016600,Low,0.0740010904194999,0.1147737205873517,0.6447563958090852,0.51768446,False,False,0.07400109041949988,Low,0.53189254,0.06864767424803803,Low,0.49341416,0.07400109041949988,Low,0.53189254,0.07345956220206062,Low,0.52800024,0.07400109041949988,Low,0.53189254
12086016700,Low,0.0715689698191883,0.1159752695837231,0.6171054404622216,0.4306751,False,True,0.07156896981918834,Low,0.4311726,0.06803901457854593,Low,0.40990612,0.07156896981918834,Low,0.4311726,0.06969721174923658,Low,0.41989607,0.07156896981918834,Low,0.4311726
12086016800,Moderate,0.1174113504015715,0.1786529095720588,0.6572036844113878,0.4379108,False,True,0.11741135040157152,Moderate,0.42366922,0.12287478144262748,Moderate,0.44338357,0.11741135040157152,Moderate,0.42366922,0.11291523310763583,Moderate,0.40744534,0.11741135040157152,Moderate,0.42366922
12086016900,Moderate,0.0957937060526149,0.1631143995746876,0.5872792733344946,0.4427082,False,False,0.09579370605261492,Moderate,0.48535088,0.10097556666364993,Moderate,0.51160544,0.09579370605261492,Moderate,0.48535088,0.09516266450239974,Moderate,0.48215362,0.09579370605261492,Moderate,0.48535088
12086017000,Moderate,0.107652446572785,0.1660790805079073,0.6481999192406386,0.44850078,False,True,0.10765244657278501,Moderate,0.41702345,0.11356799972144781,Moderate,0.4399391,0.10765244657278501,Moderate,0.41702345,0.10427572469255879,Moderate,0.40394273,0.10765244657278501,Moderate,0.41702345
12086017101,Low,0.0862820700728843,0.1434872578283718,0.6013221757717895,0.5923546,False,False,0.08628207007288426,Low,0.5686667,0.07799884598944512,Low,0.5140737,0.08628207007288426,Low,0.5686667,0.08572034127438867,Low,0.5649645,0.08628207007288426,Low,0.5686667
12086017200,Low,0.0843795911147933,0.1296573368221882,0.6507891738553238,0.4360872,False,True,0.0843795911147933,Low,0.4149599,0.09243437112575814,Moderate,0.4545715,0.0843795911147933,Low,0.4149599,0.07850749698391503,Low,0.38608226,0.0843795911147933,Low,0.4149599
12086017300,Moderate,0.1085657381601942,0.1737548375988861,0.6248213843163246,0.4425042,False,False,0.10856573816019419,Moderate,0.4460982,0.11538858989816811,Moderate,0.4741334,0.10856573816019419,Moderate,0.4460982,0.10658684778557585,Moderate,0.4379669,0.10856573816019419,Moderate,0.4460982
12086017402,Moderate,0.1156527883962337,0.1777886996416572,0.6505069705180261,0.6255391,False,False,0.11565278839623369,Moderate,0.6156451,0.10511085914778628,Moderate,0.5595281,0.11565278839623369,Moderate,0.6156451,0.11496566374803463,Moderate,0.6119874,0.11565278839623369,Moderate,0.6156451
12086017500,Critical,0.1643058718627949,0.2239767517100425,0.7335844930705274,0.51577073,False,False,0.15211266651051586,High,0.4597739,0.17135492119409726,Critical,0.51793534,0.15545286972412578,High,0.46986997,0.15832811201225025,High,0.47856063,0.1524462588605972,High,0.46078223
12086017600,Moderate,0.0897786495866976,0.1573180391389386,0.5706824854803063,0.43689376,False,False,0.0897786495866976,Moderate,0.4627988,0.09396632524964217,Moderate,0.48438582,0.0897786495866976,Moderate,0.4627988,0.08785915464999011,Moderate,0.45290402,0.0897786495866976,Moderate,0.4627988
12086017700,Moderate,0.1204264384426561,0.1879592285976713,0.6407051111091233,0.4562392,False,False,0.1204264384426561,Moderate,0.4188936,0.13180180623826557,High,0.4584619,0.1204264384426561,Moderate,0.4188936,0.11386989655069482,Moderate,0.3960872,0.1204264384426561,Moderate,0.4188936
12086017800,High,0.1493073563357686,0.2181132938476499,0.6845403767092639,0.5371035,False,False,0.14930735633576864,High,0.5312584,0.15881445571720357,Critical,0.5650861,0.14481378516595936,High,0.5152696,0.14356223416705893,High,0.5108164,0.13702412989772544,High,0.4875528
12086017901,Low,0.0199383149746872,0.0330626496912491,0.6030464938799016,0.6329878,False,False,0.01993831497468718,Low,0.6428261,0.018178958702875374,Low,0.58610314,0.01993831497468718,Low,0.6428261,0.019767801020967556,Low,0.63732857,0.01993831497468718,Low,0.6428261
12086018003,Moderate,0.11973748802521,0.1715742559764509,0.6978756069421295,0.66477776,False,True,0.11973748802520996,Moderate,0.597492,0.10843674702242057,Moderate,0.5411011,0.11973748802520996,Moderate,0.597492,0.11888861676056113,Moderate,0.5932561,0.11973748802520996,Moderate,0.597492
12086018100,Moderate,0.1234819921351015,0.1784442578383073,0.6919919622574326,0.44862103,False,False,0.12348199213510153,Moderate,0.4060911,0.12000415339143686,Moderate,0.39465365,0.12348199213510153,Moderate,0.4060911,0.11532333569783709,Moderate,0.37926,0.12348199213510153,Moderate,0.4060911
12086018200,Moderate,0.1215353195728574,0.1735841746851797,0.7001520720035652,0.5229625,False,False,0.12153531957285738,Moderate,0.5257884,0.11410467901077269,Moderate,0.49364185,0.12153531957285738,Moderate,0.5257884,0.11878624588681422,Moderate,0.51389533,0.12153531957285738,Moderate,0.5257884
12086018300,Low,0.079155722747838,0.1381099702474525,0.5731354702778823,0.42692718,False,False,0.07915572274783801,Low,0.41550726,0.08307805369258618,Low,0.43609652,0.07915572274783801,Low,0.41550726,0.07558271141347855,Low,0.39675167,0.07915572274783801,Low,0.41550726
12086018400,Moderate,0.0991128308162163,0.1515673754677778,0.6539192917362817,0.48502862,False,False,0.09911283081621633,Moderate,0.47912973,0.0926253099312386,Moderate,0.44776785,0.09911283081621633,Moderate,0.47912973,0.09761534070627918,Moderate,0.4718906,0.09911283081621633,Moderate,0.47912973
12086018500,High,0.1314884330900735,0.176615780880716,0.7444885866619085,0.49567264,False,True,0.13148843309007358,High,0.44870844,0.12471208912093683,High,0.42558396,0.12496068111672348,High,0.42643228,0.1281252504046182,High,0.43723148,0.11334485391475144,Moderate,0.3867929
12086018601,High,0.1401733793719715,0.2137359202145393,0.655825091221313,0.6013755,False,True,0.14017337937197152,High,0.6095722,0.12797447540086385,High,0.5565228,0.13769233330938138,High,0.59878284,0.13895621687729492,High,0.6042791,0.1188642086740232,Moderate,0.51690495
12086018700,Moderate,0.1058362203486279,0.1726973252837506,0.6128422670978461,0.4263067,False,True,0.10583622034862789,Moderate,0.4006632,0.10244298208710188,Moderate,0.38781744,0.10583622034862789,Moderate,0.4006632,0.10328762966673363,Moderate,0.39101502,0.10583622034862789,Moderate,0.4006632
12086018801,Low,0.0614481688639012,0.1125992233373298,0.545724624403598,0.58906466,False,False,0.061448168863901156,Low,0.58129877,0.05545587567184154,Low,0.5246118,0.061448168863901156,Low,0.58129877,0.06105681312648646,Low,0.57759655,0.061448168863901156,Low,0.58129877
12086018902,Moderate,0.0899770507632456,0.15915419430279,0.5653451431638981,0.6168066,False,False,0.08997705076324565,Moderate,0.5846914,0.08180671201423828,Low,0.5315987,0.08997705076324565,Moderate,0.5846914,0.08943429936209887,Moderate,0.5811645,0.08997705076324565,Moderate,0.5846914
12086019000,Low,0.0580442026638403,0.1048006980405018,0.5538532066018136,0.39406046,False,False,0.05804420266384032,Low,0.38754934,0.06285623587608972,Low,0.41967833,0.05804420266384032,Low,0.38754934,0.054345744404158146,Low,0.3628555,0.05804420266384032,Low,0.38754934
12086019100,Moderate,0.1246004013142977,0.1844794437401144,0.6754161807308386,0.44037655,False,False,0.1246004013142977,High,0.43841875,0.12385973770105735,Moderate,0.43581265,0.1246004013142977,High,0.43841875,0.11887860055876268,Moderate,0.41828603,0.1246004013142977,High,0.43841875
12086019200,Low,0.0654062176845219,0.1067961807151016,0.6124396700946166,0.4201856,False,False,0.06540621768452189,Low,0.40716237,0.06308595058176515,Low,0.3927184,0.06540621768452189,Low,0.40716237,0.062289764788766216,Low,0.38776204,0.06540621768452189,Low,0.40716237
12086019302,Low,0.0875994958862135,0.1371365583716947,0.6387756622036844,0.6177672,False,False,0.0875994958862135,Moderate,0.6214518,0.07948757476629824,Low,0.56390387,0.0875994958862135,Moderate,0.6214518,0.08663748545974875,Low,0.61462706,0.0875994958862135,Moderate,0.6214518
12086019402,Moderate,0.0923498413263585,0.1421490647588721,0.6496690040346864,0.6032287,False,False,0.09234984132635858,Moderate,0.5846631,0.08390260105136148,Low,0.53118396,0.09234984132635858,Moderate,0.5846631,0.09179274947088525,Moderate,0.58113617,0.09234984132635858,Moderate,0.5846631
12086019502,Low,0.0548085249883056,0.0894045287847569,0.6130396942224057,0.6130021,False,False,0.054808524988305636,Low,0.63780963,0.04964676003980659,Low,0.5777419,0.054808524988305636,Low,0.63780963,0.054400476738692034,Low,0.6330612,0.054808524988305636,Low,0.63780963
12086019600,Moderate,0.1086898314543452,0.1435699194503071,0.7570515597591129,0.5074017,False,False,0.10868983145434517,Moderate,0.49830022,0.11069500572595395,Moderate,0.50749314,0.10868983145434517,Moderate,0.49830022,0.10621485520859443,Moderate,0.48695344,0.10868983145434517,Moderate,0.49830022
12086019700,Moderate,0.1040043278164196,0.1490999270007747,0.6975478117831624,0.5496044,False,True,0.10400432781641965,Moderate,0.5473727,0.1083378993340866,Moderate,0.5701802,0.10400432781641965,Moderate,0.5473727,0.1005704252359197,Moderate,0.52930015,0.10400432781641965,Moderate,0.5473727
12086019801,Moderate,0.1120853067083523,0.1645107197405111,0.6813252466778377,0.63312274,False,False,0.11208530670835234,Moderate,0.60538924,0.10234455288052902,Moderate,0.552778,0.11208530670835234,Moderate,0.60538924,0.11113877695221563,Moderate,0.6002769,0.11208530670835234,Moderate,0.60538924
12086019902,Low,0.075729497921913,0.1154903458670062,0.6557214575244227,0.59908974,False,False,0.07572949792191298,Low,0.5930448,0.06879185433023889,Low,0.5387155,0.07572949792191298,Low,0.5930448,0.07515616931315873,Low,0.58855504,0.07572949792191298,Low,0.5930448
12086020002,Moderate,0.0913538109685814,0.1326953393914128,0.6884477735809105,0.61797726,False,False,0.09135381096858142,Moderate,0.5995799,0.08375438473196309,Low,0.54970276,0.09135381096858142,Moderate,0.5995799,0.09079651470172688,Moderate,0.5959222,0.09135381096858142,Moderate,0.5995799
12086020100,High,0.1472376610388334,0.2194290097619155,0.6710036252662717,0.47156668,False,True,0.14723766103883343,High,0.46754122,0.1539913744621074,High,0.4889871,0.1457849003009741,High,0.4629281,0.14152040771754226,High,0.44938654,0.132797217373781,High,0.42168677
12086020200,High,0.1336662463560141,0.1987820979256497,0.6724259767396619,0.4596093,False,False,0.1336662463560141,High,0.43179122,0.1336662463560141,High,0.43179122,0.133880944551877,High,0.43248475,0.12221137100455248,Moderate,0.39478776,0.11051539439128286,Moderate,0.35700545
12086020300,High,0.1333679555896113,0.1972551986798905,0.6761188373343883,0.50124925,False,False,0.13336795558961131,High,0.49395877,0.13317826025969276,High,0.49325618,0.1270955212740501,High,0.47072738,0.12787402493012495,High,0.47361073,0.1158733210777078,Moderate,0.4291634
12086490100,Low,0.05996150361144,0.1323745764232016,0.4529684266542473,0.35117492,False,False,0.05996150361144005,Low,0.35692313,0.058619694160284876,Low,0.34893596,0.05996150361144005,Low,0.35692313,0.05318199883266418,Low,0.31656787,0.05996150361144005,Low,0.35692313
