tract_geoid,tract_2010,block_count,auto_jobs_30_mean,transit_jobs_30_mean,bike_safe_jobs_30_mean,walk_jobs_20_mean,auto_jobs_30_std,transit_jobs_30_std,time_tax_minutes_mean,time_tax_minutes_median,pct_blocks_never_viable,stop_count,route_count,daily_trip_count,peak_trips,midday_trips,evening_trips,late_trips,wheelchair_pct,poverty_rate_pct,hh_no_vehicle_pct,snap_benefits_pct,rent_burden_50pct_plus,unemployment_rate_pct,ind_1_transit_dependency,ind_2_temporal_mismatch,ind_3_structural_gap,ind_4_time_tax,ind_5_service_coverage,ind_6_economic_vulnerability,ind_7_multimodal_deficit,composite_need,composite_access_deficit,equity_priority_score,equity_percentile,equity_tier,transit_desert,multimodal_desert,shift_worker_proxy,low_income_share,peak_offpeak_ratio,institutional_tract
12086000107,12086000107,8,925571.0,19117.0,1337.625,1021.875,74047.74228254941,3570.5547388126033,21.25,20.0,0.0,8.0,5.0,490.0,54.0,125.0,79.0,47.0,0.0,16.9,18.9,5.6,67.9,3.8,0.17104478030973574,0.44912588717387364,0.40663414474125104,0.35100845803513336,0.6232063032100097,0.2553720856888167,0.9555574318979652,0.21320843299927622,0.5571064450116466,0.11877979215473063,65.8203125,Moderate,0,0,1.0,31.700000000000003,0.6454183266932271,False
12086000109,12086000109,92,1055241.3152173914,17153.043478260868,2998.413043478261,1381.8804347826087,245220.540428359,10905.38200318776,25.0,20.0,0.0,31.0,10.0,1024.0,121.0,247.0,169.0,90.0,0.0,17.8,7.0,22.7,51.8,1.3,0.11824120056951488,0.5110473309286482,0.4529253289927908,0.4140099761440034,0.5152512102118292,0.2515724947248457,0.9535580691089908,0.1849068476471803,0.5693583830772525,0.10527826379631045,57.03125,Moderate,0,0,1.0,21.5,0.7173913043478262,False
12086000141,12086000113,45,1164669.1555555556,27267.31111111111,14095.777777777777,7467.688888888889,151832.89262345975,8426.635432911045,18.22222222222222,20.0,0.0,14.0,10.0,1567.0,180.0,350.0,256.0,165.0,0.0,13.4,3.8,9.8,45.0,2.9,0.07603422823116858,0.49641960867346774,0.38241185565029995,0.3001405656361197,0.5326217793202597,0.19443380499418886,0.8841189329205648,0.13523401661267873,0.5191425484401424,0.07020573202010259,23.4375,Low,0,0,1.0,8.1,0.7003891050583657,False
12086000115,12086000115,21,878397.2380952381,20043.333333333332,2237.6666666666665,1316.904761904762,140262.14331383383,7859.591403713892,22.38095238095238,20.0,0.0,3.0,2.0,70.0,8.0,27.0,12.0,0.0,0.0,6.2,10.5,5.3,52.5,8.7,0.07934337505249812,0.05267732564788768,0.3873786066525451,0.37000891587749096,0.6734941848058045,0.20927630581226092,0.9502200605089598,0.14430984043237952,0.48675581869853757,0.07024365452591821,23.6328125,Low,0,0,0.3,9.2,0.6153846153846154,False
12086000118,12086000118,3,1062784.0,23651.666666666668,3682.3333333333335,3618.0,21397.82381458451,779.3589245869543,20.0,20.0,0.0,4.0,5.0,446.0,34.0,108.0,79.0,61.0,0.0,5.5,14.5,0.0,46.8,4.6,0.0932721667353004,0.0,0.39221251655604866,0.3300079519988433,0.6324926994181997,0.15727260981912144,0.9327216673530039,0.12527238827721093,0.45748696706521913,0.05731048496995774,14.453125,Low,0,0,0.3,11.1,0.41129032258064513,False
12086000144,12086000119,24,1109200.8333333333,21516.791666666668,15237.583333333334,6690.416666666667,125579.70772197327,9995.387701461921,21.25,20.0,0.0,6.0,6.0,425.0,38.0,98.0,79.0,53.0,0.0,8.3,3.2,3.6,57.4,3.7,0.051416588324253096,0.32027563381556323,0.4187576628801848,0.35100845803513336,0.6199405564166498,0.1973467745393408,0.8942015360739668,0.12438168143179695,0.5208367694442997,0.06478255313498717,17.96875,Low,0,0,1.0,23.5,0.49565217391304345,False
12086000120,12086000120,35,1126132.0857142857,13958.0,3957.114285714286,2714.657142857143,129306.2307698442,9482.915619526457,26.285714285714285,25.0,0.0,13.0,5.0,409.0,48.0,97.0,62.0,42.0,0.0,11.7,9.6,4.2,62.4,8.5,0.10156581172704075,0.07875431051699576,0.5053288283997298,0.4356104966384732,0.6157149375519464,0.24649053067488125,0.9536695936811339,0.174028171200961,0.5178156333576558,0.09011450769250018,43.359375,Moderate,0,0,0.3,10.100000000000001,0.7164179104477612,False
12086000121,12086000121,12,1049346.0,15797.75,11605.833333333334,3971.4166666666665,124276.47894622992,5715.078145095258,25.0,25.0,0.0,5.0,3.0,64.0,6.0,18.0,13.0,2.0,0.0,13.1,1.9,1.7,65.9,3.2,0.06927178513771846,0.03462817289757519,0.4677502051267864,0.4140099761440034,0.660488001774603,0.2252272056915248,0.9236238018362463,0.14724949541462162,0.5001000315558428,0.0736394773034342,26.3671875,Low,0,0,0.3,18.3,0.5454545454545454,False
12086000122,12086000122,13,1022871.6153846154,16351.23076923077,14997.307692307691,1791.4615384615386,104913.92559104381,3579.326732637628,23.46153846153846,25.0,0.0,3.0,1.0,28.0,4.0,6.0,6.0,2.0,0.0,1.7,7.0,4.6,55.8,1.1,0.039925295358255536,0.11507582515611062,0.45615620591047956,0.3881631994839541,0.6839760232046185,0.16283933967480224,0.9178228817989778,0.10138231751652889,0.5122388271108281,0.051931959414444326,11.1328125,Low,0,0,0.3,4.4,0.8571428571428571,False
12086000123,12086000123,34,968664.4411764706,21925.970588235294,2650.9117647058824,2097.4117647058824,108670.18157464411,4518.119604070314,20.735294117647058,20.0,0.0,23.0,5.0,885.0,83.0,214.0,147.0,101.0,0.0,14.7,3.7,3.3,50.8,3.0,0.08677383968373263,0.3575361104353076,0.38893328983331504,0.3423611908437198,0.5814203703079723,0.19561042618733285,0.9431939096057894,0.14119213293553273,0.5226889742052208,0.07379957112992076,26.7578125,Low,0,0,1.0,21.8,0.538961038961039,False
12086000124,12086000124,34,1303795.4705882352,26024.58823529412,6007.676470588235,3733.705882352941,51579.07309742991,3892.446789248393,17.941176470588236,20.0,0.0,16.0,7.0,485.0,60.0,110.0,74.0,42.0,0.0,11.8,12.5,38.8,53.4,7.0,0.11185594866960684,0.5790736778950528,0.4132362755976466,0.29541888323318916,0.5890275063458903,0.31097090710086545,0.9206250919309205,0.21141342788523615,0.5594762870005399,0.11828079965528832,65.625,Moderate,0,0,1.0,24.9,0.7964601769911505,False
12086000125,12086000125,7,956921.7142857143,17486.85714285714,4086.714285714286,3556.5714285714284,77127.60748420823,3690.8268463209993,22.857142857142858,25.0,0.0,4.0,4.0,439.0,48.0,105.0,68.0,40.0,0.0,12.7,11.1,4.9,67.7,6.2,0.11234052135519605,0.47548508415943175,0.4302978947995445,0.3780091086532205,0.64191511108116,0.2527647061146655,0.9440379945814795,0.18255261373493079,0.5739490386549673,0.10477589715711509,56.640625,Moderate,0,0,1.0,25.4,0.676056338028169,False
12086000126,12086000126,5,925455.0,20414.4,3410.6,3339.8,119956.03442303352,2638.8685643661747,21.0,20.0,0.0,12.0,4.0,785.0,72.0,182.0,135.0,94.0,0.0,23.8,15.6,12.6,61.8,1.7,0.18532913527097156,0.3459958196865417,0.3939193564749946,0.3468083568278753,0.6155328301547722,0.2690741760039719,0.9407570318323428,0.22720165563747172,0.5286026789953053,0.12009940384213637,67.3828125,Moderate,0,0,1.0,42.900000000000006,0.5255474452554745,False
12086000127,12086000127,4,944099.0,8978.75,3153.5,2027.25,24039.001670895854,1494.4210417415836,28.75,30.0,0.0,3.0,1.0,16.0,2.0,6.0,2.0,0.0,0.0,18.0,7.6,8.6,42.0,2.0,0.12388590866753943,0.5391019922688076,0.556521865778449,0.47701149425287354,0.6843392552283398,0.1928075330331855,0.9678586614651518,0.15834672085036247,0.6449666537987243,0.10212835468685898,54.296875,Moderate,0,0,1.0,30.0,0.75,False
12086000128,12086000128,32,1210500.90625,25015.8125,3747.28125,1863.90625,124230.17075687075,8851.490883853152,20.46875,20.0,0.0,13.0,7.0,1041.0,118.0,245.0,173.0,94.0,0.0,8.7,6.6,3.0,46.8,3.1,0.0714714710354826,0.07229872881355932,0.4065275657710259,0.33788314176245204,0.5781636650043803,0.1673084447603895,0.9342675952350666,0.11938995789793605,0.46582813931729683,0.055615201940765954,13.4765625,Low,0,0,0.3,8.100000000000001,0.69140625,False
12086000129,12086000129,11,970116.6363636364,5908.272727272727,6020.090909090909,1751.090909090909,119404.26504465635,3858.968698782334,33.63636363636363,35.0,0.0,0.0,0.0,0.0,0.0,0.0,0.0,0.0,0.0,2.1,5.9,1.8,75.2,4.5,0.03864238942255102,0.1091724898404202,0.6426606031071566,0.5591043814856437,0.9884290029787759,0.2224684777089469,0.9660597355637756,0.13055543356574895,0.6530852425951544,0.08526382700240272,37.5,Low,0,0,0.3,5.8,0.0,False
12086000130,12086000130,29,951600.6896551724,17241.51724137931,1717.103448275862,315.6896551724138,26907.678130313125,3215.901646735769,21.20689655172414,20.0,0.0,13.0,4.0,678.0,65.0,158.0,115.0,85.0,0.0,9.8,3.7,3.6,46.6,2.1,0.0647987270547755,0.36246733679193743,0.4319509726742551,0.3502843026545716,0.6167830126693173,0.16657804068921161,0.9599811415522296,0.11568838387199357,0.5442933532684622,0.06296841839189646,17.1875,Low,0,0,1.0,21.4,0.5446927374301677,False
12086000131,12086000131,25,1210353.56,23560.28,8082.92,4133.32,73064.0122176438,7598.716840800602,20.6,20.0,0.0,7.0,5.0,376.0,41.0,81.0,69.0,47.0,0.0,13.4,2.6,2.7,61.6,4.3,0.07346205694458487,0.43101322091255856,0.41808974756857004,0.3400881948962626,0.6286456437989981,0.22379121785541,0.9182757118073108,0.14862663739999743,0.54722250379674,0.08133184064891678,33.0078125,Low,0,0,1.0,15.5,0.6243654822335025,False
12086000132,12086000132,24,1236251.4166666667,27930.291666666668,5958.125,2797.2916666666665,103265.38949796621,10035.030367490139,18.958333333333332,17.5,0.0,28.0,5.0,733.0,84.0,158.0,121.0,74.0,0.0,17.5,14.5,10.3,52.6,3.9,0.14709441819222654,0.5080272823991125,0.3892967821690375,0.31250753030193495,0.5760781274569265,0.23226639247148034,0.9193401137014161,0.18968040533185343,0.5410499672056855,0.10262657708436045,54.4921875,Moderate,0,0,1.0,30.2,0.7138810198300283,False
12086000145,12086000133,60,1050879.0,15528.75,9521.066666666668,2373.4,120817.33342417724,7927.862794963264,23.833333333333332,25.0,0.016666666666666666,10.0,2.0,54.0,10.0,14.0,12.0,3.0,0.0,8.5,1.7,2.9,20.8,1.8,0.04766228231044311,0.16084776523424285,0.47135163170582217,0.39440950384346607,0.6600580396253117,0.09471717274296741,0.9345545551067277,0.07118972752670526,0.5242442991031141,0.03732080881057927,5.6640625,Low,0,0,0.3,10.2,1.0344827586206897,False
12086000134,12086000134,39,1325698.435897436,34592.1282051282,15125.48717948718,9582.846153846154,63973.41863856421,5719.595758532733,12.564102564102564,15.0,0.0,22.0,14.0,2148.0,234.0,490.0,361.0,233.0,0.0,19.5,12.7,14.4,63.8,1.6,0.13860265555367524,0.4510041442965724,0.36145464687188655,0.20508186480860519,0.4622840993328391,0.26557004389379735,0.8608860593395977,0.2020863497237363,0.4681421629299002,0.09460514085827815,46.484375,Moderate,0,0,1.0,28.8,0.6476014760147601,False
12086000140,12086000140,9,970391.0,18458.555555555555,2887.5555555555557,2707.1111111111113,64074.344707925025,3776.3209977142806,21.666666666666668,20.0,0.0,11.0,5.0,489.0,53.0,124.0,76.0,42.0,0.0,12.0,3.8,9.8,47.2,6.7,0.07488288776736252,0.06342477569466458,0.42254761478042113,0.3580086267138967,0.6172706634544106,0.21537204788824574,0.9478846552830699,0.1451274678278041,0.4818272671852927,0.06992637121699234,23.046875,Low,0,0,0.3,15.7,0.6570247933884297,False
12086000222,12086000202,113,1482692.8938053097,19183.433628318584,8661.16814159292,4404.787610619469,76442.7633194744,3631.281385101905,22.300884955752213,20.0,0.0,23.0,7.0,640.0,69.0,152.0,111.0,70.0,0.0,13.4,6.2,22.9,49.5,2.5,0.09061315691571187,0.42865255978547695,0.4970330988926189,0.36866375072050994,0.5704153048273692,0.23936989664082686,0.9246240501603251,0.16499152677826937,0.5578777528772599,0.09204510220284917,44.53125,Moderate,0,0,1.0,17.6,0.6216216216216216,False
12086000204,12086000204,149,1673624.9597315437,14218.322147651006,4843.2885906040265,3664.530201342282,43394.600561167026,4067.774172670356,24.496644295302012,25.0,0.0,21.0,8.0,722.0,71.0,170.0,126.0,79.0,0.0,23.4,5.5,22.7,65.0,0.0,0.13699156771948537,0.38251957577559714,0.5783314368376842,0.4055533965320745,0.5626999657434238,0.29465414847161575,0.9480385309306946,0.21582285809555057,0.5754285811638948,0.12419064101665928,69.7265625,Moderate,0,0,1.0,22.1,0.568,False
12086000206,12086000206,103,1413099.5145631067,21729.59223300971,4042.5922330097087,2051.1941747572814,64623.48015049963,4329.522419518756,20.679611650485437,20.0,0.0,30.0,9.0,548.0,64.0,144.0,89.0,47.0,0.0,19.4,14.5,30.9,72.4,1.8,0.15924463121115823,0.48379423134106464,0.4636550013695002,0.3414257028535253,0.5408585764988656,0.3328363867167665,0.9394963493283671,0.24604050896396237,0.5538459722782646,0.1362685449069848,77.734375,High,0,0,1.0,24.1,0.6857142857142857,False
12086000224,12086000209,70,1324350.7571428572,20637.85714285714,3050.3571428571427,2047.5,81218.99958975399,2115.8868239487283,20.5,20.0,0.0,22.0,7.0,386.0,47.0,97.0,65.0,29.0,0.0,20.7,20.9,18.2,63.1,2.3,0.19649767642766078,0.5289670622558704,0.46108156621752133,0.3384081544133593,0.5800923523597726,0.28140879399253016,0.9447003674406769,0.23895323521009548,0.57064990053744,0.1363586399057405,77.9296875,High,0,0,1.0,35.1,0.7382198952879582,False
12086000211,12086000211,64,1410742.09375,26207.765625,5345.078125,3384.421875,67695.39371371256,6678.737590393808,19.765625,20.0,0.0,10.0,4.0,296.0,29.0,66.0,55.0,43.0,0.0,17.1,10.0,17.4,77.8,5.5,0.12508739679666958,0.3502462232472459,0.4271173328641544,0.3260703571170389,0.634311807848687,0.32171285557925144,0.9231542199016204,0.2234001261879605,0.5321799881957493,0.11888907651763773,66.2109375,Moderate,0,0,1.0,16.0,0.5304878048780488,False
12086000212,12086000212,33,1340458.696969697,24579.030303030304,10043.454545454546,4679.181818181818,35111.35808795076,3434.2475475426972,19.848484848484848,20.0,0.0,15.0,5.0,348.0,41.0,87.0,56.0,28.0,0.0,14.8,15.0,31.6,55.5,9.4,0.13542662545089154,0.5126879543988329,0.4296410658739975,0.3274624361156566,0.6135840942785902,0.31797335285422523,0.9089035265160506,0.2266999891525584,0.5584558154366256,0.12660192730166617,71.09375,High,0,0,1.0,25.299999999999997,0.7192982456140351,False
12086000213,12086000213,73,1625886.5753424657,17409.945205479453,5707.13698630137,2361.1369863013697,47458.58184948625,4118.622197108082,23.63013698630137,25.0,0.0,15.0,8.0,837.0,94.0,193.0,133.0,76.0,0.0,4.1,7.2,27.8,48.1,9.7,0.05324250443312933,0.07490202866133207,0.5335994430689383,0.3909957229535486,0.5711508103645798,0.25855256141182315,0.9423452112058288,0.15589753292247624,0.5025986432508456,0.07835388853299059,31.0546875,Low,0,0,0.3,8.3,0.7014925373134329,False
12086000226,12086000214,75,1486945.2133333334,21306.6,9894.64,4757.333333333333,68918.9985379024,5732.94331980599,21.533333333333335,20.0,0.0,31.0,11.0,1365.0,151.0,341.0,229.0,129.0,0.0,15.8,18.9,18.1,84.4,8.2,0.15887864142959102,0.45140609094084116,0.4772991375609803,0.35576857273669243,0.49571884055529336,0.35017682430068947,0.9157270399400058,0.25452773286514024,0.5391839363467625,0.13723726491564356,78.7109375,High,0,0,1.0,33.7,0.648068669527897,False
12086000215,12086000215,44,1539355.3636363635,14283.25,1155.9772727272727,670.6818181818181,66105.40875492245,5799.864205006153,25.113636363636363,25.0,0.0,9.0,5.0,438.0,39.0,102.0,78.0,51.0,0.0,18.5,10.4,17.2,73.4,14.2,0.13969010168195836,0.3296028978455383,0.5612881095476909,0.4159191130563934,0.6227916722824988,0.3593282443609447,0.9667135064495387,0.24950917302145154,0.5792630598363321,0.1445314470216388,82.8125,High,0,0,1.0,28.7,0.5064935064935064,False
12086000216,12086000216,55,1519713.5818181818,16047.272727272728,2972.7454545454543,1295.4727272727273,46851.94877985378,5749.526455394346,23.818181818181817,25.0,0.0,9.0,6.0,1023.0,104.0,239.0,163.0,94.0,0.0,6.9,12.7,17.8,69.6,2.9,0.09369560346448626,0.056199821587867974,0.5362996740262672,0.39415495225514735,0.5958735848102972,0.25826786612956004,0.9560775863723086,0.17598173479702314,0.5077211238103777,0.08934964416124444,41.9921875,Moderate,0,0,0.3,6.2,0.6290322580645161,False
12086000227,12086000217,54,1425806.148148148,15473.018518518518,945.4629629629629,630.4814814814815,43893.867161085225,3971.0937635487635,23.703703703703702,25.0,0.0,10.0,4.0,521.0,60.0,118.0,90.0,49.0,0.0,15.7,21.2,37.1,55.4,1.4,0.1780541797158266,0.49641960867346774,0.5310150360293031,0.39223167358785077,0.6275012074039131,0.2940906006341469,0.9650633046928272,0.23607239017498674,0.6024461660774724,0.1422209063776659,81.25,High,0,0,1.0,28.2,0.7003891050583657,False
12086000218,12086000218,52,1467288.6153846155,18519.53846153846,3429.25,1338.9038461538462,53012.82556179449,2899.2059728486884,22.115384615384617,20.0,0.0,13.0,3.0,403.0,46.0,90.0,70.0,42.0,0.0,22.3,9.0,38.4,61.3,4.8,0.14861549422431802,0.4816038249676887,0.5018217418903324,0.36554726990641107,0.634317606195386,0.34975969500016924,0.9496197714013931,0.24918759461224363,0.5865820428722422,0.14616896830607,83.59375,High,0,0,1.0,24.9,0.6831683168316832,False
12086000219,12086000219,69,1473478.0869565217,22132.797101449276,6334.0,5096.217391304348,75029.07102656929,3204.768311253561,20.0,20.0,0.0,24.0,6.0,743.0,92.0,181.0,120.0,66.0,0.0,15.3,11.7,28.3,58.4,2.2,0.12473638118550953,0.5408601863037495,0.46818806161735294,0.3300079519988433,0.5745194532425815,0.2805075003103032,0.923973193966737,0.20262194074790635,0.5675097694258529,0.11498993087446314,63.28125,Moderate,0,0,1.0,19.9,0.7520435967302452,False
12086000220,12086000220,71,1429554.0563380283,20991.943661971833,5318.211267605634,3477.2957746478874,62742.885048855685,1979.1057929372616,20.070422535211268,20.0,0.0,25.0,6.0,489.0,58.0,113.0,83.0,44.0,0.0,26.5,6.4,35.4,90.1,5.0,0.15355658931598395,0.5175934185746853,0.47256729775505896,0.33119107909947937,0.5802192280477121,0.4272055138056712,0.9334747070880484,0.29038105156082755,0.5670091461129968,0.1646487120928989,91.796875,Critical,0,0,1.0,27.700000000000003,0.725,False
12086000312,12086000301,98,1678049.969387755,13570.683673469388,2368.591836734694,1756.030612244898,49934.89942543112,4235.668485311694,25.510204081632654,25.0,0.0,8.0,4.0,303.0,36.0,70.0,46.0,22.0,0.0,23.6,16.3,17.5,82.0,18.1,0.19185971872996557,0.5671566536089672,0.5878519003502257,0.4225816112608565,0.638077195228789,0.417102060413211,0.9617028507767696,0.3044808895715883,0.6354740422451217,0.19348970168244775,96.09375,Critical,0,0,1.0,22.099999999999998,0.782608695652174,False
12086000302,12086000302,52,1676055.4038461538,10661.884615384615,745.3846153846154,650.3076923076923,21814.79701923841,3852.4546473585838,27.5,30.0,0.0,0.0,0.0,0.0,0.0,0.0,0.0,0.0,0.0,8.5,4.9,14.1,96.8,8.5,0.06534386714139542,0.1091724898404202,0.634245719946393,0.4560109882165835,0.9788808606125264,0.34991018132990304,0.9752815991253048,0.20762702423564922,0.6307183315482455,0.13095417031023582,74.4140625,High,0,0,0.3,12.1,0.0,False
12086000310,12086000305,63,1594042.5555555555,12038.142857142857,2190.4126984126983,1171.7301587301588,43746.274460279725,5343.353431939302,26.666666666666668,25.0,0.0,11.0,2.0,185.0,22.0,42.0,30.0,15.0,0.0,30.9,15.5,42.4,87.3,7.6,0.22430068184210483,0.546518741818505,0.601085556385451,0.44201065085905683,0.6541041203360514,0.46594700980558096,0.966813283802176,0.3451238458238429,0.6421064706402481,0.2216062545757369,98.4375,Critical,0,0,1.0,31.5,0.7586206896551724,False
12086000306,12086000306,58,1627570.603448276,20251.0,6079.293103448276,3284.8793103448274,24475.059298130516,3535.93266189752,21.29310344827586,20.0,0.0,23.0,8.0,946.0,112.0,222.0,158.0,89.0,0.0,26.9,17.6,25.5,59.7,7.9,0.20762637597727457,0.5102098783513299,0.5045844110670502,0.35173261341569506,0.5519423619066873,0.3403729432540086,0.9331522515832567,0.27399965961564154,0.5703243032648039,0.15626866496508418,88.8671875,High,0,0,1.0,21.0,0.7164179104477612,False
12086000307,12086000307,79,1727791.253164557,14938.822784810127,1977.5569620253164,1354.9240506329113,21470.65268045734,3412.020221779638,24.17721518987342,25.0,0.0,11.0,4.0,369.0,45.0,94.0,56.0,26.0,0.0,18.3,7.2,40.9,82.8,2.6,0.12254825057038282,0.5537669288784366,0.5749337589234969,0.40018685824669864,0.6301135100074128,0.3869633300610451,0.96116274957163,0.25475579031571394,0.624032761125535,0.1589759592434328,90.234375,Critical,0,0,1.0,15.299999999999999,0.7670454545454546,False
12086000308,12086000308,71,1678123.8732394367,16770.676056338027,1838.9154929577464,810.169014084507,19141.45628877633,3694.497030428781,22.95774647887324,25.0,0.0,22.0,5.0,381.0,46.0,98.0,58.0,27.0,0.0,6.6,4.5,22.7,48.5,8.6,0.05324085971421585,0.0884797433985074,0.5469413936424292,0.37969929022555776,0.5986647516679021,0.24744859291606017,0.9592947696255107,0.150344726315138,0.5146159897119814,0.07736980013064172,29.8828125,Low,0,0,0.3,7.7,0.7540983606557377,False
12086000402,12086000402,54,1612582.2962962964,11404.592592592593,4086.259259259259,2628.6666666666665,22472.690686764865,1460.4548079217755,26.01851851851852,25.0,0.0,13.0,5.0,529.0,45.0,114.0,93.0,60.0,0.0,21.1,5.1,25.6,70.8,8.6,0.1255801946527502,0.3288496426745784,0.6137693627693753,0.4311214995809805,0.6120826173147337,0.35461344007763224,0.9586274400973297,0.24009681736519123,0.5888901124873995,0.1413906417860541,81.0546875,High,0,0,1.0,29.799999999999997,0.5056179775280899,False
12086000417,12086000403,127,1617621.0,8603.944881889764,2841.6062992125985,1734.6062992125985,48902.202759975735,3053.383341519898,28.89763779527559,30.0,0.0,20.0,6.0,611.0,54.0,135.0,108.0,67.0,0.0,22.1,20.9,35.3,58.9,11.7,0.20861511617711934,0.34344335414808214,0.6688347475695782,0.47949186898156915,0.586469550958061,0.3703579110388951,0.97030286594009,0.2894865136080072,0.6097084775194761,0.17650238147435918,94.140625,Critical,0,0,1.0,35.7,0.5225806451612903,False
12086000420,12086000404,92,1567709.141304348,9987.684782608696,561.1847826086956,405.9130434782609,41028.71571874079,2680.708598832369,27.934782608695652,30.0,0.0,34.0,8.0,883.0,85.0,204.0,148.0,93.0,0.0,41.8,13.7,14.6,70.0,9.7,0.27134437682063783,0.3868502908385037,0.6339547978707468,0.4633155120552931,0.531974330031224,0.39037636053846064,0.9778175741284248,0.33086036867954927,0.5987825009848385,0.19811339903470626,96.875,Critical,0,0,1.0,8.799999999999999,0.5730337078651685,False
12086000405,12086000405,78,1665619.0384615385,11870.52564102564,761.9102564102565,526.0641025641025,37436.50749140927,5350.176809129244,27.05128205128205,27.5,0.0,16.0,3.0,520.0,62.0,109.0,80.0,51.0,0.0,28.1,8.4,17.7,55.8,3.7,0.17759465807774927,0.5606105659629301,0.612284606193572,0.44847234502406913,0.6248101848731944,0.2912293072904325,0.9731214141246534,0.23441198268409089,0.6438598232356838,0.15092845773530494,86.5234375,High,0,0,1.0,22.0,0.775,False
12086000408,12086000408,116,1625713.3620689656,12021.689655172413,2616.0775862068967,1978.6379310344828,62032.56635340416,4866.757532152349,26.896551724137932,25.0,0.0,21.0,5.0,1002.0,102.0,217.0,169.0,110.0,0.0,26.9,20.9,52.6,52.2,8.4,0.23027569304758205,0.42462087421944694,0.6051521633838415,0.4458728128887193,0.5818561308039625,0.3981698046782438,0.9634966236300505,0.3142227488629129,0.6041997209852041,0.18985329719017585,95.5078125,Critical,0,0,1.0,31.4,0.6169354838709677,False
12086000409,12086000409,70,1642871.857142857,13440.0,1894.0714285714287,1445.2857142857142,53792.488119849964,5438.052541974504,25.5,25.0,0.0,13.0,2.0,607.0,70.0,129.0,97.0,64.0,0.0,20.5,6.4,39.9,61.8,5.7,0.12968422017409922,0.5168517436197158,0.5856273639035703,0.4224101785585194,0.6373531881079137,0.354354744253749,0.9641949455323362,0.2420194822139241,0.6252874839444111,0.15133175309907376,87.109375,High,0,0,1.0,16.0,0.7241379310344828,False
12086000410,12086000410,78,1646454.923076923,15053.166666666666,1780.6153846153845,1087.7307692307693,55986.442907391196,5576.561381531755,24.423076923076923,25.0,0.0,33.0,5.0,793.0,84.0,178.0,131.0,83.0,0.0,18.4,0.0,32.6,48.6,5.8,0.08852347233457762,0.4469223907225692,0.564140738777379,0.404317434896485,0.5643187855201384,0.2956479593333559,0.9622116558106264,0.19208571583396677,0.5883822011454396,0.11301981629098679,61.9140625,Moderate,0,0,1.0,13.8,0.6428571428571429,False
12086000411,12086000411,51,1638917.294117647,11304.78431372549,1953.8431372549019,1046.1960784313726,52442.1075172591,5142.457386556453,26.764705882352942,25.0,0.0,10.0,2.0,564.0,59.0,117.0,93.0,64.0,0.0,19.7,14.0,38.9,53.0,1.9,0.16333088775226476,0.44961376595019664,0.6185990003664366,0.443657749371707,0.6446206786171574,0.30758724371777074,0.9693227759778323,0.23545906573501774,0.625162794056666,0.14720024742087587,83.984375,High,0,0,1.0,23.6,0.6459854014598541,False
12086000416,12086000412,112,1495490.3125,10724.330357142857,1000.2946428571429,442.23214285714283,54175.24175495462,3950.924499834749,27.053571428571427,25.0,0.0,36.0,9.0,1018.0,107.0,234.0,171.0,106.0,0.0,25.0,29.3,53.4,46.5,10.5,0.2646898938529592,0.43429504804500213,0.6110864780466632,0.448510807489337,0.5147001707212975,0.39125592397007547,0.9749167361066641,0.3279729089115173,0.5967018480817928,0.19570204086826387,96.6796875,Critical,0,0,1.0,38.4,0.6281800391389432,False
12086000413,12086000413,87,1651832.9885057472,12879.448275862069,998.3448275862069,774.4367816091954,53824.78821840063,7197.298136071814,27.06896551724138,25.0,0.0,25.0,5.0,829.0,81.0,175.0,135.0,88.0,0.0,18.8,4.0,28.7,21.3,6.2,0.11055092158284836,0.41912954603526115,0.5949124507901015,0.4487694344109663,0.5791381803580654,0.22002103799239475,0.9697449261653365,0.16528597978762155,0.6023389075519462,0.09955817649892902,52.1484375,Moderate,0,0,1.0,11.5,0.6105527638190955,False
12086000414,12086000414,86,1687290.9302325582,14372.03488372093,6212.174418604651,3854.2093023255816,57519.367478071385,6884.9297171818325,24.651162790697676,25.0,0.0,12.0,5.0,929.0,122.0,181.0,143.0,75.0,0.0,36.0,9.8,26.9,53.2,0.5,0.2159707973761012,0.6830315455603028,0.5778249670183835,0.4081493698082946,0.6019635195543276,0.317001009895851,0.9431039186729311,0.26648590363597613,0.6428146641228478,0.1713010466392336,93.5546875,Critical,0,0,1.0,26.2,0.9172932330827067,False
12086000507,12086000501,155,1520070.2903225806,7639.509677419355,1882.0451612903225,1261.4645161290323,52639.80777014193,2011.574970494196,30.967741935483872,30.0,0.0,32.0,6.0,572.0,60.0,138.0,96.0,60.0,0.0,10.3,7.8,45.7,42.0,7.0,0.0883598540113783,0.05186695552440425,0.6797906928438461,0.5142704565753236,0.5637864186715187,0.2968027848301231,0.9763519780262796,0.1925813194207507,0.5572133003282744,0.10730887257601011,58.203125,Moderate,0,0,0.3,11.1,0.6122448979591837,False
12086000508,12086000503,177,1466461.3050847459,10254.610169491525,2165.937853107345,1586.2824858757062,112462.07821592584,3799.990029967255,28.70056497175141,25.0,0.0,39.0,10.0,1423.0,163.0,335.0,239.0,142.0,0.0,38.8,21.0,60.1,64.9,2.2,0.2898537061754356,0.4814253700722786,0.6159541145613028,0.4761809657655626,0.48726465451400586,0.4540478933234036,0.9694103885466074,0.3719507997494196,0.6060470986919514,0.22541970304428674,98.828125,Critical,0,0,1.0,50.8,0.6829608938547487,False
12086000504,12086000504,97,1541581.969072165,8662.58762886598,1661.1340206185566,1032.5257731958764,32109.69909980915,2417.7429546677126,29.123711340206185,30.0,0.0,16.0,6.0,631.0,74.0,150.0,105.0,57.0,0.0,19.7,9.9,38.8,58.7,3.7,0.14438145183660636,0.506011878893235,0.6582165066514899,0.48328999605753753,0.5938187097064044,0.33086664353497397,0.9755503502473404,0.23762404768579015,0.6433774883112016,0.15288196296242484,87.5,High,0,0,1.0,24.2,0.7115384615384616,False
12086000505,12086000505,102,1353580.137254902,6454.980392156863,2145.6960784313724,1771.6274509803923,143991.69017105675,2669.1623708549396,32.009803921568626,30.0,0.00980392156862745,24.0,2.0,222.0,24.0,54.0,38.0,22.0,0.0,17.9,10.5,52.0,41.3,1.3,0.1386814538250315,0.4372192747703335,0.6899330675659189,0.5317775197984925,0.6271318822023046,0.3055897436331426,0.9766299565143064,0.22213559872908706,0.6525383401702711,0.14495199488740787,83.0078125,High,0,0,1.0,27.799999999999997,0.631578947368421,False
12086000601,12086000601,67,1380273.7611940298,9547.373134328358,1441.2835820895523,908.2985074626865,14299.17315694895,1591.2512023449567,28.432835820895523,30.0,0.0,5.0,2.0,48.0,6.0,17.0,7.0,0.0,0.0,17.1,5.1,32.7,39.4,0.9,0.10819788351630422,0.5391019922688076,0.618059004389404,0.47168300764665066,0.6701828374553541,0.24369788768152734,0.974755707354092,0.17594788559891578,0.6547565098228617,0.11520302348545824,63.8671875,Moderate,0,0,1.0,25.4,0.75,False
12086000602,12086000602,63,1365776.142857143,9564.42857142857,1318.6349206349207,885.1111111111111,16053.97498346084,1859.4539409529198,28.253968253968253,30.0,0.0,9.0,1.0,182.0,19.0,42.0,29.0,22.0,0.0,10.0,3.2,18.7,30.0,2.7,0.06436001483762253,0.05203687184061849,0.6156733257764656,0.46867796011148855,0.6673827273850439,0.16999060627602314,0.9751517399639777,0.11717531055682284,0.5557845250155189,0.0651242243213697,18.359375,Low,0,0,0.3,14.9,0.6129032258064516,False
12086000603,12086000603,77,1354206.1818181819,14436.90909090909,3648.896103896104,2472.909090909091,22697.62697469273,1943.329760338236,24.545454545454547,25.0,0.0,17.0,3.0,425.0,47.0,110.0,72.0,38.0,0.0,14.2,4.9,30.5,43.3,3.4,0.09113162393249241,0.4452463979671831,0.5344528698119863,0.4063734284944434,0.6256971353640182,0.25166341751012716,0.9542578422250514,0.1713975207213098,0.5932055347725365,0.10167395793817147,53.90625,Moderate,0,0,1.0,21.2,0.640909090909091,False
12086000612,12086000604,90,1334462.2333333334,11564.444444444445,3389.8888888888887,2067.988888888889,41312.03872014307,2598.559904164341,26.444444444444443,25.0,0.0,20.0,3.0,283.0,34.0,82.0,50.0,17.0,0.0,19.6,7.1,40.0,68.8,2.9,0.12840641249634957,0.48280438327076936,0.5744916844397248,0.43827722756371634,0.6240294718871441,0.3549573857802151,0.9618457864895098,0.2416818991382823,0.6162897107301728,0.1489460677086508,84.9609375,High,0,0,1.0,21.2,0.6845637583892618,False
12086000605,12086000605,73,1257873.2328767122,16447.068493150684,2703.3972602739727,2396.205479452055,17088.6164062842,9024.265293776869,25.0,25.0,0.0,18.0,4.0,477.0,54.0,120.0,88.0,46.0,0.0,18.4,10.0,47.5,45.8,5.4,0.13536527062048406,0.4425674489172351,0.49499647310031936,0.4140099761440034,0.6129239672484668,0.3272467147354524,0.9532765536653807,0.23130599267796825,0.583554883815081,0.13497974168292376,76.953125,High,0,0,1.0,15.5,0.6377952755905512,False
12086000607,12086000607,65,1298166.6,13470.507692307692,3510.5846153846155,2095.1384615384613,16038.15762077274,1318.526416154092,25.0,25.0,0.0,8.0,2.0,238.0,25.0,61.0,37.0,22.0,0.0,17.5,9.7,45.9,62.0,7.5,0.13023125338948258,0.43155912379819616,0.539675571454783,0.4140099761440034,0.6584657546555248,0.3715326156866728,0.9575827455109016,0.25088193453807767,0.6002586343126819,0.15059404739955015,86.328125,High,0,0,1.0,24.4,0.625,False
12086000610,12086000608,60,1273298.15,14300.2,3179.75,2285.0666666666666,24745.882229496296,2707.6240181621993,24.666666666666668,25.0,0.0,1.0,2.0,121.0,14.0,30.0,18.0,10.0,0.0,21.6,6.0,34.0,32.0,1.8,0.13198757655404514,0.5168517436197158,0.5243853857745975,0.4084098412009928,0.6759277214322618,0.24689708540672287,0.9564317141597473,0.189442330980384,0.6164012812374631,0.11677249553692023,64.6484375,Moderate,0,0,1.0,32.900000000000006,0.7241379310344828,False
12086000705,12086000705,31,1512344.7419354839,19272.90322580645,4881.677419354839,4557.129032258064,28446.84972947238,2736.4090502559334,17.903225806451612,20.0,0.0,9.0,4.0,386.0,43.0,103.0,58.0,30.0,0.0,18.1,15.6,45.3,38.0,3.2,0.15762985649687167,0.4749141021868719,0.49996079149348216,0.29478129671216324,0.6335762040344137,0.2894728388792977,0.9354887625927102,0.22355134768808468,0.5677442314039283,0.12691998807248397,71.2890625,High,0,0,1.0,31.5,0.675392670157068,False
12086000714,12086000706,35,1429283.0857142857,20288.82857142857,5040.5142857142855,3685.3714285714286,40181.11365933253,2217.879823372846,18.285714285714285,20.0,0.0,9.0,5.0,364.0,42.0,87.0,55.0,39.0,0.0,20.0,5.8,55.2,57.4,2.5,0.12064020124142168,0.4927575517124115,0.47911502458617594,0.30120725800621695,0.6250316030954467,0.367074918474888,0.9351953584606331,0.24385755985815483,0.5666613591721769,0.1381846563136325,79.4921875,High,0,0,1.0,35.9,0.6961325966850829,False
12086000715,12086000707,49,1332474.6530612244,19882.530612244896,3945.673469387755,2531.795918367347,44993.49050767936,2653.4275875902554,20.612244897959183,20.0,0.0,13.0,4.0,339.0,40.0,81.0,52.0,34.0,0.0,15.0,8.9,31.4,53.6,2.9,0.11260143616233476,0.512055282833085,0.46946968089495994,0.340293914139067,0.6270443173394433,0.2796857700596911,0.942271432320793,0.19614360311101292,0.5782269255054697,0.11341551258444608,62.109375,Moderate,0,0,1.0,17.3,0.718562874251497,False
12086000718,12086000708,79,1342687.012658228,17680.12658227848,4632.113924050633,2966.73417721519,82170.0734756092,4404.163919511324,22.21518987341772,25.0,0.0,19.0,5.0,606.0,69.0,147.0,101.0,61.0,0.0,17.2,16.9,31.2,70.8,2.1,0.16086796555505609,0.4701910280060857,0.4936351781516897,0.36722403864543324,0.5978200603140373,0.32460555160624216,0.9435071293551677,0.24273675858064914,0.5744754868944828,0.13944631757280693,80.2734375,High,0,0,1.0,18.0,0.6699029126213593,False
12086000719,12086000709,74,1408787.1486486488,20863.68918918919,6719.9324324324325,3723.2027027027025,78785.48912019965,2088.18088838617,20.33783783783784,20.0,0.0,8.0,2.0,294.0,32.0,67.0,50.0,32.0,0.0,26.3,19.0,43.5,75.0,7.3,0.21038756855250298,0.44815970081043827,0.4709235504735803,0.3356837644410839,0.6567706718781589,0.42284880561479526,0.9288634373178941,0.31661818708364914,0.568080224984231,0.17986453095257876,94.7265625,Critical,0,0,1.0,35.8,0.6442953020134229,False
12086000710,12086000710,46,1382949.9347826086,22430.652173913044,8552.08695652174,4498.260869565217,35821.37772237388,2790.336333510045,20.0,20.0,0.0,6.0,2.0,294.0,34.0,68.0,49.0,32.0,0.0,23.2,14.5,67.5,48.7,1.8,0.1730793410266581,0.48280438327076936,0.4533498593108322,0.3300079519988433,0.6607479446054315,0.38487721641108974,0.9181927905923506,0.27897827871887393,0.5690205859556453,0.15874438362551097,90.0390625,Critical,0,0,1.0,33.3,0.6845637583892618,False
12086000711,12086000711,82,1295656.4024390243,18177.378048780487,6801.365853658536,4833.158536585366,34106.369299756145,3180.561824895301,21.70731707317073,20.0,0.0,12.0,1.0,187.0,23.0,41.0,30.0,24.0,0.0,26.5,11.8,53.1,56.7,1.2,0.17832028628960245,0.5187254487691129,0.4813834326940285,0.3586915699996297,0.6612654716175843,0.37237513117362314,0.9311764297107179,0.2753477087316128,0.5902484705582147,0.16252356395054324,90.625,Critical,0,0,1.0,28.4,0.7263157894736841,False
12086000712,12086000712,36,1361458.75,18429.722222222223,9320.277777777777,3638.527777777778,33295.64974276455,8589.455630883755,23.47222222222222,25.0,0.0,3.0,3.0,751.0,87.0,167.0,125.0,76.0,0.0,20.8,5.0,41.7,76.2,8.9,0.11946717554257513,0.5040336655936083,0.48829328988525794,0.3883426909885378,0.6436702411438326,0.412704875709466,0.9261021359889545,0.2660860256260206,0.5900884047200383,0.15701427837995371,89.453125,High,0,0,1.0,23.3,0.7092391304347826,False
12086000804,12086000804,55,1262033.6,26282.47272727273,4216.090909090909,2974.6363636363635,21600.613465739698,9729.481238986895,19.727272727272727,20.0,0.0,22.0,8.0,1334.0,154.0,314.0,220.0,139.0,0.0,19.5,8.3,40.9,49.3,5.3,0.1289178780665296,0.4844516787220779,0.40503861513437034,0.3254260234091073,0.5421864961700025,0.32076681843313815,0.9274667486800691,0.22484234824983387,0.5369139124231255,0.12072098487722119,67.7734375,Moderate,0,0,1.0,28.799999999999997,0.6864784546805349,False
12086000805,12086000805,76,1265865.0263157894,18143.697368421053,3031.2368421052633,2482.842105263158,22796.046387022903,1953.8450707582517,21.776315789473685,20.0,0.0,16.0,2.0,124.0,14.0,31.0,25.0,8.0,0.0,16.4,3.0,43.8,60.8,9.2,0.09201958526737314,0.458444840915849,0.47724608830213994,0.35985077636620283,0.646007367971786,0.36828670435440003,0.9486555182203418,0.23015314481088658,0.5780409183552639,0.13303793518883694,75.78125,High,0,0,1.0,15.9,0.65625,False
12086000806,12086000806,73,1228403.0,22067.383561643837,4074.4794520547944,3119.5342465753424,41065.57115523364,5860.625380523578,21.095890410958905,20.0,0.0,20.0,5.0,700.0,75.0,179.0,120.0,67.0,0.0,22.8,21.8,51.5,49.8,4.1,0.2087260684834994,0.42274413457929355,0.4336023316691508,0.3484193545512072,0.5929861064312509,0.35464539904990805,0.9359913384910287,0.2816857337667037,0.5467486531443863,0.1540112955469334,88.28125,High,0,0,1.0,32.4,0.6147540983606558,False
12086000807,12086000807,21,1293478.619047619,18257.904761904763,5045.571428571428,3498.9523809523807,23782.423262729484,2942.6101832346376,22.142857142857142,20.0,0.0,5.0,2.0,105.0,13.0,26.0,16.0,9.0,0.0,22.8,15.3,41.8,56.4,3.0,0.1790196637553894,0.5517540944418208,0.48020400276928965,0.3660088194896262,0.668457485342678,0.33898684540130664,0.9397357677448264,0.25900325457834805,0.6012320339576481,0.15572105355179075,88.671875,High,0,0,1.0,35.099999999999994,0.7647058823529411,False
12086000808,12086000808,57,1298790.7192982456,21164.0,6748.964912280701,4911.7192982456145,39014.67331601679,7796.692955074882,20.87719298245614,20.0,0.0,7.0,3.0,292.0,34.0,67.0,46.0,34.0,0.0,17.4,9.9,50.5,58.5,7.5,0.1262809609522505,0.4908174390779209,0.45244952568617064,0.34474514921729243,0.6496093205966259,0.3750372008395112,0.925135245071432,0.25065908089588085,0.5725513359298884,0.14351519162989454,82.421875,High,0,0,1.0,25.7,0.6938775510204082,False
12086000908,12086000901,113,1364427.5132743362,11092.424778761062,1891.4513274336284,1274.5221238938052,43625.63925935949,4342.7816768693265,27.300884955752213,25.0,0.0,18.0,3.0,589.0,67.0,133.0,103.0,54.0,0.0,12.4,3.5,41.5,62.4,6.6,0.07706369088370794,0.4901514452408052,0.5868376184293238,0.45266577486567006,0.6187443280095244,0.3405727192715209,0.9693546023107918,0.20881820507761442,0.623550753771223,0.1302087491773003,73.046875,High,0,0,1.0,23.6,0.693103448275862,False
12086000904,12086000902,161,1374602.3043478262,16373.689440993789,2006.5217391304348,1497.5465838509317,57070.137313445644,12935.238812656313,25.74534161490683,25.0,0.0,27.0,6.0,1161.0,130.0,254.0,201.0,124.0,0.0,6.5,5.5,27.8,64.4,3.8,0.05746971483906788,0.4733503939292628,0.5130118124203267,0.4265320170103627,0.555900961992048,0.2760116053394717,0.9578285806511314,0.1667406600892698,0.5853247532006263,0.09759743571526136,49.8046875,Moderate,0,0,1.0,29.200000000000003,0.6735751295336787,False
12086000903,12086000903,186,1313922.6451612904,28764.983870967742,3917.3333333333335,2738.032258064516,58170.562976733956,16063.764077247528,21.102150537634408,20.0,0.0,27.0,8.0,1270.0,153.0,278.0,193.0,126.0,0.0,47.5,9.0,53.4,66.7,2.5,0.261026830677509,0.5553144850030708,0.39538212488606417,0.34852452721363664,0.5341805518116675,0.4679122547194295,0.9239887811593239,0.3644695426984692,0.5514780940147526,0.20099696873378028,97.0703125,Critical,0,0,1.0,40.5,0.7688442211055276,False
12086001007,12086001002,131,1596184.6717557253,14811.748091603053,1973.6564885496184,879.2824427480916,44446.16788853729,8360.920375674063,25.763358778625953,25.0,0.0,25.0,7.0,1123.0,115.0,240.0,194.0,123.0,0.0,21.0,6.6,28.9,51.9,15.9,0.13284504526809388,0.4267322446029263,0.5612725192533725,0.4268347126547149,0.5518179431453152,0.35379608848718735,0.9626452555658975,0.24332056687764061,0.5858605350444452,0.14255191749825225,81.640625,High,0,0,1.0,14.9,0.6193895870736087,False
12086001003,12086001003,136,1500095.5220588236,13553.27205882353,2309.389705882353,1784.2794117647059,47833.12021941955,4392.356565615979,25.99264705882353,25.0,0.0,22.0,8.0,941.0,94.0,201.0,160.0,102.0,0.0,13.7,5.3,36.5,38.8,2.9,0.09137524979854822,0.4178549569736473,0.5664338274165353,0.43068684858458667,0.5540823449468743,0.2527049840334902,0.9618447347215604,0.1720401169160192,0.5861805425286407,0.10084656907052292,53.515625,Moderate,0,0,1.0,26.4,0.6090712742980561,False
12086001004,12086001004,163,1532105.6257668713,20649.883435582822,1675.478527607362,1197.8343558282209,86115.75799698991,10159.65350847433,23.558282208588956,25.0,0.0,34.0,9.0,1683.0,177.0,359.0,262.0,182.0,0.0,17.7,24.8,52.9,40.1,8.5,0.20208893347045584,0.4627639660816987,0.48913233158342706,0.38978853359907994,0.4985483354673495,0.3416553778364533,0.9510067457433216,0.2718721556534546,0.5582479824949754,0.15177208239010095,87.3046875,High,0,0,1.0,18.3,0.6612702366127023,False
12086001005,12086001005,22,1654009.1363636365,12123.227272727272,3498.5,2662.5454545454545,41719.814306183376,6318.640766522783,27.045454545454547,27.5,0.0,12.0,2.0,522.0,58.0,111.0,83.0,51.0,0.0,36.2,34.3,44.3,45.3,10.0,0.33800361376233107,0.5048638545516333,0.6068615693240388,0.44837444056702347,0.6419147179729092,0.3944357001004254,0.9588755000349817,0.36621965693137826,0.6321780164901173,0.23151601631856994,99.21875,Critical,0,0,1.0,46.8,0.710204081632653,False
12086001006,12086001006,91,1680374.5934065934,21419.86813186813,1282.021978021978,959.3186813186813,28785.51672281585,7027.596034695082,22.47252747252747,20.0,0.0,8.0,3.0,333.0,37.0,70.0,56.0,37.0,0.0,38.1,32.2,45.3,48.7,10.9,0.334367869127321,0.47972249434024905,0.49990990517202966,0.37154741448820816,0.6463796414852752,0.4160161205330445,0.9512599406182675,0.37519199483018273,0.5897638792208059,0.2212746863236411,98.2421875,Critical,0,0,1.0,39.1,0.6809815950920245,False
12086001101,12086001101,75,1629269.8933333333,18644.97333333333,2845.16,2203.24,57450.839698794414,2974.842080629606,21.6,20.0,0.0,11.0,3.0,611.0,70.0,139.0,106.0,63.0,0.0,7.1,3.2,18.5,64.1,2.4,0.04886969267443355,0.06982402076068445,0.5207554823907397,0.3568885997252946,0.6319988571781566,0.24444436715073964,0.9489260713482245,0.14665702991258658,0.5056786062806199,0.07416132248745197,27.5390625,Low,0,0,0.3,9.5,0.6818181818181818,False
12086001102,12086001102,73,1678036.7534246575,15719.890410958904,2864.8356164383563,2435.904109589041,29025.073042199638,4501.494682515167,23.63013698630137,25.0,0.0,10.0,2.0,415.0,50.0,91.0,72.0,42.0,0.0,12.4,5.7,17.7,38.1,7.0,0.0863503342062831,0.08270055046670004,0.5594368747736661,0.3909957229535486,0.6491308095783633,0.21693357085632398,0.9541473392959458,0.15164195253130353,0.5272822594136447,0.07995811135260238,32.03125,Low,0,0,0.3,10.6,0.7317073170731708,False
12086001103,12086001103,89,1704196.0786516855,14361.58426966292,2536.5280898876404,1418.3370786516855,20376.306870092958,3131.297011292854,24.9438202247191,25.0,0.0,5.0,1.0,187.0,21.0,47.0,32.0,17.0,0.0,30.9,6.3,37.7,41.3,10.5,0.17864726167918768,0.458444840915849,0.579892305238372,0.41306613317608026,0.6751859261630387,0.35310657899190956,0.9604691488128371,0.2658769203355486,0.6174116708612354,0.16415551362781064,91.2109375,Critical,0,0,1.0,11.8,0.65625,False
12086001104,12086001104,146,1607320.404109589,26878.424657534248,2326.3561643835615,1759.9246575342465,45433.766295121364,7025.640186155198,20.71917808219178,20.0,0.0,27.0,5.0,846.0,100.0,195.0,145.0,85.0,0.0,1.0,3.2,3.2,54.4,5.2,0.019636903390595744,0.0760350527365273,0.4474462718365491,0.3420904349238321,0.5746463289305208,0.17460700946706836,0.9350906376474163,0.09712195642883205,0.47506174521496913,0.046138926119773147,8.984375,Low,0,0,0.3,2.6,0.7058823529411765,False
12086001209,12086001203,111,1333875.198198198,17210.945945945947,5413.891891891892,3956.6846846846847,50239.94395115214,6152.36832127986,22.65765765765766,25.0,0.0,12.0,5.0,451.0,56.0,100.0,73.0,43.0,0.0,22.3,14.9,26.0,44.2,2.5,0.17475718478222851,0.5630004074844992,0.4975607114666644,0.37465767654446896,0.6164322618325584,0.2612805953307832,0.9395547568937017,0.21801889005650585,0.5982411628443784,0.13042787430944475,73.2421875,High,0,0,1.0,23.299999999999997,0.7777777777777778,False
12086001204,12086001204,46,1213042.4782608696,17762.717391304348,4350.369565217391,2773.608695652174,57354.97975347683,6797.456908982109,22.717391304347824,20.0,0.0,15.0,5.0,435.0,48.0,98.0,75.0,53.0,0.0,24.0,8.4,20.1,70.9,5.1,0.15303930798368798,0.44202789860506975,0.4731096309085339,0.3756612259907781,0.610950662106611,0.33046466774990696,0.9446870863190616,0.24175198786679747,0.5692873007860109,0.13762633663234158,79.1015625,High,0,0,1.0,18.0,0.6371681415929203,False
12086001205,12086001205,96,1471325.6979166667,21928.791666666668,4289.5625,3125.8645833333335,67090.68890093855,10821.462195117203,22.65625,25.0,0.0,36.0,5.0,703.0,83.0,153.0,118.0,69.0,0.0,12.0,9.8,8.5,40.8,2.5,0.10198071274664881,0.08286718790995437,0.4696952265702056,0.37463402732595963,0.5610771166071388,0.17411858659715873,0.9356028692353102,0.13804964967190378,0.4847752855297138,0.06692305833697411,20.8984375,Low,0,0,0.3,6.1,0.7323529411764707,False
12086001206,12086001206,60,1353142.8,19083.316666666666,2940.6666666666665,1932.7833333333333,77752.99534843813,14543.960948945898,25.0,25.0,0.0,6.0,5.0,349.0,39.0,79.0,59.0,36.0,0.0,5.9,3.9,7.9,60.3,4.4,0.04647394290699277,0.06739672090805625,0.48037375856527675,0.4140099761440034,0.6314515522160074,0.21275015345903434,0.948447814428424,0.12961204818301356,0.5083359644523535,0.0658864655177571,19.921875,Low,0,0,0.3,10.6,0.6724137931034483,False
12086001301,12086001301,74,1484318.2027027027,33021.59459459459,3735.7702702702704,2711.527027027027,76955.86506972412,19374.901425763503,22.027027027027028,20.0,0.0,23.0,6.0,1130.0,130.0,241.0,188.0,116.0,0.0,9.8,21.5,11.2,56.1,7.5,0.1433627508368854,0.07854225830475739,0.3922773622043351,0.3640628266522866,0.5647938568412066,0.23897737551200027,0.9160559158906415,0.19117006317444285,0.46314644397864546,0.08853973495441621,41.015625,Moderate,0,0,0.3,18.4,0.7155963302752294,False
12086001302,12086001302,83,1472721.2048192772,57873.75903614458,4120.180722891566,2943.3253012048194,57145.274396896246,20396.631329701606,18.91566265060241,20.0,0.0,13.0,4.0,743.0,88.0,167.0,126.0,73.0,0.0,4.9,10.5,5.3,49.5,2.7,0.06655744495432185,0.0800173537483609,0.28231746471648217,0.31179064555772423,0.6148155058741603,0.1668685538742764,0.8643824020041798,0.11671299941429913,0.43066467438018147,0.050264165888693445,10.546875,Low,0,0,0.3,8.0,0.7213114754098361,False
12086001401,12086001401,66,1660578.3636363635,23286.409090909092,1812.1515151515152,1357.1515151515152,38439.32476499569,3836.9013819337756,22.196969696969695,20.0,0.0,14.0,4.0,554.0,66.0,127.0,90.0,50.0,0.0,36.1,28.0,51.1,59.5,6.2,0.30283737780812825,0.531851911248317,0.481471656215972,0.36691793230505,0.6185477738841342,0.42855640917143406,0.9448904143779353,0.3656968934897812,0.5887359376062816,0.21529890346841082,98.046875,Critical,0,0,1.0,40.3,0.7415730337078652,False
12086001402,12086001402,71,1600057.0,38018.80281690141,2565.7323943661972,2011.6338028169014,44559.66988945438,9117.279715885994,19.64788732394366,20.0,0.0,24.0,5.0,1178.0,138.0,262.0,198.0,117.0,0.0,19.1,21.4,33.9,57.8,1.2,0.18454768710030428,0.5111445741222015,0.37955338762107915,0.324092316495663,0.5705628186984748,0.3005233844487322,0.9113466029644655,0.24253553577451825,0.5393399399803768,0.1308091013077372,74.0234375,High,0,0,1.0,27.700000000000003,0.7175043327556325,False
12086001501,12086001501,77,1489660.5064935065,16663.194805194806,2473.7272727272725,867.7272727272727,27161.982853179226,4276.398254061597,24.935064935064936,25.0,0.0,15.0,5.0,678.0,77.0,162.0,109.0,77.0,0.0,39.7,48.5,75.2,42.6,15.6,0.42223242425973684,0.4649344967718342,0.5251601804845722,0.41291904076549485,0.6035952136262551,0.5114603297112488,0.9574431389109679,0.4668463769854928,0.5928104141118249,0.2767513940673751,99.609375,Critical,0,0,1.0,36.8,0.6637931034482759,False
12086001502,12086001502,142,1434184.3169014084,23199.73943661972,2982.218309859155,1461.394366197183,26519.71279472063,16294.757484253405,23.943661971830984,25.0,0.0,29.0,8.0,1660.0,175.0,365.0,274.0,182.0,0.0,30.1,17.5,58.2,59.9,5.4,0.22401950607130322,0.44400318287823026,0.4538648823170447,0.3962630696344625,0.5183982383134533,0.4267997715040114,0.941258428871022,0.3254096387876573,0.5507575604028425,0.1792218187902603,94.53125,Critical,0,0,1.0,36.6,0.6394640682095005,False
12086001607,12086001602,129,1431468.465116279,21933.736434108527,4211.767441860465,2911.5426356589146,44423.90873660516,4587.5778970215115,21.007751937984494,20.0,0.0,29.0,7.0,669.0,70.0,158.0,115.0,73.0,0.0,16.7,9.5,61.8,47.4,2.1,0.1226652514049805,0.4160182468515759,0.46434388873224336,0.3469385925242244,0.557605675921558,0.3481208354490369,0.9363759649235153,0.23539304342700867,0.5442564737906234,0.12811418777042682,72.0703125,High,0,0,1.0,22.6,0.6069364161849711,False
12086001603,12086001603,51,1330080.9607843137,20020.019607843136,3453.9803921568628,2941.6470588235293,19610.2379373232,2161.7090783932613,20.0,20.0,0.0,17.0,4.0,245.0,30.0,63.0,47.0,19.0,0.0,10.2,14.7,22.2,24.2,3.5,0.11733320731716762,0.07391656120988321,0.46779030307382086,0.3300079519988433,0.6219350894040478,0.16977737494781264,0.9424354001378925,0.14355529113249013,0.48721706116489755,0.06994258706024312,23.2421875,Low,0,0,0.3,19.2,0.6976744186046512,False
12086001605,12086001605,26,1375810.2692307692,15322.615384615385,7101.576923076923,4104.115384615385,33972.85546733765,2666.635799308531,23.653846153846153,25.0,0.0,10.0,4.0,300.0,35.0,76.0,51.0,25.0,0.0,28.6,30.3,57.0,46.3,0.0,0.27620134253801765,0.4881606335195707,0.5260042104536304,0.3913940465664603,0.6341907305074466,0.3571176855895196,0.9378653396876663,0.31665951406376863,0.5955229921469549,0.18857802130705625,95.3125,Critical,0,0,1.0,39.5,0.6907894736842105,False
12086001606,12086001606,31,1331559.5161290322,19781.16129032258,4522.5161290322585,3872.1612903225805,22432.539784683275,2188.3535225792352,20.161290322580644,20.0,0.0,12.0,5.0,517.0,59.0,128.0,88.0,52.0,0.0,17.7,18.7,44.7,42.8,1.6,0.17058947090299562,0.4620563551555338,0.4703247865317038,0.3327176947132033,0.6144344857020914,0.29036655044401566,0.9373047851812947,0.23047801067350565,0.5633676214567653,0.12984384867121984,72.8515625,High,0,0,1.0,29.4,0.6604477611940299,False
12086001701,12086001701,130,1399104.1153846155,25501.423076923078,5763.546153846154,4084.3615384615387,45373.73023856178,13223.383751043842,20.615384615384617,20.0,0.0,20.0,4.0,675.0,75.0,150.0,117.0,74.0,0.0,26.2,8.1,38.6,52.7,12.1,0.15804040509781334,0.4615197469791583,0.4307967482569376,0.34034666266286306,0.6029533661297931,0.37823164471976806,0.9215183970717977,0.2681360249087907,0.5514269842201099,0.14785743957622272,84.765625,High,0,0,1.0,27.0,0.6598240469208211,False
12086001702,12086001702,58,1482971.103448276,48079.81034482759,9082.01724137931,3342.7241379310344,39120.59082747685,29673.344145088762,19.82758620689655,20.0,0.0,14.0,4.0,878.0,100.0,186.0,141.0,99.0,0.0,22.2,10.8,35.5,74.4,10.6,0.14322386475127905,0.4997200967725274,0.31949042186230914,0.3271113304765964,0.6087405092436597,0.40426900804531557,0.8680234227350246,0.2737464363982973,0.5246171562180235,0.14361207698809278,82.6171875,High,0,0,1.0,24.9,0.704225352112676,False
12086001705,12086001703,150,1479247.3866666667,31833.773333333334,14775.94,3886.0733333333333,30674.622135431437,7258.7883768543115,19.533333333333335,20.0,0.0,28.0,4.0,995.0,106.0,228.0,173.0,116.0,0.0,16.6,6.1,49.9,40.9,4.2,0.10011172136450625,0.42303057910323466,0.3986961968892844,0.3221677630786284,0.5773580879214681,0.30994538268846683,0.882041597925165,0.20502855202648654,0.5206588449835561,0.10674992908676141,57.8125,Moderate,0,0,1.0,26.6,0.6150870406189555,False
12086001801,12086001801,76,1432539.0131578948,32127.105263157893,3844.3684210526317,2899.4868421052633,19345.169663764347,19681.327044403584,22.763157894736842,25.0,0.0,22.0,7.0,853.0,86.0,188.0,143.0,94.0,0.0,31.6,20.8,23.9,52.8,5.8,0.24026546175707666,0.41612355914712007,0.39072241541543856,0.3764301232369581,0.5659565727699529,0.32200341784863973,0.9170437471644146,0.2811344398028582,0.533255283546777,0.14991642541183745,85.7421875,High,0,0,1.0,31.599999999999998,0.6070588235294118,False
12086001802,12086001802,66,1488165.0303030303,73002.4696969697,2993.060606060606,1625.8181818181818,43920.523297278174,50735.97477627751,20.454545454545453,20.0,0.0,23.0,7.0,1472.0,166.0,318.0,243.0,182.0,0.0,28.5,13.0,41.5,63.9,5.5,0.1744600447554025,0.47049456339253604,0.23945083531701278,0.3376444996484033,0.5452312178493608,0.3869379647495571,0.8407713000260362,0.2806990047524798,0.48671848324666983,0.13662139384197672,78.3203125,High,0,0,1.0,29.1,0.6702557200538358,False
12086001803,12086001803,53,1504737.7924528301,70425.22641509434,4366.830188679245,2272.3584905660377,50579.11001983333,33093.40909319088,19.433962264150942,20.0,0.0,11.0,5.0,863.0,91.0,188.0,151.0,99.0,0.0,26.8,31.1,59.7,39.1,5.3,0.24322049004032814,0.43008593381914667,0.2485377016764909,0.32049828888807047,0.605949932048431,0.3684768621012604,0.8401398619700453,0.30584867607079425,0.48904234368043686,0.14957295335721996,85.546875,High,0,0,1.0,63.3,0.6232876712328768,False
12086001901,12086001901,83,1613004.9759036144,34826.5421686747,3299.253012048193,1112.6626506024097,51387.90168806133,12054.46136853054,21.746987951807228,20.0,0.0,28.0,5.0,1145.0,135.0,257.0,179.0,126.0,0.0,36.8,25.5,52.0,54.6,12.2,0.28590616406457203,0.5138428131974185,0.3980610026265637,0.3593580568206462,0.5636071613091628,0.4518704929871478,0.9178368027755122,0.36888832852585995,0.5505411673458607,0.20308821100689028,97.265625,Critical,0,0,1.0,37.400000000000006,0.7206405693950177,False
12086001903,12086001903,41,1491602.487804878,19509.48780487805,3779.8048780487807,1590.878048780488,24411.253829045672,7004.332431152707,24.634146341463413,25.0,0.0,10.0,7.0,620.0,66.0,142.0,98.0,71.0,0.0,24.2,33.7,45.8,50.9,7.4,0.2738458529288184,0.44158723693532703,0.49493366161835844,0.40786348657240634,0.5968729642608441,0.3630928940568475,0.9459269531219979,0.318469373492833,0.5774368605017868,0.18389595519567245,94.921875,Critical,0,0,1.0,46.900000000000006,0.6366559485530546,False
12086001904,12086001904,73,1547264.6849315069,43993.849315068495,2478.5479452054797,1185.041095890411,54474.03091481007,16920.63079881352,20.684931506849313,20.0,0.0,21.0,7.0,1147.0,122.0,246.0,174.0,125.0,0.0,29.6,19.7,36.5,71.0,12.3,0.22227425548694538,0.4716163757239469,0.34485773229472577,0.3415150785940707,0.5590460245524181,0.42948379540299925,0.9017211175940988,0.3258790254449723,0.5237512657518522,0.1706795520587843,93.1640625,Critical,0,0,1.0,33.1,0.671559633027523,False
12086002001,12086002001,94,1622280.744680851,49562.28723404255,3908.244680851064,2721.1063829787236,44293.89115188427,17320.371546476916,18.98936170212766,20.0,0.0,16.0,5.0,944.0,112.0,224.0,169.0,88.0,0.0,40.5,31.4,45.4,54.7,16.1,0.31718178145212533,0.4948327865366225,0.33097402738869086,0.3130288194588641,0.5935549340701305,0.46536243131015653,0.8822859011185683,0.39127210638114096,0.5229352937145753,0.20460999387274248,97.4609375,Critical,0,0,1.0,45.6,0.6985446985446985,False
12086002003,12086002003,43,1621179.6976744186,37875.232558139534,3914.279069767442,2440.5581395348836,24981.912098017812,9520.2207978527,20.813953488372093,20.0,0.0,15.0,5.0,631.0,77.0,154.0,115.0,62.0,0.0,47.7,29.9,45.6,66.0,8.2,0.3517061983711393,0.4942653884955619,0.3828193098626336,0.3436827001154973,0.6050178723858302,0.4749314094535279,0.9064592741524209,0.4133188039123336,0.5464489090023887,0.22585760946806693,99.0234375,Critical,0,0,1.0,43.8,0.6978851963746224,False
12086002004,12086002004,71,1554675.014084507,76048.4647887324,4451.507042253521,4018.323943661972,45552.753903419616,12835.195554001377,16.12676056338028,15.0,0.0,19.0,4.0,952.0,116.0,225.0,167.0,91.0,0.0,28.4,31.7,34.4,66.3,9.7,0.24765020714801617,0.5137192034372349,0.24000071252520905,0.2649359614638601,0.59655739661253,0.3949656618485043,0.8241271452513017,0.32130793449826023,0.4878680838580271,0.1567558863320467,89.0625,High,0,0,1.0,36.3,0.7204968944099379,False
12086002100,12086002100,85,1483771.7764705883,81731.77647058823,4042.7176470588233,3314.070588235294,80259.87623478654,33823.725459877336,16.470588235294116,15.0,0.011764705882352941,19.0,5.0,1109.0,130.0,252.0,193.0,121.0,0.0,10.1,10.0,2.9,42.7,7.7,0.08198266717248845,0.07168952506438284,0.21704972712537066,0.2707124055434361,0.5825945846530539,0.18475812881531883,0.8157479320645616,0.13337039799390366,0.391558834890161,0.052222357647329985,11.328125,Low,0,0,0.3,8.0,0.6890459363957597,False
12086002201,12086002201,58,1562540.7413793104,94971.31034482758,5726.793103448276,4861.172413793103,50771.675617090135,19136.352669224707,14.051724137931034,15.0,0.0,14.0,3.0,598.0,72.0,139.0,99.0,56.0,0.0,17.0,5.0,16.6,59.2,6.1,0.08581174162624046,0.5259334777622022,0.19803082305143116,0.23007450948132524,0.6264264494462789,0.2758302246595128,0.7801067420567315,0.18082098314287662,0.47211440035959373,0.0853681900289314,37.890625,Low,0,0,1.0,9.8,0.7346938775510204,False
12086002202,12086002202,89,1588014.4157303371,56668.49438202247,2674.3595505617977,1965.2359550561798,42420.397266208274,19996.15737865403,19.382022471910112,20.0,0.0,15.0,3.0,428.0,50.0,105.0,79.0,42.0,0.0,24.4,11.5,37.4,46.0,12.4,0.1568249554799392,0.464868861820067,0.3009521704711779,0.3196256793516887,0.6295836000853606,0.3543569231463616,0.8736766322002185,0.25559093931315036,0.5177413887857025,0.1323300078810327,75.1953125,High,0,0,1.0,27.700000000000003,0.6637168141592921,False
12086002300,12086002300,132,1512549.5075757576,62548.492424242424,965.8030303030303,675.9545454545455,63000.667947809685,24802.65968023758,19.583333333333332,20.0,0.0,22.0,6.0,960.0,104.0,206.0,146.0,100.0,0.0,32.2,26.0,46.9,59.7,8.9,0.2532658556040188,0.4877098250350642,0.2724620223280762,0.32300778332007996,0.5719282802075611,0.41984701544745723,0.8703294007010954,0.336556435525738,0.5050874623183754,0.16999043594661295,92.96875,Critical,0,0,1.0,26.1,0.6902654867256638,False
12086002402,12086002402,71,1433881.1690140846,49129.45070422535,17379.0,9291.633802816901,30497.4778713566,17943.675104367736,17.887323943661972,20.0,0.0,22.0,6.0,1082.0,112.0,265.0,192.0,116.0,0.0,17.8,14.8,38.4,58.5,9.2,0.1345749384632743,0.39833907542245744,0.30881053935233993,0.2945141389797616,0.5682354212997281,0.35199871308802455,0.8256131194065908,0.24328682577564942,0.4791024588921756,0.11655931644518597,64.453125,Moderate,0,0,1.0,31.0,0.5863874345549738,False
12086002403,12086002403,47,1522727.0,49870.87234042553,16981.68085106383,6422.617021276596,47516.584580269635,23367.422091466142,19.25531914893617,20.0,0.0,11.0,3.0,675.0,72.0,153.0,113.0,75.0,0.0,26.7,20.9,37.9,48.8,4.0,0.19817246140208017,0.4388127483577975,0.31753462424638057,0.31749701223254284,0.6300616197183099,0.326210699254144,0.8326574008490764,0.2621915803281121,0.5073126810808215,0.1330131135730721,75.5859375,High,0,0,1.0,31.6,0.6334310850439883,False
12086002404,12086002404,41,1487566.6829268292,56542.95121951219,17328.073170731706,6537.170731707317,49654.832988561655,20335.68148716834,19.634146341463413,20.0,0.0,20.0,3.0,758.0,75.0,180.0,134.0,89.0,0.0,27.1,26.1,64.3,62.1,10.5,0.21756543566606715,0.37418513689700134,0.2887520545192805,0.3238614624272462,0.6096515376148437,0.4663048322670187,0.8179151716769442,0.3419351339665429,0.48287307262706314,0.16511126877757104,91.9921875,Critical,0,0,1.0,51.2,0.5583126550868486,False
12086002501,12086002501,57,1420313.3157894737,127449.70175438597,10587.40350877193,3085.5263157894738,23300.38515481636,48607.10961958318,16.140350877192983,15.0,0.0,14.0,7.0,1448.0,173.0,325.0,227.0,136.0,0.0,29.4,15.1,53.7,72.4,8.3,0.15679654758620296,0.5428534876805733,0.12273639635626646,0.2651642842376671,0.5638554091695307,0.4586551922187243,0.7047035846570919,0.30772586990246364,0.4398626324202259,0.13535711119910163,77.34375,High,0,0,1.0,31.6,0.7543604651162791,False
12086002502,12086002502,66,1470627.7121212122,136016.65151515152,5188.681818181818,1352.7727272727273,51312.61560302245,30670.670781705558,15.530303030303031,15.0,0.0,21.0,7.0,1157.0,130.0,251.0,186.0,124.0,0.0,30.6,29.2,35.1,71.6,9.9,0.2117685641764209,0.4919441568966679,0.11689121397898415,0.2549152334448366,0.5587433311993171,0.4177597339291155,0.7082560674796686,0.31476414905276817,0.4261500005998949,0.13413674230766257,76.5625,High,0,0,1.0,24.0,0.6951871657754011,False
12086002600,12086002600,76,1513038.9078947369,110419.86842105263,6406.828947368421,5321.013157894737,62410.57892423423,18363.537270248056,14.605263157894736,15.0,0.0,32.0,6.0,1557.0,178.0,388.0,289.0,153.0,0.0,11.1,17.9,27.7,51.9,2.7,0.10814742585410482,0.05990133594144644,0.16268024057895425,0.23937418910538108,0.533971123391064,0.25260392505331575,0.7458443162352059,0.18037567545371028,0.34835424105041035,0.06283463152663238,16.9921875,Low,0,0,0.3,13.5,0.6433734939759036,False
12086002702,12086002702,73,1454609.3424657534,179607.04109589042,36942.68493150685,28488.87671232877,29476.386817444956,14792.25193625061,6.232876712328767,5.0,0.0,39.0,8.0,1670.0,197.0,395.0,294.0,174.0,0.0,17.4,15.4,8.3,51.7,5.9,0.07466817535680609,0.48302517788668103,0.0610467749714734,0.09871470743477231,0.49820918132398856,0.23459379450029902,0.45529375217564694,0.15463098492855254,0.31925791875851245,0.04936716642386859,9.765625,Low,0,0,1.0,12.2,0.6848203939745074,False
12086002710,12086002703,29,1354848.3103448276,139103.75862068965,32559.275862068964,30579.724137931036,69904.19587606189,57107.94700743445,8.96551724137931,5.0,0.0,14.0,7.0,1127.0,129.0,276.0,196.0,110.0,0.0,12.4,7.8,3.5,37.2,0.9,0.05500123349239409,0.0654698952518462,0.09670564277693033,0.14462417457504165,0.5735718658040748,0.1444035645374226,0.5445666682415256,0.09970239901490834,0.28498764932988374,0.028413952327808842,2.9296875,Low,0,0,0.3,10.8,0.6649484536082474,False
12086002705,12086002705,17,1454302.705882353,138720.76470588235,6290.64705882353,5047.235294117647,84006.87298873576,39704.751819727775,12.941176470588236,10.0,0.058823529411764705,4.0,3.0,432.0,46.0,92.0,72.0,49.0,0.0,5.3,19.9,19.1,43.2,7.9,0.08694630036453636,0.06106636847549766,0.11092914300042811,0.21141685908802904,0.6513375227441203,0.21685569434571164,0.6900500028931459,0.151900997355124,0.34495997924024424,0.05239976489419597,11.5234375,Low,0,0,0.3,5.4,0.647887323943662,False
12086002707,12086002706,22,1425362.5454545454,158721.45454545456,29130.636363636364,14751.863636363636,21709.866492378183,11728.73418545554,8.863636363636363,10.0,0.0,4.0,3.0,413.0,45.0,96.0,74.0,44.0,0.0,8.8,2.6,3.3,57.1,1.4,0.03169094713848882,0.056666694456718396,0.08101332375837134,0.14291253458462305,0.6519126401150122,0.1853916923372037,0.5559815287454178,0.10854131973784627,0.29769734433202855,0.03231246263625043,4.1015625,Low,0,0,0.3,7.8,0.6308411214953271,False
12086002800,12086002800,53,1417716.716981132,124842.52830188679,15619.867924528302,6952.396226415094,27184.6016434767,24303.929847315274,13.867924528301886,15.0,0.0,7.0,4.0,517.0,59.0,120.0,89.0,53.0,0.0,44.1,26.7,25.5,63.4,12.3,0.2424314805874665,0.47506883394279475,0.1263773536054864,0.2269866016321375,0.6335881938360626,0.42396196134186387,0.6848346909250467,0.3331967209646652,0.4293711347883056,0.1430650541883407,82.03125,High,0,0,1.0,35.0,0.6755725190839695,False
12086002900,12086002900,81,1387379.3086419753,147948.32098765433,12209.888888888889,7977.7037037037035,30409.212775753494,41872.78188448529,11.54320987654321,10.0,0.0,25.0,11.0,1905.0,237.0,421.0,293.0,179.0,0.0,32.1,23.4,47.7,62.9,9.9,0.17929829863455,0.5788434778178579,0.08937766999313576,0.18793045437060954,0.49130521766965424,0.43489838021732513,0.6461199950794594,0.30709833942593756,0.3987153629861434,0.12244482587665458,68.9453125,Moderate,0,0,1.0,29.299999999999997,0.7961926091825308,False
12086003001,12086003001,71,1417227.1126760563,199392.49295774646,12450.05633802817,10021.25352112676,35624.60562931563,26673.716927703113,8.23943661971831,10.0,0.0,36.0,12.0,1656.0,198.0,368.0,257.0,164.0,0.0,38.3,35.0,29.3,57.3,2.4,0.19675191378770554,0.5415554417396201,0.03581757275992529,0.13242572619262163,0.46775675584608123,0.3505203496834907,0.5368401467604518,0.27363613173559814,0.34287912865974,0.09382411841932373,45.703125,Moderate,0,0,1.0,41.8,0.752851711026616,False
12086003006,12086003003,42,1393402.238095238,68137.42857142857,17610.5,10542.57142857143,30695.105395000977,19115.98331130753,16.071428571428573,15.0,0.0,15.0,5.0,709.0,72.0,173.0,123.0,79.0,0.0,23.2,21.7,37.5,57.3,6.8,0.17590395384416768,0.3894023193577164,0.24006372566526793,0.26400636159907465,0.6026568642316419,0.3503392804351015,0.7835365427357136,0.26312161713963456,0.4559331627178828,0.11996587108191746,67.1875,Moderate,0,0,1.0,39.6,0.576,False
12086003004,12086003004,53,1399528.8867924528,149272.5283018868,18373.66037735849,11040.830188679245,41975.619714424916,36860.389286731304,11.60377358490566,10.0,0.0,29.0,10.0,1002.0,124.0,230.0,159.0,93.0,0.0,29.5,26.5,36.7,54.8,0.0,0.17275607112524172,0.5578439029566322,0.08934064699519335,0.18894794918904612,0.5198944083159243,0.3256637554585153,0.6169859683044345,0.2492099132918785,0.39460257515224606,0.09833887353844321,50.390625,Moderate,0,0,1.0,43.9,0.7717842323651453,False
12086003100,12086003100,73,1406977.2602739725,186609.5205479452,14115.287671232876,8397.90410958904,24423.99705038937,17359.195733985533,9.246575342465754,10.0,0.0,30.0,9.0,1511.0,168.0,353.0,248.0,156.0,0.0,37.3,25.3,48.9,32.4,24.4,0.17578918940115268,0.4666490689927021,0.047220141165891454,0.1493460644537729,0.5117092065952333,0.4524588899044266,0.5616268031985708,0.3141240396527897,0.3473102568812341,0.10909850090438136,59.9609375,Moderate,0,0,1.0,30.4,0.665785997357992,False
12086003400,12086003400,93,1482585.430107527,224374.70967741936,11159.322580645161,8538.956989247312,41707.04877642486,17005.99472473869,8.387096774193548,10.0,0.0,31.0,11.0,1584.0,202.0,332.0,248.0,132.0,0.0,25.5,44.7,41.6,61.3,9.1,0.17351800290060507,0.6261029645146956,0.0217172111001351,0.13490647656492302,0.4890898561223802,0.3903155416765399,0.4943532846171085,0.2819167722885725,0.3532339585838485,0.09958257746667386,52.34375,Moderate,0,0,1.0,32.8,0.8511235955056179,False
12086003606,12086003601,86,1467071.7906976745,234843.93023255814,51220.79069767442,46488.441860465115,38263.89839218479,15941.021412245318,5.232558139534884,5.0,0.0,33.0,19.0,8094.0,959.0,1861.0,1404.0,650.0,0.0,33.5,45.2,50.1,47.9,7.3,0.10040308171465369,0.5260814763926723,0.010870398547948254,0.08190895045383555,0.214375,0.3947119060514765,0.25515395607281743,0.24755749388306508,0.2176779562934547,0.05388780933359502,12.6953125,Low,0,0,1.0,48.599999999999994,0.7348659003831418,False
12086003605,12086003602,48,1404518.6041666667,170860.125,21004.375,11446.833333333334,37118.21712791278,20259.13549921447,12.395833333333334,10.0,0.0,7.0,4.0,884.0,101.0,218.0,155.0,66.0,0.0,36.1,35.4,45.7,54.3,1.6,0.20185486889803922,0.48765779550610056,0.06392327447510861,0.2022548736114123,0.6224793477772536,0.3770458080859371,0.5646290039105992,0.28945033849198815,0.38818885905609485,0.11236139665260533,61.71875,Moderate,0,0,1.0,50.2,0.6902050113895216,False
12086003710,12086003702,97,1484785.1340206186,216161.27835051547,67849.75257731958,50087.1030927835,51065.22394154953,17137.516869516534,5.618556701030927,5.0,0.0,32.0,14.0,4419.0,510.0,1061.0,784.0,425.0,0.0,17.0,7.3,6.9,57.0,7.8,0.02833113294073625,0.47372350835275306,0.02921128731450742,0.08839388255039309,0.3736560752072242,0.2526419552486375,0.23317804889494864,0.14048654409468686,0.2396325604639653,0.033665150272143576,4.6875,Low,0,0,1.0,12.9,0.6740088105726872,False
12086003703,12086003703,14,1463452.2142857143,212212.14285714287,99242.64285714286,58037.0,21642.46470458044,7005.2917454992885,0.35714285714285715,0.0,0.0,6.0,7.0,3826.0,450.0,916.0,686.0,286.0,0.0,5.9,17.9,5.4,33.3,4.3,0.014973200403001801,0.07839928030360302,0.029977879830523708,0.0,0.5077840207111889,0.13791021348859775,0.12582521347060338,0.07644170694579977,0.1483972788631838,0.011343741302413623,0.1953125,Low,0,0,0.3,7.7,0.7150423728813559,False
12086003704,12086003704,17,1474707.3529411764,224505.35294117648,90603.17647058824,72834.41176470589,32815.36666323641,9673.082593860507,3.823529411764706,5.0,0.0,14.0,14.0,5115.0,628.0,1200.0,904.0,377.0,0.0,17.7,39.8,14.4,44.2,0.0,0.025718463144233997,0.5471644564104982,0.020574989314734116,0.05823669741156059,0.3883840723768448,0.20290131004366813,0.08945552397994438,0.11430988659395105,0.22076314789871637,0.02523541040042591,2.34375,Low,0,0,1.0,27.900000000000002,0.7593712212817413,False
12086003705,12086003705,12,1505557.3333333333,232051.33333333334,86254.33333333333,78299.75,56793.09336423562,10929.623991979806,3.3333333333333335,5.0,0.0,2.0,6.0,756.0,96.0,147.0,116.0,71.0,0.0,4.6,9.3,5.6,53.1,2.1,0.005107451336941485,0.11640056194479909,0.018187053171351206,0.0500012048483096,0.6178759518835502,0.17268655597305438,0.07348850844520127,0.08889700365499793,0.17519065605864226,0.015573924391966606,1.171875,Low,0,0,0.3,3.8,0.8622754491017964,False
12086003706,12086003706,26,1470880.6923076923,249076.1923076923,72110.03846153847,58518.07692307692,17631.98835473582,14640.301136299715,3.8461538461538463,5.0,0.0,9.0,18.0,4573.0,554.0,1031.0,800.0,368.0,0.0,9.0,35.1,6.7,51.9,2.7,0.02924535873327097,0.08891844845540446,0.0,0.05861679706832602,0.3778911286699463,0.18898951457296642,0.1326320123957867,0.1091174366531187,0.1316116773178927,0.014361128862545855,0.9765625,Low,0,0,0.3,18.700000000000003,0.7557980900409277,False
12086003707,12086003707,14,1432916.642857143,229406.0,67630.21428571429,56763.71428571428,19513.640655497067,5704.720568900002,4.642857142857143,5.0,0.0,13.0,10.0,4238.0,508.0,1004.0,763.0,354.0,0.0,12.5,22.3,8.5,46.0,3.9,0.03309083497414586,0.07929918772430325,0.01084553438057124,0.07200173498156583,0.4537610210706022,0.1958537287160218,0.19017721249509123,0.11447228184508383,0.16121693813042676,0.018454870779867655,1.3671875,Low,0,0,0.3,14.899999999999999,0.7185289957567186,False
12086003801,12086003801,45,923578.1111111111,10052.644444444444,4562.644444444444,2088.5777777777776,86585.32471163453,3206.6031032256174,28.88888888888889,30.0,0.022222222222222223,12.0,3.0,356.0,41.0,94.0,52.0,33.0,0.0,7.1,6.3,5.7,64.9,4.7,0.06440589171071373,0.07120039469946528,0.5304400138603487,0.4793448838124613,0.6377289013185974,0.2233961742437065,0.9612819658315482,0.14390103297721013,0.5359992319044842,0.07713084314604647,29.6875,Low,0,0,0.3,15.7,0.6871508379888268,False
12086003803,12086003803,25,898164.32,15461.68,9195.96,4827.2,64155.323603943165,2959.1536194211567,22.4,20.0,0.0,19.0,4.0,803.0,80.0,194.0,128.0,96.0,0.0,18.0,7.3,3.2,71.0,8.7,0.11756939108326808,0.3878215935589521,0.4418392370881022,0.37032892358852015,0.6010675275737358,0.285194864764226,0.9294023010535026,0.20138212792374705,0.5460919165725626,0.10997315220134,60.3515625,Moderate,0,0,1.0,16.8,0.5741626794258373,False
12086003804,12086003804,72,915022.5277777778,15440.277777777777,9182.430555555555,5356.236111111111,41585.922419638286,3438.391378808616,22.77777777777778,25.0,0.0,13.0,4.0,708.0,78.0,167.0,113.0,76.0,0.0,15.4,10.1,7.2,58.3,3.1,0.11833712461384432,0.45935110104341026,0.44570091935682105,0.37667574319059893,0.6158749326100141,0.2276213268564594,0.9281343106968182,0.17297922573515184,0.5651474013795326,0.09775875991686463,50.1953125,Moderate,0,0,1.0,19.799999999999997,0.6573033707865168,False
12086003906,12086003906,59,1170694.7457627119,10225.610169491525,4010.2881355932204,676.6440677966102,75313.72148543705,6575.657321323931,28.8135593220339,30.0,0.0,0.0,0.0,0.0,0.0,0.0,0.0,0.0,0.0,4.5,4.1,0.6,65.7,2.0,0.04154718543441011,0.1091724898404202,0.5729665690935114,0.47807931659370184,0.9797571649087525,0.18972347189781436,0.9662136147537237,0.11563532866611223,0.621237831038022,0.07183704077190436,24.8046875,Low,0,0,0.3,6.3,0.0,False
12086003909,12086003909,23,955405.0,22952.956521739132,9139.304347826086,4438.173913043478,12035.839046176017,3142.1391884895706,20.0,20.0,0.0,9.0,2.0,643.0,61.0,144.0,106.0,84.0,0.0,25.0,39.1,27.0,40.5,2.3,0.2934244108897312,0.36523028875344765,0.3774225719084866,0.3300079519988433,0.6442180374912954,0.2618262612414385,0.9155207828072734,0.2776253360655848,0.5264799265918694,0.14616416655185216,83.3984375,High,0,0,1.0,36.2,0.5479041916167665,False
12086003911,12086003911,31,943455.0645161291,22263.967741935485,9152.967741935483,3214.032258064516,21968.14261900702,3517.7570835583188,20.161290322580644,20.0,0.0,4.0,2.0,334.0,37.0,75.0,53.0,38.0,0.0,24.4,15.8,12.8,65.5,8.0,0.18491830155354513,0.46913434290238576,0.3808802748403105,0.3327176947132033,0.6635144439203001,0.3132281670672399,0.9199915500176374,0.24907323431039252,0.5532476612787673,0.1377991843693631,79.296875,High,0,0,1.0,24.6,0.6686746987951807,False
12086003912,12086003912,29,798304.724137931,8260.344827586207,9337.931034482759,1067.896551724138,80596.26038909555,4664.690238344282,30.0,25.0,0.0,0.0,0.0,0.0,0.0,0.0,0.0,0.0,0.0,11.3,18.2,29.2,60.5,5.5,0.1405739988416313,0.6116038094294114,0.5402202997117127,0.49801200028916354,0.9837046123894557,0.2932680957539239,0.9530440599432631,0.21692104729777759,0.7173169563526013,0.15560114541646047,88.4765625,High,0,0,1.0,23.5,0.0,False
12086003913,12086003913,33,990995.0303030303,24686.18181818182,9470.666666666666,3234.0,37619.058463168694,6004.42569825867,20.606060606060606,20.0,0.0,4.0,3.0,547.0,60.0,110.0,87.0,59.0,0.0,16.1,22.9,17.3,60.7,5.2,0.17825225784345056,0.4987734165923283,0.3704218282772022,0.34019001553159,0.647856549183458,0.27413954221816006,0.914114142786926,0.2261959000308053,0.554271190474301,0.12537387079048043,70.3125,High,0,0,1.0,17.200000000000003,0.703125,False
12086003914,12086003914,16,1061690.875,28395.0625,9439.3125,3193.9375,33854.05110741309,3654.6142973643614,20.0,20.0,0.0,4.0,3.0,538.0,56.0,112.0,88.0,61.0,0.0,16.9,21.9,12.8,49.6,3.1,0.1759311668592418,0.44762874782254036,0.3566875073177666,0.3300079519988433,0.6481289732012488,0.2256551696512192,0.9068616848414527,0.2007931682552305,0.5378629730363703,0.1079992104431504,58.984375,Moderate,0,0,1.0,20.900000000000002,0.6436781609195402,False
12086003915,12086003915,41,1046276.6585365854,16086.80487804878,1608.7560975609756,1181.9512195121952,40510.78831349113,4144.821867218856,24.26829268292683,25.0,0.0,10.0,2.0,431.0,48.0,87.0,69.0,45.0,0.0,4.9,22.5,11.2,54.1,6.1,0.1315768026859447,0.07875431051699576,0.46367973198829093,0.40171699700080926,0.6486465002134016,0.21204223339313724,0.9604146181455819,0.17180951803954098,0.5106424315730159,0.08773323005909915,40.234375,Moderate,0,0,0.3,11.399999999999999,0.7164179104477612,False
12086003916,12086003916,26,1075707.0,9591.5,2143.230769230769,913.0384615384615,97726.68880710119,4421.0647066063175,29.03846153846154,27.5,0.0,3.0,2.0,431.0,47.0,87.0,68.0,45.0,0.0,17.4,24.4,24.1,42.8,2.2,0.2032590688990995,0.5003865596193875,0.5689849923739088,0.4818577648766328,0.6625669547588561,0.2363446182142333,0.9725314301392322,0.2198018435566664,0.6372655403536035,0.14007214060485723,80.46875,High,0,0,1.0,23.8,0.705,False
12086003917,12086003917,13,1207648.923076923,9752.692307692309,1565.3846153846155,1565.3846153846155,59609.86454503085,1783.3953751489219,27.692307692307693,30.0,0.0,18.0,3.0,443.0,50.0,90.0,70.0,45.0,0.0,8.7,1.6,15.5,50.9,4.0,0.050072870190200416,0.08270055046670004,0.5881247034414022,0.4592418352990897,0.6231636509648,0.21632532807510466,0.9722887415572897,0.13319909913265254,0.5451038963458563,0.07260734792696687,25.78125,Low,0,0,0.3,13.700000000000001,0.7317073170731708,False
12086003918,12086003918,11,1275171.0909090908,10920.636363636364,625.5454545454545,617.0,51544.094232908064,3181.1626262336,26.818181818181817,25.0,0.0,12.0,3.0,443.0,51.0,90.0,69.0,45.0,0.0,8.2,6.0,3.2,48.1,3.6,0.06923987598377417,0.08742194469223909,0.5767786386733096,0.44455616674224346,0.6350954691466182,0.17218827561693917,0.9752095208982278,0.12071407580035667,0.5438123480305277,0.06564580500132706,19.140625,Low,0,0,0.3,8.7,0.75,False
12086003919,12086003919,5,1147993.6,50166.2,6768.8,1813.4,69321.58823411363,5112.274415561043,14.0,15.0,0.0,11.0,2.0,1027.0,98.0,226.0,175.0,130.0,0.0,7.4,5.2,1.1,45.4,4.2,0.055108537625074915,0.03674920327727296,0.26179735933976245,0.22920552302465116,0.628617340004942,0.16040760976270269,0.8747386924615066,0.1077580736938888,0.40622162362162706,0.04377365965427045,8.0078125,Low,0,0,0.3,16.8,0.5536723163841808,False
12086003921,12086003921,4,1009520.0,32406.0,9302.75,3012.25,9065.36066574297,6909.159862096115,20.0,20.0,0.0,4.0,2.0,505.0,45.0,112.0,88.0,67.0,0.0,5.9,3.4,1.1,40.9,4.6,0.04183524557579009,0.02434623981397029,0.321412708476485,0.3300079519988433,0.6583383875822719,0.14672479322523496,0.8996827005546256,0.09428001940051253,0.4467575976852392,0.04212031497709073,7.03125,Low,0,0,0.3,12.2,0.5056179775280899,False
12086003922,12086003922,3,1104380.6666666667,42590.333333333336,75.66666666666667,75.66666666666667,47197.89232935441,3747.2151437211774,16.666666666666668,15.0,0.0,5.0,2.0,505.0,46.0,112.0,89.0,67.0,0.0,5.1,3.1,4.0,32.2,5.0,0.03750041810653859,0.026748505465535855,0.2859527871608603,0.2740066025687366,0.6563497512186355,0.13255682384933934,0.9146443440619169,0.08502862097793897,0.43154039809513706,0.0366932849463003,5.2734375,Low,0,0,0.3,7.3,0.5149253731343284,False
12086004000,12086004000,108,1335381.5462962964,42960.13888888889,17936.11111111111,6072.416666666667,60944.97176538701,18533.91174242115,18.333333333333332,15.0,0.018518518518518517,16.0,6.0,1879.0,196.0,428.0,321.0,231.0,0.0,4.7,6.3,7.4,41.7,2.9,0.046450025589758415,0.0487065120428189,0.32099002636998625,0.3020072772837899,0.5560425792393917,0.15353358665357753,0.8445459198137893,0.09999180612166797,0.4144584629499552,0.041442450272776425,6.4453125,Low,0,0,0.3,10.8,0.6,False
12086004102,12086004102,64,1233545.734375,56879.375,1777.375,575.4375,95683.54508436889,28594.167625139977,16.5625,15.0,0.0,11.0,5.0,712.0,76.0,163.0,119.0,85.0,0.0,4.3,7.7,0.6,41.7,0.0,0.052771087783312846,0.054192077431837585,0.25141602633136334,0.2722565603990457,0.610520601680257,0.11878755458515285,0.8795181297218808,0.08577932118423284,0.4135806791128768,0.0354766699092166,4.8828125,Low,0,0,0.3,8.899999999999999,0.6212534059945505,False
12086004103,12086004103,32,1159644.34375,57440.875,37019.6875,8440.28125,64863.65732907625,2058.0042595335067,10.46875,10.0,0.0,10.0,5.0,1811.0,192.0,410.0,306.0,217.0,0.0,21.1,29.6,31.8,40.7,2.5,0.19055018744316352,0.4249889807083518,0.2375774036876269,0.16987909347213184,0.5792432385380866,0.26476028965392734,0.7516772680203686,0.2276552385485454,0.43267319688531314,0.09850031985048772,50.5859375,Moderate,0,0,1.0,33.6,0.617363344051447,False
12086004105,12086004105,25,1177565.96,53516.2,44409.84,14994.72,85589.0639034762,7779.968610690749,11.2,10.0,0.0,5.0,5.0,1811.0,189.0,404.0,301.0,216.0,0.0,15.8,31.2,2.2,75.7,2.4,0.169306778700758,0.4235021662254793,0.2542194414544788,0.1821643895033615,0.5891864203562684,0.25505746758742087,0.720454377450034,0.21218212314408944,0.4339053589979244,0.09206696031577792,44.7265625,Moderate,0,0,1.0,14.200000000000001,0.6156351791530945,False
12086004106,12086004106,65,1252811.5846153847,39677.67692307692,28792.0,7132.169230769231,58995.53672389449,22074.550116528208,18.76923076923077,15.0,0.0,18.0,2.0,233.0,30.0,61.0,40.0,25.0,0.0,4.0,10.1,2.1,20.5,1.4,0.05749907710694579,0.07820398453761522,0.32401608265680126,0.3093305306708039,0.6387307376957118,0.07621658316689797,0.8155897461978127,0.06685783013692188,0.43317421635174896,0.02896108817653948,3.125,Low,0,0,0.3,6.5,0.7142857142857143,False
12086004208,12086004203,21,1193130.9047619049,88299.42857142857,44367.52380952381,23031.428571428572,31613.64253594447,11313.25703133907,12.142857142857142,10.0,0.0,4.0,3.0,221.0,27.0,52.0,33.0,26.0,0.0,11.8,27.0,8.2,51.4,6.1,0.12225479904061931,0.5216626081924923,0.15997778518444183,0.19800477119930598,0.6577243524945526,0.21780446046737303,0.6301793764980377,0.17002962975399616,0.4335097787137661,0.07370950716943846,26.5625,Low,0,0,1.0,25.1,0.7297297297297297,False
12086004204,12086004204,27,1208338.2592592593,80921.14814814815,44816.7037037037,30844.51851851852,33665.683154755025,10694.438452923176,10.0,10.0,0.0,8.0,3.0,442.0,51.0,102.0,72.0,55.0,0.0,23.7,45.5,11.8,58.8,6.0,0.21579150851819684,0.4686590653229922,0.179289975261511,0.16200390370852308,0.6430802839364737,0.281312992112657,0.6236748801103955,0.2485522503154269,0.41534162166797906,0.10323409471523487,55.46875,Moderate,0,0,1.0,26.700000000000003,0.6681222707423581,False
12086004205,12086004205,13,1121003.4615384615,70593.84615384616,39842.0,32915.153846153844,38970.99205095885,6637.140785586237,10.0,10.0,0.0,4.0,6.0,1397.0,145.0,322.0,233.0,169.0,0.0,14.9,51.0,8.3,48.6,4.6,0.2155511629505685,0.4107635414972491,0.19117805383109757,0.16200390370852308,0.5944960352224992,0.21262544824706903,0.6541765188181138,0.21408830559881875,0.4025236106154965,0.08617559776019035,38.4765625,Low,0,0,1.0,23.8,0.6008287292817679,False
12086004206,12086004206,34,1163917.7647058824,67183.4705882353,43095.35294117647,26833.676470588234,59246.729393970396,14168.991081113874,8.382352941176471,10.0,0.0,20.0,7.0,2185.0,231.0,493.0,366.0,266.0,0.0,38.2,16.1,31.3,57.7,1.1,0.1810159179836746,0.4238160372683121,0.20800857711778264,0.1348267782497948,0.5296150908641643,0.3499605187141036,0.6667252964407903,0.26548821834888914,0.39259835598816883,0.10423023805800187,56.0546875,Moderate,0,0,1.0,17.1,0.616,False
12086004301,12086004301,11,1228836.0,108833.18181818182,39842.0,22080.090909090908,18436.34843454635,10190.175884823399,14.090909090909092,15.0,0.0,2.0,2.0,139.0,15.0,31.0,21.0,18.0,0.0,10.2,14.9,3.9,61.2,2.3,0.07593462844794671,0.05976806422836754,0.12526733937490522,0.23073283255456317,0.6733942370330436,0.20613040971305416,0.6050568003820455,0.14103251908050043,0.338843854714585,0.047788002405345024,9.5703125,Low,0,0,0.3,11.3,0.6428571428571429,False
12086004303,12086004303,29,1087184.6206896552,82224.72413793103,39841.206896551725,33504.137931034486,49675.06206079509,9234.699043346362,8.96551724137931,10.0,0.0,5.0,3.0,1028.0,104.0,231.0,169.0,131.0,0.0,22.4,47.4,15.4,63.0,0.7,0.21962986857497221,0.39935702193976447,0.15578155184510414,0.14462417457504165,0.6313083625356606,0.270348138745021,0.6293119443408945,0.2449890036599966,0.3920766110472931,0.09605445829886435,48.6328125,Moderate,0,0,1.0,19.8,0.5875706214689266,False
12086004304,12086004304,27,1174210.6666666667,91526.96296296296,39842.0,28375.51851851852,43913.34319210613,16807.717498178492,11.11111111111111,10.0,0.0,5.0,2.0,277.0,30.0,62.0,46.0,38.0,0.0,16.3,32.4,8.1,43.7,0.0,0.1518784401120169,0.4241931739029488,0.14995005961836785,0.18067102018522532,0.6632511596693398,0.18025698689956332,0.6237307602136217,0.1660677135057901,0.4083592347179007,0.06781528439857604,21.875,Low,0,0,1.0,23.1,0.6164383561643836,False
12086004403,12086004403,32,1213556.875,102547.78125,39838.625,25429.4375,27549.438299701,6935.6269699814375,10.0,10.0,0.0,8.0,3.0,1028.0,103.0,233.0,171.0,132.0,0.0,16.7,32.2,7.3,57.0,6.1,0.14893300276033547,0.38982607036183947,0.1343462988577936,0.16200390370852308,0.6253424534447515,0.24404812858964375,0.609132935625094,0.19649056567498963,0.3841303323996003,0.07547798630611927,28.7109375,Low,0,0,1.0,23.3,0.5764925373134329,False
12086004404,12086004404,30,1159609.0,89948.5,39837.0,25974.866666666665,40629.22067199657,8808.321272406622,10.0,10.0,0.0,0.0,0.0,0.0,0.0,0.0,0.0,0.0,0.0,35.0,49.2,31.6,33.6,6.6,0.2665144996032585,0.6116038094294114,0.1508938045301578,0.16200390370852308,0.81962513901615,0.3093530686164991,0.6330510679412317,0.2879337841098788,0.47543554492509477,0.1368939555506248,78.515625,High,0,0,1.0,42.300000000000004,0.0,False
12086004405,12086004405,26,1274444.1923076923,117003.80769230769,39840.03846153846,23028.76923076923,34789.01264597113,14798.447272654606,10.0,10.0,0.0,8.0,4.0,855.0,82.0,190.0,149.0,111.0,0.0,20.7,49.7,32.3,65.7,2.3,0.20635186221512083,0.3641655928899462,0.11831979781088632,0.16200390370852308,0.6213685221376103,0.32639132674362187,0.5862268812929569,0.26637159447937137,0.37041693956798455,0.098668550814893,50.9765625,Moderate,0,0,1.0,37.5,0.5466666666666666,False
12086004406,12086004406,15,1279560.0,124612.66666666667,39839.933333333334,20640.6,46305.708290509065,15188.770211041097,11.333333333333334,10.0,0.0,4.0,2.0,173.0,19.0,39.0,28.0,22.0,0.0,9.5,24.7,14.9,46.3,8.2,0.0986749951674753,0.444850939002429,0.10691734986035391,0.18440444348056578,0.6683878069052273,0.22729319984654095,0.5770467553653527,0.16298409750700812,0.39632145892278575,0.06459409530519103,17.7734375,Low,0,0,1.0,23.700000000000003,0.6404494382022472,False
12086004500,12086004500,54,640171.6851851852,46276.38888888889,22397.87037037037,8245.111111111111,599794.0927711783,43843.10124231662,34.351851851851855,15.0,0.46296296296296297,9.0,2.0,400.0,48.0,95.0,64.0,45.0,0.0,15.2,17.6,21.8,42.0,3.0,0.13428894242360526,0.5011456857497684,0.16452000795507304,0.5711248731562475,0.6515734859716513,0.2256016925628787,0.8188350147780807,0.179945317493242,0.5414398135221642,0.09742955914772758,49.609375,Moderate,0,0,1.0,26.900000000000002,0.7058823529411765,False
12086004602,12086004602,89,813808.1910112359,7489.561797752809,2116.1685393258426,1858.0112359550562,108103.84867054249,4679.993978130975,31.46067415730337,30.0,0.0,7.0,1.0,116.0,18.0,22.0,19.0,6.0,0.0,5.3,0.8,1.9,60.4,2.0,0.029719824280129984,0.19038852088750555,0.5628696179731782,0.5225519174551654,0.6733577762427836,0.18242150683231215,0.9744204682009832,0.10607066555622106,0.5847176601519232,0.06202139137479077,16.6015625,Low,0,0,0.3,2.6,1.148936170212766,False
12086004605,12086004605,6,946568.6666666666,12432.333333333334,2347.1666666666665,1917.5,49600.0147607505,3728.947072119242,26.666666666666668,25.0,0.0,2.0,1.0,116.0,17.0,22.0,19.0,6.0,0.0,8.5,5.6,0.9,66.2,5.4,0.06793672884790224,0.17391386869626288,0.49412917656338834,0.44201065085905683,0.6833009580609655,0.2213633086219153,0.9636415439418756,0.14465001873490876,0.5513992396243099,0.07975991034207087,31.4453125,Low,0,0,0.3,16.0,1.0851063829787235,False
12086004607,12086004607,13,883812.6153846154,10465.615384615385,2816.923076923077,2487.0,66322.7978118365,4905.241559435199,27.692307692307693,30.0,0.0,5.0,1.0,232.0,34.0,44.0,38.0,12.0,0.0,9.6,0.0,0.8,38.6,3.6,0.04630634358191294,0.17391386869626288,0.5141532459514443,0.4592418352990897,0.673823806074084,0.14608805727632782,0.9647154912898529,0.09619720042912037,0.5571696494621468,0.05359816044233287,12.3046875,Low,0,0,0.3,12.799999999999999,1.0851063829787235,False
12086004608,12086004608,6,869824.5,9561.166666666666,2710.1666666666665,2691.6666666666665,30733.356586939866,2894.161047119989,28.333333333333332,30.0,0.0,3.0,1.0,116.0,17.0,22.0,19.0,6.0,0.0,7.4,7.6,5.3,49.9,2.6,0.07247490936267985,0.17391386869626288,0.5285386408793749,0.47001132557411013,0.6813123216973291,0.17485175800864336,0.9663321248357312,0.1236633336856616,0.5640216563365616,0.06974879829348778,22.65625,Low,0,0,0.3,14.5,1.0851063829787235,False
12086004701,12086004701,131,1358456.4122137404,7093.687022900764,8686.625954198473,1902.7633587786258,23311.44173077321,3091.5732541712823,30.38167938931298,30.0,0.0,3.0,1.0,12.0,2.0,4.0,1.0,0.0,0.0,12.2,10.9,7.6,67.5,2.4,0.11032840815599998,0.9262563187630092,0.6723924676269949,0.5044243685445193,0.6844603325695802,0.23849545885379642,0.9552243130389609,0.1744119335048982,0.7485515601086129,0.1305563249266512,73.828125,High,0,0,1.0,21.3,1.2,False
12086004705,12086004702,118,1430440.0169491526,18474.381355932204,8665.305084745763,4497.872881355932,41876.5061577804,9007.253766208665,23.135593220338983,25.0,0.0,14.0,4.0,210.0,27.0,47.0,34.0,19.0,0.0,5.6,2.5,23.8,58.1,0.9,0.03749481378798617,0.1029081177520071,0.49737793756867166,0.3826871874797064,0.6289604252308107,0.23165749466842694,0.9257978713083008,0.13457615422820657,0.5075463078678993,0.06830363020558723,22.265625,Low,0,0,0.3,17.799999999999997,0.8099999999999999,False
12086004703,12086004703,110,1465077.1363636365,20573.227272727272,8642.418181818182,4504.7,45137.328474818016,8023.009864019143,21.363636363636363,20.0,0.0,16.0,7.0,514.0,54.0,117.0,90.0,60.0,0.0,13.6,5.7,21.6,42.0,0.7,0.08893767175172891,0.41585061492046643,0.48120518523652356,0.35291759494752334,0.5881496956218972,0.20836953612493372,0.9216339041629938,0.14865360393833132,0.5519513989778809,0.0820495646568658,33.984375,Low,0,0,1.0,12.100000000000001,0.6067415730337079,False
12086004901,12086004901,36,1413958.7777777778,24042.13888888889,6513.0,3600.722222222222,35526.471541341874,10017.713126978853,21.666666666666668,20.0,0.0,11.0,5.0,454.0,57.0,113.0,80.0,33.0,0.0,18.7,10.4,28.3,58.0,3.9,0.13435734505760333,0.5448122330725571,0.44422655646805137,0.3580086267138967,0.6183300901902644,0.2984930300260655,0.9234181790900571,0.2164251875418344,0.5777591371069654,0.12504162960238338,70.1171875,High,0,0,1.0,16.700000000000003,0.756637168141593,False
12086004904,12086004902,61,1327081.4098360655,50081.62295081967,12667.737704918032,9054.213114754099,24552.45556244636,9402.318014128101,15.901639344262295,15.0,0.0,28.0,7.0,1027.0,118.0,261.0,189.0,101.0,0.0,13.1,10.6,24.9,59.0,1.0,0.09936933647698092,0.0596676871667927,0.2901410494153791,0.2611538338470727,0.5487578902441763,0.25992647394017354,0.8385598014935098,0.17964790520857724,0.39965605243338614,0.07179737262358712,24.609375,Low,0,0,0.3,17.9,0.6424682395644283,False
12086005004,12086005001,97,1373779.6494845361,23586.154639175256,3300.742268041237,1211.5051546391753,32775.94114750978,6887.816446662975,22.52577319587629,25.0,0.0,5.0,3.0,453.0,44.0,103.0,77.0,54.0,0.0,18.5,3.0,40.1,21.8,4.3,0.10106690380629048,0.3791664442868725,0.4423558241756408,0.372441964195883,0.6487132303389717,0.24166545366327027,0.9401572447096789,0.17136617873478038,0.5565669415414094,0.09537674998205523,47.0703125,Moderate,0,0,1.0,13.6,0.5641025641025641,False
12086005002,12086005002,44,1338895.3181818181,34911.795454545456,3212.5454545454545,2009.8181818181818,33949.667103736734,9751.586050077794,19.431818181818183,20.0,0.0,12.0,4.0,558.0,58.0,126.0,96.0,68.0,0.0,11.9,12.0,28.9,41.7,6.2,0.10941841391256284,0.4100505501040737,0.3615912573601238,0.3204622674368933,0.6224039692701664,0.250866889520779,0.9156352628666347,0.18014265171667093,0.5260286614075784,0.09476019794493203,46.875,Moderate,0,0,1.0,24.4,0.6,False
12086005102,12086005102,58,1363457.551724138,79258.18965517242,8274.741379310344,3965.7758620689656,45703.15741450666,28140.681529831512,16.29310344827586,15.0,0.0,16.0,3.0,479.0,48.0,110.0,88.0,56.0,0.0,36.5,28.0,48.1,38.2,0.7,0.2600150760664322,0.38159826364255767,0.20664575486089654,0.26773058927053495,0.6260512276209088,0.33989486363585075,0.8062482978804099,0.29995496985114145,0.45765482665506163,0.1372758397315484,78.90625,High,0,0,1.0,46.8,0.5669291338582677,False
12086005103,12086005103,19,1344300.105263158,54665.89473684211,7032.0526315789475,3096.684210526316,17467.865702784777,10901.796971624739,18.42105263157895,20.0,0.0,6.0,2.0,300.0,34.0,62.0,52.0,31.0,0.0,17.1,20.6,37.8,50.0,2.5,0.1624162843573472,0.499051544700442,0.2757048875216372,0.30348099700563486,0.6605663285935709,0.2923858355054557,0.8616248507021071,0.22740105993140147,0.5200857217046784,0.11826804437083176,65.4296875,Moderate,0,0,1.0,37.1,0.7034482758620689,False
12086005104,12086005104,20,1399299.8,29532.55,3348.0,1447.25,29349.50677358364,6583.671599814995,20.25,20.0,0.0,4.0,2.0,291.0,30.0,63.0,44.0,32.0,0.0,31.3,12.3,32.8,63.8,3.7,0.2021879972602145,0.4509013663288816,0.4024597851389898,0.3342080532061013,0.6648160253386346,0.3620410976834456,0.9274678773404335,0.28211454747183007,0.5559706214706082,0.15684740028381275,89.2578125,High,0,0,1.0,32.8,0.6474820143884892,False
12086005201,12086005201,30,1367084.6,133265.86666666667,9507.733333333334,8067.833333333333,36523.06876727793,20042.106983210037,14.833333333333334,15.0,0.0,15.0,8.0,917.0,110.0,218.0,154.0,80.0,0.0,18.3,30.3,42.5,54.1,2.8,0.16610399442130894,0.5219712698575598,0.10672955064995429,0.24320586038217787,0.5687292635397714,0.32061373401938553,0.6835555325979791,0.24335886422034725,0.4248382954054885,0.10338816504718805,55.6640625,Moderate,0,0,1.0,42.1,0.7300884955752213,False
12086005202,12086005202,28,1394458.75,171747.7142857143,10551.785714285714,7439.0,26033.333783788574,18151.48550773644,11.428571428571429,10.0,0.0,11.0,5.0,826.0,96.0,201.0,143.0,71.0,0.0,18.0,27.8,44.6,58.7,3.7,0.13847837328679075,0.4909020560386058,0.061532598851625375,0.18600448203571168,0.6070698974549048,0.34159633785811816,0.604709053654108,0.24003735557245445,0.39004361760699113,0.09362503852829579,45.5078125,Moderate,0,0,1.0,35.9,0.6939759036144578,False
12086005305,12086005302,34,1339041.7352941176,165784.73529411765,13561.382352941177,7140.85294117647,31454.934878338805,21994.254124738243,13.382352941176471,15.0,0.0,9.0,4.0,558.0,67.0,132.0,98.0,44.0,0.0,43.0,33.5,47.0,52.3,8.1,0.23269142583752858,0.5249722723237639,0.060524570870273686,0.21882880239495492,0.6283698783610755,0.4298855742865848,0.608343596960859,0.3312885000620567,0.40820782418218543,0.13523455778691196,77.1484375,High,0,0,1.0,48.3,0.7335766423357665,False
12086005303,12086005303,25,1305421.64,166111.2,9592.56,7905.64,30713.48847395878,22927.280958863543,12.4,10.0,0.0,8.0,5.0,609.0,75.0,138.0,102.0,48.0,0.0,24.0,28.9,38.1,50.2,4.0,0.16339222757044855,0.5659877093864606,0.055229872053864516,0.20232487529819992,0.619604252308107,0.32215655078252825,0.6177399908145503,0.24277438917648841,0.4121773399722365,0.10006610194414951,52.734375,Moderate,0,0,1.0,29.3,0.78125,False
12086005304,12086005304,20,1305347.0,126391.6,13915.7,6564.55,27971.397900825705,10519.897409946043,15.0,15.0,0.0,6.0,4.0,436.0,55.0,101.0,73.0,31.0,0.0,25.2,30.5,32.0,58.3,8.3,0.19157173159823251,0.5863159345241982,0.1080340362987728,0.2460059278536832,0.6380286463598175,0.35158030138902996,0.6878697723455387,0.2715760164936312,0.4532508634764021,0.12309206397521996,69.3359375,Moderate,0,0,1.0,35.2,0.8048780487804879,False
12086005403,12086005403,13,1288494.5384615385,72675.76923076923,7934.615384615385,4255.538461538462,12636.654083890133,24597.443048529272,16.53846153846154,15.0,0.0,6.0,5.0,752.0,80.0,169.0,126.0,74.0,0.0,26.7,12.0,20.9,43.6,5.3,0.15862322802624973,0.4534174303979138,0.2124734936662152,0.2718527045137325,0.6192530100860345,0.2735316655947102,0.8197582843733836,0.21607744681047997,0.4753509846074559,0.10271262709282683,54.6875,Moderate,0,0,1.0,16.0,0.6504065040650406,False
12086005405,12086005405,31,1276972.1935483871,81265.96774193548,9664.064516129032,6024.064516129032,24777.19100358146,20836.22726004538,16.451612903225808,15.0,0.0,13.0,4.0,722.0,78.0,177.0,125.0,72.0,0.0,23.6,13.1,31.8,57.6,3.8,0.1454701186490428,0.43213421935151486,0.18914548093041064,0.27039361228292325,0.6154511619156726,0.32122863590715733,0.7927526901855192,0.23334937727810007,0.4599754329332081,0.10733498083818858,58.3984375,Moderate,0,0,1.0,16.6,0.6256684491978609,False
12086005406,12086005406,28,1298536.0714285714,106127.53571428571,9582.25,7253.535714285715,30457.15014139453,20678.399414171556,16.25,15.0,0.0,5.0,5.0,774.0,82.0,185.0,137.0,74.0,0.0,27.1,40.5,40.4,55.1,2.8,0.2500933795205061,0.4283002489960564,0.1407955517695443,0.2670064338899732,0.6205757210728485,0.34378229297135054,0.7399212411849292,0.2969378362459283,0.4393198393826703,0.13045068252619887,73.4375,High,0,0,1.0,32.4,0.6212121212121212,False
12086005407,12086005407,45,1224725.711111111,93948.2,8960.466666666667,4741.022222222222,13503.931654121761,21716.10502138908,15.0,15.0,0.0,20.0,6.0,863.0,106.0,200.0,147.0,66.0,0.0,21.7,21.3,30.2,47.6,2.8,0.16612755281793049,0.5562880196757335,0.15304445847721912,0.2460059278536832,0.5788416784599142,0.2809938650237523,0.7726862921764209,0.2235607089208414,0.4613732753285942,0.10314493650959106,55.2734375,Moderate,0,0,1.0,29.1,0.7699757869249395,False
12086005409,12086005409,21,1261179.9523809524,134376.85714285713,10541.047619047618,5634.619047619048,17346.46376491819,17639.473502022996,14.761904761904763,15.0,0.0,8.0,4.0,595.0,62.0,140.0,103.0,59.0,0.0,43.0,33.8,57.4,63.2,7.1,0.26281569964663537,0.4237248751016614,0.08954117319622901,0.24200583146581844,0.629238549318238,0.4803518951062366,0.6844158844964462,0.371583797376436,0.41378526271567856,0.15375589921829805,87.890625,High,0,0,1.0,51.89999999999999,0.6158940397350993,False
12086005410,12086005410,16,1242625.0,88625.5,9293.75,2886.1875,25887.829614190032,13070.526334722203,16.25,15.0,0.0,6.0,4.0,448.0,50.0,104.0,80.0,42.0,0.0,42.9,24.7,46.4,59.2,12.9,0.2660428887087443,0.464868861820067,0.16712087447026017,0.2670064338899732,0.6376654143360964,0.4700042212518195,0.7871091381915514,0.36802355498028194,0.46475414454158964,0.17104047246601561,93.359375,Critical,0,0,1.0,42.0,0.6637168141592921,False
12086005506,12086005501,80,1283057.3875,53666.225,9128.7375,5985.5875,29877.24600677259,14902.395778824763,17.1875,15.0,0.0,15.0,5.0,906.0,92.0,214.0,158.0,95.0,0.0,20.1,7.6,34.1,49.2,5.1,0.11771219537464207,0.4023129904025481,0.2702601920584114,0.2827568134171907,0.5966938051755508,0.3027242747368065,0.8499075478313506,0.2102182350557243,0.48038626977701027,0.10098595377752613,53.7109375,Moderate,0,0,1.0,23.7,0.5910064239828694,False
12086005504,12086005502,80,1204900.925,58112.275,12889.3375,8429.9875,32157.39140452277,15898.54480720512,14.8125,15.0,0.0,21.0,6.0,1151.0,140.0,269.0,206.0,110.0,0.0,20.7,7.9,32.1,37.1,7.8,0.1177396425655517,0.5115268977891636,0.24273059165890093,0.2428558519482397,0.5681354735269671,0.2827692478250567,0.8233541438150469,0.2002544451953042,0.4777205917476636,0.09566567205880079,48.046875,Moderate,0,0,1.0,36.599999999999994,0.717948717948718,False
12086005600,12086005600,81,1264716.7037037036,56742.51851851852,30414.83950617284,11669.703703703704,22031.09204819658,8104.515252485973,13.765432098765432,15.0,0.0,30.0,8.0,1246.0,152.0,304.0,224.0,114.0,0.0,11.0,16.2,26.9,65.6,3.4,0.10401395042659345,0.504929492007118,0.2567047286258503,0.22526468732401403,0.5289411067682008,0.2879880899992101,0.7648084590190695,0.19600102021290178,0.4561296947488505,0.08940188552017417,42.1875,Moderate,0,0,1.0,27.4,0.7102803738317757,False
12086005701,12086005701,86,1313660.7325581396,45463.523255813954,5738.313953488372,5188.209302325581,24678.310657419468,6614.45932293388,15.581395348837209,15.0,0.0,19.0,6.0,654.0,71.0,163.0,125.0,66.0,0.0,20.1,12.3,35.0,43.8,2.9,0.14234582065322254,0.41150875849011587,0.30687420508073754,0.2557736050798646,0.5871566059033627,0.28031109757060807,0.8786779052668058,0.2113284591119153,0.48799821596417725,0.10312791102907325,55.078125,Moderate,0,0,1.0,34.6,0.6016949152542372,False
12086005706,12086005703,8,1340514.625,25544.375,8387.125,3718.875,28479.77549037464,5870.689785159102,21.25,20.0,0.0,7.0,2.0,171.0,19.0,44.0,33.0,21.0,0.0,27.3,23.6,24.7,54.1,3.8,0.2327222420660371,0.39424833269614734,0.42220371641602905,0.35100845803513336,0.6624824364849383,0.3042009066495154,0.9144292419097725,0.26846157435777623,0.548874437108404,0.1473516955108604,84.375,High,0,0,1.0,29.199999999999996,0.5816326530612246,False
12086005708,12086005704,57,1286855.649122807,40238.15789473684,6608.122807017544,3854.40350877193,24153.127427261734,9954.867323126546,19.12280701754386,20.0,0.0,15.0,4.0,396.0,43.0,92.0,69.0,36.0,0.0,11.8,17.9,29.8,39.1,7.0,0.13215767897872438,0.06285631483854606,0.3264869278613708,0.3152707547803942,0.6213416924994946,0.2506575883235729,0.8899507001934303,0.19140763365114863,0.4431812780346472,0.08482827970710359,36.9140625,Low,0,0,0.3,16.7,0.6548223350253807,False
12086005806,12086005801,94,1236447.0425531915,39347.70212765958,5440.212765957447,2766.946808510638,21603.370110904125,7577.652843723805,19.361702127659573,20.0,0.0,18.0,5.0,529.0,60.0,123.0,94.0,50.0,0.0,4.4,15.2,25.8,35.5,1.1,0.08800903182256359,0.06784672593691428,0.32308893874732575,0.3192842893420143,0.6021394354965518,0.1780496016835359,0.8980513451282,0.13302931675304974,0.44208214693020126,0.05880988595484602,15.234375,Low,0,0,0.3,13.3,0.6741573033707865,False
12086005803,12086005802,117,1266876.6923076923,37904.230769230766,3173.5299145299145,2383.153846153846,32207.536926739176,8023.4697191562655,18.846153846153847,20.0,0.0,38.0,6.0,617.0,76.0,149.0,108.0,49.0,0.0,12.5,6.3,25.8,42.9,4.5,0.08542613167979779,0.08615673447493777,0.33501123690834345,0.31062286950380635,0.5504924804007457,0.23842066111506044,0.908788634891466,0.16192339639742911,0.43821439123585987,0.07095716257914222,24.0234375,Low,0,0,0.3,16.9,0.7450980392156863,False
12086005901,12086005901,91,1198098.065934066,22029.615384615383,2660.021978021978,2161.5934065934066,23720.695018299084,6047.306884095377,23.24175824175824,25.0,0.0,9.0,4.0,283.0,33.0,67.0,50.0,22.0,0.0,20.1,7.7,17.1,52.4,2.2,0.13104838778325678,0.5066070248172561,0.42910560094385936,0.3844708028182328,0.6366939455713547,0.24933981472078354,0.9427941567140775,0.19019410125202016,0.579934306172956,0.11030008414777927,60.7421875,Moderate,0,0,1.0,18.3,0.7122302158273381,False
12086005902,12086005902,103,1257618.3398058251,20102.300970873788,4914.961165048544,2911.3009708737864,38563.71565918174,6443.66717509761,22.57281553398058,25.0,0.0,9.0,3.0,253.0,29.0,57.0,43.0,22.0,0.0,16.6,7.6,19.7,68.9,0.0,0.11348927784874276,0.5073680310807583,0.45617062981744116,0.3732322945201393,0.6468125519464474,0.27581637554585153,0.937927916105312,0.19465282669729714,0.5843022846940196,0.11373609136137977,62.3046875,Moderate,0,0,1.0,14.399999999999999,0.7131147540983607,False
12086005903,12086005903,47,1213852.8936170214,14654.617021276596,6281.63829787234,3486.1702127659573,27331.80753996124,5987.779535285365,25.21276595744681,25.0,0.0,10.0,2.0,186.0,17.0,47.0,33.0,16.0,0.0,17.2,9.5,42.4,52.4,2.8,0.12592610090444614,0.3509019724452374,0.5104133735404068,0.4175845303629464,0.6560624873643776,0.31279080825519334,0.943266673441544,0.21935845457981973,0.5756458074309024,0.12627277470339526,70.8984375,High,0,0,1.0,22.6,0.53125,False
12086005904,12086005904,77,1163159.3896103897,26367.506493506495,3647.4415584415583,2398.7402597402597,5985.3285869344745,6325.010167712603,20.584415584415584,20.0,0.0,11.0,3.0,244.0,25.0,64.0,46.0,15.0,0.0,16.9,4.5,17.1,58.4,4.0,0.09956220345326959,0.4100505501040739,0.3886465366865998,0.33982637040542046,0.6431077032369656,0.2640421403021789,0.9304878827408374,0.18180217187772424,0.5424238086347793,0.09861382648798996,50.78125,Moderate,0,0,1.0,26.200000000000003,0.6000000000000001,False
12086006004,12086006001,136,1154521.9632352942,24364.46323529412,7280.294117647059,5994.698529411765,15241.281033652824,6626.795928661136,20.294117647058822,20.0,0.0,14.0,3.0,302.0,35.0,78.0,56.0,15.0,0.0,5.2,3.5,2.1,80.3,3.2,0.03977343884435436,0.0757293643618773,0.4024755953534966,0.3349492475367939,0.6353861726980704,0.23861890874829333,0.914331927456422,0.13919617379632385,0.472574461481332,0.06578055687205964,19.7265625,Low,0,0,0.3,10.1,0.7046979865771812,False
12086006002,12086006002,132,1197576.378787879,17833.909090909092,7710.151515151515,4498.484848484848,34456.86433047855,6175.301346857245,23.257575757575758,25.0,0.0,14.0,3.0,337.0,41.0,87.0,56.0,22.0,0.0,8.3,1.6,19.3,25.7,2.2,0.04603362866764029,0.08624874976346876,0.46985657016515636,0.3847365434873567,0.6343267459622166,0.15319418153301062,0.9299722963159655,0.09961390510032546,0.5010281811388329,0.04990937368855237,9.9609375,Low,0,0,0.3,11.5,0.7454545454545455,False
12086006106,12086006101,126,1181587.5396825396,29995.095238095237,13248.126984126984,3684.031746031746,23881.41608754416,9039.749629655522,20.714285714285715,20.0,0.0,10.0,3.0,224.0,23.0,50.0,40.0,22.0,0.0,5.1,4.8,5.9,56.4,1.5,0.04409821463128239,0.052854594112399636,0.36677182550667026,0.3420082411624376,0.6457017263068041,0.18015455807183234,0.8908730228541898,0.11212638635155736,0.45964188198850026,0.05153798324319951,10.9375,Low,0,0,0.3,15.6,0.6160714285714285,False
12086006104,12086006102,161,1139983.4161490684,37205.96894409938,19584.329192546586,5753.248447204969,18057.467350987645,6388.446466495549,17.17391304347826,15.0,0.0,27.0,3.0,406.0,44.0,105.0,72.0,32.0,0.0,5.2,5.8,1.7,58.7,1.8,0.046856326481484044,0.05685712944269683,0.3182069732584903,0.28252854704723107,0.6063858890985466,0.17629206357266175,0.8519332087542554,0.1115741950270729,0.42318234952024414,0.04721622999738665,9.1796875,Low,0,0,0.3,10.5,0.631578947368421,False
12086006201,12086006201,40,1231199.975,55429.55,47296.375,22720.675,15377.77818716727,3735.9769528608826,11.875,10.0,0.0,11.0,2.0,158.0,19.0,34.0,29.0,9.0,0.0,12.8,25.5,18.2,54.9,4.0,0.13177800891880725,0.5749496150923449,0.2560383560121308,0.1935046627629581,0.6549213923894243,0.2459943237082924,0.688135816808393,0.18888616631354982,0.47350996861305017,0.08943948268256835,42.3828125,Moderate,0,0,1.0,24.700000000000003,0.7916666666666666,False
12086006203,12086006203,59,1134216.8305084745,58188.35593220339,47345.72881355932,27057.525423728814,14205.327484303001,3465.942120826761,7.966101694915254,10.0,0.0,24.0,7.0,1035.0,122.0,266.0,198.0,85.0,0.0,13.1,10.6,4.0,44.1,2.8,0.07955647844840112,0.06591337099811675,0.23079363199291342,0.12783358880201728,0.556470281016241,0.17493731480541166,0.6713626873282794,0.1272468966269064,0.33047471202751355,0.04205188151917167,6.8359375,Low,0,0,0.3,16.5,0.6666666666666666,False
12086006205,12086006205,37,1181285.9189189188,57646.75675675676,49718.75675675676,30228.35135135135,26349.137032441,2713.5383768287716,9.594594594594595,10.0,0.0,17.0,3.0,672.0,89.0,166.0,122.0,58.0,0.0,14.6,8.8,10.1,32.7,4.2,0.0768887586004756,0.557751044604752,0.24045951902278834,0.15519292877783442,0.618220609542422,0.17482092853999529,0.6571688769271419,0.12585484357023544,0.4457585957749878,0.0561008783413489,13.671875,Low,0,0,1.0,22.9,0.7716763005780347,False
12086006206,12086006206,52,1159334.0961538462,57722.307692307695,47446.019230769234,31302.53846153846,35157.872913674706,3988.3335236193525,6.153846153846154,5.0,0.0,25.0,7.0,916.0,109.0,233.0,179.0,78.0,0.0,7.9,7.7,5.6,29.5,3.0,0.0515695139579018,0.06608895119153817,0.2365810747173783,0.09738696205839993,0.5580836955545072,0.12823771876375206,0.6611476148448947,0.08990361636082693,0.3238576596733437,0.02911597479078754,3.3203125,Low,0,0,0.3,9.3,0.6673469387755102,False
12086006304,12086006301,85,1149256.5647058825,45591.89411764706,17454.776470588236,7074.376470588235,25923.310329034102,8557.307309049536,16.176470588235293,15.0,0.0,12.0,4.0,672.0,75.0,158.0,115.0,66.0,0.0,23.0,11.0,32.9,51.9,1.2,0.14248642877732853,0.464868861820067,0.2804886617520666,0.2657711100054856,0.6189532650448143,0.2947441268068109,0.8381554633960502,0.2186152777920697,0.4936474724036968,0.10791887931088724,58.7890625,Moderate,0,0,1.0,30.0,0.6637168141592921,False
12086006302,12086006302,56,1161303.8035714286,46346.017857142855,35832.17857142857,12386.0,34080.635898580615,5138.093107515036,15.535714285714286,15.0,0.0,7.0,4.0,621.0,66.0,147.0,108.0,62.0,0.0,17.7,9.5,22.4,52.3,10.6,0.10437618905932071,0.4312198718471848,0.2793334207842099,0.25500614472637895,0.6304401829638115,0.2997657329361452,0.767471978377358,0.20207096099773297,0.4726943197397887,0.09551779544798876,47.65625,Moderate,0,0,1.0,22.0,0.6246056782334385,False
12086006401,12086006401,37,1200815.7297297297,43913.35135135135,6466.459459459459,3426.9189189189187,11818.437602719248,12027.609296984203,18.37837837837838,20.0,0.0,10.0,5.0,690.0,81.0,159.0,120.0,53.0,0.0,17.8,23.5,36.3,55.8,9.0,0.18256451053547898,0.5235536257429361,0.2962202877507372,0.3027640522760887,0.6131751634207155,0.33848368030872344,0.8840896393969926,0.2605240954221012,0.5239605537174941,0.1365043492941134,78.125,High,0,0,1.0,39.9,0.7319277108433735,False
12086006402,12086006402,40,1236384.175,47854.875,7200.025,3165.625,28954.140713475994,17251.223345974402,19.375,20.0,0.0,6.0,5.0,635.0,69.0,151.0,122.0,57.0,0.0,26.7,7.0,20.9,69.9,2.2,0.14737367153881503,0.43351444867948,0.2852494319525605,0.3195076989806983,0.622794522317317,0.3232609937600849,0.8746211960760535,0.23531733264944996,0.5071374596012219,0.11933823427997772,66.40625,Moderate,0,0,1.0,20.2,0.6272727272727273,False
12086006403,12086006403,48,1296807.0416666667,66609.27083333333,11901.583333333334,3801.0833333333335,26243.21739401859,30913.362114512238,19.479166666666668,20.0,0.0,10.0,5.0,623.0,74.0,152.0,111.0,48.0,0.0,6.1,13.5,15.5,50.1,2.2,0.0804681870708526,0.5079802618432288,0.23056252444829192,0.32125774115038913,0.6152032088864928,0.1972230024937093,0.8211039497025775,0.13884559478228095,0.499221537206196,0.06931471126151888,22.4609375,Low,0,0,1.0,21.8,0.7138263665594855,False
12086006501,12086006501,40,1224412.35,45462.025,22045.725,4771.775,13693.166191056653,9345.98199553677,18.625,20.0,0.0,11.0,4.0,537.0,57.0,125.0,91.0,51.0,0.0,8.0,9.3,15.2,45.0,1.3,0.07183062830827304,0.059146628712325476,0.29328277675217623,0.30690739535892425,0.625028261675315,0.18470306241043521,0.8304118879569136,0.12826684535935412,0.4229553900911309,0.054251153614724386,12.890625,Low,0,0,0.3,15.600000000000001,0.6404494382022472,False
12086006503,12086006503,41,1255900.3170731708,40347.58536585366,19620.634146341465,5812.048780487805,29352.960731789048,11489.410572295712,19.878048780487806,20.0,0.0,8.0,4.0,482.0,45.0,119.0,89.0,54.0,0.0,11.8,11.4,15.9,55.4,4.6,0.09806208990607972,0.026836725660703727,0.32125611561918416,0.3279591221416443,0.6326589842082799,0.24106780632567165,0.8453628440179286,0.1695649481158757,0.43081475832954813,0.07305108214370336,26.171875,Low,0,0,0.3,15.5,0.5152671755725191,False
12086006504,12086006504,33,1318376.121212121,43532.72727272727,12449.575757575758,4455.060606060606,21811.416498530034,12962.964425799582,20.757575757575758,20.0,0.0,7.0,4.0,470.0,53.0,117.0,79.0,43.0,0.0,15.4,9.8,11.4,52.7,2.0,0.10887996483741766,0.46620682619249365,0.3159540795023858,0.34273553141477664,0.6350108525956376,0.21939945443056544,0.8641267050588705,0.16413970963399155,0.5248067989528329,0.08614163559406257,38.28125,Low,0,0,1.0,11.399999999999999,0.6652719665271967,False
12086006608,12086006601,96,1389594.8020833333,95281.95833333333,15647.15625,4263.114583333333,34933.59062462425,30710.975121681844,17.03125,15.0,0.0,14.0,8.0,886.0,104.0,221.0,160.0,69.0,0.0,4.4,12.2,1.6,49.8,0.9,0.06233299757176898,0.07279611458023592,0.17472897849505364,0.2801317501626545,0.571656249298021,0.1467179750177719,0.7509999707442045,0.10452548629477043,0.3700626126560339,0.03868097454738521,6.0546875,Low,0,0,0.3,7.2,0.6933333333333334,False
12086006606,12086006602,47,1460059.1276595744,188344.95744680852,37350.34042553192,19454.489361702126,33869.9657556322,35886.284917995355,9.574468085106384,10.0,0.0,14.0,10.0,1843.0,228.0,443.0,317.0,130.0,0.0,33.4,7.7,25.0,50.6,4.2,0.09444699840714538,0.5550521705138872,0.0525884835562434,0.1548547952706371,0.5242674427746703,0.31663686740462405,0.4595960993048438,0.2055419329058847,0.34927179828405636,0.07179000052881922,24.4140625,Low,0,0,1.0,39.7,0.7685393258426966,False
12086006715,12086006702,100,1420877.31,143222.05,27181.13,16164.46,33493.18716573699,63544.88497520965,11.7,15.0,0.0,36.0,13.0,3833.0,491.0,931.0,679.0,290.0,0.0,10.6,2.1,1.9,52.4,4.9,0.03742700344396908,0.09394243861214141,0.10026352132155124,0.1905645919178775,0.3926498865601904,0.19330858693567132,0.589401629038883,0.1153677951898202,0.27336441349012874,0.0315374496677145,3.90625,Low,0,0,0.3,8.8,0.7752631578947368,False
12086006705,12086006705,3,1363356.3333333333,131468.0,14245.0,9502.666666666666,4371.772676310335,21310.57936800405,10.0,10.0,0.0,2.0,2.0,271.0,39.0,67.0,46.0,20.0,0.0,7.5,1.7,7.2,53.4,2.9,0.030781772202757882,0.12089769472745202,0.1088268650836913,0.16200390370852308,0.6693986847721095,0.19063773512519325,0.6691689609295192,0.11070975366397556,0.346059221844259,0.03831213120352499,5.859375,Low,0,0,0.3,13.7,0.8796992481203008,False
12086006706,12086006706,4,1430940.0,115016.25,12176.5,8032.75,47735.1980618076,6455.862058367316,12.5,12.5,0.0,3.0,2.0,271.0,40.0,64.0,48.0,20.0,0.0,1.9,3.6,0.6,55.4,2.6,0.019586268752905058,0.12848376719919985,0.14401583763746276,0.20400491578110314,0.6674100484084731,0.15927424709161278,0.712227954651093,0.08943025792225892,0.3712285047354663,0.03319906092658727,4.4921875,Low,0,0,0.3,3.8999999999999995,0.9090909090909091,False
12086006709,12086006709,2,1366735.0,189689.5,76684.0,51643.5,1254.4074298249352,1645.437479821096,5.0,5.0,0.0,2.0,1.0,177.0,20.0,48.0,33.0,12.0,0.0,1.5,10.1,1.4,32.1,1.6,0.01482751767632803,0.06036277133511748,0.03844780450947252,0.07800187956336298,0.6814545286070489,0.09683969454881916,0.25564685648841434,0.0558336061125736,0.22278276810068326,0.012438765322802374,0.5859375,Low,0,0,0.3,4.9,0.6451612903225806,False
12086006721,12086006711,4,1313528.0,188219.25,45579.75,30209.5,20509.53150773237,26452.62345370178,3.75,5.0,0.0,1.0,1.0,155.0,20.0,44.0,27.0,14.0,0.0,7.2,4.6,0.0,34.3,5.0,0.024040696674378265,0.0760350527365273,0.03227728660875904,0.057001373527072935,0.6841090903475077,0.13318979328165376,0.4074694351589536,0.07861524497801602,0.2513784476757641,0.019762178246223578,1.7578125,Low,0,0,0.3,4.1,0.7058823529411765,False
12086006713,12086006713,7,1336346.5714285714,158329.42857142858,24253.428571428572,20751.14285714286,11253.28529596498,8519.984386862512,5.0,5.0,0.0,0.0,0.0,0.0,0.0,0.0,0.0,0.0,0.0,8.8,8.2,3.5,51.0,6.3,0.0472763898905326,0.1091724898404202,0.06902795086089925,0.07800187956336298,0.6822746660486001,0.1960105412816086,0.5561928222415601,0.1216434655860706,0.29893396171096853,0.03636336308389595,5.078125,Low,0,0,0.3,8.9,0.0,False
12086006714,12086006714,2,1340723.5,146509.0,18475.5,12790.5,8116.878741240379,23043.19578530721,7.5,7.5,0.0,1.0,3.0,448.0,59.0,115.0,79.0,32.0,0.0,8.1,10.3,4.4,39.3,3.4,0.05683369831101481,0.09598730589786302,0.08465590088079225,0.12000289163594303,0.6568191224700676,0.15212979305597868,0.6177575903371175,0.10448174568349675,0.3150445622443566,0.03291640583138343,4.296875,Low,0,0,0.3,9.8,0.7831858407079646,False
12086006801,12086006801,63,1251076.0952380951,99342.12698412698,26654.396825396827,7067.3650793650795,37087.08484865632,48462.64008907242,15.396825396825397,15.0,0.0,11.0,2.0,241.0,28.0,60.0,43.0,30.0,0.0,11.4,6.1,3.5,44.2,3.8,0.061458209833891775,0.05685712944269683,0.14636912307149094,0.25267275516679116,0.6524090375586854,0.17389064464078174,0.7023795409587632,0.11767442723733676,0.36213751723968557,0.042614324922331165,7.6171875,Low,0,0,0.3,7.8,0.631578947368421,False
12086006802,12086006802,64,1332766.109375,33034.171875,22689.46875,4803.828125,56031.83723254589,30530.52173869056,20.3125,20.0,0.0,17.0,3.0,577.0,77.0,146.0,96.0,52.0,0.0,7.6,9.7,4.2,52.5,1.6,0.07381436055460079,0.09663990484686291,0.37138883909700326,0.33525807850791584,0.6210961963968821,0.17378161594619906,0.8533452087237086,0.12379798825039992,0.4555456455144745,0.05639563447092177,13.8671875,Low,0,0,0.3,16.5,0.7857142857142857,False
12086006901,12086006900,97,1301643.5773195876,68359.82474226804,46391.12371134021,7462.309278350515,57538.35827132222,37665.644494522,17.47422680412371,15.0,0.0,16.0,8.0,926.0,94.0,215.0,156.0,104.0,0.0,8.3,6.7,6.9,56.4,1.4,0.05279205236591547,0.4046168051708217,0.22626829136167528,0.2875739398018036,0.5664682031583439,0.1919670198481207,0.7038940315455394,0.12237953610701809,0.43776425420763676,0.05357338635416533,12.109375,Low,0,0,1.0,29.1,0.5936842105263157,False
12086007004,12086007001,54,1179969.4814814816,60152.055555555555,43736.2962962963,14419.648148148148,22336.40514711076,20614.45552749256,15.092592592592593,15.0,0.0,7.0,4.0,623.0,67.0,148.0,107.0,61.0,0.0,8.8,3.3,9.2,54.5,0.6,0.04299327830792517,0.05801781862938833,0.23202201959731011,0.24756152089340838,0.6303796442931914,0.19085994549947533,0.7106326993045482,0.11692661190370024,0.3757227405435693,0.04393198706693259,8.203125,Low,0,0,0.3,12.2,0.6360759493670887,False
12086007006,12086007002,82,1198098.3414634147,113019.39024390244,51572.70731707317,13360.914634146342,29914.6846140984,54072.03619173134,16.28048780487805,15.0,0.0,13.0,11.0,2235.0,278.0,521.0,379.0,203.0,0.0,11.7,3.4,5.4,58.8,6.2,0.04404985169759663,0.0890014501040468,0.11307688186563507,0.267518641354273,0.5051799733809555,0.22887933493562618,0.5834417443390282,0.1364645933166114,0.3116437382087877,0.04252833599433072,7.421875,Low,0,0,0.3,15.8,0.7561196736174071,False
12086007101,12086007101,41,1201839.0731707318,76808.65853658537,30500.268292682926,8001.536585365854,24173.287572639176,40243.8775415651,16.097560975609756,15.0,0.0,1.0,3.0,142.0,14.0,33.0,23.0,17.0,0.0,14.5,13.1,28.9,47.7,5.1,0.10123938228606302,0.3888366144057614,0.18832816278999978,0.26444539656847443,0.66608153907496,0.26798213499881524,0.7336187122178479,0.18461075864243914,0.44826208501140863,0.0827540035845977,35.3515625,Low,0,0,1.0,19.099999999999998,0.5753424657534247,False
12086007103,12086007103,15,1180535.9333333333,24600.0,10153.533333333333,9118.733333333334,11743.167523936569,9409.222087171409,19.333333333333332,20.0,0.0,2.0,1.0,50.0,6.0,14.0,10.0,8.0,0.0,22.6,4.3,1.5,20.0,15.4,0.12067117901229067,0.3777876895628904,0.40492264685205254,0.31880768211282196,0.6852987341914324,0.20148044977037566,0.897183487080228,0.16107581439133317,0.536800047959885,0.08646550489044519,39.0625,Low,0,0,1.0,17.2,0.5625,False
12086007104,12086007104,29,1225716.896551724,79217.06896551725,32884.68965517241,9461.275862068966,23954.8446626219,46709.961658493485,16.03448275862069,15.0,0.0,3.0,2.0,145.0,17.0,35.0,24.0,16.0,0.0,2.4,4.0,7.8,39.5,2.2,0.022970802022411314,0.06935474278917635,0.18616326107433753,0.2633856569871646,0.6712239846575465,0.13860771865091454,0.7178375632003535,0.08078926033666292,0.38159304174171566,0.030828619591930548,3.7109375,Low,0,0,0.3,6.1,0.68,False
12086007200,12086007200,52,1162301.1538461538,71769.88461538461,22320.173076923078,6089.076923076923,29467.895875824208,44067.09703357844,17.403846153846153,15.0,0.0,16.0,5.0,347.0,45.0,82.0,58.0,38.0,0.0,20.0,23.2,18.9,57.5,4.2,0.16704861036155727,0.5463520732892982,0.19497687797353852,0.28639151638501015,0.6116257272502639,0.27703839578890355,0.7733731961183207,0.2220435030752304,0.48254387820328626,0.107145733103765,58.0078125,Moderate,0,0,1.0,22.3,0.7584269662921348,False
12086007300,12086007300,95,1080780.4421052632,18968.55789473684,6926.252631578947,2026.2526315789473,29872.889044521467,7496.698575097432,24.157894736842106,25.0,0.0,12.0,2.0,185.0,23.0,44.0,30.0,22.0,0.0,6.2,1.8,1.8,33.0,0.7,0.03745529077894763,0.07935622955694321,0.4381028741963355,0.39986226681429227,0.652115483972415,0.10963023481489005,0.9363822694736906,0.07354276279691885,0.5011638248027352,0.036856972289864155,5.46875,Low,0,0,0.3,6.6,0.71875,False
12086007403,12086007400,226,1128576.6902654867,50226.62831858407,28520.08407079646,8895.0,21160.993140138115,31657.106935886095,17.013274336283185,15.0,0.0,47.0,8.0,807.0,103.0,206.0,159.0,61.0,0.0,21.5,1.8,5.5,43.5,0.0,0.09211874837859355,0.5178963562323491,0.25826781669650684,0.27982975173514146,0.5084225267875193,0.1882609170305677,0.7907188702025196,0.14018983270458063,0.4710270643308073,0.06603320534786562,20.1171875,Low,0,0,1.0,22.2,0.7253521126760564,False
12086007501,12086007501,67,1133903.656716418,29501.0,3806.820895522388,1386.4925373134329,10234.70947989959,9157.66763676508,21.567164179104477,20.0,0.0,10.0,3.0,178.0,19.0,48.0,35.0,7.0,0.0,1.9,1.9,1.2,36.7,1.5,0.017599671202757988,0.05730994152046782,0.3620206920697837,0.3563369446413562,0.647094115731069,0.10847704715480182,0.9262984843556836,0.0630383591787799,0.46981203566367213,0.029616179850680314,3.515625,Low,0,0,0.3,3.4000000000000004,0.6333333333333333,False
12086007503,12086007503,28,1100796.5357142857,75221.71428571429,34447.71428571428,13857.785714285714,17429.928831545767,33519.36902289662,12.321428571428571,12.5,0.0,0.0,0.0,0.0,0.0,0.0,0.0,0.0,0.0,12.4,14.1,4.0,55.1,1.9,0.09406165477920894,0.1091724898404202,0.17539042024839996,0.20100484349020456,0.8492054770637097,0.19568615201471404,0.7098992813525202,0.1448739033969615,0.4089345023990509,0.05924393759624461,15.625,Low,0,0,0.3,13.0,0.0,False
12086007601,12086007601,78,1141127.8205128205,19969.153846153848,3043.923076923077,1116.320512820513,12749.749048453283,8525.903396665408,23.91025641025641,25.0,0.0,3.0,2.0,122.0,13.0,33.0,23.0,7.0,0.0,6.2,7.6,3.4,63.4,3.3,0.06544253575474708,0.05362275745861832,0.43866870212777154,0.3957018426764685,0.671920179369679,0.2034337395484242,0.9484425471702475,0.13443813765158563,0.5016712057605569,0.06744374261587469,21.6796875,Low,0,0,0.3,4.2,0.6190476190476191,False
12086007603,12086007603,80,1132283.125,57504.025,23745.2125,10886.55,8056.421636130621,27051.076376710185,13.5625,15.0,0.0,10.0,6.0,997.0,125.0,211.0,155.0,78.0,0.0,26.2,24.7,19.8,65.7,5.2,0.19989884109377415,0.6204857846249462,0.23275028876325288,0.22185534591194966,0.5946719511647236,0.32376268632296357,0.7854571359283855,0.2618307637083689,0.49104410127865156,0.128570452052279,72.4609375,High,0,0,1.0,40.1,0.8445945945945946,False
12086007610,12086007604,150,1108282.38,50058.81333333333,23124.64,8259.38,32703.674923043185,22156.8707208265,15.666666666666666,15.0,0.0,16.0,4.0,302.0,34.0,78.0,47.0,20.0,0.0,11.6,6.2,1.7,46.1,4.1,0.0720012243027208,0.07540681042172935,0.25540760031415904,0.25720619773970455,0.6221983736550081,0.17587836848222246,0.8090025202552898,0.12393979639247163,0.40384430047717823,0.050052380375401606,10.3515625,Low,0,0,0.3,13.5,0.7034482758620689,False
12086007605,12086007605,42,1152787.9047619049,19632.0,3209.404761904762,2067.0476190476193,20385.141712160224,6827.569599363037,23.095238095238095,25.0,0.0,17.0,4.0,305.0,32.0,82.0,55.0,17.0,0.0,15.3,4.8,10.3,68.3,0.4,0.09509205849288478,0.4301624631687076,0.4439244858154446,0.38200920504108526,0.6201189292854414,0.24682853717432265,0.9461896367451222,0.17096029783360372,0.5644809440111602,0.09650383030954174,49.0234375,Moderate,0,0,1.0,12.5,0.6233766233766234,False
12086007607,12086007606,125,1145549.608,26113.824,4884.936,3332.464,16912.74030318085,14138.33759109401,21.88,25.0,0.0,18.0,5.0,396.0,46.0,104.0,67.0,24.0,0.0,7.4,2.0,3.7,100.0,2.5,0.04346878228180044,0.07650220727830005,0.3875665898917558,0.3615927130774235,0.606165257092796,0.29521814991593603,0.9248677081234136,0.16934346609886824,0.4713388950927378,0.07981816220221506,31.640625,Low,0,0,0.3,11.7,0.7076923076923077,False
12086007708,12086007701,104,1205960.451923077,14049.086538461539,11311.048076923076,3695.903846153846,31458.650946541115,2501.4266884870494,24.51923076923077,25.0,0.0,14.0,3.0,291.0,35.0,76.0,51.0,22.0,0.0,12.1,6.9,23.7,74.1,0.0,0.08822954151923619,0.0757293643618773,0.5173082341419932,0.405932858437738,0.6357191353864815,0.2862334061135371,0.9287320159919599,0.18723147381638663,0.51268432166401,0.09599064114770703,48.4375,Moderate,0,0,0.3,13.4,0.7046979865771812,False
12086007706,12086007702,143,1174263.5314685316,11253.825174825175,4629.083916083916,1744.7832167832169,36120.72821096218,4503.494803044843,26.433566433566433,25.0,0.0,29.0,4.0,318.0,38.0,85.0,57.0,17.0,0.0,7.2,10.1,12.4,47.9,5.0,0.08300079913021079,0.07889967964362454,0.5550371702725009,0.43809447257723116,0.5958617915627737,0.20103258804147908,0.9595468107538819,0.14201669358584493,0.5254879849620024,0.07462806614339179,28.125,Low,0,0,0.3,13.9,0.7169811320754716,False
12086007704,12086007704,56,1156556.875,25977.053571428572,2574.625,929.25,28978.84630244023,12660.552165783783,21.339285714285715,20.0,0.0,5.0,1.0,196.0,23.0,48.0,30.0,16.0,0.0,8.9,2.2,6.7,47.4,3.0,0.052074140206877305,0.5253731154427721,0.39042970061972954,0.35250849418058267,0.6749135021452479,0.1789899021698656,0.9382727965203116,0.11553202118837146,0.5762995217817288,0.06658104856133504,20.5078125,Low,0,0,1.0,22.6,0.7340425531914894,False
12086007705,12086007705,47,1119487.319148936,24836.063829787236,1782.8936170212767,1136.4468085106382,32334.06563693043,6864.19338940429,21.80851063829787,20.0,0.0,22.0,2.0,335.0,38.0,89.0,58.0,20.0,0.0,13.7,4.6,3.6,49.9,5.4,0.08623236964929126,0.4811447577636878,0.39281469601564006,0.36039166285985863,0.6276887200395355,0.20358230425510307,0.9424302693911614,0.14490733695219715,0.5608940212139767,0.08127765892652654,32.6171875,Low,0,0,1.0,20.2,0.6826347305389222,False
12086007801,12086007801,21,966425.5714285715,2067.1428571428573,1108.142857142857,196.0,40031.516455876896,2257.810937295554,39.76190476190476,40.0,0.0,5.0,1.0,16.0,3.0,0.0,5.0,1.0,0.0,6.7,0.0,2.6,100.0,0.8,0.033252387925337266,0.2809991079393399,0.8448927711069382,0.662015952191619,0.6803619825010669,0.2813304367940602,0.9926085947861869,0.15729141235969873,0.6921756817050302,0.10887329057642148,59.765625,Moderate,0,1,0.3,4.7,1.5,False
12086007809,12086007804,79,1140624.7088607594,55421.303797468354,14450.06329113924,8597.784810126583,23583.812896719795,19610.494487910546,11.329113924050633,10.0,0.0,24.0,12.0,2006.0,247.0,413.0,316.0,180.0,0.0,14.2,10.5,14.5,35.5,1.5,0.10171570519075236,0.5951804517353313,0.24129877591069743,0.18433355569647702,0.48102612485118046,0.1786761737923564,0.8236089489129746,0.14019593949155437,0.46508957142133217,0.06520366941313804,18.5546875,Low,0,0,1.0,14.7,0.8151815181518152,False
12086007805,12086007805,98,1090002.1734693877,29191.102040816328,4623.418367346939,2649.7551020408164,34780.95194420145,11484.085281482672,19.693877551020407,20.0,0.0,11.0,5.0,1172.0,124.0,246.0,183.0,138.0,0.0,5.9,3.7,7.1,57.5,3.6,0.04421867582209168,0.06318212354489489,0.3564301157111875,0.32486497092873146,0.5965967074376081,0.1994323804204326,0.9212224129602432,0.12182552812126214,0.4524592661165331,0.055121089048005334,13.28125,Low,0,0,0.3,11.0,0.656084656084656,False
12086007806,12086007806,94,1015180.3617021276,4422.063829787234,2802.7978723404253,348.8510638297872,33865.16221878058,7865.100770169078,35.53191489361702,35.0,0.0,20.0,1.0,31.0,6.0,2.0,10.0,4.0,0.0,15.3,5.6,0.0,0.0,3.2,0.10265674667026252,0.8617305976806423,0.7074353045229501,0.5909504099816811,0.6500783970168699,0.062437467700258396,0.9823612121556222,0.08254710718526045,0.7585111842715531,0.06261290402928274,16.796875,Low,0,0,1.0,12.600000000000001,1.125,False
12086007807,12086007807,99,1102319.7474747475,33858.42424242424,9486.060606060606,5284.969696969697,24761.53589222011,20942.431197232923,18.434343434343436,20.0,0.0,0.0,0.0,0.0,0.0,0.0,0.0,0.0,0.0,4.0,2.8,5.7,47.9,4.2,0.03027370369817725,0.1091724898404202,0.32993542871806697,0.3037042878725811,0.9322881079906262,0.16901219491554112,0.8904030499463895,0.09964294930685919,0.5131006728736167,0.05112686433646113,10.7421875,Low,0,0,0.3,11.6,0.0,False
12086007901,12086007901,113,1076899.8053097345,32140.46017699115,18839.106194690266,9923.814159292035,25141.684663713582,16838.660135573326,18.1858407079646,20.0,0.0,9.0,2.0,202.0,22.0,44.0,38.0,24.0,0.0,10.4,24.9,0.0,72.1,1.6,0.15067888674171753,0.4295300130723355,0.3354903221717867,0.29952934146829846,0.6575668143630523,0.2197187338501292,0.853704740746275,0.18519881029592336,0.5151642463643495,0.09540780553367349,47.265625,Moderate,0,0,1.0,21.4,0.6226415094339622,False
12086007902,12086007902,77,1056474.2337662338,28775.31168831169,24388.415584415583,10141.077922077922,22897.095814406395,16949.73548098189,20.064935064935064,20.0,0.0,10.0,2.0,105.0,14.0,22.0,20.0,9.0,0.0,8.1,1.6,4.4,55.1,3.6,0.04089136998150782,0.10640009795175877,0.35316456346392516,0.3310988873773519,0.6585143035244961,0.19266338478724487,0.843121030546553,0.11677737738437635,0.458459776572817,0.053537730344400715,11.9140625,Low,0,0,0.3,8.9,0.8235294117647058,False
12086008000,12086008000,73,940769.7397260274,3253.054794520548,835.4383561643835,227.87671232876713,100369.0335965824,5937.1228064760535,44.31506849315068,45.0,0.2054794520547945,3.0,1.0,89.0,11.0,22.0,16.0,9.0,0.0,8.3,2.9,0.8,56.1,1.2,0.05549432505224424,0.07506595554880711,0.7520590726685246,0.7385109461294165,0.682129593750702,0.17353495650113404,0.9909700902186471,0.11451464077668914,0.6477471316632195,0.07417653009654435,27.734375,Low,0,1,0.3,7.6000000000000005,0.7021276595744681,False
12086008101,12086008101,100,968587.06,1257.84,572.76,177.23,32895.079146844524,783.2733403203288,42.0,45.0,0.0,11.0,1.0,31.0,6.0,2.0,10.0,3.0,0.0,5.4,0.0,2.8,0.0,4.9,0.02688934786154585,0.20356824264049955,0.9413353005020169,0.6996168582375479,0.6679761242895972,0.049164918813400585,0.995901772649846,0.03802713333747322,0.7016796596639014,0.02668286597823201,2.5390625,Low,0,1,0.3,1.1,1.2,False
12086008102,12086008102,133,980984.6917293234,13132.69172932331,2941.315789473684,932.984962406015,50553.80104990766,10491.37458291799,27.857142857142858,30.0,0.0,12.0,1.0,31.0,6.0,2.0,10.0,3.0,0.0,2.8,0.0,3.2,62.2,4.0,0.01348134515722566,0.20356824264049955,0.49043952155604464,0.46201113279838063,0.6659874879259609,0.19330545907947147,0.9629532255161186,0.10339340211834856,0.5569919220874009,0.05758928977705451,14.6484375,Low,0,0,0.3,5.7,1.2,False
12086008202,12086008202,82,636648.4756097561,5441.487804878048,1589.9756097560976,747.5975609756098,24702.43807491635,5758.34016774832,35.792682926829265,35.0,0.0,4.0,1.0,16.0,3.0,0.0,5.0,0.0,0.0,8.5,1.8,0.0,47.7,2.7,0.05062262827824177,0.32450019823570214,0.577162036737029,0.5953314185061174,0.6823506188647034,0.15870348837209303,0.9829636558881897,0.1046630583251674,0.6324615856463484,0.06619536382693161,20.3125,Low,0,0,0.3,12.7,1.6685416666666661,False
12086008205,12086008205,110,800944.8363636363,1432.1090909090908,812.5727272727273,270.7909090909091,93134.49895700824,1579.6621247459736,45.18181818181818,45.0,0.14545454545454545,8.0,3.0,50.0,10.0,2.0,13.0,3.0,0.0,1.5,2.7,1.2,30.2,1.9,0.020886330476465625,0.3240162553275845,0.8795279998623696,0.7530726917844679,0.6549458633780354,0.0930942306173341,0.994587165545982,0.05699028054689986,0.7212299951796879,0.041103099764129646,6.25,Low,0,1,0.3,1.6,1.6666666666666667,False
12086008206,12086008206,108,745366.2222222222,10613.787037037036,4247.574074074074,1632.0833333333333,65229.19378340038,6647.03776909351,28.24074074074074,30.0,0.0,6.0,1.0,15.0,3.0,2.0,5.0,3.0,0.0,3.7,3.6,0.4,69.9,5.1,0.0351230205465232,0.12613737734165925,0.4785089335067327,0.468455732534385,0.6784036154727408,0.21329829220405538,0.9622745355211834,0.12421065637528929,0.5427560388753402,0.06741608384035803,21.484375,Low,0,0,0.3,17.2,0.8999999999999999,False
12086008207,12086008207,99,647948.0303030303,1321.878787878788,576.8383838383838,206.16161616161617,49923.41273972273,1359.7174471845638,46.21212121212121,50.0,0.020202020202020204,4.0,2.0,32.0,7.0,0.0,9.0,0.0,0.0,2.4,0.4,1.0,0.0,2.1,0.013939616229526957,0.32450019823570214,0.8540381950502084,0.7703821997901373,0.6726557831839522,0.020781970820215972,0.9956868735376397,0.017360793524871465,0.723452649959528,0.012559712080968476,0.78125,Low,0,1,0.3,1.2,1.6685416666666661,False
12086008208,12086008208,105,533975.9428571429,13571.219047619048,6059.447619047619,2125.9333333333334,28482.0837504199,6938.3552334676215,26.047619047619047,25.0,0.0,16.0,3.0,168.0,27.0,45.0,27.0,0.0,0.0,7.9,13.0,16.5,59.2,6.2,0.09923225324346542,0.1842105263157895,0.36654360782647866,0.4316104002506084,0.6354649909023519,0.24877409476095375,0.9495909401288556,0.17400317400220958,0.5134840930848167,0.08934786199640414,41.796875,Moderate,0,0,0.3,8.3,1.125,False
12086008209,12086008209,111,535548.5765765766,3909.162162162162,967.8918918918919,667.972972972973,41027.962645349224,2998.8729778202905,41.531531531531535,35.0,0.16216216216216217,3.0,1.0,27.0,6.0,0.0,7.0,0.0,0.0,12.0,5.4,8.4,40.2,3.4,0.08596704025005049,0.32450019823570214,0.6076606130507266,0.6917463983176411,0.6840062925399285,0.17699682362366428,0.9881268994258677,0.1314819319368574,0.6592080803139732,0.08667395194806823,39.2578125,Low,0,0,0.3,6.8,1.6685416666666661,False
12086008313,12086008304,145,671645.4344827586,4777.565517241379,594.1862068965518,437.6896551724138,51466.07224624538,2233.2089200849814,32.55172413793103,35.0,0.0,54.0,3.0,536.0,65.0,133.0,93.0,51.0,0.0,10.4,11.4,23.7,31.1,3.2,0.10770307683793809,0.0755417577781571,0.6126529441471248,0.5408819988184177,0.5487576936900509,0.19017087381379552,0.9881016223664045,0.1489369753258668,0.553187203360031,0.0823900288574182,34.5703125,Low,0,0,0.3,15.3,0.703971119133574,False
12086008305,12086008305,106,658869.4905660377,5942.301886792453,2187.7169811320755,828.7924528301887,22440.057660670067,7918.520518583917,36.65094339622642,35.0,0.0,9.0,4.0,721.0,82.0,150.0,118.0,74.0,0.0,9.3,4.4,10.1,56.8,4.0,0.06712602304855277,0.07949773333124666,0.5667764601709979,0.6097505418407445,0.6234359767055282,0.2181373368087291,0.9799419423146388,0.14263167992864093,0.5718805308726312,0.08156828083684639,33.203125,Low,0,0,0.3,9.3,0.7192982456140351,False
12086008310,12086008306,100,562461.66,10309.03,3027.55,925.34,22316.85965391469,6794.380874203138,28.2,30.0,0.0,20.0,7.0,1106.0,133.0,229.0,172.0,124.0,0.0,6.4,11.1,23.2,65.2,4.7,0.08473355756613392,0.09000297353553377,0.42972403041405466,0.4677712715969059,0.5622757036637689,0.26980818297733095,0.9683835150415305,0.17727087027173244,0.5036314988503587,0.08927919409746012,41.6015625,Moderate,0,0,0.3,10.2,0.76,False
12086008315,12086008307,87,607101.908045977,3683.712643678161,551.4367816091954,355.5402298850575,36420.812875374904,1554.7049365464818,33.9080459770115,35.0,0.0,25.0,3.0,370.0,45.0,88.0,64.0,37.0,0.0,13.8,5.9,17.5,23.9,3.0,0.09757784256453207,0.5083754584200616,0.6433781679702405,0.5636687547934267,0.6114528578969831,0.1644158847026167,0.9906379955790058,0.13099686363357438,0.6635026469319436,0.08691676576065946,39.6484375,Low,0,0,1.0,3.0999999999999996,0.7142857142857143,False
12086008308,12086008308,56,569606.1428571428,5201.571428571428,615.1964285714286,344.0357142857143,23202.34698585357,2603.7595466216494,33.30357142857143,35.0,0.0,10.0,1.0,100.0,12.0,25.0,16.0,12.0,0.0,17.5,3.8,30.5,37.2,5.0,0.10516083977216563,0.4782286704929898,0.5643713134268219,0.5535133376707873,0.6678761765168363,0.2545821513602564,0.9874257255602407,0.17987149556621101,0.6502830447335353,0.11696738379757028,64.84375,Moderate,0,0,1.0,15.600000000000001,0.6792452830188679,False
12086008309,12086008309,108,532506.0370370371,14824.231481481482,6294.212962962963,1337.3055555555557,12429.495388232455,4276.091904292157,24.12037037037037,25.0,0.0,44.0,4.0,1092.0,124.0,223.0,166.0,152.0,0.0,21.5,11.7,50.4,51.0,18.0,0.15743094565303636,0.4854299507030681,0.3489428757574423,0.3992318422666141,0.5426037805782061,0.4225778409667919,0.9483791906809419,0.2900043933099141,0.5449175279972545,0.1580284771107819,89.6484375,High,0,0,1.0,29.8,0.687615526802218,False
12086008429,12086008405,125,949426.352,12684.072,1549.432,1153.104,108084.22344032307,9588.765890837587,26.92,25.0,0.0,31.0,2.0,256.0,28.0,65.0,47.0,24.0,0.0,17.7,1.0,12.2,38.3,0.9,0.09046148919775901,0.4252330727116895,0.4908374146416704,0.44626675341574495,0.6121822702563066,0.1867981060221387,0.9675025582648021,0.13862979760994887,0.5884044138580428,0.08157038480594106,33.3984375,Low,0,0,1.0,7.199999999999999,0.6176470588235293,False
12086008423,12086008407,118,1011117.1525423729,18034.593220338982,5566.813559322034,4139.618644067797,58919.667293063096,9705.158753539616,23.64406779661017,25.0,0.0,19.0,5.0,386.0,46.0,94.0,68.0,28.0,0.0,17.5,0.4,11.2,63.5,1.0,0.08385884015373374,0.5187254487691129,0.43498416232164333,0.3912297662063329,0.6044793140822607,0.2469856442458504,0.9369702810473044,0.16542224219979207,0.5772777944853308,0.09549458713591417,47.4609375,Moderate,0,0,1.0,7.1000000000000005,0.7263157894736841,False
12086008409,12086008409,147,827627.7619047619,16779.05442176871,6972.6122448979595,2682.0680272108843,100350.4209998153,12013.67849052614,25.85034013605442,25.0,0.0,14.0,3.0,698.0,78.0,128.0,97.0,97.0,0.0,6.7,4.5,4.5,51.6,5.9,0.05258198366091328,0.08141023154791921,0.4102288195467136,0.4282960346720919,0.6233995159152682,0.1918726154609977,0.9389639939448801,0.12222729956095549,0.4964597191253747,0.060680930809484994,16.2109375,Low,0,0,0.3,14.4,0.7267080745341615,False
12086008421,12086008410,70,893532.8857142857,8291.8,1682.9857142857143,1400.2714285714285,117618.01893867798,4072.27077485868,30.142857142857142,30.0,0.0,13.0,5.0,559.0,69.0,122.0,101.0,56.0,0.0,7.2,1.9,5.4,19.6,4.8,0.044375661677712494,0.08534046981861433,0.5612658012444515,0.5004120581218824,0.6111745372554306,0.11014419281676315,0.9752892676420328,0.07725992724723782,0.5466964268164823,0.0422377261621663,7.2265625,Low,0,0,0.3,5.0,0.7419354838709677,False
12086008431,12086008412,48,986896.3125,14703.5625,6155.520833333333,4854.5625,79160.78682189794,4957.515909809129,24.166666666666668,25.0,0.0,10.0,3.0,220.0,27.0,46.0,38.0,24.0,0.0,31.2,14.5,12.8,69.9,3.2,0.2148021282650474,0.5391019922688076,0.46976413139371154,0.4000096387864768,0.6458228036480446,0.3198219655168523,0.9400530777463783,0.2673120468909499,0.5989503287686837,0.16010663836916422,90.4296875,Critical,0,0,1.0,24.8,0.75,False
12086008426,12086008414,136,717556.3602941176,2750.3088235294117,692.3676470588235,548.1176470588235,51787.06112572519,1566.265383665781,40.0,40.0,0.0,15.0,2.0,247.0,27.0,58.0,45.0,32.0,0.0,1.6,5.6,5.3,0.0,5.1,0.03569739760620421,0.0487065120428189,0.7321589601801287,0.6660160485794838,0.6442728760922793,0.045621654649470225,0.991594377950117,0.040659526127837214,0.6165497549689656,0.025068620871272287,2.1484375,Low,0,1,0.3,3.0,0.6,False
12086008415,12086008415,124,702515.0322580645,1719.6854838709678,347.56451612903226,291.03225806451616,23771.24574991843,1812.362261060416,41.774193548387096,42.5,0.0,4.0,1.0,49.0,4.0,13.0,9.0,3.0,0.0,1.1,0.7,2.8,0.0,3.6,0.008958280998306103,0.017734165923282787,0.818818494912324,0.6958232184374439,0.6813517307994699,0.02954657256017061,0.9953645553673448,0.019252426779238357,0.641818433087973,0.012356562388591693,0.390625,Low,0,1,0.3,2.9000000000000004,0.48,False
12086008416,12086008416,36,841248.3611111111,12599.527777777777,2166.8888888888887,1707.388888888889,91365.38803918901,8444.029060267078,27.083333333333332,30.0,0.0,8.0,3.0,258.0,26.0,60.0,45.0,31.0,0.0,8.7,1.7,13.1,75.8,1.7,0.05014817672749637,0.04187437686939183,0.46874993597267944,0.4490108195378201,0.6486498416335333,0.2601388048249326,0.9643880139903147,0.1551434907762145,0.5145345976007479,0.07982669359691488,31.8359375,Low,0,0,0.3,16.5,0.5735294117647058,False
12086008425,12086008417,45,831006.5333333333,10044.2,2330.133333333333,1932.4666666666667,81280.41747935467,6356.930700925064,28.444444444444443,30.0,0.0,18.0,5.0,559.0,69.0,124.0,102.0,56.0,0.0,14.8,8.3,19.1,35.0,4.2,0.11185616564112838,0.5253731154427721,0.5101897520442642,0.47187803722178034,0.6012313554372487,0.20573424731728784,0.96845165057254,0.1587952064792081,0.615424782143721,0.09772650535293384,50.0,Moderate,0,0,1.0,18.2,0.7340425531914894,False
12086008418,12086008418,24,792900.8333333334,11905.833333333334,3197.9166666666665,1520.3333333333333,44633.08823952361,2018.9352696875665,25.833333333333332,25.0,0.0,8.0,3.0,213.0,29.0,46.0,35.0,22.0,0.0,9.0,2.7,4.8,44.7,3.2,0.05634370833013356,0.1118540138399314,0.46825556962130277,0.42801031350153007,0.650011961722488,0.16838790438148113,0.9631403133356166,0.11236580635580734,0.5242544344041737,0.05890827225743269,15.4296875,Low,0,0,0.3,6.500000000000001,0.8446601941747572,False
12086008419,12086008419,30,813146.0,15541.4,3509.8333333333335,2641.266666666667,65624.61294519684,4183.608651836849,24.666666666666668,25.0,0.0,7.0,3.0,254.0,28.0,60.0,43.0,28.0,0.0,9.6,12.9,20.3,37.6,3.1,0.10710335496337785,0.059345867580064174,0.42162613300449386,0.4084098412009928,0.65075955533841,0.1942246019656297,0.9520298218966919,0.15066397846450377,0.49843424380413054,0.07509608617447674,28.3203125,Low,0,0,0.3,17.0,0.6412213740458016,False
12086008503,12086008501,107,1099664.3457943925,8310.58878504673,5366.121495327103,1410.4018691588785,27155.19058763894,3458.6431900529224,29.626168224299064,30.0,0.0,13.0,3.0,191.0,22.0,51.0,35.0,9.0,0.0,11.3,7.1,36.4,94.9,2.3,0.0886956742815215,0.07315836424245267,0.6009466800952084,0.49173147511943194,0.6407347052811285,0.3823812830754996,0.9640834161034946,0.23553847867851058,0.5541309281683432,0.1305191558094826,73.6328125,High,0,0,0.3,9.1,0.6947368421052631,False
12086008502,12086008502,60,1068585.0666666667,9465.166666666666,4859.2,1916.9833333333333,28176.00761669081,5510.730971128802,28.75,30.0,0.0,14.0,4.0,211.0,25.0,51.0,40.0,10.0,0.0,5.6,5.6,12.7,63.3,4.3,0.05387218669170828,0.08550533911553514,0.5702636984056952,0.47701149425287354,0.6289301558955006,0.231933794274624,0.9620033337805052,0.14290299048316613,0.544742804290022,0.07784537577723023,30.46875,Low,0,0,0.3,16.7,0.7425742574257427,False
12086008601,12086008601,85,1037407.8823529412,6602.1882352941175,4209.35294117647,1495.235294117647,33973.820205316,2820.999976764899,31.705882352941178,30.0,0.0,10.0,3.0,248.0,30.0,63.0,42.0,15.0,0.0,11.7,5.6,22.6,39.3,4.0,0.08397399197269055,0.5391019922688076,0.6341599418934036,0.5266715144092771,0.6449752622593615,0.21570305733274656,0.9707975950600065,0.14983852465271855,0.6631412611781713,0.09936410821128029,51.7578125,Moderate,0,0,1.0,20.700000000000003,0.75,False
12086008603,12086008602,88,870671.5568181818,7941.522727272727,3425.1363636363635,853.0909090909091,83646.61211610716,4033.5464073402204,29.431818181818183,30.0,0.0,21.0,3.0,324.0,38.0,77.0,55.0,36.0,0.0,13.1,0.9,6.8,33.6,2.5,0.0680484529853132,0.0689860243829914,0.5645984853227874,0.48846631572721355,0.6207997927757934,0.1547788486058924,0.9721207569330456,0.1114136507956028,0.5429942750283663,0.0604969745420219,16.015625,Low,0,0,0.3,9.8,0.6785714285714286,False
12086008704,12086008701,81,1034104.9506172839,7004.382716049383,7069.740740740741,2794.641975308642,79158.42465949238,2046.9372887798816,31.234567901234566,30.0,0.0,18.0,3.0,320.0,35.0,76.0,55.0,35.0,0.0,4.4,3.8,20.7,80.7,2.3,0.03927865477153281,0.05710262996678954,0.6221146501700059,0.5187532408188327,0.6268867792079429,0.28333193809733365,0.9580159700373857,0.16130529643443323,0.5565746540401914,0.08977843955784519,42.7734375,Moderate,0,0,0.3,3.3,0.6325301204819277,False
12086008702,12086008702,78,1020053.1538461539,6366.641025641025,5188.525641025641,1880.1025641025642,44867.137169872774,3267.783084148684,31.73076923076923,32.5,0.0,13.0,3.0,221.0,26.0,54.0,39.0,21.0,0.0,9.9,8.8,34.1,82.4,11.4,0.09044488997583618,0.07044149177582672,0.6379207110752831,0.527089624031719,0.6398266252218254,0.38768241427169026,0.9673250264795313,0.2390636521237632,0.5685206957168372,0.1359126338260098,77.5390625,High,0,0,0.3,18.8,0.6842105263157895,False
12086008809,12086008803,95,1107284.3894736841,10338.494736842105,8120.442105263158,2619.2,45577.68583915904,2291.3858014156963,27.736842105263158,30.0,0.0,19.0,2.0,289.0,34.0,70.0,52.0,37.0,0.0,0.5,6.6,10.3,100.0,3.6,0.03367490209546085,0.05942021667536285,0.5600821135429578,0.4599900314655647,0.6350470185547094,0.2982160048745811,0.9485887914214322,0.165945453485021,0.5326256343320054,0.0883868024269716,40.8203125,Moderate,0,0,0.3,1.6,0.6415094339622641,False
12086008808,12086008804,103,1088346.8446601941,9062.563106796117,3985.854368932039,1146.2912621359224,19459.16373158132,1432.755775132163,28.59223300970874,30.0,0.0,13.0,3.0,320.0,35.0,77.0,56.0,34.0,0.0,10.4,6.4,30.7,34.3,8.3,0.08126357336966886,0.4347789701595917,0.5822059913050928,0.47436094494732234,0.6368299610261248,0.24363226645453212,0.9674234924960577,0.1624479199121005,0.6191198719868379,0.10057473538050776,53.125,Moderate,0,0,1.0,25.1,0.62874251497006,False
12086008805,12086008805,60,1135461.4166666667,13531.65,10629.666666666666,3164.233333333333,21239.963719918276,2615.5457013980267,25.0,25.0,0.0,10.0,3.0,290.0,33.0,75.0,52.0,20.0,0.0,19.7,11.3,30.7,54.2,3.7,0.14464465132917279,0.4732594197357801,0.5129188507652777,0.4140099761440034,0.6437039501763371,0.2975096566354107,0.9331912988978892,0.22107715398229172,0.5954166991438574,0.13163302928025442,75.0,High,0,0,1.0,24.7,0.673469387755102,False
12086008806,12086008806,47,1101279.425531915,9276.255319148937,5879.04255319149,1872.1914893617022,20060.831597423996,1599.4232991665287,28.19148936170213,30.0,0.0,4.0,2.0,221.0,25.0,54.0,38.0,18.0,0.0,7.5,1.5,21.3,52.8,1.8,0.043173540726081115,0.06982402076068446,0.5799847007252973,0.4676282894281482,0.6669348788103421,0.22193551335432113,0.9594120161351359,0.13255452704020113,0.5487567811719216,0.07274019558834721,25.9765625,Low,0,0,0.3,10.9,0.6818181818181819,False
12086008911,12086008901,101,1217138.0099009902,14682.485148514852,11604.168316831683,3842.8811881188117,33518.469694332714,3052.53635068892,24.504950495049506,25.0,0.0,14.0,3.0,459.0,54.0,108.0,81.0,36.0,0.0,3.8,3.0,16.8,74.1,1.5,0.03149071263647899,0.07967885816235504,0.5105685385594597,0.4056929440504232,0.6306338870543837,0.2502534663687756,0.9261974304846761,0.1408720895026273,0.5105543316622596,0.0719228555058799,25.0,Low,0,0,0.3,2.8,0.72,False
12086008909,12086008902,95,1154291.3157894737,11327.6,7716.231578947369,2219.684210526316,29255.363622529945,3074.8209371839334,26.473684210526315,25.0,0.0,15.0,3.0,298.0,32.0,72.0,55.0,23.0,0.0,10.3,13.6,19.9,35.7,4.1,0.1133870748325431,0.059030627415997614,0.5504588615902669,0.43876846747099796,0.6335186136756744,0.19565085756519188,0.9488458144982685,0.15451896619886749,0.5261244769302411,0.08129621026718076,32.8125,Low,0,0,0.3,19.400000000000002,0.64,False
12086008904,12086008904,33,1212680.8484848484,12786.181818181818,7149.030303030303,3157.212121212121,65201.85571991088,3679.2391830253564,24.696969696969695,25.0,0.0,5.0,7.0,1254.0,121.0,307.0,209.0,126.0,0.0,100.0,100.0,0.0,100.0,17.2,0.9452362176642776,0.3803003734056616,0.536586770267842,0.40891894437763004,0.5876253874924185,0.638888888888889,0.9452362176642775,0.7920625532765833,0.5717335386415658,0.4528487264102947,99.8046875,Critical,0,0,1.0,100.0,0.5654205607476636,False
12086008906,12086008906,54,1129779.351851852,7902.148148148148,10686.537037037036,1616.4444444444443,20432.182843293787,2806.032365817503,29.62962962962963,30.0,0.0,8.0,2.0,228.0,22.0,53.0,43.0,30.0,0.0,9.7,8.0,29.6,60.9,3.0,0.08392295379711835,0.029041530379621386,0.6159082833588634,0.4917896281302628,0.6587684480086259,0.27763990216986567,0.9482819638092469,0.180781427983492,0.548757970737324,0.09920524956721676,51.5625,Moderate,0,0,0.3,12.399999999999999,0.5238095238095238,False
12086008907,12086008907,38,1178709.7105263157,9736.71052631579,1955.1315789473683,1376.5,31234.470299877565,4910.906031383149,28.94736842105263,30.0,0.0,5.0,5.0,534.0,56.0,133.0,82.0,48.0,0.0,14.4,8.1,26.6,45.8,1.8,0.10930775164200332,0.443417462907123,0.5837539129946898,0.48032736362702455,0.6278403615472741,0.23960057885650451,0.9716244590400294,0.17445416524925392,0.6213927120232281,0.10840454686798229,59.1796875,Moderate,0,0,1.0,27.1,0.6387832699619772,False
12086009051,12086009006,124,1227928.5806451612,20953.274193548386,5815.112903225807,3909.4032258064517,58128.293688947764,5921.306637743935,20.443548387096776,20.0,0.0,17.0,7.0,658.0,73.0,165.0,109.0,45.0,0.0,6.8,11.1,17.7,38.4,4.8,0.0833195718305115,0.07103767068699858,0.443540143016017,0.3374597444633333,0.5818022749736055,0.18951406181239633,0.9309449366537597,0.1364168168214539,0.4729569539587429,0.06451928215262263,17.578125,Low,0,0,0.3,6.1,0.6865203761755486,False
12086009010,12086009010,271,1278704.0885608855,32291.284132841327,6375.656826568265,4914.549815498155,65231.683027437815,16644.1236687442,18.782287822878228,20.0,0.0,88.0,14.0,1230.0,141.0,330.0,222.0,104.0,0.0,10.3,2.7,3.5,59.4,3.6,0.05875395454650052,0.060273927895389594,0.36778161032902773,0.3095498944579556,0.3588213491475166,0.2075570529095156,0.903906993023085,0.13315550372800805,0.4000667549705949,0.05327109028293913,11.71875,Low,0,0,0.3,7.6,0.6448170731707318,False
12086009014,12086009014,53,1265278.3962264152,29823.622641509435,4828.811320754717,3419.8867924528304,27511.332060513334,6793.594449712891,19.339622641509433,20.0,0.0,16.0,4.0,600.0,61.0,144.0,111.0,50.0,0.0,5.5,0.8,20.2,38.2,0.8,0.028896920764030762,0.0487065120428189,0.3811059180016541,0.31891334503627494,0.6131781117325965,0.17126537129187683,0.9173625639374845,0.10008114602795379,0.4558532901501658,0.04562231969884193,8.59375,Low,0,0,0.3,7.6,0.6,False
12086009015,12086009015,18,1214622.7222222222,22281.833333333332,3537.277777777778,2635.4444444444443,15769.26112934147,4839.538726803959,20.0,20.0,0.0,12.0,5.0,410.0,42.0,98.0,71.0,36.0,0.0,15.3,7.8,32.3,51.9,2.2,0.10838783196202505,0.4226409347055113,0.429552857747594,0.3300079519988433,0.6176733045802727,0.2751745308779888,0.9384227875500003,0.19178118142000694,0.5476595673164443,0.1050307988359175,56.8359375,Moderate,0,0,1.0,23.1,0.6146341463414634,False
12086009061,12086009017,47,1231662.2978723405,22769.82978723404,2040.127659574468,1450.2340425531916,23507.72460732196,3863.948275371399,20.425531914893618,20.0,0.0,15.0,7.0,420.0,55.0,101.0,66.0,42.0,0.0,30.4,14.3,46.4,64.4,1.4,0.21120760757424348,0.5730628981016322,0.4280582082754411,0.3371570604367293,0.5929836495046835,0.38607269670401595,0.9450004813165255,0.2986401521391297,0.5752524595270023,0.17179348203155254,93.75,Critical,0,0,1.0,38.2,0.7894736842105262,False
12086009054,12086009019,61,1197991.2950819673,16810.131147540982,2143.4754098360654,1936.967213114754,27161.67761285751,4797.723586853144,22.868852459016395,25.0,0.0,11.0,6.0,524.0,61.0,127.0,83.0,47.0,0.0,1.6,1.5,18.8,9.9,2.5,0.014808928233604086,0.07763010374977872,0.4813495911552515,0.37820583470508273,0.6070007104027675,0.09377994030894915,0.9554147247486507,0.054294434271276615,0.4999201929523062,0.027142884057132912,2.734375,Low,0,0,0.3,8.5,0.7120622568093384,False
12086009020,12086009020,15,1240940.6,27382.666666666668,1422.8,1372.1333333333334,15071.672334927782,2280.6343624610454,20.0,20.0,0.0,8.0,8.0,696.0,73.0,157.0,112.0,75.0,0.0,22.0,6.2,42.3,55.8,12.1,0.13223011312167604,0.44156311156290423,0.3938555264007638,0.3300079519988433,0.5893392411887594,0.3834798979948772,0.9378022207211066,0.2578550055582766,0.5385136103744755,0.138858429996318,79.8828125,High,0,0,1.0,32.099999999999994,0.6366279069767442,False
12086009021,12086009021,34,1220086.1470588236,22407.970588235294,1838.5,1537.2941176470588,32809.69628403228,4354.281824966081,21.91176470588235,20.0,0.0,14.0,5.0,371.0,41.0,95.0,57.0,41.0,0.0,17.8,1.5,35.4,54.9,6.5,0.09130007856833515,0.44214624556473303,0.4293292312595015,0.36212637299552214,0.6148765359300941,0.32085745179016734,0.9461148038169445,0.20607876517925125,0.558918637913359,0.11518126273685407,63.671875,Moderate,0,0,1.0,19.6,0.6373056994818653,False
12086009022,12086009022,23,1204722.7391304348,13177.739130434782,2956.3478260869565,2759.391304347826,64670.18329761433,4186.463491446855,25.869565217391305,25.0,0.0,2.0,2.0,131.0,12.0,31.0,23.0,14.0,0.0,7.2,2.5,30.9,37.8,4.3,0.046470276779236944,0.03048748491368002,0.5294845093277236,0.4286190238214226,0.6736363917155244,0.22265628335759338,0.9581500366852977,0.13456328006841517,0.5240754892927297,0.07052131684268931,23.828125,Low,0,0,0.3,13.9,0.5294117647058824,False
12086009064,12086009023,48,1228201.0,14833.395833333334,1258.8958333333333,1127.5,50405.83075399113,5278.498129161054,24.166666666666668,25.0,0.0,4.0,5.0,270.0,33.0,66.0,38.0,24.0,0.0,13.2,2.0,7.5,57.6,4.0,0.07327386241065063,0.5592662801070473,0.5103409581055006,0.4000096387864768,0.6378201024327785,0.22474126693973348,0.9641297685611927,0.14900756467519205,0.6143133495985992,0.09153733617114714,44.140625,Moderate,0,0,1.0,11.3,0.7734375,False
12086009024,12086009024,29,1223199.2068965517,17013.689655172413,2170.896551724138,1429.4827586206898,44816.622430729025,10034.346512651464,24.655172413793103,25.0,0.0,2.0,1.0,93.0,8.0,22.0,19.0,12.0,0.0,17.8,9.8,18.9,45.1,1.5,0.1319583235531955,0.28343404081037255,0.48304784013196284,0.4082167330995096,0.6839971527730979,0.22548490741681054,0.9562197358927208,0.17872161548500304,0.5629831005415328,0.10061724921953863,53.3203125,Moderate,0,0,1.0,14.0,0.45283018867924524,False
12086009026,12086009026,7,1280713.0,32765.285714285714,2965.285714285714,2019.7142857142858,28564.47792859749,7370.142280722622,19.285714285714285,20.0,0.0,3.0,1.0,93.0,8.0,22.0,19.0,12.0,0.0,9.3,8.0,26.2,70.0,2.4,0.07963791009968559,0.010721559254708557,0.36526863953630523,0.318007662835249,0.6820085164094615,0.2868096509935344,0.9206694809212206,0.18322378054660998,0.45933517179138905,0.08416112671364487,36.1328125,Low,0,0,0.3,14.399999999999999,0.45283018867924524,False
12086009027,12086009027,29,1222398.5172413792,20666.689655172413,433.0689655172414,244.20689655172413,64978.94579324503,12956.87657771912,23.103448275862068,20.0,0.0,5.0,2.0,162.0,16.0,42.0,31.0,14.0,0.0,12.9,7.1,25.7,51.4,9.2,0.0957168443458901,0.03624637279932737,0.44532942575896,0.3821471393992875,0.6667321332300019,0.2848871410356228,0.957168443458901,0.19030199269075646,0.4975247029292955,0.09467994238032157,46.6796875,Moderate,0,0,0.3,17.0,0.5517241379310345,False
12086009028,12086009028,28,1267964.7857142857,17174.428571428572,3745.1428571428573,2441.5,32720.08250505436,6378.408755635551,23.75,25.0,0.0,5.0,1.0,93.0,8.0,22.0,19.0,12.0,0.0,9.3,2.7,10.2,41.8,2.6,0.05691290019577727,0.010721559254708557,0.48817722805687075,0.3930094701077134,0.6780312436821888,0.1736751204540582,0.9485483365962877,0.11529401032491773,0.5036975675395539,0.05807331255254127,15.0390625,Low,0,0,0.3,8.8,0.45283018867924524,False
12086009029,12086009029,64,1252635.234375,21453.6875,2495.578125,2087.234375,32877.52830992006,6063.727977091217,21.09375,20.0,0.0,10.0,5.0,410.0,42.0,97.0,67.0,36.0,0.0,10.5,5.4,36.6,39.0,3.4,0.07509875789236943,0.05644959857270295,0.4428287623600988,0.3483833947805971,0.6216505773075454,0.24646188912584768,0.9446384640549614,0.16078032350910856,0.4827901594151811,0.07762315801778691,30.078125,Low,0,0,0.3,16.2,0.63,False
12086009030,12086009030,43,1320146.7674418604,22234.720930232557,3840.767441860465,2441.860465116279,33489.46578569588,7231.477594930379,22.906976744186046,20.0,0.0,1.0,1.0,70.0,8.0,20.0,14.0,2.0,0.0,15.5,6.7,26.7,61.3,1.3,0.1041284327480822,0.4674067466217332,0.4460631012415031,0.3788463381297503,0.6866819838488667,0.27933952529253125,0.9380939887214612,0.19173397902030673,0.5834184317126629,0.11186113734605597,61.1328125,Moderate,0,0,1.0,25.1,0.6666666666666666,False
12086009031,12086009031,18,1291395.888888889,35284.944444444445,2788.6666666666665,2014.5555555555557,20250.883469148856,4871.226207171857,19.166666666666668,20.0,0.0,5.0,2.0,163.0,15.0,42.0,33.0,13.0,0.0,8.7,5.4,20.6,55.5,1.9,0.06458899555163349,0.025829210931797925,0.3525553712914164,0.31600761464131666,0.6667018638946919,0.23089182887060924,0.9161559652713969,0.14774041221112136,0.455450005206124,0.06728837151071013,21.2890625,Low,0,0,0.3,9.5,0.5113636363636364,False
12086009057,12086009034,61,1240042.0,14821.803278688525,3860.9180327868853,1882.049180327869,36632.089736095244,7642.817106756016,26.229508196721312,25.0,0.0,32.0,3.0,238.0,30.0,67.0,47.0,12.0,0.0,10.5,0.0,8.2,65.7,2.1,0.05010354435442291,0.07820398453761522,0.5123464333653004,0.4346662115895346,0.6015279556124626,0.22898262584205004,0.9543532257985315,0.13954308509823649,0.5162195621806889,0.07203487029475425,25.1953125,Low,0,0,0.3,9.3,0.7142857142857143,False
12086009066,12086009035,116,1342406.5172413792,32082.560344827587,13396.422413793103,7955.482758620689,75622.61210079641,16102.659047654908,18.836206896551722,20.0,0.0,44.0,7.0,488.0,64.0,130.0,88.0,30.0,0.0,14.7,5.3,5.4,55.1,0.0,0.087531615843711,0.5599167410050551,0.3784310554488524,0.3104557567236767,0.5332548801581417,0.19658799126637555,0.8753161584371101,0.14205980355504327,0.5314749183545672,0.07550122249588248,28.90625,Low,0,0,1.0,12.899999999999999,0.7741935483870968,False
12086009049,12086009036,90,1284449.388888889,3052.133333333333,958.3555555555556,622.4888888888889,74160.66168945543,1680.070278091319,35.611111111111114,35.0,0.0,13.0,3.0,213.0,27.0,59.0,38.0,9.0,0.0,8.6,1.6,7.9,37.6,3.0,0.05048966413785672,0.09107434399878814,0.8245623149411151,0.59228093849651,0.6400687799043062,0.15686501134017128,0.9899934144677789,0.103677337739014,0.6275959583616997,0.0650674781387061,18.1640625,Low,0,0,0.3,5.9,0.7641509433962264,False
12086009060,12086009038,59,1268305.2372881356,6854.220338983051,1227.3389830508474,680.457627118644,37436.53682513873,3273.780478747387,29.83050847457627,30.0,0.0,11.0,3.0,176.0,22.0,47.0,35.0,10.0,0.0,5.9,6.2,16.3,56.6,1.9,0.059374376283097496,0.07900554629019119,0.665758136120131,0.4951644740469547,0.6451660180380528,0.21350602101034724,0.9813946493073966,0.13644019864672235,0.5732977647605453,0.07822086090765071,30.859375,Low,0,0,0.3,5.1,0.717391304347826,False
12086009039,12086009039,30,1324492.6333333333,11449.166666666666,2075.366666666667,1529.2333333333333,54498.1595238005,4532.1364687379355,27.0,25.0,0.0,12.0,3.0,142.0,18.0,39.0,24.0,10.0,0.0,15.4,6.5,7.6,77.6,1.7,0.1059336696839072,0.530262852394511,0.574978605287564,0.4476107858020675,0.6442065390749601,0.2697278877943649,0.9674307733690155,0.18783077873913606,0.6328979111856234,0.11887770752036822,66.015625,Moderate,0,0,1.0,18.6,0.7397260273972603,False
12086009040,12086009040,111,1318186.945945946,8521.990990990991,2558.234234234234,2092.1441441441443,123814.6346287529,4681.328258470502,31.936936936936938,30.0,0.0,18.0,5.0,710.0,89.0,180.0,121.0,52.0,0.0,9.6,5.1,9.2,58.6,5.9,0.07132521422857753,0.08906707639122294,0.6311223706073927,0.5305533249580093,0.5966606858054225,0.23090012637802826,0.9704110779398303,0.1511126703033029,0.5635629071403756,0.08516149578187449,37.3046875,Low,0,0,0.3,8.0,0.7563739376770537,False
12086009043,12086009043,84,1368565.6785714286,3336.6666666666665,772.7380952380952,402.7142857142857,41728.64204095536,953.9962786082519,34.523809523809526,35.0,0.0,6.0,2.0,151.0,18.0,42.0,29.0,5.0,0.0,13.0,0.1,8.0,66.3,3.3,0.06488070041924711,0.07723367294239167,0.8195955990615417,0.5740138316585942,0.6650764595547768,0.24363832470126262,0.990545044568658,0.15425951256025486,0.6252929215571925,0.0964573812867902,48.828125,Moderate,0,0,0.3,11.2,0.7105263157894737,False
12086009044,12086009044,50,1323989.34,4827.84,1132.3,988.74,43873.51890847887,1788.5308343179672,37.7,40.0,0.0,1.0,1.0,59.0,6.0,15.0,13.0,3.0,0.0,3.3,4.3,4.4,83.6,5.5,0.03742865383375931,0.04371097234611952,0.7417967735251226,0.6273751174727102,0.6870149465372778,0.25933250623427323,0.9849645745726134,0.14838058003401627,0.6169724768907688,0.09154673398607598,44.3359375,Moderate,0,0,0.3,1.1,0.5806451612903225,False
12086009050,12086009046,13,1311951.8461538462,7239.384615384615,2797.6153846153848,1865.3076923076924,16267.000004334708,363.9426553871589,34.23076923076923,35.0,0.0,2.0,2.0,92.0,12.0,26.0,16.0,2.0,0.0,9.1,1.2,5.2,65.3,4.1,0.05010140508251617,0.10501986862379371,0.661730942010205,0.5690906361042991,0.6748168957926185,0.22593077022894734,0.9728428171362363,0.13801608765573176,0.5967002319334306,0.08235423151471982,34.375,Low,0,0,0.3,10.3,0.8181818181818182,False
12086009050,12086009046,13,1311951.8461538462,7239.384615384615,2797.6153846153848,1865.3076923076924,16267.000004334708,363.9426553871589,34.23076923076923,35.0,0.0,8.0,2.0,151.0,18.0,41.0,29.0,5.0,0.0,9.1,1.2,5.2,65.3,4.1,0.05010140508251617,0.07967885816235504,0.661730942010205,0.5690906361042991,0.6610991868275041,0.22593077022894734,0.9728428171362363,0.13801608765573176,0.5888884880481199,0.08127608518590065,32.421875,Low,0,0,0.3,10.3,0.72,False
12086009050,12086009047,60,1307729.3666666667,5402.216666666666,1466.55,1072.8,41734.93956434525,1760.0349870527343,33.583333333333336,35.0,0.0,2.0,2.0,92.0,12.0,26.0,16.0,2.0,0.0,9.1,1.2,5.2,65.3,4.1,0.05060312210938595,0.10501986862379371,0.7176830674969588,0.5582134509265284,0.6748168957926185,0.22593077022894734,0.9825848953278826,0.13826694616916665,0.6076636356335564,0.08401979519710505,35.9375,Low,0,0,0.3,10.3,0.8181818181818182,False
12086009050,12086009047,60,1307729.3666666667,5402.216666666666,1466.55,1072.8,41734.93956434525,1760.0349870527343,33.583333333333336,35.0,0.0,8.0,2.0,151.0,18.0,41.0,29.0,5.0,0.0,9.1,1.2,5.2,65.3,4.1,0.05060312210938595,0.07967885816235504,0.7176830674969588,0.5582134509265284,0.6610991868275041,0.22593077022894734,0.9825848953278826,0.13826694616916665,0.5998518917482458,0.08293968922582749,35.7421875,Low,0,0,0.3,10.3,0.72,False
12086009102,12086009100,273,1402712.3626373627,30099.567765567765,7571.223443223444,5052.18315018315,107317.41432224723,13029.831289960726,19.047619047619047,20.0,0.0,55.0,6.0,1007.0,108.0,246.0,171.0,94.0,0.0,17.7,10.8,27.9,51.3,0.1,0.1288685571952319,0.43934598511602896,0.39925499637158063,0.31400756644738426,0.5048806214479861,0.2580130840752401,0.9043407522472413,0.193440820635236,0.5123659843260443,0.09911249647361046,51.171875,Moderate,0,0,1.0,25.0,0.6340508806262231,False
12086009200,12086009200,59,1372450.559322034,9040.661016949152,2329.576271186441,1750.9322033898304,15837.977719732102,1771.762745950168,28.728813559322035,30.0,0.0,0.0,0.0,0.0,0.0,0.0,0.0,0.0,0.0,18.5,6.9,18.2,32.9,3.1,0.12330848446282032,0.6116038094294114,0.6275001740811349,0.4766555534725974,0.9821372631312296,0.20344316091759476,0.9709329485261441,0.16337582269020753,0.7337659497281035,0.11987961569889037,66.9921875,Moderate,0,0,1.0,15.4,0.0,False
12086009305,12086009305,62,1353220.1935483871,9387.08064516129,3441.451612903226,2541.6290322580644,87342.02372524318,3328.40369999059,27.741935483870968,25.0,0.0,11.0,2.0,426.0,42.0,98.0,75.0,55.0,0.0,5.9,5.8,15.7,51.7,4.8,0.05644389585223628,0.03648058594300205,0.6175056606002503,0.4600756022881235,0.6468092105263158,0.21460554652855354,0.9648529205510478,0.1355247211903949,0.5451447959817478,0.07388059648382109,26.953125,Low,0,0,0.3,12.4,0.5526315789473685,False
12086009317,12086009306,70,1443333.1857142858,9377.685714285713,1938.4857142857143,1418.9285714285713,40940.87153490352,3435.500096679625,28.142857142857142,30.0,0.0,5.0,1.0,122.0,13.0,27.0,23.0,20.0,0.0,13.5,5.8,31.5,50.4,1.7,0.09382574697929294,0.3731787094855784,0.6301588982160579,0.46681124846381833,0.6771534329581957,0.2612571454362863,0.9722875334641755,0.1775414462077896,0.6239179645175652,0.11077129773546888,60.9375,Moderate,0,0,1.0,13.7,0.5571428571428572,False
12086009324,12086009307,41,1366645.4146341463,11750.585365853658,2790.756097560976,2334.1463414634145,42395.076793169974,2108.87736693732,26.21951219512195,25.0,0.0,7.0,2.0,304.0,34.0,69.0,52.0,36.0,0.0,15.0,20.4,49.1,42.3,1.7,0.17038095327111685,0.4527937029229665,0.5760113515528119,0.43449827471599367,0.6584566148886942,0.2935420799341029,0.9626042557690219,0.23196151660260989,0.6168728399698976,0.1430907595103765,82.2265625,High,0,0,1.0,27.8,0.6496815286624203,False
12086009321,12086009308,41,1373514.3902439023,9921.780487804877,1346.8536585365853,1091.5853658536585,32503.684955615478,2606.27354197708,27.5609756097561,30.0,0.0,4.0,1.0,122.0,14.0,26.0,20.0,15.0,0.0,8.3,5.6,28.3,82.0,0.7,0.06768055704989857,0.07155496409821442,0.6096758462790395,0.45703540314518304,0.6791420693218321,0.31075556232580703,0.973820964746742,0.1892180596878528,0.5582458495182022,0.10563019647463127,57.2265625,Moderate,0,0,0.3,15.9,0.6885245901639344,False
12086009323,12086009309,38,1483041.0,15311.78947368421,2445.9473684210525,1618.0526315789473,43508.12386955628,1682.7396445194822,24.342105263157894,25.0,0.0,14.0,3.0,256.0,28.0,60.0,46.0,31.0,0.0,10.3,2.1,30.9,51.0,4.4,0.059416102093193215,0.05209764482962946,0.5406460437198812,0.4029570782301666,0.6367785621223352,0.26547307922322644,0.9583242273095679,0.16244459065820982,0.5181607112423161,0.0841724046329249,36.328125,Low,0,0,0.3,13.5,0.6131386861313869,False
12086009327,12086009311,82,1408734.7926829269,15583.378048780487,2721.8048780487807,1875.158536585366,41246.43318323668,3288.3116033906635,23.048780487804876,25.0,0.0,10.0,3.0,363.0,40.0,80.0,64.0,45.0,0.0,13.7,2.8,38.0,67.9,4.4,0.07889369193944044,0.4400942720895145,0.5273134521124407,0.38122869842881896,0.6414942886986993,0.3373008084808684,0.9562871750235206,0.20809725021015443,0.5892835772705988,0.12262829202401467,69.140625,Moderate,0,0,1.0,23.2,0.6349206349206349,False
12086009312,12086009312,64,1412092.453125,12464.4375,3105.578125,2581.96875,87648.8443334075,1773.6709119699335,24.84375,25.0,0.0,21.0,3.0,482.0,51.0,115.0,82.0,60.0,0.0,5.1,5.8,8.2,27.7,6.3,0.05229736708385412,0.04750136238836225,0.5709355052997468,0.41138491288946716,0.6160172377967966,0.1394880521986392,0.9595847171349381,0.09589270964124666,0.5210847471018623,0.04996822835232132,10.15625,Low,0,0,0.3,5.8,0.5953307392996109,False
12086009319,12086009313,59,1424084.6779661018,8261.542372881357,3520.9491525423728,1361.1525423728813,69135.363780161,3858.786066583161,29.661016949152543,30.0,0.0,2.0,1.0,122.0,12.0,27.0,22.0,19.0,0.0,7.4,4.0,12.4,42.5,2.9,0.055283718615815734,0.03048748491368002,0.6520555237443233,0.49231694780474594,0.6831193420491048,0.1772798748631845,0.9698898002774688,0.11628179673950012,0.5655738197578646,0.06576593995026668,19.53125,Low,0,0,0.3,6.4,0.5294117647058824,False
12086009314,12086009314,21,1460722.6666666667,16040.095238095239,2607.3333333333335,1531.904761904762,12877.851499117905,1312.4330803801734,21.666666666666668,20.0,0.0,6.0,2.0,118.0,13.0,29.0,17.0,13.0,0.0,29.4,19.9,68.5,63.1,10.6,0.23580023994068028,0.4625460520015926,0.5287344843428592,0.3580086267138967,0.6660753476200103,0.48768451022872167,0.9565932654794332,0.361742375084701,0.5943915552315584,0.21501661291975316,97.8515625,Critical,0,0,1.0,40.8,0.6610169491525424,False
12086009315,12086009315,13,1449261.5384615385,17855.76923076923,2674.3846153846152,2379.0,15243.715746799779,1372.1237282552274,21.53846153846154,20.0,0.0,0.0,0.0,0.0,0.0,0.0,0.0,0.0,0.0,21.0,18.5,49.9,50.5,6.8,0.18773930559447377,0.6116038094294114,0.5064867972315124,0.3558547286588926,0.9644311671813391,0.3605820751949268,0.9505787625036646,0.27416069039470026,0.677791053000964,0.18582366303409517,95.1171875,Critical,0,0,1.0,39.0,0.0,False
12086009402,12086009400,97,1582956.793814433,8021.0,1883.2680412371135,1106.1237113402062,39139.68408228676,1986.5102147568564,29.536082474226806,30.0,0.0,30.0,5.0,701.0,82.0,159.0,118.0,74.0,0.0,7.4,11.9,32.6,62.0,6.1,0.09418197106418154,0.07473740123160286,0.6782074737441598,0.490217998048891,0.5730694734595773,0.29769834693025515,0.9759789747583577,0.19594015899721834,0.5584422642485177,0.10942126604762119,60.15625,Moderate,0,0,0.3,11.399999999999999,0.7008547008547008,False
12086009506,12086009501,46,1696115.7173913044,12752.58695652174,3513.8260869565215,2678.195652173913,22930.521595718023,3884.07099475158,25.32608695652174,25.0,0.0,22.0,3.0,619.0,63.0,136.0,107.0,74.0,0.0,20.0,10.7,34.9,57.8,7.4,0.1469800884092354,0.40679373137436436,0.6019385546505608,0.4194883690230356,0.6098817024956757,0.33799398575990436,0.9575250059233578,0.24248703708456987,0.5991254726933989,0.14528016071531466,83.203125,High,0,0,1.0,22.5,0.5962145110410094,False
12086009503,12086009503,86,1626488.5232558139,10512.627906976744,1929.8139534883721,941.6162790697674,23571.206804677237,1698.6486535341007,26.91860465116279,25.0,0.0,38.0,6.0,914.0,90.0,203.0,166.0,111.0,0.0,3.5,6.7,28.1,48.3,4.7,0.04953394613461153,0.03902765388046387,0.6311685522949136,0.4462433109904021,0.5415024878136442,0.23223154542274577,0.9712538457766967,0.14088274577867865,0.5258391701512241,0.07408166612888625,27.34375,Low,0,0,0.3,9.5,0.5625,False
12086009504,12086009504,86,1649193.7325581396,12060.023255813954,3724.0348837209303,2484.767441860465,31342.89841525201,2348.797694825484,25.58139534883721,25.0,0.0,19.0,5.0,456.0,42.0,102.0,80.0,54.0,0.0,8.6,4.8,17.8,55.6,9.2,0.06423788888375094,0.03164547392612528,0.6073083123460085,0.4237776533701848,0.6023604606105533,0.2609260056644438,0.9587744609515065,0.16258194727409736,0.5247732722408757,0.08531866047832158,37.6953125,Low,0,0,0.3,8.5,0.5338983050847458,False
12086009602,12086009600,80,1598323.175,15887.8125,7095.3875,2600.45,40106.384692567706,3721.222897177041,22.125,20.0,0.0,28.0,4.0,688.0,69.0,162.0,125.0,78.0,0.0,12.0,7.8,31.1,42.9,3.4,0.09311853849078693,0.38176530250632384,0.5479769738498151,0.36570881226053636,0.5866507738616707,0.24570097209528002,0.9405912978867365,0.16940975529303348,0.5645386320730166,0.0956383515129536,47.8515625,Moderate,0,0,1.0,30.4,0.5671232876712329,False
12086009703,12086009703,62,1422844.2096774194,13332.145161290322,4781.177419354839,2475.9193548387098,98003.105185522,10994.040297386122,26.370967741935484,30.0,0.0,5.0,2.0,97.0,12.0,24.0,15.0,9.0,0.0,2.0,0.6,2.8,50.0,1.9,0.012389569518710435,0.08742194469223909,0.5593947592478641,0.4370427892160635,0.6686996400251589,0.14846104284440834,0.9530438091315719,0.08042530618155938,0.5411205884625796,0.04351978900824855,7.8125,Low,0,0,0.3,5.0,0.75,False
12086009704,12086009704,99,1448358.616161616,19964.010101010103,7366.19191919192,4203.141414141414,81977.50391775694,11137.024965929351,22.77777777777778,20.0,0.0,28.0,5.0,465.0,52.0,105.0,72.0,53.0,0.0,12.2,1.8,12.1,63.7,3.9,0.0649242321896359,0.06890586820773377,0.48479660710019323,0.37667574319059893,0.5841903093200351,0.24902905622693883,0.9274890312805127,0.15697664420828736,0.4884115118198148,0.0766692001181708,29.296875,Low,0,0,0.3,13.7,0.6782608695652174,False
12086009705,12086009705,6,1537219.8333333333,18300.5,2749.6666666666665,993.0,44773.256577634245,9343.531297106036,24.166666666666668,22.5,0.0,14.0,4.0,301.0,35.0,65.0,44.0,35.0,0.0,14.8,4.7,12.9,56.2,5.0,0.09291745501133973,0.521178180857039,0.5131197317898383,0.4000096387864768,0.626205915717591,0.2459472168624398,0.9529995385778434,0.16943233593688978,0.6027026011457577,0.10211730958736531,54.1015625,Moderate,0,0,1.0,25.099999999999998,0.7291666666666666,False
12086009706,12086009706,18,1521697.0555555555,7681.166666666667,2666.9444444444443,431.3888888888889,94153.47421940927,7734.270308560617,32.5,30.0,0.0,14.0,4.0,366.0,41.0,81.0,54.0,44.0,0.0,16.2,9.5,16.8,64.1,9.8,0.12541792977641608,0.48503015895956164,0.6789464137232435,0.5400130123617437,0.6242384089224341,0.3053475232163208,0.9760150177153002,0.21538272649636844,0.6608486023364566,0.14233537377254038,81.4453125,High,0,0,1.0,20.9,0.6871508379888268,False
12086009803,12086009803,68,1452795.5,4487.382352941177,2573.676470588235,776.0588235294117,78884.58837592302,2529.6415298485826,33.38235294117647,35.0,0.0,4.0,1.0,94.0,11.0,24.0,15.0,9.0,0.0,5.1,2.1,12.2,66.3,3.5,0.03534593244256593,0.07129051442164736,0.7738736783008467,0.5548368989755954,0.679989610710515,0.23243479852859866,0.9818314567379426,0.1338903654855823,0.6123644318293094,0.08198969758799719,33.7890625,Low,0,0,0.3,14.100000000000001,0.6875,False
12086009804,12086009804,56,1521244.2142857143,6842.910714285715,2120.714285714286,1329.982142857143,69389.83221866924,1846.5182201477628,30.714285714285715,30.0,0.0,7.0,1.0,96.0,11.0,25.0,16.0,9.0,0.0,8.8,1.7,10.2,25.0,5.1,0.051295383291537586,0.06419268510258694,0.7012227738063764,0.5100122894527579,0.6739631629489857,0.1430950170948851,0.9770549198388112,0.09719520019321135,0.5852891662299037,0.05688729768263324,14.0625,Low,0,0,0.3,16.6,0.6599999999999999,False
12086009806,12086009806,15,1422878.3333333333,5610.666666666667,854.8,662.0666666666667,63128.58524094938,1493.5918675015162,32.333333333333336,35.0,0.0,10.0,1.0,94.0,11.0,24.0,15.0,9.0,0.0,23.4,4.8,18.8,77.7,5.5,0.13889437125336648,0.485330558033502,0.7266757615474839,0.5372129448902383,0.6680577925286969,0.34418381627794137,0.9850664627898332,0.2415390937656539,0.6804687039579509,0.16435979408989249,91.6015625,Critical,0,0,1.0,27.2,0.6875,False
12086009809,12086009807,57,1487045.245614035,6726.070175438596,1220.122807017544,685.3859649122807,83915.82909896775,4228.565979736803,31.666666666666668,30.0,0.0,10.0,1.0,190.0,24.0,47.0,31.0,18.0,0.0,8.2,3.1,5.7,51.0,7.8,0.055463862837294785,0.08742194469223909,0.7001568288806389,0.5260126750042169,0.6651519363389268,0.2079668460783318,0.98166128915566,0.1317153544578133,0.5920809348143363,0.07798615019678376,30.6640625,Low,0,0,0.3,13.2,0.75,False
12086009812,12086009808,40,1507149.95,9475.75,3637.575,1260.475,79072.36553940598,3973.2940396654544,28.25,30.0,0.0,15.0,1.0,190.0,24.0,49.0,32.0,18.0,0.0,5.7,5.3,10.9,67.3,7.0,0.05320454644178783,0.08155597004838755,0.6365101908692218,0.4686112918383575,0.6552087545207449,0.25127461889125846,0.9673553898506877,0.15223958266652315,0.56184831942548,0.08553555367122247,38.0859375,Low,0,0,0.3,15.3,0.7272727272727273,False
12086009907,12086009901,48,1536415.1458333333,4338.6875,2625.2708333333335,1036.0833333333333,148831.0356806899,3923.458749603522,36.979166666666664,35.0,0.0,8.0,1.0,190.0,21.0,48.0,32.0,18.0,0.0,7.7,4.6,31.2,61.3,8.5,0.06035053866720721,0.05976806422836754,0.7912021990406043,0.6152648256584495,0.6691292090661994,0.30543048700675896,0.9813095718245074,0.18289051283698307,0.6233347739636257,0.11400201647933242,62.890625,Moderate,0,0,0.3,8.8,0.6428571428571429,False
12086009903,12086009903,71,1583569.4788732394,5753.774647887324,640.5352112676056,363.3943661971831,67546.78594592451,3142.925435219246,32.95774647887324,30.0,0.0,19.0,5.0,590.0,59.0,138.0,111.0,70.0,0.0,7.5,5.3,24.0,53.7,15.5,0.06311618825398392,0.03705547275020344,0.7424877349524908,0.547703338515878,0.598304369678999,0.30235554257924013,0.9861904414684988,0.18273586541661202,0.582348271473214,0.10641591536152588,57.6171875,Moderate,0,0,0.3,16.1,0.554858934169279,False
12086009904,12086009904,47,1650538.170212766,4258.170212765957,859.2127659574468,578.2127659574468,64304.58732818877,2624.6253092348334,36.170212765957444,35.0,0.0,3.0,1.0,96.0,12.0,25.0,14.0,8.0,0.0,31.0,12.4,41.6,45.5,16.0,0.21439253453071486,0.5528308690948431,0.8086702540936757,0.6016740726385101,0.6819177084035313,0.40297445640522217,0.9879840300954602,0.3086834954679685,0.7266153868652042,0.22429417747836147,98.6328125,Critical,0,0,1.0,30.9,0.7659574468085106,False
12086009905,12086009905,79,1622769.3037974683,8839.06329113924,1011.2784810126582,663.7721518987341,18878.29317466424,2435.6562762308795,29.050632911392405,30.0,0.0,17.0,3.0,600.0,59.0,134.0,109.0,71.0,0.0,9.3,5.7,17.2,28.2,9.4,0.07335781071108982,0.03933589777098473,0.6642383129716402,0.48206224886919646,0.6204000016847496,0.19392204281055708,0.9781041428145308,0.13363992676082345,0.5568281208222203,0.07441446928504848,27.9296875,Low,0,0,0.3,12.700000000000001,0.5636942675159236,False
12086009906,12086009906,84,1622647.1904761905,12969.940476190477,1939.5357142857142,1614.8690476190477,26847.660311098785,4270.362867545405,25.05952380952381,25.0,0.0,20.0,3.0,587.0,61.0,124.0,100.0,67.0,0.0,12.3,4.6,23.1,43.0,9.5,0.08150601424710782,0.05615690458016438,0.5901139149742848,0.4150100002409696,0.6148275939528719,0.2565414587635264,0.9645682159421042,0.1690237365053171,0.528135325938079,0.08926740617050763,41.40625,Moderate,0,0,0.3,19.9,0.6288659793814433,False
12086010026,12086010001,95,1552230.6736842105,6008.315789473684,188.82105263157894,124.0,91980.7339502718,1837.2817818790443,31.68421052631579,30.0,0.0,19.0,2.0,496.0,50.0,106.0,85.0,56.0,0.0,34.6,7.0,39.0,84.5,4.8,0.20543274891720142,0.4163202557962876,0.7302582621194924,0.5263074189485859,0.6287812661455174,0.44629724958532213,0.9876574467173146,0.3258649992512618,0.6578649299454395,0.21437515490410203,97.65625,Critical,0,0,1.0,17.5,0.6072874493927126,False
12086010017,12086010005,88,1478731.8068181819,9740.386363636364,1588.0681818181818,1229.909090909091,40393.01216193186,2154.559503379987,27.386363636363637,30.0,0.0,21.0,5.0,485.0,53.0,115.0,80.0,56.0,0.0,7.8,2.9,39.9,76.8,0.7,0.05206096326870682,0.05734421813193258,0.6275076092029784,0.4541018513041935,0.5975053771592874,0.3279149509720952,0.9731021171720902,0.189987957120401,0.5419122345940964,0.10295679838908388,54.8828125,Moderate,0,0,0.3,11.9,0.6334661354581673,False
12086010021,12086010006,100,1495133.16,7444.99,1704.54,1135.53,30553.128799333885,1409.0335429476172,30.1,30.0,0.0,25.0,4.0,397.0,47.0,94.0,75.0,46.0,0.0,7.2,8.4,38.6,64.0,1.4,0.076252916674137,0.06311225442399848,0.6815785891674095,0.49969204077206675,0.6014250595278208,0.294184487097029,0.9776014958222691,0.18521870188558298,0.5646818879427129,0.10458964626304952,56.4453125,Moderate,0,0,0.3,12.0,0.655813953488372,False
12086010020,12086010009,96,1450220.5625,3058.53125,378.7291666666667,240.42708333333334,60715.587340148595,1016.6374394166703,36.145833333333336,35.0,0.0,22.0,3.0,495.0,53.0,116.0,83.0,48.0,0.0,13.0,7.1,37.6,0.0,4.0,0.09976739291232564,0.05999198228880377,0.8476177204500471,0.6012644883009229,0.6136351000741289,0.16229192196156753,0.992710377237071,0.13102965743694658,0.6230439336701947,0.08163723319697329,33.59375,Low,0,1,0.3,16.8,0.6437246963562754,False
12086010010,12086010010,54,1451498.7222222222,4941.925925925926,608.0925925925926,485.2962962962963,36816.31034694944,2087.206292539636,32.870370370370374,35.0,0.0,13.0,4.0,334.0,34.0,72.0,61.0,40.0,0.0,12.8,8.6,31.3,59.0,6.5,0.10567403056452536,0.04602104850644298,0.7550533702107343,0.5462353845206445,0.6271956640159939,0.3049174954582896,0.9876077622852837,0.20529576301140748,0.5924226459078199,0.12162185911688277,68.1640625,Moderate,0,0,0.3,14.6,0.5895953757225434,False
12086010024,12086010011,65,1577933.9846153846,6574.307692307692,1155.1692307692308,986.4769230769231,58703.41408605748,1996.547370799439,32.0,30.0,0.0,26.0,4.0,608.0,64.0,138.0,105.0,69.0,0.0,16.7,12.3,36.9,58.6,5.1,0.14230201470669243,0.42328659545430297,0.7160333475163709,0.5316128099472276,0.593049593413752,0.3236661961341864,0.981393204873741,0.2329841054204394,0.6490751102410789,0.15122418391019085,86.9140625,High,0,0,1.0,25.4,0.6153846153846154,False
12086010012,12086010012,68,1531481.4705882352,4699.911764705882,497.9117647058824,324.02941176470586,36883.09667344925,921.721810838793,35.80882352941177,35.0,0.0,16.0,2.0,482.0,50.0,108.0,82.0,52.0,0.0,5.0,1.8,27.6,55.8,3.0,0.03362053610561979,0.053825908095634804,0.7751244639373834,0.5956025871636879,0.635170945930768,0.24533138688602282,0.9888392972241113,0.1394759614958213,0.6097126404703171,0.0850402567657535,37.109375,Low,0,0,0.3,6.7,0.6198347107438016,False
12086010013,12086010013,36,1405061.138888889,4346.916666666667,1122.2222222222222,884.5277777777778,69319.80733431007,1235.3111666990746,36.388888888888886,35.0,0.0,5.0,3.0,223.0,24.0,52.0,37.0,25.0,0.0,8.5,3.7,26.2,75.3,2.5,0.06015986859690567,0.05685712944269683,0.7735632761349823,0.6053479200302014,0.655675177460296,0.2981764468591675,0.9862273540476337,0.17916815772803657,0.6155341714231621,0.11028412351254141,60.546875,Moderate,0,0,0.3,15.399999999999999,0.631578947368421,False
12086010015,12086010015,65,1308650.1846153846,1711.7230769230769,413.7076923076923,312.83076923076925,168850.04915196687,844.5194733488297,41.92307692307692,40.0,0.0,10.0,2.0,385.0,40.0,95.0,64.0,36.0,0.0,20.5,3.1,43.5,45.1,3.4,0.11742472026843609,0.42328659545430297,0.9399454175887038,0.6983245194045453,0.6500388896376664,0.3105437668551053,0.9951247480375941,0.2139842435617707,0.7413440340245625,0.1586359423397776,89.84375,High,0,1,1.0,29.700000000000003,0.6153846153846154,False
12086010016,12086010016,57,1428540.0877192982,2877.0701754385964,843.9122807017544,639.6491228070175,80534.80346393299,972.5801630502738,39.12280701754386,40.0,0.0,5.0,2.0,193.0,22.0,49.0,28.0,14.0,0.0,10.8,0.6,28.9,38.8,0.5,0.05646690237054171,0.08104027996980719,0.8565273828225435,0.6512788513610348,0.6657937838353887,0.21085952517969372,0.9906474100095034,0.13366321377511772,0.6490575415996556,0.08675511693518713,39.453125,Low,0,1,0.3,13.7,0.7252747252747253,False
12086010193,12086010193,46,495269.47826086957,1793.5869565217392,1323.195652173913,1300.6304347826087,9957.593555203419,476.75614899428905,52.5,55.0,0.06521739130434782,0.0,0.0,0.0,0.0,0.0,0.0,0.0,0.0,10.5,0.6,6.2,52.5,2.6,0.05492750035944325,0.1091724898404202,0.7431262725415378,0.8760211089423842,0.9966937933016384,0.19310808988637262,0.9896846911611397,0.12401779512290793,0.7429396711574242,0.09213773992628203,44.921875,Moderate,0,0,0.3,11.899999999999999,0.0,False
12086010198,12086010198,45,381466.6,1440.9333333333334,765.4222222222222,565.2222222222222,27592.2775291467,919.6542433288324,51.111111111111114,50.0,0.15555555555555556,2.0,1.0,73.0,9.0,17.0,14.0,0.0,0.0,4.4,0.0,7.3,50.0,3.3,0.02186711308787773,0.11864406779661019,0.7349795261571122,0.8526872133465063,0.6846025394793,0.17517784435191766,0.9939596858126238,0.0985224787198977,0.6769746065184304,0.06669721626462317,20.703125,Low,0,1,0.3,7.1000000000000005,0.8709677419354839,False
12086010201,12086010201,179,310895.85474860336,967.608938547486,600.2960893854748,150.6759776536313,97764.9366235794,1217.1011485338227,57.20670391061452,60.0,0.6536312849162011,0.0,0.0,0.0,0.0,0.0,0.0,0.0,0.0,5.4,3.9,10.7,100.0,4.1,0.046335821867732906,0.1091724898404202,0.7724067384612071,0.9550956400510963,0.9983528592692943,0.31659168725951503,0.9964692874781271,0.18146375456362396,0.766299403020029,0.1390555667918781,80.078125,High,0,1,0.3,5.8,0.0,False
12086010212,12086010204,109,491630.2293577982,2657.1284403669724,525.5871559633027,447.2201834862385,28083.68373524656,1436.5208362498445,39.95412844036697,40.0,0.0,11.0,1.0,94.0,9.0,24.0,17.0,11.0,0.0,3.1,2.0,7.9,0.0,1.6,0.025309869970961428,0.02785974061620808,0.6657404717923261,0.6652453878075099,0.6660691561650606,0.03912986922130824,0.9925439204298598,0.032219869596134834,0.6034917353621929,0.01944442501571497,1.5625,Low,0,1,0.3,9.8,0.5192307692307693,False
12086010205,12086010205,81,530786.1728395062,6483.716049382716,1366.0740740740741,701.3086419753087,20715.6513781187,1534.004711812906,31.48148148148148,30.0,0.0,18.0,3.0,358.0,42.0,92.0,56.0,31.0,0.0,8.7,2.7,24.0,39.6,3.8,0.05595495416859108,0.07552614136420498,0.5081455676895827,0.5229014889247665,0.6257365444661589,0.2102404263001704,0.9816658626068612,0.13309769023438073,0.5427951210103148,0.07224477687696408,25.5859375,Low,0,0,0.3,19.7,0.7039106145251397,False
12086010207,12086010207,61,557972.262295082,12253.934426229509,8020.704918032787,2928.2950819672133,29560.36777618622,3916.231572438196,26.065573770491802,25.0,0.0,19.0,5.0,1116.0,131.0,238.0,170.0,134.0,0.0,31.7,21.2,34.0,52.3,9.9,0.2497549931042462,0.5176727860052911,0.39477306919758515,0.43191204686346374,0.5823826993058832,0.36980755052300196,0.9442532820576416,0.3097812718136241,0.574198776685973,0.17787602731560784,94.3359375,Critical,0,0,1.0,41.1,0.7250922509225093,False
12086010208,12086010208,50,556839.86,9432.34,4095.32,1556.54,39746.40190826673,3022.852414322524,28.3,30.0,0.0,19.0,2.0,531.0,63.0,136.0,90.0,46.0,0.0,15.0,12.0,44.6,47.5,4.3,0.13031566784153584,0.4916566091200085,0.4449596021818237,0.4694513120798091,0.6277218394096636,0.30769711305191655,0.9653012432706358,0.2190063904467262,0.5998181212123882,0.13136400165126202,74.609375,High,0,0,1.0,22.099999999999998,0.6948529411764706,False
12086010209,12086010209,60,446363.45,1739.95,7332.016666666666,396.3333333333333,29333.88585238662,1079.3622791542314,41.583333333333336,42.5,0.0,0.0,0.0,0.0,0.0,0.0,0.0,0.0,0.0,11.7,5.8,25.6,55.3,6.7,0.08521847202114148,0.1091724898404202,0.7289002171395557,0.6926166895587845,0.9968015289159494,0.27784431863060377,0.9739253945273314,0.18153139532587262,0.7002832639964083,0.12712339803662442,71.484375,High,0,0,0.3,10.100000000000001,0.0,False
12086010213,12086010210,82,491022.73170731706,8688.719512195123,8520.548780487805,1081.9268292682927,37004.80983186592,4970.439311071675,29.390243902439025,30.0,0.0,11.0,5.0,832.0,89.0,188.0,126.0,92.0,0.0,24.8,13.9,48.5,54.1,9.0,0.18471906970430133,0.45963681852205024,0.4365197879369659,0.48776785100316844,0.6068882814430442,0.38853062354016454,0.9546205152677071,0.2866248466222329,0.5890866508345872,0.16884687094266845,92.7734375,Critical,0,0,1.0,40.5,0.6576354679802955,False
12086010303,12086010300,369,168609.19783197832,733.4471544715448,308.75880758807585,135.94579945799458,39731.26690117204,923.7080478493832,58.6449864498645,60.0,0.9024390243902439,0.0,0.0,0.0,0.0,0.0,0.0,0.0,0.0,20.3,0.0,10.4,27.9,7.5,0.1012827115626519,0.6116038094294114,0.707699749903422,0.979259368969024,0.998823198477399,0.19779396939846317,0.9978592272182453,0.14953834048055753,0.8590490707995002,0.12846077243872223,72.265625,High,0,1,1.0,22.4,0.0,False
12086010400,12086010400,153,324919.02614379086,2728.607843137255,3975.9803921568628,409.8496732026144,80804.11096612367,2906.138567156946,42.51633986928105,40.0,0.1568627450980392,12.0,2.0,692.0,78.0,132.0,103.0,101.0,0.0,9.9,2.4,38.1,54.0,4.0,0.06039654927407594,0.07359500446030331,0.5805673146481232,0.708291577070839,0.6367689309701912,0.28935655078252825,0.9820577117735927,0.1748765500283021,0.5962561077846098,0.104271211062676,56.25,Moderate,0,0,0.3,10.9,0.6964285714285714,False
12086010502,12086010500,235,433208.9531914894,3968.5659574468086,3157.7702127659572,409.3744680851064,59051.791019557226,3382.65541631169,36.46808510638298,35.0,0.0,25.0,8.0,977.0,117.0,250.0,161.0,90.0,0.0,13.4,1.5,20.4,33.8,5.6,0.07316224718855457,0.4966000202983863,0.5637588436459171,0.6066784485450303,0.5470267397848012,0.2093174243706487,0.9820435864235513,0.14123983577960164,0.6392215277395372,0.09028354360471831,43.5546875,Moderate,0,0,1.0,5.300000000000001,0.7005988023952096,False
12086010604,12086010604,83,477151.9277108434,3840.8192771084337,1021.3614457831326,639.6626506024096,16954.239663154647,1477.1941691200918,36.024096385542165,35.0,0.0,13.0,3.0,98.0,15.0,27.0,15.0,0.0,0.0,12.0,2.6,11.6,51.7,7.1,0.07213675763025303,0.1703835860838537,0.5887551331771483,0.5992192582953806,0.6435497534649683,0.23360189510623652,0.9881747620582606,0.15286932636824477,0.5980164986159224,0.09141837930051244,43.9453125,Moderate,0,0,0.3,9.799999999999999,1.0714285714285714,False
12086010624,12086010606,98,513600.2755102041,10144.183673469388,3359.9795918367345,1540.6224489795918,27048.68640055329,4250.43466145253,27.5,30.0,0.0,19.0,3.0,279.0,32.0,73.0,43.0,28.0,0.0,11.7,10.4,24.8,57.1,7.9,0.10675810056719985,0.06591337099811675,0.4152755960102611,0.4560109882165835,0.626139185592021,0.2863624629046636,0.9661366567167408,0.19656028173593174,0.5058951595067447,0.09943889508148986,51.953125,Moderate,0,0,0.3,19.3,0.6666666666666666,False
12086010608,12086010608,76,498505.2368421053,3988.3289473684213,739.0657894736842,541.8157894736842,17128.85641317475,1660.6728948484135,36.31578947368421,35.0,0.0,3.0,1.0,60.0,9.0,18.0,11.0,0.0,0.0,9.7,1.8,20.8,59.6,4.3,0.05686649453111362,0.1341474668553324,0.5899326297097086,0.6041198202619975,0.6830074044746951,0.25709078117418727,0.9889825135845848,0.15697863785265045,0.6000379669772636,0.0941931427159645,46.09375,Moderate,0,0,0.3,7.1000000000000005,0.9310344827586208,False
12086010609,12086010609,64,537676.796875,6512.296875,1646.15625,1042.0,27588.86674992992,4988.7780120309435,33.203125,35.0,0.0,20.0,10.0,1806.0,211.0,424.0,294.0,189.0,0.0,24.6,11.0,39.4,55.8,1.8,0.17442051636641473,0.49428258291721877,0.5097883526981579,0.5518257970071568,0.5134555899993261,0.3301350766730984,0.9798905413843523,0.25227779651975657,0.6098485728012424,0.15385125415701578,88.0859375,High,0,0,1.0,24.9,0.6979051819184124,False
12086010610,12086010610,88,446704.20454545453,1802.375,540.0909090909091,375.67045454545456,41016.761132733875,1027.4700578739928,46.98863636363637,47.5,0.03409090909090909,6.0,1.0,13.0,4.0,0.0,3.0,0.0,0.0,5.7,10.1,19.0,28.2,6.5,0.07855758006262752,0.32450019823570214,0.722235174174813,0.783427968691469,0.6784641541433609,0.1730476264626564,0.9943997476281963,0.12580260326264195,0.7006054485747082,0.0881379892906893,40.4296875,Moderate,0,1,0.3,16.4,1.6685416666666661,False
12086010618,12086010612,117,465453.9145299145,1299.4017094017095,515.982905982906,348.7008547008547,26238.639399968848,435.9914397259356,48.376068376068375,50.0,0.008547008547008548,15.0,4.0,301.0,36.0,74.0,55.0,27.0,0.0,8.3,9.0,25.8,66.3,4.7,0.0861152370917747,0.07253139367323132,0.7934197503648259,0.8067373881730854,0.6242172793539547,0.2853542528463266,0.995551873893349,0.18573474496905065,0.6584915370916893,0.12230475770600306,68.75,Moderate,0,1,0.3,6.699999999999999,0.6923076923076923,False
12086010613,12086010613,66,400500.6060606061,1154.7727272727273,543.0757575757576,291.06060606060606,48413.69903744784,548.5187829461769,52.878787878787875,55.0,0.3181818181818182,13.0,2.0,51.0,9.0,9.0,7.0,0.0,0.0,11.6,6.1,25.6,48.5,0.3,0.08813783237181191,0.32450019823570214,0.7871776439062018,0.8823848986503507,0.6541829385403328,0.22746938323008703,0.9959077104159538,0.15780360780094949,0.7288306779497083,0.1150121104564759,63.4765625,Moderate,0,1,0.3,10.399999999999999,1.6685416666666661,False
12086010622,12086010614,140,475439.9857142857,3854.3357142857144,527.5214285714286,365.65714285714284,36870.69270987825,2794.735908839002,36.75,40.0,0.0,20.0,3.0,735.0,84.0,187.0,124.0,63.0,0.0,8.1,5.3,33.7,29.0,1.5,0.06635289902777164,0.06775367676873686,0.5873815162688584,0.6114147328851297,0.6103477323269761,0.1965279205172472,0.9903417765339051,0.13144040977250943,0.5734478869567212,0.0753742252447711,28.515625,Low,0,0,0.3,2.2,0.6737967914438503,False
12086010626,12086010617,70,452030.95714285714,1245.942857142857,373.9714285714286,265.34285714285716,39893.097227332975,1880.5803905664397,51.142857142857146,55.0,0.35714285714285715,2.0,2.0,502.0,58.0,120.0,90.0,46.0,0.0,12.6,4.5,39.4,60.3,10.8,0.08518381069658225,0.06927408563782338,0.7958837338664081,0.853220559531555,0.662406468315475,0.35189670458007516,0.9963018794921902,0.2185402576383287,0.6754173453686904,0.14760588067026964,84.5703125,High,0,1,0.3,10.5,0.6796875,False
12086010708,12086010703,177,356795.6497175141,1878.8870056497176,671.0564971751412,295.6045197740113,49420.0110173617,971.2023526984501,45.50847457627118,45.0,0.011299435028248588,15.0,2.0,277.0,29.0,76.0,45.0,16.0,0.0,20.2,13.3,25.4,90.7,4.8,0.1665041236824772,0.4401939526535007,0.6707660120104433,0.7585606514512704,0.6433647960329761,0.3814793456551911,0.9940544697461327,0.27399173466883414,0.7013879763788646,0.1921745083239084,95.8984375,Critical,0,1,1.0,13.3,0.635036496350365,False
12086010706,12086010704,320,336065.39375,792.70625,212.31875,168.6625,115999.40591089886,744.9049599337195,53.921875,55.0,0.484375,20.0,3.0,267.0,29.0,86.0,40.0,18.0,0.0,12.9,8.2,18.9,46.8,4.9,0.10528355035690332,0.04978194072752504,0.8259854943469344,0.8999091845586641,0.6245137812521059,0.23260596684833507,0.9979483446151973,0.1689447586026192,0.6796277491000853,0.11481954601135536,63.0859375,Moderate,0,1,0.3,12.7,0.6041666666666666,False
12086010805,12086010801,139,328088.28776978416,2212.7194244604316,1454.7625899280577,245.94244604316546,47607.95363693234,1002.4953795027205,42.37410071942446,40.0,0.02158273381294964,13.0,2.0,277.0,31.0,78.0,44.0,16.0,0.0,26.1,8.3,42.5,65.3,6.7,0.17047607492401953,0.4736411158084354,0.622946671400763,0.705901901770711,0.6473420687602488,0.3921687727790754,0.9911399704884856,0.2813224238515475,0.6881943456457288,0.1936045013979861,96.2890625,Critical,0,1,1.0,22.799999999999997,0.6739130434782609,False
12086010804,12086010802,149,334523.1476510067,3240.7449664429532,2485.2953020134228,788.1006711409397,35141.45657762311,1277.5037216551407,37.5503355704698,40.0,0.0,40.0,4.0,842.0,97.0,187.0,130.0,90.0,0.0,29.1,13.5,33.5,58.4,13.5,0.20971384904622553,0.5089794197733538,0.55295265947023,0.6248606944680967,0.5581256598602781,0.39449757286483195,0.9845720612498849,0.30210571095552874,0.6458980989643687,0.19512950439245505,96.484375,Critical,0,0,1.0,27.6,0.7149877149877151,False
12086010900,12086010900,65,269239.9846153846,3519.723076923077,6618.384615384615,864.0,42202.189061073994,1293.190899815408,37.76923076923077,40.0,0.0,15.0,2.0,208.0,25.0,59.0,40.0,9.0,0.0,27.0,3.1,52.5,52.3,8.0,0.14618280586335705,0.49130516183742473,0.4950332703773751,0.6285382224224123,0.6454533801693735,0.39637969545151935,0.9713143246734686,0.2712812506574382,0.6463288718960108,0.175336904703961,93.9453125,Critical,0,0,1.0,24.9,0.6944444444444444,False
12086011011,12086011001,88,214179.79545454544,6934.125,2055.556818181818,1094.409090909091,30050.773419832207,1636.8854348194739,33.35227272727273,35.0,0.0,16.0,4.0,613.0,66.0,155.0,88.0,63.0,0.0,23.0,2.6,32.5,33.0,5.9,0.12514186343618486,0.4505372770577159,0.31976495005498784,0.5543315392046687,0.6127846103735651,0.27069182943479686,0.9776708080951941,0.19791684643549085,0.5830178369572263,0.1153890517062154,64.0625,Moderate,0,0,1.0,25.5,0.6470588235294118,False
12086011003,12086011003,78,233181.42307692306,4353.5641025641025,2185.0128205128203,1265.5384615384614,22368.44576660359,1366.3375596851338,38.717948717948715,40.0,0.0,12.0,2.0,253.0,27.0,78.0,38.0,18.0,0.0,9.8,8.2,32.1,36.4,0.8,0.08838226850933513,0.049862196599518044,0.42615225318989947,0.6444770680294427,0.6500571691713278,0.21214353723074145,0.9820252056592792,0.1502629028700383,0.5505147785298934,0.08272194869475802,35.15625,Low,0,0,0.3,18.5,0.6044776119402986,False
12086011013,12086011005,77,306938.9220779221,1690.2337662337663,3861.8311688311687,593.8831168831168,57514.12475570591,719.474861418563,45.77922077922078,45.0,0.012987012987012988,6.0,1.0,113.0,12.0,32.0,16.0,8.0,0.0,19.5,3.8,18.2,69.6,3.5,0.11463814827183488,0.4469223907225692,0.6621265400710689,0.7631092972667468,0.6754372206123503,0.30026034438012705,0.9840184401015869,0.20744924632598097,0.7063227777548644,0.14652612790811997,83.7890625,High,0,0,1.0,18.5,0.6428571428571428,False
12086011015,12086011007,77,227771.35064935064,2144.818181818182,688.4285714285714,591.8571428571429,37565.57779710956,1316.10199699992,51.753246753246756,50.0,0.24675324675324675,5.0,3.0,81.0,9.0,36.0,8.0,0.0,0.0,3.4,0.0,10.8,58.7,2.2,0.01687608215567424,0.05222609682912986,0.5584385449007886,0.8634753520895356,0.659973423074331,0.19779549157667875,0.9927107150396614,0.1073357868661765,0.6253648263866893,0.06712402571864515,21.09375,Low,0,1,0.3,5.4,0.6136363636363636,False
12086011008,12086011008,20,310486.0,906.9,1647.3,636.35,55750.4190269832,464.15048603250494,58.75,60.0,0.85,1.0,1.0,20.0,2.0,12.0,0.0,0.0,0.0,12.6,0.7,25.0,55.0,5.4,0.0659801516095663,0.022896223609872153,0.7846748375878263,0.9810236391238343,0.6881954506143719,0.271438417792221,0.9921827309709218,0.16870928470089364,0.6937945763813653,0.11704958671065965,65.0390625,Moderate,0,1,0.3,11.399999999999999,0.5,False
12086011009,12086011009,42,252290.97619047618,2132.5,2465.0476190476193,1600.404761904762,43598.19398949641,1006.4677487472178,55.357142857142854,55.0,0.40476190476190477,5.0,2.0,253.0,24.0,76.0,34.0,17.0,0.0,10.8,6.3,18.3,41.6,8.6,0.08419899504534947,0.04017082610436408,0.5793117625570032,0.9240222655967613,0.6639776237167824,0.23078985929160606,0.984783567781865,0.15749442716847778,0.6384532091513553,0.10055282244916904,52.9296875,Moderate,0,0,0.3,11.100000000000001,0.5669291338582677,False
12086011104,12086011101,159,169627.37735849057,8871.132075471698,4253.157232704402,1860.9245283018868,16315.892917402436,1878.6716055322202,29.81132075471698,30.0,0.0,34.0,8.0,1163.0,125.0,274.0,174.0,118.0,0.0,29.8,22.6,47.1,55.9,0.0,0.2528753707990261,0.4638599853529735,0.2270807913523754,0.4948421125855726,0.5234989161443943,0.3576980349344978,0.9651731709886492,0.30528670286676196,0.534890995284793,0.1632951083436152,90.8203125,Critical,0,0,1.0,41.5,0.6625441696113075,False
12086011106,12086011102,221,175870.07239819004,3987.683257918552,1749.0135746606336,529.2714932126697,29443.225571261533,2468.519882097232,39.81900452488688,40.0,0.01809954751131222,36.0,4.0,800.0,93.0,167.0,121.0,99.0,0.0,30.1,6.3,29.5,73.4,0.0,0.179444824058888,0.5140920228570376,0.388602532353183,0.6629752513253604,0.567351517397848,0.35431310043668124,0.9859605717521319,0.2668789622477846,0.6237963791371122,0.1664781303180381,92.1875,Critical,0,0,1.0,26.3,0.7209302325581395,False
12086011206,12086011201,149,115975.36912751678,1427.503355704698,198.73154362416108,169.86577181208054,13811.483517862061,1178.3812627186926,52.718120805369125,55.0,0.436241610738255,6.0,2.0,64.0,7.0,24.0,9.0,2.0,0.0,13.0,2.0,16.9,46.4,1.0,0.07475334864753136,0.0487065120428189,0.5066738937683352,0.8796856267742199,0.667709891726756,0.20629241280480234,0.9967113153004181,0.14052288072616687,0.6198974479225096,0.08710977513687004,39.84375,Low,0,1,0.3,10.3,0.6,False
12086011204,12086011202,146,128277.59589041096,4001.780821917808,1280.4109589041095,1066.8561643835617,9697.499720833668,2055.592044905297,42.32876712328767,40.0,0.0136986301369863,9.0,1.0,88.0,12.0,25.0,18.0,2.0,0.0,4.5,3.1,11.0,30.3,0.5,0.03746709251256066,0.10032708890871246,0.3269345152550436,0.705140279003257,0.6702280449041939,0.12185581338930074,0.9859761187515964,0.0796614529509307,0.5577212093645607,0.044428881879531125,8.3984375,Low,0,0,0.3,6.5,0.8,False
12086011302,12086011300,215,161473.39534883722,8119.851162790697,4441.767441860465,1702.5953488372093,18862.986622101653,1938.647950232386,31.162790697674417,30.0,0.0,34.0,7.0,1174.0,129.0,268.0,173.0,121.0,0.0,48.0,32.1,43.3,73.5,11.9,0.38708974340422825,0.48628734511953925,0.23466214465268803,0.5175473547415264,0.5323764797717725,0.5074255639055325,0.9665162132440158,0.44725765365488035,0.5474779075059084,0.2448636843389762,99.4140625,Critical,0,0,1.0,46.3,0.6886120996441281,False
12086011412,12086011401,695,93825.40431654676,616.9496402877697,231.59136690647483,131.12661870503598,71637.40569609252,1379.275012773312,56.86330935251799,60.0,0.7410071942446043,19.0,4.0,270.0,34.0,69.0,34.0,9.0,0.0,14.1,0.7,29.7,58.4,0.0,0.07387708504217648,0.6773713945881654,0.6278447108557054,0.9493264724589879,0.6172010832940225,0.2693589519650655,0.998338987056439,0.171618018503621,0.774016529650664,0.13283518310769615,75.390625,High,0,1,1.0,12.5,0.9107142857142857,False
12086011406,12086011403,144,155599.47916666666,4540.319444444444,2772.347222222222,950.8611111111111,29390.65789967599,2502.244141444934,40.763888888888886,40.0,0.013888888888888888,34.0,7.0,1263.0,142.0,275.0,190.0,123.0,0.0,18.6,3.3,29.3,63.8,1.9,0.10738417695449998,0.5171544680911319,0.3398508542266882,0.6788496911572166,0.529682508929173,0.3050863703553254,0.9806774151095888,0.20623527365491268,0.6092429875027597,0.1256473942499682,70.5078125,High,0,0,1.0,15.6,0.7244897959183674,False
12086011408,12086011404,233,64487.56223175966,675.7725321888412,888.8025751072961,212.62660944206007,47498.81833409247,965.6969855306359,57.33905579399141,60.0,0.8025751072961373,7.0,1.0,82.0,9.0,25.0,16.0,0.0,0.0,23.5,0.0,29.5,18.3,4.4,0.11703286378435869,0.4604120885098237,0.5377748748513904,0.9573192052717129,0.6743869336433272,0.21950211852453652,0.9960243726328399,0.1682674911544476,0.7251834949818188,0.1220248073272046,68.5546875,Moderate,0,1,1.0,22.3,0.6585365853658537,False
12086011500,12086011500,581,90563.9191049914,147.56798623063682,76.92771084337349,34.66265060240964,68442.94247744637,174.8976674424214,59.87951807228916,60.0,0.9845094664371773,1.0,1.0,41.0,4.0,12.0,8.0,0.0,0.0,8.5,0.8,9.3,63.8,0.5,0.046499822606608156,0.0487065120428189,0.8974785483278717,1.0,0.6875597945728598,0.2129660753980344,0.9999961850883475,0.12973294900232127,0.7267482080063796,0.09428318820682002,46.2890625,Moderate,0,1,0.3,15.0,0.6,False
12086011602,12086011600,52,1286379.25,5049.692307692308,2658.576923076923,2445.326923076923,143247.30947353548,3419.8492028356673,34.23076923076923,35.0,0.0,11.0,5.0,793.0,86.0,183.0,131.0,91.0,0.0,1.8,2.1,16.6,39.6,2.7,0.01903549982390172,0.05826587812909549,0.7275439104702378,0.5690906361042991,0.6080687855201384,0.16365916522798823,0.9761794781488059,0.09134733252594497,0.5878297376745153,0.053696678515992954,12.5,Low,0,0,0.3,6.0,0.6370370370370371,False
12086011702,12086011700,35,1449430.0285714285,4336.914285714286,1010.5428571428571,796.4857142857143,83776.7453654567,1543.0173909932328,39.857142857142854,40.0,0.0,4.0,3.0,220.0,23.0,50.0,41.0,31.0,0.0,12.6,17.7,29.9,57.2,3.7,0.14950175767074356,0.38043218632856113,0.78001717346947,0.6636159907467649,0.6577546218298628,0.2815262505218736,0.9868102816550729,0.21551400409630855,0.6937260508059463,0.14950767895510866,85.3515625,High,0,0,1.0,24.5,0.5655737704918034,False
12086011800,12086011800,34,1392334.6470588236,2561.4411764705883,690.7058823529412,408.0882352941176,117880.71010466787,1224.8798627837423,42.64705882352941,45.0,0.0,0.0,0.0,0.0,0.0,0.0,0.0,0.0,0.0,6.3,0.0,31.2,35.1,2.2,0.03125860289448143,0.1091724898404202,0.8740243289947397,0.7104877084210393,0.9951514752535595,0.20317234747187524,0.9923365998248073,0.11721547518317833,0.7362345204669133,0.08629807916278867,38.8671875,Low,0,1,0.3,7.9,0.0,False
12086011900,12086011900,49,1131130.081632653,2329.7551020408164,1932.530612244898,923.5102040816327,141362.62319501757,2553.8167149925835,43.46938775510204,45.0,0.0,4.0,2.0,126.0,13.0,25.0,25.0,19.0,0.0,14.8,2.6,14.0,58.4,6.7,0.08593234285927,0.38012557800790353,0.8521930290945796,0.7243031673740847,0.6698104656648022,0.2632349299843156,0.9877280788421838,0.17458363642179278,0.7228320637967107,0.12619465021989906,70.703125,High,0,0,1.0,9.9,0.5652173913043478,False
12086012002,12086012000,28,1363929.0357142857,7465.535714285715,1897.5,1140.7142857142858,77825.71164609346,1526.399672969112,30.178571428571427,30.0,0.0,9.0,2.0,248.0,28.0,51.0,43.0,36.0,0.0,15.6,7.7,37.8,61.9,1.4,0.11381621708794262,0.4497586861547611,0.6632949862462063,0.5010120725800621,0.6561744249387874,0.3119510809834919,0.9769632368063744,0.21288364903571727,0.6494406813452382,0.1382553020770168,79.6875,High,0,0,1.0,13.7,0.6461538461538461,False
12086012101,12086012100,156,1347001.7307692308,5365.211538461538,1839.0641025641025,578.9230769230769,62360.885096384496,2465.105763639873,32.94871794871795,35.0,0.0,7.0,2.0,252.0,25.0,54.0,45.0,35.0,0.0,13.0,0.7,14.3,48.5,2.4,0.06732141339391333,0.03830535103252696,0.7247301391202549,0.547551655554258,0.6600306203248197,0.21168148505466977,0.982794356115523,0.13950144922429156,0.5906824244294765,0.08240105423923005,34.765625,Low,0,0,0.3,8.399999999999999,0.5597014925373135,False
12086012200,12086012200,72,1317632.4166666667,4586.472222222223,2273.347222222222,765.9861111111111,58812.38697080936,1166.3553679252093,35.90277777777778,35.0,0.0,7.0,1.0,30.0,4.0,8.0,5.0,0.0,0.0,11.8,2.5,17.0,38.5,2.8,0.07025352049916489,0.13209359774926238,0.7507789931829698,0.5971810565716443,0.6759609390794528,0.19251766415038984,0.9825667202680403,0.13138559232477737,0.6277162613702739,0.08247287281202821,34.9609375,Low,0,0,0.3,4.7,0.9230769230769231,False
12086012302,12086012300,67,1116669.5820895522,1599.9701492537313,1011.5671641791045,499.2835820895522,59883.2324144118,681.9403015315986,44.62686567164179,45.0,0.0,0.0,0.0,0.0,0.0,0.0,0.0,0.0,0.0,11.3,5.4,28.3,78.1,2.3,0.08292085286346203,0.1091724898404202,0.9223327697529968,0.7437492649526171,0.9970826935492411,0.3182742961759362,0.9930641061492459,0.20059757451969912,0.7530802648489041,0.1510660745473428,86.71875,High,0,1,0.3,12.4,0.0,False
12086012403,12086012400,143,1108165.972027972,1813.5314685314686,456.42657342657344,385.74825174825173,285337.6462381323,1657.8023115813442,46.36363636363637,45.0,0.23776223776223776,9.0,1.0,30.0,4.0,8.0,6.0,0.0,0.0,12.9,10.0,8.9,66.2,6.5,0.1138822366702777,0.11507582515611062,0.8966404242109266,0.7729277156733241,0.6719836663521801,0.2620821242792503,0.9946046870766612,0.187982180474764,0.6902464636938406,0.1297540353101632,72.65625,High,0,1,0.3,7.8,0.8571428571428571,False
12086012501,12086012500,108,1173576.4722222222,4087.6481481481483,1759.5925925925926,1300.3240740740741,190894.13281435118,2758.4330351891285,40.833333333333336,40.0,0.17592592592592593,12.0,1.0,56.0,5.0,24.0,7.0,0.0,0.0,17.1,3.3,29.1,100.0,2.0,0.10034325646427672,0.31013975617008627,0.750655449056506,0.6800163859370105,0.6652307545432082,0.39105731469257415,0.9837574163164383,0.24570028557842544,0.6779599524046499,0.1665749539165582,92.3828125,Critical,0,0,1.0,15.3,0.48387096774193544,False
12086012601,12086012600,43,1259164.2093023255,6756.139534883721,2231.6279069767443,1517.7906976744187,100842.33796532232,1041.5315778628574,31.627906976744185,30.0,0.0,3.0,1.0,50.0,5.0,17.0,7.0,0.0,0.0,12.7,0.9,27.1,57.9,1.8,0.06639613458018127,0.05515908415105561,0.6671457225134482,0.5253614965224714,0.6833100978277962,0.2661152076774652,0.9764137438261951,0.16625567112882325,0.5814780289681932,0.09667401995277229,49.4140625,Moderate,0,0,0.3,11.8,0.625,False
12086012701,12086012700,126,1181958.1666666667,5461.722222222223,5293.587301587301,2458.3809523809523,199971.34664805347,4374.553776812239,37.182539682539684,35.0,0.14285714285714285,14.0,2.0,80.0,10.0,26.0,13.0,0.0,0.0,5.2,6.0,6.4,58.3,1.0,0.054171436369266336,0.09238546169857499,0.6960224689766323,0.6186815746564175,0.6513164914527034,0.18398520756462766,0.967347078022613,0.119078321966947,0.6051506149613883,0.07206031976686818,25.390625,Low,0,0,0.3,6.3,0.7692307692307693,False
12086012802,12086012800,104,1250022.7403846155,8911.10576923077,3942.3173076923076,2826.3173076923076,156184.05577786482,3884.078751259533,28.028846153846153,30.0,0.0,12.0,1.0,30.0,4.0,8.0,5.0,0.0,0.0,2.3,0.6,5.2,42.0,1.5,0.013971710635541717,0.13209359774926238,0.6122314661681434,0.46489581769347543,0.666017757261271,0.1338440777224874,0.963566250727015,0.07390789417901457,0.5677609779198334,0.04196201827507287,6.640625,Low,0,0,0.3,4.5,0.9230769230769231,False
12086012900,12086012900,72,1431736.3055555555,12212.194444444445,6288.652777777777,5118.194444444444,53821.231527312615,1920.7431340527955,25.0,25.0,0.0,5.0,2.0,80.0,11.0,24.0,14.0,0.0,0.0,14.7,0.8,37.6,46.6,2.8,0.07315851344730125,0.6409847097672817,0.5775568952737654,0.4140099761440034,0.6692142187254307,0.27769037157397064,0.9439808186748548,0.17542444251063594,0.6491493237170672,0.11387665821922285,62.5,Moderate,0,0,1.0,16.5,0.868421052631579,False
12086013000,12086013000,44,1373457.4318181819,16213.886363636364,4412.090909090909,3893.1363636363635,32239.9999555642,1838.7431781405917,20.113636363636363,20.0,0.0,3.0,2.0,40.0,6.0,13.0,7.0,0.0,0.0,18.4,3.9,38.1,56.7,3.6,0.10533968076460529,0.6681534344335416,0.5147463022383132,0.3319170889112333,0.6744022648651077,0.31953936731999594,0.944750500130989,0.2124395240423006,0.6267939181158371,0.13315580163713717,75.9765625,High,0,0,1.0,18.599999999999998,0.8999999999999999,False
12086013100,12086013100,21,1348989.857142857,10015.952380952382,2828.190476190476,2522.5714285714284,88438.36747209086,1728.2326080765426,27.38095238095238,25.0,0.0,2.0,1.0,15.0,2.0,4.0,2.0,0.0,0.0,17.3,3.4,38.0,55.1,3.8,0.09992859815104499,0.7541877292100309,0.6043680259379408,0.4540109400226511,0.6863581609272862,0.31300003328707,0.9654937019424636,0.2064643157190575,0.6928837116080745,0.14305576139004186,81.8359375,High,0,0,1.0,14.8,1.0,False
12086013202,12086013200,52,1310662.5,13349.807692307691,2512.6153846153848,2006.3846153846155,65863.69428481167,3782.1017035011027,25.192307692307693,25.0,0.0,4.0,3.0,93.0,10.0,33.0,14.0,0.0,0.0,8.0,3.2,29.3,43.5,5.3,0.053819978508930756,0.058591303357564496,0.5432666097451434,0.4172408232265096,0.6615988274142462,0.24010742978684993,0.961071044802335,0.14696370414789034,0.5283537217091597,0.07764882004270174,30.2734375,Low,0,0,0.3,10.399999999999999,0.6382978723404256,False
12086013302,12086013300,57,1314412.4736842106,10289.245614035088,1816.5438596491229,1468.4035087719299,39477.960914515934,3958.9613188702383,27.894736842105264,30.0,0.0,3.0,1.0,28.0,3.0,10.0,2.0,0.0,0.0,15.6,4.1,34.6,55.2,3.2,0.09561385509454207,0.5391019922688076,0.594146688880528,0.4626427269648856,0.6839760232046185,0.29576978211073873,0.9706990364928129,0.1956918186026404,0.6501132935623305,0.1272218527149647,71.6796875,High,0,0,1.0,15.100000000000001,0.75,False
12086013400,12086013400,35,1333392.142857143,13541.828571428572,3004.2571428571428,2815.8,74446.46316180858,3083.6177233674,25.0,25.0,0.0,3.0,1.0,79.0,9.0,17.0,13.0,13.0,0.0,21.1,6.0,42.9,56.2,8.6,0.12969106631174462,0.4340601207393731,0.5438294328102408,0.4140099761440034,0.682432287103803,0.36532959728287245,0.9571296406770818,0.24751033179730852,0.6062922914949004,0.1500636062340533,85.9375,High,0,0,1.0,27.6,0.627906976744186,False
12086013500,12086013500,16,1483666.25,14469.625,4269.1875,3809.6875,41066.26813091251,2465.2851322582005,24.6875,25.0,0.0,3.0,2.0,144.0,18.0,39.0,24.0,13.0,0.0,24.5,10.2,51.7,50.9,4.6,0.16463407981499079,0.505141086435983,0.5516610450786931,0.4087598496349309,0.6712542539928567,0.36562522990645774,0.9488995954754514,0.26512965486072426,0.617143166123583,0.16362295463400017,91.015625,Critical,0,0,1.0,25.7,0.7105263157894737,False
12086013600,12086013600,39,1430654.7435897435,17712.4358974359,2036.3333333333333,1710.4615384615386,64239.123429048435,2627.774822072768,21.53846153846154,20.0,0.0,4.0,3.0,194.0,21.0,47.0,31.0,21.0,0.0,11.7,9.1,46.0,51.8,5.6,0.09926855028727588,0.44133574820461535,0.5055470699616609,0.3558547286588926,0.6585416245479255,0.31908642000383647,0.9545052912238066,0.20917748514555617,0.5831568925193802,0.12198329222250134,68.359375,Moderate,0,0,1.0,20.5,0.6363636363636364,False
12086013700,12086013700,33,1443862.393939394,15622.515151515152,3002.757575757576,2849.4242424242425,63916.838931018094,3615.597116324737,23.03030303030303,25.0,0.0,6.0,2.0,152.0,19.0,45.0,22.0,7.0,0.0,16.6,9.3,43.8,67.8,4.9,0.12339653157469546,0.5565413763451231,0.5315888497498265,0.38091826966257675,0.6650461902194666,0.36416448213217784,0.952868969688768,0.24378050685343666,0.6173927311331522,0.15050831292326738,86.1328125,High,0,0,1.0,26.799999999999997,0.7702702702702703,False
12086013802,12086013800,21,1319433.4761904762,17063.47619047619,1461.2857142857142,1279.142857142857,61223.018295914706,4884.411250284395,23.571428571428573,25.0,0.0,3.0,1.0,78.0,10.0,16.0,12.0,12.0,0.0,22.1,8.5,68.3,52.7,3.6,0.14667354649572387,0.5391019922688076,0.4971199335621036,0.3900093978168149,0.6824625564391131,0.4030629481060221,0.9586506306910056,0.274868247300873,0.6134689021555689,0.16862312190909198,92.578125,Critical,0,0,1.0,31.0,0.75,False
12086013900,12086013900,61,1303726.6229508198,13347.196721311475,1321.0983606557377,1082.049180327869,35456.65985686555,3835.129166967183,25.81967213114754,25.0,0.0,2.0,3.0,372.0,43.0,89.0,60.0,40.0,0.0,10.9,0.6,18.8,61.0,3.2,0.055604968506056965,0.0700102421779496,0.5422789374939868,0.42778079977435757,0.6571309555899993,0.25304751136838066,0.9670429305401211,0.1543262399372188,0.5328487731152829,0.08223254761004181,34.1796875,Low,0,0,0.3,9.3,0.6825396825396826,False
12086981100,12086014000,132,854828.75,3398.8030303030305,1126.7727272727273,932.1818181818181,457709.7036744427,3625.138309421242,47.15909090909091,50.0,0.38636363636363635,0.0,0.0,0.0,0.0,0.0,0.0,0.0,0.0,2.9,42.3,0.0,11.5,0.0,0.22328714129200064,0.1091724898404202,0.7250736137702297,0.786291674060054,0.9934695436233283,0.03745,0.9879962004070825,0.13036857064600033,0.720400704340223,0.09391761011720676,45.8984375,Moderate,0,0,0.3,0.0,0.0,True
12086014100,12086014100,105,1106147.6761904762,3191.3714285714286,992.6190476190476,730.6190476190476,208622.23856108982,2925.8363999992275,49.57142857142857,50.0,0.3238095238095238,1.0,1.0,33.0,6.0,8.0,6.0,0.0,0.0,37.5,0.0,0.0,,0.0,0.18550008151054853,1.0,0.7870570879286906,0.8268199233716474,0.6878019492553406,0.11249999999999999,0.9893337680562588,0.14900004075527426,0.8582025457223874,0.12787221428891585,71.875,High,0,0,1.0,21.4,1.2857142857142856,False
12086014200,12086014200,49,1191118.2857142857,2875.8571428571427,867.5918367346939,412.81632653061223,42178.2899917126,1529.5481358885047,38.16326530612245,35.0,0.0,0.0,0.0,0.0,0.0,0.0,0.0,0.0,0.0,2.1,0.7,19.7,19.1,1.5,0.013876210091536546,0.1091724898404202,0.8214801500210642,0.6351581621588127,0.9945199368612923,0.11556831353034765,0.9911578636811819,0.0647222618109421,0.7102977205125544,0.04597207503072892,8.7890625,Low,0,1,0.3,3.3,0.0,False
12086014300,12086014300,39,1212487.4102564103,2409.5641025641025,1250.7179487179487,541.1282051282051,37258.89155675171,1598.0681889619727,35.8974358974359,35.0,0.0,0.0,0.0,0.0,0.0,0.0,0.0,0.0,0.0,11.5,2.5,10.8,66.1,4.7,0.06934252778182884,0.6116038094294114,0.8591070607058612,0.5970913108193525,0.9954565367432144,0.2535153882175056,0.9906075397404117,0.16142895799966722,0.8107732514876502,0.1308822811616535,74.21875,High,0,0,1.0,22.4,0.0,False
12086014400,12086014400,62,1214046.935483871,3545.2903225806454,191.20967741935485,156.5483870967742,68140.72906712293,3465.6726661768193,34.516129032258064,35.0,0.0,0.0,0.0,0.0,0.0,0.0,0.0,0.0,0.0,16.5,0.9,9.9,83.1,3.1,0.08634874395354232,0.6116038094294114,0.7847198074145583,0.5738847962912437,0.9931753080916033,0.30029032248964715,0.9925142983165782,0.19331953322159473,0.7911796039086789,0.15295047172207202,87.6953125,High,0,1,1.0,21.5,0.0,False
12086014500,12086014500,90,1178084.2222222222,6293.344444444445,1423.9777777777779,1001.7777777777778,52615.67201094699,3873.6016981589664,32.44444444444444,35.0,0.0,6.0,2.0,260.0,27.0,62.0,47.0,27.0,0.0,6.3,2.8,16.7,50.4,1.1,0.04464028887525577,0.04756782284724775,0.6679961890211984,0.5390796565379086,0.6617771020059752,0.19616335714205116,0.9811052500056214,0.12040182300865346,0.5795052040835902,0.06977348301466603,22.8515625,Low,0,0,0.3,8.7,0.5955882352941176,False
12086014602,12086014600,45,1199766.711111111,6471.377777777778,3504.6222222222223,1663.4444444444443,47958.59457510396,1612.6810721292788,30.88888888888889,30.0,0.0,6.0,1.0,35.0,4.0,8.0,5.0,3.0,0.0,5.2,3.4,15.2,79.1,1.1,0.041828785312943526,0.08742194469223909,0.6661294291814176,0.5129456934705253,0.6777982287665386,0.26051947067916903,0.9727624491382213,0.15117412799605628,0.5834115490497884,0.08819673219043019,40.625,Moderate,0,0,0.3,8.3,0.75,False
12086014702,12086014700,38,1185206.8421052631,5174.1578947368425,1580.4473684210527,878.921052631579,43721.332345692565,1860.8431614976973,33.28947368421053,35.0,0.0,7.0,1.0,35.0,4.0,8.0,7.0,4.0,0.0,10.8,0.0,13.1,51.2,4.2,0.05309246818648859,0.05685712944269687,0.7070064266948697,0.5532764898583479,0.6758095924029023,0.21785870146575945,0.9831938553053442,0.135475584826124,0.5952286987408322,0.08063895606720703,32.2265625,Low,0,0,0.3,12.7,0.6315789473684211,False
12086014800,12086014800,39,1136886.0512820513,3876.3846153846152,1090.4871794871794,623.8205128205128,51718.52670589989,1282.3995521427914,37.43589743589744,40.0,0.0,5.0,2.0,131.0,13.0,32.0,25.0,15.0,0.0,26.9,5.9,46.9,57.6,9.0,0.16202128904626417,0.35986387815112175,0.7547728524345714,0.6229380874794017,0.6676704826246154,0.3992138113130903,0.987934689306489,0.28061755017967727,0.6786359979992398,0.19043717122228704,95.703125,Critical,0,0,1.0,33.199999999999996,0.5416666666666666,False
12086014900,12086014900,67,1108718.8507462686,5148.731343283582,1277.6567164179105,900.1044776119403,42873.179424640104,958.0155243584547,34.62686567164179,35.0,0.0,15.0,2.0,225.0,24.0,56.0,41.0,23.0,0.0,9.5,1.5,24.8,65.9,4.5,0.054125873848753454,0.0487065120428189,0.695065100158583,0.5757452166622968,0.6449388014691017,0.28419140347313904,0.9841067972500628,0.16915863866094624,0.5897124855165726,0.0997549612513464,52.5390625,Moderate,0,0,0.3,12.6,0.6,False
12086015002,12086015000,127,1014888.4881889764,4145.8031496062995,1267.8031496062993,1003.0472440944882,77975.82862136414,1340.7469017652722,39.84251968503937,40.0,0.0,7.0,2.0,129.0,14.0,32.0,24.0,13.0,0.0,12.6,1.1,19.2,71.1,5.4,0.06753333032714115,0.0509508849500317,0.7198475400171715,0.6633703155355418,0.6637537485679628,0.29585872346907693,0.9858880339728636,0.18169602689810904,0.6167621046087144,0.11206322394871931,61.328125,Moderate,0,0,0.3,7.8,0.6086956521739131,False
12086981300,12086015100,169,816426.6094674557,1129.3550295857988,294.35502958579883,263.1301775147929,105989.15425483926,647.3392275960663,58.84615384615385,60.0,0.8224852071005917,3.0,2.0,51.0,7.0,8.0,11.0,5.0,0.0,0.0,0.0,0.0,100.0,0.0,0.0,0.11968480523342256,0.9291299312987071,0.9826390626650874,0.6740693021766966,0.25,0.996782568625312,0.125,0.7404611339998451,0.09255764174998064,45.3125,Moderate,0,1,0.3,0.0,0.875,True
12086015201,12086015200,88,639421.0340909091,1104.3181818181818,316.375,276.35227272727275,62287.70176569126,849.8149703338677,57.44318181818182,60.0,0.6818181818181818,3.0,2.0,132.0,16.0,32.0,25.0,12.0,0.0,3.9,0.0,13.5,21.6,1.9,0.019436282873062725,0.07339461402215931,0.8862327473778867,0.9590685646313493,0.671617486016578,0.11236409961296731,0.9967324550288577,0.06590019124301502,0.7174091734153661,0.047277401727565956,9.375,Low,0,1,0.3,7.3,0.6956521739130435,False
12086015300,12086015300,85,756683.0588235294,3323.247058823529,922.7176470588236,822.5882352941177,55134.00968125039,1078.078724330622,43.88235294117647,45.0,0.011764705882352941,7.0,2.0,167.0,19.0,41.0,30.0,15.0,0.0,8.7,2.0,12.4,59.7,4.3,0.052913925031077114,0.06491297222164595,0.7058480008342994,0.7312411496804317,0.6626035138261788,0.23141501698204756,0.9890453276836844,0.14216447100656232,0.630730192849248,0.08966742421428038,42.578125,Moderate,0,0,0.3,8.5,0.6627906976744186,False
12086015400,12086015400,69,959510.7536231884,5949.057971014493,2231.8840579710145,1320.1014492753623,89334.75990660499,962.4551767111942,33.6231884057971,35.0,0.0,22.0,3.0,322.0,37.0,79.0,58.0,31.0,0.0,8.1,3.7,19.7,54.5,3.4,0.057733816219036574,0.06437704430567943,0.6392064637588614,0.5588830322784101,0.6188716950827774,0.23188743497737607,0.9785392579497724,0.14481062559820632,0.5719754986751001,0.08282812978998727,35.546875,Low,0,0,0.3,5.3,0.6607142857142857,False
12086015501,12086015500,83,1054735.8072289156,7200.084337349397,5558.265060240964,2423.975903614458,52560.29286087478,1673.8087296737876,31.50602409638554,30.0,0.0,6.0,2.0,226.0,25.0,56.0,38.0,17.0,0.0,12.5,9.5,18.6,100.0,5.8,0.10594568667148614,0.06823862220829213,0.6206066383354693,0.5233138147907178,0.6628062594065188,0.36823835234645635,0.9631426061044195,0.23709201950897124,0.5676215881690835,0.13457854865589758,76.7578125,High,0,0,0.3,19.6,0.6756756756756757,False
12086015600,12086015600,45,785211.5555555555,8747.111111111111,3707.0444444444443,1673.2222222222222,72309.49483252077,3802.7325774442193,29.333333333333332,30.0,0.0,6.0,2.0,114.0,17.0,24.0,21.0,8.0,0.0,5.3,1.9,14.9,32.9,6.0,0.03483194540596783,0.14220793429047512,0.5259581031951894,0.4868117304031422,0.6661964249612508,0.1698236908026133,0.9675540390546621,0.10232781810429056,0.5577456463809439,0.057072895051329196,14.2578125,Low,0,0,0.3,4.6,0.9622641509433961,False
12086015700,12086015700,67,865033.2089552239,6300.626865671642,3700.0746268656717,1845.9701492537313,140199.2120269796,2451.7523654911697,32.61194029850746,30.0,0.0,17.0,6.0,503.0,67.0,114.0,91.0,36.0,0.0,10.3,0.3,6.8,81.6,1.9,0.05151852855511621,0.10910901277386449,0.6080761886053769,0.5418936546933517,0.5957045482624616,0.2632780734120939,0.9720477085870983,0.15739830098360508,0.5653662225844307,0.08898768286830809,41.2109375,Moderate,0,0,0.3,8.5,0.8340248962655602,False
12086015800,12086015800,52,781502.1153846154,3529.2884615384614,666.3846153846154,349.15384615384613,54393.71262493192,1193.967276073696,37.59615384615385,40.0,0.0,3.0,1.0,28.0,3.0,8.0,6.0,0.0,0.0,3.6,0.6,16.1,62.9,3.5,0.020802951809403898,0.05976806422836753,0.7004595368564686,0.6256304600481569,0.6839760232046185,0.23007890333209213,0.9906167528287569,0.125440927570748,0.6120901674332737,0.07678115835976432,29.4921875,Low,0,0,0.3,8.399999999999999,0.6428571428571428,False
12086015900,12086015900,45,747595.1333333333,5290.7555555555555,1350.0444444444445,1000.4888888888889,40913.56574069514,1278.7242604812948,34.333333333333336,35.0,0.0,7.0,3.0,222.0,23.0,56.0,41.0,20.0,0.0,11.6,2.3,20.4,19.5,4.2,0.06834254802720698,0.04605930297277312,0.6136388193857796,0.5708137545483024,0.6517281740683334,0.16093228225178566,0.9833460147799565,0.11463741513949632,0.5731172131510289,0.0657006758875857,19.3359375,Low,0,0,0.3,12.6,0.5897435897435898,False
12086016000,12086016000,47,695687.659574468,5126.468085106383,1533.595744680851,1349.063829787234,32788.043321279685,934.3364502255954,35.212765957446805,35.0,0.0,10.0,3.0,220.0,25.0,57.0,39.0,18.0,0.0,9.8,0.9,18.0,61.7,1.4,0.05254930338207135,0.06364931060926182,0.6058275153330306,0.5855885786532666,0.6458228036480446,0.24001177967344822,0.9822299697583429,0.1462805415277598,0.5766236356003892,0.08434881767333056,36.5234375,Low,0,0,0.3,12.100000000000001,0.6578947368421053,False
12086016100,12086016100,61,684402.4426229508,4127.081967213115,762.0819672131148,612.9508196721312,27439.68408438441,494.3083819871279,39.26229508196721,40.0,0.0,5.0,2.0,126.0,14.0,32.0,22.0,9.0,0.0,2.7,2.0,19.5,45.8,2.6,0.023228631514987,0.06591337099811675,0.6445764286950603,0.6536223073121651,0.6678218293011657,0.1892572165239272,0.9884524048930639,0.1062429240194571,0.6040772682399144,0.06417893531149443,17.3828125,Low,0,0,0.3,5.6,0.6666666666666666,False
12086016200,12086016200,28,593279.2142857143,1928.0357142857142,479.17857142857144,397.17857142857144,43855.53653240345,528.8455968843036,48.392857142857146,47.5,0.0,2.0,1.0,98.0,11.0,24.0,15.0,9.0,0.0,3.7,6.7,13.6,92.3,2.4,0.05170238602583399,0.07129051442164736,0.7640532788115366,0.807019446251717,0.6838458060965473,0.2913710047053248,0.9942766543429612,0.1715366953655794,0.6640971399848818,0.11391702879473921,62.6953125,Moderate,0,1,0.3,13.2,0.6875,False
12086016300,12086016300,39,567682.9230769231,1486.076923076923,537.0769230769231,417.7435897435897,32566.8592852374,373.9214232552486,53.205128205128204,55.0,0.07692307692307693,5.0,2.0,223.0,26.0,56.0,39.0,16.0,0.0,12.1,0.4,19.9,40.9,5.2,0.0621835418696842,0.07521437583881832,0.8058497145970163,0.8878675482449067,0.6648857037760855,0.2197356120871557,0.9949366699149472,0.14095957697841996,0.6857508024743547,0.09666314302939706,49.21875,Moderate,0,1,0.3,7.9,0.7027027027027027,False
12086016402,12086016400,55,524934.4,850.5272727272727,341.8363636363636,291.8727272727273,36263.01656958401,329.52203627462063,58.54545454545455,60.0,0.7454545454545455,4.0,1.0,28.0,3.0,8.0,6.0,0.0,0.0,10.6,2.2,14.5,100.0,0.5,0.06381603420623891,0.05976806422836753,0.8985705068496292,0.9775871926815323,0.6819873868409821,0.3239582151360257,0.997125534472483,0.19388712467113228,0.7230077370145989,0.14018189124474276,80.859375,High,0,1,0.3,11.6,0.6428571428571428,False
12086016502,12086016500,77,493172.44155844155,1862.6233766233765,391.2207792207792,340.987012987013,27050.61157908376,1204.6142758812339,48.506493506493506,50.0,0.09090909090909091,4.0,2.0,44.0,7.0,8.0,11.0,0.0,0.0,5.1,0.0,6.5,50.2,1.7,0.025367851986499986,0.17911639044086583,0.7350067260122499,0.8089285831641069,0.672292551160231,0.16732570438825137,0.9948177249607838,0.09634677818737568,0.6780323951476475,0.06532623677914545,18.75,Low,0,1,0.3,5.6,1.105263157894737,False
12086016600,12086016600,31,533596.4516129033,2607.6129032258063,511.7741935483871,408.258064516129,19634.347253115247,894.8208266619396,41.45161290322581,40.0,0.0,2.0,2.0,44.0,7.0,8.0,11.0,0.0,0.0,10.7,4.3,10.7,34.0,1.7,0.07445885469038228,0.17911639044086583,0.6852073025032352,0.6904037330087239,0.6762698238875037,0.15508858648432122,0.9927847292050971,0.11477372058735175,0.6447563958090852,0.07400109041949991,27.1484375,Low,0,1,0.3,17.8,1.105263157894737,False
12086016700,12086016700,50,557325.5,2748.0,541.68,471.7,25327.33633782656,819.4350218913279,39.4,40.0,0.0,4.0,3.0,170.0,21.0,39.0,34.0,8.0,0.0,8.5,0.0,15.6,43.1,2.7,0.04217063158137947,0.09459146925694654,0.6834816839207414,0.6559358056820646,0.6592680885953681,0.18977990758606683,0.9922501548559876,0.11597526958372315,0.6171054404622216,0.07156896981918837,24.21875,Low,0,1,0.3,7.0,0.7777777777777778,False
12086016800,12086016800,41,611084.8048780488,5068.121951219512,698.8048780487804,618.390243902439,38718.63767826776,2413.195321509657,34.63414634146341,35.0,0.0,11.0,4.0,236.0,28.0,57.0,44.0,17.0,0.0,14.5,1.0,20.7,65.1,3.5,0.07647233065918715,0.5062923035828584,0.5829795015665729,0.5758675348627266,0.634139331603657,0.2808334884849305,0.9867397504411246,0.17865290957205882,0.6572036844113878,0.11741135040157154,65.234375,Moderate,0,0,1.0,14.5,0.711864406779661,False
12086016900,12086016900,14,598053.2857142857,4186.785714285715,251.07142857142858,247.14285714285714,16404.679826798838,1365.6426595659543,35.714285714285715,35.0,0.0,2.0,1.0,94.0,10.0,24.0,16.0,9.0,0.0,10.2,2.9,24.1,57.3,4.2,0.06489826362248058,0.05186695552440425,0.6157350290363239,0.594014313597918,0.6839668834377878,0.2613305355268948,0.9908131850760393,0.16311439957468768,0.5872792733344946,0.09579370605261497,48.2421875,Moderate,0,1,0.3,14.999999999999998,0.6122448979591837,False
12086017000,12086017000,42,663689.7380952381,5192.5952380952385,622.9761904761905,550.8095238095239,31340.69705285766,1736.0594299640247,33.333333333333336,35.0,0.0,10.0,4.0,238.0,27.0,55.0,47.0,19.0,0.0,13.2,3.6,13.6,56.2,6.2,0.08289891341643296,0.4697768373869259,0.5942501534142169,0.5540133497192704,0.6360674292966731,0.24925924759938167,0.9868918263861065,0.16607908050790732,0.6481999192406386,0.10765244657278504,58.59375,Moderate,0,0,1.0,16.9,0.6694214876033058,False
12086017101,12086017100,40,681230.675,3740.7,681.4,389.675,31482.369437583482,2169.5966918135277,36.125,35.0,0.0,3.0,2.0,126.0,15.0,32.0,22.0,8.0,0.0,12.8,1.3,13.9,46.0,5.0,0.06979804115238254,0.08117752007136485,0.6626766399789313,0.6009144798669848,0.6717991020284385,0.21717647450436117,0.9900431369132274,0.14348725782837185,0.6013221757717895,0.0862820700728843,38.671875,Low,0,0,0.3,17.6,0.7258064516129031,False
12086017200,12086017200,48,738108.0208333334,6749.541666666667,720.4791666666666,370.0416666666667,37363.85612787091,1565.3125846260396,30.625,30.0,0.0,9.0,5.0,331.0,42.0,71.0,60.0,29.0,0.0,12.7,4.1,11.6,34.7,3.9,0.0826502462383984,0.5713648528099912,0.564106769160563,0.5085122533073085,0.6260304911606801,0.17666442740597815,0.9839315028380762,0.12965733682218827,0.6507891738553238,0.08437959111479336,36.71875,Low,0,0,1.0,28.599999999999998,0.7875,False
12086017300,12086017300,32,734836.625,8092.09375,1513.9375,1247.71875,40818.79082920102,2584.3085848820688,28.90625,30.0,0.0,6.0,3.0,217.0,25.0,47.0,41.0,21.0,0.0,12.7,4.1,18.2,65.5,2.7,0.08203369774270987,0.48582387394391763,0.5281866932276104,0.47963655750740974,0.6538681571085203,0.26547597745506246,0.9765916397941653,0.17375483759888616,0.6248213843163246,0.10856573816019421,59.375,Moderate,0,0,1.0,21.5,0.6880733944954128,False
12086017402,12086017400,65,627533.1846153847,6916.476923076923,1114.4615384615386,962.2,44346.75378899378,2509.4221951208974,31.153846153846153,30.0,0.0,13.0,5.0,329.0,44.0,72.0,59.0,28.0,0.0,19.1,0.0,24.2,48.6,3.3,0.0936751007829253,0.608091756948068,0.528018420806496,0.5173970827842005,0.618136484376755,0.26190229850038926,0.9808911076746106,0.17778869964165728,0.6505069705180261,0.11565278839623375,64.2578125,Moderate,0,0,1.0,27.4,0.8301886792452831,False
12086017500,12086017500,12,535710.0,5503.333333333333,548.75,501.3333333333333,15407.381666531857,734.4274620203803,33.333333333333336,35.0,0.0,4.0,2.0,114.0,19.0,24.0,16.0,8.0,0.0,14.2,17.7,35.2,58.7,1.0,0.1573656757681211,0.9155020319159481,0.541614729175471,0.5540133497192704,0.6701736976885235,0.29058782765196395,0.9866186568534239,0.22397675171004253,0.7335844930705274,0.16430587186279494,91.40625,Critical,0,0,1.0,25.5,1.1875,False
12086017600,12086017600,21,564098.8095238095,6046.952380952381,933.952380952381,751.7619047619048,15601.143911966996,1214.6098334934752,34.04761904761905,35.0,0.0,4.0,2.0,121.0,16.0,23.0,24.0,13.0,0.0,10.3,2.6,20.2,58.0,3.9,0.06345003515137516,0.10032708890871246,0.5333884120534826,0.5660136388828647,0.6699618123413528,0.25118604312650217,0.9837214752151187,0.15731803913893866,0.5706824854803063,0.08977864958669762,42.96875,Moderate,0,0,0.3,17.9,0.8,False
12086017700,12086017700,34,535463.1470588235,5885.941176470588,951.6176470588235,850.8823529411765,12407.724771609863,644.4694290032585,34.55882352941177,35.0,0.0,7.0,3.0,213.0,23.0,47.0,36.0,21.0,0.0,15.3,7.7,32.0,48.1,1.8,0.11312988707246256,0.46464923717376905,0.5285354907021295,0.5746020811273979,0.6520005980861243,0.26278857012288004,0.9837381484561962,0.1879592285976713,0.6407051111091233,0.1204264384426561,67.578125,Moderate,0,0,1.0,22.5,0.6634615384615385,False
12086017800,12086017800,31,515683.8064516129,5521.741935483871,678.6129032258065,604.1935483870968,10209.26552180047,357.50943742712906,35.0,35.0,0.0,5.0,2.0,114.0,15.0,23.0,20.0,8.0,0.0,22.5,4.1,33.2,52.8,2.9,0.1311281538801502,0.6529709118259258,0.5336059169374976,0.5820140244343237,0.6681850613248871,0.3050984338151496,0.9859259690236857,0.2181132938476499,0.6845403767092639,0.14930735633576864,85.15625,High,0,0,1.0,26.8,0.8823529411764706,False
12086017901,12086017900,78,481983.5128205128,4267.705128205128,1131.948717948718,990.6025641025641,27688.211193759387,1296.0263756833297,41.98717948717949,40.0,0.0,15.0,5.0,310.0,46.0,59.0,57.0,26.0,0.0,2.7,0.0,14.3,0.0,1.1,0.013312160581058476,0.14467716199067737,0.5703335409891139,0.6994014684320475,0.6147343290203743,0.05281313880143982,0.9860859689672945,0.03306264969124915,0.6030464938799016,0.01993831497468721,1.953125,Low,0,0,0.3,8.299999999999999,0.9718309859154929,False
12086018003,12086018000,127,485810.0787401575,4224.456692913386,1754.6850393700788,1369.8818897637796,39100.57922187104,1534.1217887743305,43.661417322834644,40.0,0.03937007874015748,20.0,6.0,710.0,93.0,149.0,126.0,55.0,0.0,19.6,1.7,9.7,59.4,0.9,0.10472355003556678,0.6212256372827292,0.5738304501706023,0.7275293418511365,0.5834728867623604,0.2384249619173352,0.9833197186438194,0.17157425597645098,0.6978756069421295,0.11973748802521002,66.796875,Moderate,0,0,1.0,11.0,0.8454545454545455,False
12086018100,12086018100,38,564569.9736842106,5185.0526315789475,1142.6052631578948,1004.1842105263158,15794.457739015885,1664.8134535115003,35.39473684210526,35.0,0.02631578947368421,9.0,4.0,253.0,35.0,50.0,45.0,19.0,0.0,11.5,2.4,20.0,74.8,2.4,0.06840026206299292,0.6862659175443814,0.5632696723684493,0.5886457631826257,0.6376020256306579,0.28848825361362174,0.9841764325610489,0.17844425783830734,0.6919919622574326,0.12348199213510155,69.53125,Moderate,0,0,1.0,22.9,0.9210526315789473,False
12086018200,12086018200,24,436003.2916666667,1606.25,726.7083333333334,343.375,61786.50489314987,1500.6042043993043,51.875,50.0,0.2916666666666667,2.0,2.0,72.0,12.0,13.0,11.0,4.0,0.0,9.7,2.9,22.4,64.9,6.2,0.0626416345220696,0.2256913470115968,0.7398142155026998,0.8655208559242391,0.6754222824988206,0.28452671484828995,0.9943116590804697,0.17358417468517978,0.7001520720035652,0.12153531957285743,67.96875,Moderate,0,1,0.3,9.1,1.2857142857142856,False
12086018300,12086018300,52,536824.9807692308,5292.5,1715.0,978.9807692307693,17936.1864850663,1003.4899786519555,36.92307692307692,35.0,0.0,7.0,4.0,289.0,33.0,62.0,55.0,21.0,0.0,4.1,2.4,10.2,70.5,5.4,0.03192453580312077,0.07900554629019119,0.5495662982262751,0.6143224952593852,0.6404896022867668,0.2442954046917843,0.9822934093267928,0.13810997024745253,0.5731354702778823,0.07915572274783803,31.25,Low,0,0,0.3,6.4,0.717391304347826,False
12086018400,12086018400,21,500054.6666666667,3123.2380952380954,820.8095238095239,457.14285714285717,21700.363198189418,786.6259533451656,44.285714285714285,45.0,0.0,1.0,2.0,72.0,12.0,13.0,11.0,4.0,0.0,12.2,5.3,14.3,49.3,3.4,0.08668530722455518,0.2256913470115968,0.6377871838228176,0.7380177835610496,0.677410918862457,0.21644944371100053,0.9906892254234877,0.15156737546777785,0.6539192917362817,0.09911283081621637,51.3671875,Moderate,0,1,0.3,12.1,1.2857142857142856,False
12086018500,12086018500,40,515068.275,3080.825,1229.425,1122.725,17956.48210933725,702.0929110660717,42.625,42.5,0.0,3.0,2.0,121.0,17.0,27.0,21.0,6.0,0.0,13.8,13.6,12.4,49.0,3.9,0.13533372824191672,0.7063908987786478,0.646147042147463,0.7101171112556929,0.6719504487049891,0.21789783351951525,0.9878374324227498,0.176615780880716,0.7444885866619085,0.13148843309007358,74.8046875,High,0,0,1.0,18.2,0.9444444444444444,False
12086018601,12086018600,73,579412.1506849315,5153.767123287671,1355.2191780821918,1131.5342465753424,31294.773046731345,1437.5078021097252,34.93150684931507,35.0,0.0,3.0,3.0,221.0,25.0,50.0,40.0,19.0,0.0,22.5,3.6,9.4,82.4,0.0,0.12831681859501756,0.48582387394391763,0.5694546409548104,0.580863311774801,0.659712988858189,0.2991550218340612,0.9832706405748474,0.21373592021453935,0.655825091221313,0.14017337937197155,80.6640625,High,0,0,1.0,6.4,0.6880733944954128,False
12086018700,12086018700,46,542473.9565217391,3162.0434782608695,585.2173913043479,554.9130434782609,19117.391545636605,949.6045716571068,36.95652173913044,35.0,0.0,2.0,2.0,121.0,17.0,27.0,22.0,6.0,0.0,8.3,0.6,3.8,100.0,3.1,0.0441027996935747,0.1331765469142811,0.6511371713803981,0.6148843817085169,0.6739390850686254,0.3012918508739266,0.9910741504174089,0.17269732528375067,0.6128422670978461,0.10583622034862794,57.421875,Moderate,0,1,0.3,6.8,0.9272727272727274,False
12086018801,12086018800,71,597424.8309859155,6948.2535211267605,1298.5915492957747,1186.619718309859,40530.6620424537,2380.9074003611663,31.338028169014084,30.0,0.0,16.0,5.0,455.0,59.0,100.0,85.0,34.0,0.0,6.3,0.6,10.9,57.1,0.0,0.03379953837771651,0.10244848247854373,0.5176298207299326,0.5204914152012486,0.6083566390367724,0.19139890829694325,0.9796967645714929,0.11259922333732988,0.545724624403598,0.061448168863901205,16.40625,Low,0,0,0.3,7.6,0.8082191780821918,False
12086018902,12086018900,80,645000.5125,6131.925,1357.275,1162.7875,43926.71386482111,2172.3482818357966,33.25,35.0,0.0,3.0,3.0,217.0,25.0,50.0,40.0,16.0,0.0,6.9,0.0,2.2,100.0,1.5,0.0338520838088568,0.07646474677259185,0.5565937663173778,0.5526133159835177,0.6598340661994294,0.28445630479672324,0.9812198205465738,0.15915419430279001,0.5653451431638981,0.08997705076324566,43.1640625,Moderate,0,0,0.3,2.3,0.7075471698113207,False
12086019000,12086019000,49,724887.6530612245,6890.122448979592,1055.5714285714287,890.0408163265306,72578.20186861402,2891.0395451049344,31.122448979591837,30.0,0.0,9.0,5.0,336.0,42.0,74.0,63.0,30.0,0.0,8.2,3.3,8.6,34.6,3.6,0.05642512919768907,0.08858108938234152,0.5566296068539378,0.5168695975462403,0.6258791444841297,0.1531762668833147,0.9813065947424185,0.10480069804050189,0.5538532066018136,0.058044202663840375,14.84375,Low,0,0,0.3,12.4,0.7544910179640719,False
12086019100,12086019100,63,953811.7777777778,6720.285714285715,1059.3015873015872,899.7619047619048,80685.56730384544,3328.646879151189,31.11111111111111,30.0,0.0,5.0,4.0,240.0,32.0,50.0,44.0,20.0,0.0,12.6,9.9,15.6,69.4,0.9,0.11043130547555738,0.6183441058787319,0.6144960043381839,0.5166791167658658,0.6459500724442347,0.25852758200467146,0.9816116042271766,0.18447944374011443,0.6754161807308386,0.12460040131429771,69.921875,Moderate,0,0,1.0,30.5,0.8421052631578947,False
12086019200,12086019200,80,737293.9,3612.9125,731.225,543.9,39958.00883256435,1941.5388402491983,36.9375,35.0,0.0,3.0,2.0,121.0,15.0,26.0,24.0,6.0,0.0,7.4,1.7,9.4,42.7,2.7,0.045033851224049126,0.10124888492417483,0.6846792360962232,0.6145648087905733,0.6719504487049891,0.1685585102061542,0.9897549719571234,0.10679618071510166,0.6124396700946166,0.06540621768452193,18.9453125,Low,0,0,0.3,9.8,0.8035714285714285,False
12086019302,12086019300,70,549222.9571428571,3294.9714285714285,1586.2857142857142,896.6142857142858,57818.33583005962,1231.8036024926503,42.42857142857143,45.0,0.02857142857142857,6.0,1.0,67.0,11.0,17.0,13.0,0.0,0.0,8.0,3.7,8.3,63.2,2.3,0.05773397340588118,0.17775795420755283,0.6455681867328886,0.7068170317357045,0.6768296100366151,0.21653914333750832,0.986905528305661,0.13713655837169475,0.6387756622036844,0.08759949588621353,40.0390625,Low,0,0,0.3,13.600000000000001,1.1,False
12086019402,12086019400,130,658539.3769230769,6351.846153846154,2644.223076923077,2007.253846153846,87298.67602255453,2118.2966883486392,33.80769230769231,35.0,0.007692307692307693,9.0,2.0,169.0,19.0,41.0,30.0,10.0,0.0,13.2,0.0,6.3,57.0,4.0,0.06433197174831644,0.4992713002426553,0.5537984003082443,0.5619827725227855,0.6585657024282857,0.21996615776942777,0.974726844671461,0.1421490647588721,0.6496690040346864,0.09234984132635858,45.1171875,Moderate,0,0,1.0,7.8,0.7037037037037037,False
12086019502,12086019500,98,442330.48979591834,3246.326530612245,2542.061224489796,1908.142857142857,37076.79826150899,1574.008172574116,43.46938775510204,42.5,0.0,8.0,2.0,167.0,21.0,41.0,30.0,11.0,0.0,4.6,11.1,15.3,16.0,1.2,0.07704986526051952,0.09214333891777814,0.6066101413637438,0.7243031673740847,0.6606148774625423,0.10175919230899429,0.9815269459938791,0.08940452878475691,0.6130396942224057,0.05480852498830564,13.0859375,Low,0,0,0.3,1.5,0.7682926829268293,False
12086019600,12086019600,118,327012.31355932204,313.49152542372883,192.89830508474577,85.57627118644068,76762.7862762995,498.62698227125173,58.644067796610166,60.0,0.8389830508474576,1.0,1.0,142.0,18.0,35.0,26.0,0.0,0.0,4.4,0.6,8.9,84.7,2.5,0.02497954924668697,0.12232930199909335,1.0,0.9792439352224537,0.684502591706539,0.2621602896539273,0.9991819698674786,0.14356991945030714,0.7570515597591129,0.10868983145434521,59.5703125,Moderate,0,1,0.3,8.3,0.8852459016393444,False
12086019700,12086019700,68,308634.42647058825,861.1470588235294,656.4852941176471,267.25,62314.86764122799,663.9099530901129,53.161764705882355,55.0,0.36764705882352944,2.0,1.0,69.0,9.0,18.0,12.0,0.0,0.0,9.0,2.1,13.4,64.5,3.5,0.05528994630264509,0.12613737734165925,0.7935237921545318,0.887139023902773,0.6847236168205405,0.24290990769890436,0.9962152486963078,0.14909992700077473,0.6975478117831624,0.10400432781641966,55.859375,Moderate,0,1,0.3,1.2,0.9,False
12086019801,12086019800,102,290434.29411764705,715.8333333333334,326.79411764705884,256.95098039215685,45329.01196075623,495.1545030070764,52.40196078431372,52.5,0.39215686274509803,4.0,1.0,94.0,10.0,24.0,18.0,12.0,0.0,7.6,0.0,18.0,79.2,4.1,0.0379061714354809,0.03723527273928703,0.817496512260155,0.8743740104297338,0.679989610710515,0.2911152680455413,0.9975308272494973,0.1645107197405111,0.6813252466778377,0.11208530670835234,61.5234375,Moderate,0,1,0.3,11.7,0.5555555555555556,False
12086019902,12086019900,80,397893.2125,1170.15,458.2625,372.325,36166.793569601534,376.781006132579,46.8125,45.0,0.0,9.0,1.0,190.0,21.0,48.0,35.0,20.0,0.0,1.9,2.2,24.7,52.5,1.2,0.020416477590956997,0.05171353593791952,0.7833586363601225,0.7804688064772645,0.667140572702563,0.21056421414305543,0.9959257361442436,0.11549034586700621,0.6557214575244227,0.075729497921913,29.1015625,Low,0,1,0.3,2.1999999999999997,0.6116504854368932,False
12086020002,12086020000,70,359782.85714285716,2230.7714285714287,499.8285714285714,311.04285714285714,33516.70838672475,651.3443438338177,41.642857142857146,40.0,0.0,15.0,2.0,259.0,30.0,67.0,46.0,21.0,0.0,16.7,3.7,15.7,21.4,3.4,0.10137027437313524,0.4716870597946931,0.6391992310410869,0.6936167136557508,0.6439096440685581,0.16402040440969046,0.9938262193444634,0.13269533939141284,0.6884477735809105,0.09135381096858146,43.75,Moderate,0,1,1.0,7.5,0.6716417910447762,False
12086020100,12086020100,47,431869.6382978723,3704.0851063829787,1296.127659574468,1171.212765957447,25505.66313622332,784.289704398529,38.51063829787234,40.0,0.0,6.0,2.0,259.0,30.0,64.0,45.0,21.0,0.0,17.5,1.9,24.0,81.6,4.1,0.09566720562676147,0.4894668222054485,0.5764899119154583,0.640994169046883,0.6618073713412853,0.3431908138970696,0.9862598518222833,0.21942900976191554,0.6710036252662717,0.14723766103883343,84.1796875,High,0,0,1.0,3.1,0.6923076923076923,False
12086020200,12086020200,93,516019.376344086,2712.462365591398,636.6666666666666,353.1290322580645,43852.676928828616,1686.166365503479,39.946236559139784,40.0,0.010752688172043012,21.0,3.0,408.0,50.0,104.0,70.0,32.0,0.047619047619047616,21.7,0.0,26.5,55.2,2.8,0.1076685841026563,0.5203080929244288,0.6711146404864615,0.6651128010080305,0.5132571686097446,0.28989561174864314,0.9923371806696433,0.19878209792564971,0.6724259767396619,0.13366624635601412,76.3671875,High,0,1,1.0,18.299999999999997,0.7281553398058251,False
12086020300,12086020300,56,574405.7857142857,3796.8214285714284,422.55357142857144,321.6607142857143,18809.68811177733,2105.676951024996,37.232142857142854,40.0,0.0,3.0,1.0,202.0,23.0,49.0,33.0,22.0,0.0,13.8,4.3,22.6,74.5,3.0,0.08967529868336527,0.46464923717376905,0.6268335842977271,0.6195149280705559,0.67870915886066,0.3048350986764159,0.9908872782692295,0.19725519867989058,0.6761188373343883,0.13336795558961137,76.171875,High,0,1,1.0,13.899999999999999,0.6634615384615385,False
12086490100,12086490100,19,1383228.4210526317,36279.63157894737,9751.263157894737,4786.736842105263,25820.757602096048,6712.677104723622,18.157894736842106,20.0,0.0,10.0,4.0,376.0,47.0,90.0,66.0,32.0,0.0,12.9,3.1,18.1,39.0,1.6,0.0708808556774967,0.08742194469223909,0.36045939374631025,0.29905983784010015,0.6318902610238785,0.1938682971689065,0.8860106959687089,0.1323745764232016,0.4529684266542473,0.05996150361144005,15.8203125,Low,0,0,0.3,19.799999999999997,0.75,False
12086980300,12086980300,29,1122719.448275862,74030.96551724138,29509.655172413793,16946.103448275862,17780.442057388664,42094.040437099844,10.344827586206897,10.0,0.0,15.0,5.0,692.0,84.0,144.0,111.0,41.0,0.0,66.7,0.0,0.0,0.0,15.4,0.23989912498852003,0.6262989126503845,0.18228555288585108,0.16779714675301688,0.6031714429319136,0.27968656330749353,0.7193377061125038,0.2597928441480068,0.459778152266734,0.11944707385449017,66.6015625,Moderate,0,0,1.0,0.0,0.8513513513513513,True
12086980500,12086980500,183,1421797.8142076503,21224.13661202186,5807.7213114754095,4277.109289617486,89480.23240658641,12290.01400261738,22.131147540983605,20.0,0.0,35.0,13.0,4422.0,439.0,880.0,664.0,546.0,0.0,13.4,0.0,4.6,52.0,3.8,0.06227540111133251,0.43598433274004905,0.469389805793738,0.365812093437764,0.37680988442617425,0.2023928280468953,0.9294835986766046,0.1323341145791139,0.515495943014866,0.06821769918799765,22.0703125,Low,0,0,1.0,17.0,0.6301435406698565,True
12086980700,12086980700,95,274845.6947368421,870.4421052631579,352.81052631578945,298.65263157894736,98782.995886112,492.75866337990067,52.8421052631579,50.0,0.28421052631578947,6.0,1.0,113.0,11.0,32.0,17.0,9.0,0.0,82.5,57.0,91.6,77.2,38.7,0.6954319186730671,0.38335025172516335,0.7690397163140891,0.8817686158575794,0.6754372206123503,0.8904999999999998,0.9970350088502754,0.7929659593365335,0.7413261626718916,0.5878464117643876,100.0,Critical,0,1,1.0,70.5,0.5689655172413793,True
