tract_geoid,equity_priority_score,equity_tier,equity_percentile,composite_need,composite_access_deficit,ind_1_transit_dependency,ind_2_temporal_mismatch,ind_3_structural_gap,ind_4_time_tax,ind_5_service_coverage,ind_6_economic_vulnerability,ind_7_multimodal_deficit,poverty_rate_pct,hh_no_vehicle_pct,snap_benefits_pct,rent_burden_50pct_plus,unemployment_rate_pct,stop_count,route_count,transit_jobs_30_mean,auto_jobs_30_mean,institutional_tract,headway_early_min,headway_peak_am_min,mean_service_span_hours,total_weekday_trips,freq_early_tph,freq_peak_am_tph,weekend_weekday_ratio,unique_routes,unique_stops,unique_headsigns,wheelchair_pct,rail_trip_share,trend_poverty_rate_pct,trend_hh_no_vehicle_pct,trend_snap_benefits_pct,trend_rent_burden_30pct_plus,trend_rent_burden_50pct_plus,trend_unemployment_rate_pct,trend_median_household_income,trend_per_capita_income,trend_commute_public_transit_pct,trend_commute_drove_alone_pct,trend_commute_wfh_pct,trend_mean_commute_time_min,trend_median_gross_rent,trend_total_population,trend_median_age,trend_under_18_pct,trend_age_65_plus_pct,trend_owner_occupied_pct,trend_renter_occupied_pct,trend_no_health_insurance_pct,trend_foreign_born_pct,trend_hispanic_latino_pct,trend_black_alone_pct,trend_white_alone_pct,trend_asian_alone_pct,neighbor_mean_equity_score,neighbor_mean_headway_peak,n_neighbors,poverty_x_low_span,novehicle_x_low_service,novehicle_x_weekend_gap,rising_poverty_x_current
12086000107,0.1187797921547306,Moderate,65.8203125,0.2132084329992762,0.5571064450116466,0.1710447803097357,0.4491258871738736,0.406634144741251,0.3510084580351333,0.6232063032100097,0.2553720856888167,0.9555574318979652,16.9,18.9,5.6,67.9,3.8,8.0,5.0,19117.0,925571.0,False,9.015000000000002,16.660690476190474,14.483333333333334,561.0,5.5,25.333333333333332,0.7156862745098039,5.0,8.0,5.0,0.7397504456327986,0.0,1.8899999999997807,2.929999999999991,0.9799999999998121,-0.24999999999992373,-0.12999999999977244,0.669999999999907,610.6999999998513,3137.799999999665,0.7799999999998877,-5.569999999999898,3.8300000000000263,-1.2699999999998675,97.29999999999728,107.59999999998072,-0.6999999999999694,1.4299999999999404,-0.5799999999999375,0.9999999999997536,-0.9999999999997506,1.8699999999999828,6.309999999998168,-3.6799999999995605,0.020000000000000653,-6.259999999999773,0.6699999999999263,0.0634017581929488,11.500692038397176,3,160.83166666666665,0.03362989323843416,5.373529411764705,31.940999999996293
12086000109,0.1052782637963104,Moderate,57.03125,0.1849068476471803,0.5693583830772525,0.1182412005695148,0.5110473309286482,0.4529253289927908,0.4140099761440034,0.5152512102118292,0.2515724947248457,0.9535580691089908,17.8,7.0,22.7,51.8,1.3,31.0,10.0,17153.043478260868,1055241.3152173914,False,21.50526315789473,23.47063602186447,15.989148745519712,2009.0,15.5,102.33333333333333,0.759581881533101,10.0,31.0,15.0,0.8068690890990543,0.0,-1.7899999999997829,-1.4399999999999025,-3.839999999999442,-0.660000000000056,-0.7699999999998224,-1.0299999999998477,5467.599999999399,2621.2999999997287,-0.17000000000008392,-2.4400000000001025,2.0899999999999825,-0.9199999999999156,128.49999999999233,142.80000000000206,-1.5099999999998497,-0.8199999999998995,0.8199999999999226,-1.0699999999999594,1.0699999999999608,0.25000000000002637,7.349999999997939,-3.6699999999997415,-1.5299999999998302,-7.589999999999539,0.40000000000002967,0.1129855532576876,30.548447281853424,6,142.59315232974913,0.0034825870646766166,1.6829268292682928,0.0
12086000141,0.0702057320201025,Low,23.4375,0.1352340166126787,0.5191425484401424,0.0760342282311685,0.4964196086734677,0.3824118556502999,0.3001405656361197,0.5326217793202597,0.1944338049941888,0.8841189329205648,13.4,3.8,9.8,45.0,2.9,14.0,10.0,27267.31111111111,1164669.1555555556,False,120.0,120.0,0.0,0.0,0.0,0.0,0.0,0.0,0.0,0.0,0.0,0.0,1.6899999999997866,0.23999999999967664,2.409999999999561,3.0399999999999276,-1.2000000000003972,-1.2499999999998839,5064.30000000045,3802.8999999996227,0.4299999999999425,-5.429999999999634,5.799999999999738,-0.8400000000000661,146.79999999998765,-1167.3,-2.720000000000057,2.9799999999999827,-3.3000000000002525,-5.229999999999901,5.229999999999897,1.5099999999997973,4.289999999998179,2.159999999999423,-0.7899999999999665,-6.619999999999468,-0.2000000000000261,0.10272394574366678,26.99051207024044,0,321.6,3.8,3.8,22.64599999999714
12086000115,0.0702436545259182,Low,23.6328125,0.1443098404323795,0.4867558186985375,0.0793433750524981,0.0526773256478876,0.3873786066525451,0.3700089158774909,0.6734941848058045,0.2092763058122609,0.9502200605089598,6.2,10.5,5.3,52.5,8.7,3.0,2.0,20043.333333333332,878397.2380952381,False,120.0,18.288888888888877,12.015740740740739,86.0,0.0,3.0,0.5348837209302325,2.0,3.0,2.0,0.0,0.0,-0.16000000000000467,1.9899999999999112,1.1499999999998858,-1.3099999999999066,0.7299999999999175,1.0699999999998902,8460.99999999932,5882.099999999723,-1.150000000000036,-3.1299999999996975,1.219999999999861,-0.7599999999998751,147.79999999999148,-258.39999999997343,1.4300000000000117,-0.43999999999991707,0.5900000000000806,3.6499999999998045,-3.6499999999998045,-0.6599999999999205,4.499999999998205,-2.0399999999998917,0.24999999999996106,-5.229999999999734,-0.10999999999999015,0.0737995711299207,16.8814947786132,1,74.30240740740742,0.12068965517241378,4.883720930232559,0.0
12086000118,0.0573104849699577,Low,14.453125,0.1252723882772109,0.4574869670652191,0.0932721667353004,0.0,0.3922125165560486,0.3300079519988433,0.6324926994181997,0.1572726098191214,0.932721667353004,5.5,14.5,0.0,46.8,4.6,4.0,5.0,23651.666666666668,1062784.0,False,120.0,9.015277777777778,16.37673611111111,501.0,0.0,20.0,0.7485029940119761,5.0,4.0,5.0,0.872255489021956,0.0,-1.1400000000000625,0.1500000000000451,-0.42000000000001925,0.0,-7.039999999999131,0.10000000000002092,502.49999999935466,-7163.900000000329,1.0099999999998666,-4.809999999999731,4.049999999999824,1.169999999999927,-144.19999999998362,8.799999999997928,0.8199999999998691,-1.9199999999998427,2.2499999999997704,-0.08000000000013768,0.08000000000013588,1.5100000000000684,7.289999999998245,0.460000000000189,0.28000000000001923,-4.990000000000077,0.029999999999997824,0.09530997655257412,16.991442207165285,5,41.92795138888889,0.02888446215139442,3.646706586826347,0.0
12086000144,0.0647825531349871,Low,17.96875,0.1243816814317969,0.5208367694442997,0.051416588324253,0.3202756338155632,0.4187576628801848,0.3510084580351333,0.6199405564166498,0.1973467745393408,0.8942015360739668,8.3,3.2,3.6,57.4,3.7,6.0,6.0,21516.791666666668,1109200.8333333333,False,120.0,120.0,0.0,0.0,0.0,0.0,0.0,0.0,0.0,0.0,0.0,0.0,0.11000000000000902,-1.3400000000000964,-0.21999999999997852,0.6399999999997186,-3.0899999999995447,-0.629999999999845,4302.699999999262,-620.8000000006551,-0.23999999999999974,-7.659999999999486,4.149999999999856,-4.089999999999379,175.20000000000994,-589.6999999999939,-1.7900000000000116,3.8399999999998244,-2.94000000000003,-1.9600000000000775,1.960000000000074,-1.249999999999905,3.539999999998686,6.229999999999642,0.4599999999999874,-8.24999999999959,-0.16000000000001546,0.10272394574366678,26.99051207024044,0,199.20000000000002,3.2,3.2,0.913000000000075
12086000120,0.0901145076925001,Moderate,43.359375,0.174028171200961,0.5178156333576558,0.1015658117270407,0.0787543105169957,0.5053288283997298,0.4356104966384732,0.6157149375519464,0.2464905306748812,0.953669593681134,11.7,9.6,4.2,62.4,8.5,13.0,5.0,13958.0,1126132.0857142855,False,29.792708333333334,32.88846153846154,16.010042735042735,738.0,4.0,34.666666666666664,0.6205962059620597,5.0,13.0,5.0,0.8211382113821138,0.0,0.9099999999999755,0.5900000000001109,-0.9199999999999554,-2.329999999999822,3.3099999999999317,0.5300000000000189,-2390.1999999996247,1143.599999999873,-0.38999999999996954,-3.9699999999999798,4.199999999999914,0.5799999999999601,76.89999999999523,-66.4999999999991,-0.10000000000001934,-0.5399999999999547,0.5699999999999406,1.9299999999999335,-1.9299999999999322,-2.2099999999997886,4.7099999999984306,-1.5400000000000433,0.39999999999996827,-7.079999999999506,0.15999999999999523,0.1203951333613134,25.054920235946753,4,93.4825,0.012990527740189446,3.642276422764227,10.646999999999712
12086000121,0.0736394773034342,Low,26.3671875,0.1472494954146216,0.5001000315558428,0.0692717851377184,0.0346281728975751,0.4677502051267864,0.4140099761440034,0.660488001774603,0.2252272056915248,0.9236238018362464,13.1,1.9,1.7,65.9,3.2,5.0,3.0,15797.75,1049346.0,False,120.0,56.39333333333334,14.0,87.0,0.0,3.6666666666666665,0.5114942528735632,3.0,5.0,3.0,0.0,0.0,1.8899999999997135,-0.32000000000005707,-0.25999999999999457,-1.0799999999999594,9.51999999999904,-0.590000000000036,-6522.39999999933,-2935.800000000232,0.0,-5.369999999999656,3.4199999999998276,-1.6999999999998476,-21.700000000005936,120.79999999999042,-0.1900000000002957,0.0100000000002751,0.8399999999997949,-1.869999999999957,1.8699999999999488,0.6999999999999307,7.349999999998422,5.979999999999621,-0.9300000000000104,-6.7299999999993245,0.18999999999988182,0.0519319594144443,60.0,3,131.0,0.02159090909090909,0.9281609195402298,24.758999999996245
12086000122,0.0519319594144443,Low,11.1328125,0.1013823175165288,0.5122388271108281,0.0399252953582555,0.1150758251561106,0.4561562059104795,0.3881631994839541,0.6839760232046185,0.1628393396748022,0.9178228817989778,1.7,7.0,4.6,55.8,1.1,3.0,1.0,16351.23076923077,1022871.6153846154,False,120.0,60.0,14.0,42.0,0.0,2.0,0.5,1.0,3.0,1.0,0.0,0.0,-2.489999999999776,-0.5099999999999774,0.9099999999999228,-2.0699999999999017,-0.2800000000000291,-0.16999999999996657,6324.699999999579,4211.899999999549,-0.20000000000001872,0.3299999999999198,2.969999999999771,0.27999999999996344,194.3999999999812,-129.0999999999986,-0.22999999999990647,-0.5899999999999497,-0.22999999999981133,-0.15999999999991982,0.1599999999999207,-0.3699999999999759,5.869999999998468,2.58999999999979,0.03999999999995957,-6.919999999999451,0.3799999999999532,0.08412230908085616,39.022913042088675,4,17.0,0.16279069767441862,3.5,0.0
12086000123,0.0737995711299207,Low,26.7578125,0.1411921329355327,0.5226889742052208,0.0867738396837326,0.3575361104353076,0.388933289833315,0.3423611908437198,0.5814203703079723,0.1956104261873328,0.9431939096057894,14.7,3.7,3.3,50.8,3.0,23.0,5.0,21925.970588235297,968664.4411764706,False,27.0,16.8814947786132,15.63542270531401,1552.0,11.166666666666666,72.0,0.7387242268041238,5.0,23.0,7.0,0.7873711340206185,0.0,-1.119999999999832,-0.7199999999999475,-0.9599999999999516,3.5399999999997758,-0.34999999999993076,3.0089554159134436e-14,1333.9999999997922,4270.999999999874,0.5200000000000298,-5.459999999999494,5.669999999999505,-2.2699999999997895,16.400000000001427,-5.0000000000055165,-0.48999999999988825,0.8399999999999657,-0.249999999999865,-1.0599999999998195,1.0599999999998209,-0.6899999999998845,5.889999999997929,1.0899999999999372,-0.7899999999999228,-5.349999999999766,-0.8799999999998931,0.0983729851750565,20.3662037037037,3,122.95928623188405,0.0023824855119124275,0.9667203608247422,0.0
12086000124,0.1182807996552883,Moderate,65.625,0.2114134278852361,0.5594762870005399,0.1118559486696068,0.5790736778950528,0.4132362755976466,0.2954188832331891,0.5890275063458903,0.3109709071008654,0.9206250919309203,11.8,12.5,38.8,53.4,7.0,16.0,7.0,26024.58823529412,1303795.4705882352,False,22.64714285714286,29.516666255517357,15.604288194444445,869.0,5.333333333333333,51.666666666666664,0.4557321225879682,7.0,16.0,8.0,0.604994324631101,0.0,-0.4699999999999123,-1.2399999999999185,0.8100000000001318,-0.1099999999998265,0.17999999999979235,0.32999999999999335,3091.3999999998614,736.8999999999841,-1.6599999999999118,1.9899999999997897,-0.2800000000000471,-0.06000000000006436,101.69999999999426,-18.099999999995486,0.9600000000002438,1.139999999999875,1.0699999999999883,-0.11999999999998727,0.11999999999998667,-0.8799999999997964,6.419999999998418,-0.6999999999998837,0.11999999999997442,-4.4699999999996525,-0.08999999999999657,0.12253155021770279,28.21693117935307,7,99.06939930555555,0.014367816091954023,6.803348467650397,0.0
12086000125,0.104775897157115,Moderate,56.640625,0.1825526137349307,0.5739490386549673,0.112340521355196,0.4754850841594317,0.4302978947995445,0.3780091086532205,0.64191511108116,0.2527647061146655,0.9440379945814796,12.7,11.1,4.9,67.7,6.2,4.0,4.0,17486.85714285714,956921.7142857144,False,30.5,22.83462962962963,16.082708333333333,245.0,2.8333333333333335,13.333333333333334,0.8163265306122449,4.0,4.0,4.0,0.8693877551020408,0.0,0.31025673460301756,-0.6994745896496019,0.4298268534071855,0.17933726648982506,-1.9970326256348463,1.1098447651236596,1902.029662611827,-133.62651338820643,0.4201014997266829,-2.440919468113054,2.360238822886344,1.5397910299742685,202.71844906797506,315.99456677933057,-1.0496835596753558,1.6301074702988974,0.09068661579872235,-3.1590267967371175,3.1590267967371215,-0.0699820882834654,8.230310469750725,0.04864468011886375,-0.500107470298861,-5.48018508773657,-0.5098089416907828,0.08028395778975175,15.332002368163764,4,100.54960416666667,0.0451219512195122,2.0387755102040814,3.940260529458323
12086000126,0.1200994038421363,Moderate,67.3828125,0.2272016556374717,0.5286026789953053,0.1853291352709715,0.3459958196865417,0.3939193564749946,0.3468083568278753,0.6155328301547722,0.2690741760039719,0.9407570318323428,23.8,15.6,12.6,61.8,1.7,12.0,4.0,20414.4,925455.0,False,9.0,19.975092592592585,17.396828703703704,1007.0,5.5,43.666666666666664,0.7497517378351539,4.0,12.0,5.0,0.8033763654419066,0.0,2.289999999999637,-3.7399999999997635,-0.20000000000006463,0.6299999999998563,3.689999999999767,-1.3099999999998504,1011.5999999999303,7077.7999999994245,0.4599999999998347,-3.1699999999996487,2.2599999999996667,-1.8300000000001777,97.89999999999655,-109.49999999999784,0.869999999999922,-1.3699999999999157,3.0599999999997385,2.9299999999995032,-2.9299999999995037,-1.9199999999998132,12.559999999997306,5.239999999999742,-0.35999999999999055,-4.949999999999878,-0.6799999999999145,0.07862865108566446,16.243800728673538,3,157.15547685185183,0.015476190476190475,3.903872889771599,54.50199999999137
12086000127,0.1021283546868589,Moderate,54.296875,0.1583467208503624,0.6449666537987243,0.1238859086675394,0.5391019922688076,0.556521865778449,0.4770114942528735,0.6843392552283398,0.1928075330331855,0.9678586614651518,18.0,7.6,8.6,42.0,2.0,3.0,1.0,8978.75,944099.0,False,120.0,120.0,10.416666666666666,24.0,0.0,1.0,0.5,1.0,3.0,1.0,0.0,0.0,1.0400000000000071,-0.07999999999996187,-0.3499999999999531,3.1299999999998596,-7.099999999999619,-0.32999999999999474,3579.6999999996706,777.7999999998626,0.5800000000000102,-7.279999999999507,3.5499999999995864,0.6599999999999694,94.09999999999121,80.7000000000117,1.4499999999998208,-0.41999999999979276,0.3299999999999098,4.619999999999849,-4.619999999999848,2.0199999999998055,6.259999999998346,1.1899999999998039,-0.22000000000001046,-8.159999999999322,-0.039999999999986144,0.07043951447158431,69.43064914891396,2,244.5,0.304,3.8,18.720000000000127
12086000128,0.0556152019407659,Low,13.4765625,0.119389957897936,0.4658281393172968,0.0714714710354826,0.0722987288135593,0.4065275657710259,0.337883141762452,0.5781636650043803,0.1673084447603895,0.9342675952350666,8.7,6.6,3.0,46.8,3.1,13.0,7.0,25015.8125,1210500.90625,False,27.489444444444437,18.861298297827904,17.1033547008547,784.0,6.666666666666667,44.0,0.8731435643564357,7.0,13.0,12.0,0.8935643564356436,0.0,0.5999999999999552,0.36999999999997407,-1.0099999999999412,0.5100000000000374,5.869999999999453,-0.479999999999968,4708.399999999556,3457.299999999541,0.8799999999999768,-9.069999999999578,4.580000000000001,0.0799999999999937,220.49999999997732,254.39999999998415,0.589999999999997,0.5400000000000525,0.2999999999999947,1.7799999999999017,-1.7799999999999012,-0.530000000000098,9.72999999999812,-2.789999999999792,4.119999999999656,-10.909999999999274,0.6599999999999627,0.11529879071563638,48.42414769336063,7,60.00081410256409,0.00840764331210191,0.8372524752475243,5.21999999999961
12086000129,0.0852638270024027,Low,37.5,0.1305554335657489,0.6530852425951544,0.038642389422551,0.1091724898404202,0.6426606031071566,0.5591043814856437,0.988429002978776,0.2224684777089469,0.9660597355637756,2.1,5.9,1.8,75.2,4.5,0.0,0.0,5908.272727272727,970116.6363636364,False,120.0,120.0,0.0,0.0,0.0,0.0,0.0,0.0,0.0,0.0,0.0,0.0,-1.2299999999999394,-0.04000000000007635,0.2899999999999554,-2.3500000000000383,0.7800000000000974,1.4499999999998132,7222.800000000468,3132.100000000182,0.0,3.0100000000002574,0.8199999999994981,-0.2200000000001052,85.09999999998733,-6.400000000003484,0.5299999999999145,-0.3000000000000754,1.2699999999998506,-1.3999999999999149,1.3999999999999118,5.379491710828989e-14,1.7299999999989588,0.2799999999999091,-0.049999999999983336,-6.829999999999253,-0.6199999999999642,0.09536225747337868,74.26679629457732,3,50.400000000000006,5.9,5.9,0.0
12086000130,0.0629684183918964,Low,17.1875,0.1156883838719935,0.5442933532684622,0.0647987270547755,0.3624673367919374,0.4319509726742551,0.3502843026545716,0.6167830126693173,0.1665780406892116,0.9599811415522296,9.8,3.7,3.6,46.6,2.1,13.0,4.0,17241.51724137931,951600.6896551724,False,9.048,10.030654013742248,18.391410256410257,1736.0,8.833333333333334,77.33333333333333,0.7266705069124424,4.0,13.0,5.0,0.9567972350230415,0.0,1.069999999999926,-0.8399999999999431,0.32999999999997853,3.369999999999577,-0.07999999999978377,-0.36999999999995065,5862.299999999301,8491.099999999762,-0.6199999999999674,0.6799999999997947,1.2000000000000284,-0.8999999999999762,204.0999999999708,165.3999999999879,0.2100000000000444,0.48000000000000564,0.31999999999999995,2.6099999999998436,-2.6099999999998498,-0.6799999999999694,5.42999999999814,2.359999999999792,-0.7499999999999463,-6.389999999999628,0.17000000000002818,0.08200554944722686,13.710704192546581,3,54.964179487179486,0.0021301093839953948,1.0113191244239632,10.485999999999274
12086000131,0.0813318406489167,Low,33.0078125,0.1486266373999974,0.54722250379674,0.0734620569445848,0.4310132209125585,0.41808974756857,0.3400881948962626,0.6286456437989981,0.22379121785541,0.9182757118073108,13.4,2.6,2.7,61.6,4.3,7.0,5.0,23560.28,1210353.56,False,23.361111111111125,52.625563909774435,13.036984126984127,213.0,0.6666666666666666,11.333333333333334,0.687793427230047,5.0,7.0,5.0,0.6291079812206573,0.0,1.7699999999997789,-1.759999999999867,-0.4300000000000342,-2.689999999999779,2.489999999999935,-0.5999999999999333,3579.899999999701,1354.5000000001387,-0.30999999999997213,-2.269999999999889,4.499999999999775,-1.2699999999998866,132.39999999998955,232.9999999999766,0.47000000000004105,0.9599999999998843,0.5100000000000826,0.9999999999997911,-0.9999999999997947,0.4599999999999649,4.349999999998254,-2.4299999999998305,0.19999999999997392,-3.789999999999816,-0.26999999999999136,0.09394520204338155,85.08741248697876,3,146.9044126984127,0.012149532710280374,0.8117370892018778,23.717999999997037
12086000132,0.1026265770843604,Moderate,54.4921875,0.1896804053318534,0.5410499672056855,0.1470944181922265,0.5080272823991125,0.3892967821690375,0.3125075303019349,0.5760781274569265,0.2322663924714803,0.919340113701416,17.5,14.5,10.3,52.6,3.9,28.0,5.0,27930.291666666668,1236251.4166666667,False,15.322457264957265,50.17482497395753,13.326944444444445,991.0,8.0,57.666666666666664,0.7023208879919274,5.0,28.0,8.0,0.6791120080726539,0.0,0.45391953857443773,-1.424706947907706,1.8890619907682396,-0.5212730125282938,-0.4100169017501641,0.09989949901082139,3999.1427121622924,1538.9972267486266,-0.0003350032969781487,-0.9637185365969161,0.14251252472773437,1.8285594858230791,178.1586255769569,370.50736400908846,-2.2237689386761392,0.9485594858228915,-3.638073882627383,1.1447905471467432,-1.1447905471467508,2.447487475272437,5.634388543188664,-0.614757046816855,-1.208659986812032,-6.462479024397209,0.34050250494541284,0.08527498652743075,55.899152420587455,5,186.7784722222222,0.014616935483870967,4.316347124117053,7.94359192505266
12086000145,0.0373208088105792,Low,5.6640625,0.0711897275267052,0.5242442991031141,0.0476622823104431,0.1608477652342428,0.4713516317058221,0.394409503843466,0.6600580396253117,0.0947171727429674,0.9345545551067276,8.5,1.7,2.9,20.8,1.8,10.0,2.0,15528.75,1050879.0,False,120.0,120.0,0.0,0.0,0.0,0.0,0.0,0.0,0.0,0.0,0.0,0.0,0.7900000000000504,0.010000000000027452,0.5199999999998078,0.7999999999998136,-0.08000000000010961,-0.7099999999999428,7922.900000000578,-2685.000000000233,-0.4899999999999582,-6.949999999999865,5.8899999999998744,-0.8800000000000042,0.0,-704.9000000000102,-2.080000000000024,3.0199999999999676,-2.8500000000001124,1.9699999999999345,-1.9699999999999316,1.6300000000000368,-0.21000000000039137,5.4799999999999045,0.0,-7.9999999999996,-0.2199999999999998,0.10272394574366678,26.99051207024044,0,204.0,1.7,1.7,6.715000000000429
12086000134,0.0946051408582781,Moderate,46.484375,0.2020863497237363,0.4681421629299002,0.1386026555536752,0.4510041442965724,0.3614546468718865,0.2050818648086051,0.4622840993328391,0.2655700438937973,0.8608860593395977,19.5,12.7,14.4,63.8,1.6,22.0,14.0,34592.1282051282,1325698.435897436,False,8.375170068027211,21.65249275084402,16.351982323232324,2794.0,21.0,153.0,0.7122175141242938,14.0,22.0,23.0,0.7846045197740112,0.0,-0.22999999999984339,-0.7999999999998053,1.609999999999915,1.069999999999757,-3.6099999999996686,-0.9399999999999687,4031.399999999735,1364.4999999998424,0.6800000000001051,-3.0199999999999387,3.5799999999997105,-1.3899999999999824,90.39999999999382,37.499999999994685,-0.34999999999991127,1.2999999999998602,-0.6699999999999916,-0.8199999999999935,0.8199999999999936,2.4899999999999824,5.879999999998091,-1.0499999999999998,1.200000000000026,-8.899999999999292,-0.08000000000000088,0.0573736495136212,36.241035914702586,6,149.13634469696967,0.004543828264758497,3.6548375706214684,0.0
12086000140,0.0699263712169923,Low,23.046875,0.1451274678278041,0.4818272671852927,0.0748828877673625,0.0634247756946645,0.4225476147804211,0.3580086267138967,0.6172706634544106,0.2153720478882457,0.94788465528307,12.0,3.8,9.8,47.2,6.7,11.0,5.0,18458.555555555555,970391.0,False,24.920454545454547,15.456144323671499,11.352070707070707,468.0,5.0,23.0,0.7628205128205128,5.0,11.0,5.0,0.7905982905982906,0.0,0.3699999999999759,0.5399999999998849,1.4199999999997732,0.49000000000009836,-1.0599999999999712,0.6499999999999928,5776.999999999693,841.0999999999857,-0.059999999999992566,-2.3199999999997494,2.6799999999997843,2.199999999999888,62.3999999999935,-166.19999999999885,-1.0499999999999376,0.4499999999998969,-0.4799999999999592,1.6799999999997446,-1.6799999999997455,-1.1399999999999741,5.289999999998197,-0.9199999999997833,-0.5500000000000241,-10.979999999999379,1.3399999999997945,0.08595864816842491,14.635312974335033,4,151.77515151515152,0.00810234541577825,0.9012820512820514,4.439999999999711
12086000222,0.0920451022028491,Moderate,44.53125,0.1649915267782693,0.5578777528772599,0.0906131569157118,0.4286525597854769,0.4970330988926189,0.3686637507205099,0.5704153048273692,0.2393698966408268,0.9246240501603252,13.4,6.2,22.9,49.5,2.5,23.0,7.0,19183.433628318584,1482692.8938053097,False,120.0,120.0,0.0,0.0,0.0,0.0,0.0,0.0,0.0,0.0,0.0,0.0,-2.5199999999997176,0.629999999999861,0.3799999999998017,3.9599999999998676,-3.3199999999996366,-1.359999999999801,5207.399999999594,2620.7999999997255,-0.16999999999999268,-2.5200000000000227,-0.01999999999999334,-0.42999999999989175,79.59999999999128,-556.300000000003,1.089999999999808,-1.2999999999998795,1.1799999999998767,3.87999999999973,-3.879999999999733,-2.8899999999996733,6.139999999998131,-0.5299999999998326,-0.6299999999996262,-6.3399999999996615,0.9699999999997457,0.10272394574366678,26.99051207024044,0,321.6,6.2,6.2,0.0
12086000204,0.1241906410166592,Moderate,69.7265625,0.2158228580955505,0.5754285811638948,0.1369915677194853,0.3825195757755971,0.5783314368376842,0.4055533965320745,0.5626999657434238,0.2946541484716157,0.9480385309306946,23.4,5.5,22.7,65.0,0.0,21.0,8.0,14218.322147651006,1673624.9597315437,False,17.878431372549016,21.093079146324765,17.225158730158732,1873.0,9.666666666666666,74.33333333333333,0.7311799252536039,8.0,21.0,10.0,0.8142018152696209,0.0,2.849999999999854,0.3499999999999776,-0.4399999999999417,-1.1999999999999986,2.899999999999697,-1.7499999999998237,-2052.8999999997704,1573.699999999856,-0.2599999999999218,-3.17999999999976,1.7999999999998464,1.2499999999999032,17.29999999999619,-240.09999999999422,1.479999999999901,1.0799999999999672,1.8599999999998762,-0.8599999999999135,0.8599999999999194,-5.0199999999995475,0.9499999999988017,0.17999999999987443,-2.5499999999998546,-0.4999999999999323,0.3999999999999982,0.11375448976853839,17.504293892229175,8,158.53128571428567,0.002934898612593383,1.4785104111051788,66.68999999999657
12086000206,0.1362685449069848,High,77.734375,0.2460405089639623,0.5538459722782646,0.1592446312111582,0.4837942313410646,0.4636550013695002,0.3414257028535253,0.5408585764988656,0.3328363867167665,0.9394963493283672,19.4,14.5,30.9,72.4,1.8,30.0,9.0,21729.59223300971,1413099.5145631067,False,26.435714285714294,33.00934126984127,14.58227777777778,1008.0,3.6666666666666665,54.0,0.6284722222222222,9.0,30.0,11.0,0.5327380952380952,0.0,-0.8000000000000276,0.1800000000000241,0.13999999999999077,1.1900000000000737,2.159999999999927,-1.5499999999998604,1239.3000000000238,853.3999999999078,-1.269999999999934,-3.769999999999925,2.6999999999998447,-0.26000000000001317,81.59999999999454,70.70000000000502,2.2504036690776712e-14,1.1899999999999942,0.44999999999997436,-0.439999999999748,0.4399999999997485,-2.0599999999999508,7.119999999997974,0.9999999999998782,0.13000000000012338,-4.459999999999869,0.3099999999999551,0.09869363922998987,20.661422038511027,7,182.70381111111107,0.014370664023785926,5.387152777777778,0.0
12086000224,0.1363586399057405,High,77.9296875,0.2389532352100954,0.57064990053744,0.1964976764276607,0.5289670622558704,0.4610815662175213,0.3384081544133593,0.5800923523597726,0.2814087939925301,0.9447003674406768,20.7,20.9,18.2,63.1,2.3,22.0,7.0,20637.85714285714,1324350.7571428572,False,120.0,120.0,0.0,0.0,0.0,0.0,0.0,0.0,0.0,0.0,0.0,0.0,-2.029999999999754,1.2499999999999527,-4.399999999999472,-0.8700000000000947,-0.7699999999995897,-2.82999999999962,1919.4999999997156,3027.8999999997723,-2.58999999999987,1.5899999999999321,0.9399999999998132,-1.539999999999777,97.19999999999189,-1018.3999999999862,0.2100000000000601,-1.1799999999999387,-0.9099999999999541,-1.8100000000000662,1.810000000000064,-3.219999999999809,4.289999999998139,1.839999999999765,-2.7299999999996394,-2.090000000000036,-0.08000000000000727,0.10272394574366678,26.99051207024044,0,496.79999999999995,20.9,20.9,0.0
12086000211,0.1188890765176377,Moderate,66.2109375,0.2234001261879605,0.5321799881957493,0.1250873967966695,0.3502462232472459,0.4271173328641544,0.3260703571170389,0.634311807848687,0.3217128555792514,0.9231542199016204,17.1,10.0,17.4,77.8,5.5,10.0,4.0,26207.765625,1410742.09375,False,1.8899999999999977,32.109747474747465,18.34755555555555,636.0,2.5,28.0,0.6564465408805031,4.0,10.0,4.0,0.7720125786163522,0.0,1.0799999999998964,0.6699999999999818,1.5999999999999126,-0.8399999999999396,3.5499999999999554,-1.449999999999812,1417.7999999998867,1297.299999999898,0.719999999999963,-1.5699999999999952,1.329999999999989,0.38000000000006556,122.69999999999202,-15.50000000000353,0.8899999999999878,-1.0599999999998877,0.21999999999994949,-0.6600000000000245,0.660000000000017,0.2599999999999708,5.349999999998435,2.5599999999997847,-1.2799999999999419,-8.439999999999436,-1.0799999999998793,0.09037822661124081,31.514621025578233,6,96.65680000000008,0.015698587127158558,3.4355345911949686,18.46799999999823
12086000212,0.1266019273016661,High,71.09375,0.2266999891525584,0.5584558154366256,0.1354266254508915,0.5126879543988329,0.4296410658739975,0.3274624361156566,0.6135840942785902,0.3179733528542252,0.9089035265160506,14.8,15.0,31.6,55.5,9.4,15.0,5.0,24579.030303030304,1340458.696969697,False,24.259333333333338,31.780336419753077,17.49787037037037,576.0,6.166666666666667,31.0,0.6354166666666666,5.0,15.0,6.0,0.6875,0.0,-1.8199999999998644,0.5899999999999843,2.959999999999832,-0.4199999999999711,-1.0499999999999219,-1.1699999999998594,2089.100000000005,-28.90000000001881,-0.4699999999999557,1.6099999999998391,1.1299999999999606,-0.8199999999999436,61.79999999999555,77.69999999999617,1.3899999999998571,0.3599999999999662,1.0299999999998846,-0.8099999999998979,0.8099999999998965,-2.309999999999596,3.8399999999984873,0.43999999999979167,-0.8599999999997491,-3.7199999999999833,-0.3199999999999728,0.0872521392292018,25.485522886287683,4,96.23151851851851,0.025996533795493933,5.468750000000001,0.0
12086000213,0.0783538885329905,Low,31.0546875,0.1558975329224762,0.5025986432508456,0.0532425044331293,0.074902028661332,0.5335994430689383,0.3909957229535486,0.5711508103645798,0.2585525614118231,0.9423452112058288,4.1,7.2,27.8,48.1,9.7,15.0,8.0,17409.945205479453,1625886.5753424657,False,24.830736531986535,15.151778577251777,18.140666666666668,1020.0,12.5,58.666666666666664,0.7225490196078431,8.0,15.0,13.0,0.9333333333333333,0.0,-2.489999999999776,-0.8299999999999255,1.6699999999999187,0.9199999999999803,-4.489999999999638,1.9399999999998525,11493.799999999344,2451.699999999868,-0.6199999999999445,-3.2299999999998446,1.4399999999999027,-0.6499999999999795,116.19999999999081,220.6999999999715,-0.7699999999999063,0.6799999999998959,0.11000000000006771,0.4799999999998864,-0.4799999999998863,-1.8299999999998018,2.849999999998776,-0.36999999999991334,2.99999999999966,-6.319999999999455,0.169999999999967,0.12510177649302068,26.06815822428358,9,24.023266666666657,0.007051909892262488,1.9976470588235296,0.0
12086000226,0.1372372649156435,High,78.7109375,0.2545277328651402,0.5391839363467625,0.158878641429591,0.4514060909408411,0.4772991375609803,0.3557685727366924,0.4957188405552933,0.3501768243006894,0.9157270399400058,15.8,18.9,18.1,84.4,8.2,31.0,11.0,21306.6,1486945.2133333334,False,120.0,120.0,0.0,0.0,0.0,0.0,0.0,0.0,0.0,0.0,0.0,0.0,0.6199999999997264,1.1599999999999715,-0.5100000000001367,-1.839999999999998,7.0099999999996925,1.5099999999999005,2429.400000000199,2690.2999999997855,-1.7399999999999982,-2.829999999999862,2.3400000000001415,-3.199999999999821,387.25714285711507,-890.2000000000072,1.770000000000012,0.03999999999985871,2.9399999999999835,8.460000000000228,-8.460000000000228,-0.7700000000000843,-1.800000000000251,-5.449999999999913,-4.769999999999694,5.319999999999486,-0.6899999999999682,0.10272394574366678,26.99051207024044,0,379.20000000000005,18.9,18.9,9.795999999995677
12086000215,0.1445314470216388,High,82.8125,0.2495091730214515,0.5792630598363321,0.1396901016819583,0.3296028978455383,0.5612881095476909,0.4159191130563934,0.6227916722824988,0.3593282443609447,0.9667135064495388,18.5,10.4,17.2,73.4,14.2,9.0,5.0,14283.25,1539355.3636363635,False,51.666666666666664,17.95826619016678,19.02996913580247,636.0,4.0,27.0,0.7389937106918238,5.0,9.0,6.0,0.9779874213836478,0.0,0.6799999999999946,-1.3199999999998826,-4.059999999999785,-0.5699999999999815,5.250000000000024,1.7100000000000206,5482.999999999385,4343.899999999826,-2.959999999999954,0.41000000000009246,1.3399999999999679,-0.909999999999975,142.1999999999944,365.89999999997724,0.16999999999998974,0.6499999999999431,-0.6699999999999643,0.37000000000004446,-0.3700000000000441,-3.119999999999758,2.719999999998485,-1.1099999999998957,1.9799999999999371,-1.88999999999987,-0.03999999999999993,0.10704067965446974,22.902421659400694,7,91.94557098765429,0.0163265306122449,2.714465408805032,12.5799999999999
12086000216,0.0893496441612444,Moderate,41.9921875,0.1759817347970231,0.5077211238103777,0.0936956034644862,0.0561998215878679,0.5362996740262672,0.3941549522551473,0.5958735848102972,0.25826786612956,0.9560775863723086,6.9,12.7,17.8,69.6,2.9,9.0,6.0,16047.272727272728,1519713.5818181818,False,20.761190476190478,22.35548764418496,17.321604938271605,668.0,7.166666666666667,38.0,0.7881736526946108,6.0,9.0,13.0,0.9146706586826348,0.0,-2.3999999999998827,1.9999999999998181,-2.1399999999999086,-2.409999999999622,0.6899999999998542,-1.6699999999998592,3339.699999999862,1464.899999999861,-0.38999999999998913,0.7599999999999221,-0.009999999999966726,-0.7599999999999816,148.69999999998348,-78.39999999998756,1.0599999999999346,0.13000000000000436,1.7599999999999005,-2.979999999999583,2.97999999999958,-1.2200000000000808,4.659999999998272,-0.7100000000000877,1.4100000000000334,-1.6600000000000579,-0.30999999999996436,0.11971796015387137,22.039795345753276,5,46.080925925925925,0.01898355754857997,2.6901946107784425,0.0
12086000227,0.1422209063776659,High,81.25,0.2360723901749867,0.6024461660774724,0.1780541797158266,0.4964196086734677,0.5310150360293031,0.3922316735878507,0.6275012074039131,0.2940906006341469,0.9650633046928272,15.7,21.2,37.1,55.4,1.4,10.0,4.0,15473.018518518518,1425806.148148148,False,120.0,120.0,0.0,0.0,0.0,0.0,0.0,0.0,0.0,0.0,0.0,0.0,-1.4100000000001012,1.6900000000000541,1.8599999999996926,1.8199999999999035,-3.5699999999998453,-1.9099999999998971,2622.600000000133,2192.8000000000243,-1.1400000000000952,1.6099999999999308,1.1400000000000081,-0.39999999999984936,49.999999999993264,-756.2999999999915,1.44000000000012,-1.5400000000000584,0.2900000000000182,2.3099999999999623,-2.3099999999999623,-1.859999999999985,8.449999999998102,2.2099999999999302,-2.869999999999878,-2.5699999999998564,0.39000000000001434,0.10272394574366678,26.99051207024044,0,376.79999999999995,21.2,21.2,0.0
12086000218,0.14616896830607,High,83.59375,0.2491875946122436,0.5865820428722422,0.148615494224318,0.4816038249676887,0.5018217418903324,0.365547269906411,0.634317606195386,0.3497596950001692,0.9496197714013932,22.3,9.0,38.4,61.3,4.8,13.0,3.0,18519.53846153846,1467288.6153846155,False,37.0,36.26786935286935,15.587884615384613,417.0,3.8333333333333335,24.0,0.5443645083932853,3.0,13.0,5.0,0.7985611510791367,0.0,0.05999999999994593,-0.5000000000000704,0.9099999999998133,1.6899999999999302,-1.1000000000001897,-1.620000000000058,3075.699999999993,1088.2999999999743,-0.9999999999997883,2.829999999999725,-0.3199999999999997,-0.7299999999999504,92.39999999999057,-215.49999999999147,1.9299999999999435,-1.280000000000003,2.5799999999998464,2.1200000000001227,-2.120000000000124,0.18000000000017966,5.789999999998259,1.6199999999998702,-2.519999999999815,-0.9499999999999977,-0.35999999999999965,0.1604586885289915,34.56075715034944,5,187.59017307692312,0.021531100478468897,4.100719424460432,1.3379999999987944
12086000219,0.1149899308744631,Moderate,63.28125,0.2026219407479063,0.5675097694258529,0.1247363811855095,0.5408601863037495,0.4681880616173529,0.3300079519988433,0.5745194532425815,0.2805075003103032,0.923973193966737,15.3,11.7,28.3,58.4,2.2,24.0,6.0,22132.797101449276,1473478.0869565215,False,27.169642857142854,24.081630858361862,16.57146990740741,1631.0,8.5,95.33333333333333,0.4347026364193746,6.0,24.0,11.0,0.6462293071735132,0.0,-4.809999999999817,-2.5099999999998333,0.5699999999999097,-0.42999999999987093,0.28999999999990744,-1.4799999999999593,3301.699999999863,1471.8999999998853,-0.7700000000000206,-2.069999999999793,2.059999999999892,0.15999999999995182,78.39999999999485,-137.49999999999687,0.38999999999997276,-0.3499999999998446,1.0699999999998526,-0.8099999999999679,0.8099999999999734,-2.2599999999999434,5.119999999998277,3.4499999999999127,-3.269999999999863,-2.6599999999998682,-0.1199999999999867,0.12653030876256136,33.62591469889472,5,113.65651041666666,0.007169117647058823,6.6139791538933155,0.0
12086000220,0.1646487120928989,Critical,91.796875,0.2903810515608275,0.5670091461129968,0.1535565893159839,0.5175934185746853,0.4725672977550589,0.3311910790994793,0.5802192280477121,0.4272055138056712,0.9334747070880484,26.5,6.4,35.4,90.1,5.0,25.0,6.0,20991.943661971833,1429554.0563380283,False,36.0,38.46646904761904,15.165922222222223,725.0,4.166666666666667,43.666666666666664,0.4482758620689655,6.0,25.0,10.0,0.6620689655172414,0.0,0.8399999999999825,-2.1999999999999744,0.8300000000001104,-3.489999999999737,7.049999999999753,-0.01000000000006162,348.4000000001098,192.4999999999257,-1.4399999999999815,2.83000000000011,1.0699999999998806,0.07000000000007141,95.19999999999453,170.30000000000902,-0.6900000000001046,1.6200000000000734,-0.20999999999999178,-0.04999999999987113,0.04999999999987225,-2.2399999999999394,5.499999999998102,-1.9599999999999287,2.1599999999999087,-3.2499999999998392,-0.24999999999996986,0.12819732551944318,28.798369548338577,8,234.1030611111111,0.00881542699724518,3.5310344827586206,22.259999999999536
12086000312,0.1934897016824477,Critical,96.09375,0.3044808895715883,0.6354740422451217,0.1918597187299655,0.5671566536089672,0.5878519003502257,0.4225816112608565,0.638077195228789,0.417102060413211,0.9617028507767696,23.6,16.3,17.5,82.0,18.1,8.0,4.0,13570.683673469388,1678049.969387755,False,120.0,120.0,0.0,0.0,0.0,0.0,0.0,0.0,0.0,0.0,0.0,0.0,2.619999999999868,3.0899999999995935,-2.9500000000000304,-4.49999999999981,7.099999999999453,1.4900000000000275,-3356.5999999999954,929.400000000032,-1.670000000000057,-0.6499999999999568,2.4699999999997675,-0.3900000000001239,72.49999999998909,-827.6000000000315,0.6200000000000269,1.02999999999996,0.6300000000000037,-5.69000000000033,5.690000000000331,-0.31999999999994233,1.6799999999987616,-1.3999999999996067,3.099999999999507,-4.809999999999344,-0.11000000000002796,0.10272394574366678,26.99051207024044,0,566.4000000000001,16.3,16.3,61.831999999996896
12086000302,0.1309541703102358,High,74.4140625,0.2076270242356492,0.6307183315482455,0.0653438671413954,0.1091724898404202,0.634245719946393,0.4560109882165835,0.9788808606125264,0.349910181329903,0.9752815991253048,8.5,4.9,14.1,96.8,8.5,0.0,0.0,10661.884615384615,1676055.4038461538,False,120.0,120.0,0.0,0.0,0.0,0.0,0.0,0.0,0.0,0.0,0.0,0.0,-2.5999999999997727,0.7099999999999147,-3.629999999999771,-2.929999999999709,3.469999999999695,1.33999999999976,7760.999999999126,2226.499999999791,-2.5199999999997966,0.35999999999992843,0.7999999999998997,-0.9799999999999407,310.99999999998323,-150.99999999998715,-0.7799999999999825,-0.589999999999861,0.15999999999999476,-1.0099999999997946,1.009999999999795,-2.959999999999757,3.1399999999986083,3.239999999999616,-6.009999999999585,-0.7899999999999799,0.06999999999997564,0.12680124562805928,26.619192935607565,6,204.0,4.9,4.9,0.0
12086000310,0.2216062545757369,Critical,98.4375,0.3451238458238429,0.6421064706402481,0.2243006818421048,0.546518741818505,0.601085556385451,0.4420106508590568,0.6541041203360514,0.4659470098055809,0.966813283802176,30.9,15.5,42.4,87.3,7.6,11.0,2.0,12038.142857142857,1594042.5555555555,False,120.0,120.0,0.0,0.0,0.0,0.0,0.0,0.0,0.0,0.0,0.0,0.0,1.1800000000002677,-0.5299999999999477,1.130000000000199,-2.6199999999996466,5.229999999999837,-0.7499999999998244,2827.2999999996764,3343.2999999996987,-4.629999999999687,3.6799999999994215,2.259999999999945,-1.5499999999998681,105.49999999999922,-1042.599999999961,1.4299999999998534,-1.1399999999997592,1.8799999999998949,7.30999999999955,-7.30999999999955,-3.5699999999999075,3.3399999999986827,3.1299999999999284,-4.779999999999639,-3.969999999999717,0.8999999999997119,0.10272394574366678,26.99051207024044,0,741.5999999999999,15.5,15.5,36.462000000008274
12086000306,0.1562686649650841,High,88.8671875,0.2739996596156415,0.5703243032648039,0.2076263759772745,0.5102098783513299,0.5045844110670502,0.351732613415695,0.5519423619066873,0.3403729432540086,0.9331522515832568,26.9,17.6,25.5,59.7,7.9,23.0,8.0,20251.0,1627570.603448276,False,18.85154761904762,30.655045253079834,15.173321256038648,1367.0,11.0,86.33333333333333,0.5064148253741981,8.0,23.0,13.0,0.7441197434069851,0.0,-0.2000000000000038,-1.9199999999997963,-2.3499999999997456,-0.40999999999998726,-1.3699999999998316,0.029999999999976372,3648.299999999696,2910.399999999818,-0.6599999999998649,-0.6500000000002832,-0.13999999999999885,0.43000000000001737,96.6999999999926,-134.5999999999996,0.5699999999999344,-0.909999999999839,0.70999999999997,-1.2399999999999312,1.239999999999935,-1.1199999999999366,2.789999999998523,0.2999999999999538,-1.389999999999908,-2.209999999999899,0.15000000000000732,0.10737696537141661,32.62978632948208,7,237.43765821256036,0.012865497076023392,8.687099073414114,0.0
12086000307,0.1589759592434328,Critical,90.234375,0.2547557903157139,0.624032761125535,0.1225482505703828,0.5537669288784366,0.5749337589234969,0.4001868582466986,0.6301135100074128,0.3869633300610451,0.96116274957163,18.3,7.2,40.9,82.8,2.6,11.0,4.0,14938.822784810129,1727791.253164557,False,28.443055555555556,33.21944444444445,15.658358585858586,421.0,2.5,23.666666666666668,0.46318289786223277,4.0,11.0,6.0,0.7624703087885986,0.0,0.389999999999948,0.9899999999999428,2.6199999999999664,-3.6899999999995488,11.249999999998161,-0.25000000000005385,1115.9999999997578,-921.4999999999047,-0.679999999999989,0.7499999999998948,0.21000000000009506,-0.46999999999986636,113.0857142857155,-101.69999999999975,-0.8399999999998781,2.849999999999721,-0.7099999999999063,1.4199999999996928,-1.4199999999996902,-1.0099999999998428,2.15999999999868,1.5999999999997099,-2.3099999999996563,-2.300000000000027,-0.30999999999996414,0.11390335665037479,40.7895784865975,7,152.65203787878787,0.017061611374407586,3.865083135391924,7.136999999999048
12086000308,0.0773698001306417,Low,29.8828125,0.150344726315138,0.5146159897119814,0.0532408597142158,0.0884797433985074,0.5469413936424292,0.3796992902255577,0.5986647516679021,0.2474485929160601,0.9592947696255107,6.6,4.5,22.7,48.5,8.6,22.0,5.0,16770.676056338027,1678123.873239437,False,29.18229166666667,38.28280303030303,14.494444444444445,664.0,3.5,38.333333333333336,0.3373493975903614,5.0,22.0,7.0,0.5331325301204819,0.0,-0.0700000000000657,0.029999999999973888,0.40999999999981496,0.0,-2.6600000000003163,-0.18000000000015484,4068.5999999999135,4029.3999999996568,-1.1599999999999597,-0.8500000000000029,1.849999999999931,-0.7999999999999449,187.79999999999254,-222.1999999999901,0.6499999999999757,0.6999999999999297,0.4999999999999383,0.050000000000051475,-0.05000000000004698,-0.5300000000000428,4.769999999998561,-0.099999999999998,-2.5299999999996694,-2.70999999999982,-0.020000000000010943,0.13009002925155114,51.672239286475204,6,62.73666666666666,0.006766917293233083,2.9819277108433737,0.0
12086000402,0.1413906417860541,High,81.0546875,0.2400968173651912,0.5888901124873995,0.1255801946527502,0.3288496426745784,0.6137693627693753,0.4311214995809805,0.6120826173147337,0.3546134400776322,0.9586274400973296,21.1,5.1,25.6,70.8,8.6,13.0,5.0,11404.592592592591,1612582.2962962964,False,43.454166666666666,21.617343073593076,18.87474537037037,836.0,3.8333333333333335,38.0,0.7679425837320574,4.0,13.0,7.0,0.9617224880382775,0.0,-3.7699999999996443,-2.7799999999997413,-4.289999999999712,-3.0899999999998036,1.230000000000117,0.46000000000011726,2432.099999999414,1342.9999999998208,-4.179999999999602,1.8599999999997816,1.8599999999998698,-1.1399999999999817,193.59999999998277,139.29999999998887,2.1099999999997094,-1.0599999999998098,2.5199999999998495,2.219999999999871,-2.2199999999998745,2.4499999999996938,2.439999999998918,4.719999999999187,-2.5699999999993413,-2.810000000000098,-1.6899999999998305,0.13275489191018153,19.87704394768649,6,108.14287268518521,0.006093189964157706,1.1834928229665074,0.0
12086000417,0.1765023814743591,Critical,94.140625,0.2894865136080072,0.6097084775194761,0.2086151161771193,0.3434433541480821,0.6688347475695782,0.4794918689815691,0.586469550958061,0.3703579110388951,0.97030286594009,22.1,20.9,35.3,58.9,11.7,20.0,6.0,8603.944881889764,1617621.0,False,120.0,120.0,0.0,0.0,0.0,0.0,0.0,0.0,0.0,0.0,0.0,0.0,-1.9299999999999504,0.2800000000000882,-3.559999999999432,0.1699999999999707,2.169999999999634,0.360000000000106,3888.7999999998556,1717.4999999998636,4.5299999999997285,-4.83999999999982,0.6299999999999156,2.439999999999779,75.79999999999141,-757.2999999999917,0.28000000000011693,0.06999999999993851,0.7599999999999694,-1.429999999999971,1.4299999999999735,-0.6900000000001376,4.989999999999402,5.140000000000146,-6.040000000000086,-2.809999999999461,0.2899999999999573,0.10272394574366678,26.99051207024044,0,530.4000000000001,20.9,20.9,0.0
12086000420,0.1981133990347062,Critical,96.875,0.3308603686795492,0.5987825009848385,0.2713443768206378,0.3868502908385037,0.6339547978707468,0.4633155120552931,0.531974330031224,0.3903763605384606,0.9778175741284248,41.8,13.7,14.6,70.0,9.7,34.0,8.0,9987.684782608696,1567709.141304348,False,120.0,120.0,0.0,0.0,0.0,0.0,0.0,0.0,0.0,0.0,0.0,0.0,5.289999999999802,2.4399999999997135,-4.590000000000284,-1.4199999999999984,0.6700000000002485,-0.6499999999997736,3861.1999999999757,385.6999999999969,1.3699999999996848,-3.6299999999995918,-0.33000000000002283,1.459999999999734,0.0,-654.6999999999962,-0.9399999999998212,-0.5800000000000396,0.8800000000000501,7.080000000000266,-7.080000000000268,-1.1599999999996962,2.239999999998714,-2.860000000000338,0.46000000000002517,-6.009999999999423,0.0,0.10272394574366678,26.99051207024044,0,1003.1999999999999,13.7,13.7,221.12199999999171
12086000405,0.1509284577353049,High,86.5234375,0.2344119826840908,0.6438598232356838,0.1775946580777492,0.5606105659629301,0.612284606193572,0.4484723450240691,0.6248101848731944,0.2912293072904325,0.9731214141246534,28.1,8.4,17.7,55.8,3.7,16.0,3.0,11870.52564102564,1665619.0384615385,False,27.151111111111117,35.48008742559524,15.483159722222222,687.0,6.5,40.333333333333336,0.6222707423580786,3.0,16.0,5.0,0.8951965065502183,0.0,3.4199999999996176,1.1699999999998794,-1.6499999999999555,5.8499999999991275,-7.159999999998699,-0.6099999999999358,2128.6999999998175,2034.0999999999897,0.9999999999999092,-3.8099999999995475,1.5799999999998462,0.5899999999999934,23.692307692306894,4.099999999990509,-0.03999999999998905,1.2599999999998892,-0.4899999999999246,0.08000000000003502,-0.08000000000003095,1.2999999999996819,5.2099999999984306,1.6200000000000376,-1.0400000000000418,-5.189999999999575,-0.059999999999999935,0.1238513173444495,29.73418151721191,4,239.32321180555556,0.012209302325581395,3.1729257641921405,96.10199999998926
12086000408,0.1898532971901758,Critical,95.5078125,0.3142227488629129,0.6041997209852041,0.230275693047582,0.4246208742194469,0.6051521633838415,0.4458728128887193,0.5818561308039625,0.3981698046782438,0.9634966236300504,26.9,20.9,52.6,52.2,8.4,21.0,5.0,12021.689655172411,1625713.3620689656,False,24.963383838383837,21.81971543667972,18.722645502645502,1307.0,11.5,74.33333333333333,0.8198163733741393,5.0,21.0,9.0,1.0,0.0,0.7599999999999001,1.0499999999997955,0.4400000000000774,-0.7799999999997971,0.7799999999997492,-1.06000000000005,1494.49999999997,1068.199999999964,-1.529999999999974,0.6299999999998627,0.6799999999999861,-0.039999999999948174,47.39999999999677,80.79999999997816,1.3099999999999008,-1.1799999999999429,0.5300000000000314,0.6000000000002262,-0.6000000000002317,1.5800000000000087,6.169999999998689,2.970000000000026,-3.3600000000000123,-2.5799999999998025,-0.14999999999998503,0.14473529155807632,20.483734604978356,7,141.96083597883597,0.015978593272171254,3.765837796480489,20.44399999999731
12086000409,0.1513317530990737,High,87.109375,0.2420194822139241,0.6252874839444111,0.1296842201740992,0.5168517436197158,0.5856273639035703,0.4224101785585194,0.6373531881079137,0.354354744253749,0.9641949455323362,20.5,6.4,39.9,61.8,5.7,13.0,2.0,13440.0,1642871.857142857,False,20.517307692307693,12.966591394716394,19.249444444444443,1049.0,11.833333333333334,59.666666666666664,0.7259294566253575,2.0,13.0,4.0,1.0,0.0,0.709999999999813,0.24000000000006955,0.6000000000000536,-0.06999999999999748,0.46000000000022573,0.6299999999999303,3595.5999999996534,454.19999999994826,0.6399999999997825,-1.9899999999998057,-0.26999999999994995,1.5399999999997984,109.6999999999909,-85.69999999999753,-0.17999999999993277,0.5300000000000048,0.25999999999995765,2.6000000000000862,-2.6000000000000947,0.0999999999997775,6.189999999998419,0.4100000000000067,-1.250000000000044,-3.469999999999701,-0.0999999999999803,0.11466309135906991,23.194510657502036,7,97.38638888888893,0.006095238095238095,1.7540514775977123,14.554999999996166
12086000410,0.1130198162909867,Moderate,61.9140625,0.1920857158339667,0.5883822011454396,0.0885234723345776,0.4469223907225692,0.564140738777379,0.404317434896485,0.5643187855201384,0.2956479593333559,0.9622116558106264,18.4,0.0,32.6,48.6,5.8,33.0,5.0,15053.166666666666,1646454.923076923,False,32.59796296296297,32.176268709504,15.911170033670032,1529.0,11.666666666666666,86.0,0.512753433616743,5.0,33.0,8.0,0.7462393721386528,0.0,0.10000000000002103,-1.3199999999999854,1.2399999999998097,-4.569999999999729,1.7799999999998206,0.26000000000004025,4597.300000000103,632.9999999999377,-1.2200000000000186,-2.739999999999722,0.7299999999999525,-1.1999999999999786,119.7999999999967,154.10000000000773,-0.06999999999997474,0.5300000000000178,0.4100000000000237,3.4699999999998057,-3.469999999999805,-0.030000000000070366,5.779999999998169,-2.050000000000169,2.730000000000112,-5.509999999999946,-0.1599999999999866,0.15374539002593715,27.222041088252027,5,148.8344713804714,0.0,0.0,1.8400000000003869
12086000411,0.1472002474208758,High,83.984375,0.2354590657350177,0.625162794056666,0.1633308877522647,0.4496137659501966,0.6185990003664366,0.443657749371707,0.6446206786171574,0.3075872437177707,0.9693227759778325,19.7,14.0,38.9,53.0,1.9,10.0,2.0,11304.78431372549,1638917.294117647,False,40.614583333333336,17.288348214285712,19.283694444444443,743.0,7.333333333333333,40.0,0.7314939434724091,2.0,10.0,4.0,1.0,0.0,-1.2599999999998457,-2.0299999999999425,0.17999999999986047,0.43999999999995126,-2.5100000000000464,-2.0299999999999434,4937.999999999843,859.5999999998846,-2.169999999999869,1.0000000000000486,-0.17000000000003654,-2.5199999999998512,128.59999999999226,151.90000000000012,0.9699999999999617,-0.7099999999998812,0.9899999999999153,2.0200000000000324,-2.020000000000035,-0.7500000000000083,4.679999999998606,-1.2600000000001523,0.2100000000001986,-2.140000000000015,-0.03999999999999996,0.14632466881741563,19.83541615890723,5,92.91121944444447,0.01881720430107527,3.7590847913862717,0.0
12086000416,0.1957020408682638,Critical,96.6796875,0.3279729089115173,0.5967018480817928,0.2646898938529592,0.4342950480450021,0.6110864780466632,0.448510807489337,0.5147001707212975,0.3912559239700754,0.974916736106664,25.0,29.3,53.4,46.5,10.5,36.0,9.0,10724.330357142857,1495490.3125,False,120.0,120.0,0.0,0.0,0.0,0.0,0.0,0.0,0.0,0.0,0.0,0.0,0.05999999999993759,1.4000000000001331,1.7200000000000306,-1.4299999999999895,0.4399999999997538,1.2699999999997593,331.7999999999308,1197.0999999999403,0.28000000000003455,-1.1000000000000487,1.5499999999998977,-1.5999999999999872,-57.300000000016915,-423.80000000001746,2.9599999999998485,-2.4899999999999762,2.2799999999998883,-0.3500000000000845,0.35000000000008474,-0.23000000000009305,5.4299999999988975,4.250000000000079,-5.26000000000011,-3.0599999999995102,0.18000000000000263,0.10272394574366678,26.99051207024044,0,600.0,29.3,29.3,1.4999999999984397
12086000413,0.099558176498929,Moderate,52.1484375,0.1652859797876215,0.6023389075519462,0.1105509215828483,0.4191295460352611,0.5949124507901015,0.4487694344109663,0.5791381803580654,0.2200210379923947,0.9697449261653364,18.8,4.0,28.7,21.3,6.2,25.0,5.0,12879.448275862069,1651832.9885057472,False,32.134065255731926,23.80683139768728,17.980733333333333,1528.0,14.0,82.66666666666667,0.7107329842931938,5.0,25.0,9.0,0.9842931937172775,0.0,-0.3199999999999818,-1.2799999999999028,-0.5899999999998734,-4.33999999999969,-1.8599999999997743,-0.6999999999999785,1756.2999999996784,497.69999999991103,-1.5899999999998176,0.16000000000002154,1.4399999999998772,-2.06999999999984,0.0,180.99999999997658,-0.7999999999999117,2.429999999999816,0.5099999999999764,1.1699999999998134,-1.1699999999998112,-0.8200000000000361,2.799999999998967,0.7399999999998295,-0.40999999999986964,-3.3499999999997505,-0.10999999999999108,0.15303990848205176,49.96680618500879,6,113.16221333333334,0.002616088947024199,1.157068062827225,0.0
12086000414,0.1713010466392336,Critical,93.5546875,0.2664859036359761,0.6428146641228478,0.2159707973761012,0.6830315455603028,0.5778249670183835,0.4081493698082946,0.6019635195543276,0.317001009895851,0.9431039186729312,36.0,9.8,26.9,53.2,0.5,12.0,5.0,14372.03488372093,1687290.9302325582,False,18.913541666666667,11.1676928699955,19.229876543209876,1090.0,12.166666666666666,74.0,0.681651376146789,5.0,12.0,21.0,0.9871559633027523,0.0,0.7500000000001436,-0.7999999999999947,2.6799999999996995,1.4199999999997468,-3.409999999999796,-2.8599999999998325,4803.899999999659,1386.199999999939,-0.5000000000000445,-2.7199999999997826,3.5399999999997145,-1.0299999999998815,97.09999999999131,178.8999999999711,-0.6799999999999493,0.010000000000010185,0.459999999999951,0.05000000000003342,-0.05000000000003145,-0.19000000000004846,5.819999999998536,3.209999999999792,-1.939999999999881,-1.329999999999873,0.0,0.10924899270318096,39.64573750569192,9,171.72444444444446,0.008982584784601285,3.1198165137614686,27.00000000000517
12086000507,0.1073088725760101,Moderate,58.203125,0.1925813194207507,0.5572133003282744,0.0883598540113783,0.0518669555244042,0.6797906928438461,0.5142704565753236,0.5637864186715187,0.2968027848301231,0.9763519780262796,10.3,7.8,45.7,42.0,7.0,32.0,6.0,7639.509677419355,1520070.2903225806,False,120.0,120.0,0.0,0.0,0.0,0.0,0.0,0.0,0.0,0.0,0.0,0.0,-3.4199999999999373,0.12999999999999393,0.6500000000000653,-0.03999999999992901,-5.519999999999834,-0.7799999999999692,5050.699999999846,2234.299999999866,-0.23999999999999974,-0.9100000000001212,1.4699999999998627,-1.0700000000000216,82.19999999999351,-431.10000000000304,0.6499999999999849,-0.8200000000000065,-1.2804652531416171e-14,-3.3299999999998082,3.3299999999998073,-0.37999999999988116,7.129999999998739,4.399999999999648,-4.579999999999685,-4.569999999999687,-0.13999999999998752,0.10272394574366678,26.99051207024044,0,247.20000000000002,7.8,7.8,0.0
12086000508,0.2254197030442867,Critical,98.828125,0.3719507997494196,0.6060470986919514,0.2898537061754356,0.4814253700722786,0.6159541145613028,0.4761809657655626,0.4872646545140058,0.4540478933234036,0.9694103885466074,38.8,21.0,60.1,64.9,2.2,39.0,10.0,10254.610169491523,1466461.305084746,False,120.0,120.0,0.0,0.0,0.0,0.0,0.0,0.0,0.0,0.0,0.0,0.0,-3.0099999999993594,-1.4599999999995954,2.0200000000000147,2.5799999999998655,0.3499999999998569,-2.999999999999717,1540.0999999996948,-321.199999999958,-1.4899999999997615,-4.639999999999722,1.399999999999925,-1.1899999999998752,107.89999999998923,-708.1000000000207,-0.19999999999997345,0.1700000000000058,-0.2800000000000176,-4.9799999999999685,4.979999999999967,-1.550000000000114,0.7099999999992352,0.08999999999980188,-1.5799999999996994,-7.519999999999625,0.0,0.10272394574366678,26.99051207024044,0,931.1999999999999,21.0,21.0,0.0
12086000504,0.1528819629624248,High,87.5,0.2376240476857901,0.6433774883112016,0.1443814518366063,0.506011878893235,0.6582165066514899,0.4832899960575375,0.5938187097064044,0.3308666435349739,0.9755503502473404,19.7,9.9,38.8,58.7,3.7,16.0,6.0,8662.58762886598,1541581.969072165,False,19.276278659611993,23.477091871091872,17.707592592592594,944.0,7.166666666666667,53.0,0.7479166666666667,5.0,15.0,9.0,0.8541666666666666,0.0,-5.57999999999957,-2.349999999999949,-4.519999999999584,0.14999999999997635,-4.999999999999579,-1.7199999999999191,8139.49999999935,2045.1999999998393,0.4199999999999244,-3.92999999999976,2.0499999999998453,-0.939999999999968,0.9000000000008274,-68.6999999999918,0.7799999999998986,-1.7099999999997935,-0.7899999999999794,4.259999999999806,-4.25999999999981,0.9599999999998722,8.879999999998363,4.229999999999703,-3.7999999999996987,-5.459999999999623,0.0,0.14317131833673094,32.55714375901876,6,123.9604259259259,0.010476190476190477,2.495625,0.0
12086000505,0.1449519948874078,High,83.0078125,0.222135598729087,0.6525383401702711,0.1386814538250315,0.4372192747703335,0.6899330675659189,0.5317775197984925,0.6271318822023046,0.3055897436331426,0.9766299565143064,17.9,10.5,52.0,41.3,1.3,24.0,2.0,6454.980392156863,1353580.137254902,False,23.022222222222222,43.496944444444445,15.886585648148149,639.0,3.5,31.0,0.37089201877934275,2.0,24.0,4.0,0.5305164319248826,0.0,-2.2652495521741,-1.741536454294759,1.1589116782077928,1.0807362176828714,-6.360416123037629,-0.9025607571580748,5832.064396504799,3386.7432127768498,-0.3914724353658752,-3.788271488918087,2.4999999999998392,-0.38948784856835683,86.57714280938168,-167.19390603686927,-0.9865109683718982,-0.48364907895036097,-0.08641493997861012,-0.7554866655087068,0.7554866655087015,-1.2409282744697518,7.211011255777574,1.3538921075827677,-0.7459727227737818,-15.56303498382627,-0.019967990535523377,0.10539388459039281,49.439293554593554,9,145.23011689814814,0.01640625,6.605633802816901,0.0
12086000601,0.1152030234854582,Moderate,63.8671875,0.1759478855989157,0.6547565098228617,0.1081978835163042,0.5391019922688076,0.618059004389404,0.4716830076466506,0.6701828374553541,0.2436978876815273,0.974755707354092,17.1,5.1,32.7,39.4,0.9,5.0,2.0,9547.373134328358,1380273.7611940298,False,120.0,29.02833333333333,13.961444444444444,160.0,0.0,12.0,0.1,2.0,5.0,2.0,0.0,0.0,-0.869999999999895,0.2100000000000362,2.3299999999999135,1.770000000000152,-0.6999999999999227,-0.5599999999999942,6960.299999999172,2244.999999999817,-0.1699999999999681,-3.0299999999999088,0.4000000000000169,0.40999999999995573,110.89999999999267,-268.6999999999878,1.1799999999997963,-0.4499999999998602,-0.06000000000005532,1.1999999999998334,-1.199999999999835,-2.2399999999997946,5.819999999997849,-0.5500000000000884,-0.06999999999999833,-12.34999999999922,-0.279999999999974,0.10391672571564964,36.782893064633264,5,171.65930000000003,0.03167701863354037,4.59,0.0
12086000602,0.0651242243213697,Low,18.359375,0.1171753105568228,0.5557845250155189,0.0643600148376225,0.0520368718406184,0.6156733257764656,0.4686779601114885,0.6673827273850439,0.1699906062760231,0.9751517399639776,10.0,3.2,18.7,30.0,2.7,9.0,1.0,9564.42857142857,1365776.142857143,False,23.156666666666666,38.126666666666665,19.007407407407406,343.0,4.833333333333333,15.333333333333334,0.6967930029154519,1.0,9.0,2.0,1.0,0.0,-2.83999999999987,-0.7000000000000053,-4.219999999999637,-0.7899999999998077,-10.209999999998722,-0.7899999999999725,3869.2999999995914,3068.799999999742,0.15999999999997983,-1.9399999999999165,1.0399999999999923,-0.2500000000000729,133.0999999999904,-254.59999999997623,2.589999999999863,-1.5599999999999368,2.2099999999998934,0.3900000000000126,-0.39000000000001284,-3.3899999999998043,8.399999999997668,-0.28999999999999326,-0.0699999999999966,-15.609999999999316,0.0,0.12042714800248192,55.312586465141614,5,49.92592592592594,0.009302325581395349,0.9702623906705541,0.0
12086000603,0.1016739579381714,Moderate,53.90625,0.1713975207213098,0.5932055347725365,0.0911316239324924,0.4452463979671831,0.5344528698119863,0.4063734284944434,0.6256971353640182,0.2516634175101271,0.9542578422250514,14.2,4.9,30.5,43.3,3.4,17.0,3.0,14436.90909090909,1354206.181818182,False,32.46875,28.725068082788674,17.884133986928106,683.0,5.333333333333333,37.0,0.7020497803806734,3.0,17.0,5.0,0.7364568081991215,0.0,-0.820000000000023,-0.4999999999999969,-0.6400000000001008,-0.6199999999999907,-5.109999999999813,0.1399999999999653,9074.1999999992,1404.0999999999392,0.030000000000029597,-1.3799999999998682,2.5799999999997754,-0.5599999999999001,159.0999999999953,-81.40000000000097,0.8799999999999831,0.5999999999999451,-1.0799999999998355,-0.8000000000000919,0.80000000000009,-1.0399999999998648,6.69999999999793,0.0799999999999818,0.1499999999999834,-17.71999999999877,-0.1499999999999834,0.110307098402126,29.011711309523815,6,86.8452973856209,0.00716374269005848,1.4599560761347001,0.0
12086000612,0.1489460677086508,High,84.9609375,0.2416818991382823,0.6162897107301728,0.1284064124963495,0.4828043832707693,0.5744916844397248,0.4382772275637163,0.6240294718871441,0.3549573857802151,0.9618457864895098,19.6,7.1,40.0,68.8,2.9,20.0,3.0,11564.444444444443,1334462.2333333334,False,120.0,120.0,0.0,0.0,0.0,0.0,0.0,0.0,0.0,0.0,0.0,0.0,0.5599999999997612,0.07999999999993732,0.9400000000001668,-0.5900000000001449,2.9399999999996056,-0.24999999999997027,5407.000000000185,1263.599999999977,-0.6299999999999568,-0.789999999999975,0.09999999999998571,0.7099999999999022,12.300000000005072,-634.2999999999915,0.2099999999999652,0.21999999999987377,-0.6999999999999748,1.0000000000000822,-1.0000000000000835,1.0599999999998646,7.339999999997603,0.20999999999993474,-0.09000000000001533,-17.189999999998815,-0.3399999999999812,0.10272394574366678,26.99051207024044,0,470.40000000000003,7.1,7.1,10.975999999995322
12086000605,0.1349797416829237,High,76.953125,0.2313059926779682,0.583554883815081,0.135365270620484,0.4425674489172351,0.4949964731003193,0.4140099761440034,0.6129239672484668,0.3272467147354524,0.9532765536653808,18.4,10.0,47.5,45.8,5.4,18.0,4.0,16447.068493150684,1257873.2328767122,False,120.0,19.605806577681577,15.382175925925926,975.0,0.16666666666666666,55.0,0.40512820512820513,4.0,18.0,6.0,0.35384615384615387,0.09230769230769231,-1.3799999999999366,2.699999999999698,0.9200000000000204,0.0,-6.269999999999501,0.10000000000006014,9595.999999999392,1119.3999999999087,-0.49999999999996164,-0.30999999999995315,2.7899999999996887,0.050000000000033594,193.79999999999097,106.30000000000757,-0.28999999999998527,-0.2000000000000548,-0.8899999999999264,5.329999999999666,-5.3299999999996714,-1.7399999999998128,7.149999999997815,0.46999999999992853,-0.7499999999999478,-14.559999999999363,-0.38999999999989626,0.17750413214035682,22.819340182421723,5,158.56796296296295,0.010245901639344263,5.948717948717949,0.0
12086000607,0.1505940473995501,High,86.328125,0.2508819345380776,0.6002586343126819,0.1302312533894825,0.4315591237981961,0.539675571454783,0.4140099761440034,0.6584657546555248,0.3715326156866728,0.9575827455109016,17.5,9.7,45.9,62.0,7.5,8.0,2.0,13470.507692307692,1298166.6,False,23.25,19.880133928571432,18.947569444444447,464.0,4.0,22.666666666666668,0.5258620689655172,2.0,8.0,3.0,0.6551724137931034,0.0,0.1400000000001066,-0.9399999999999132,1.1799999999999349,-0.34999999999998804,-1.929999999999259,-0.25999999999993895,2652.899999999631,1059.9999999999047,0.12000000000000961,-0.6799999999998704,0.9099999999999354,0.22999999999996137,136.29999999998773,2.2999999999940646,0.260000000000037,-0.18000000000004465,-0.28999999999991544,-1.2400000000000162,1.2400000000000169,-0.9499999999999267,6.399999999997759,0.20999999999999472,-0.8999999999999693,-13.759999999998977,-0.3599999999999609,0.1016739579381714,28.725068082788674,3,88.41753472222217,0.02086021505376344,4.599137931034482,2.4500000000018654
12086000610,0.1167724955369202,Moderate,64.6484375,0.189442330980384,0.6164012812374631,0.1319875765540451,0.5168517436197158,0.5243853857745975,0.4084098412009928,0.6759277214322618,0.2468970854067228,0.9564317141597471,21.6,6.0,34.0,32.0,1.8,1.0,2.0,14300.2,1273298.15,False,120.0,120.0,0.0,0.0,0.0,0.0,0.0,0.0,0.0,0.0,0.0,0.0,-2.269999999999742,-1.4099999999999302,-1.5000000000004463,8.189999999999163,-6.969999999999986,-0.5699999999999633,8466.099999999382,2528.399999999807,-0.44999999999994317,-0.7400000000002429,1.5800000000003398,2.269999999999949,126.3999999999945,-782.299999999999,-0.11000000000000439,-0.9099999999999602,0.7999999999999837,4.169999999999916,-4.169999999999924,-2.7299999999996887,7.749999999997476,-0.27999999999996045,-0.49999999999998995,-14.409999999999007,0.0,0.10272394574366678,26.99051207024044,0,518.4000000000001,6.0,6.0,0.0
12086000705,0.1269199880724839,High,71.2890625,0.2235513476880846,0.5677442314039283,0.1576298564968716,0.4749141021868719,0.4999607914934821,0.2947812967121632,0.6335762040344137,0.2894728388792977,0.9354887625927102,18.1,15.6,45.3,38.0,3.2,9.0,4.0,19272.90322580645,1512344.741935484,False,31.672222222222217,18.234927983539094,16.056574074074074,428.0,1.3333333333333333,24.333333333333332,0.4392523364485981,4.0,9.0,6.0,0.37149532710280375,0.0,-1.4099999999999695,-2.699999999999895,-2.4499999999999087,2.959999999999594,-4.339999999999696,-1.569999999999842,6754.999999999781,2340.499999999859,-0.7799999999999472,3.5999999999999086,0.9499999999998768,-0.8599999999999476,50.59999999999765,-110.59999999999462,-0.8699999999999822,0.7899999999998344,-0.8299999999999274,1.3299999999997916,-1.3299999999997896,-1.8399999999998684,6.729999999997607,-0.24999999999992867,-0.3799999999999607,-14.919999999999046,0.0,0.15277175605995455,61.16708076131687,7,143.77600925925927,0.03636363636363636,8.74766355140187,0.0
12086000714,0.1381846563136325,High,79.4921875,0.2438575598581548,0.5666613591721769,0.1206402012414216,0.4927575517124115,0.4791150245861759,0.3012072580062169,0.6250316030954467,0.367074918474888,0.9351953584606332,20.0,5.8,55.2,57.4,2.5,9.0,5.0,20288.82857142857,1429283.0857142855,False,120.0,120.0,0.0,0.0,0.0,0.0,0.0,0.0,0.0,0.0,0.0,0.0,-2.379999999999926,-1.8199999999999674,2.119999999999853,-0.7600000000000341,-3.1599999999992923,-0.10000000000004639,3858.7999999997655,886.9999999998533,-0.5399999999999995,4.189999999999732,-1.3299999999999472,0.45999999999995356,106.29999999999275,-682.8999999999943,1.4899999999999274,0.09000000000006857,0.5200000000000173,0.5699999999999839,-0.569999999999987,-1.0299999999999194,7.9399999999974,-0.6199999999999299,-0.45999999999999863,-12.589999999999286,-0.0999999999999999,0.10272394574366678,26.99051207024044,0,480.0,5.8,5.8,0.0
12086000715,0.113415512584446,Moderate,62.109375,0.1961436031110129,0.5782269255054697,0.1126014361623347,0.512055282833085,0.4694696808949599,0.340293914139067,0.6270443173394433,0.2796857700596911,0.942271432320793,15.0,8.9,31.4,53.6,2.9,13.0,4.0,19882.530612244896,1332474.6530612244,False,120.0,120.0,0.0,0.0,0.0,0.0,0.0,0.0,0.0,0.0,0.0,0.0,-2.249999999999749,0.5599999999999915,-1.3400000000000227,1.729999999999795,-4.749999999999075,-0.8599999999999612,5703.099999999096,2790.6999999997392,-0.7799999999999738,-4.489999999999757,1.1899999999999584,2.6099999999998302,116.29999999998726,-730.8999999999904,0.719999999999929,0.28999999999999965,0.18000000000003538,0.2799999999999785,-0.2799999999999803,0.04999999999993523,9.479999999997572,0.31999999999997397,-0.13999999999999985,-15.429999999999096,-0.02999999999998822,0.10272394574366678,26.99051207024044,0,360.0,8.9,8.9,0.0
12086000718,0.1394463175728069,High,80.2734375,0.2427367585806491,0.5744754868944828,0.160867965555056,0.4701910280060857,0.4936351781516897,0.3672240386454332,0.5978200603140373,0.3246055516062421,0.9435071293551676,17.2,16.9,31.2,70.8,2.1,19.0,5.0,17680.12658227848,1342687.012658228,False,120.0,120.0,0.0,0.0,0.0,0.0,0.0,0.0,0.0,0.0,0.0,0.0,-0.9000000000000876,1.5099999999997435,-2.959999999999899,1.739999999999816,3.409999999999647,-1.5299999999999443,1917.299999999913,742.4000000000601,0.0,-4.819999999999458,-0.2700000000000834,0.6699999999999807,131.79999999999254,-508.0999999999816,-2.459999999999663,0.4999999999998045,-1.1299999999994967,-0.799999999999639,0.7999999999996396,-3.3799999999998187,7.2699999999975295,-0.18999999999993433,-0.8099999999999888,-14.639999999999409,0.0,0.10272394574366678,26.99051207024044,0,412.79999999999995,16.9,16.9,0.0
12086000719,0.1798645309525787,Critical,94.7265625,0.3166181870836491,0.568080224984231,0.2103875685525029,0.4481597008104382,0.4709235504735803,0.3356837644410839,0.6567706718781589,0.4228488056147952,0.928863437317894,26.3,19.0,43.5,75.0,7.3,8.0,2.0,20863.68918918919,1408787.1486486488,False,120.0,120.0,0.0,0.0,0.0,0.0,0.0,0.0,0.0,0.0,0.0,0.0,-1.169999999999759,1.4399999999996225,1.4199999999994042,1.4199999999997521,1.5699999999998169,1.509999999999838,641.6000000001202,996.3999999998861,-1.5799999999996712,-3.54000000000009,4.689999999999794,-2.559999999999486,184.7999999999852,-1123.3999999999826,0.44999999999997525,-1.2399999999999383,0.9099999999996623,0.010000000000568565,-0.010000000000573613,-3.7799999999993585,7.54999999999764,0.16999999999998683,0.42999999999993577,-15.149999999998851,0.0,0.10272394574366678,26.99051207024044,0,631.2,19.0,19.0,0.0
12086000710,0.1587443836255109,Critical,90.0390625,0.2789782787188739,0.5690205859556453,0.1730793410266581,0.4828043832707693,0.4533498593108322,0.3300079519988433,0.6607479446054315,0.3848772164110897,0.9181927905923506,23.2,14.5,67.5,48.7,1.8,6.0,2.0,22430.652173913044,1382949.9347826086,False,24.0,22.108366402116403,17.629305555555558,333.0,1.8333333333333333,16.333333333333332,0.5285285285285285,2.0,6.0,3.0,0.8108108108108109,0.0,0.13999999999980026,-1.8599999999998946,1.1499999999996824,1.0599999999999683,-1.3500000000001535,-0.18000000000001729,3804.099999999929,1327.4999999999545,-1.9799999999997682,1.2399999999996967,2.4499999999999025,-1.269999999999919,83.09999999999438,-136.80000000000095,0.8200000000000486,0.9899999999998997,-1.0499999999999419,0.19999999999999155,-0.19999999999999282,-2.5099999999999056,9.969999999997253,-0.22999999999998622,0.6399999999999708,-14.84999999999902,-0.029999999999996755,0.12957796661128643,31.370652130927624,6,147.80011111111105,0.04341317365269461,6.836336336336337,3.2479999999953657
12086000711,0.1625235639505432,Critical,90.625,0.2753477087316128,0.5902484705582147,0.1783202862896024,0.5187254487691129,0.4813834326940285,0.3586915699996297,0.6612654716175843,0.3723751311736231,0.931176429710718,26.5,11.8,53.1,56.7,1.2,12.0,1.0,18177.378048780487,1295656.4024390243,False,120.0,32.085138888888885,17.87384259259259,444.0,2.0,23.333333333333332,0.7623873873873874,1.0,12.0,4.0,1.0,0.0,-2.5050509663624503,0.08354211464419033,2.7058771479132453,1.9486722104874148,-5.459317329831379,-1.3881893779374723,2658.931356840351,2702.6699970819586,0.5757148611190039,-2.5080083157311526,0.8559750528057066,-1.149999999999916,94.58992756241906,-94.29181874115824,-0.9981290238687651,0.9521727464747498,-0.04259522495607058,-0.7968428130133034,0.7968428130133024,-0.21344018191852832,4.284206009398429,-1.4128969952996873,2.3812070813747237,-16.611750267992374,-6.035406874591662e-05,0.15332128729557315,22.0394096509871,8,162.34317129629633,0.026516853932584274,2.8038288288288284,0.0
12086000712,0.1570142783799537,High,89.453125,0.2660860256260206,0.5900884047200383,0.1194671755425751,0.5040336655936083,0.4882932898852579,0.3883426909885378,0.6436702411438326,0.412704875709466,0.9261021359889544,20.8,5.0,41.7,76.2,8.9,3.0,3.0,18429.722222222223,1361458.75,False,13.666666666666668,9.470531400966184,18.616666666666667,330.0,2.3333333333333335,19.333333333333332,0.6378787878787879,3.0,3.0,9.0,0.4818181818181818,0.5181818181818182,0.2961223144941897,-1.4449838608352878,1.6826363392120527,-0.6620268969015921,3.936183757981687,1.2011356954116996,2909.181732627884,378.5972797564546,0.010559660207993449,-3.148267885297311,4.614289448439174,0.8897890297685674,80.4565258195915,-29.49599713307339,0.24564608214595388,1.9473052140420293,-0.3509216410392857,0.17399615009669578,-0.17399615009670633,-3.3991344023822134,6.634143925302069,0.3013186002327025,-0.6896665907535701,-15.510617007204258,-0.0001232710835136474,0.1420225307712756,35.15143944109231,6,111.97333333333333,0.015105740181268881,1.8106060606060603,6.159344141479146
12086000804,0.1207209848772211,Moderate,67.7734375,0.2248423482498338,0.5369139124231255,0.1289178780665296,0.4844516787220779,0.4050386151343703,0.3254260234091073,0.5421864961700025,0.3207668184331381,0.9274667486800692,19.5,8.3,40.9,49.3,5.3,22.0,8.0,26282.47272727273,1262033.6,False,18.414,22.14238671782086,18.226742424242424,1806.0,7.333333333333333,94.66666666666667,0.5908084163898117,8.0,22.0,16.0,0.6583610188261351,0.0946843853820598,-0.8499999999998807,0.6399999999998511,-1.1500000000000596,-0.6799999999999009,-1.6999999999994806,0.5199999999999348,3912.399999999628,1387.6999999998427,0.16000000000000042,-3.299999999999746,2.71999999999977,0.649999999999931,182.89999999998957,-136.69999999999516,0.41999999999999216,0.1800000000000003,0.46000000000000474,-1.7999999999999965,1.799999999999993,0.6599999999998244,6.289999999997538,-0.06999999999997691,-0.14999999999998487,-15.279999999998871,0.0,0.15078455764928858,33.98757240059323,6,112.57852272727273,0.004593248478140565,3.396290143964563,0.0
12086000805,0.1330379351888369,High,75.78125,0.2301531448108865,0.5780409183552639,0.0920195852673731,0.458444840915849,0.4772460883021399,0.3598507763662028,0.646007367971786,0.3682867043544,0.9486555182203418,16.4,3.0,43.8,60.8,9.2,16.0,2.0,18143.697368421053,1265865.0263157894,False,120.0,46.33333333333333,15.202013888888889,360.0,0.6666666666666666,21.333333333333332,0.3,2.0,16.0,3.0,0.3333333333333333,0.0,-1.7299999999999227,-1.8099999999999103,0.999999999999806,2.1699999999998005,-2.7799999999997547,1.3099999999999796,6534.699999999394,2727.8999999997677,-0.27999999999995834,-1.2700000000001426,3.0999999999999157,-0.7599999999999392,124.59999999998922,-183.6999999999807,0.15999999999999906,-0.2299999999999275,-0.3400000000000047,-0.049999999999845925,0.04999999999984646,-1.9099999999999049,8.109999999997584,-0.19000000000003758,0.6599999999999293,-14.579999999999009,0.019999999999999976,0.13722885407760338,26.168417539789136,6,144.2869722222222,0.008310249307479225,2.0999999999999996,0.0
12086000806,0.1540112955469334,High,88.28125,0.2816857337667037,0.5467486531443863,0.2087260684834994,0.4227441345792935,0.4336023316691508,0.3484193545512072,0.5929861064312509,0.354645399049908,0.9359913384910288,22.8,21.8,51.5,49.8,4.1,20.0,5.0,22067.383561643837,1228403.0,False,14.966666666666669,20.57778841991342,17.321944444444444,1298.0,9.833333333333334,71.33333333333333,0.5342835130970724,5.0,20.0,8.0,0.6263482280431433,0.0,-2.329999999999873,1.0099999999998908,-1.1499999999998467,3.4999999999997566,-4.119999999999604,-0.479999999999998,4796.89999999952,1457.2999999998706,-0.2699999999999482,-7.06999999999966,5.289999999999636,0.36000000000001636,77.09999999999755,-170.2999999999895,0.009999999999949266,-0.03999999999996788,-0.0600000000000294,1.0999999999998686,-1.0999999999998726,-0.8099999999998938,7.659999999997441,-1.6499999999998856,-0.40999999999998477,-13.239999999999178,0.11999999999999429,0.14929573101053326,30.204751640601177,8,152.25966666666667,0.01678214010777521,10.152619414483821,0.0
12086000807,0.1557210535517907,High,88.671875,0.259003254578348,0.6012320339576481,0.1790196637553894,0.5517540944418208,0.4802040027692896,0.3660088194896262,0.668457485342678,0.3389868454013066,0.9397357677448264,22.8,15.3,41.8,56.4,3.0,5.0,2.0,18257.904761904763,1293478.619047619,False,23.133333333333326,43.243333333333325,15.530000000000001,141.0,2.0,7.333333333333333,0.574468085106383,2.0,5.0,2.0,0.8297872340425532,0.0,-2.249999999999934,-3.649999999999738,0.06999999999983005,0.909999999999932,-1.5499999999998726,-1.6699999999998465,5155.399999999684,1545.4999999999302,-0.8900000000000046,3.579758098651404e-14,2.469999999999956,-1.4599999999999365,77.89999999999523,23.799999999999677,-0.2000000000000025,-0.43999999999998374,-1.5299999999998783,1.5999999999998267,-1.5999999999998276,-0.9800000000000578,8.959999999997441,-0.679999999999981,-0.23999999999998073,-14.849999999999168,0.1999999999999802,0.14566451162134791,28.978341508700048,4,193.11599999999999,0.10774647887323945,6.51063829787234,0.0
12086000808,0.1435151916298945,High,82.421875,0.2506590808958808,0.5725513359298884,0.1262809609522505,0.4908174390779209,0.4524495256861706,0.3447451492172924,0.6496093205966259,0.3750372008395112,0.925135245071432,17.4,9.9,50.5,58.5,7.5,7.0,3.0,21164.0,1298790.7192982456,False,23.077777777777783,36.00095238095239,17.086388888888887,238.0,2.0,12.666666666666666,0.7016806722689075,3.0,7.0,6.0,0.9495798319327731,0.0,0.7899999999999194,0.2799999999999296,0.769999999999972,-0.7799999999999592,1.2499999999997613,-0.1599999999999291,4105.899999999804,1748.6999999998063,-1.0699999999999263,-1.8699999999998842,3.1899999999998414,0.3299999999999867,71.299999999998,-90.99999999998177,-0.4399999999998646,0.3799999999999064,0.8699999999999862,0.6199999999997864,-0.6199999999997846,-3.4899999999995917,10.099999999997273,0.28999999999997816,-0.2699999999999629,-14.489999999998863,0.0,0.15273221750573565,30.869171039920168,7,120.29683333333335,0.04142259414225941,2.9533613445378157,13.745999999998597
12086000908,0.1302087491773003,High,73.046875,0.2088182050776144,0.623550753771223,0.0770636908837079,0.4901514452408052,0.5868376184293238,0.45266577486567,0.6187443280095244,0.3405727192715209,0.9693546023107918,12.4,3.5,41.5,62.4,6.6,18.0,3.0,11092.424778761062,1364427.5132743362,False,120.0,120.0,0.0,0.0,0.0,0.0,0.0,0.0,0.0,0.0,0.0,0.0,-1.9707952902686603,-0.7041355093977371,0.3320884120860594,-1.4039764513441073,-1.5231811610744417,-0.2572960130858207,5341.17971390972,2172.2477585010997,-0.5017496385913953,-1.312047097311474,2.7417289812038925,-0.47838876207510145,84.32026439923935,-858.2481511064345,0.7831811610753118,-0.49952282583872365,1.2304771741611236,0.4797025412799116,-0.4797025412799201,-1.9202768013331926,6.787095640255924,3.9183681046876804,-3.78232389864489,-6.183305105397706,-0.837932245300963,0.10272394574366678,26.99051207024044,0,297.6,3.5,3.5,0.0
12086000904,0.0975974357152613,Moderate,49.8046875,0.1667406600892698,0.5853247532006263,0.0574697148390678,0.4733503939292628,0.5130118124203267,0.4265320170103627,0.555900961992048,0.2760116053394717,0.9578285806511314,6.5,5.5,27.8,64.4,3.8,27.0,6.0,16373.689440993789,1374602.3043478262,False,120.0,120.0,0.0,0.0,0.0,0.0,0.0,0.0,0.0,0.0,0.0,0.0,-2.2076688523124512,-1.2995897099414087,-1.473118489520963,2.033956475854762,-2.114464427351733,-0.14017625830007038,3748.4692069868565,1501.3757310827211,1.0311590219633466,-2.7131004076527985,1.315045604065811,1.4005081486445146,47.20544803357516,-644.2222650689467,-0.09187275827278246,0.09755085920377324,0.25192867546663483,0.7223060225844125,-0.7223060225844139,-3.961846845337037,3.3501135916986833,-0.6121489285703386,1.7819603535850876,-12.071599429218077,-0.04880138464178093,0.10272394574366678,26.99051207024044,0,156.0,5.5,5.5,0.0
12086000903,0.2009969687337802,Critical,97.0703125,0.3644695426984692,0.5514780940147526,0.261026830677509,0.5553144850030708,0.3953821248860641,0.3485245272136366,0.5341805518116675,0.4679122547194295,0.923988781159324,47.5,9.0,53.4,66.7,2.5,27.0,8.0,28764.983870967742,1313922.6451612904,False,12.805811965811966,25.060891944930024,18.48940329218107,1775.0,17.5,99.33333333333333,0.8045070422535211,8.0,27.0,15.0,0.9087323943661972,0.09126760563380282,4.539999999999961,-0.6299999999999792,4.799999999999793,-0.8399999999999993,-1.5899999999994843,-0.659999999999893,785.3999999997336,787.999999999943,-1.3100000000000604,-0.25000000000001815,1.8799999999999621,-1.9699999999999247,-16.5999999999959,134.2999999999935,-0.48000000000013043,1.2800000000000906,0.5399999999999137,-1.6699999999999244,1.6699999999999242,-3.5599999999997354,3.399999999998963,2.899999999999687,-3.129999999999705,-3.5599999999998526,0.0,0.13573176607976462,25.815807123834354,10,261.7533436213992,0.005067567567567568,1.75943661971831,215.64999999999816
12086001007,0.1425519174982522,High,81.640625,0.2433205668776406,0.5858605350444452,0.1328450452680938,0.4267322446029263,0.5612725192533725,0.4268347126547149,0.5518179431453152,0.3537960884871873,0.9626452555658976,21.0,6.6,28.9,51.9,15.9,25.0,7.0,14811.748091603053,1596184.6717557253,False,120.0,120.0,0.0,0.0,0.0,0.0,0.0,0.0,0.0,0.0,0.0,0.0,1.0599999999996383,-1.9199999999999393,-2.8599999999999732,0.01000000000079283,1.2699999999991396,1.3099999999998757,3835.199999999829,998.2999999998808,-1.8399999999999075,3.1799999999998545,1.7999999999997964,-2.5099999999997227,159.19999999998834,-605.7999999999935,0.7199999999999896,-0.9900000000000082,0.1300000000000452,5.209999999999318,-5.209999999999325,-0.019999999999855557,1.5899999999992245,-0.35999999999992666,-1.2500000000001037,-3.9099999999996644,0.0,0.10272394574366678,26.99051207024044,0,504.0,6.6,6.6,22.259999999992406
12086001003,0.1008465690705229,Moderate,53.515625,0.1720401169160192,0.5861805425286407,0.0913752497985482,0.4178549569736473,0.5664338274165353,0.4306868485845866,0.5540823449468743,0.2527049840334902,0.9618447347215604,13.7,5.3,36.5,38.8,2.9,22.0,8.0,13553.27205882353,1500095.5220588236,False,28.234375,20.265797859547863,18.47128787878788,1550.0,9.833333333333334,78.33333333333333,0.7958064516129032,8.0,22.0,12.0,1.0,0.0,-3.8199999999999337,-2.1599999999998194,0.839999999999902,1.5699999999997698,-7.559999999999311,-1.309999999999948,8418.099999999473,1941.399999999873,-1.6799999999998865,1.569999999999914,0.9499999999999225,-1.919999999999872,84.19999999999831,158.9999999999882,0.6200000000000392,0.019999999999922413,0.5999999999999963,2.3799999999998436,-2.3799999999998454,-3.039999999999703,6.829999999999176,5.049999999999961,-4.279999999999925,-0.9999999999999851,0.0,0.18087411610468562,20.834580432844373,6,75.74335606060603,0.003417150225660864,1.082225806451613,0.0
12086001004,0.1517720823901009,High,87.3046875,0.2718721556534546,0.5582479824949754,0.2020889334704558,0.4627639660816987,0.489132331583427,0.3897885335990799,0.4985483354673495,0.3416553778364533,0.9510067457433216,17.7,24.8,52.9,40.1,8.5,34.0,9.0,20649.883435582826,1532105.6257668713,False,26.698208273208273,15.623133916923377,19.007941176470588,2743.0,27.5,154.66666666666666,0.7646737149106817,9.0,34.0,17.0,1.0,0.0,-5.609999999999696,1.9899999999999978,1.4899999999998066,0.5999999999999855,-5.159999999999705,-1.519999999999964,5848.199999999547,1979.8999999998366,-1.709999999999992,1.2099999999999163,1.450000000000009,-0.5200000000000788,73.69999999999436,213.09999999997498,1.379999999999923,-1.4800000000000246,1.3499999999999637,0.20999999999988594,-0.20999999999988725,-1.3399999999999728,4.719999999999314,5.149999999999616,-5.569999999999572,-3.799999999999838,-0.06000000000000091,0.19963979306584007,19.154526130942788,9,88.35944117647058,0.009037900874635569,5.836091870215094,0.0
12086001005,0.2315160163185699,Critical,99.21875,0.3662196569313782,0.6321780164901173,0.338003613762331,0.5048638545516333,0.6068615693240388,0.4483744405670234,0.6419147179729092,0.3944357001004254,0.9588755000349816,36.2,34.3,44.3,45.3,10.0,12.0,2.0,12123.227272727272,1654009.1363636365,False,20.674007936507937,20.309169146825393,18.93662037037037,777.0,8.833333333333334,47.666666666666664,0.7715572715572716,2.0,12.0,4.0,1.0,0.0,0.4500000000001795,2.009999999999891,1.5499999999996634,-0.7300000000001268,-1.7299999999995006,-1.029999999999948,-819.1999999998011,1036.6999999999455,0.9600000000000715,-3.879999999999444,0.5399999999999398,0.35999999999984683,-70.49999999996864,-152.3999999999887,1.2799999999998217,-1.199999999999891,2.159999999999792,-0.28999999999976805,0.28999999999976506,-0.5400000000000088,5.929999999998733,4.349999999999475,-6.059999999999363,-0.5800000000000373,0.7399999999999278,0.19176116571387583,24.06388770663989,4,183.2943425925926,0.04408740359897172,7.835585585585584,16.290000000006497
12086001006,0.2212746863236411,Critical,98.2421875,0.3751919948301827,0.5897638792208059,0.334367869127321,0.479722494340249,0.4999099051720296,0.3715474144882081,0.6463796414852752,0.4160161205330445,0.9512599406182676,38.1,32.2,45.3,48.7,10.9,8.0,3.0,21419.86813186813,1680374.5934065934,False,19.333333333333336,16.290614349906626,17.937569444444446,567.0,3.5,28.666666666666668,0.7389770723104057,3.0,8.0,4.0,1.0,0.0,3.5299999999996587,2.72999999999977,1.3099999999998653,0.519999999999981,0.9999999999998104,-0.47999999999998066,-1500.1999999998009,763.8999999999855,1.4100000000000485,-4.469999999999937,2.7099999999999356,-0.3899999999999987,35.899999999997874,17.500000000001762,-0.37000000000001143,1.299999999999898,0.8399999999999589,-3.2299999999998477,3.229999999999843,-1.1999999999999038,4.369999999998493,2.4599999999998294,-2.179999999999896,-4.059999999999792,0.19999999999998055,0.15661509053873376,20.82308498043739,7,230.97860416666663,0.05669014084507043,8.404938271604939,134.492999999987
12086001101,0.0741613224874519,Low,27.5390625,0.1466570299125865,0.5056786062806199,0.0488696926744335,0.0698240207606844,0.5207554823907397,0.3568885997252946,0.6319988571781566,0.2444443671507396,0.9489260713482244,7.1,3.2,18.5,64.1,2.4,11.0,3.0,18644.97333333333,1629269.8933333333,False,18.180902777777778,22.81446744837654,17.49060606060606,748.0,6.333333333333333,42.333333333333336,0.6724598930481284,3.0,11.0,6.0,0.9278074866310161,0.0,-2.169999999999929,-0.3799999999999628,-2.419999999999774,-1.1999999999999986,1.769999999999808,-2.29999999999985,6514.699999999779,3245.5999999997953,-1.6499999999998975,1.939999999999805,1.6399999999999422,-0.629999999999953,4.899999999998445,-285.39999999997474,1.2199999999998985,0.19000000000000294,-0.539999999999976,2.1399999999999904,-2.1399999999999877,1.899999999999984,3.649999999998688,6.08999999999978,-7.679999999999728,-0.32999999999990137,0.9300000000000138,0.10528089617822599,26.99051207024044,7,46.21669696969698,0.004272363150867824,1.0481283422459893,0.0
12086001102,0.0799581113526023,Low,32.03125,0.1516419525313035,0.5272822594136447,0.0863503342062831,0.0827005504667,0.5594368747736661,0.3909957229535486,0.6491308095783633,0.2169335708563239,0.9541473392959458,12.4,5.7,17.7,38.1,7.0,10.0,2.0,15719.890410958904,1678036.7534246575,False,21.208333333333332,10.474024470899472,15.948472222222222,707.0,7.333333333333333,46.666666666666664,0.6753889674681753,2.0,10.0,5.0,0.9915134370579916,0.0,-0.1200000000001355,0.5099999999999304,-0.27000000000006763,-2.8000000000000798,-4.229999999999331,0.21999999999998063,7507.899999999673,900.7999999999812,-0.7399999999999061,-0.5099999999999583,1.1799999999999213,-0.9699999999998666,74.19999999999455,123.49999999997821,-0.9499999999998932,0.16999999999995108,0.30000000000000143,3.1899999999996833,-3.1899999999996864,2.099999999999733,5.059999999998683,-1.7499999999997906,1.1199999999998262,-4.129999999999653,0.3799999999999892,0.12880684332419348,22.740108914378165,6,99.83894444444445,0.008050847457627118,1.8502828854314006,0.0
12086001103,0.1641555136278106,Critical,91.2109375,0.2658769203355486,0.6174116708612354,0.1786472616791876,0.458444840915849,0.579892305238372,0.4130661331760802,0.6751859261630387,0.3531065789919095,0.9604691488128372,30.9,6.3,37.7,41.3,10.5,5.0,1.0,14361.58426966292,1704196.0786516855,False,120.0,34.081333333333326,18.24238888888889,153.0,0.8333333333333334,9.0,1.0359477124183007,1.0,5.0,2.0,1.0,0.0,-0.04999999999989577,0.030000000000112416,1.7799999999999898,-0.7499999999999355,-5.499999999999314,0.37000000000013333,5686.4999999997335,469.6999999998866,-1.659999999999927,-0.7700000000001412,1.8900000000000368,-0.6700000000000249,82.79999999999396,213.2999999999967,-1.07999999999997,0.24000000000010627,-0.8599999999999981,0.339999999999752,-0.33999999999975206,-0.41999999999987747,3.8899999999984565,0.2599999999999497,-0.7999999999999412,-0.42999999999994626,-0.19999999999997414,0.15265688078760634,18.942011546245705,6,177.9101833333333,0.04090909090909091,-0.2264705882352947,0.0
12086001104,0.0461389261197731,Low,8.984375,0.097121956428832,0.4750617452149691,0.0196369033905957,0.0760350527365273,0.4474462718365491,0.3420904349238321,0.5746463289305208,0.1746070094670683,0.9350906376474164,1.0,3.2,3.2,54.4,5.2,27.0,5.0,26878.424657534248,1607320.404109589,False,30.883680555555557,27.470197658877286,17.49858024691358,1466.0,11.333333333333334,86.66666666666667,0.6858799454297408,5.0,27.0,9.0,0.8956343792633015,0.0,-0.8808847813376426,0.0481834577844009,0.428888150885226,-3.029686803066318,-3.5596398235256093,0.29975727237631067,9846.070408899255,5056.41929456727,-0.18051677494064763,-4.020438475706848,5.430274047316631,-0.8801487685435342,448.31488873326737,109.44338965421399,0.1799530204599653,-0.36886466111522825,0.1000626393867703,0.5449485115528352,-0.5449485115528445,-0.7514876854350827,2.11970246291207,-1.5001409386202338,-2.1512762775047336,-2.9893579462856286,-0.07985123145651347,0.11146349923854881,19.444147599522676,8,6.50141975308642,0.0021813224267212,1.0051841746248293,0.0
12086001209,0.1304278743094447,High,73.2421875,0.2180188900565058,0.5982411628443784,0.1747571847822285,0.5630004074844992,0.4975607114666644,0.3746576765444689,0.6164322618325584,0.2612805953307832,0.9395547568937016,22.3,14.9,26.0,44.2,2.5,12.0,5.0,17210.945945945947,1333875.198198198,False,120.0,120.0,0.0,0.0,0.0,0.0,0.0,0.0,0.0,0.0,0.0,0.0,-0.15000000000019764,0.5200000000000093,2.4299999999997066,-0.3599999999999136,-5.919999999999063,-0.40000000000000646,6222.5999999996275,2563.999999999608,2.2099999999999187,-1.2500000000000886,0.8799999999999052,1.5199999999998979,112.39999999999222,-814.3999999999937,-0.3999999999999202,1.0599999999999092,-1.0000000000000007,1.9499999999995452,-1.9499999999995468,-0.6899999999998792,4.799999999998428,1.2500000000000362,4.6410088770573945e-15,-6.0699999999997996,-0.15999999999999887,0.10272394574366678,26.99051207024044,0,535.2,14.9,14.9,0.0
12086001204,0.1376263366323415,High,79.1015625,0.2417519878667974,0.5692873007860109,0.1530393079836879,0.4420278986050697,0.4731096309085339,0.3756612259907781,0.610950662106611,0.3304646677499069,0.9446870863190616,24.0,8.4,20.1,70.9,5.1,15.0,5.0,17762.717391304348,1213042.4782608696,False,27.834615384615386,22.177458430458433,17.93038888888889,1044.0,6.5,51.0,0.8204022988505747,5.0,15.0,5.0,0.9540229885057471,0.0,4.158264461432084,-0.2185832338222289,1.9305312873165195,-4.682136947714063,3.1333648196718027,-0.9099645808454548,3532.7873501826257,1278.7623339019003,0.14769775496135096,-0.7358559589305608,0.05798110819703582,0.5210979937874956,128.8162928110312,112.25076761342959,-0.7903541915443523,2.2795041318377125,0.39092089801541435,-0.2074734415870018,0.20747344158699818,-0.3883352997412391,4.114994100774919,-0.8562809887834646,2.1190082636753798,-8.419008263674945,-0.5898229042277998,0.0853012078006299,27.863873626129866,5,145.67066666666668,0.008038277511961723,1.5086206896551726,99.79834707437001
12086001205,0.0669230583369741,Low,20.8984375,0.1380496496719037,0.4847752855297138,0.1019807127466488,0.0828671879099543,0.4696952265702056,0.3746340273259596,0.5610771166071388,0.1741185865971587,0.9356028692353102,12.0,9.8,8.5,40.8,2.5,36.0,5.0,21928.791666666668,1471325.6979166667,False,25.236944444444443,35.86547823936262,13.415378086419754,1332.0,9.666666666666666,76.66666666666667,0.6556047197640118,5.0,36.0,9.0,0.7087020648967551,0.0,2.3884002030668827,-0.2689334687113267,1.2390789047960455,1.6698384043499748,-6.326089385275119,-0.14056558477434986,4167.930698525987,2519.47763973802,-0.34132508432823033,-1.5383194052420732,3.458820351756137,0.5499676808699087,174.78141650025628,-119.92028257787813,-0.5502262339097195,1.041195807808428,0.01956369174550537,-1.4790304261013283,1.4790304261013243,-2.010032319129782,4.119886883044172,0.7295636917456281,2.1279154161177884,-5.758384043501761,0.6096606491353528,0.09917860776614514,23.39728135338865,7,127.01546296296296,0.007351837959489873,3.3750737463126845,28.66080243680259
12086001206,0.0658864655177571,Low,19.921875,0.1296120481830135,0.5083359644523535,0.0464739429069927,0.0673967209080562,0.4803737585652767,0.4140099761440034,0.6314515522160074,0.2127501534590343,0.948447814428424,5.9,3.9,7.9,60.3,4.4,6.0,5.0,19083.316666666666,1353142.8,False,28.55916666666667,13.184888471177945,16.621898148148148,493.0,3.1666666666666665,25.333333333333332,0.8588709677419355,5.0,6.0,5.0,0.9435483870967742,0.0,-2.1099999999998107,-0.00999999999995667,-0.9799999999998387,0.1199999999999413,3.649999999999621,-0.9099999999999459,1382.0999999996138,2647.599999999606,-2.9399999999996504,-1.2600000000000822,1.7399999999996085,-1.8299999999999141,64.39999999999223,-160.29999999999598,-0.10000000000003256,1.6899999999998505,0.8899999999998818,0.529999999999872,-0.5299999999998697,-1.2599999999999691,0.8999999999995123,-3.359999999999788,-3.7799999999996583,-2.09000000000007,-0.3899999999999899,0.08480701401087622,24.44749774994067,5,43.53080092592593,0.007894736842105263,0.5504032258064515,0.0
12086001301,0.0885397349544162,Moderate,41.015625,0.1911700631744428,0.4631464439786454,0.1433627508368854,0.0785422583047573,0.3922773622043351,0.3640628266522866,0.5647938568412066,0.2389773755120002,0.9160559158906416,9.8,21.5,11.2,56.1,7.5,23.0,6.0,33021.59459459459,1484318.2027027027,False,16.116284722222222,12.276856671064335,18.62427536231884,2170.0,13.5,114.66666666666667,0.7951612903225806,6.0,23.0,13.0,0.9253456221198156,0.0,-1.1984688104614185,-1.5068563188233703,-1.7680758503141754,0.10945798600418818,-0.5806233160952672,-0.03957993915312418,6976.190996072857,1513.824614169104,-0.1891056769066842,-3.939241180405679,2.539525737753532,-0.5797425433518837,192.44729230339127,47.99796902979116,-1.0599186979006683,1.768035199264753,-0.5501084027991685,1.1914361788639725,-1.1914361788639716,0.5125745664806128,1.580514913295161,-1.109756093702023,1.1022087070336768,-4.44111112869184,-0.8902574566478901,0.0732746647084902,16.120282617607685,4,52.682101449275365,0.009903270382312299,4.404032258064516,0.0
12086001302,0.0502641658886934,Low,10.546875,0.1167129994142991,0.4306646743801814,0.0665574449543218,0.0800173537483609,0.2823174647164821,0.3117906455577242,0.6148155058741603,0.1668685538742764,0.8643824020041798,4.9,10.5,5.3,49.5,2.7,13.0,4.0,57873.75903614458,1472721.2048192772,False,27.071367521367524,13.26052652831499,19.1658547008547,1083.0,9.5,56.0,0.9090489381348107,4.0,13.0,7.0,0.9409048938134811,0.0,-0.8999999999999333,0.7900000000000585,-0.219999999999975,-3.2899999999997815,-0.8900000000001173,0.1500000000000099,9488.299999999475,4791.699999999678,-0.7899999999999384,-4.139999999999777,3.7299999999997944,-0.7299999999999376,148.09999999999127,216.09999999997822,0.49000000000000155,-1.2299999999999356,1.4600000000000586,0.4200000000000335,-0.42000000000003324,-0.6799999999999571,8.649999999998304,0.5900000000000925,-2.619999999999908,-4.09999999999963,0.08999999999998405,0.12658741482285446,12.796901766135809,5,23.68731196581196,0.009686346863468634,0.9549861495844878,0.0
12086001401,0.2152989034684108,Critical,98.046875,0.3656968934897812,0.5887359376062816,0.3028373778081282,0.531851911248317,0.481471656215972,0.36691793230505,0.6185477738841342,0.428556409171434,0.9448904143779352,36.1,28.0,51.1,59.5,6.2,14.0,4.0,23286.409090909092,1660578.3636363635,False,18.3125,16.889158014604444,17.943055555555556,939.0,6.0,53.333333333333336,0.7396166134185304,4.0,14.0,5.0,0.8636847710330139,0.0,-0.9299999999998301,-1.9399999999998399,0.5600000000000512,-1.9499999999998572,0.7899999999998542,-2.1799999999998882,1747.6999999998545,840.799999999906,0.1799999999999562,-1.4999999999999731,1.9599999999998357,0.010000000000029905,88.29999999999261,-11.69999999998539,0.20999999999993915,-0.5499999999999172,-0.3199999999999882,0.05000000000006054,-0.050000000000059296,2.799999999999811,3.379999999998782,1.9499999999998374,-2.569999999999791,-1.8299999999999101,0.06000000000000086,0.18231081498022236,14.779371102170483,6,218.65569444444444,0.029787234042553193,7.2907348242811505,0.0
12086001402,0.1308091013077372,High,74.0234375,0.2425355357745182,0.5393399399803768,0.1845476871003042,0.5111445741222015,0.3795533876210791,0.324092316495663,0.5705628186984748,0.3005233844487322,0.9113466029644656,19.1,21.4,33.9,57.8,1.2,24.0,5.0,38018.80281690141,1600057.0,False,20.623529411764704,10.565517812060527,18.794247685185187,2334.0,14.5,141.33333333333334,0.7236503856041131,5.0,24.0,12.0,0.8628963153384748,0.0,-3.6599999999998043,-2.1900000000000754,-2.3499999999999943,-0.7899999999999423,0.1500000000000488,-3.0899999999998196,2469.2999999999624,3471.899999999745,-3.1899999999999205,-0.04999999999994344,3.6999999999999944,-1.8799999999999069,76.99999999999291,-374.099999999976,0.6399999999998138,-1.5799999999998597,2.1199999999997274,2.299999999999963,-2.299999999999962,-1.599999999999966,6.749999999997981,2.1699999999998187,-2.299999999999747,-2.7899999999999188,0.0,0.13768773510461282,16.729832335862124,6,99.42986921296293,0.009164882226980727,5.913881748071979,0.0
12086001501,0.2767513940673751,Critical,99.609375,0.4668463769854928,0.5928104141118249,0.4222324242597368,0.4649344967718342,0.5251601804845722,0.4129190407654948,0.6035952136262551,0.5114603297112488,0.957443138910968,39.7,48.5,75.2,42.6,15.6,15.0,5.0,16663.194805194806,1489660.5064935065,False,31.095000000000002,17.386698092031427,19.222055555555553,1080.0,11.666666666666666,55.666666666666664,0.7777777777777778,5.0,15.0,8.0,0.9787037037037037,0.0,-6.624832274604649,0.45656838035347513,0.9346406312924856,-0.3165425764461742,-0.2007777392002132,-0.9100258039067454,6520.731438546504,1443.9107229816032,-1.8448838824190348,-0.05970514105957171,1.8699999999998245,-1.4301990372839177,95.0893841782363,-163.56255111473638,2.3041577510329105,-3.876162911813877,-0.6572945117391994,2.759023223515649,-2.7590232235156487,2.3242609666601695,5.0556358177114715,4.715134527516579,-3.9314006549583835,-0.7860670901578263,-0.3369922588279259,0.17357889855895223,18.88550833470252,5,189.68439444444456,0.04486586493987049,10.777777777777777,0.0
12086001502,0.1792218187902603,Critical,94.53125,0.3254096387876573,0.5507575604028425,0.2240195060713032,0.4440031828782302,0.4538648823170447,0.3962630696344625,0.5183982383134533,0.4267997715040114,0.941258428871022,30.1,17.5,58.2,59.9,5.4,29.0,8.0,23199.73943661972,1434184.3169014084,False,29.904,20.96257401602229,18.86743295019157,1913.0,16.833333333333332,97.0,0.8240982749607946,8.0,29.0,18.0,0.9529534762153685,0.04704652378463147,-1.4100000000001867,0.12000000000012476,0.1400000000000969,-1.32000000000002,-0.6700000000000382,-2.769999999999867,564.0999999999851,304.4999999999744,-0.8499999999998372,-0.3999999999999981,0.1899999999999432,-1.1099999999999162,24.899999999998478,113.19999999999393,-0.020000000000017813,0.8599999999999617,-0.2899999999999948,2.5199999999997353,-2.5199999999997402,0.7599999999999395,2.859999999999395,0.01000000000008676,0.8099999999999098,-2.729999999999889,0.0,0.1851983775624981,21.56722650914915,6,154.49026819923372,0.009143155694879834,3.078280188186095,0.0
12086001607,0.1281141877704268,High,72.0703125,0.2353930434270086,0.5442564737906234,0.1226652514049805,0.4160182468515759,0.4643438887322433,0.3469385925242244,0.557605675921558,0.3481208354490369,0.9363759649235152,16.7,9.5,61.8,47.4,2.1,29.0,7.0,21933.736434108527,1431468.465116279,False,120.0,120.0,0.0,0.0,0.0,0.0,0.0,0.0,0.0,0.0,0.0,0.0,1.3399999999998078,1.16999999999987,5.299999999999829,-1.159999999999763,-6.32999999999937,-0.369999999999949,6649.199999999696,1288.5999999999,0.8800000000000138,-5.499999999999865,4.589999999999777,0.7100000000000258,17.29999999999793,-781.2999999999847,1.369999999999983,-0.23999999999998908,4.02999999999972,0.7300000000001,-0.7300000000000987,-3.259999999999855,7.729999999997678,-0.8699999999999795,0.05999999999998227,-13.13999999999958,-0.00999999999997842,0.10272394574366678,26.99051207024044,0,400.79999999999995,9.5,9.5,22.37799999999679
12086001603,0.0699425870602431,Low,23.2421875,0.1435552911324901,0.4872170611648975,0.1173332073171676,0.0739165612098832,0.4677903030738208,0.3300079519988433,0.6219350894040478,0.1697773749478126,0.9424354001378924,10.2,14.7,22.2,24.2,3.5,17.0,4.0,20020.019607843136,1330080.9607843135,False,29.0,37.529901960784315,16.48921568627451,501.0,2.5,27.0,0.562874251497006,4.0,17.0,6.0,0.6786427145708582,0.0,-1.6899999999999267,0.6699999999999704,-1.5099999999999976,-0.7499999999998125,-12.52999999999913,0.07000000000004339,2779.6999999996738,1446.099999999919,-0.08999999999997066,-3.639999999999848,0.9199999999999795,3.219999999999779,204.19999999998177,38.09999999999704,-0.779999999999892,-0.09000000000004756,-1.5299999999999325,-0.9299999999999946,0.9299999999999876,-2.4899999999996925,6.929999999997716,0.5899999999999394,-0.43999999999996053,-15.299999999999029,0.0,0.1529340480425149,30.773440368387384,5,76.61,0.029282868525896413,6.425748502994011,0.0
12086001605,0.1885780213070562,Critical,95.3125,0.3166595140637686,0.5955229921469549,0.2762013425380176,0.4881606335195707,0.5260042104536304,0.3913940465664603,0.6341907305074466,0.3571176855895196,0.9378653396876664,28.6,30.3,57.0,46.3,0.0,10.0,4.0,15322.615384615385,1375810.2692307692,False,16.554166666666667,36.787240740740735,15.258138888888888,389.0,3.0,19.333333333333332,0.6375321336760925,4.0,10.0,5.0,0.7686375321336761,0.0,-2.0798303630381962,1.8001196001601005,-1.7797083220584058,1.1199853550822252,-4.199978032623484,-2.639926775412034,3221.629435526643,2184.624603082594,-0.06001098368815851,-0.8001391267167858,4.010008542868379,0.19007444499745918,59.59655844436868,-21.083902794785082,0.6901134981110404,0.30999633877059707,0.6301208205698773,0.6897461547623479,-0.6897461547623498,-2.4700268490154067,7.910118379747569,0.23998169385303206,-2.6698608732830955,-11.430104955241813,0.0,0.13134589238479955,31.033776662472224,8,250.0172277777778,0.0776923076923077,10.982776349614397,0.0
12086001606,0.1298438486712198,High,72.8515625,0.2304780106735056,0.5633676214567653,0.1705894709029956,0.4620563551555338,0.4703247865317038,0.3327176947132033,0.6144344857020914,0.2903665504440156,0.9373047851812948,17.7,18.7,44.7,42.8,1.6,12.0,5.0,19781.16129032258,1331559.5161290322,False,19.767592592592585,20.982786195286195,18.200671296296296,715.0,3.0,36.666666666666664,0.558041958041958,5.0,12.0,9.0,0.7020979020979021,0.0,1.4299999999998227,-1.019999999999883,0.7099999999999969,0.9199999999999644,-1.809999999999958,-0.6899999999999283,2911.899999999779,1584.9999999998731,0.1300000000000511,0.3799999999997633,-1.679999999999864,-0.10999999999998952,47.99999999999375,-63.599999999987574,0.8999999999999466,-2.41999999999986,1.0099999999998903,-3.4599999999997757,3.459999999999775,-2.039999999999848,10.579999999997328,-0.059999999999979244,-1.0199999999999056,-14.109999999999026,-0.2999999999999931,0.1336001163970296,37.20723921720251,6,102.64811805555556,0.02611731843575419,8.264615384615386,25.310999999996863
12086001701,0.1478574395762227,High,84.765625,0.2681360249087907,0.5514269842201099,0.1580404050978133,0.4615197469791583,0.4307967482569376,0.340346662662863,0.6029533661297931,0.378231644719768,0.9215183970717976,26.2,8.1,38.6,52.7,12.1,20.0,4.0,25501.42307692308,1399104.1153846155,False,24.160555555555558,30.716749999999998,18.080430555555555,780.0,4.333333333333333,41.333333333333336,0.8416666666666667,4.0,20.0,9.0,1.0,0.0,-2.8499999999997274,-1.6999999999998952,-1.2599999999999594,-1.27999999999988,-3.149999999999806,1.4399999999998347,4364.399999999695,2027.599999999858,0.6700000000000275,-1.8599999999998107,1.7099999999997977,0.399999999999998,94.29999999999494,162.49999999999432,0.8899999999999333,-2.7699999999998144,1.3399999999998733,0.5899999999998858,-0.5899999999998893,-0.5699999999999555,5.039999999998784,0.6599999999999203,-0.720000000000034,-4.679999999999752,-0.010000000000003508,0.14661439507575294,27.780404444895428,9,155.09271944444444,0.010371318822023046,1.2825,0.0
12086001702,0.1436120769880927,High,82.6171875,0.2737464363982973,0.5246171562180235,0.143223864751279,0.4997200967725274,0.3194904218623091,0.3271113304765964,0.6087405092436597,0.4042690080453155,0.8680234227350246,22.2,10.8,35.5,74.4,10.6,14.0,4.0,48079.81034482759,1482971.103448276,False,12.611825396825397,21.59460227272727,18.179464285714285,998.0,8.0,52.666666666666664,0.7835748792270532,4.0,14.0,11.0,0.9217391304347826,0.0782608695652174,-3.139999999999761,-5.079999999999543,0.4399999999997948,0.37999999999981243,1.7500000000002596,-1.2099999999998305,3894.199999999678,1842.7999999998106,-0.8299999999998737,-0.060000000000149975,1.1200000000000097,-1.2399999999998697,116.39999999999357,-100.9999999999928,1.9899999999997835,-1.2999999999998804,1.179999999999957,1.379999999999749,-1.3799999999997525,-0.4299999999998634,4.749999999998781,3.469999999999701,-4.189999999999723,-5.099999999999716,0.08000000000000003,0.14508998297958803,23.397974470079582,5,129.21589285714285,0.010810810810810811,2.3373913043478263,0.0
12086001705,0.1067499290867614,Moderate,57.8125,0.2050285520264865,0.5206588449835561,0.1001117213645062,0.4230305791032346,0.3986961968892844,0.3221677630786284,0.5773580879214681,0.3099453826884668,0.882041597925165,16.6,6.1,49.9,40.9,4.2,28.0,4.0,31833.773333333334,1479247.3866666667,False,120.0,120.0,0.0,0.0,0.0,0.0,0.0,0.0,0.0,0.0,0.0,0.0,-2.989999999999897,-1.7299999999999098,1.8300000000000747,-0.1900000000001284,-3.3400000000000367,0.5799999999999095,6533.30000000009,1873.199999999916,-0.36000000000003407,0.49000000000000943,0.9699999999998924,-0.24000000000005078,93.09999999999201,-468.90000000000515,-0.2900000000000029,-0.6799999999999868,0.5799999999998353,-3.1599999999998047,3.15999999999981,-3.6699999999999076,10.289999999997246,2.3699999999997767,-0.58000000000005,-7.6599999999997115,0.0,0.10272394574366678,26.99051207024044,0,398.40000000000003,6.1,6.1,0.0
12086001801,0.1499164254118374,High,85.7421875,0.2811344398028582,0.533255283546777,0.2402654617570766,0.41612355914712,0.3907224154154385,0.3764301232369581,0.5659565727699529,0.3220034178486397,0.9170437471644146,31.6,20.8,23.9,52.8,5.8,22.0,7.0,32127.105263157893,1432539.0131578948,False,35.740277777777784,20.727178030303033,18.58215909090909,1309.0,9.0,64.0,0.7532467532467533,7.0,22.0,11.0,0.8770053475935828,0.0,-3.3899999999998243,-1.0299999999998881,-6.529999999999577,-2.469999999999855,-5.059999999999385,-2.949999999999611,2824.1999999993795,1682.4999999999288,-0.8599999999998447,-1.2799999999999565,2.879999999999697,-0.6599999999999688,126.09999999998784,-93.80000000000531,3.3399999999998466,-3.359999999999833,1.3800000000000558,1.1700000000000044,-1.170000000000012,1.369999999999873,4.839999999999248,4.3599999999996335,-4.459999999999618,-4.109999999999634,-0.02000000000000029,0.17657883917882047,21.916681799850657,9,171.20377272727274,0.01587786259541985,5.132467532467532,0.0
12086001802,0.1366213938419767,High,78.3203125,0.2806990047524798,0.4867184832466698,0.1744600447554025,0.470494563392536,0.2394508353170127,0.3376444996484033,0.5452312178493608,0.3869379647495571,0.8407713000260362,28.5,13.0,41.5,63.9,5.5,23.0,7.0,73002.4696969697,1488165.0303030305,False,37.37358465608465,18.53342160904751,18.515893719806762,1976.0,10.333333333333334,93.33333333333333,0.7667004048582996,7.0,23.0,17.0,0.770242914979757,0.1715587044534413,-1.149999999999914,-0.040000000000037325,-1.099999999999935,-1.0999999999999461,-0.7399999999997496,-0.8100000000000523,3067.8999999996954,1023.5999999999051,-2.48999999999983,0.33999999999986297,1.899999999999935,-0.6799999999998999,172.19999999999146,29.899999999987788,-0.269999999999959,0.8699999999998909,-0.20999999999991004,-0.23999999999993393,0.23999999999993046,0.7599999999998861,6.059999999998862,3.46999999999972,-3.479999999999664,-4.749999999999595,0.0799999999999938,0.15703955582855406,19.859876323485647,8,156.2970289855073,0.0065756196256954984,3.0328947368421053,0.0
12086001803,0.1495729533572199,High,85.546875,0.3058486760707942,0.4890423436804368,0.2432204900403281,0.4300859338191466,0.2485377016764909,0.3204982888880704,0.605949932048431,0.3684768621012604,0.8401398619700453,26.8,31.1,59.7,39.1,5.3,11.0,5.0,70425.22641509434,1504737.79245283,False,21.937708333333333,22.254349556167742,18.580126262626262,674.0,4.833333333333333,36.0,0.7811572700296736,5.0,11.0,9.0,0.8664688427299704,0.13353115727002968,-4.857461114836251,-2.8247706544392375,1.0317999558993964,3.861023132826896,-1.1435620179904995,-2.6490337078853377,1127.0538753586975,2305.353342159393,-0.8186358228970617,1.9589768671726702,-0.0005115664135270727,-2.018351619334052,-19.407276617153844,-32.33058382417985,2.0296021150114725,-2.348692663609862,1.701326283294213,0.7845811853973921,-0.784581185397393,-3.4912504956772215,3.909583168106594,3.4559074686914006,-1.4568927077103582,-3.281724168282314,0.0,0.14602195302812876,22.480774840958702,7,145.25261616161617,0.04607407407407407,6.806008902077151,0.0
12086001901,0.2030882110068902,Critical,97.265625,0.3688883285258599,0.5505411673458607,0.285906164064572,0.5138428131974185,0.3980610026265637,0.3593580568206462,0.5636071613091628,0.4518704929871478,0.9178368027755122,36.8,25.5,52.0,54.6,12.2,28.0,5.0,34826.5421686747,1613004.9759036144,False,27.009507275132275,17.225948639556833,18.577311507936507,2057.0,18.166666666666668,113.0,0.6827904715605251,5.0,28.0,11.0,0.8770053475935828,0.0,1.889999999999747,-1.5099999999997555,1.7899999999999499,-0.820000000000007,0.5299999999999139,-2.4499999999999305,1267.8999999999835,839.0000000000102,-0.23000000000016596,-2.1999999999997493,0.0,-0.9200000000000201,96.19999999999328,-153.09999999997606,-0.1099999999999634,1.01999999999988,-0.579999999999959,-0.1999999999999726,0.19999999999996945,0.20999999999994437,2.769999999999165,1.5399999999999248,-2.5299999999998657,-2.3699999999997616,0.10999999999999058,0.20412364150302184,17.47066504132663,7,199.55493650793653,0.01239067055393586,8.08884297520661,69.55199999999068
12086001903,0.1838959551956724,Critical,94.921875,0.318469373492833,0.5774368605017868,0.2738458529288184,0.441587236935327,0.4949336616183584,0.4078634865724063,0.5968729642608441,0.3630928940568475,0.945926953121998,24.2,33.7,45.8,50.9,7.4,10.0,7.0,19509.48780487805,1491602.487804878,False,35.250416666666666,19.88870707070707,18.892583333333334,724.0,7.166666666666667,37.0,0.7955801104972375,7.0,10.0,8.0,0.9682320441988951,0.0,0.11999999999991193,-1.4299999999997248,0.5700000000000606,-0.9399999999998943,-2.779999999999741,-2.489999999999845,2310.4999999999163,387.19999999999726,3.35999999999961,-1.539999999999712,-0.2899999999999915,-0.22000000000001732,70.29999999999534,68.39999999998992,-0.4599999999999494,1.6199999999999286,-0.11999999999992242,-1.6699999999998374,1.669999999999841,3.4699999999995814,7.529999999998897,7.139999999999321,-6.93999999999927,-2.569999999999965,0.0,0.186046465862854,19.28132700399728,6,123.59948333333331,0.04648275862068966,6.888950276243095,2.9039999999978687
12086001904,0.1706795520587843,Critical,93.1640625,0.3258790254449723,0.5237512657518522,0.2222742554869453,0.4716163757239469,0.3448577322947257,0.3415150785940707,0.5590460245524181,0.4294837954029992,0.9017211175940988,29.6,19.7,36.5,71.0,12.3,21.0,7.0,43993.849315068495,1547264.6849315069,False,27.252579365079367,20.852141637022587,18.27043650793651,1370.0,10.0,74.33333333333333,0.6631386861313868,7.0,21.0,15.0,0.8992700729927007,0.0,-1.8299999999998988,-2.4499999999999,-3.689999999999622,0.5400000000000907,0.0900000000001381,-0.559999999999937,3823.299999999787,1736.5999999998312,-1.2199999999998858,-3.169999999999987,0.9999999999999116,-0.1999999999998856,120.59999999999651,-129.09999999999053,0.7199999999998897,-0.35999999999992904,0.6299999999998482,-0.24999999999999553,0.24999999999999326,-0.03999999999995492,2.8999999999993316,1.6300000000001493,-3.2299999999999343,-3.04999999999959,0.20999999999997698,0.1716714341074413,19.22572227413922,7,169.59507936507933,0.01436907366885485,6.636167883211679,0.0
12086002001,0.2046099938727424,Critical,97.4609375,0.3912721063811409,0.5229352937145753,0.3171817814521253,0.4948327865366225,0.3309740273886908,0.3130288194588641,0.5935549340701305,0.4653624313101565,0.8822859011185683,40.5,31.4,45.4,54.7,16.1,16.0,5.0,49562.28723404255,1622280.744680851,False,26.262222222222224,14.191640792405058,18.977899305555557,1343.0,10.666666666666666,73.33333333333333,0.7736411020104245,5.0,16.0,10.0,0.8227848101265823,0.0,2.489999999999819,-1.999999999999941,-2.7299999999997175,-0.1999999999998475,1.4199999999996362,2.6899999999995483,1577.7999999999156,598.7999999999804,-3.6999999999996844,4.87999999999947,-0.5999999999999182,-1.1700000000000084,40.79999999999611,-156.49999999998712,1.1199999999998556,-0.7299999999998459,0.919999999999905,-2.6999999999997417,2.69999999999974,-2.1699999999998716,3.429999999998505,0.6899999999999404,-0.4999999999998563,-0.9899999999999683,-1.260000000000046,0.1636789795786409,14.686544752380252,6,203.39507812499994,0.023363095238095235,7.107669396872671,100.84499999999267
12086002003,0.2258576094680669,Critical,99.0234375,0.4133188039123336,0.5464489090023887,0.3517061983711393,0.4942653884955619,0.3828193098626336,0.3436827001154973,0.6050178723858302,0.4749314094535279,0.9064592741524208,47.7,29.9,45.6,66.0,8.2,15.0,5.0,37875.232558139534,1621179.6976744186,False,27.5,17.463175765592432,18.017462962962963,989.0,5.166666666666667,57.0,0.7663817663817664,5.0,15.0,7.0,0.691358024691358,0.0,0.7199999999999096,0.2199999999998885,-0.48000000000013116,2.4299999999998336,-0.9199999999998247,-3.649999999999713,2738.9999999998786,1668.3999999999014,-1.1899999999999578,-1.1499999999999713,2.3199999999999164,0.07000000000006318,98.49999999999258,-44.6000000000009,-0.24999999999996514,0.3399999999999423,-0.6499999999999226,0.09000000000007762,-0.090000000000077,1.329999999999816,7.099999999998721,3.699999999999681,-3.6999999999997586,-1.7699999999997407,0.06000000000000086,0.1588053068634046,16.919930186631458,6,285.3670166666667,0.030202020202020202,6.985185185185186,34.34399999999569
12086002004,0.1567558863320467,High,89.0625,0.3213079344982602,0.4878680838580271,0.2476502071480161,0.5137192034372349,0.240000712525209,0.2649359614638601,0.59655739661253,0.3949656618485043,0.8241271452513017,28.4,31.7,34.4,66.3,9.7,19.0,4.0,76048.4647887324,1554675.014084507,False,27.17543859649123,12.714941754152282,18.948947368421052,1677.0,11.666666666666666,96.66666666666667,0.8001148765077541,4.0,19.0,10.0,0.7794371051120046,0.0,0.20999999999964125,-2.209999999999881,-2.9499999999996755,-1.3699999999998669,1.929999999999687,-0.26999999999986246,1959.3000000000002,1095.3999999999712,-3.259999999999823,4.54999999999972,0.5799999999999703,-0.49000000000003285,81.499999999995,3.799999999998191,-0.4799999999999052,1.4599999999998827,0.6300000000000158,1.5299999999999787,-1.5299999999999765,-1.339999999999925,3.2899999999987104,0.1799999999998082,0.47000000000005177,-2.669999999999931,0.0,0.12510872079779942,15.947633863993554,6,143.4498947368421,0.018891537544696066,6.336358414704193,5.963999999989811
12086002100,0.0522223576473299,Low,11.328125,0.1333703979939036,0.391558834890161,0.0819826671724884,0.0716895250643828,0.2170497271253706,0.2707124055434361,0.5825945846530539,0.1847581288153188,0.8157479320645616,10.1,10.0,2.9,42.7,7.7,19.0,5.0,81731.77647058823,1483771.7764705883,False,23.61089065255732,14.235551800996847,19.208157894736843,1723.0,14.666666666666666,88.0,0.9196169471851422,5.0,19.0,12.0,0.9628554846198492,0.0,-0.16000000000008488,-0.02999999999993132,-0.370000000000135,2.2399999999999767,-0.5600000000005244,0.5399999999998657,5140.399999999944,3344.4000000000583,-0.15999999999998654,-6.2899999999998215,5.929999999999769,0.6899999999999509,193.69999999998456,155.09999999998251,-1.1399999999999075,0.9799999999998772,0.19999999999999835,0.6899999999998053,-0.6899999999998091,0.20999999999991878,6.779999999998591,1.3199999999997694,1.6699999999997568,-7.539999999999351,-0.9799999999997995,0.07120460790959209,12.679025345486,7,48.397605263157885,0.00580046403712297,0.803830528148578,0.0
12086002201,0.0853681900289314,Low,37.890625,0.1808209831428766,0.4721144003595937,0.0858117416262404,0.5259334777622022,0.1980308230514311,0.2300745094813252,0.6264264494462789,0.2758302246595128,0.7801067420567315,17.0,5.0,16.6,59.2,6.1,14.0,3.0,94971.31034482758,1562540.7413793104,False,24.50909090909091,13.211720465964163,18.773194444444446,1265.0,8.666666666666666,79.0,0.724901185770751,3.0,14.0,7.0,0.8482213438735178,0.0,0.09999999999979275,-0.9899999999998482,-0.1600000000001787,-0.6099999999998781,1.3799999999996309,-0.23999999999985802,1742.2000000002502,2646.0999999999344,1.019999999999958,-1.7299999999997808,1.2999999999997867,0.10999999999996132,70.89999999999516,-219.99999999998778,0.21999999999990688,0.25999999999993934,0.1299999999999645,2.099999999999657,-2.099999999999653,-0.5500000000000784,3.7799999999986285,-2.8199999999999332,2.0799999999999943,-9.379999999999372,0.8899999999998908,0.11322794321316283,15.72866659995342,6,88.85569444444442,0.0039494470774091624,1.375494071146245,1.6999999999964768
12086002202,0.1323300078810327,High,75.1953125,0.2555909393131503,0.5177413887857025,0.1568249554799392,0.464868861820067,0.3009521704711779,0.3196256793516887,0.6295836000853606,0.3543569231463616,0.8736766322002185,24.4,11.5,37.4,46.0,12.4,15.0,3.0,56668.49438202247,1588014.4157303371,False,24.333333333333332,23.323187830687832,17.427518518518518,809.0,3.1666666666666665,41.666666666666664,0.7478368355995055,3.0,15.0,5.0,0.8417799752781211,0.0,-0.7189955011142938,-2.0076593040022686,-0.0627173830797018,1.7297488752783183,-3.609748875278203,0.610878936524791,2786.0903973329305,2355.5444628683617,1.1519640089156773,-2.492752967729358,1.3508339476692428,0.6271120657040734,130.82672394223482,-248.56190172493604,-1.383094070161827,0.5253541926543492,-0.17196400891560884,0.34583026165310277,-0.3458302616531022,0.16188343541048994,4.767273212713276,-0.9796421213294124,1.3826556179860816,-2.963112878573122,-0.24899550111442295,0.14366043538124812,15.956347390519904,7,160.36854814814816,0.014197530864197531,2.8998763906056864,0.0
12086002300,0.1699904359466129,Critical,92.96875,0.336556435525738,0.5050874623183754,0.2532658556040188,0.4877098250350642,0.2724620223280762,0.3230077833200799,0.5719282802075611,0.4198470154474572,0.8703294007010954,32.2,26.0,46.9,59.7,8.9,22.0,6.0,62548.492424242424,1512549.5075757576,False,30.37228070175438,17.41843697307983,18.626415343915344,1574.0,14.0,84.66666666666667,0.6369123252858958,6.0,22.0,11.0,0.8538754764930114,0.0,-0.6293193066950362,-1.5674133654418652,1.5213613866095708,-2.0012128647895726,1.1115594030216127,-0.38054455464366277,1834.7949289915698,1727.8767329763593,0.6229950505409523,-2.1711509870385757,2.839999999999934,0.2394554453561513,149.22252479483868,-17.007919895609586,-1.7661881174933622,1.507215349029919,0.1537376215965373,-0.8450866250468975,0.845086625046898,-0.8965470388842185,1.0401856332522306,0.05174503627401937,0.09444308121951926,-1.23961635033515,-0.18863861339055923,0.13361893273227657,19.360307175735468,6,173.02942592592595,0.016507936507936506,9.440279542566708,0.0
12086002402,0.1165593164451859,Moderate,64.453125,0.2432868257756494,0.4791024588921756,0.1345749384632743,0.3983390754224574,0.3088105393523399,0.2945141389797616,0.5682354212997281,0.3519987130880245,0.8256131194065908,17.8,14.8,38.4,58.5,9.2,22.0,6.0,49129.45070422535,1433881.1690140846,False,24.644940476190477,20.25247716398434,18.309608585858584,1768.0,9.166666666666666,87.33333333333333,0.8520927601809954,6.0,22.0,9.0,0.5955882352941176,0.0,-2.7499999999999796,-1.2999999999998906,-1.9099999999998472,-1.0699999999998604,0.6600000000001013,1.3199999999999525,3210.7999999998333,1428.5999999998503,0.24000000000004196,-1.3999999999998989,1.1999999999999262,-0.8999999999999063,75.19999999999533,-174.09999999997237,0.01999999999990437,1.0200000000000753,0.5899999999998992,3.8999999999996184,-3.8999999999996207,-0.9399999999999393,6.389999999998181,-0.2699999999999381,0.4799999999999613,-14.369999999999346,-0.05999999999999351,0.13085303859296848,17.388374573095586,7,101.28896717171722,0.008366308648954211,2.1890271493212676,0.0
12086002403,0.1330131135730721,High,75.5859375,0.2621915803281121,0.5073126810808215,0.1981724614020801,0.4388127483577975,0.3175346242463805,0.3174970122325428,0.6300616197183099,0.326210699254144,0.8326574008490764,26.7,20.9,37.9,48.8,4.0,11.0,3.0,49870.87234042553,1522727.0,False,23.82295454545454,19.893620293847565,19.07280303030303,702.0,7.166666666666667,36.333333333333336,0.8034188034188035,3.0,11.0,7.0,1.0,0.0,1.639999999999749,0.8000000000000808,-1.3999999999998622,1.5099999999999838,-2.6699999999999378,-0.9599999999998783,6902.199999999536,913.6999999999248,1.429999999999919,-2.4099999999997888,0.30999999999994937,-0.6299999999999852,138.09999999999087,-215.39999999998884,0.6600000000000036,-1.8499999999998578,-0.38999999999992524,-1.439999999999915,1.43999999999991,-0.8299999999999381,8.39999999999764,0.1899999999999825,-1.0599999999998628,-8.689999999999488,0.0,0.14229540188200923,21.21078548835074,6,131.55615909090906,0.029729729729729728,4.108547008547007,43.787999999993296
12086002404,0.165111268777571,Critical,91.9921875,0.3419351339665429,0.4828730726270631,0.2175654356660671,0.3741851368970013,0.2887520545192805,0.3238614624272462,0.6096515376148437,0.4663048322670187,0.8179151716769442,27.1,26.1,64.3,62.1,10.5,20.0,3.0,56542.95121951219,1487566.6829268292,False,39.403111111111116,23.41907683982684,18.839513888888888,1177.0,9.333333333333334,54.666666666666664,0.81053525913339,3.0,20.0,7.0,1.0,0.0,-4.249999999999715,1.2599999999999614,1.130000000000006,-2.1999999999998097,2.1099999999999826,1.4800000000000841,1172.899999999963,181.59999999998124,0.9499999999993868,-4.729999999999226,0.0,-1.310000000000024,100.09999999999154,-156.599999999995,1.359999999999933,-1.5999999999998773,0.2300000000000637,-0.4799999999999668,0.47999999999996834,-1.180000000000198,9.62999999999761,0.9100000000001697,-0.29000000000021264,-10.719999999999159,0.0,0.13721198656843575,17.858866472426413,8,139.84917361111115,0.022156196943972837,4.945029736618522,0.0
12086002501,0.1353571111991016,High,77.34375,0.3077258699024636,0.4398626324202259,0.1567965475862029,0.5428534876805733,0.1227363963562664,0.2651642842376671,0.5638554091695307,0.4586551922187243,0.7047035846570919,29.4,15.1,53.7,72.4,8.3,14.0,7.0,127449.70175438595,1420313.3157894737,False,30.059087301587308,17.177560772560774,18.57094017094017,1275.0,10.166666666666666,74.33333333333333,0.6294298921417566,7.0,14.0,18.0,0.6918335901386748,0.23728813559322035,-0.8200000000000748,-0.7599999999998978,1.4999999999999678,-0.9600000000000006,4.149999999999654,-0.17999999999992433,-134.39999999998068,-16.19999999996852,2.42999999999988,1.5499999999998753,0.019999999999999976,-0.9299999999998819,65.99999999999373,-101.30000000000615,2.6799999999999295,-1.6700000000000048,2.4799999999999005,-0.6499999999999798,0.6499999999999831,-2.9299999999997994,3.069999999998539,-0.9499999999998607,0.09999999999993475,-11.109999999999378,0.0,0.13456303835176847,17.753154853633678,4,159.61435897435902,0.01183385579937304,5.595608628659475,0.0
12086002502,0.1341367423076625,High,76.5625,0.3147641490527681,0.4261500005998949,0.2117685641764209,0.4919441568966679,0.1168912139789841,0.2549152334448366,0.5587433311993171,0.4177597339291155,0.7082560674796686,30.6,29.2,35.1,71.6,9.9,21.0,7.0,136016.65151515152,1470627.7121212122,False,29.167367724867724,14.425500186930508,19.266534391534393,1659.0,14.833333333333334,92.66666666666667,0.7371910789632309,7.0,21.0,12.0,0.9861362266425557,0.0,0.30838433849549335,0.9655597763528887,-0.594704426144926,1.6270062742713494,3.6101425583677744,0.2707603112961064,4784.936800542562,1342.421745130067,0.609809922175768,-1.649097130335541,0.6699999999999298,-1.100095038911937,111.80591147708968,-62.0882524524348,0.5419958171525194,1.2866736380792692,0.024181712128994393,-0.6255331711351385,0.6255331711351375,-2.6476240271992837,4.165580690589664,0.34496293766313885,-2.3233472761587532,-9.735654815264654,0.13999999999998675,0.1334693411547403,18.02201996215664,8,144.8440476190476,0.017590361445783135,7.674020494273658,9.436560757962097
12086002600,0.0628346315266323,Low,16.9921875,0.1803756754537102,0.3483542410504103,0.1081474258541048,0.0599013359414464,0.1626802405789542,0.239374189105381,0.533971123391064,0.2526039250533157,0.7458443162352059,11.1,17.9,27.7,51.9,2.7,32.0,6.0,110419.86842105264,1513038.9078947369,False,24.8734126984127,15.60851495089752,17.498949652777778,2477.0,12.5,128.0,0.7696293343961738,6.0,32.0,14.0,0.5392586687923475,0.0,-4.260816828481674,-2.600289842364385,-0.9107641298703345,-1.0694071406177281,-1.029960476041235,-1.6499868253469776,9666.85721767149,6992.417465293326,-1.5094203152704686,-0.7223319135701104,3.6711461948054236,-0.7301449211822281,238.14571604567107,-238.65759515432586,0.17959158575892437,-1.8093544420058945,-0.19114619480558065,1.227417768023966,-1.227417768023966,-1.0522923896110816,3.8700131746515725,0.021053972234934156,-2.492661279893164,-8.058023802058914,0.0,0.11111559753755414,15.2921231845257,8,72.16165885416666,0.007223567393058917,4.123634914308489,0.0
12086002702,0.0493671664238685,Low,9.765625,0.1546309849285525,0.3192579187585124,0.074668175356806,0.483025177886681,0.0610467749714734,0.0987147074347723,0.4982091813239885,0.234593794500299,0.4552937521756469,17.4,15.4,8.3,51.7,5.9,39.0,8.0,179607.04109589042,1454609.3424657534,False,24.32487987987988,11.026627497393614,18.95462962962963,3828.0,27.0,220.66666666666666,0.7927115987460815,8.0,39.0,15.0,0.8380355276907001,0.0,-2.5099999999998808,-1.3799999999997064,-0.2300000000000717,0.3199999999999293,1.7699999999998386,-0.7999999999999337,7105.4999999996635,4676.999999999653,-1.5999999999998624,-1.9799999999999338,4.549999999999609,-0.05000000000011085,232.0999999999854,526.7999999999582,-0.22999999999999346,1.2599999999998042,0.34999999999999354,-0.7799999999999695,0.7799999999999627,-3.059999999999649,1.9299999999986786,-2.0599999999999272,-1.139999999999933,-6.289999999999499,0.2100000000000098,0.08416474986496858,14.325141928348282,9,87.78944444444444,0.0040219378427787935,3.192241379310344,0.0
12086002710,0.0284139523278088,Low,2.9296875,0.0997023990149083,0.2849876493298837,0.055001233492394,0.0654698952518462,0.0967056427769303,0.1446241745750416,0.5735718658040748,0.1444035645374226,0.5445666682415256,12.4,7.8,3.5,37.2,0.9,14.0,7.0,139103.75862068965,1354848.3103448276,False,120.0,120.0,0.0,0.0,0.0,0.0,0.0,0.0,0.0,0.0,0.0,0.0,1.689999999999649,0.6699999999997249,0.460000000000001,-0.5799999999999923,-1.7100000000001276,-0.2700000000000025,6444.7999999999365,7689.099999999984,2.059999999999694,-1.8199999999998124,1.1299999999999373,-1.039999999999873,131.99999999997897,-893.4999999999982,1.4600000000001456,-0.8199999999997867,2.279999999999858,2.7599999999999696,-2.759999999999971,2.209999999999606,7.82999999999808,-0.8299999999997809,-1.50715721253166e-13,-8.739999999999029,-0.35000000000002246,0.10272394574366678,26.99051207024044,0,297.6,7.8,7.8,20.955999999995647
12086002705,0.0523997648941959,Low,11.5234375,0.151900997355124,0.3449599792402442,0.0869463003645363,0.0610663684754976,0.1109291430004281,0.211416859088029,0.6513375227441203,0.2168556943457116,0.6900500028931459,5.3,19.9,19.1,43.2,7.9,4.0,3.0,138720.76470588235,1454302.705882353,False,25.483680555555555,13.770416666666666,19.456944444444446,318.0,3.0,16.333333333333332,0.8364779874213837,3.0,4.0,4.0,1.0,0.0,-0.9700000000000405,2.5800000000001035,3.009999999999985,2.6899999999995217,1.6300000000003598,0.8600000000000113,8213.699999999955,6055.799999999543,-1.2299999999999924,-3.3799999999998755,5.059999999999796,0.35999999999998467,242.1999999999824,386.90000000000066,-0.7999999999999854,0.49999999999994216,-0.710000000000009,-0.050000000000128546,0.05000000000012295,-0.33999999999982977,3.539999999998598,0.2100000000000714,-1.32999999999998,-5.019999999999659,0.4699999999999647,0.047677324781324935,11.474202951134409,4,24.07819444444444,0.06238244514106582,3.2540880503144645,0.0
12086002707,0.0323124626362504,Low,4.1015625,0.1085413197378462,0.2976973443320285,0.0316909471384888,0.0566666944567183,0.0810133237583713,0.142912534584623,0.6519126401150122,0.1853916923372037,0.5559815287454178,8.8,2.6,3.3,57.1,1.4,4.0,3.0,158721.45454545456,1425362.5454545454,False,120.0,120.0,0.0,0.0,0.0,0.0,0.0,0.0,0.0,0.0,0.0,0.0,1.1199999999999162,-1.5199999999998852,0.5199999999999673,-0.8799999999999483,4.419999999999745,-0.1500000000000061,5122.699999999769,5982.699999999652,-0.16000000000000655,-4.799999999999498,3.3899999999994384,3.0599999999998824,220.2999999999829,-299.2000000000166,-0.2199999999999198,0.800000000000208,-0.4299999999999768,3.779999999999913,-3.779999999999919,3.389999999999632,5.759999999998289,-1.150000000000413,-1.5599999999997867,-8.459999999999326,-0.2900000000000327,0.10272394574366678,26.99051207024044,0,211.20000000000002,2.6,2.6,9.855999999999263
12086002800,0.1430650541883407,High,82.03125,0.3331967209646652,0.4293711347883056,0.2424314805874665,0.4750688339427947,0.1263773536054864,0.2269866016321375,0.6335881938360626,0.4239619613418638,0.6848346909250467,44.1,26.7,25.5,63.4,12.3,7.0,4.0,124842.5283018868,1417716.716981132,False,23.928571428571427,15.780395497359782,18.22765873015873,524.0,3.6666666666666665,29.0,0.7175572519083969,4.0,7.0,5.0,0.8625954198473282,0.0,-0.07000000000040722,1.1899999999995698,-3.499999999999566,-2.4799999999997784,2.6599999999997275,1.269999999999704,1455.700000000074,4771.699999999719,-0.9999999999996824,-1.4400000000000566,0.6300000000001823,-1.2099999999998539,197.8999999999911,10.700000000004948,-0.5399999999999918,-1.7499999999998723,-0.16999999999998958,-1.2699999999999576,1.2699999999999598,-0.9699999999999983,3.4699999999989224,1.3899999999999748,-4.5199999999999445,-2.7699999999998384,-0.22999999999997728,0.09557637340783982,13.464092009443878,5,254.56025000000002,0.05085714285714286,7.541221374045802,0.0
12086002900,0.1224448258766545,Moderate,68.9453125,0.3070983394259375,0.3987153629861434,0.17929829863455,0.5788434778178579,0.0893776699931357,0.1879304543706095,0.4913052176696542,0.4348983802173251,0.6461199950794594,32.1,23.4,47.7,62.9,9.9,25.0,11.0,147948.32098765433,1387379.3086419753,False,26.0495202020202,12.915565223793022,18.1831,2258.0,16.166666666666668,131.66666666666666,0.718021978021978,11.0,25.0,24.0,0.6632967032967033,0.13538461538461538,2.329999999999838,0.41000000000001774,-0.2000000000000555,-0.4299999999999418,2.8799999999995656,0.6800000000000179,1834.900000000001,1139.4999999999682,-0.15999999999995118,1.5899999999997263,0.2499999999999704,-1.9299999999998594,80.99999999999282,-344.1999999999754,0.5699999999999298,-0.30999999999998257,0.6899999999999374,1.4499999999998743,-1.4499999999998772,-1.8199999999997964,6.719999999998124,-1.649999999999985,-0.10999999999995975,-9.859999999999385,-0.049999999999976376,0.11759173525629357,16.836513761490522,10,186.72249000000002,0.010358565737051793,6.598285714285715,74.7929999999948
12086003001,0.0938241184193237,Moderate,45.703125,0.2736361317355981,0.34287912865974,0.1967519137877055,0.5415554417396201,0.0358175727599252,0.1324257261926216,0.4677567558460812,0.3505203496834907,0.5368401467604518,38.3,35.0,29.3,57.3,2.4,36.0,12.0,199392.4929577465,1417227.1126760563,False,21.448464912280702,17.984796518200497,17.62096405228758,2932.0,15.0,173.66666666666666,0.5668896321070234,12.0,36.0,21.0,0.4963210702341137,0.1551839464882943,5.07999999999944,0.9599999999998872,-0.11999999999997234,0.06000000000007439,3.629999999999681,-0.14000000000006607,1681.3000000002364,1046.7000000000255,-2.709999999999754,0.4599999999999671,0.28999999999995707,-0.37999999999994916,70.0999999999944,132.50000000000338,-0.07000000000018429,0.1799999999999617,-1.1500000000000563,-0.5499999999998658,0.549999999999868,2.129999999999844,6.169999999998267,0.5900000000000072,-3.2999999999997955,-7.979999999999618,1.5599999999998717,0.1046179632628897,15.569708641800622,7,244.31707679738568,0.011933174224343675,15.158862876254183,194.56399999997853
12086003006,0.1199658710819174,Moderate,67.1875,0.2631216171396345,0.4559331627178828,0.1759039538441676,0.3894023193577164,0.2400637256652679,0.2640063615990746,0.6026568642316419,0.3503392804351015,0.7835365427357136,23.2,21.7,37.5,57.3,6.8,15.0,5.0,68137.42857142857,1393402.238095238,False,120.0,120.0,0.0,0.0,0.0,0.0,0.0,0.0,0.0,0.0,0.0,0.0,-4.349999999999783,-1.2199999999999818,-1.9399999999998785,-1.539999999999824,-3.439999999999806,0.6300000000000353,3643.399999999894,1227.2999999998922,-1.0899999999998733,2.0799999999997296,-1.3899999999998447,-1.1199999999999846,97.99999999999386,-426.7999999999849,1.949999999999826,0.33999999999999525,0.22999999999990808,0.620000000000042,-0.6200000000000406,-1.0299999999999336,8.519999999997717,0.19000000000007575,-1.9399999999998714,-12.09999999999928,-0.14999999999999653,0.10272394574366678,26.99051207024044,0,556.8,21.7,21.7,0.0
12086003004,0.0983388735384432,Moderate,50.390625,0.2492099132918785,0.394602575152246,0.1727560711252417,0.5578439029566322,0.0893406469951933,0.1889479491890461,0.5198944083159243,0.3256637554585153,0.6169859683044345,29.5,26.5,36.7,54.8,0.0,29.0,10.0,149272.5283018868,1399528.8867924528,False,35.28484848484849,13.536049735449735,12.080057471264368,1395.0,6.5,108.66666666666667,0.5617569352708058,10.0,29.0,15.0,0.45904887714663145,0.10039630118890357,-1.8011414588691652,0.039945644815683294,-1.4702174207370708,0.6922557401461726,2.0125533397578192,-1.1097010464865351,3387.462400149591,1784.7091320690934,-1.5707609725795075,3.407744259853348,0.53874983076218,0.5483965220645551,82.277714374456,-128.07067527853667,0.6192118498282757,0.008097568551276696,0.6996195137101392,0.32709199764265506,-0.327091997642648,-1.8915219451589373,5.467581194299078,0.6049177902724695,-1.6541024625087182,-9.546169313411953,0.9999184672235937,0.11094275358038803,17.05094630199262,4,351.63830459770116,0.018982808022922636,11.613441215323645,0.0
12086003100,0.1090985009043813,Moderate,59.9609375,0.3141240396527897,0.3473102568812341,0.1757891894011526,0.4666490689927021,0.0472201411658914,0.1493460644537729,0.5117092065952333,0.4524588899044266,0.5616268031985708,37.3,25.3,48.9,32.4,24.4,30.0,9.0,186609.5205479452,1406977.2602739723,False,25.37013888888889,13.344252188204715,18.35971193415638,2699.0,11.333333333333334,145.0,0.8038162282326787,9.0,30.0,16.0,0.6672841793256762,0.0,-2.4099999999999637,-2.3100000000001053,0.4899999999996852,1.999999999999796,-6.029999999999676,1.169999999999809,5358.699999999853,1709.0999999999394,-2.989999999999994,0.5800000000002469,0.21999999999995976,-0.1700000000001021,59.29999999999736,107.4999999999948,0.10000000000001737,-1.6699999999999198,-0.0699999999999798,1.0499999999999126,-1.0499999999999123,-0.969999999999932,6.62999999999906,2.7299999999998343,-4.629999999999781,0.5299999999999468,0.07000000000000346,0.10165674847497223,15.600966083929942,6,210.38274485596702,0.009370370370370371,4.963449425713228,0.0
12086003400,0.0995825774666738,Moderate,52.34375,0.2819167722885725,0.3532339585838485,0.173518002900605,0.6261029645146956,0.0217172111001351,0.134906476564923,0.4890898561223802,0.3903155416765399,0.4943532846171085,25.5,44.7,41.6,61.3,9.1,31.0,11.0,224374.70967741936,1482585.430107527,False,21.32951388888889,20.29744568290279,16.568509259259258,1735.0,8.666666666666666,113.0,0.5613832853025936,11.0,31.0,26.0,0.6985590778097983,0.17752161383285303,-0.9499999999999227,-0.7599999999999517,-0.519999999999949,-1.1499999999998338,-0.5599999999999208,-1.449999999999757,3730.799999999773,2406.699999999838,0.3099999999998595,-2.4099999999997386,2.0899999999998706,-1.7299999999999751,105.99999999999555,166.1999999999887,-1.5799999999998726,-0.3200000000000299,-0.3599999999999145,-1.3299999999999133,1.3299999999999073,-2.7899999999997234,7.809999999998703,4.749999999999891,-7.599999999999748,0.05999999999997409,0.12000000000000172,0.0724279160620836,12.431923865990996,5,189.50301388888892,0.025748847926267283,19.606167146974066,0.0
12086003606,0.053887809333595,Low,12.6953125,0.247557493883065,0.2176779562934547,0.1004030817146536,0.5260814763926723,0.0108703985479482,0.0819089504538355,0.214375,0.3947119060514765,0.2551539560728174,33.5,45.2,50.1,47.9,7.3,33.0,19.0,234843.93023255817,1467071.7906976745,False,120.0,120.0,0.0,0.0,0.0,0.0,0.0,0.0,0.0,0.0,0.0,0.0,-1.926897486904398,3.4141012223000904,-0.06482504413636898,2.587134862093054,0.6317415900515547,0.505973802058543,2056.910274116462,1793.3819102623968,-0.5237765206402079,-3.4724094465399573,0.5073033639793121,2.6514107373353846,85.08008126804356,-495.2376915789981,2.0182147467127276,-2.5231148152080016,2.8308677194977214,-1.3699501857082115,1.369950185708213,0.24061804219644026,12.29734702721244,3.586804009376853,-5.435898777699798,-5.104806590967462,-0.01975032269886489,0.10272394574366678,26.99051207024044,0,804.0,45.2,45.2,0.0
12086003605,0.1123613966526053,Moderate,61.71875,0.2894503384919881,0.3881888590560948,0.2018548688980392,0.4876577955061005,0.0639232744751086,0.2022548736114123,0.6224793477772536,0.3770458080859371,0.5646290039105992,36.1,35.4,45.7,54.3,1.6,7.0,4.0,170860.125,1404518.6041666667,False,120.0,120.0,0.0,0.0,0.0,0.0,0.0,0.0,0.0,0.0,0.0,0.0,1.6100000000000483,-1.3599999999997308,-0.8499999999997407,0.18000000000015506,2.6499999999993866,-0.36999999999995925,21.19999999984389,6103.299999999736,-1.6599999999999568,-1.1899999999997786,0.7399999999998444,-0.11000000000002766,101.69999999999195,-863.6000000000037,-0.2699999999998432,-1.739999999999874,0.9500000000001111,-0.040000000000022684,0.02000000000002127,-1.0600000000002092,5.309999999997838,-1.730000000000024,1.540000000000012,-12.499999999999261,0.020000000000000292,0.10272394574366678,26.99051207024044,0,866.4000000000001,35.4,35.4,58.12100000000174
12086003710,0.0336651502721435,Low,4.6875,0.1404865440946868,0.2396325604639653,0.0283311329407362,0.473723508352753,0.0292112873145074,0.088393882550393,0.3736560752072242,0.2526419552486375,0.2331780488949486,17.0,7.3,6.9,57.0,7.8,32.0,14.0,216161.27835051547,1484785.1340206186,False,120.0,120.0,0.0,0.0,0.0,0.0,0.0,0.0,0.0,0.0,0.0,0.0,1.0878425139425836,0.9150819303859307,1.7066294949387604,-1.0687312234047246,5.245019348788928,0.9669606284856515,7070.201419041451,4132.1796252653385,-0.043095129105800316,0.8810389222238246,3.7623736924182727,-0.5256952638930062,269.74270616079934,557.9338307216228,-0.6955245791157469,0.5961310886176397,-0.06861970822164355,-2.3028231651531086,6.004461772873521,0.7521506620521812,7.037291762030709,0.7104984063212161,-2.54430473610686,-8.229341144908876,0.33254096519301674,0.10272394574366678,26.99051207024044,0,408.0,7.3,7.3,18.49332273702392
12086003703,0.0113437413024136,Low,0.1953125,0.0764417069457997,0.1483972788631838,0.0149732004030018,0.078399280303603,0.0299778798305237,0.0,0.5077840207111889,0.1379102134885977,0.1258252134706033,5.9,17.9,5.4,33.3,4.3,6.0,7.0,212212.14285714287,1463452.2142857143,False,5.7283333333333335,5.686772486772486,16.91175925925926,1506.0,6.833333333333333,89.33333333333333,0.7702523240371846,7.0,6.0,8.0,0.16666666666666666,0.7908366533864541,-0.48000000000008325,1.4099999999999022,0.9799999999999021,-0.7799999999998972,-2.8099999999999197,0.9399999999999061,8248.799999999643,6362.4999999995525,-0.5800000000000144,-2.6499999999997303,4.5499999999996925,1.0899999999998324,103.49999999999115,249.49999999998138,-0.12000000000005387,-0.9199999999999646,-0.7999999999999803,1.4599999999999174,-1.4599999999999274,0.38999999999996643,6.209999999998161,1.980000000000109,-0.43999999999997574,-9.579999999999623,1.1099999999998709,0.018837087861614102,8.557990860118927,4,41.82062037037037,0.01187790311877903,4.112483399734396,0.0
12086003704,0.0252354104004259,Low,2.34375,0.114309886593951,0.2207631478987163,0.0257184631442339,0.5471644564104982,0.0205749893147341,0.0582366974115605,0.3883840723768448,0.2029013100436681,0.0894555239799443,17.7,39.8,14.4,44.2,0.0,14.0,14.0,224505.35294117648,1474707.3529411764,False,6.375854700854702,4.699315053571185,17.07125,3637.0,16.666666666666668,227.66666666666666,0.8076711575474292,14.0,14.0,24.0,0.20511410503161948,0.764366235908716,0.4200000000000543,2.419999999999778,1.0499999999998804,1.439999999999799,-0.34999999999995096,-0.11999999999999987,2055.999999999726,1776.999999999869,-2.1399999999997683,-0.9299999999998187,1.4699999999999829,-0.5399999999998639,109.59999999999518,-25.200000000003826,0.42999999999999605,0.9499999999999341,-0.010000000000016272,0.6300000000001176,-0.6300000000001151,-1.4300000000000606,3.1799999999985555,5.239999999999479,-0.06000000000011771,-10.129999999999306,-0.5799999999999589,0.01443448613191918,7.4146621701985325,7,122.63887500000001,0.010940076965365584,7.654687929612316,7.43400000000096
12086003705,0.0155739243919666,Low,1.171875,0.0888970036549979,0.1751906560586422,0.0051074513369414,0.116400561944799,0.0181870531713512,0.0500012048483096,0.6178759518835502,0.1726865559730543,0.0734885084452012,4.6,9.3,5.6,53.1,2.1,2.0,6.0,232051.33333333337,1505557.3333333333,False,15.428571428571429,6.778601694915254,18.866666666666667,359.0,2.0,26.333333333333332,0.552924791086351,6.0,2.0,16.0,1.0,0.0,-0.739999999999894,1.4399999999998887,0.7299999999999416,0.3700000000000432,3.2699999999995515,0.3599999999999239,4427.099999999894,8345.399999999137,-1.5299999999998641,-3.9599999999994338,4.329999999999724,-1.000000000000034,86.89999999999334,42.19999999999754,-0.6499999999999632,-0.6799999999999721,-0.5599999999999823,2.9699999999999185,-2.969999999999917,2.2499999999997917,2.1599999999982087,-2.5699999999997405,1.7199999999999085,-14.469999999998793,-0.10000000000000824,0.01979826963148585,5.333018972569483,5,23.61333333333333,0.025833333333333337,4.157799442896937,0.0
12086003706,0.0143611288625458,Low,0.9765625,0.1091174366531187,0.1316116773178927,0.0292453587332709,0.0889184484554044,0.0,0.058616797068326,0.3778911286699463,0.1889895145729664,0.1326320123957867,9.0,35.1,6.7,51.9,2.7,9.0,18.0,249076.1923076923,1470880.6923076925,False,11.57161172161172,5.96672289156778,17.25185185185185,2155.0,10.0,144.66666666666666,0.7403712296983759,18.0,9.0,27.0,0.44779582366589327,0.5522041763341067,2.6372679607543814,9.288863067108691,1.6165984594001876,4.81850074831179,13.078096798921516,0.8459705759961041,17186.76590748307,5302.15571100121,3.3585285615770313,9.279298304252816,6.7345540390983665,6.731864321193868,575.9207742402745,178.4184981369703,-1.2796800993229707,1.4361264036829684,0.17183712055444167,-0.018759856106803852,25.609797785951855,5.783994287625666,6.422178307731547,-0.3442184047054254,-3.616564364516552,-3.023155251426028,-0.18044000194979384,0.039711695759733476,9.499977385614924,6,60.73333333333335,0.016280148423005566,9.112969837587007,23.735411646789434
12086003707,0.0184548707798676,Low,1.3671875,0.1144722818450838,0.1612169381304267,0.0330908349741458,0.0792991877243032,0.0108455343805712,0.0720017349815658,0.4537610210706022,0.1958537287160218,0.1901772124950912,12.5,22.3,8.5,46.0,3.9,13.0,10.0,229406.0,1432916.642857143,False,11.167118055555555,6.224547111070472,17.891431623931624,3106.0,14.5,180.0,0.7664198325820991,10.0,13.0,17.0,0.41178364455891825,0.5112685125563425,0.14999999999994362,-0.17999999999987248,-2.589999999999929,-0.9899999999998627,2.329999999999963,0.5299999999999359,14909.99999999896,7906.499999999666,-2.3399999999999705,0.07000000000029526,5.949999999999621,0.6899999999999237,157.1999999999888,-5.000000000000963,0.47999999999996823,-1.879999999999885,0.06999999999993371,0.4200000000002288,-0.42000000000023185,0.06000000000005744,0.859999999998972,-2.199999999999891,-0.0300000000001041,-8.179999999999357,1.4399999999999573,0.01979826963148585,5.333018972569483,3,76.3571047008547,0.007177341486964918,5.20883773341919,1.8749999999992952
12086003801,0.0771308431460464,Low,29.6875,0.1439010329772101,0.5359992319044842,0.0644058917107137,0.0712003946994652,0.5304400138603487,0.4793448838124613,0.6377289013185974,0.2233961742437065,0.9612819658315482,7.1,6.3,5.7,64.9,4.7,12.0,3.0,10052.644444444444,923578.1111111112,False,22.626984126984127,15.97809523809524,14.109884259259259,582.0,4.166666666666667,25.666666666666668,0.5919243986254296,3.0,12.0,4.0,0.865979381443299,0.0,-1.3700000000000336,-1.299999999999935,-0.8599999999999647,0.48999999999993765,4.81999999999986,-1.0399999999998966,-1363.6999999991137,273.9000000000129,-0.0500000000000107,-2.5399999999999547,3.669999999999676,0.5699999999998979,162.19999999998473,-8.30000000000129,-0.9799999999999504,0.3100000000000155,-0.6600000000000094,0.5400000000001101,-0.5400000000001096,1.9699999999998146,6.579999999998433,1.9699999999998978,-0.8699999999999692,-7.579999999999506,-0.3699999999999784,0.0977587599168646,18.424535768919576,1,70.21982175925926,0.010806174957118353,2.5708762886597936,0.0
12086003803,0.10997315220134,Moderate,60.3515625,0.201382127923747,0.5460919165725626,0.117569391083268,0.3878215935589521,0.4418392370881022,0.3703289235885201,0.6010675275737358,0.285194864764226,0.9294023010535026,18.0,7.3,3.2,71.0,8.7,19.0,4.0,15461.68,898164.32,False,15.563333333333336,11.350501543209878,11.953742690058482,1115.0,6.333333333333333,49.666666666666664,0.7282511210762331,4.0,19.0,5.0,0.9318385650224216,0.0,1.3199999999999623,-1.3499999999999133,0.2700000000000442,-1.2599999999999663,5.760000000000021,0.45999999999992724,3736.4999999997112,12262.399999999092,-0.17999999999999663,-0.5699999999997757,-0.06000000000005829,1.3899999999998058,231.89999999998335,8.899999999998128,-0.7599999999998622,1.030000000000015,-1.9499999999998825,-3.179999999999841,3.179999999999836,0.48999999999989935,1.8999999999988024,-1.2300000000000417,-0.6099999999999316,-2.0399999999996177,-0.7699999999999294,0.0977587599168646,18.424535768919576,1,216.83263157894734,0.006541218637992831,1.983766816143498,23.759999999999323
12086003804,0.0977587599168646,Moderate,50.1953125,0.1729792257351518,0.5651474013795326,0.1183371246138443,0.4593511010434102,0.445700919356821,0.3766757431905989,0.6158749326100141,0.2276213268564594,0.9281343106968182,15.4,10.1,7.2,58.3,3.1,13.0,4.0,15440.277777777776,915022.5277777778,False,14.000178062678064,18.424535768919576,14.617138888888888,2150.0,12.833333333333334,107.66666666666667,0.6235592438911941,5.0,20.0,7.0,0.8879668049792531,0.0,1.5557417626228485,-1.2084843561876677,-1.37805131509851,1.0016599908419592,0.32039298614060724,-0.921226949752658,5506.889627772955,1452.1339140910889,0.07230955247575631,-0.02490779901083952,0.35382519628788844,0.1613712967824684,-32.35348776482289,-35.92991232675785,-0.688340009158012,1.7583400091579429,-1.114947853959341,2.656206922278322,-2.6562069222783236,0.9792782648513606,3.4412991232662806,-2.920793908663268,1.376391324256553,-3.6852365480185627,0.26942261188106487,0.1177668365671504,12.58718643154955,4,144.49606111111112,0.004695490469549046,3.8020516366989394,23.958423144391865
12086003906,0.0718370407719043,Low,24.8046875,0.1156353286661122,0.621237831038022,0.0415471854344101,0.1091724898404202,0.5729665690935114,0.4780793165937018,0.9797571649087524,0.1897234718978143,0.9662136147537236,4.5,4.1,0.6,65.7,2.0,0.0,0.0,10225.610169491523,1170694.745762712,False,120.0,120.0,0.0,0.0,0.0,0.0,0.0,0.0,0.0,0.0,0.0,0.0,-0.209999999999938,0.5199999999998941,-0.5399999999999617,-4.049999999999642,6.66999999999961,-0.15000000000001068,-3068.1000000008435,4265.099999999646,-0.07999999999999992,-1.7299999999998068,0.37999999999986617,-0.9899999999999555,204.19999999998734,-172.7999999999864,1.4400000000000177,-1.699999999999951,0.7900000000000422,-2.209999999999789,2.209999999999786,-0.8199999999999882,3.839999999999109,-0.3200000000000045,0.0,-4.109999999999582,-0.05999999999999301,0.0414424502727764,9.160429555012767,1,108.0,4.1,4.1,0.0
12086003909,0.1461641665518521,High,83.3984375,0.2776253360655848,0.5264799265918694,0.2934244108897312,0.3652302887534476,0.3774225719084866,0.3300079519988433,0.6442180374912954,0.2618262612414385,0.9155207828072734,25.0,39.1,27.0,40.5,2.3,9.0,2.0,22952.956521739132,955405.0,False,9.192361111111111,8.605565611559763,18.420802469135804,1269.0,5.5,61.0,0.6548463356973995,2.0,9.0,3.0,0.9054373522458629,0.0,0.7600000000000205,-0.48000000000014903,0.7399999999997762,1.079999999999826,1.1699999999998534,-0.5800000000000508,3332.8999999999487,1832.899999999965,-3.129999999999857,1.1099999999998404,3.1599999999999646,-2.159999999999772,93.59999999999182,-84.49999999999571,-0.9400000000000025,0.8000000000000161,-0.2100000000000964,-1.2699999999999818,1.269999999999978,-0.15000000000008762,2.059999999998326,1.619999999999651,1.7399999999998674,-11.109999999999099,-0.06000000000000029,0.12031060502556935,13.875230179064886,3,139.4799382716049,0.030787401574803152,13.495508274231682,19.000000000000515
12086003911,0.1377991843693631,High,79.296875,0.2490732343103925,0.5532476612787673,0.1849183015535451,0.4691343429023857,0.3808802748403105,0.3327176947132033,0.6635144439203001,0.3132281670672399,0.9199915500176374,24.4,15.8,12.8,65.5,8.0,4.0,2.0,22263.967741935485,943455.0645161292,False,9.212499999999999,14.41458333333333,16.69,447.0,4.5,22.333333333333332,0.6375838926174496,2.0,4.0,2.0,0.8657718120805369,0.0,0.010000000000161623,-4.599999999999661,-2.1899999999998365,-0.8399999999998952,1.8099999999998606,0.6899999999999371,4601.899999999683,2966.0999999997257,-2.579999999999728,1.4799999999999514,1.6699999999998227,1.7199999999999847,145.09999999998837,-91.09999999999147,-0.41000000000000913,0.10999999999997588,0.629999999999931,4.619999999999703,-4.619999999999702,-0.06999999999998642,6.429999999997799,-0.009999999999959928,-1.3599999999999204,-7.359999999999739,-0.17999999999997757,0.13122448566891437,38.95416820385527,4,178.36399999999995,0.03526785714285714,5.726174496644296,0.2440000000039436
12086003912,0.1556011454164604,High,88.4765625,0.2169210472977775,0.7173169563526013,0.1405739988416313,0.6116038094294114,0.5402202997117127,0.4980120002891635,0.9837046123894556,0.2932680957539239,0.9530440599432632,11.3,18.2,29.2,60.5,5.5,0.0,0.0,8260.344827586207,798304.724137931,False,120.0,120.0,0.0,0.0,0.0,0.0,0.0,0.0,0.0,0.0,0.0,0.0,0.6700000000000034,0.44999999999996415,1.9099999999998496,-1.3900000000000705,0.8299999999998708,1.2399999999998792,2092.499999999965,1400.9999999998565,1.2900000000000515,-2.739999999999855,1.6599999999997925,-0.5399999999999636,79.49999999999498,-11.799999999996468,-0.23000000000005152,0.18999999999986886,-0.8199999999999477,-1.429999999999874,1.4299999999998736,0.010000000000120222,7.2499999999980815,3.6799999999996,-0.8099999999999401,-8.529999999999255,-1.3799999999999988,0.13158652757992173,11.600577384137537,2,271.20000000000005,18.2,18.2,7.571000000000039
12086003913,0.1253738707904804,High,70.3125,0.2261959000308053,0.554271190474301,0.1782522578434505,0.4987734165923283,0.3704218282772022,0.34019001553159,0.647856549183458,0.27413954221816,0.914114142786926,16.1,22.9,17.3,60.7,5.2,4.0,3.0,24686.18181818182,990995.0303030304,False,14.912731481481485,8.786571434941747,18.58513888888889,871.0,4.0,46.333333333333336,0.7072330654420207,4.0,6.0,7.0,0.9827784156142365,0.0,-0.9999999999997697,-1.019999999999877,-0.3799999999999418,1.519999999999871,-0.009999999999815488,0.6500000000000261,2238.1999999996533,4371.099999999208,-2.889999999999774,2.9799999999996563,0.9500000000000485,0.03999999999996444,95.49999999999041,-268.8999999999627,1.0899999999999337,-0.2599999999998379,2.0999999999998358,1.0399999999998863,-1.0399999999998824,-0.3699999999998164,5.229999999998255,-0.7499999999996794,0.23999999999999558,-6.209999999999724,-0.27999999999994274,0.127059387367985,32.79334488767803,5,87.1792638888889,0.02626146788990826,6.704362801377726,0.0
12086003914,0.1079992104431504,Moderate,58.984375,0.2007931682552305,0.5378629730363703,0.1759311668592418,0.4476287478225403,0.3566875073177666,0.3300079519988433,0.6481289732012488,0.2256551696512192,0.9068616848414528,16.9,21.9,12.8,49.6,3.1,4.0,3.0,28395.0625,1061690.875,False,12.498148148148143,7.080137981118372,18.866944444444442,916.0,6.333333333333333,46.333333333333336,0.75,3.0,5.0,6.0,1.0,0.0,-2.0799999999998007,-0.6699999999999006,-1.3799999999999135,2.339999999999526,-1.9999999999996425,-0.5699999999999649,1134.1999999996597,7667.699999999615,-0.27999999999987535,-2.8899999999997914,3.9599999999996953,-1.419999999999871,107.39999999999083,-194.59999999998948,0.1800000000000628,-0.2300000000000437,2.1099999999999115,1.2800000000000482,-1.2800000000000533,-0.8500000000000792,5.0799999999980745,0.4000000000000425,-0.17999999999988342,-8.61999999999951,0.2599999999999913,0.07042261514061383,7.100790770867199,3,86.74863888888892,0.023882224645583424,5.475,0.0
12086003915,0.0877332300590991,Moderate,40.234375,0.1718095180395409,0.5106424315730159,0.1315768026859447,0.0787543105169957,0.4636797319882909,0.4017169970008092,0.6486465002134016,0.2120422333931372,0.960414618145582,4.9,22.5,11.2,54.1,6.1,10.0,2.0,16086.80487804878,1046276.6585365854,False,13.166666666666666,13.86643751237869,18.262888888888888,792.0,3.6666666666666665,42.666666666666664,0.7796717171717171,2.0,10.0,5.0,1.0,0.0,-1.7299999999999343,0.41999999999996096,-1.2099999999998707,1.7799999999997929,-0.5699999999999718,0.7100000000000442,2851.0999999997257,5267.0999999995265,-1.5399999999998826,-2.6099999999998102,2.269999999999726,0.5200000000000006,73.6999999999947,-113.30000000000081,1.2699999999998681,-1.66999999999979,1.8199999999998608,1.2800000000000447,-1.2800000000000507,1.4499999999997533,8.479999999997995,-0.579999999999965,0.529999999999971,-6.06999999999966,0.4799999999999999,0.13272300569766882,10.146571846737395,2,28.11184444444445,0.02837326607818411,4.957386363636365,0.0
12086003916,0.1400721406048572,High,80.46875,0.2198018435566664,0.6372655403536035,0.2032590688990995,0.5003865596193875,0.5689849923739088,0.4818577648766328,0.6625669547588561,0.2363446182142333,0.9725314301392322,17.4,24.4,24.1,42.8,2.2,3.0,2.0,9591.5,1075707.0,False,12.666666666666666,11.50657225853304,18.25722222222222,258.0,1.0,15.333333333333334,0.7151162790697675,2.0,3.0,5.0,1.0,0.0,1.1199999999998724,1.799999999999774,-0.7799999999999878,0.6700000000000932,-6.229999999999426,-1.1399999999999049,6662.299999999443,3742.4999999997112,-0.250000000000045,-0.8499999999999074,2.449999999999795,1.509999999999879,62.49999999999842,-76.89999999999934,0.37999999999999334,-0.9699999999999283,0.23999999999991156,0.04999999999999862,-0.05000000000000115,-2.089999999999675,6.139999999998275,0.89000000000005,0.25999999999990925,-8.969999999999391,0.579999999999895,0.0877332300590991,13.86643751237869,1,99.92433333333334,0.09420849420849421,6.951162790697673,19.48799999999778
12086003917,0.0726073479269668,Low,25.78125,0.1331990991326525,0.5451038963458563,0.0500728701902004,0.0827005504667,0.5881247034414022,0.4592418352990897,0.6231636509648,0.2163253280751046,0.9722887415572896,8.7,1.6,15.5,50.9,4.0,18.0,3.0,9752.692307692309,1207648.923076923,False,12.666666666666666,42.57089916256584,13.474367283950619,692.0,2.5,38.666666666666664,0.5262784090909091,3.0,18.0,6.0,0.6931818181818182,0.0,-0.32000000000009216,-2.2199999999999456,1.6299999999997754,-1.0599999999997507,-0.7000000000001647,0.4199999999999782,4327.7999999997255,1965.2999999999336,-2.7799999999998932,-2.5299999999998746,4.3299999999998615,-0.4799999999999134,65.69999999999474,-6.499999999998251,3.0599999999997767,-0.6599999999999421,0.43999999999977085,1.3599999999999381,-1.359999999999936,0.2199999999999932,6.449999999998268,-2.2299999999999622,0.13000000000000947,-9.709999999999138,0.8599999999999164,0.10272394574366678,26.99051207024044,0,91.57300462962961,0.002308802308802309,0.7579545454545455,0.0
12086003918,0.065645805001327,Low,19.140625,0.1207140758003566,0.5438123480305277,0.0692398759837741,0.087421944692239,0.5767786386733096,0.4445561667422434,0.6350954691466182,0.1721882756169391,0.9752095208982278,8.2,6.0,3.2,48.1,3.6,12.0,3.0,10920.636363636364,1275171.0909090908,False,12.666666666666666,51.490432098765446,12.212268518518519,316.0,0.8333333333333334,19.333333333333332,0.39082278481012656,3.0,12.0,6.0,0.5822784810126582,0.0,0.7699999999999889,0.16999999999999352,0.049999999999955955,1.8099999999998877,-0.4800000000000299,0.4599999999999839,784.9000000000667,-903.6999999999562,0.5299999999999314,-3.1699999999998223,2.6699999999998854,0.44999999999996215,113.29999999999269,-33.299999999999315,1.9799999999998434,-0.8199999999999421,1.3099999999998584,2.4599999999997357,-2.4599999999997317,-0.33999999999996766,6.469999999998307,0.1300000000001218,0.5099999999999804,-9.769999999999344,0.41999999999991955,0.10272394574366678,26.99051207024044,0,96.65939814814814,0.01892744479495268,3.655063291139241,6.313999999999909
12086003919,0.0437736596542704,Low,8.0078125,0.1077580736938888,0.406221623621627,0.0551085376250749,0.0367492032772729,0.2617973593397624,0.2292055230246511,0.628617340004942,0.1604076097627026,0.8747386924615066,7.4,5.2,1.1,45.4,4.2,11.0,2.0,50166.2,1147993.6,False,11.638240740740743,6.352705639564613,18.95,2673.0,18.666666666666668,130.66666666666666,0.7598204264870931,2.0,13.0,5.0,1.0,0.0,1.279999999999918,0.2999999999999861,0.3199999999999667,0.2799999999999176,1.8199999999996441,0.3799999999999421,652.2999999997534,979.2999999997103,0.6000000000000103,-9.699999999999516,8.069999999999641,-1.9899999999998375,199.99999999999287,114.09999999999981,-1.9499999999998594,0.3100000000000985,-1.379999999999894,1.689999999999999,-1.6900000000000006,-0.01000000000007354,5.989999999998165,-0.8999999999997662,0.6599999999999273,-9.539999999999504,-0.08999999999997722,0.05706381515982945,7.134515857760206,4,37.370000000000005,0.0019446522064323112,1.2489337822671158,9.471999999999394
12086003921,0.0421203149770907,Low,7.03125,0.0942800194005125,0.4467575976852392,0.04183524557579,0.0243462398139702,0.321412708476485,0.3300079519988433,0.6583383875822719,0.1467247932252349,0.8996827005546256,5.9,3.4,1.1,40.9,4.6,4.0,2.0,32406.0,1009520.0,False,27.129166666666663,6.163095238095238,18.599027777777778,804.0,1.3333333333333333,38.666666666666664,0.7562189054726368,2.0,4.0,3.0,1.0,0.0,-0.11037470962527796,-0.19675987932708866,-0.04546304062392331,-2.5248728499095563,0.9477984656795374,-0.16901766619974054,5380.993387140862,9970.579886528185,0.5139681542926476,-5.176423988793013,6.088940028016043,1.183300325395205,118.464144596719,-302.11063924150636,0.2642826591955856,1.2517491865116426,-0.3547738260956946,0.8757387264352394,-0.8757387264352468,-0.29760437022171404,5.672317991593155,-6.654105997197693,0.2398621570943163,-0.5844205021013246,0.3283498373023611,0.0758864350487104,6.716421810341492,2,31.865736111111115,0.00422360248447205,0.8288557213930348,0.0
12086003922,0.0366932849463003,Low,5.2734375,0.0850286209779389,0.431540398095137,0.0375004181065385,0.0267485054655358,0.2859527871608603,0.2740066025687366,0.6563497512186355,0.1325568238493393,0.9146443440619167,5.1,3.1,4.0,32.2,5.0,5.0,2.0,42590.333333333336,1104380.6666666667,False,27.730000000000008,6.134400656814449,18.759,1005.0,1.6666666666666667,49.666666666666664,0.7562189054726368,2.0,5.0,3.0,1.0,0.0,-0.31999999999994094,-1.1399999999999786,0.33999999999998065,1.0099999999999305,-3.9999999999998437,0.8299999999999387,12555.099999999966,9587.599999999806,2.9199999999997472,-4.469999999999542,5.259999999999684,-0.6199999999999323,135.69999999999274,50.599999999998154,-1.7599999999998217,2.209999999999681,-1.5899999999998788,-0.9899999999996345,0.9899999999996351,0.6099999999999836,2.1699999999985913,-3.4399999999996846,0.0,-7.219999999999484,0.7199999999998693,0.0437736596542704,6.352705639564613,1,26.729099999999995,0.003081510934393638,0.7557213930348259,0.0
12086004000,0.0414424502727764,Low,6.4453125,0.0999918061216679,0.4144584629499552,0.0464500255897584,0.0487065120428189,0.3209900263699862,0.3020072772837899,0.5560425792393917,0.1535335866535775,0.8445459198137893,4.7,6.3,7.4,41.7,2.9,16.0,6.0,42960.13888888889,1335381.5462962964,False,21.288787037037036,9.160429555012767,18.916961805555555,2270.0,12.666666666666666,125.0,0.7469162995594714,6.0,16.0,15.0,1.0,0.0,-0.2200000000000645,-0.7099999999999651,1.2399999999999267,-1.7200000000004059,1.1799999999995059,0.0800000000000113,11806.399999999569,5793.69999999966,0.32000000000002016,0.8799999999999173,3.1599999999998456,0.2799999999999548,41.59999999999532,-38.499999999984865,0.4999999999999216,1.2700000000000429,1.0099999999999092,4.049999999999713,-4.049999999999711,-0.9399999999999816,0.1199999999991905,1.5299999999999034,-0.09000000000001204,-2.919999999999723,-0.14999999999998367,0.06282302733007221,27.569263495691,7,23.890279513888892,0.002774108322324967,1.5944273127753303,0.0
12086004102,0.0354766699092166,Low,4.8828125,0.0857793211842328,0.4135806791128768,0.0527710877833128,0.0541920774318375,0.2514160263313633,0.2722565603990457,0.610520601680257,0.1187875545851528,0.8795181297218808,4.3,7.7,0.6,41.7,0.0,11.0,5.0,56879.375,1233545.734375,False,10.889012345679014,26.645269926152274,17.80181818181818,930.0,5.333333333333333,49.0,0.7370967741935484,5.0,11.0,6.0,1.0,0.0,-1.5561848126872713,-0.12152714888411906,-0.8490813063588405,2.102118212778823,-4.884007774105105,-0.35783498297152466,16358.79710731471,14929.012992700826,-0.21336453616627926,-3.4145694250992022,6.09814522136904,-1.330345021094448,332.4705261424347,-74.51940453409853,1.059684391806575,0.013627970314855251,2.06781759162321,6.155290162151468,-5.049379523203598,0.39515511919886487,3.971305149188473,1.2985958725157905,-0.3347044680525559,-4.094633620697109,0.3810123021399782,0.10272394574366678,26.99051207024044,1,26.65218181818182,0.008270676691729323,2.024354838709678,0.0
12086004103,0.0985003198504877,Moderate,50.5859375,0.2276552385485454,0.4326731968853131,0.1905501874431635,0.4249889807083518,0.2375774036876269,0.1698790934721318,0.5792432385380866,0.2647602896539273,0.7516772680203686,21.1,29.6,31.8,40.7,2.5,10.0,5.0,57440.875,1159644.34375,False,9.162230963480962,3.525562508757678,19.36013888888889,3289.0,19.0,171.66666666666666,0.7959866220735786,5.0,10.0,13.0,1.0,0.0,-0.6400000000000994,-0.7100000000000984,1.6500000000000223,-1.6499999999998622,-0.6800000000001397,-0.7499999999998973,3657.3999999997695,8954.899999999221,-0.7299999999999836,2.1900000000001345,0.849999999999881,-1.1099999999999126,92.59999999999643,-30.499999999996707,0.9099999999999419,-0.48999999999995475,1.1299999999998707,2.339999999999852,-2.339999999999852,-0.3099999999999683,8.159999999997531,-3.9199999999996376,0.5099999999999688,-4.979999999999848,-0.080000000000001,0.06675470529427714,6.920171482209765,2,97.90106944444442,0.00899696048632219,6.038795986622073,0.0
12086004105,0.0920669603157779,Moderate,44.7265625,0.2121821231440894,0.4339053589979244,0.169306778700758,0.4235021662254793,0.2542194414544788,0.1821643895033615,0.5891864203562684,0.2550574675874208,0.720454377450034,15.8,31.2,2.2,75.7,2.4,5.0,5.0,53516.2,1177565.96,False,11.08082264957265,4.679913409406763,19.349555555555554,1456.0,8.5,76.33333333333333,0.8035714285714286,5.0,5.0,13.0,1.0,0.0,1.8299999999997958,3.7799999999999856,-0.1999999999999889,-2.159999999999983,4.769999999999902,-0.3799999999999364,-1065.4999999999104,1039.6999999998118,0.4199999999998506,-3.939999999999783,1.0399999999997904,-1.069999999999974,-31.800000000006467,-0.3999999999988205,-1.1799999999999466,-0.06000000000003024,-1.7099999999999769,-2.5800000000000343,2.5800000000000303,1.0599999999998786,0.07999999999869363,2.5699999999998187,0.9400000000001416,-5.559999999999823,-0.030000000000002247,0.06828352408945132,15.018116927697667,4,73.47702222222225,0.021413864104323953,6.128571428571427,28.913999999996776
12086004106,0.0289610881765394,Low,3.125,0.0668578301369218,0.4331742163517489,0.0574990771069457,0.0782039845376152,0.3240160826568012,0.3093305306708039,0.6387307376957118,0.0762165831668979,0.8155897461978127,4.0,10.1,2.1,20.5,1.4,18.0,2.0,39677.67692307692,1252811.5846153847,False,35.0,30.420694444444443,16.977175925925923,619.0,2.3333333333333335,36.666666666666664,0.21809369951534732,2.0,18.0,4.0,1.0,0.0,0.3199999999999574,0.610000000000036,-0.39999999999990654,-0.8899999999999163,-3.1399999999996013,-0.6899999999999754,10902.599999999371,16718.59999999848,0.05000000000002588,1.5999999999997845,-0.9099999999997364,-1.139999999999923,230.39999999998764,-71.8999999999938,-0.6100000000000705,2.9799999999999813,-0.3799999999999864,0.009999999999813821,-0.00999999999981635,0.48999999999993865,2.639999999999041,-2.899999999999751,-1.4799999999998907,-1.4800000000000282,1.1599999999999853,0.08524343584044772,12.800614848567008,5,28.091296296296306,0.01629032258064516,7.897253634894992,1.2799999999998295
12086004208,0.0737095071694384,Low,26.5625,0.1700296297539961,0.4335097787137661,0.1222547990406193,0.5216626081924923,0.1599777851844418,0.1980047711993059,0.6577243524945526,0.217804460467373,0.6301793764980377,11.8,27.0,8.2,51.4,6.1,4.0,3.0,88299.42857142857,1193130.9047619049,False,120.0,120.0,0.0,0.0,0.0,0.0,0.0,0.0,0.0,0.0,0.0,0.0,0.8699999999997017,1.3999999999998853,1.3699999999996448,-0.17000000000003082,3.019999999999359,-0.11999999999992424,3926.0000000001132,8868.799999999623,0.21000000000013835,-0.8499999999996806,4.129999999999577,0.010000000000106571,57.49999999999365,-790.1999999999874,2.4699999999999607,-2.269999999999783,3.2199999999996454,2.260000000000468,-2.2600000000004665,0.35999999999967003,4.569999999998344,-2.3199999999998866,-0.9699999999999224,-1.0699999999998855,1.8999999999999335,0.10272394574366678,26.99051207024044,0,283.20000000000005,27.0,27.0,10.265999999996481
12086004204,0.1032340947152348,Moderate,55.46875,0.2485522503154269,0.415341621667979,0.2157915085181968,0.4686590653229922,0.179289975261511,0.162003903708523,0.6430802839364737,0.281312992112657,0.6236748801103955,23.7,45.5,11.8,58.8,6.0,8.0,3.0,80921.14814814815,1208338.259259259,False,29.38166666666666,20.396335227272726,18.38263888888889,481.0,3.0,26.0,0.6860706860706861,3.0,8.0,6.0,1.0,0.0,1.710000000000049,-0.20999999999996788,1.1699999999998258,-1.559999999999921,2.6799999999998168,0.8299999999998909,-1407.1999999999616,4243.599999999595,-0.5999999999999598,1.6599999999999748,1.9299999999997812,1.2299999999999618,79.59999999999324,-84.99999999999804,1.1299999999998471,0.2200000000000774,0.2199999999999386,-1.2299999999999562,1.2299999999999536,-1.4599999999997375,4.3599999999981325,-0.5000000000000389,0.49999999999994277,-0.6399999999998088,0.6499999999999253,0.07179555209832687,19.994147449393886,5,133.13145833333326,0.09439834024896265,14.283783783783782,40.52700000000116
12086004205,0.0861755977601903,Low,38.4765625,0.2140883055988187,0.4025236106154965,0.2155511629505685,0.4107635414972491,0.1911780538310975,0.162003903708523,0.5944960352224992,0.212625448247069,0.6541765188181138,14.9,51.0,8.3,48.6,4.6,4.0,6.0,70593.84615384616,1121003.4615384615,False,9.768928571428571,16.870720211161384,18.020625000000003,592.0,3.5,32.0,0.8302364864864865,6.0,4.0,9.0,1.0,0.0,-0.7999999999996603,2.359999999999793,0.5100000000000847,0.8200000000000002,-0.47000000000001646,0.39999999999997626,1342.9000000001797,5614.399999999428,-2.6799999999997817,-2.9799999999997016,3.4199999999997286,-1.3399999999998933,90.79999999999322,-122.09999999999712,-1.299999999999836,-2.1799999999997985,-1.5499999999997838,-1.6799999999998851,1.679999999999886,1.3900000000000707,5.379999999997869,-1.7199999999997881,-0.15999999999996176,-1.4399999999999793,0.28999999999998516,0.09283351886766922,18.364572036755053,4,89.09268749999997,0.08600337268128161,8.657939189189188,0.0
12086004206,0.1042302380580018,Moderate,56.0546875,0.2654882183488891,0.3925983559881688,0.1810159179836746,0.4238160372683121,0.2080085771177826,0.1348267782497948,0.5296150908641643,0.3499605187141036,0.6667252964407903,38.2,16.1,31.3,57.7,1.1,20.0,7.0,67183.4705882353,1163917.7647058824,False,15.494839065255732,16.965781202575776,18.604902777777777,3287.0,17.5,176.66666666666666,0.8218740492850624,7.0,20.0,17.0,1.0,0.0,4.419999999999969,-3.4599999999999738,4.529999999999621,-2.109999999999801,0.07000000000034667,-1.6999999999999946,5753.099999999475,2243.0999999996993,-0.6800000000000244,6.899999999999748,-0.5300000000001978,-0.9399999999999856,209.79999999998512,126.40000000000558,-1.4299999999999964,2.520000000000018,-3.9899999999998887,-2.7199999999997564,2.7199999999997524,-1.2200000000000084,5.009999999998104,-2.829999999999804,-0.09999999999997865,-7.239999999999723,0.2899999999999419,0.0776094352419356,18.09191582307133,4,206.0927138888889,0.004896593673965937,2.8678278065104963,168.84399999999883
12086004301,0.047788002405345,Low,9.5703125,0.1410325190805004,0.338843854714585,0.0759346284479467,0.0597680642283675,0.1252673393749052,0.2307328325545631,0.6733942370330436,0.2061304097130541,0.6050568003820455,10.2,14.9,3.9,61.2,2.3,2.0,2.0,108833.18181818182,1228836.0,False,19.999999999999996,15.545454545454545,19.4925,148.0,2.0,8.0,0.4391891891891892,2.0,2.0,2.0,1.0,0.0,0.4300000000000176,-1.3600000000000196,0.0200000000000418,2.13999999999983,6.569999999999654,-0.13000000000001682,796.6999999998083,749.3999999996964,-1.1899999999998772,-0.5000000000000137,4.20999999999973,-0.2699999999999357,45.20000000000103,68.600000000006,-0.2600000000000639,0.6500000000000343,-0.3900000000000435,1.0299999999998979,-1.0299999999999012,1.8299999999998549,7.089999999998151,1.309999999999814,-0.7199999999999309,-3.169999999999946,-0.43999999999994605,0.06620468985188349,19.14753787878788,3,45.9765,0.1,8.356081081081081,4.3860000000001795
12086004303,0.0960544582988643,Moderate,48.6328125,0.2449890036599966,0.3920766110472931,0.2196298685749722,0.3993570219397644,0.1557815518451041,0.1446241745750416,0.6313083625356606,0.270348138745021,0.6293119443408945,22.4,47.4,15.4,63.0,0.7,5.0,3.0,82224.72413793103,1087184.6206896552,False,9.523511904761905,20.376777777777775,17.48788888888889,485.0,2.6666666666666665,25.333333333333332,0.8350515463917526,3.0,5.0,6.0,1.0,0.0,1.0400000000001348,-0.3999999999999813,-2.549999999999632,0.5799999999998745,0.36000000000023596,-0.11999999999998659,3208.5999999995665,1095.699999999731,-0.43999999999991574,0.8099999999998604,1.0899999999998862,0.3800000000000504,75.79999999999166,-37.1999999999924,-1.3299999999998806,0.36000000000003,-0.20999999999987767,-0.4800000000000331,0.4800000000000339,1.3599999999995633,8.219999999997798,3.0200000000000102,-0.02000000000005487,1.2799999999999478,-0.9099999999999869,0.09696161256979703,50.86337138351845,3,145.87128888888887,0.09753086419753088,7.818556701030926,23.29600000000302
12086004304,0.067815284398576,Low,21.875,0.1660677135057901,0.4083592347179007,0.1518784401120169,0.4241931739029488,0.1499500596183678,0.1806710201852253,0.6632511596693398,0.1802569868995633,0.6237307602136217,16.3,32.4,8.1,43.7,0.0,5.0,2.0,91526.96296296296,1174210.6666666667,False,25.03333333333334,15.719393939393939,18.577777777777776,366.0,2.3333333333333335,20.0,0.44398907103825136,2.0,5.0,4.0,1.0,0.0,1.4099999999998256,2.159999999999836,-0.4100000000000106,3.6699999999997712,-0.5200000000000682,-1.549999999999889,5172.199999999675,6189.899999999641,-0.009999999999946444,-1.8999999999997697,2.409999999999747,0.7999999999999238,91.49999999999086,-43.59999999999509,0.14999999999996966,-0.5599999999999662,-0.30999999999998185,2.039999999999927,-2.039999999999925,-2.3599999999997343,5.769999999998323,-0.12999999999981382,0.7199999999999581,-4.80999999999997,0.07000000000001953,0.08717402719165276,33.36705448001903,8,88.38222222222225,0.088283378746594,18.014754098360655,22.98299999999716
12086004403,0.0754779863061192,Low,28.7109375,0.1964905656749896,0.3841303323996003,0.1489330027603354,0.3898260703618394,0.1343462988577936,0.162003903708523,0.6253424534447515,0.2440481285896437,0.609132935625094,16.7,32.2,7.3,57.0,6.1,8.0,3.0,102547.78125,1213556.875,False,9.472519841269841,17.804411780284973,17.689722222222223,908.0,4.833333333333333,48.0,0.8281938325991189,3.0,8.0,6.0,1.0,0.0,-1.0200000000000577,-2.9399999999998303,-2.4199999999999195,0.029999999999983786,3.4899999999998523,0.8399999999999226,1705.699999999871,3005.39999999975,-2.3999999999998316,1.879999999999941,1.5399999999998446,-0.9599999999999946,83.89999999999455,-271.39999999998423,0.36999999999997846,-0.2599999999999769,0.7899999999999996,-0.7899999999999529,0.7899999999999553,-2.0399999999998624,5.369999999998075,-4.659999999999794,-0.07999999999997968,1.659999999999894,0.499999999999985,0.09308028904340246,39.32414037302853,5,105.38163888888887,0.03542354235423543,5.532158590308371,0.0
12086004404,0.1368939555506248,High,78.515625,0.2879337841098788,0.4754355449250947,0.2665144996032585,0.6116038094294114,0.1508938045301578,0.162003903708523,0.81962513901615,0.3093530686164991,0.6330510679412317,35.0,49.2,31.6,33.6,6.6,0.0,0.0,89948.5,1159609.0,False,120.0,120.0,0.0,0.0,0.0,0.0,0.0,0.0,0.0,0.0,0.0,0.0,0.8699999999999225,1.9299999999999704,-0.44999999999986934,2.289999999999841,-1.3299999999999217,0.20999999999996277,1594.4000000001574,3806.299999999856,-0.9500000000000185,-4.21999999999965,8.02999999999942,-0.11999999999995233,35.39999999999533,4.70000000000248,1.4199999999999529,0.23000000000009635,1.6499999999998578,1.2199999999999493,-1.2199999999999551,-0.6300000000001211,6.469999999997995,-1.7999999999999368,1.0899999999999186,-2.4400000000001842,-0.14999999999998367,0.0802742766912956,20.159818719693355,5,840.0,49.2,49.2,30.44999999999729
12086004405,0.098668550814893,Moderate,50.9765625,0.2663715944793713,0.3704169395679845,0.2063518622151208,0.3641655928899462,0.1183197978108863,0.162003903708523,0.6213685221376103,0.3263913267436218,0.5862268812929569,20.7,49.7,32.3,65.7,2.3,8.0,4.0,117003.80769230767,1274444.1923076925,False,17.549999999999994,14.002797824738613,18.227395833333333,818.0,3.8333333333333335,42.333333333333336,0.6858190709046454,4.0,8.0,5.0,1.0,0.0,-1.099999999999912,0.13000000000003784,0.28000000000000624,1.1599999999999375,-0.09999999999976866,-0.4399999999999276,3462.2999999997387,8953.19999999907,-2.979999999999881,-1.88999999999979,2.2099999999996998,-0.9700000000000083,85.09999999999087,-73.39999999998875,1.5099999999999092,-1.8899999999999708,2.2399999999998057,1.209999999999944,-1.2099999999999445,0.5199999999999698,7.189999999998336,-0.30999999999989336,-1.3999999999999138,2.2499999999998748,-0.609999999999963,0.07916721358634589,21.567640627098356,3,119.49290625000002,0.06068376068376069,15.614792176039122,0.0
12086004406,0.064594095305191,Low,17.7734375,0.1629840975070081,0.3963214589227857,0.0986749951674753,0.444850939002429,0.1069173498603539,0.1844044434805657,0.6683878069052273,0.2272931998465409,0.5770467553653527,9.5,24.7,14.9,46.3,8.2,4.0,2.0,124612.66666666669,1279560.0,False,24.99888888888889,22.57568181818182,18.198125,216.0,2.5,12.0,0.30092592592592593,2.0,4.0,3.0,1.0,0.0,0.149999999999977,-0.8999999999998989,0.2900000000000609,-2.6399999999998296,0.7599999999999536,-0.08999999999993867,-473.3999999999909,6633.39999999941,-0.4499999999998926,-0.23999999999987748,3.1299999999997423,0.1400000000000631,131.29999999998788,-82.39999999999777,0.42999999999999095,0.4399999999999236,0.7900000000000172,0.2200000000001063,-0.22000000000011058,-0.15999999999998962,4.639999999998653,-2.1399999999997306,-0.33000000000003094,1.9499999999995992,-0.309999999999918,0.08734555643721424,34.56581439545006,6,55.11781249999999,0.11382488479262673,17.26712962962963,1.4249999999997816
12086004500,0.0974295591477275,Moderate,49.609375,0.179945317493242,0.5414398135221642,0.1342889424236052,0.5011456857497684,0.164520007955073,0.5711248731562475,0.6515734859716513,0.2256016925628787,0.8188350147780807,15.2,17.6,21.8,42.0,3.0,9.0,2.0,46276.38888888889,640171.6851851852,False,16.86666666666667,24.32282828282828,17.17108024691358,427.0,2.3333333333333335,25.0,0.9578454332552693,2.0,9.0,4.0,1.0,0.0,0.17999999999982427,-1.4100000000000215,0.7899999999998044,-1.15,5.14999999999934,0.5299999999999762,1394.700000000275,15289.79999999819,-2.7399999999998133,1.919999999999773,1.9599999999999071,-0.139999999999916,162.99999999999525,-5.100000000006016,-0.7100000000000017,0.06000000000003191,0.29999999999985033,-0.879999999999936,0.8799999999999364,0.8599999999999894,5.519999999998572,-0.6999999999999288,0.3699999999999571,-2.0500000000001033,0.46999999999996955,0.093908646994207,43.595722855801355,4,103.79958024691359,0.041121495327102804,0.7419203747072608,2.735999999997329
12086004602,0.0620213913747907,Low,16.6015625,0.106070665556221,0.5847176601519232,0.0297198242801299,0.1903885208875055,0.5628696179731782,0.5225519174551654,0.6733577762427836,0.1824215068323121,0.9744204682009832,5.3,0.8,1.9,60.4,2.0,7.0,1.0,7489.561797752809,813808.1910112359,False,120.0,10.31562358276644,16.586626984126983,406.0,1.1666666666666667,36.666666666666664,0.5,1.0,7.0,1.0,1.0,0.0,0.4405866887731924,-0.07977435047184873,0.5699999999999366,0.6231816583467917,2.2422978992831326,0.4300902598112211,20069.134853152755,7361.630829903831,0.04038360419800533,-5.032218817182597,4.041827761177733,-0.1644715865605415,325.8961660532895,232.27100717857795,-1.020342200195466,1.0964761414574218,-0.2174050304263786,-0.6419931676543986,0.6645581204681832,-0.16905227198182857,5.071192216594161,-0.733369629776225,0.3399999999999606,-13.118743814448631,-0.09984204533029752,0.06770228969263042,10.380039682539683,4,39.29087698412699,0.0019656019656019656,0.4,2.3351094504979195
12086004605,0.0797599103420708,Low,31.4453125,0.1446500187349087,0.5513992396243099,0.0679367288479022,0.1739138686962628,0.4941291765633883,0.4420106508590568,0.6833009580609655,0.2213633086219153,0.9636415439418756,8.5,5.6,0.9,66.2,5.4,2.0,1.0,12432.333333333334,946568.6666666666,False,120.0,10.395833333333336,16.5875,116.0,0.3333333333333333,10.0,0.5,1.0,2.0,1.0,1.0,0.0,1.2099999999998163,0.7799999999999883,0.21999999999996384,1.2799999999998848,6.8699999999998145,0.09000000000001171,2026.800000000041,5786.799999999441,0.23999999999994537,-5.8999999999995465,5.409999999999642,-2.089999999999817,212.69999999997853,8.700000000001017,1.0399999999998004,-0.33999999999991876,0.9499999999998704,1.1300000000000288,-1.130000000000028,-0.3399999999999561,6.499999999998212,0.5199999999998866,0.4899999999999875,-12.109999999999102,0.10999999999999058,0.05780977590856175,10.344835600907029,3,63.00625000000001,0.04786324786324787,2.8,10.284999999998439
12086004607,0.0535981604423328,Low,12.3046875,0.0961972004291203,0.5571696494621468,0.0463063435819129,0.1739138686962628,0.5141532459514443,0.4592418352990897,0.673823806074084,0.1460880572763278,0.9647154912898528,9.6,0.0,0.8,38.6,3.6,5.0,1.0,10465.615384615385,883812.6153846154,False,120.0,10.37404761904762,16.585166666666666,348.0,1.0,30.0,0.5,1.0,5.0,2.0,1.0,0.0,1.0509858363729994,-1.188934526943431,0.2499999999999698,2.19845823798083,1.5652333464768224,-2.1962365430492,6756.850202176477,516.0521065736218,-0.3699363850795421,-6.2090940797401135,6.4021731986825365,-0.13960303589005488,346.3954634686718,259.20641342492206,-0.5378387017994568,1.228846799228224,-0.6650173343005188,-1.5806543757084384,1.582735601880309,0.029466261837454398,10.540806415574899,1.3785975198331182,0.0,-11.087333633057284,-0.00018306994553706128,0.07051003333678307,10.360565003779291,3,71.1824,0.0,0.0,10.089464029180794
12086004608,0.0697487982934877,Low,22.65625,0.1236633336856616,0.5640216563365616,0.0724749093626798,0.1739138686962628,0.5285386408793749,0.4700113255741101,0.6813123216973291,0.1748517580086433,0.9663321248357312,7.4,7.6,5.3,49.9,2.6,3.0,1.0,9561.166666666666,869824.5,False,120.0,10.370238095238093,16.584722222222226,174.0,0.5,15.0,0.5,1.0,3.0,1.0,1.0,0.0,0.3199999999999019,0.6599999999999009,0.6899999999999465,0.03999999999999323,4.23999999999991,-0.13999999999999535,-5152.899999999785,1431.5999999998562,-0.5199999999999959,-3.899999999999648,4.209999999999708,-0.7399999999999018,137.29999999999805,5.999999999996981,1.529999999999909,0.13999999999999363,-0.0900000000000068,-1.0599999999997967,1.059999999999793,-0.6599999999999315,4.599999999998595,4.069999999999791,0.0,-15.269999999999017,0.0,0.05780977590856175,10.344835600907029,2,54.87305555555553,0.04342857142857143,3.8,2.3679999999992742
12086004701,0.1305563249266512,High,73.828125,0.1744119335048982,0.7485515601086129,0.1103284081559999,0.9262563187630092,0.6723924676269949,0.5044243685445193,0.6844603325695802,0.2384954588537964,0.9552243130389608,12.2,10.9,7.6,67.5,2.4,3.0,1.0,7093.687022900764,1358456.4122137404,False,120.0,51.77777777777778,11.255555555555555,36.0,0.0,2.6666666666666665,0.0,1.0,3.0,1.0,0.0,0.0,1.7101268084582584,2.050103216186799,-0.139772924388581,0.0,10.420760850749112,0.27003538840695773,4173.987270703165,4327.858411751317,-0.429941019321715,-3.787490372138899,2.830138604593842,-0.9291152898256474,37.03827846019886,38.34063942736197,0.2213182181595502,-0.5194131422510098,1.6705662145114846,-1.7376968045130534,1.7406458384270518,1.0001504007296576,4.001229747140821,2.372079068909177,-0.2499734586947505,-10.98717777454373,-0.13997935676260215,0.13301985646454645,28.355820035337036,9,155.48222222222222,0.29459459459459464,10.9,20.86354706319075
12086004705,0.0683036302055872,Low,22.265625,0.1345761542282065,0.5075463078678993,0.0374948137879861,0.1029081177520071,0.4973779375686716,0.3826871874797064,0.6289604252308107,0.2316574946684269,0.9257978713083008,5.6,2.5,23.8,58.1,0.9,14.0,4.0,18474.381355932204,1430440.0169491526,False,120.0,120.0,0.0,0.0,0.0,0.0,0.0,0.0,0.0,0.0,0.0,0.0,-1.5351067556211224,-0.7584637488577931,0.3266001900925965,1.252674214951117,-0.05315813562609374,-0.6485775452386744,9022.894668397224,7203.714344690693,-0.09045518552356947,-4.140113796380845,3.920682778285412,0.7953912465733327,35.09985918479948,-526.2096841346197,0.009089628952691192,-0.37085347285668735,-0.39182074209441664,4.2321908663881045,-4.232190866388109,-2.274879162859226,4.0791606086611045,-0.5964723121919592,0.09017069457131904,-12.210739676475077,-0.37937411990502634,0.10272394574366678,26.99051207024044,0,134.39999999999998,2.5,2.5,0.0
12086004703,0.0820495646568658,Low,33.984375,0.1486536039383313,0.5519513989778809,0.0889376717517289,0.4158506149204664,0.4812051852365235,0.3529175949475233,0.5881496956218972,0.2083695361249337,0.9216339041629938,13.6,5.7,21.6,42.0,0.7,16.0,7.0,20573.227272727272,1465077.1363636365,False,36.55335097001764,33.61866883116883,16.35074652777778,723.0,5.666666666666667,35.666666666666664,0.6016597510373444,7.0,16.0,9.0,0.8727524204702628,0.0,-0.16999999999999854,-0.40999999999992437,0.0799999999999759,-1.3699999999998518,-2.2799999999997413,-0.6199999999999545,8808.299999999355,4367.599999999619,-0.5199999999999688,-2.889999999999892,1.4999999999999074,0.33999999999995045,62.59999999999474,-112.59999999999793,-1.1399999999999317,0.5499999999999687,-0.2200000000000043,2.5799999999998797,-2.57999999999988,-1.4199999999999309,2.3799999999984736,-1.2399999999999112,-0.18999999999997766,-9.719999999999542,0.02000000000000009,0.12911734847390166,40.23805965819872,5,104.02984722222219,0.00787292817679558,2.2705394190871373,0.0
12086004901,0.1250416296023833,High,70.1171875,0.2164251875418344,0.5777591371069654,0.1343573450576033,0.5448122330725571,0.4442265564680513,0.3580086267138967,0.6183300901902644,0.2984930300260655,0.9234181790900572,18.7,10.4,28.3,58.0,3.9,11.0,5.0,24042.13888888889,1413958.7777777778,False,13.5,24.99832664884136,16.83159090909091,732.0,4.0,41.0,0.6113387978142076,5.0,11.0,9.0,0.5724043715846995,0.0,-2.1499999999998516,-0.809999999999982,-3.759999999999666,-0.32999999999999063,0.2699999999999448,0.1200000000000112,6904.499999999675,2841.0999999998585,0.1399999999999476,-4.77999999999965,1.7499999999998932,-0.5999999999999608,101.2999999999937,-82.1999999999881,1.2699999999999438,-2.289999999999773,0.3400000000001002,3.7900000000000342,-3.7900000000000253,-1.8099999999999423,8.29999999999756,0.5299999999999325,-1.6499999999998398,-14.439999999999248,0.11999999999998702,0.07431313358145653,19.773981708642836,6,134.04925,0.014188267394270123,4.0420765027322405,0.0
12086004904,0.0717973726235871,Low,24.609375,0.1796479052085772,0.3996560524333861,0.0993693364769809,0.0596676871667927,0.2901410494153791,0.2611538338470727,0.5487578902441763,0.2599264739401735,0.8385598014935098,13.1,10.6,24.9,59.0,1.0,28.0,7.0,50081.62295081967,1327081.4098360655,False,120.0,120.0,0.0,0.0,0.0,0.0,0.0,0.0,0.0,0.0,0.0,0.0,-4.799999999999794,-1.0000000000000473,-2.5200000000001723,1.4000000000000032,-3.699999999999513,-0.9900000000000032,4716.699999999914,828.8999999999337,-0.2899999999999309,-1.5299999999998213,0.039999999999925547,-0.16000000000006862,-15.699999999995352,-903.9999999999919,0.8099999999998586,-0.7699999999998351,0.6800000000000432,0.9400000000001668,-0.9400000000001701,-0.42000000000009174,7.139999999997767,0.38999999999982343,-0.8799999999998374,-17.789999999998805,0.0,0.10272394574366678,26.99051207024044,0,314.4,10.6,10.6,0.0
12086005004,0.0953767499820552,Moderate,47.0703125,0.1713661787347803,0.5565669415414094,0.1010669038062904,0.3791664442868725,0.4423558241756408,0.372441964195883,0.6487132303389717,0.2416654536632702,0.9401572447096788,18.5,3.0,40.1,21.8,4.3,5.0,3.0,23586.154639175256,1373779.649484536,False,120.0,120.0,0.0,0.0,0.0,0.0,0.0,0.0,0.0,0.0,0.0,0.0,0.7999999999997885,-2.319999999999874,0.48999999999977384,-1.919999999999998,-8.05999999999983,0.569999999999871,4578.199999999692,6820.499999999709,-0.35999999999990934,-4.279999999999758,3.259999999999737,0.09000000000003237,-6.900000000005796,-788.9000000000027,0.34000000000004016,-0.7099999999999963,1.1100000000000054,2.800000000000109,-2.8000000000001157,-3.7099999999999134,6.349999999997927,-0.1499999999999407,-0.45999999999999297,-12.289999999999484,0.0,0.10272394574366678,26.99051207024044,0,444.0,3.0,3.0,14.799999999996087
12086005002,0.094760197944932,Moderate,46.875,0.1801426517166709,0.5260286614075784,0.1094184139125628,0.4100505501040737,0.3615912573601238,0.3204622674368933,0.6224039692701664,0.250866889520779,0.9156352628666348,11.9,12.0,28.9,41.7,6.2,12.0,4.0,34911.795454545456,1338895.318181818,False,51.87166666666667,15.415986467236467,18.49650462962963,818.0,3.3333333333333335,45.666666666666664,0.6772616136919315,4.0,12.0,7.0,0.8092909535452323,0.0,-2.829999999999789,-0.09999999999994728,-2.14999999999989,0.0899999999999146,-7.539999999999398,0.3599999999999606,7966.399999999427,3826.4999999996976,0.25999999999992107,-0.5999999999998927,1.8599999999998569,-0.5799999999999552,119.49999999999288,-274.8999999999711,1.549999999999859,-2.1499999999998423,-0.04000000000012511,3.3999999999998036,-3.3999999999998027,0.36000000000005505,7.389999999997747,0.08000000000002036,-0.609999999999921,-15.669999999999053,0.0,0.1125662409922589,17.279100727866904,8,65.4915949074074,0.014652014652014652,3.872860635696822,0.0
12086005102,0.1372758397315484,High,78.90625,0.2999549698511414,0.4576548266550616,0.2600150760664322,0.3815982636425576,0.2066457548608965,0.2677305892705349,0.6260512276209088,0.3398948636358507,0.8062482978804099,36.5,28.0,48.1,38.2,0.7,16.0,3.0,79258.18965517242,1363457.551724138,False,35.329166666666666,21.653513257575753,18.221371527777777,710.0,3.5,48.666666666666664,0.7359154929577465,3.0,16.0,5.0,1.0,0.0,-0.6699999999998908,-2.7699999999997784,0.18999999999984862,-1.6899999999998407,1.849999999999682,-0.8499999999999085,4746.499999999624,4722.899999999888,-0.8899999999998764,-3.819999999999816,3.6799999999997555,-1.159999999999879,212.74285714285634,341.299999999975,-1.4599999999998499,-0.20999999999999075,-1.579999999999826,1.0299999999999854,-1.0299999999999874,0.2800000000000294,1.849999999998559,2.0099999999997875,-0.9299999999998916,-12.399999999999135,0.0,0.11831905193241925,20.110364903882807,6,210.91993923611116,0.03938115330520394,7.394366197183098,0.0
12086005103,0.1182680443708317,Moderate,65.4296875,0.2274010599314014,0.5200857217046784,0.1624162843573472,0.499051544700442,0.2757048875216372,0.3034809970056348,0.6605663285935709,0.2923858355054557,0.8616248507021071,17.1,20.6,37.8,50.0,2.5,6.0,2.0,54665.89473684211,1344300.105263158,False,20.884999999999998,15.516388888888889,18.52398148148148,336.0,2.6666666666666665,22.666666666666668,0.7053571428571429,2.0,6.0,4.0,1.0,0.0,-4.299999999999465,-0.059999999999842936,-3.239999999999771,0.41999999999989307,-1.1699999999997963,-0.6599999999999723,2902.0999999995583,2053.3999999997836,-0.8199999999998865,-0.22999999999983814,1.329999999999971,-0.8199999999999003,101.19999999999705,-112.99999999999262,0.7799999999999092,-1.469999999999815,0.34999999999985987,-0.1600000000000854,0.16000000000008302,1.6600000000001833,8.149999999997688,-0.6899999999999318,-1.2999999999999206,-12.579999999999002,-0.09999999999998661,0.11978620917826169,18.860577045639545,6,93.63991666666668,0.061127596439169145,6.069642857142856,0.0
12086005104,0.1568474002838127,High,89.2578125,0.28211454747183,0.5559706214706082,0.2021879972602145,0.4509013663288816,0.4024597851389898,0.3342080532061013,0.6648160253386346,0.3620410976834456,0.9274678773404336,31.3,12.3,32.8,63.8,3.7,4.0,2.0,29532.55,1399299.8,False,23.000833333333336,22.176439393939397,18.97972222222222,222.0,2.6666666666666665,12.0,0.8108108108108109,2.0,4.0,3.0,1.0,0.0,-2.5799999999998153,-0.769999999999896,-1.2999999999999423,0.36999999999992034,0.4699999999999228,-0.18999999999995018,1900.4999999998684,736.6999999999864,0.20999999999989669,-1.4399999999998019,0.3000000000000015,0.219999999999919,101.9999999999941,-85.50000000000672,0.6399999999999818,0.5399999999999993,-0.1800000000000457,-0.219999999999927,0.2199999999999282,-1.0600000000001528,6.779999999997555,0.6099999999998588,-0.9499999999998643,-13.439999999999324,0.0,0.11676802734910403,17.52862953790037,5,157.13469444444448,0.05515695067264574,2.3270270270270266,0.0
12086005201,0.103388165047188,Moderate,55.6640625,0.2433588642203472,0.4248382954054885,0.1661039944213089,0.5219712698575598,0.1067295506499542,0.2432058603821778,0.5687292635397714,0.3206137340193855,0.6835555325979791,18.3,30.3,42.5,54.1,2.8,15.0,8.0,133265.86666666667,1367084.6,False,33.339999999999996,21.738927076612036,18.34272222222222,1244.0,6.833333333333333,74.33333333333333,0.7053858520900321,8.0,15.0,9.0,0.747588424437299,0.0,-4.149999999999635,1.1699999999998496,-5.599999999999459,-1.5899999999997638,-1.5699999999999705,-1.709999999999756,3925.9999999997194,2689.7999999998183,-2.649999999999883,-1.4699999999999247,0.4500000000000162,-0.3500000000000097,131.9999999999925,-296.29999999997966,3.3399999999997307,-1.0699999999999055,0.7499999999999145,-0.2900000000000711,0.29000000000007,1.4399999999998017,10.259999999997481,0.3600000000000003,-1.1099999999999473,-17.32999999999867,0.0,0.12303471238969807,19.818719573149956,6,103.52818333333336,0.024337349397590365,8.926808681672027,0.0
12086005202,0.0936250385282957,Moderate,45.5078125,0.2400373555724544,0.3900436176069911,0.1384783732867907,0.4909020560386058,0.0615325988516253,0.1860044820357116,0.6070698974549048,0.3415963378581181,0.604709053654108,18.0,27.8,44.6,58.7,3.7,11.0,5.0,171747.7142857143,1394458.75,False,26.891666666666662,17.75523037865284,18.50643939393939,793.0,3.5,51.666666666666664,0.7332912988650694,5.0,11.0,8.0,0.8360655737704918,0.0,-2.579999999999673,-1.7399999999998477,1.2000000000000384,0.34999999999982556,-1.4399999999996553,-1.0499999999999456,3404.6999999996788,1102.7999999998835,-2.979999999999978,0.27000000000000973,0.7599999999999626,-0.8800000000000607,85.19999999999277,71.59999999999496,2.729999999999854,0.05999999999997956,0.9099999999998857,0.3799999999999624,-0.3799999999999716,-1.0800000000000327,7.039999999997787,-0.5599999999999233,-0.9800000000000065,-13.799999999999105,0.0,0.1086385562855524,19.266633250275348,7,98.88409090909096,0.03501259445843829,7.414501891551072,0.0
12086005305,0.1352345577869119,High,77.1484375,0.3312885000620567,0.4082078241821854,0.2326914258375285,0.5249722723237639,0.0605245708702736,0.2188288023949549,0.6283698783610755,0.4298855742865848,0.608343596960859,43.0,33.5,47.0,52.3,8.1,9.0,4.0,165784.73529411765,1339041.7352941176,False,120.0,120.0,0.0,0.0,0.0,0.0,0.0,0.0,0.0,0.0,0.0,0.0,2.209999999999844,0.43000000000001626,-2.6499999999999413,-1.1500000000000412,-0.06999999999999795,0.7099999999999712,2295.699999999996,1816.0999999999271,-0.38999999999969287,1.319999999999786,0.17999999999999536,-0.6799999999998899,102.29999999999181,-850.7999999999868,0.3399999999999991,-0.4800000000000467,-0.5200000000001024,0.0899999999999145,-0.08999999999991394,-1.2399999999999534,9.739999999997563,-1.3499999999998018,-0.8399999999999936,-15.969999999999228,1.3399999999998609,0.10272394574366678,26.99051207024044,0,1032.0,33.5,33.5,95.0299999999933
12086005303,0.1000661019441495,Moderate,52.734375,0.2427743891764884,0.4121773399722365,0.1633922275704485,0.5659877093864606,0.0552298720538645,0.2023248752981999,0.619604252308107,0.3221565507825282,0.6177399908145503,24.0,28.9,38.1,50.2,4.0,8.0,5.0,166111.2,1305421.64,False,27.021875,15.689296148713112,18.82204861111111,812.0,5.0,49.666666666666664,0.6921182266009852,5.0,8.0,5.0,1.0,0.0,-3.819999999999708,0.8699999999998377,-1.9699999999998512,-1.4999999999999865,-3.8599999999995505,-1.3599999999998384,2940.6999999996124,2469.1999999998197,-1.6799999999999402,-2.349999999999607,-0.44999999999999774,-0.28000000000001135,102.99999999999237,-174.19999999999388,0.6699999999998604,-2.149999999999797,-1.1399999999998942,0.6799999999999295,-0.6799999999999308,3.1899999999996123,8.199999999997454,-0.41000000000001585,-0.16999999999999812,-17.469999999998713,0.0,0.12922538696020267,21.40558710914668,7,124.27083333333334,0.03554735547355473,8.897783251231527,0.0
12086005304,0.1230920639752199,Moderate,69.3359375,0.2715760164936312,0.4532508634764021,0.1915717315982325,0.5863159345241982,0.1080340362987728,0.2460059278536832,0.6380286463598175,0.3515803013890299,0.6878697723455387,25.2,30.5,32.0,58.3,8.3,6.0,4.0,126391.6,1305347.0,False,40.15833333333333,19.430844155844156,18.657037037037036,356.0,2.3333333333333335,24.333333333333332,0.7247191011235955,4.0,6.0,5.0,1.0,0.0,-1.059999999999851,-1.4899999999998015,-4.189999999999783,-1.449999999999916,-0.4599999999998633,0.23999999999999805,2770.599999999851,2103.4999999998463,-3.3999999999996295,4.219999999999617,-0.28999999999996934,0.6999999999999167,58.19999999999618,-178.69999999999771,0.05999999999994717,0.3599999999999126,0.23999999999994673,1.1199999999998878,-1.119999999999885,-0.07999999999984667,6.709999999997625,-1.6399999999998383,1.3299999999998777,-17.429999999998923,0.11999999999998551,0.12270308383399191,22.066111638062274,7,134.6426666666667,0.08543417366946779,8.396067415730338,0.0
12086005403,0.1027126270928268,Moderate,54.6875,0.2160774468104799,0.4753509846074559,0.1586232280262497,0.4534174303979138,0.2124734936662152,0.2718527045137325,0.6192530100860345,0.2735316655947102,0.8197582843733836,26.7,12.0,20.9,43.6,5.3,6.0,5.0,72675.76923076923,1288494.5384615385,False,18.793333333333333,11.947550505050506,18.98574074074074,629.0,4.666666666666667,33.0,0.7440381558028617,5.0,6.0,7.0,0.7933227344992051,0.0,-1.229999999999679,1.229999999999959,-6.219999999999514,-2.2199999999999935,-6.599999999999481,-0.6199999999999751,6450.199999999256,1601.7999999998005,-0.430000000000084,-1.5499999999997878,0.3599999999999755,-0.5500000000000103,60.79999999998637,-20.399999999992406,0.5000000000000382,1.1199999999999084,-0.4899999999999442,1.0200000000001588,-1.0200000000001623,-0.18999999999991377,5.5799999999977095,-1.029999999999998,1.6399999999999955,-15.039999999999171,0.0,0.1058770399158858,17.68758262108262,6,133.8807222222222,0.01904761904761905,3.0715421303656596,0.0
12086005405,0.1073349808381885,Moderate,58.3984375,0.2333493772781,0.4599754329332081,0.1454701186490428,0.4321342193515148,0.1891454809304106,0.2703936122829232,0.6154511619156726,0.3212286359071573,0.7927526901855192,23.6,13.1,31.8,57.6,3.8,13.0,4.0,81265.96774193548,1276972.1935483871,False,26.86666666666666,23.1093956043956,18.352286324786323,727.0,4.0,42.0,0.8301237964236589,4.0,13.0,6.0,0.8211829436038515,0.0,-0.9399999999999336,-0.5700000000000408,-7.139999999999378,2.6399999999997914,-4.539999999999489,-0.059999999999988805,4945.099999999645,1512.8999999998562,-1.5999999999999113,1.83999999999985,0.7099999999999551,0.4700000000000223,65.09999999999715,-122.89999999998865,0.46999999999999886,-1.3299999999999268,-0.6099999999998573,1.2299999999998332,-1.22999999999984,-1.179999999999858,6.209999999997824,-1.459999999999933,0.2400000000000388,-11.209999999999162,0.0,0.12426800490821578,18.303595042688794,6,133.28604273504277,0.017994505494505496,2.225378266850069,0.0
12086005406,0.1304506825261988,High,73.4375,0.2969378362459283,0.4393198393826703,0.2500933795205061,0.4283002489960564,0.1407955517695443,0.2670064338899732,0.6205757210728485,0.3437822929713505,0.7399212411849292,27.1,40.5,40.4,55.1,2.8,5.0,5.0,106127.53571428572,1298536.0714285714,False,22.5,20.365808080808083,18.496333333333332,565.0,1.5,29.666666666666668,0.7743362831858407,5.0,5.0,6.0,0.7699115044247787,0.0,2.149999999999564,4.689999999999455,1.0999999999998287,0.4000000000000046,-2.5500000000001792,-0.2199999999999224,3133.0857142857612,11374.399999999867,-0.44999999999988605,-4.789999999999405,2.3599999999997743,-2.7399999999997653,56.59999999999831,-58.39999999998841,-1.5199999999996021,0.5799999999996761,-1.3099999999997511,-1.5299999999996132,1.5299999999996161,0.2799999999999072,6.469999999997829,0.09000000000001407,-0.15999999999998432,-13.089999999999215,0.0,0.12036419735587447,21.1641764174593,5,149.1493666666667,0.0715547703180212,9.139380530973453,58.264999999988184
12086005407,0.103144936509591,Moderate,55.2734375,0.2235607089208414,0.4613732753285942,0.1661275528179304,0.5562880196757335,0.1530444584772191,0.2460059278536832,0.5788416784599142,0.2809938650237523,0.7726862921764209,21.7,21.3,30.2,47.6,2.8,20.0,6.0,93948.2,1224725.711111111,False,18.60238888888889,16.708559523809523,16.877097222222222,1194.0,5.833333333333333,82.0,0.7324120603015075,6.0,20.0,8.0,1.0,0.0,1.9899999999998572,-2.909999999999865,-2.219999999999819,0.9200000000000275,2.319999999999461,-0.24999999999999864,2764.8999999998528,1492.5999999998944,-1.9299999999998587,-2.579999999999949,0.3600000000000016,1.8499999999997951,92.39999999999252,43.09999999999307,-0.030000000000007302,1.219999999999907,-1.5999999999998813,-3.4199999999996247,3.4199999999996207,-0.22000000000002154,5.809999999997905,-0.24999999999998293,-0.8599999999999242,-16.639999999998942,0.0,0.1317810938649033,21.604972499722496,9,154.5669902777778,0.017824267782426777,5.69962311557789,43.1829999999969
12086005409,0.153755899218298,High,87.890625,0.371583797376436,0.4137852627156785,0.2628156996466353,0.4237248751016614,0.089541173196229,0.2420058314658184,0.629238549318238,0.4803518951062366,0.6844158844964462,43.0,33.8,57.4,63.2,7.1,8.0,4.0,134376.85714285713,1261179.9523809524,False,22.77314814814815,23.62975,18.514618055555555,645.0,3.3333333333333335,35.333333333333336,0.7744186046511627,4.0,8.0,4.0,1.0,0.0,2.6499999999998587,-0.14000000000000634,2.5799999999999623,1.3899999999998798,-3.1899999999997575,-1.0499999999999026,9.199999999926893,2109.899999999824,-2.079999999999831,1.7300000000000337,0.6799999999999111,-1.2299999999999025,55.79999999999429,-155.19999999998598,2.4199999999998734,-3.2099999999998965,1.0300000000000205,1.0799999999999463,-1.079999999999946,0.2699999999999654,10.969999999997466,0.10000000000001667,-0.9599999999999835,-14.0699999999989,0.3399999999999678,0.11978820047236446,20.36511336473507,7,235.8714236111111,0.05232198142414861,7.624651162790698,113.94999999999392
12086005410,0.1710404724660156,Critical,93.359375,0.3680235549802819,0.4647541445415896,0.2660428887087443,0.464868861820067,0.1671208744702601,0.2670064338899732,0.6376654143360964,0.4700042212518195,0.7871091381915514,42.9,24.7,46.4,59.2,12.9,6.0,4.0,88625.5,1242625.0,False,30.0,25.512962962962963,18.297962962962963,354.0,1.3333333333333333,22.0,0.7655367231638418,4.0,6.0,5.0,1.0,0.0,4.089999999999768,-0.30000000000029603,-0.7000000000000474,1.159999999999764,0.5700000000000248,1.2599999999999274,817.8999999998995,67.99999999998798,2.2199999999999913,2.6099999999995167,1.1599999999999109,2.7599999999996325,78.19999999999335,-188.8999999999879,-0.5800000000000467,0.7300000000000184,0.8599999999999266,1.1099999999999346,-1.109999999999939,-0.3400000000001026,5.169999999997782,0.04999999999999028,-0.1800000000000025,-17.359999999998696,0.0,0.11503089949755262,19.627083177190773,7,244.61738888888888,0.06957746478873239,5.791242937853108,175.46099999999004
12086005506,0.1009859537775261,Moderate,53.7109375,0.2102182350557243,0.4803862697770102,0.117712195374642,0.4023129904025481,0.2702601920584114,0.2827568134171907,0.5966938051755508,0.3027242747368065,0.8499075478313506,20.1,7.6,34.1,49.2,5.1,15.0,5.0,53666.225,1283057.3875,False,120.0,120.0,0.0,0.0,0.0,0.0,0.0,0.0,0.0,0.0,0.0,0.0,0.8699999999994913,-1.7199999999998101,1.8299999999996763,1.2400000000003855,2.3399999999993697,0.739999999999966,2303.400000000379,1820.199999999777,-1.3299999999998884,0.6999999999999802,-0.5199999999999283,-0.6500000000000297,145.19999999999325,-811.9999999999671,-0.3199999999999863,0.12000000000010222,0.1600000000000045,-4.029999999999281,4.029999999999282,1.4999999999998284,4.529999999997884,-0.05000000000004155,-0.32000000000002465,-15.34999999999913,-0.5599999999999994,0.10272394574366678,26.99051207024044,0,482.40000000000003,7.6,7.6,17.486999999989777
12086005504,0.0956656720588007,Moderate,48.046875,0.2002544451953042,0.4777205917476636,0.1177396425655517,0.5115268977891636,0.2427305916589009,0.2428558519482397,0.5681354735269671,0.2827692478250567,0.8233541438150469,20.7,7.9,32.1,37.1,7.8,21.0,6.0,58112.275,1204900.925,False,120.0,120.0,0.0,0.0,0.0,0.0,0.0,0.0,0.0,0.0,0.0,0.0,-2.769999999999345,-2.0599999999999117,-2.34999999999977,-0.09999999999979724,-7.039999999999599,0.38999999999991564,11315.699999998895,1043.099999999756,-2.419999999999993,3.3900000000000734,1.5099999999999705,-1.4499999999999065,140.29999999999126,-602.9999999999973,-1.3800000000000079,0.4800000000000511,-0.9099999999999273,-0.9599999999998495,0.9599999999998432,-1.5700000000000163,9.579999999997545,-0.029999999999922283,-0.10000000000000694,-19.089999999998902,-0.010000000000014265,0.10272394574366678,26.99051207024044,0,496.79999999999995,7.9,7.9,0.0
12086005600,0.0894018855201741,Moderate,42.1875,0.1960010202129017,0.4561296947488505,0.1040139504265934,0.504929492007118,0.2567047286258503,0.225264687324014,0.5289411067682008,0.2879880899992101,0.7648084590190695,11.0,16.2,26.9,65.6,3.4,30.0,8.0,56742.51851851852,1264716.7037037036,False,13.673302469135805,21.23003999976059,16.644324074074074,2218.0,9.166666666666666,118.33333333333333,0.5491433724075744,8.0,30.0,11.0,0.5378719567177638,0.0,-0.560000000000019,1.5499999999998384,0.030000000000060485,-0.2900000000000722,1.8499999999999819,-0.5299999999999538,151.79999999978284,1397.9999999998454,-0.669999999999976,0.7599999999998968,0.6199999999999418,0.16999999999997423,110.59999999998976,-212.99999999998826,1.4799999999998639,-0.31999999999995216,1.3399999999999217,-2.0599999999998717,2.0599999999998726,0.3300000000000238,7.799999999997714,-1.349999999999948,-0.8499999999999089,-13.939999999999362,-0.04999999999999694,0.0727701805119586,24.98477443116284,9,80.91243518518519,0.007300585849481748,7.303877366997295,0.0
12086005701,0.1031279110290732,Moderate,55.078125,0.2113284591119153,0.4879982159641772,0.1423458206532225,0.4115087584901158,0.3068742050807375,0.2557736050798646,0.5871566059033627,0.280311097570608,0.8786779052668058,20.1,12.3,35.0,43.8,2.9,19.0,6.0,45463.523255813954,1313660.7325581396,False,24.28,14.388926741816528,17.93969298245614,1719.0,4.666666666666667,93.66666666666667,0.6578666666666667,6.0,19.0,8.0,0.7296,0.0,-0.4100000000000031,0.22999999999988993,-2.3999999999997703,0.5499999999997389,-2.939999999999828,-0.8799999999999124,5163.299999999774,2308.4999999998145,1.4099999999998367,-0.9799999999998094,1.7099999999998612,0.22999999999994905,13.20000000000522,-189.7999999999652,1.1199999999997916,-0.2799999999999326,2.019999999999752,-1.8100000000001266,1.8100000000001233,-1.1099999999999257,9.66999999999739,0.07000000000001318,-0.019999999999987122,-14.319999999999292,0.0,0.0682176991879976,32.14916045607766,6,121.81217105263158,0.007151162790697675,4.20824,0.0
12086005706,0.1473516955108604,High,84.375,0.2684615743577762,0.548874437108404,0.2327222420660371,0.3942483326961473,0.422203716416029,0.3510084580351333,0.6624824364849383,0.3042009066495154,0.9144292419097724,27.3,23.6,24.7,54.1,3.8,7.0,2.0,25544.375,1340514.625,False,120.0,120.0,0.0,0.0,0.0,0.0,0.0,0.0,0.0,0.0,0.0,0.0,1.1600000000000494,0.36000000000003923,-1.4600000000001723,2.7599999999997866,-0.8899999999999115,0.3099999999999552,8549.099999999193,3920.7999999997305,-0.4299999999999191,0.3000000000001136,1.7199999999997773,-1.9999999999997553,107.49999999999105,-722.4000000000016,0.7099999999999544,0.25999999999976825,0.540000000000026,3.2799999999996166,-3.279999999999615,-0.4799999999999191,8.379999999997542,0.6199999999998618,0.4099999999999419,-9.459999999999516,0.0,0.10272394574366678,26.99051207024044,0,655.2,23.6,23.6,31.66800000000135
12086005708,0.0848282797071035,Low,36.9140625,0.1914076336511486,0.4431812780346472,0.1321576789787243,0.062856314838546,0.3264869278613708,0.3152707547803942,0.6213416924994946,0.2506575883235729,0.8899507001934303,11.8,17.9,29.8,39.1,7.0,15.0,4.0,40238.15789473684,1286855.649122807,False,120.0,120.0,0.0,0.0,0.0,0.0,0.0,0.0,0.0,0.0,0.0,0.0,-2.6399999999998367,1.499999999999857,-2.9599999999999365,2.6299999999998867,-5.919999999999865,0.599999999999978,4364.599999999928,1443.1999999999332,-0.02000000000009535,-2.8199999999997316,1.18,-0.8600000000000175,56.99999999999693,-870.5999999999391,0.1399999999999446,0.09000000000005028,0.0699999999999043,4.309999999999851,-4.309999999999853,-2.949999999999847,2.999999999997904,0.4899999999999452,-0.40999999999992837,-12.319999999999265,-0.08999999999999038,0.10272394574366678,26.99051207024044,0,283.20000000000005,17.9,17.9,0.0
12086005806,0.058809885954846,Low,15.234375,0.1330293167530497,0.4420821469302012,0.0880090318225635,0.0678467259369142,0.3230889387473257,0.3192842893420143,0.6021394354965518,0.1780496016835359,0.8980513451282,4.4,15.2,25.8,35.5,1.1,18.0,5.0,39347.70212765958,1236447.0425531915,False,120.0,120.0,0.0,0.0,0.0,0.0,0.0,0.0,0.0,0.0,0.0,0.0,-1.6499999999998822,1.08000000000007,-1.3099999999997654,1.99000000000004,-7.009999999999403,-0.34999999999994974,6485.399999999348,2637.4999999998145,-0.14999999999998215,-4.229999999999653,1.329999999999898,-0.4299999999999466,0.999999999995124,-906.0999999999877,-0.5599999999999685,1.2099999999999664,0.27999999999993125,1.1100000000000656,-1.1100000000000656,0.24000000000002517,4.849999999998135,0.38999999999995355,-0.949999999999946,-14.799999999999423,-0.1199999999999807,0.10272394574366678,26.99051207024044,0,105.60000000000001,15.2,15.2,0.0
12086005803,0.0709571625791422,Low,24.0234375,0.1619233963974291,0.4382143912358598,0.0854261316797977,0.0861567344749377,0.3350112369083434,0.3106228695038063,0.5504924804007457,0.2384206611150604,0.908788634891466,12.5,6.3,25.8,42.9,4.5,38.0,6.0,37904.230769230766,1266876.6923076925,False,120.0,120.0,0.0,0.0,0.0,0.0,0.0,0.0,0.0,0.0,0.0,0.0,0.46999999999996606,0.04999999999984557,-1.9899999999999236,-3.5099999999999145,-2.059999999999965,-0.8299999999999806,2703.499999999844,846.4999999999479,-0.6399999999999642,-0.8499999999998181,1.8399999999997565,-0.4599999999999797,73.1999999999955,-1158.3999999999628,-1.7199999999999278,1.2400000000000084,-1.5800000000000687,-3.2899999999999188,3.2899999999999148,-0.030000000000002355,9.179999999997355,0.010000000000033395,-0.3299999999999769,-15.889999999998956,0.0,0.10272394574366678,26.99051207024044,0,300.0,6.3,6.3,5.8749999999995755
12086005901,0.1103000841477792,Moderate,60.7421875,0.1901941012520201,0.579934306172956,0.1310483877832567,0.5066070248172561,0.4291056009438593,0.3844708028182328,0.6366939455713547,0.2493398147207835,0.9427941567140776,20.1,7.7,17.1,52.4,2.2,9.0,4.0,22029.615384615383,1198098.065934066,False,19.304761904761907,30.72035353535354,17.45098765432099,425.0,5.666666666666667,26.666666666666668,0.5823529411764706,4.0,9.0,4.0,0.8164705882352942,0.0,0.5200000000002608,0.12999999999996595,-1.8999999999997914,1.4799999999998181,-0.3299999999997975,-0.1300000000000307,4874.199999999045,2601.199999999608,0.3000000000000043,-2.609999999999799,3.829999999999715,-0.5299999999999975,176.49999999998764,-203.49999999997263,-1.8399999999998793,-0.15999999999992484,-0.34999999999995546,1.8099999999996712,-1.8099999999996788,0.9099999999999177,6.059999999998141,-1.6199999999998993,-0.8699999999999329,-14.829999999999059,0.5899999999999378,0.11287423085092159,30.970985264735265,6,131.63514814814812,0.01807511737089202,3.2158823529411764,10.452000000005244
12086005902,0.1137360913613797,Moderate,62.3046875,0.1946528266972971,0.5843022846940196,0.1134892778487427,0.5073680310807583,0.4561706298174411,0.3732322945201393,0.6468125519464474,0.2758163755458515,0.937927916105312,16.6,7.6,19.7,68.9,0.0,9.0,3.0,20102.300970873788,1257618.3398058251,False,14.27777777777778,22.86875,18.203611111111112,510.0,6.5,34.0,0.5911764705882353,3.0,9.0,4.0,0.7705882352941177,0.0,0.339999999999938,0.49999999999991374,-1.8600000000000485,-3.4999999999996487,4.659999999999482,-0.10999999999999871,1123.7000000003252,2322.6999999998256,-0.4799999999999778,0.5300000000001202,2.269999999999794,0.07999999999998263,133.39999999998793,-237.3999999999836,1.0199999999999256,1.959999999999758,1.839999999999797,-0.22999999999994925,0.2299999999999496,-1.4899999999999167,5.449999999997854,0.43000000000000027,-1.0399999999999696,-12.819999999999103,0.0,0.11172889511305477,33.58818644318645,7,96.22005555555555,0.014872798434442268,3.1070588235294117,5.643999999998972
12086005903,0.1262727747033952,High,70.8984375,0.2193584545798197,0.5756458074309024,0.1259261009044461,0.3509019724452374,0.5104133735404068,0.4175845303629464,0.6560624873643776,0.3127908082551933,0.943266673441544,17.2,9.5,42.4,52.4,2.8,10.0,2.0,14654.617021276596,1213852.8936170214,False,120.0,32.48214285714286,16.683333333333334,370.0,0.8333333333333334,20.0,0.7567567567567568,2.0,10.0,3.0,1.0,0.0,0.530000000000039,0.5999999999999545,0.37999999999993467,0.3300000000001077,-1.759999999999924,-0.02000000000002006,3768.6999999998075,943.0999999999235,-0.26999999999999014,-1.4300000000000515,0.8399999999999759,-1.1499999999999222,88.09999999999188,22.700000000011464,1.8599999999998946,0.20999999999998797,1.8399999999999308,-0.7200000000000558,0.7200000000000597,-1.6599999999999042,7.929999999997783,0.23000000000000254,0.10999999999999034,-17.209999999999102,-0.0999999999999999,0.09313984392142527,30.446626652117725,7,125.84666666666666,0.02560646900269542,2.3108108108108105,9.116000000000671
12086005904,0.0986138264879899,Moderate,50.78125,0.1818021718777242,0.5424238086347793,0.0995622034532695,0.4100505501040739,0.3886465366865998,0.3398263704054204,0.6431077032369656,0.2640421403021789,0.9304878827408374,16.9,4.5,17.1,58.4,4.0,11.0,3.0,26367.506493506495,1163159.3896103897,False,32.0,37.56206293706294,16.053863636363637,435.0,1.3333333333333333,25.0,0.6540229885057471,3.0,11.0,4.0,1.0,0.0,-0.3900000000000882,0.11000000000000967,-1.6999999999999376,-1.739999999999699,4.739999999999517,0.19999999999993007,2036.2999999997617,-1329.599999999795,0.1900000000000141,-2.700000000000063,3.879999999999804,0.29999999999993127,75.99999999999694,-63.400000000001135,0.5399999999999446,-0.5899999999999859,-0.8599999999998821,-3.809999999999555,3.809999999999552,-0.629999999999974,7.819999999997766,-0.6699999999998921,-0.14999999999997735,-15.189999999998944,0.919999999999894,0.11676965007085137,28.690415464165465,6,134.28970454545453,0.010321100917431193,1.556896551724138,0.0
12086006004,0.0657805568720596,Low,19.7265625,0.1391961737963238,0.472574461481332,0.0397734388443543,0.0757293643618773,0.4024755953534966,0.3349492475367939,0.6353861726980704,0.2386189087482933,0.914331927456422,5.2,3.5,2.1,80.3,3.2,14.0,3.0,24364.46323529412,1154521.9632352942,False,120.0,120.0,0.0,0.0,0.0,0.0,0.0,0.0,0.0,0.0,0.0,0.0,-0.7399999999998486,0.6899999999998906,-1.6799999999998796,0.0,10.110000000000444,0.5699999999999583,7258.599999999732,4300.09999999968,-0.25000000000000405,-1.4599999999997062,1.5099999999999771,-0.5499999999998706,137.499999999992,-895.0999999999852,1.4799999999999767,0.48999999999991123,-0.09999999999988037,1.9499999999998419,-1.9499999999998405,-0.5500000000000197,3.8899999999984316,-2.519999999999825,-0.15999999999999984,-10.469999999999153,0.5699999999999225,0.10272394574366678,26.99051207024044,0,124.80000000000001,3.5,3.5,0.0
12086006002,0.0499093736885523,Low,9.9609375,0.0996139051003254,0.5010281811388329,0.0460336286676402,0.0862487497634687,0.4698565701651563,0.3847365434873567,0.6343267459622166,0.1531941815330106,0.9299722963159656,8.3,1.6,19.3,25.7,2.2,14.0,3.0,17833.909090909092,1197576.378787879,False,32.0,30.635340136054424,16.87986111111111,495.0,2.5,29.333333333333332,0.8777777777777778,3.0,14.0,5.0,1.0,0.0,-2.309946315988814,-0.519990908352931,-0.2299528100224079,-2.179957139378128,-2.4399363584707774,0.10000649403355202,2440.0123262166962,302.06724842390247,-0.2699974023865666,-0.04998874367517829,0.7599891766106522,-1.0500259761343418,0.0,174.0945753172571,-0.4999909083529525,0.210002164677916,-2.4599705603809254,-2.229998268257697,2.229998268257698,0.7799904754172382,4.570015585678856,0.6300030305489365,-0.3799943718375286,-13.200009957517521,0.20999870119324707,0.07995913186987294,42.6391872665733,10,59.09715277777778,0.0032258064516129032,0.1955555555555556,0.0
12086006106,0.0515379832431995,Low,10.9375,0.1121263863515573,0.4596418819885002,0.0440982146312823,0.0528545941123996,0.3667718255066702,0.3420082411624376,0.6457017263068041,0.1801545580718323,0.8908730228541898,5.1,4.8,5.9,56.4,1.5,10.0,3.0,29995.095238095237,1181587.5396825396,False,120.0,120.0,0.0,0.0,0.0,0.0,0.0,0.0,0.0,0.0,0.0,0.0,-1.1225016387796703e-14,0.6299999999999922,0.099999999999917,-3.959999999999996,5.550000000000093,-0.539999999999927,8333.499999999261,3030.899999999848,-0.15999999999999984,-7.409999999999418,6.6799999999993585,-0.11000000000004799,6.500000000005021,-613.2999999999938,0.22999999999995965,-1.1499999999998898,-1.2596940969698632e-13,2.539999999999769,-2.539999999999769,-0.2400000000000558,3.219999999998598,1.5599999999998235,-0.12999999999999623,-13.889999999998853,-0.2599999999999907,0.10272394574366678,26.99051207024044,0,122.39999999999999,4.8,4.8,0.0
12086006104,0.0472162299973866,Low,9.1796875,0.1115741950270729,0.4231823495202441,0.046856326481484,0.0568571294426968,0.3182069732584903,0.282528547047231,0.6063858890985466,0.1762920635726617,0.8519332087542554,5.2,5.8,1.7,58.7,1.8,27.0,3.0,37205.96894409938,1139983.4161490684,False,120.0,120.0,0.0,0.0,0.0,0.0,0.0,0.0,0.0,0.0,0.0,0.0,-0.4099999999998652,0.8399999999999751,-0.019999999999965993,-0.3199999999999941,-1.3899999999995534,0.45999999999996855,13741.19999999828,7978.599999999475,-0.309999999999944,-4.6199999999996555,4.889999999999549,-0.7599999999998922,-285.6999999999808,-323.9000000000004,-0.749999999999929,0.7699999999999485,0.27000000000006064,0.6299999999999033,-0.6299999999999036,-0.15999999999995315,1.2599999999989413,1.5899999999996992,0.15999999999996675,-9.079999999999375,-0.7499999999999193,0.10272394574366678,26.99051207024044,0,124.80000000000001,5.8,5.8,0.0
12086006201,0.0894394826825683,Moderate,42.3828125,0.1888861663135498,0.4735099686130501,0.1317780089188072,0.5749496150923449,0.2560383560121308,0.1935046627629581,0.6549213923894243,0.2459943237082924,0.688135816808393,12.8,25.5,18.2,54.9,4.0,11.0,2.0,55429.55,1231199.975,False,14.390000000000004,39.66848484848485,15.076388888888888,286.0,2.0,17.666666666666668,0.22727272727272727,2.0,11.0,3.0,0.3706293706293706,0.0,-0.01999999999987086,2.729999999999939,1.0400000000000142,1.9399999999998254,-1.8599999999997534,0.3299999999999753,4762.699999999596,4053.3999999998396,1.0399999999999663,-2.799999999999709,2.8099999999998,3.4699999999997795,48.49999999999573,14.799999999996556,0.7699999999999863,-1.3099999999999055,1.8799999999999286,0.18000000000021546,-0.18000000000021887,-0.7400000000000277,8.33999999999794,0.029999999999984844,-0.15999999999994638,-13.709999999999255,0.2600000000000061,0.058206246217436836,16.469834021849824,5,114.22222222222224,0.08885017421602788,19.704545454545453,0.0
12086006203,0.0420518815191716,Low,6.8359375,0.1272468966269064,0.3304747120275135,0.0795564784484011,0.0659133709981167,0.2307936319929134,0.1278335888020172,0.556470281016241,0.1749373148054116,0.6713626873282794,13.1,10.6,4.0,44.1,2.8,24.0,7.0,58188.35593220339,1134216.8305084745,False,13.705555555555557,20.07023208273208,15.74951388888889,1785.0,2.5,95.0,0.44565826330532216,6.0,24.0,10.0,0.2991596638655462,0.0,1.6899999999998259,-2.6399999999998762,-0.07999999999997567,1.8699999999999324,0.5499999999997982,0.7099999999999463,8763.29999999953,7366.9999999997835,-0.20000000000005777,-2.8899999999999566,1.8300000000000518,0.7299999999998263,91.09999999999427,43.90000000000102,-2.359999999999895,2.329999999999904,-1.9199999999999142,0.6699999999998258,-0.6699999999998316,-0.6899999999999434,4.079999999998518,-1.629999999999844,-0.039999999999986185,-8.879999999999479,0.2199999999999627,0.0623168851193881,16.73794851722352,6,108.08136805555554,0.00593505039193729,5.8760224089635855,22.13899999999772
12086006205,0.0561008783413489,Low,13.671875,0.1258548435702354,0.4457585957749878,0.0768887586004756,0.557751044604752,0.2404595190227883,0.1551929287778344,0.618220609542422,0.1748209285399952,0.6571688769271419,14.6,8.8,10.1,32.7,4.2,17.0,3.0,57646.75675675676,1181285.9189189188,False,14.010499999999999,10.301064013840831,16.5018954248366,1693.0,4.5,88.0,0.3981098641464855,3.0,17.0,4.0,0.18487891317188423,0.0,-1.3499999999999825,-1.03999999999991,-0.4200000000000105,1.2399999999997904,-3.6299999999998813,0.47999999999990905,6720.99999999982,6486.899999999725,-1.2499999999999398,1.2500000000000049,1.749999999999893,-0.3699999999998867,95.59999999999549,-231.49999999998965,0.18999999999999218,-0.03999999999982491,0.43999999999993666,2.1299999999998267,-2.1299999999998227,-1.1399999999999335,6.819999999998,-2.299999999999886,0.20999999999999147,-12.18999999999901,0.38999999999995627,0.07586878461037964,23.59360547067312,6,109.47232679738562,0.005194805194805195,5.296633195510927,0.0
12086006206,0.0291159747907875,Low,3.3203125,0.0899036163608269,0.3238576596733437,0.0515695139579018,0.0660889511915381,0.2365810747173783,0.0973869620583999,0.5580836955545072,0.128237718763752,0.6611476148448947,7.9,7.7,5.6,29.5,3.0,25.0,7.0,57722.307692307695,1159334.0961538462,False,13.666666666666666,17.878398051948054,15.925866666666666,2064.0,1.3333333333333333,107.33333333333333,0.43507751937984496,6.0,25.0,9.0,0.21463178294573643,0.0,0.18999999999992445,-0.1199999999999906,1.5899999999998102,0.7400000000000103,-0.8300000000001766,-0.6299999999999164,12164.299999999554,7440.599999999531,-1.0499999999999445,-5.15999999999968,5.439999999999741,0.22000000000000655,179.6999999999923,199.299999999984,0.6899999999999531,-1.1999999999999305,-0.250000000000052,1.2699999999998994,-1.2699999999998977,-1.119999999999921,7.069999999998403,-1.350000000000122,-0.08999999999998995,-11.659999999999012,0.7099999999999477,0.07077750949776938,21.409319981889183,6,63.78565333333334,0.003728813559322034,4.349903100775194,1.5009999999994033
12086006304,0.1079188793108872,Moderate,58.7890625,0.2186152777920697,0.4936474724036968,0.1424864287773285,0.464868861820067,0.2804886617520666,0.2657711100054856,0.6189532650448143,0.2947441268068109,0.8381554633960502,23.0,11.0,32.9,51.9,1.2,12.0,4.0,45591.89411764706,1149256.5647058825,False,120.0,120.0,0.0,0.0,0.0,0.0,0.0,0.0,0.0,0.0,0.0,0.0,0.29999999999996924,0.5899999999998748,-0.8099999999999965,-0.3299999999999894,-0.7999999999999432,-0.7099999999999023,3271.899999999797,1813.499999999848,1.1500000000000252,1.8499999999997483,-1.4400000000000148,0.9199999999998854,62.79999999999778,-930.9999999999911,-0.7599999999999899,0.12999999999991954,0.23999999999985702,-2.6099999999999453,2.6099999999999457,-0.3799999999999493,4.5499999999979375,-1.1799999999998085,1.409999999999825,-17.9499999999987,-0.01999999999999998,0.10272394574366678,26.99051207024044,0,552.0,11.0,11.0,6.8999999999992925
12086006302,0.0955177954479887,Moderate,47.65625,0.2020709609977329,0.4726943197397887,0.1043761890593207,0.4312198718471848,0.2793334207842099,0.2550061447263789,0.6304401829638115,0.2997657329361452,0.767471978377358,17.7,9.5,22.4,52.3,10.6,7.0,4.0,46346.017857142855,1161303.8035714286,False,26.4,15.597498982498982,18.464960317460317,573.0,3.3333333333333335,27.0,0.7643979057591623,4.0,7.0,6.0,0.8359511343804538,0.0,1.7199999999999078,1.089999999999899,0.9999999999999342,1.499999999999902,-3.4399999999997113,0.29000000000005227,6661.899999999483,1597.3999999997377,0.3499999999999639,-5.709999999999489,2.40999999999974,0.13999999999997154,76.39999999999215,-23.9999999999903,-1.7699999999998324,2.2699999999998295,-1.8099999999997967,-1.7999999999998342,1.7999999999998346,-1.6099999999999994,4.08999999999844,-1.589999999999717,-0.32000000000000733,-13.009999999999227,0.1399999999999886,0.06360484751202913,17.44783573229655,8,97.97020238095239,0.016550522648083623,2.238219895287958,30.44399999999837
12086006401,0.1365043492941134,High,78.125,0.2605240954221012,0.5239605537174941,0.1825645105354789,0.5235536257429361,0.2962202877507372,0.3027640522760887,0.6131751634207155,0.3384836803087234,0.8840896393969926,17.8,23.5,36.3,55.8,9.0,10.0,5.0,43913.35135135135,1200815.7297297297,False,18.022380952380953,16.432583333333334,18.45438888888889,900.0,7.0,54.333333333333336,0.7583333333333333,5.0,10.0,6.0,0.78,0.0,0.29000000000000586,2.439999999999826,0.3999999999997424,0.21000000000008426,1.479999999999776,-0.46999999999986886,1141.19999999993,1476.9000000000449,-0.7799999999999334,-1.609999999999827,-0.7399999999999448,-1.739999999999889,46.89999999999491,-155.39999999999714,0.6599999999999874,0.5299999999998963,-1.1199999999998957,0.2300000000000621,-0.23000000000006215,-1.2199999999999944,5.07999999999764,-0.5499999999999673,-0.6799999999999621,-14.339999999998685,-0.0999999999999999,0.10272394574366678,22.85461365135986,8,98.71187777777777,0.026082130965593784,5.679166666666667,5.162000000000105
12086006402,0.1193382342799777,Moderate,66.40625,0.2353173326494499,0.5071374596012219,0.147373671538815,0.43351444867948,0.2852494319525605,0.3195076989806983,0.622794522317317,0.3232609937600849,0.8746211960760535,26.7,7.0,20.9,69.9,2.2,6.0,5.0,47854.875,1236384.175,False,26.125,28.997592592592593,18.38277777777778,370.0,2.1666666666666665,19.666666666666668,0.8054054054054054,5.0,6.0,5.0,0.8216216216216217,0.0,0.020000000000111148,-1.2600000000000666,-1.0799999999999417,0.35000000000001263,1.6399999999997699,-1.1499999999999562,5574.699999999855,3832.7999999997983,-1.2799999999999851,0.40000000000011676,1.5399999999998473,-0.6799999999999677,103.69999999999463,-18.799999999998793,-0.07000000000005056,-1.1399999999998656,-0.07000000000006198,0.23000000000012374,-0.2300000000001243,-1.7399999999999458,4.799999999997894,-1.6399999999999597,0.20999999999997648,-10.879999999999379,0.0,0.10206755060736859,20.625248914386315,8,149.9798333333333,0.01886792452830189,1.3621621621621622,0.5340000000029677
12086006403,0.0693147112615188,Low,22.4609375,0.1388455947822809,0.499221537206196,0.0804681870708526,0.5079802618432288,0.2305625244482919,0.3212577411503891,0.6152032088864928,0.1972230024937093,0.8211039497025775,6.1,13.5,15.5,50.1,2.2,10.0,5.0,66609.27083333333,1296807.0416666667,False,31.9625,16.500956486042696,18.667361111111113,934.0,6.333333333333333,53.666666666666664,0.7419700214132763,5.0,10.0,5.0,0.7173447537473233,0.0,-3.6399999999997994,-0.5899999999999825,-1.4600000000000102,1.9300000000000024,-6.269999999999409,-1.2899999999998533,158.5999999998843,4534.399999999687,-0.6099999999999811,-1.6700000000000401,3.119999999999885,-1.3699999999999906,74.9999999999996,-141.59999999999044,1.2700000000000062,-0.7099999999999478,2.409999999999981,2.579999999999724,-2.5799999999997265,0.6100000000000744,6.939999999997941,-1.17999999999999,0.2300000000000315,-11.369999999999134,-0.6099999999999594,0.11453269769179579,24.36011667697382,7,32.52909722222221,0.014438502673796792,3.4834047109207704,0.0
12086006501,0.0542511536147243,Low,12.890625,0.1282668453593541,0.4229553900911309,0.071830628308273,0.0591466287123254,0.2932827767521762,0.3069073953589242,0.625028261675315,0.1847030624104352,0.8304118879569136,8.0,9.3,15.2,45.0,1.3,11.0,4.0,45462.025,1224412.35,False,20.26625,22.556901179628454,18.113358585858585,606.0,5.333333333333333,33.666666666666664,0.8217821782178217,4.0,11.0,5.0,0.9224422442244224,0.0,-0.32999999999998086,-0.01999999999997556,-0.3399999999999183,4.089999999999345,-2.9099999999997914,0.0099999999999657,2223.0999999997853,1677.7999999999288,-0.2999999999999696,-0.2999999999997897,2.7199999999997853,0.5699999999999861,84.09999999999928,-42.599999999995184,0.14999999999991062,1.0999999999999852,1.1799999999998776,3.5999999999996324,-3.5999999999996355,-2.259999999999791,5.309999999998128,-0.3899999999999808,-1.3599999999998647,-14.649999999999153,0.0,0.10610286529144577,22.195460393772894,6,47.09313131313132,0.015321252059308075,1.657425742574258,0.0
12086006503,0.0730510821437033,Low,26.171875,0.1695649481158757,0.4308147583295481,0.0980620899060797,0.0268367256607037,0.3212561156191841,0.3279591221416443,0.6326589842082799,0.2410678063256716,0.8453628440179286,11.8,11.4,15.9,55.4,4.6,8.0,4.0,40347.58536585366,1255900.3170731708,False,30.0,27.754166666666666,18.136354166666667,432.0,2.0,21.333333333333332,0.8356481481481481,4.0,8.0,4.0,0.7824074074074074,0.0,0.1899999999999508,1.2999999999998064,1.4199999999998283,3.0399999999995746,3.4699999999996702,-0.4599999999999095,10635.699999999344,4146.299999999692,2.169999999999729,-5.7499999999994555,2.589999999999863,3.0399999999996616,142.49999999999235,-55.29999999999963,-1.179999999999908,0.9799999999999319,-1.6799999999998843,-0.6599999999997207,0.6599999999997231,0.1599999999998447,5.7999999999980325,-0.8000000000000124,-0.5099999999999816,-14.35999999999893,0.9699999999999409,0.09311001680887934,20.91861011967996,6,69.19102083333334,0.026327944572748268,1.8736111111111113,2.2419999999994196
12086006504,0.0861416355940625,Low,38.28125,0.1641397096339915,0.5248067989528329,0.1088799648374176,0.4662068261924936,0.3159540795023858,0.3427355314147766,0.6350108525956376,0.2193994544305654,0.8641267050588705,15.4,9.8,11.4,52.7,2.0,7.0,4.0,43532.72727272727,1318376.121212121,False,44.4625,20.105017006802722,18.580833333333334,396.0,3.1666666666666665,20.333333333333332,0.7904040404040404,4.0,7.0,4.0,0.8813131313131313,0.0,1.3399999999998746,-0.2300000000000125,-0.739999999999858,-1.9799999999997222,2.549999999999695,0.03999999999996952,7328.9999999992815,4572.899999999591,-1.40999999999982,-0.6299999999999347,2.299999999999785,-1.5299999999998997,67.69999999999206,-127.29999999998921,1.5899999999999295,-1.2599999999999478,1.2399999999999625,2.3699999999997585,-2.3699999999997616,-1.6499999999998956,4.029999999998414,-1.5299999999998215,0.2100000000000285,-11.309999999999325,-0.19999999999998788,0.0872346758950666,24.417571915100652,6,83.45516666666666,0.024685138539042823,2.054040404040404,20.63599999999807
12086006608,0.0386809745473852,Low,6.0546875,0.1045254862947704,0.3700626126560339,0.0623329975717689,0.0727961145802359,0.1747289784950536,0.2801317501626545,0.571656249298021,0.1467179750177719,0.7509999707442045,4.4,12.2,1.6,49.8,0.9,14.0,8.0,95281.95833333331,1389594.8020833333,False,120.0,120.0,0.0,0.0,0.0,0.0,0.0,0.0,0.0,0.0,0.0,0.0,-2.6870503338801197,0.46171995672180177,-4.539344154987727,-2.7068027555655507,0.015738643855504712,-0.8381964262166585,13055.654205399214,3247.1302214588773,-0.690247578314441,-2.3307361892034524,3.6311477287709666,-1.6781964262165847,144.5180193734778,-773.2630596250153,-0.07795048433707671,-0.403277588625827,-1.1473766199513813,2.7890195053515447,-2.789019505351541,-0.5774602370128868,-0.8938514530127172,-1.0359829493007384,-0.40319724443407756,-10.790490247323778,-0.660409903132522,0.10272394574366678,26.99051207024044,0,105.60000000000001,12.2,12.2,0.0
12086006606,0.0717900005288192,Low,24.4140625,0.2055419329058847,0.3492717982840563,0.0944469984071453,0.5550521705138872,0.0525884835562434,0.1548547952706371,0.5242674427746703,0.316636867404624,0.4595960993048438,33.4,7.7,25.0,50.6,4.2,14.0,10.0,188344.95744680852,1460059.1276595744,False,120.0,120.0,0.0,0.0,0.0,0.0,0.0,0.0,0.0,0.0,0.0,0.0,2.3599999999998866,-4.589999999999469,1.3899999999997539,0.04999999999959985,-0.7899999999997793,1.1099999999997334,-3775.200000000498,-3585.099999999952,3.2300000000000675,-1.690000000000131,-0.41999999999999965,1.0400000000000262,76.49999999998587,-1168.699999999981,1.7199999999999696,2.1999999999997693,-1.2199999999999036,-2.1099999999999017,2.109999999999903,11.669999999998657,5.849999999998879,3.5499999999998986,-0.5699999999999039,-12.60999999999892,-0.5999999999999993,0.10272394574366678,26.99051207024044,0,801.5999999999999,7.7,7.7,78.8239999999962
12086006715,0.0315374496677145,Low,3.90625,0.1153677951898202,0.2733644134901287,0.037427003443969,0.0939424386121414,0.1002635213215512,0.1905645919178775,0.3926498865601904,0.1933085869356713,0.589401629038883,10.6,2.1,1.9,52.4,4.9,36.0,13.0,143222.05,1420877.31,False,120.0,120.0,0.0,0.0,0.0,0.0,0.0,0.0,0.0,0.0,0.0,0.0,-0.9099999999999119,-2.3099999999998952,0.16999999999998416,2.5599999999999903,1.6099999999998997,0.5199999999999736,2571.6999999994596,-2305.8000000002344,-1.5199999999999503,2.459999999999988,2.6699999999997552,-0.34999999999996145,72.29999999998564,-1398.9000000000115,1.3599999999999879,1.1899999999999626,2.1200000000000307,5.479999999999394,-5.4799999999993965,-0.15999999999994555,6.499999999998296,3.5399999999997136,0.4899999999998751,-14.989999999998785,1.6399999999998032,0.10272394574366678,26.99051207024044,0,254.39999999999998,2.1,2.1,0.0
12086006705,0.0383121312035249,Low,5.859375,0.1107097536639755,0.346059221844259,0.0307817722027578,0.120897694727452,0.1088268650836913,0.162003903708523,0.6693986847721095,0.1906377351251932,0.6691689609295192,7.5,1.7,7.2,53.4,2.9,2.0,2.0,131468.0,1363356.3333333333,False,120.0,7.331060606060606,16.67652777777778,236.0,0.0,15.333333333333334,0.6483050847457628,2.0,2.0,2.0,0.4915254237288136,0.0,-0.8199999999999659,-2.2499999999998685,-0.22000000000002906,1.7199999999998496,0.5399999999997539,-0.739999999999922,9590.099999999933,-3837.5999999996425,-0.5599999999999397,-2.2000000000000597,3.549999999999805,1.5199999999998643,-36.09999999998957,166.09999999998936,0.3899999999998918,0.8699999999999757,-2.1100000000000465,0.2699999999998596,-0.2699999999998631,-0.6699999999999835,8.369999999997981,3.189999999999817,-0.13000000000001125,-9.199999999999683,-0.08999999999999538,0.0330577333789853,7.28251126223901,3,54.92604166666666,0.007172995780590717,0.5978813559322033,0.0
12086006706,0.0331990609265872,Low,4.4921875,0.0894302579222589,0.3712285047354663,0.019586268752905,0.1284837671991998,0.1440158376374627,0.2040049157811031,0.6674100484084731,0.1592742470916127,0.712227954651093,1.9,3.6,0.6,55.4,2.6,3.0,2.0,115016.25,1430940.0,False,120.0,9.51971002447802,16.615992063492065,586.0,0.3333333333333333,45.666666666666664,0.5895904436860068,2.0,7.0,3.0,0.6928327645051194,0.0,-1.0299999999999114,0.07000000000003698,0.16999999999998408,0.5099999999999664,-0.9800000000003029,0.6599999999999544,2207.2000000002763,5949.499999999647,1.0899999999999668,-4.029999999999863,1.44999999999974,-1.6599999999999129,91.39999999999864,37.49999999999752,-0.009999999999938627,-2.06999999999982,-1.909999999999964,-5.699999999999853,5.699999999999848,0.5000000000000819,7.139999999998,-0.6000000000000218,0.9699999999999585,-13.9299999999993,-0.2299999999999987,0.0473538828372233,11.395734551396316,3,14.029615079365076,0.006132879045996593,1.4774744027303757,0.0
12086006709,0.0124387653228023,Low,0.5859375,0.0558336061125736,0.2227827681006832,0.014827517676328,0.0603627713351174,0.0384478045094725,0.0780018795633629,0.6814545286070489,0.0968396945488191,0.2556468564884143,1.5,10.1,1.4,32.1,1.6,2.0,1.0,189689.5,1366735.0,False,120.0,12.41666666666667,16.027777777777775,247.0,0.0,13.666666666666666,0.840080971659919,2.0,3.0,2.0,0.0,0.0,-2.129999999999891,0.8899999999999747,0.4199999999999541,-2.7399999999999975,-0.8000000000001876,0.03999999999997916,22056.199999999546,6987.700000000414,-0.19000000000001,-2.2999999999997454,5.459999999999672,0.049999999999971685,178.39999999999446,83.49999999999707,-0.3900000000000255,-0.7100000000000082,0.779999999999949,0.360000000000072,-0.3600000000000708,-0.9699999999999779,3.159999999998684,-1.3399999999999992,0.1399999999999676,-4.959999999999646,-0.9199999999999002,0.01828957585141975,5.193043770171835,4,11.958333333333337,0.0407258064516129,1.615182186234818,0.0
12086006721,0.0197621782462235,Low,1.7578125,0.078615244978016,0.2513784476757641,0.0240406966743782,0.0760350527365273,0.032277286608759,0.0570013735270729,0.6841090903475077,0.1331897932816537,0.4074694351589536,7.2,4.6,0.0,34.3,5.0,1.0,1.0,188219.25,1313528.0,False,120.0,120.0,0.0,0.0,0.0,0.0,0.0,0.0,0.0,0.0,0.0,0.0,-1.42999999999999,-1.4200000000000041,0.0,-1.6300000000000856,-0.7799999999999035,0.6499999999999856,5243.199999999584,18394.599999999038,-1.209999999999947,1.3400000000002656,2.4799999999997477,-2.2399999999999403,288.5999999999838,48.59999999998358,-0.2100000000000753,-0.44000000000004724,-1.160000000000023,-2.7300000000000346,2.7300000000000337,0.6100000000000371,7.6799999999981,0.39000000000012336,-0.11000000000001212,-8.7899999999998,1.0299999999999296,0.10272394574366678,26.99051207024044,0,172.8,4.6,4.6,0.0
12086006713,0.0363633630838959,Low,5.078125,0.1216434655860706,0.2989339617109685,0.0472763898905326,0.1091724898404202,0.0690279508608992,0.0780018795633629,0.6822746660486001,0.1960105412816086,0.5561928222415601,8.8,8.2,3.5,51.0,6.3,0.0,0.0,158329.42857142858,1336346.5714285714,False,120.0,120.0,0.0,0.0,0.0,0.0,0.0,0.0,0.0,0.0,0.0,0.0,0.8400000000000011,-0.9599999999999209,0.6499999999999705,-0.12999999999991557,4.339999999999876,0.28999999999999,11934.399999998408,5383.299999999747,-1.2599999999998845,-2.209999999999975,5.279999999999693,-0.3600000000000058,35.6999999999963,-182.69999999998237,0.7899999999999474,-2.029999999999945,0.6400000000000128,4.1899999999996185,-4.1899999999996185,-1.7999999999998888,3.61999999999883,1.5799999999996017,0.49000000000000316,-7.709999999999731,-0.579999999999915,0.0329164058313834,5.0453125,3,211.20000000000002,8.2,8.2,7.39200000000001
12086006714,0.0329164058313834,Low,4.296875,0.1044817456834967,0.3150445622443566,0.0568336983110148,0.095987305897863,0.0846559008807922,0.120002891635943,0.6568191224700676,0.1521297930559786,0.6177575903371175,8.1,10.3,4.4,39.3,3.4,1.0,3.0,146509.0,1340723.5,False,120.0,5.0453125,16.693611111111114,182.0,0.0,11.0,0.7307692307692307,3.0,1.0,3.0,0.31868131868131866,0.0,-1.7399999999996885,0.24000000000001717,0.9899999999998617,-1.4700000000000586,0.12999999999979106,-0.04000000000006822,12385.599999999275,4193.599999999822,-0.20000000000012777,-1.039999999999591,2.6899999999997695,0.2700000000000096,211.09999999997981,116.29999999999477,-0.08999999999997979,-0.7299999999999375,0.41000000000003306,-1.4699999999998237,1.4699999999998241,-1.609999999999877,7.56999999999803,-0.809999999999828,1.8608394391659415e-15,-10.0999999999994,1.4999999999998377,0.037337747143710395,63.6655303030303,3,59.18174999999997,0.056284153005464486,2.773076923076924,0.0
12086006801,0.0426143249223311,Low,7.6171875,0.1176744272373367,0.3621375172396855,0.0614582098338917,0.0568571294426968,0.1463691230714909,0.2526727551667911,0.6524090375586854,0.1738906446407817,0.7023795409587632,11.4,6.1,3.5,44.2,3.8,11.0,2.0,99342.12698412698,1251076.0952380951,False,30.0,27.391839826839824,17.650126262626262,438.0,2.1666666666666665,24.666666666666668,0.8744292237442922,2.0,11.0,3.0,0.8287671232876712,0.0,1.1199999999998644,0.9399999999998553,0.3599999999999826,-2.299999999999997,-1.0199999999997527,-0.4799999999999379,7720.800000000445,13901.599999998987,0.19999999999997897,-2.119999999999691,1.4199999999998778,0.41999999999996573,270.3999999999728,35.49999999999869,-0.22999999999998788,-0.7799999999998963,0.58999999999996,-0.7999999999999128,0.799999999999907,1.579999999999762,2.849999999999007,0.6799999999998465,-0.12999999999997686,-5.399999999999697,-0.12999999999999146,0.05263668281079035,29.408682371096585,6,72.38856060606061,0.01389521640091116,0.7659817351598174,12.767999999998455
12086006802,0.0563956344709217,Low,13.8671875,0.1237979882503999,0.4555456455144745,0.0738143605546007,0.0966399048468629,0.3713888390970032,0.3352580785079158,0.6210961963968821,0.173781615946199,0.8533452087237086,7.6,9.7,4.2,52.5,1.6,17.0,3.0,33034.171875,1332766.109375,False,28.904761904761905,15.460408496732027,18.446307189542484,1294.0,8.0,74.66666666666667,0.7824574961360123,3.0,17.0,4.0,0.4026275115919629,0.0,-0.18502185942161106,-0.09341107432401245,-0.28564140503030006,-1.291377562125109,0.7918002892267108,-0.150284256193682,11672.696892801056,4224.711117331228,-0.03956995852046229,-5.072944628379059,5.046348388325073,1.2284839669669971,0.0,4.519688547706342,-0.5694388019904824,-0.37834549605932244,-0.7605321079218843,1.1680392967314623,-1.1680392967314586,0.7752623967719826,3.678061239864608,2.7621355786412245,0.16886297522530178,-12.285451900900147,0.4393367355479793,0.037906692924459154,18.455774925658922,4,42.20806535947712,0.00749034749034749,2.11016228748068,0.0
12086006901,0.0535733863541653,Low,12.109375,0.122379536107018,0.4377642542076367,0.0527920523659154,0.4046168051708217,0.2262682913616752,0.2875739398018036,0.5664682031583439,0.1919670198481207,0.7038940315455394,8.3,6.7,6.9,56.4,1.4,16.0,8.0,68359.82474226804,1301643.5773195876,False,120.0,120.0,0.0,0.0,0.0,0.0,0.0,0.0,0.0,0.0,0.0,0.0,-1.3400000000000238,-1.0599999999998135,-3.2699999999997966,-1.3799999999997556,-0.7400000000001037,-0.4900000000000246,9747.999999998996,5420.199999999427,-0.6299999999999387,-2.1699999999997974,3.0699999999996193,0.10999999999993797,113.09999999998392,-730.2000000000162,0.02000000000000695,1.3699999999997055,-2.439999999999742,4.849999999999415,-4.8499999999994206,-1.6999999999999702,4.719999999998608,-2.0299999999997707,0.5499999999999163,-11.75999999999938,0.0,0.10272394574366678,26.99051207024044,0,199.20000000000002,6.7,6.7,0.0
12086007004,0.0439319870669325,Low,8.203125,0.1169266119037002,0.3757227405435693,0.0429932783079251,0.0580178186293883,0.2320220195973101,0.2475615208934083,0.6303796442931914,0.1908599454994753,0.7106326993045482,8.8,3.3,9.2,54.5,0.6,7.0,4.0,60152.055555555555,1179969.4814814816,False,120.0,120.0,0.0,0.0,0.0,0.0,0.0,0.0,0.0,0.0,0.0,0.0,-0.3500000000000785,-1.5900000000000167,-2.0199999999999063,-0.7499999999998822,1.4499999999998505,-0.6699999999999492,3263.599999999724,1684.599999999826,-0.3700000000000581,-1.47999999999979,3.0899999999998804,-1.3499999999999186,94.49999999999537,-1127.9999999999739,-1.7599999999997762,1.3799999999999661,-1.97999999999985,3.2699999999999525,-3.2699999999999485,0.0899999999999413,2.1699999999986184,-4.849999999999592,-0.5800000000000602,-12.749999999999105,-0.06000000000005097,0.10272394574366678,26.99051207024044,0,211.20000000000002,3.3,3.3,0.0
12086007006,0.0425283359943307,Low,7.421875,0.1364645933166114,0.3116437382087877,0.0440498516975966,0.0890014501040468,0.113076881865635,0.267518641354273,0.5051799733809555,0.2288793349356261,0.5834417443390282,11.7,3.4,5.4,58.8,6.2,13.0,11.0,113019.39024390244,1198098.3414634147,False,120.0,120.0,0.0,0.0,0.0,0.0,0.0,0.0,0.0,0.0,0.0,0.0,-2.4200000000001025,-1.1800000000001443,-4.459999999999868,2.4599999999996287,-1.6299999999998585,0.04999999999995306,3254.1999999997847,1596.4999999999281,-2.7999999999999168,1.400000000000025,4.259999999999813,-0.6300000000000244,149.09999999999366,-882.3999999999982,-1.5599999999997758,0.8599999999999572,0.250000000000026,1.670000000000087,-1.6700000000000883,-1.3900000000001342,7.179999999997758,-0.26999999999987745,-0.45999999999999286,-12.409999999999343,-0.1500000000000234,0.10272394574366678,26.99051207024044,0,280.79999999999995,3.4,3.4,0.0
12086007101,0.0827540035845977,Low,35.3515625,0.1846107586424391,0.4482620850114086,0.101239382286063,0.3888366144057614,0.1883281627899997,0.2644453965684744,0.66608153907496,0.2679821349988152,0.7336187122178479,14.5,13.1,28.9,47.7,5.1,1.0,3.0,76808.65853658537,1201839.0731707318,False,61.0,18.290476190476195,19.283333333333335,65.0,0.3333333333333333,2.6666666666666665,0.5923076923076923,3.0,1.0,3.0,0.6153846153846154,0.0,0.060000000000059235,-2.7599999999998466,1.219999999999754,-0.8799999999999832,1.6599999999997532,-0.2399999999998868,4128.200000000434,4552.799999999775,0.3699999999999896,-1.649999999999877,1.8699999999998322,-0.10000000000000253,-32.500000000002515,51.799999999996096,1.2500000000000868,-1.1599999999999648,-1.3899999999999262,1.4100000000001671,-1.4100000000001667,-2.219999999999999,3.979999999998845,1.1700000000000368,-2.3300000000000107,-4.7199999999996365,0.8500000000000012,0.07481328586204687,31.632667536059344,4,68.39166666666664,0.1984848484848485,5.34076923076923,0.8700000000008589
12086007103,0.0864655048904451,Low,39.0625,0.1610758143913331,0.536800047959885,0.1206711790122906,0.3777876895628904,0.4049226468520525,0.3188076821128219,0.6852987341914324,0.2014804497703756,0.897183487080228,22.6,4.3,1.5,20.0,15.4,2.0,1.0,24600.0,1180535.933333333,False,120.0,44.999999999999986,16.166666666666668,50.0,0.0,2.0,0.5,1.0,2.0,1.0,0.0,0.0,2.540000000000033,0.32999999999998797,-0.070000000000031,2.8099999999997065,-4.399999999999975,2.3400000000000345,6023.000000000088,2340.899999999839,1.5999999999998709,-6.21999999999955,3.3699999999997097,0.4300000000000128,115.29999999998617,101.8000000000053,-0.27999999999994174,0.26999999999989455,-1.2799999999998617,-1.3400000000000558,1.3400000000000565,-1.470000000000001,5.2199999999988735,-2.8199999999998075,3.070000000000021,-9.659999999999949,1.710000000000127,0.06003993069849769,25.241322984358074,5,177.03333333333333,0.08431372549019607,2.15,57.40400000000075
12086007104,0.0308286195919305,Low,3.7109375,0.0807892603366629,0.3815930417417156,0.0229708020224113,0.0693547427891763,0.1861632610743375,0.2633856569871646,0.6712239846575465,0.1386077186509145,0.7178375632003535,2.4,4.0,7.8,39.5,2.2,3.0,2.0,79217.06896551725,1225716.896551724,False,30.0,26.548024691358023,18.31064814814815,124.0,1.0,7.333333333333333,0.8508064516129032,2.0,3.0,2.0,0.7983870967741935,0.0,-0.2899999999999869,0.32999999999991847,0.8299999999998381,-1.4199999999998782,-3.299999999999684,-0.9099999999998982,15328.099999998243,8998.199999999099,0.6299999999999748,-6.919999999999691,6.689999999999545,0.729999999999925,10.300000000007058,-58.09999999999365,0.5299999999999634,-0.7899999999998215,0.08999999999997588,1.2299999999998086,-1.229999999999812,-0.18000000000005834,3.209999999999139,0.18999999999994102,-0.049999999999991766,-6.299999999999526,0.12999999999999542,0.07061127779912464,30.227438672438666,5,13.654444444444438,0.032,0.596774193548387,0.0
12086007200,0.107145733103765,Moderate,58.0078125,0.2220435030752304,0.4825438782032862,0.1670486103615572,0.5463520732892982,0.1949768779735385,0.2863915163850101,0.6116257272502639,0.2770383957889035,0.7733731961183207,20.0,23.2,18.9,57.5,4.2,16.0,5.0,71769.88461538461,1162301.1538461538,False,39.666666666666664,23.34997791682002,13.19412962962963,647.0,2.0,36.0,0.5525502318392581,5.0,16.0,7.0,0.40494590417310666,0.0,-1.1399999999998696,0.22999999999993304,-4.009999999999736,0.36000000000005666,0.5200000000000722,-0.6400000000000062,4879.6999999995705,3971.899999999814,-0.999999999999969,-2.9199999999997646,2.3999999999997366,-0.26999999999995977,77.3999999999937,-37.299999999998164,-1.2999999999999232,0.7800000000000303,-0.22999999999998336,-2.059999999999814,2.0599999999998158,0.029999999999890902,2.3599999999993275,1.789999999999963,-1.779999999999977,-2.419999999999673,0.1199999999999869,0.06869216025496896,31.305590828924164,5,216.1174074074074,0.03580246913580246,10.380834621329212,0.0
12086007300,0.0368569722898641,Low,5.46875,0.0735427627969188,0.5011638248027352,0.0374552907789476,0.0793562295569432,0.4381028741963355,0.3998622668142922,0.652115483972415,0.10963023481489,0.9363822694736906,6.2,1.8,1.8,33.0,0.7,12.0,2.0,18968.55789473684,1080780.4421052632,False,39.666666666666664,30.626296296296303,14.375208333333333,354.0,3.0,18.0,0.6779661016949152,2.0,12.0,3.0,1.0,0.0,-2.579999999999757,0.299999999999989,-0.32999999999999285,1.5899999999998327,7.33999999999928,-0.9199999999999708,2764.699999999129,-1974.1000000002093,4.9463270615203264e-18,-3.9899999999999314,5.039999999999886,-0.3100000000000247,-92.37142857142213,-22.499999999989765,-0.5399999999999516,0.6899999999999835,0.5200000000000135,1.919999999999871,-1.9199999999998651,-1.9099999999999402,3.389999999998983,0.5399999999999577,0.25000000000006145,-7.489999999999759,-0.9899999999998772,0.08116197970935178,31.49061354873197,6,59.67370833333334,0.005070422535211268,0.5796610169491526,0.0
12086007403,0.0660332053478656,Low,20.1171875,0.1401898327045806,0.4710270643308073,0.0921187483785935,0.5178963562323491,0.2582678166965068,0.2798297517351414,0.5084225267875193,0.1882609170305677,0.7907188702025196,21.5,1.8,5.5,43.5,0.0,47.0,8.0,50226.62831858407,1128576.6902654867,False,120.0,120.0,0.0,0.0,0.0,0.0,0.0,0.0,0.0,0.0,0.0,0.0,3.6199999999998393,-0.4599999999999975,0.5800000000000283,0.2800000000000473,2.070000000000038,-0.5699999999999195,3181.2999999994513,3432.599999999935,-0.7899999999999028,-6.459999999999728,5.149999999999905,0.2899999999999282,213.7999999999901,-745.3000000000129,-1.4700000000000628,-3.409999999999871,0.540000000000001,-6.699999999999766,6.699999999999762,0.6999999999999336,7.449999999998647,-2.440000000000005,0.36999999999997596,-12.209999999999416,1.3599999999999681,0.10272394574366678,26.99051207024044,0,516.0,1.8,1.8,77.82999999999655
12086007501,0.0296161798506803,Low,3.515625,0.0630383591787799,0.4698120356636721,0.0175996712027579,0.0573099415204678,0.3620206920697837,0.3563369446413562,0.647094115731069,0.1084770471548018,0.9262984843556836,1.9,1.9,1.2,36.7,1.5,10.0,3.0,29501.0,1133903.656716418,False,120.0,52.44325,14.57161111111111,199.0,0.3333333333333333,12.333333333333334,0.6055276381909548,3.0,10.0,4.0,1.0,0.0,-1.0299999999999787,-0.03999999999998663,-0.32999999999995167,0.0,7.159999999998368,-0.2199999999999555,18394.399999998528,11617.69999999901,-0.17999999999999505,-3.299999999999618,4.949999999999505,-0.9299999999999502,21.299999999998548,-63.899999999992076,0.07000000000003069,-0.5099999999999653,0.5100000000000172,0.2999999999999941,-0.2999999999999968,-0.2699999999999514,3.3599999999991366,-2.5499999999998737,-0.019999999999990727,-11.399999999999281,1.109999999999929,0.091342660552799,36.05431985454438,6,17.91393888888889,0.0095,0.7494974874371859,0.0
12086007503,0.0592439375962446,Low,15.625,0.1448739033969615,0.4089345023990509,0.0940616547792089,0.1091724898404202,0.1753904202483999,0.2010048434902045,0.8492054770637097,0.195686152014714,0.7098992813525202,12.4,14.1,4.0,55.1,1.9,0.0,0.0,75221.71428571429,1100796.5357142857,False,120.0,120.0,0.0,0.0,0.0,0.0,0.0,0.0,0.0,0.0,0.0,0.0,-0.08000000000002909,0.02000000000006104,0.40999999999997494,-4.6199999999995445,4.009999999999294,4.461405150112602e-14,2860.2999999999797,6798.099999999758,-0.7600000000000009,-0.30000000000008914,2.6299999999997463,-0.14000000000000973,112.99999999997428,-6.100000000000571,2.249999999999783,-1.389999999999898,0.4199999999999273,-0.6600000000001038,0.660000000000099,0.37999999999999734,3.829999999999101,4.649999999999691,0.0,-9.969999999999285,-0.1699999999999838,0.10742743969408175,39.8021772875817,3,297.6,14.1,14.1,0.0
12086007601,0.0674437426158746,Low,21.6796875,0.1344381376515856,0.5016712057605569,0.065442535754747,0.0536227574586183,0.4386687021277715,0.3957018426764685,0.671920179369679,0.2034337395484242,0.9484425471702476,6.2,7.6,3.4,63.4,3.3,3.0,2.0,19969.153846153848,1141127.8205128205,False,120.0,40.298611111111114,15.86611111111111,79.0,0.3333333333333333,4.333333333333333,0.8670886075949367,2.0,3.0,2.0,1.0,0.0,-2.1699999999996638,0.3300000000000441,-0.7399999999999776,-3.919999999999486,5.340000000000028,0.10000000000001204,246.699999999888,4324.799999999612,0.9699999999999063,-1.5099999999998497,1.8399999999998897,-0.5999999999999689,32.699999999980825,-45.99999999999362,-0.16000000000002798,1.1400000000001091,-0.2799999999999869,-1.2399999999999416,1.2399999999999478,-0.6599999999999712,3.219999999998973,-0.18000000000005403,0.2999999999999911,-10.00999999999925,-0.1900000000000045,0.06936533519717053,35.72404902174545,5,50.430111111111124,0.095,1.0101265822784813,0.0
12086007603,0.128570452052279,High,72.4609375,0.2618307637083689,0.4910441012786515,0.1998988410937741,0.6204857846249462,0.2327502887632528,0.2218553459119496,0.5946719511647236,0.3237626863229635,0.7854571359283855,26.2,24.7,19.8,65.7,5.2,10.0,6.0,57504.025,1132283.125,False,22.905714285714282,24.09355692918193,18.098055555555554,678.0,4.333333333333333,45.333333333333336,0.5184365781710915,6.0,10.0,15.0,0.5457227138643068,0.45427728613569324,-1.3199999999999925,1.5900000000000059,-2.3199999999997383,1.6700000000000013,-0.6600000000001279,-2.2599999999998244,1555.1999999998427,2893.699999999749,-1.0499999999999043,-2.7700000000000076,2.469999999999869,1.5999999999998757,33.799999999995165,-136.89999999999355,1.3899999999998054,-0.029999999999989743,2.079999999999922,1.5899999999998913,-1.5899999999998906,0.8399999999998544,4.669999999998683,0.2599999999998346,-2.0599999999996403,-7.169999999999853,0.1599999999999776,0.07309050643982382,41.77345980392157,7,154.63094444444448,0.03637702503681885,11.89461651917404,0.0
12086007610,0.0500523803754016,Low,10.3515625,0.1239397963924716,0.4038443004771782,0.0720012243027208,0.0754068104217293,0.255407600314159,0.2572061977397045,0.6221983736550081,0.1758783684822224,0.8090025202552898,11.6,6.2,1.7,46.1,4.1,16.0,4.0,50058.81333333333,1108282.38,False,120.0,120.0,0.0,0.0,0.0,0.0,0.0,0.0,0.0,0.0,0.0,0.0,2.0299999999997658,-1.4199999999999529,-0.7400000000000315,-2.8199999999995073,-0.14000000000017646,-0.44999999999995144,4786.1000000000095,3351.6000000000354,-1.4599999999999302,-2.360000000000068,4.349999999999864,-0.6299999999999647,107.599999999993,-324.09999999999803,0.6299999999998809,-1.3100000000000303,0.059999999999971715,2.620000000000072,-2.6200000000000716,0.4500000000001746,6.6799999999986746,-1.7899999999997054,0.7499999999999177,-11.519999999999493,-0.8199999999999602,0.10272394574366678,26.99051207024044,0,278.4,6.2,6.2,23.54799999999728
12086007605,0.0965038303095417,Moderate,49.0234375,0.1709602978336037,0.5644809440111602,0.0950920584928847,0.4301624631687076,0.4439244858154446,0.3820092050410852,0.6201189292854414,0.2468285371743226,0.9461896367451222,15.3,4.8,10.3,68.3,0.4,17.0,4.0,19632.0,1152787.9047619049,False,30.0,45.33274509803921,15.867156862745098,418.0,2.5,23.0,0.6925837320574163,4.0,17.0,6.0,1.0,0.0,1.2599999999999605,0.4699999999999434,-1.4899999999998892,0.33999999999987346,4.459999999999897,-1.0499999999998764,1912.3999999996292,5179.699999999505,-0.15999999999993647,0.060000000000153986,0.7499999999998089,-0.5399999999999945,134.59999999998539,-180.19999999998757,1.6599999999998183,0.6099999999999616,-0.5700000000001205,0.5099999999999145,-0.5099999999999105,-0.3099999999998763,4.329999999998613,-2.0599999999996865,1.2399999999999,-10.28999999999946,-0.08999999999997473,0.058245211124943644,30.345003401360543,5,124.4325,0.011455847255369928,1.4755980861244018,19.277999999999395
12086007607,0.079818162202215,Low,31.640625,0.1693434660988682,0.4713388950927378,0.0434687822818004,0.0765022072783,0.3875665898917558,0.3615927130774235,0.606165257092796,0.295218149915936,0.9248677081234136,7.4,2.0,3.7,100.0,2.5,18.0,5.0,26113.824,1145549.608,False,120.0,120.0,0.0,0.0,0.0,0.0,0.0,0.0,0.0,0.0,0.0,0.0,0.18999999999999767,-0.8499999999999494,-0.32999999999993523,-2.799999999999611,14.069999999999588,-0.48000000000000104,5676.599999999043,4907.899999999589,-0.6199999999999797,0.8699999999998346,2.1599999999999846,1.020000000000058,198.09999999999536,-499.59999999999854,0.3199999999999799,-0.4500000000000008,1.749999999999993,0.20999999999995803,-0.20999999999996474,-1.6399999999997747,6.0099999999985,0.8100000000001933,-1.7399999999999993,-8.899999999999409,-0.07000000000003727,0.10272394574366678,26.99051207024044,0,177.60000000000002,2.0,2.0,1.4059999999999828
12086007708,0.095990641147707,Moderate,48.4375,0.1872314738163866,0.51268432166401,0.0882295415192361,0.0757293643618773,0.5173082341419932,0.405932858437738,0.6357191353864815,0.2862334061135371,0.92873201599196,12.1,6.9,23.7,74.1,0.0,14.0,3.0,14049.08653846154,1205960.451923077,False,120.0,120.0,0.0,0.0,0.0,0.0,0.0,0.0,0.0,0.0,0.0,0.0,-0.5499999999999804,0.6800000000000503,1.8400000000000576,0.1000000000000163,7.279999999999367,-0.5399999999999995,3207.999999999052,246.79999999997278,0.009999999999978823,1.1099999999999879,-0.7199999999999167,-1.5899999999999153,18.00000000000053,-899.4999999999949,0.9799999999999969,-1.1299999999999382,0.790000000000142,-2.82999999999996,2.829999999999955,-1.210000000000033,6.379999999998235,1.449999999999853,-0.9200000000000365,-10.07999999999934,-0.06999999999999662,0.10272394574366678,26.99051207024044,0,290.4,6.9,6.9,0.0
12086007706,0.0746280661433917,Low,28.125,0.1420166935858449,0.5254879849620024,0.0830007991302107,0.0788996796436245,0.5550371702725009,0.4380944725772311,0.5958617915627737,0.201032588041479,0.959546810753882,7.2,10.1,12.4,47.9,5.0,29.0,4.0,11253.825174825177,1174263.5314685316,False,120.0,120.0,0.0,0.0,0.0,0.0,0.0,0.0,0.0,0.0,0.0,0.0,-0.5800000000000136,2.4199999999997472,0.36999999999989464,1.429999999999591,2.5700000000004777,1.2999999999998502,14495.8999999985,5145.29999999947,-0.16000000000000023,-1.9499999999998443,2.649999999999866,-2.389999999999948,388.99999999995595,-537.8999999999968,0.9000000000000179,-0.06000000000003189,2.310000000000139,2.4699999999998608,-2.4699999999998625,-0.5299999999999776,3.4699999999984428,-1.5000000000002593,0.04000000000000153,-11.02999999999902,0.06000000000001312,0.10272394574366678,26.99051207024044,0,172.8,10.1,10.1,0.0
12086007704,0.066581048561335,Low,20.5078125,0.1155320211883714,0.5762995217817288,0.0520741402068773,0.5253731154427721,0.3904297006197295,0.3525084941805826,0.6749135021452479,0.1789899021698656,0.9382727965203116,8.9,2.2,6.7,47.4,3.0,5.0,1.0,25977.053571428572,1156556.875,False,30.0,30.054666666666662,17.40933333333333,170.0,1.6666666666666667,10.0,0.9411764705882353,1.0,5.0,2.0,1.0,0.0,-1.8599999999997998,-1.7899999999999423,-1.609999999999899,2.2899999999998903,0.03999999999996673,-1.089999999999879,3551.599999999357,3878.099999999545,-0.1500000000000819,-1.3599999999998396,3.749999999999684,-0.22999999999993928,138.79999999998986,168.79999999998913,0.45000000000004003,1.329999999999865,0.14000000000012544,-1.4199999999996884,1.4199999999996824,-0.12000000000007276,2.089999999998965,-1.149999999999949,0.2099999999999427,-10.099999999999524,-0.22000000000000572,0.08889074461803409,38.371940730837785,5,58.65693333333337,0.012865497076023392,0.1294117647058824,0.0
12086007705,0.0812776589265265,Low,32.6171875,0.1449073369521971,0.5608940212139767,0.0862323696492912,0.4811447577636878,0.39281469601564,0.3603916628598586,0.6276887200395355,0.203582304255103,0.9424302693911614,13.7,4.6,3.6,49.9,5.4,22.0,2.0,24836.063829787236,1119487.319148936,False,33.125,31.411136363636363,17.089886363636364,700.0,5.333333333333333,41.666666666666664,0.7157142857142857,2.0,22.0,4.0,1.0,0.0,1.7860251435430716,-0.9208223840944592,-0.7742489844880587,-1.2313021081494784,3.6117076270471746,0.946916059645649,2022.0307123143048,3225.8858646827066,-1.2773957837007734,-0.3533523952362542,0.6689034878739679,-2.1234894592520233,104.0232441511759,223.97921347165166,-0.5958195475197005,1.0458195475196523,1.551233576141571,-1.2604055188977663,1.2604055188977668,-0.2240433884644338,3.9882181677939426,0.35164476818889207,0.15890348787395284,-11.019588807951957,-0.3010279801180605,0.0665158377955235,29.363277045345228,6,94.66855681818181,0.006562054208273894,1.3077142857142854,24.46854446654008
12086007801,0.1088732905764214,Moderate,59.765625,0.1572914123596987,0.6921756817050302,0.0332523879253372,0.2809991079393399,0.8448927711069382,0.662015952191619,0.6803619825010669,0.2813304367940602,0.9926085947861868,6.7,0.0,2.6,100.0,0.8,5.0,1.0,2067.1428571428573,966425.5714285716,False,32.0,42.50416666666667,16.2375,80.0,1.6666666666666667,8.333333333333334,0.0,1.0,5.0,1.0,1.0,0.0,0.8299999999999527,-1.3599999999998258,0.33999999999998837,0.0,4.242462828403086e-15,-0.1000000000000058,10265.899999998863,21916.39999999817,-0.2899999999999314,-5.719999999999781,5.339999999999674,-1.4199999999999442,0.0,-88.69999999999267,0.5699999999998739,-0.08000000000003947,2.9699999999997,-0.5399999999999757,0.5399999999999736,-0.139999999999904,-1.7400000000006424,-2.0999999999998034,-0.3799999999999541,-6.72999999999956,-0.23000000000004514,0.06344238815674257,37.02133333333333,4,52.00875,0.0,0.0,5.560999999999683
12086007809,0.065203669413138,Low,18.5546875,0.1401959394915543,0.4650895714213321,0.1017157051907523,0.5951804517353313,0.2412987759106974,0.184333555696477,0.4810261248511804,0.1786761737923564,0.8236089489129746,14.2,10.5,14.5,35.5,1.5,24.0,12.0,55421.303797468354,1140624.7088607594,False,120.0,120.0,0.0,0.0,0.0,0.0,0.0,0.0,0.0,0.0,0.0,0.0,-1.9899999999995333,1.4299999999998223,1.149999999999766,-1.3099999999997558,-2.7299999999999045,-0.7099999999999609,7784.399999999303,2556.5999999995342,-2.9599999999995794,-0.3600000000000986,0.6999999999999614,0.22000000000007242,72.29999999999352,-704.4999999999993,0.5100000000000086,1.0699999999998682,0.6499999999999582,4.659999999999617,-4.659999999999621,-0.5699999999998963,2.2799999999986817,0.849999999999876,-0.32999999999992236,-9.379999999999283,0.14999999999993444,0.10272394574366678,26.99051207024044,0,340.79999999999995,10.5,10.5,0.0
12086007805,0.0551210890480053,Low,13.28125,0.1218255281212621,0.4524592661165331,0.0442186758220916,0.0631821235448948,0.3564301157111875,0.3248649709287314,0.5965967074376081,0.1994323804204326,0.9212224129602432,5.9,3.7,7.1,57.5,3.6,11.0,5.0,29191.102040816328,1090002.1734693877,False,9.36666666666666,16.6524642529188,17.964292929292927,811.0,2.8333333333333335,45.666666666666664,0.6621454993834772,5.0,11.0,11.0,1.0,0.0,0.03000000000003994,-0.24999999999999853,0.4499999999999526,-1.809999999999802,0.2900000000000186,0.11000000000003789,13170.599999998829,7714.099999999327,-1.0799999999999117,-2.489999999999878,3.4299999999997643,0.5699999999999644,67.79999999999714,-10.80000000000765,-0.3299999999999391,0.9899999999999382,0.39000000000001145,1.9499999999998048,-1.9499999999998032,-0.2399999999999585,4.029999999998673,-1.4399999999999153,-0.26000000000001144,-6.779999999999502,-0.07000000000001314,0.06266868596238175,52.923374368686865,7,35.61067171717173,0.004556650246305419,1.2500616522811343,0.17700000000023566
12086007806,0.0626129040292827,Low,16.796875,0.0825471071852604,0.7585111842715531,0.1026567466702625,0.8617305976806423,0.7074353045229501,0.5909504099816811,0.6500783970168699,0.0624374677002583,0.9823612121556222,15.3,5.6,0.0,0.0,3.2,20.0,1.0,4422.063829787234,1015180.3617021276,False,35.0,43.246249999999996,16.10527777777778,308.0,3.6666666666666665,27.333333333333332,0.0,1.0,20.0,2.0,1.0,0.0,1.9114055805820513,1.0598798198087722,-0.005341206211982204,-0.011432055401084718,-13.31180687688772,-0.30149928595419895,159.24572057594557,13098.223609970839,-0.3988083049811741,-3.093159507833403,2.9629985719081486,-0.4620615181871008,3.1878567602043995,-78.82350654183868,-0.16672031197509285,0.43506009009551133,1.6621552235591703,0.821886301346555,-0.8218863013465568,-0.3344041524905696,-0.21534120621257893,-1.6252739756586814,-0.008500714045762435,-6.808875535534054,-0.05665308142191599,0.0652148877469147,59.29111742424243,5,120.78924999999998,0.018122977346278317,5.6,29.244505382905388
12086007807,0.0511268643364611,Low,10.7421875,0.0996429493068591,0.5131006728736167,0.0302737036981772,0.1091724898404202,0.3299354287180669,0.3037042878725811,0.9322881079906262,0.1690121949155411,0.8904030499463895,4.0,2.8,5.7,47.9,4.2,0.0,0.0,33858.42424242424,1102319.7474747477,False,120.0,120.0,0.0,0.0,0.0,0.0,0.0,0.0,0.0,0.0,0.0,0.0,0.17999999999988614,-0.630000000000004,0.30999999999997163,1.4199999999999202,-3.469999999999931,0.060000000000009,13544.500000000398,1884.1999999999825,-1.209999999999939,-2.0899999999998435,2.7799999999998466,-1.2400000000000027,18.600000000005444,24.300000000004427,-0.8099999999999972,0.9999999999999994,-0.8100000000000226,3.349999999999964,-3.349999999999958,-0.3799999999999956,1.3499999999989936,0.7999999999998778,-0.0399999999999787,-8.659999999999494,-0.5999999999999714,0.05253741592841188,32.70894234553325,7,96.0,2.8,2.8,0.7199999999995446
12086007901,0.0954078055336734,Moderate,47.265625,0.1851988102959233,0.5151642463643495,0.1506788867417175,0.4295300130723355,0.3354903221717867,0.2995293414682984,0.6575668143630523,0.2197187338501292,0.853704740746275,10.4,24.9,0.0,72.1,1.6,9.0,2.0,32140.46017699115,1076899.8053097343,False,50.29444444444443,30.414583333333336,18.582048611111112,308.0,1.8333333333333333,15.666666666666666,0.7272727272727273,1.0,8.0,2.0,1.0,0.0,1.4799999999999105,4.969999999999761,-0.5199999999999666,0.0,3.7999999999999123,0.49999999999994005,-7588.200000000423,-1167.4999999998108,0.01000000000001801,-7.04999999999974,3.5299999999999314,-0.41999999999992427,61.200000000000266,146.29999999998861,-0.3299999999999565,0.9699999999999446,0.8800000000000447,1.8399999999999583,-1.839999999999953,-0.989999999999976,4.289999999998865,1.7899999999998077,-0.6899999999999834,-12.29999999999922,1.1400000000000299,0.07863878270563714,48.62122907788472,8,56.34669444444443,0.08058252427184466,6.79090909090909,15.39199999999907
12086007902,0.0535377303444007,Low,11.9140625,0.1167773773843763,0.458459776572817,0.0408913699815078,0.1064000979517587,0.3531645634639251,0.3310988873773519,0.6585143035244961,0.1926633847872448,0.843121030546553,8.1,1.6,4.4,55.1,3.6,10.0,2.0,28775.31168831169,1056474.2337662338,False,46.29,36.52108333333333,17.75958333333333,265.0,3.3333333333333335,17.0,0.49056603773584906,2.0,10.0,2.0,1.0,0.0,0.6499999999999518,0.04999999999999936,-0.11999999999990973,0.7700000000000357,1.8500000000002033,0.27000000000000185,13374.999999998294,6323.999999999351,-0.56999999999997,-4.009999999999539,5.939999999999559,0.16000000000007833,360.1999999999705,59.79999999999591,-0.3299999999999491,0.030000000000000655,-0.019999999999963144,-0.9499999999999434,0.9499999999999321,-1.499999999999955,3.8299999999990284,1.2699999999999378,7.421296075841515e-15,-9.859999999999458,0.41999999999998305,0.10175701956472952,32.07724339896215,5,50.54737500000001,0.006015037593984963,0.8150943396226416,5.26499999999961
12086008000,0.0741765300965443,Low,27.734375,0.1145146407766891,0.6477471316632195,0.0554943250522442,0.0750659555488071,0.7520590726685246,0.7385109461294165,0.682129593750702,0.173534956501134,0.9909700902186472,8.3,2.9,0.8,56.1,1.2,3.0,1.0,3253.054794520548,940769.7397260274,False,60.99999999999999,31.29666666666667,19.283333333333335,111.0,1.0,6.0,0.7027027027027027,1.0,3.0,1.0,1.0,0.0,1.8099999999998388,0.5399999999999697,-0.22999999999996745,0.9499999999999147,5.139999999999369,0.2399999999999362,2133.700000000129,2552.499999999465,-1.199999999999884,-0.3599999999999221,0.839999999999992,-1.5599999999998608,40.49999999999575,-331.09999999996893,0.8499999999999229,-1.7299999999998104,-0.1499999999999309,-1.949999999999835,1.949999999999839,0.6199999999999125,0.509999999998921,0.5599999999999776,-0.539999999999989,-11.4599999999993,0.41999999999997684,0.0607249526451434,37.526573713323714,7,39.148333333333326,0.02589285714285714,0.862162162162162,15.022999999998664
12086008101,0.026682865978232,Low,2.5390625,0.0380271333374732,0.7016796596639014,0.0268893478615458,0.2035682426404995,0.9413353005020167,0.6996168582375479,0.6679761242895972,0.0491649188134005,0.995901772649846,5.4,0.0,2.8,0.0,4.9,11.0,1.0,1257.84,968587.06,False,36.0,43.36363636363636,16.082323232323233,169.0,2.0,14.666666666666666,0.0,1.0,11.0,2.0,1.0,0.0,0.24000000000016242,-0.7099999999999362,0.4299999999999834,0.0,0.0,0.7899999999998409,17537.299999997867,5301.499999999194,0.5799999999999647,-6.699999999999478,4.309999999999685,0.7500000000000887,875.2500000000479,-100.4999999999905,-0.6299999999998904,0.389999999999981,-0.39999999999993835,0.7099999999999362,-0.7099999999999361,-0.12000000000000079,1.1499999999993542,-2.379999999999693,0.8499999999999398,-10.12999999999931,0.789999999999957,0.057321737600694436,54.71058333333334,5,42.75545454545454,0.0,0.0,1.2960000000008771
12086008102,0.0575892897770545,Low,14.6484375,0.1033934021183485,0.5569919220874009,0.0134813451572256,0.2035682426404995,0.4904395215560446,0.4620111327983806,0.6659874879259609,0.1933054590794714,0.9629532255161186,2.8,0.0,3.2,62.2,4.0,12.0,1.0,13132.69172932331,980984.6917293234,False,36.0,43.0,16.106898148148147,186.0,3.0,16.0,0.0,1.0,12.0,2.0,1.0,0.0,-2.409999999999708,-0.9899999999998829,-0.47999999999994475,0.7199999999999938,4.370000000000112,-0.19000000000003622,8867.199999999466,6507.79999999951,-0.6799999999999659,-5.129999999999677,5.359999999999592,-1.909999999999834,84.69999999995841,-160.39999999999208,1.0299999999999534,0.8099999999999692,1.0300000000000218,-1.1999999999999458,1.1999999999999418,-1.9099999999997603,2.3099999999991447,1.5999999999997807,-0.34000000000000574,-6.639999999999429,-0.9399999999999554,0.05035515562944515,46.2736325101666,6,22.100685185185185,0.0,0.0,0.0
12086008202,0.0661953638269316,Low,20.3125,0.1046630583251674,0.6324615856463484,0.0506226282782417,0.3245001982357021,0.577162036737029,0.5953314185061174,0.6823506188647034,0.158703488372093,0.9829636558881896,8.5,1.8,0.0,47.7,2.7,4.0,1.0,5441.487804878048,636648.4756097561,False,36.0,41.666666666666664,16.211597222222224,64.0,2.0,5.333333333333333,0.0,1.0,4.0,1.0,1.0,0.0,0.8399999999998995,0.2299999999999698,-1.0999999999999603,1.7099999999999447,4.889999999999507,-0.24999999999997163,14570.899999999072,5399.299999999677,-0.26999999999997987,-3.219999999999795,1.9599999999998228,0.2800000000000278,75.59999999999313,2.0999999999987247,0.2999999999999996,-0.23999999999999322,-0.7999999999999673,1.1999999999999942,-1.1999999999999953,0.520000000000014,2.579999999999255,3.2699999999998735,-0.2199999999999668,-7.319999999999643,0.8499999999999479,0.067513178140529,34.74180994245809,6,66.2014236111111,0.027692307692307693,1.8,7.139999999999146
12086008205,0.0411030997641296,Low,6.25,0.0569902805468998,0.7212299951796879,0.0208863304764656,0.3240162553275845,0.8795279998623696,0.7530726917844679,0.6549458633780354,0.0930942306173341,0.994587165545982,1.5,2.7,1.2,30.2,1.9,8.0,3.0,1432.1090909090908,800944.8363636363,False,36.0,36.01,14.239791666666667,135.0,1.5,14.0,0.0,3.0,8.0,5.0,0.8222222222222222,0.0,-0.3899999999999585,0.010000000000030351,-0.679999999999947,-2.7899999999995084,2.6100000000001704,0.14999999999997457,2165.0999999992887,5253.699999999339,0.13000000000000542,-5.08999999999969,4.449999999999677,0.6300000000000258,373.6999999999744,79.89999999998327,0.2600000000000598,0.2799999999998546,1.260000000000005,0.41999999999999876,-0.42000000000000326,-0.2899999999999538,2.349999999999236,2.2299999999997344,-0.15000000000002423,-5.879999999999653,-0.109999999999944,0.04768489635463144,40.02372727272727,5,14.6403125,0.01985294117647059,2.7,0.0
12086008206,0.067416083840358,Low,21.484375,0.1242106563752892,0.5427560388753402,0.0351230205465232,0.1261373773416592,0.4785089335067327,0.468455732534385,0.6784036154727408,0.2132982922040553,0.9622745355211834,3.7,3.6,0.4,69.9,5.1,6.0,1.0,10613.787037037036,745366.2222222222,False,120.0,44.333333333333336,15.972175925925926,90.0,0.0,8.0,0.0,1.0,6.0,1.0,1.0,0.0,-0.0599999999998681,0.39000000000001583,-1.5199999999998475,-1.0900000000003334,8.170000000000005,-0.6699999999999182,-5066.499999999927,4421.899999999561,0.12999999999999712,-6.329999999999666,4.069999999999759,-0.8099999999998914,41.09999999999804,-35.70000000000164,0.3599999999999668,-0.3199999999999914,-0.17999999999993163,-2.2500000000000338,2.2500000000000333,-0.129999999999997,3.899999999999167,-0.41999999999984317,-0.5099999999999438,-7.239999999999708,0.6099999999999378,0.053282779515902545,32.112040692789144,7,29.702949074074073,0.039560439560439566,3.6,0.0
12086008207,0.0125597120809684,Low,0.78125,0.0173607935248714,0.723452649959528,0.0139396162295269,0.3245001982357021,0.8540381950502084,0.7703821997901373,0.6726557831839522,0.0207819708202159,0.9956868735376396,2.4,0.4,1.0,0.0,2.1,4.0,2.0,1321.878787878788,647948.0303030303,False,36.0,38.125,15.496875000000001,64.0,1.5,6.333333333333333,0.0,2.0,4.0,3.0,0.75,0.0,-0.5499999999999919,-0.010000000000016352,-0.4899999999999136,0.0,-20.399999999997565,-1.689999999999828,14066.299999997922,6349.399999999147,-0.3099999999999699,-2.6099999999999164,2.26999999999995,-1.5799999999998642,0.0,66.40000000001234,-0.5899999999999774,-0.38000000000002604,-0.9199999999999727,0.7799999999999524,-0.7799999999999443,-0.25999999999999973,-0.950000000000521,-1.660000000000051,0.4400000000000065,-6.809999999999684,-0.24999999999995623,0.06534712484487185,39.539652777777775,4,20.407499999999995,0.006153846153846155,0.4,0.0
12086008208,0.0893478619964041,Moderate,41.796875,0.1740031740022095,0.5134840930848167,0.0992322532434654,0.1842105263157895,0.3665436078264786,0.4316104002506084,0.6354649909023519,0.2487740947609537,0.9495909401288556,7.9,13.0,16.5,59.2,6.2,16.0,3.0,13571.219047619048,533975.9428571429,False,120.0,38.513888888888886,12.262864583333334,263.0,0.0,19.333333333333332,0.7053231939163498,3.0,16.0,5.0,0.9657794676806084,0.0,-0.05000000000008226,2.689999999999914,-0.3500000000000282,-0.2300000000000296,0.6099999999997321,0.5199999999999222,2946.4000000000337,3118.599999999844,-0.4399999999997628,-1.2300000000001028,1.8399999999998702,-1.6499999999996944,151.29999999999035,-47.70000000000111,0.7999999999999089,-0.7599999999999473,0.7599999999999404,-2.1899999999996167,2.189999999999621,-0.26000000000009643,3.7199999999988225,2.039999999999752,0.2699999999998872,-7.569999999999614,-1.5199999999998903,0.09809083229539668,35.44084622742578,7,92.72336979166667,0.04924242424242424,3.830798479087453,0.0
12086008209,0.0866739519480682,Low,39.2578125,0.1314819319368574,0.6592080803139732,0.0859670402500504,0.3245001982357021,0.6076606130507266,0.6917463983176411,0.6840062925399285,0.1769968236236642,0.9881268994258676,12.0,5.4,8.4,40.2,3.4,3.0,1.0,3909.162162162162,535548.5765765766,False,120.0,36.14861111111112,13.28240740740741,40.0,0.0,5.0,0.0,1.0,3.0,2.0,1.0,0.0,0.10998327642427026,0.8499579650659335,1.4698747991748693,-2.450066442314909,-2.9298743471857445,-2.2699742366530273,12138.788328007102,3011.4765578179913,0.38999412414898144,-4.9599927681830485,2.9400063278392627,0.47996836080229976,164.40748041029858,-146.80343059299736,0.07999005625205723,0.19001853153010015,1.0699579650658115,-0.1698106168023548,0.16981061680235052,-2.5763346667664082e-05,2.0099218059820987,-1.9500587585100082,1.0799905082406402,-7.099994124148354,-0.29999593210310427,0.07711190282533029,37.749870230078564,6,128.6111111111111,0.13170731707317074,5.4,1.3197993170912432
12086008313,0.0823900288574182,Low,34.5703125,0.1489369753258668,0.553187203360031,0.107703076837938,0.0755417577781571,0.6126529441471248,0.5408819988184177,0.5487576936900509,0.1901708738137955,0.9881016223664044,10.4,11.4,23.7,31.1,3.2,54.0,3.0,4777.565517241379,671645.4344827586,False,120.0,120.0,0.0,0.0,0.0,0.0,0.0,0.0,0.0,0.0,0.0,0.0,0.2999999999999182,-1.2399999999998994,-1.0300000000000014,11.959999999999622,-8.559999999999942,-0.8300000000000297,3620.4999999998454,2068.800000000061,-1.769999999999899,-0.7899999999998537,2.109999999999829,-0.14999999999997504,104.19999999999494,-809.1000000000125,-1.2899999999997835,0.9199999999999127,0.919999999999997,-3.5099999999995584,3.5099999999995597,-1.4299999999997361,4.989999999998952,3.309999999999739,-4.139999999999742,-2.539999999999879,0.43999999999997624,0.10272394574366678,26.99051207024044,0,249.60000000000002,11.4,11.4,3.1199999999991497
12086008305,0.0815682808368463,Low,33.203125,0.1426316799286409,0.5718805308726312,0.0671260230485527,0.0794977333312466,0.5667764601709979,0.6097505418407445,0.6234359767055282,0.2181373368087291,0.9799419423146388,9.3,4.4,10.1,56.8,4.0,9.0,4.0,5942.301886792453,658869.4905660377,False,23.46875,16.588216378957117,17.773456790123458,691.0,4.333333333333333,42.0,0.650506512301013,4.0,9.0,8.0,1.0,0.0,0.6800000000000551,0.290000000000017,-0.04999999999991804,-1.1799999999997837,3.319999999999809,0.3599999999999766,2043.299999999313,4117.199999999707,0.34000000000001984,-5.28999999999949,3.449999999999584,-1.4599999999999393,72.09999999999164,162.0999999999869,-0.3199999999999929,0.5799999999998997,0.759999999999935,-1.1600000000001025,1.1600000000001027,1.0499999999999743,3.259999999998996,-1.2199999999999431,-0.18999999999998132,-9.359999999999431,0.18999999999998535,0.05166223521634152,39.19559027777778,7,57.90685185185185,0.006358381502890174,1.537771345875543,6.324000000000513
12086008310,0.0892791940974601,Moderate,41.6015625,0.1772708702717324,0.5036314988503587,0.0847335575661339,0.0900029735355337,0.4297240304140546,0.4677712715969059,0.5622757036637689,0.2698081829773309,0.9683835150415304,6.4,11.1,23.2,65.2,4.7,20.0,7.0,10309.03,562461.66,False,120.0,120.0,0.0,0.0,0.0,0.0,0.0,0.0,0.0,0.0,0.0,0.0,-0.41999999999999277,1.8699999999999208,0.379999999999965,1.7429155431479607e-14,2.4399999999999715,-0.5500000000000007,3943.599999999689,2383.699999999837,-1.2899999999999285,-0.6300000000000556,1.4599999999999431,0.6499999999999799,-61.79999999999426,-889.2999999999936,0.9099999999999702,0.12000000000000918,0.43999999999994116,2.27000000000004,-2.2700000000000413,-2.2700000000000085,3.079999999998822,2.1499999999997947,-3.0499999999997898,-6.129999999999861,-0.6199999999999326,0.10272394574366678,26.99051207024044,0,153.60000000000002,11.1,11.1,0.0
12086008315,0.0869167657606594,Low,39.6484375,0.1309968636335743,0.6635026469319436,0.097577842564532,0.5083754584200616,0.6433781679702405,0.5636687547934267,0.6114528578969831,0.1644158847026167,0.9906379955790058,13.8,5.9,17.5,23.9,3.0,25.0,3.0,3683.712643678161,607101.908045977,False,120.0,120.0,0.0,0.0,0.0,0.0,0.0,0.0,0.0,0.0,0.0,0.0,0.12000000000011327,0.3899999999999278,-0.9300000000001838,-3.700000000000648,-8.289999999999168,-0.3500000000000258,8954.699999999331,2051.899999999776,-0.5099999999999911,1.1400000000000698,0.09999999999991904,-1.8099999999999934,105.49999999999442,-383.8000000000049,1.0099999999998952,-0.7699999999998659,1.0899999999999004,2.8899999999999855,-2.8899999999999872,-0.9199999999995868,7.9299999999983815,0.9500000000000769,1.2499999999998357,-11.609999999999172,-0.7399999999999506,0.10272394574366678,26.99051207024044,0,331.20000000000005,5.9,5.9,1.656000000001563
12086008308,0.1169673837975702,Moderate,64.84375,0.179871495566211,0.6502830447335353,0.1051608397721656,0.4782286704929898,0.5643713134268219,0.5535133376707873,0.6678761765168363,0.2545821513602564,0.9874257255602408,17.5,3.8,30.5,37.2,5.0,10.0,1.0,5201.571428571428,569606.1428571428,False,120.0,33.16,16.802972222222223,310.0,1.6666666666666667,19.333333333333332,1.1129032258064515,1.0,10.0,1.0,1.0,0.0,1.6910730075090652,-1.002064895563611,0.6728103494876986,-2.211899580887699,-5.279176502387395,0.23470993037586663,7504.438229911397,1354.5741955626763,-0.4180162238908757,2.1480131481243463,0.09363692286666318,-2.008677482593828,122.68833569969722,298.22011458002805,-1.3661977624575934,0.43363692286658406,-0.9666937064848297,-0.6857890894178228,0.6857890894178231,1.7669401406151568,3.973802237540787,3.394292030036697,-1.0579289529035942,-8.355377340610728,-0.2899999999999705,0.15073467659300377,26.21942697608274,6,125.94798611111109,0.012218649517684886,-0.4290322580645157,29.593777631408642
12086008309,0.1580284771107819,High,89.6484375,0.2900043933099141,0.5449175279972545,0.1574309456530363,0.4854299507030681,0.3489428757574423,0.3992318422666141,0.5426037805782061,0.4225778409667919,0.948379190680942,21.5,11.7,50.4,51.0,18.0,44.0,4.0,14824.231481481482,532506.0370370371,False,28.557692307692307,27.27820420110193,17.671180555555555,2121.0,13.333333333333334,116.33333333333333,0.7866572371522866,4.0,44.0,8.0,1.0,0.0,-4.729999999999642,-0.10000000000010496,-0.8800000000000818,-1.079999999999916,-4.389999999999427,0.25000000000023703,2345.099999999781,1988.1999999997734,-3.449999999999748,1.1100000000000798,-0.5999999999999203,-3.959999999999684,66.09999999999872,-178.39999999999637,1.6299999999998664,-2.209999999999791,0.2299999999999582,-2.349999999999831,2.349999999999831,1.6099999999999257,2.6199999999993016,3.4799999999993108,-3.2799999999993936,-2.6399999999998696,-0.19999999999997406,0.12806375770319403,32.98739050910103,6,136.06961805555557,0.0055136663524976435,2.4961103253182464,0.0
12086008429,0.081570384805941,Low,33.3984375,0.1386297976099488,0.5884044138580428,0.090461489197759,0.4252330727116895,0.4908374146416704,0.4462667534157449,0.6121822702563066,0.1867981060221387,0.967502558264802,17.7,1.0,12.2,38.3,0.9,31.0,2.0,12684.072,949426.352,False,120.0,120.0,0.0,0.0,0.0,0.0,0.0,0.0,0.0,0.0,0.0,0.0,1.430000000000035,-0.11000000000004252,-0.5599999999996704,-2.2599999999999976,-11.129999999998267,-1.1499999999999662,7489.299999998752,216.39999999968316,0.8999999999998816,-8.979999999999544,5.469999999999421,-0.5999999999998024,65.90000000000559,-262.1000000000077,-1.910000000000017,3.719999999999993,-1.389999999999885,-1.7800000000002132,1.7800000000002068,-0.6100000000000739,8.019999999998502,-0.5100000000001012,-0.20000000000000873,-11.239999999999498,-0.3199999999999997,0.10272394574366678,26.99051207024044,0,424.79999999999995,1.0,1.0,25.311000000000618
12086008423,0.0954945871359141,Moderate,47.4609375,0.165422242199792,0.5772777944853308,0.0838588401537337,0.5187254487691129,0.4349841623216433,0.3912297662063329,0.6044793140822607,0.2469856442458504,0.9369702810473044,17.5,0.4,11.2,63.5,1.0,19.0,5.0,18034.593220338986,1011117.1525423728,False,120.0,120.0,0.0,0.0,0.0,0.0,0.0,0.0,0.0,0.0,0.0,0.0,1.6199999999999841,-0.260000000000002,0.40000000000000513,-3.2300000000000977,3.3400000000001264,-1.189999999999876,2853.199999998889,1335.5999999997744,-0.4099999999999579,-0.8799999999999678,0.3899999999999555,-1.2299999999999858,91.1999999999941,-298.8000000000193,-0.19999999999999132,0.5200000000000111,-0.44999999999986184,1.2699999999998086,-1.269999999999808,0.949999999999961,8.179999999998463,-1.8800000000000132,-0.04999999999999675,-13.689999999999072,0.4700000000000007,0.10272394574366678,26.99051207024044,0,420.0,0.4,0.4,28.34999999999972
12086008409,0.0606809308094849,Low,16.2109375,0.1222272995609554,0.4964597191253747,0.0525819836609132,0.0814102315479192,0.4102288195467136,0.4282960346720919,0.6233995159152682,0.1918726154609977,0.93896399394488,6.7,4.5,4.5,51.6,5.9,14.0,3.0,16779.05442176871,827627.7619047619,False,15.0,17.28236111111111,14.109484126984126,907.0,4.166666666666667,49.666666666666664,0.4718853362734289,3.0,14.0,6.0,1.0,0.0,0.4599999999998558,0.5499999999999339,0.5199999999999415,-2.0599999999997483,9.369999999999012,0.9499999999999668,-1693.9999999996296,864.0999999999505,-0.7699999999999497,-1.1299999999998478,2.6899999999998596,-0.7899999999999865,166.49999999998647,-29.599999999992736,1.3299999999998726,0.2699999999999799,0.43000000000000027,0.06000000000002463,-0.06000000000002759,0.21000000000005067,1.7499999999990599,-2.0000000000000377,0.27000000000006874,-5.329999999999737,0.329999999999951,0.0541963617045528,49.01233566086821,7,66.26645634920635,0.004955947136563877,2.37651598676957,3.081999999999034
12086008421,0.0422377261621663,Low,7.2265625,0.0772599272472378,0.5466964268164823,0.0443756616777124,0.0853404698186143,0.5612658012444515,0.5004120581218824,0.6111745372554306,0.1101441928167631,0.9752892676420328,7.2,1.9,5.4,19.6,4.8,13.0,5.0,8291.8,893532.8857142857,False,120.0,120.0,0.0,0.0,0.0,0.0,0.0,0.0,0.0,0.0,0.0,0.0,0.059999999999996605,-0.5099999999998956,-0.6799999999999294,-0.42000000000037024,-1.6499999999996022,0.11999999999998395,24342.39999999725,3231.0999999995847,-0.059999999999999935,-1.5299999999998948,1.8399999999998122,-0.25999999999996987,193.29999999998333,-298.69999999999067,2.27999999999994,-0.8699999999999516,1.3799999999999826,-0.5399999999998584,0.539999999999853,-0.01999999999994638,5.459999999998408,1.119999999999867,-0.5199999999998981,-7.199999999999552,-0.5199999999999798,0.10272394574366678,26.99051207024044,0,172.8,1.9,1.9,0.43199999999997557
12086008431,0.1601066383691642,Critical,90.4296875,0.2673120468909499,0.5989503287686837,0.2148021282650474,0.5391019922688076,0.4697641313937115,0.4000096387864768,0.6458228036480446,0.3198219655168523,0.9400530777463784,31.2,14.5,12.8,69.9,3.2,10.0,3.0,14703.5625,986896.3125,False,120.0,120.0,0.0,0.0,0.0,0.0,0.0,0.0,0.0,0.0,0.0,0.0,5.039999999999589,-0.3599999999996094,-0.9999999999999831,-2.2699999999994818,7.4699999999990165,0.2699999999999874,1311.3000000002303,757.5999999999719,-1.2199999999997795,-2.329999999999937,1.6899999999999065,-3.5099999999997586,391.5999999999663,-810.7000000000098,5.909999999999899,-0.8199999999999023,6.059999999999817,7.07,-7.0699999999999985,-0.16999999999993412,3.309999999998236,-3.4599999999999076,0.339999999999799,-11.829999999998831,0.6899999999998977,0.10272394574366678,26.99051207024044,0,748.8,14.5,14.5,157.24799999998717
12086008426,0.0250686208712722,Low,2.1484375,0.0406595261278372,0.6165497549689656,0.0356973976062042,0.0487065120428189,0.7321589601801287,0.6660160485794838,0.6442728760922793,0.0456216546494702,0.991594377950117,1.6,5.6,5.3,0.0,5.1,15.0,2.0,2750.3088235294117,717556.3602941176,False,120.0,120.0,0.0,0.0,0.0,0.0,0.0,0.0,0.0,0.0,0.0,0.0,-0.43999999999995265,1.329999999999942,-1.3599999999998296,-3.7999999999999967,-16.349999999998158,0.6799999999999222,12160.799999999217,3185.5999999996134,0.18000000000003816,-2.049999999999833,2.5199999999999463,-1.5399999999998393,0.0,-524.2999999999945,0.2199999999999794,0.770000000000034,1.0599999999998426,4.909999999999799,-4.909999999999805,0.44999999999992946,0.8799999999990149,-1.820000000000033,0.9100000000000863,-9.259999999999495,-1.0599999999999754,0.10272394574366678,26.99051207024044,0,38.400000000000006,5.6,5.6,0.0
12086008415,0.0123565623885916,Low,0.390625,0.0192524267792383,0.641818433087973,0.0089582809983061,0.0177341659232827,0.818818494912324,0.6958232184374439,0.6813517307994699,0.0295465725601706,0.9953645553673448,1.1,0.7,2.8,0.0,3.6,4.0,1.0,1719.6854838709678,702515.0322580645,False,120.0,53.5,16.861874999999998,80.0,0.6666666666666666,4.0,0.725,1.0,4.0,1.0,1.0,0.0,-1.9500190180978174,-0.08000836796313691,-0.4900471648830467,-5.4598782841725155,-24.539969571039787,-0.02001369303064055,15813.625836109022,7821.265341417353,-0.16001445375449286,-2.7199992392757477,2.9200304289566095,-1.289989349865079,0.0,-162.20560653529714,1.4100144537544432,-1.5100030428955673,1.3399901105889693,0.2601627949192251,-0.2601627949192263,-1.6599984785519688,2.499918602539811,-3.530026625337124,0.6499817426258556,-9.31994979222057,1.049990871312951,0.0711246058231656,16.935288745034114,4,7.851937500000004,0.008641975308641974,0.1925,0.0
12086008416,0.0798266935969148,Low,31.8359375,0.1551434907762145,0.5145345976007479,0.0501481767274963,0.0418743768693918,0.4687499359726794,0.4490108195378201,0.6486498416335333,0.2601388048249326,0.9643880139903148,8.7,1.7,13.1,75.8,1.7,8.0,3.0,12599.527777777776,841248.3611111111,False,11.431250000000006,18.00595238095238,18.22222222222222,459.0,3.1666666666666665,21.666666666666668,0.8311546840958606,3.0,8.0,3.0,1.0,0.0,0.63999999999998,-0.509999999999974,-0.13000000000012923,-1.1300000000000385,1.1800000000001634,-1.387572551908389e-14,-2549.6000000001272,1364.8999999999066,-1.1399999999998904,-4.579999999999657,3.899999999999773,1.0399999999999694,88.19999999999258,-47.29999999999368,1.1399999999998887,0.05999999999991308,1.4899999999999447,-3.659999999999644,3.659999999999644,-0.6999999999999804,4.339999999998612,-1.5499999999999319,-0.3399999999999541,-12.259999999999215,0.030000000000016926,0.0750960861744767,30.421957671957674,5,50.26666666666667,0.0036956521739130435,0.28703703703703703,5.5679999999998255
12086008425,0.0977265053529338,Moderate,50.0,0.1587952064792081,0.615424782143721,0.1118561656411283,0.5253731154427721,0.5101897520442642,0.4718780372217803,0.6012313554372487,0.2057342473172878,0.96845165057254,14.8,8.3,19.1,35.0,4.2,18.0,5.0,10044.2,831006.5333333333,False,120.0,120.0,0.0,0.0,0.0,0.0,0.0,0.0,0.0,0.0,0.0,0.0,-0.3200000000003147,-1.7799999999998852,-1.5200000000001566,3.4199999999995763,-1.0600000000001304,0.24000000000006477,9008.09999999961,5138.499999999637,-0.0300000000000389,-3.859999999999695,0.06000000000001901,-1.3299999999997936,45.29999999999597,-651.2000000000024,1.4599999999998023,1.50000000000002,1.1399999999998882,5.120000000000016,-5.120000000000021,-0.9799999999999921,1.7999999999983123,-2.6900000000001882,-0.3700000000000215,-10.319999999999235,-0.05000000000004646,0.10272394574366678,26.99051207024044,0,355.20000000000005,8.3,8.3,0.0
12086008418,0.0589082722574326,Low,15.4296875,0.1123658063558073,0.5242544344041737,0.0563437083301335,0.1118540138399314,0.4682555696213027,0.42801031350153,0.650011961722488,0.1683879043814811,0.9631403133356166,9.0,2.7,4.8,44.7,3.2,8.0,3.0,11905.833333333334,792900.8333333334,False,30.0,23.82661203379953,17.672881944444445,324.0,2.3333333333333335,22.666666666666668,0.7870370370370371,3.0,8.0,3.0,1.0,0.0,1.389999999999718,-0.5199999999999987,-0.30999999999998107,-6.649999999999278,1.8699999999999537,0.139999999999961,2314.299999999635,3142.7999999997332,0.719999999999954,-3.069999999999744,3.3799999999997974,-0.789999999999991,107.49999999999001,-35.800000000002356,-0.5099999999998078,-2.8199999999997805,0.9299999999999118,2.49999999999989,-2.49999999999989,0.30999999999994376,4.90999999999845,0.6799999999999502,-0.10999999999999088,-9.459999999999415,-1.0699999999998875,0.0660844906129029,26.623605098605097,3,56.9440625,0.008307692307692308,0.5749999999999998,12.509999999997461
12086008419,0.0750960861744767,Low,28.3203125,0.1506639784645037,0.4984342438041305,0.1071033549633778,0.0593458675800641,0.4216261330044938,0.4084098412009928,0.65075955533841,0.1942246019656297,0.952029821896692,9.6,12.9,20.3,37.6,3.1,7.0,3.0,15541.4,813146.0,False,120.0,30.421957671957674,17.803769841269844,272.0,1.0,13.333333333333334,0.8768382352941176,3.0,7.0,3.0,1.0,0.0,-0.41999999999979587,2.909999999999828,1.6499999999999817,0.21999999999994235,-5.959999999999301,-0.5199999999999867,2519.1999999996083,1947.099999999795,-0.33999999999997343,0.6299999999999853,0.6799999999999765,-0.20000000000001475,57.599999999994395,56.19999999999776,-1.2499999999999312,1.3899999999999526,-0.4499999999998736,-2.1299999999998565,2.12999999999986,-0.4699999999999137,2.649999999998561,-1.6799999999997421,2.349999999999775,-11.07999999999937,-0.24999999999997072,0.06526928696855884,21.552605646668145,7,59.4838095238095,0.04725274725274725,1.5887867647058824,0.0
12086008503,0.1305191558094826,High,73.6328125,0.2355384786785105,0.5541309281683432,0.0886956742815215,0.0731583642424526,0.6009466800952084,0.4917314751194319,0.6407347052811285,0.3823812830754996,0.9640834161034946,11.3,7.1,36.4,94.9,2.3,13.0,3.0,8310.58878504673,1099664.3457943923,False,120.0,120.0,0.0,0.0,0.0,0.0,0.0,0.0,0.0,0.0,0.0,0.0,-0.8999999999998178,0.369999999999866,3.0499999999997773,0.0,1.470000000000118,-0.09000000000006601,907.199999999893,2057.899999999942,1.0899999999999357,-0.8000000000000925,0.5599999999999298,-0.24000000000006325,199.799999999979,-710.7999999999838,0.21999999999994657,-1.7499999999998588,2.2699999999996554,0.9499999999997092,-0.9499999999997154,0.8099999999999373,7.629999999998012,1.3299999999998149,0.09999999999997976,-12.769999999999314,-0.4999999999998331,0.10272394574366678,26.99051207024044,0,271.20000000000005,7.1,7.1,0.0
12086008502,0.0778453757772302,Low,30.46875,0.1429029904831661,0.544742804290022,0.0538721866917082,0.0855053391155351,0.5702636984056952,0.4770114942528735,0.6289301558955006,0.231933794274624,0.9620033337805052,5.6,5.6,12.7,63.3,4.3,14.0,4.0,9465.166666666666,1068585.066666667,False,30.0,41.382700216450225,16.013690476190476,404.0,2.5,26.0,0.6967821782178217,4.0,14.0,4.0,1.0,0.0,-0.6500000000000072,1.4699999999998463,0.07999999999979121,-0.04000000000003145,0.7299999999996764,0.2099999999999763,2757.9999999997403,3498.6999999997147,0.2699999999999777,-3.1999999999997164,1.8299999999998646,1.1699999999998851,47.2000000000004,-155.49999999999434,1.6399999999999004,0.25999999999993706,0.6299999999999626,-1.1099999999998875,1.1099999999998873,-0.5799999999999956,5.209999999998454,-0.5199999999999627,0.04000000000000034,-10.709999999999464,0.4399999999999278,0.09032088356890335,40.20798484848485,5,44.72333333333333,0.01382716049382716,1.6980198019801982,0.0
12086008601,0.0993641082112802,Moderate,51.7578125,0.1498385246527185,0.6631412611781713,0.0839739919726905,0.5391019922688076,0.6341599418934036,0.5266715144092771,0.6449752622593615,0.2157030573327465,0.9707975950600064,11.7,5.6,22.6,39.3,4.0,10.0,3.0,6602.1882352941175,1037407.8823529412,False,30.0,49.00483333333334,15.229305555555555,222.0,1.0,14.0,0.7432432432432432,3.0,10.0,4.0,1.0,0.0,1.5799999999998329,0.8099999999999565,0.13000000000003062,-2.5199999999996856,-0.8800000000004193,0.29999999999999866,11555.299999999324,9228.199999999462,-0.10999999999998941,-2.989999999999842,4.0199999999997,0.2700000000000043,138.39999999999017,-262.09999999998115,1.2999999999998648,-0.369999999999989,-0.8999999999999594,1.269999999999969,-1.2699999999999725,-0.28000000000000486,6.869999999998099,0.20000000000009116,0.06999999999999017,-16.18999999999904,-0.09999999999999369,0.09549940173052907,33.869636335886334,7,102.617125,0.025112107623318385,1.437837837837838,18.485999999998043
12086008603,0.0604969745420219,Low,16.015625,0.1114136507956028,0.5429942750283663,0.0680484529853132,0.0689860243829914,0.5645984853227874,0.4884663157272135,0.6207997927757934,0.1547788486058924,0.9721207569330456,13.1,0.9,6.8,33.6,2.5,21.0,3.0,7941.522727272727,870671.5568181818,False,120.0,120.0,0.0,0.0,0.0,0.0,0.0,0.0,0.0,0.0,0.0,0.0,-0.35000000000019243,-0.25999999999999696,-3.5099999999996694,7.089999999999363,-11.099999999999323,-0.4399999999999486,7256.199999999275,5885.199999999592,-0.39999999999999947,-1.6199999999998416,1.2199999999998716,0.42999999999998667,76.09999999999155,-476.09999999998183,0.4599999999999322,-2.269999999999844,-1.1199999999999468,-0.2299999999999675,0.22999999999995904,0.8199999999998246,7.049999999997855,-1.079999999999919,0.37000000000000977,-10.539999999999527,-0.7799999999999686,0.10272394574366678,26.99051207024044,0,314.4,0.9,0.9,0.0
12086008704,0.0897784395578451,Moderate,42.7734375,0.1613052964344332,0.5565746540401914,0.0392786547715328,0.0571026299667895,0.6221146501700059,0.5187532408188327,0.6268867792079429,0.2833319380973336,0.9580159700373856,4.4,3.8,20.7,80.7,2.3,18.0,3.0,7004.382716049383,1034104.950617284,False,120.0,120.0,0.0,0.0,0.0,0.0,0.0,0.0,0.0,0.0,0.0,0.0,-2.0599999999999055,-1.089999999999839,-1.3400000000000152,-4.159999999999699,3.5999999999996963,0.02999999999999017,6857.799999999688,2523.999999999929,0.04999999999999685,-4.469999999999487,2.5899999999998444,-0.1799999999999506,271.1999999999789,-514.1000000000098,0.2900000000000886,0.41999999999987025,0.16000000000005737,3.089999999999862,-3.0899999999998644,0.8499999999999339,5.769999999998068,1.0999999999998107,-0.270000000000003,-12.259999999998772,0.27999999999995895,0.10272394574366678,26.99051207024044,0,105.60000000000001,3.8,3.8,0.0
12086008702,0.1359126338260098,High,77.5390625,0.2390636521237632,0.5685206957168372,0.0904448899758361,0.0704414917758267,0.6379207110752831,0.527089624031719,0.6398266252218254,0.3876824142716902,0.9673250264795312,9.9,8.8,34.1,82.4,11.4,13.0,3.0,6366.641025641025,1020053.153846154,False,120.0,37.37858974358974,16.398141025641024,377.0,1.1666666666666667,23.0,0.8779840848806366,3.0,13.0,3.0,1.0,0.0,-2.019999999999798,1.849999999999991,2.480000000000021,-1.540000000000122,2.4700000000001254,1.9999999999999238,8709.099999999444,2093.6999999998766,0.3099999999999976,0.22999999999995774,0.769999999999941,0.1699999999999974,155.49999999998448,-95.09999999999242,0.9299999999999133,-0.4299999999999679,0.699999999999927,0.9199999999998104,-0.9199999999998099,0.07000000000007478,5.559999999998165,0.08999999999991629,-0.17999999999998847,-11.13999999999916,-0.8799999999999334,0.0993641082112802,49.00483333333334,5,75.25840384615387,0.02328042328042328,1.0737400530503978,0.0
12086008809,0.0883868024269716,Moderate,40.8203125,0.165945453485021,0.5326256343320054,0.0336749020954608,0.0594202166753628,0.5600821135429578,0.4599900314655647,0.6350470185547094,0.2982160048745811,0.9485887914214322,0.5,6.6,10.3,100.0,3.6,19.0,2.0,10338.494736842104,1107284.389473684,False,120.0,120.0,0.0,0.0,0.0,0.0,0.0,0.0,0.0,0.0,0.0,0.0,-2.5599999999998007,0.40000000000004937,-1.200000000000288,-1.039999999999999,6.329999999999464,0.029999999999983876,10697.599999999235,3740.799999999864,0.0,-2.019999999999886,1.2299999999999365,-1.6099999999998862,228.29999999998327,-1016.8999999999987,2.1599999999998074,-0.9199999999999491,2.629999999999707,6.1599999999997745,-6.159999999999767,-1.5199999999998879,4.869999999998315,-1.3699999999999681,-0.4100000000000106,-11.35999999999918,0.24000000000000343,0.10272394574366678,26.99051207024044,0,12.0,6.6,6.6,0.0
12086008808,0.1005747353805077,Moderate,53.125,0.1624479199121005,0.6191198719868379,0.0812635733696688,0.4347789701595917,0.5822059913050928,0.4743609449473223,0.6368299610261248,0.2436322664545321,0.9674234924960576,10.4,6.4,30.7,34.3,8.3,13.0,3.0,9062.563106796117,1088346.844660194,False,120.0,120.0,0.0,0.0,0.0,0.0,0.0,0.0,0.0,0.0,0.0,0.0,0.2699999999997329,0.6499999999999461,0.8499999999998699,-0.2999999999999465,-4.780000000000014,1.3699999999999137,4137.899999999759,1068.7000000000085,-0.18999999999999154,0.9799999999998904,0.32000000000002804,0.9200000000000426,54.699999999994006,-902.4999999999972,1.1499999999999333,-0.16999999999994975,1.399999999999917,-3.1899999999994946,3.189999999999498,-2.009999999999932,8.129999999997555,0.12999999999990533,0.749999999999893,-11.42999999999938,0.0,0.10272394574366678,26.99051207024044,0,249.60000000000002,6.4,6.4,2.807999999997222
12086008805,0.1316330292802544,High,75.0,0.2210771539822917,0.5954166991438574,0.1446446513291727,0.4732594197357801,0.5129188507652777,0.4140099761440034,0.6437039501763371,0.2975096566354107,0.9331912988978892,19.7,11.3,30.7,54.2,3.7,10.0,3.0,13531.65,1135461.4166666667,False,59.92500000000001,29.429107142857145,17.11,346.0,2.0,19.666666666666668,0.7687861271676301,3.0,10.0,3.0,1.0,0.0,-0.3700000000000735,0.8399999999999479,-2.90999999999954,0.08000000000006509,-2.6099999999999635,0.5599999999999503,5561.799999999829,2818.299999999788,-0.6799999999999463,-0.34999999999997117,1.5599999999998695,-0.6699999999999322,65.19999999999473,-355.29999999997864,2.6099999999998573,-1.8099999999999534,1.319999999999946,-0.14999999999996247,0.14999999999996297,-1.94999999999993,5.9699999999980315,-0.8199999999998567,-0.20999999999996974,-12.909999999999371,0.23999999999997348,0.0727401955883472,22.84761904761904,6,135.733,0.03256484149855908,2.6127167630057806,0.0
12086008806,0.0727401955883472,Low,25.9765625,0.1325545270402011,0.5487567811719216,0.0431735407260811,0.0698240207606844,0.5799847007252973,0.4676282894281482,0.6669348788103421,0.2219355133543211,0.959412016135136,7.5,1.5,21.3,52.8,1.8,4.0,2.0,9276.255319148937,1101279.425531915,False,59.73333333333337,22.84761904761904,18.366666666666667,178.0,1.1666666666666667,9.666666666666666,0.851123595505618,2.0,4.0,2.0,1.0,0.0,-2.7199999999998172,-0.4099999999999555,-0.46000000000008284,0.0,-4.309999999999405,-0.3899999999999703,8029.09999999947,3923.1999999997215,-0.539999999999969,-1.8100000000000394,0.3599999999999795,0.6899999999999724,2.400000000001408,-4.399999999989761,1.109999999999964,0.3999999999999737,-0.13000000000000678,1.2499999999999292,-1.2499999999999292,-0.9599999999999372,7.329999999997844,-0.3299999999999698,0.0,-14.819999999999022,0.0,0.11006746235291709,33.0656905964406,6,42.25,0.008379888268156424,0.223314606741573,0.0
12086008911,0.0719228555058799,Low,25.0,0.1408720895026273,0.5105543316622596,0.0314907126364789,0.079678858162355,0.5105685385594597,0.4056929440504232,0.6306338870543837,0.2502534663687756,0.926197430484676,3.8,3.0,16.8,74.1,1.5,14.0,3.0,14682.485148514852,1217138.0099009902,False,120.0,120.0,0.0,0.0,0.0,0.0,0.0,0.0,0.0,0.0,0.0,0.0,-1.469999999999877,-0.5900000000000419,-0.7199999999995974,-1.1399999999999988,-2.5699999999997964,0.179999999999976,9763.09999999921,1775.1999999998234,-0.14999999999997,-1.909999999999865,2.3899999999998682,0.15999999999998762,364.4230769230428,-559.4000000000166,-1.4499999999999023,1.1199999999999308,-2.2299999999998024,-0.04999999999974574,0.049999999999741834,-0.02999999999996046,5.4999999999981615,-0.6300000000000364,0.059999999999993524,-11.10999999999911,0.0,0.10272394574366678,26.99051207024044,0,91.19999999999999,3.0,3.0,0.0
12086008909,0.0812962102671807,Low,32.8125,0.1545189661988674,0.5261244769302411,0.1133870748325431,0.0590306274159976,0.5504588615902669,0.4387684674709979,0.6335186136756744,0.1956508575651918,0.9488458144982684,10.3,13.6,19.9,35.7,4.1,15.0,3.0,11327.6,1154291.3157894737,False,120.0,120.0,0.0,0.0,0.0,0.0,0.0,0.0,0.0,0.0,0.0,0.0,-0.7099999999998315,1.9999999999999292,-3.1399999999998136,0.7399999999999715,-5.059999999999602,-0.13999999999992865,3083.3999999995854,2607.799999999929,-0.17999999999999922,-4.469999999999873,1.5499999999998795,-1.549999999999896,107.79999999999404,-721.9000000000018,2.479999999999833,-2.119999999999766,-0.6599999999999124,-0.5400000000002779,0.5400000000002718,-0.7700000000000622,8.089999999997607,0.10000000000000059,0.2899999999998501,-16.719999999998855,-0.4799999999999995,0.10272394574366678,26.99051207024044,0,247.20000000000002,13.6,13.6,0.0
12086008904,0.4528487264102947,Critical,99.8046875,0.7920625532765833,0.5717335386415658,0.9452362176642776,0.3803003734056616,0.536586770267842,0.40891894437763,0.5876253874924185,0.638888888888889,0.9452362176642776,100.0,100.0,0.0,100.0,17.2,5.0,7.0,12786.181818181818,1212680.8484848484,False,13.918624338624342,9.782539682539682,16.53183333333333,818.0,4.166666666666667,39.0,0.7518337408312958,7.0,5.0,11.0,0.8875305623471883,0.0,0.0,0.0,0.0,0.0,0.0,-0.6300000000001295,0.0,285.1999999999631,0.12000000000000714,-2.699999999999596,1.2300000000001925,1.3999999999999018,0.0,275.09999999997405,-0.03999999999999409,1.5083100438033882e-14,0.0,0.0,0.0,0.13000000000006715,1.5699999999996517,0.06999999999982019,-2.9699999999994042,-0.4800000000003824,0.6299999999999106,0.09735260525777444,17.670517009821964,10,746.8166666666668,0.1221001221001221,24.816625916870414,0.0
12086008906,0.0992052495672167,Moderate,51.5625,0.180781427983492,0.548757970737324,0.0839229537971183,0.0290415303796213,0.6159082833588634,0.4917896281302628,0.6587684480086259,0.2776399021698656,0.9482819638092468,9.7,8.0,29.6,60.9,3.0,8.0,2.0,7902.148148148148,1129779.351851852,False,120.0,20.76313131313131,17.286354166666666,428.0,0.0,21.333333333333332,0.8212616822429907,2.0,8.0,2.0,1.0,0.0,-0.769999999999895,-0.0399999999999567,1.869999999999762,-1.7700000000000338,3.4699999999998354,0.06000000000001364,2104.299999999867,2877.2999999997446,0.030000000000007982,-1.160000000000088,0.5199999999999575,-2.209999999999861,90.49999999999662,-62.899999999993675,1.6299999999998578,-0.43999999999996386,0.9099999999999229,0.8500000000000558,-0.850000000000057,-1.0399999999999336,7.089999999997978,0.6399999999999353,0.030000000000003264,-14.169999999999172,-0.7599999999998486,0.2113311562888747,16.011785864598362,6,65.12236458333334,0.018648018648018648,1.4299065420560746,0.0
12086008907,0.1084045468679822,Moderate,59.1796875,0.1744541652492539,0.6213927120232281,0.1093077516420033,0.443417462907123,0.5837539129946898,0.4803273636270245,0.6278403615472741,0.2396005788565045,0.9716244590400294,14.4,8.1,26.6,45.8,1.8,5.0,5.0,9736.71052631579,1178709.7105263155,False,18.406666666666666,15.405198863636363,18.98611111111111,725.0,5.666666666666667,37.666666666666664,0.7137931034482758,5.0,5.0,6.0,0.9613793103448276,0.0,0.350000000000005,-0.37000000000000544,1.8299999999999623,-0.8699999999999389,-3.969999999999741,-0.8699999999999508,-1663.3999999999319,1800.1999999998077,0.08999999999997124,1.5399999999998084,0.2400000000000402,-1.7899999999998786,76.69999999999312,-16.69999999999397,1.290000000000015,1.3499999999998757,1.449999999999972,-1.849999999999714,1.8499999999997145,-0.9299999999999975,5.899999999997633,-1.2899999999999112,0.509999999999946,-14.299999999998931,-1.199999999999913,0.2303041353246098,16.04099380785623,6,72.2,0.01115702479338843,2.3182758620689654,5.040000000000072
12086009051,0.0645192821526226,Low,17.578125,0.1364168168214539,0.4729569539587429,0.0833195718305115,0.0710376706869985,0.443540143016017,0.3374597444633333,0.5818022749736055,0.1895140618123963,0.9309449366537595,6.8,11.1,17.7,38.4,4.8,17.0,7.0,20953.274193548383,1227928.5806451612,False,120.0,120.0,0.0,0.0,0.0,0.0,0.0,0.0,0.0,0.0,0.0,0.0,-0.5199999999999887,0.3800000000000549,-0.6500000000000737,2.7500000000000067,-8.569999999999173,-0.429999999999982,16699.699999998535,6144.399999999034,-0.20999999999994917,-0.11000000000003186,-0.7100000000001241,-0.40000000000012464,278.1999999999849,-1616.2000000000007,0.410000000000141,-0.5800000000000409,-1.1699999999996546,-3.5199999999995186,3.519999999999515,0.8200000000000975,1.449999999998445,-1.0699999999999281,-0.7899999999998522,-12.649999999999334,-0.35999999999999965,0.10272394574366678,26.99051207024044,0,163.2,11.1,11.1,0.0
12086009010,0.0532710902829391,Low,11.71875,0.133155503728008,0.4000667549705949,0.0587539545465005,0.0602739278953895,0.3677816103290277,0.3095498944579556,0.3588213491475166,0.2075570529095156,0.903906993023085,10.3,2.7,3.5,59.4,3.6,88.0,14.0,32291.284132841327,1278704.0885608855,False,19.285771604938272,28.49685852562525,14.142070707070706,3832.0,10.666666666666666,202.0,0.5776356993736952,13.0,88.0,19.0,0.5130480167014614,0.0,0.05177945213231243,-0.28149971889123937,-0.7942583389548371,-0.17068097052914322,-0.24258627038520597,-0.4589125706240174,3720.482140979139,5159.3453442195505,-0.17282652488295996,-2.334888653239959,2.0536647495802303,-0.8692615072020597,121.14101568197492,332.6538498503407,0.46826300441894997,0.1524697121037944,0.19409238544000385,-3.945841846457453,3.945841846457453,-1.3733254702677393,6.638281538407147,-0.5987145349463496,0.4204268731574687,-9.386235501608555,0.6237695967053137,0.11170868210824862,46.71181547619047,11,101.53667171717173,0.0007044090790503522,1.140383611691023,0.533328356962818
12086009014,0.0456223196988419,Low,8.59375,0.1000811460279537,0.4558532901501658,0.0288969207640307,0.0487065120428189,0.3811059180016541,0.3189133450362749,0.6131781117325965,0.1712653712918768,0.9173625639374844,5.5,0.8,20.2,38.2,0.8,16.0,4.0,29823.622641509435,1265278.3962264152,False,15.57094017094017,15.249069843215063,17.979739583333334,1235.0,6.5,68.33333333333333,0.7425101214574898,4.0,16.0,6.0,1.0,0.0,-0.5099999999999723,-1.0399999999999554,0.6399999999999393,-0.5799999999999934,-4.58999999999951,-0.609999999999929,7275.499999999567,1750.1999999998677,-0.0200000000000106,-4.209999999999646,3.239999999999825,0.06000000000000985,77.79999999999634,-38.60000000000043,-0.6899999999999414,0.44999999999996315,-0.38999999999999363,0.6800000000000233,-0.6800000000000226,-1.2799999999997438,7.379999999997703,0.4599999999998174,-0.40999999999997977,-8.67999999999962,-0.9799999999998673,0.0877702118568036,27.81262345679013,5,33.11143229166666,0.0006472491909385114,0.20599190283400814,0.0
12086009015,0.1050307988359175,Moderate,56.8359375,0.1917811814200069,0.5476595673164443,0.108387831962025,0.4226409347055113,0.429552857747594,0.3300079519988433,0.6176733045802727,0.2751745308779888,0.9384227875500004,15.3,7.8,32.3,51.9,2.2,12.0,5.0,22281.833333333332,1214622.7222222222,False,27.919444444444444,22.265046296296294,18.110439814814814,805.0,3.8333333333333335,42.0,0.7894409937888198,5.0,12.0,5.0,0.9478260869565217,0.0,2.309999999999707,0.2599999999998454,0.649999999999943,-2.509999999999686,3.5499999999996317,-0.3100000000000048,913.1999999999533,707.199999999939,-0.8599999999999373,-3.0899999999996672,1.3599999999998273,-0.7199999999999975,83.49999999999346,-105.1999999999978,0.030000000000008097,0.31999999999998247,1.3199999999998544,-0.7099999999999999,0.7099999999999962,0.4700000000000207,6.579999999997726,-0.2700000000000346,0.08000000000001345,-13.989999999998846,-0.07999999999999508,0.08303095777676661,32.28189953886693,7,90.11027083333335,0.00967741935483871,1.6423602484472053,35.34299999999552
12086009061,0.1717934820315525,Critical,93.75,0.2986401521391297,0.5752524595270023,0.2112076075742434,0.5730628981016322,0.4280582082754411,0.3371570604367293,0.5929836495046835,0.3860726967040159,0.9450004813165256,30.4,14.3,46.4,64.4,1.4,15.0,7.0,22769.82978723404,1231662.2978723403,False,120.0,120.0,0.0,0.0,0.0,0.0,0.0,0.0,0.0,0.0,0.0,0.0,2.929999999999731,1.1000000000000552,1.5799999999998475,0.26999999999992735,1.8199999999997316,-0.5400000000000242,327.49999999999454,-424.79999999995965,1.5000000000000477,0.5599999999999603,-0.45000000000000856,-1.499999999999905,-40.90000000000537,-774.3999999999863,-0.059999999999935535,-0.37000000000001143,-0.11999999999998885,-1.7899999999998442,1.7899999999998482,0.9899999999999728,9.539999999997447,1.0899999999999568,0.6199999999998982,-13.709999999999273,-0.6799999999999994,0.10272394574366678,26.99051207024044,0,729.5999999999999,14.3,14.3,89.07199999999182
12086009054,0.0271428840571329,Low,2.734375,0.0542944342712766,0.4999201929523062,0.014808928233604,0.0776301037497787,0.4813495911552515,0.3782058347050827,0.6070007104027675,0.0937799403089491,0.9554147247486507,1.6,1.5,18.8,9.9,2.5,11.0,6.0,16810.131147540982,1197991.2950819673,False,120.0,120.0,0.0,0.0,0.0,0.0,0.0,0.0,0.0,0.0,0.0,0.0,-1.4299999999999071,-1.4599999999998945,-0.9600000000000477,6.109999999999256,-5.390000000000355,0.07999999999991698,5686.899999999635,634.6999999998917,-0.059999999999999935,-1.9199999999997823,0.22999999999997034,-0.15999999999996156,67.00000000000495,-453.2999999999994,0.04000000000004044,0.2400000000000312,0.1399999999998749,-3.589999999999609,3.589999999999615,1.4999999999996594,7.029999999997853,-0.0799999999999886,0.010000000000004448,-15.36999999999903,0.0,0.10272394574366678,26.99051207024044,0,38.400000000000006,1.5,1.5,0.0
12086009020,0.138858429996318,High,79.8828125,0.2578550055582766,0.5385136103744755,0.132230113121676,0.4415631115629042,0.3938555264007638,0.3300079519988433,0.5893392411887594,0.3834798979948772,0.9378022207211066,22.0,6.2,42.3,55.8,12.1,8.0,8.0,27382.666666666668,1240940.6,False,17.121203703703703,17.577310427897697,17.54482638888889,752.0,4.666666666666667,41.666666666666664,0.554177545691906,8.0,8.0,10.0,0.8433420365535248,0.0,-1.3299999999998067,-2.87999999999979,-2.379999999999703,0.13999999999983934,0.8300000000000994,0.8500000000001079,2759.6999999998184,495.3999999999259,-0.09999999999996592,-1.280000000000013,0.8899999999999608,-1.2999999999998424,103.99999999999116,28.500000000001286,-1.5200000000000153,1.4899999999999587,-1.5299999999999077,0.17999999999999663,-0.17999999999999286,-0.029999999999869978,7.43999999999742,-0.4900000000000083,-0.44999999999994317,-18.91999999999906,-0.03999999999999989,0.16491580217512142,16.210154030208923,7,142.01381944444444,0.008233731739707834,2.7640992167101825,0.0
12086009021,0.115181262736854,Moderate,63.671875,0.2060787651792512,0.558918637913359,0.0913000785683351,0.442146245564733,0.4293292312595015,0.3621263729955221,0.6148765359300941,0.3208574517901673,0.9461148038169443,17.8,1.5,35.4,54.9,6.5,14.0,5.0,22407.970588235297,1220086.1470588236,False,29.0,20.393172799422807,14.863968253968254,529.0,2.5,25.666666666666668,0.7504725897920604,5.0,14.0,6.0,0.7882797731568998,0.0,-2.3338682686412233,-0.5447833362792033,-2.1930978424297485,1.9898876337432712,-2.459855358573277,1.1254413962338718,3882.269888597454,2058.9710776828592,-0.3485553762490277,-2.8636758112979286,1.2445586037659482,-0.049117207532095114,109.82808559576173,-228.35278229868507,0.2976564461962185,-0.6581059112225686,-0.0704494650263634,-0.03261669907188956,0.032616699071883325,0.8133387125281912,8.559213436201427,0.41044946502639174,0.10566612874713024,-16.35178172251942,-0.7781059112225477,0.10468987341950364,17.01490521394885,4,162.6213650793651,0.0028301886792452833,0.37429111531190934,0.0
12086009022,0.0705213168426893,Low,23.828125,0.1345632800684151,0.5240754892927297,0.0464702767792369,0.03048748491368,0.5294845093277236,0.4286190238214226,0.6736363917155244,0.2226562833575933,0.9581500366852976,7.2,2.5,30.9,37.8,4.3,2.0,2.0,13177.739130434782,1204722.7391304348,False,30.0,16.4525,18.649166666666666,134.0,1.0,7.0,0.47761194029850745,2.0,2.0,2.0,1.0,0.0,-1.9599999999999134,-0.6600000000000256,0.059999999999769627,0.020000000000041932,-2.1799999999999287,0.23999999999995764,1569.8999999997711,1490.8999999998712,-0.24999999999996897,-2.559999999999907,1.6099999999998849,-0.3200000000000225,55.999999999995666,-12.599999999994314,0.39000000000000096,0.22999999999999102,-1.0199999999999536,0.28000000000002195,-0.2800000000000234,0.9699999999999347,6.489999999997844,1.0399999999999925,-0.9699999999999125,-11.029999999999623,0.0,0.18592247477604096,37.18149347086093,8,38.526,0.018518518518518517,1.3059701492537312,0.0
12086009064,0.0915373361711471,Moderate,44.140625,0.149007564675192,0.6143133495985992,0.0732738624106506,0.5592662801070473,0.5103409581055006,0.4000096387864768,0.6378201024327785,0.2247412669397334,0.9641297685611928,13.2,2.0,7.5,57.6,4.0,4.0,5.0,14833.395833333334,1228201.0,False,120.0,120.0,0.0,0.0,0.0,0.0,0.0,0.0,0.0,0.0,0.0,0.0,0.4800019654814199,-1.4499115533352953,-5.799481112900055,2.170267305475488,2.5997916589671073,0.109943001038312,5027.460727161698,1229.0707658997476,-0.009986241629914547,0.6400982740717058,-0.20010613599760532,-0.3799803451855574,151.39145015573348,-793.3980148637282,-0.3999449665196633,-0.18004324059158816,-1.4998231066703447,-2.350516921618185,2.350516921618181,-0.8599685522968831,6.96030661510213,-1.0797071432655765,0.2299803451855621,-11.699886002075543,-0.14002162029582021,0.10272394574366678,26.99051207024044,0,316.79999999999995,2.0,2.0,6.336025944354742
12086009024,0.1006172492195386,Moderate,53.3203125,0.178721615485003,0.5629831005415328,0.1319583235531955,0.2834340408103725,0.4830478401319628,0.4082167330995096,0.6839971527730979,0.2254849074168105,0.9562197358927208,17.8,9.8,18.9,45.1,1.5,2.0,1.0,17013.689655172413,1223199.2068965517,False,120.0,35.97708333333333,16.988333333333333,66.0,0.0,3.3333333333333335,0.9090909090909091,1.0,2.0,1.0,1.0,0.0,-0.4899999999997716,1.7599999999998628,0.13000000000002443,-0.1799999999998924,-0.35999999999989596,0.039999999999993055,6925.099999999396,2002.6999999998147,0.3900000000000005,1.699999999999982,0.4899999999999142,-0.6900000000000025,106.49999999999157,-174.59999999998166,0.22999999999993617,-1.1999999999999116,0.19999999999996795,-1.219999999999979,1.2199999999999773,-3.5299999999998546,8.559999999997801,-1.8799999999998351,0.010000000000019136,-9.729999999999327,1.9499999999998652,0.08342323990259369,28.750210604561218,6,124.80766666666668,0.14626865671641792,0.8909090909090913,0.0
12086009026,0.0841611267136448,Low,36.1328125,0.1832237805466099,0.459335171791389,0.0796379100996855,0.0107215592547085,0.3652686395363052,0.318007662835249,0.6820085164094615,0.2868096509935344,0.9206694809212206,9.3,8.0,26.2,70.0,2.4,3.0,1.0,32765.285714285714,1280713.0,False,120.0,35.55972222222223,17.000648148148148,99.0,0.0,5.0,0.9090909090909091,1.0,3.0,1.0,1.0,0.0,-2.46999999999987,-0.0900000000000932,-2.949999999999782,0.14999999999985414,-0.6799999999998019,-0.1199999999999521,4290.4999999998345,3439.499999999802,-2.7499999999997886,1.4699999999997682,1.959999999999894,-0.12999999999997008,102.8999999999918,-59.899999999999345,1.099999999999824,-1.3399999999998604,0.5499999999999002,2.4799999999996922,-2.479999999999695,-2.5799999999998744,7.459999999997594,0.009999999999964766,-0.29999999999999644,-10.139999999999324,0.009999999999996467,0.08489651395436938,23.993852857531905,6,65.09397222222223,0.08,0.7272727272727275,0.0
12086009027,0.0946799423803215,Moderate,46.6796875,0.1903019926907564,0.4975247029292955,0.0957168443458901,0.0362463727993273,0.44532942575896,0.3821471393992875,0.6667321332300019,0.2848871410356228,0.957168443458901,12.9,7.1,25.7,51.4,9.2,5.0,2.0,20666.689655172413,1222398.5172413792,False,120.0,34.577000000000005,16.93872222222222,163.0,0.16666666666666666,8.666666666666666,0.852760736196319,2.0,5.0,2.0,1.0,0.0,0.599999999999939,0.7100000000000054,-0.47999999999991566,-0.7300000000000132,0.35000000000002934,0.21999999999997527,2553.099999999649,1913.0999999997898,-0.37999999999998135,-1.0599999999998888,2.2299999999998494,-1.3399999999998895,109.99999999999339,-90.49999999999139,0.7299999999999255,-0.8399999999999126,-0.2899999999999683,1.7399999999997477,-1.7399999999997489,0.5999999999998623,7.649999999997943,-1.439999999999907,-0.29999999999996524,-12.069999999999133,-0.049999999999996846,0.1004175780287892,31.417129629629635,4,91.09048333333335,0.043292682926829265,1.0453987730061352,7.739999999999213
12086009028,0.0580733125525412,Low,15.0390625,0.1152940103249177,0.5036975675395539,0.0569129001957772,0.0107215592547085,0.4881772280568707,0.3930094701077134,0.6780312436821888,0.1736751204540582,0.9485483365962876,9.3,2.7,10.2,41.8,2.6,5.0,1.0,17174.428571428572,1267964.7857142857,False,120.0,36.27833333333334,16.979833333333332,165.0,0.0,8.333333333333334,0.9090909090909091,1.0,5.0,1.0,1.0,0.0,-0.4600000000000472,-0.18999999999998177,-1.790000000000057,0.5099999999999731,0.05999999999974823,0.32999999999991925,3524.2999999998033,3374.499999999812,-0.08999999999998995,-4.949999999999774,1.8399999999998229,-0.009999999999989283,58.19999999999599,-98.19999999998683,0.2900000000000998,-0.8100000000000094,-0.4299999999999001,1.4599999999998898,-1.459999999999893,-1.0399999999999712,4.389999999998121,-0.12000000000000564,-0.22999999999998372,-12.309999999999237,0.2800000000000322,0.08413557408904553,26.439086740175156,6,65.28755000000002,0.016265060240963858,0.24545454545454556,0.0
12086009029,0.0776231580177869,Low,30.078125,0.1607803235091085,0.4827901594151811,0.0750987578923694,0.0564495985727029,0.4428287623600988,0.3483833947805971,0.6216505773075454,0.2464618891258476,0.9446384640549614,10.5,5.4,36.6,39.0,3.4,10.0,5.0,21453.6875,1252635.234375,False,25.365277777777777,19.01735880544576,18.089277777777777,816.0,3.0,40.666666666666664,0.7769607843137255,5.0,10.0,5.0,0.9313725490196079,0.0,0.2799999999999841,0.290000000000002,2.5499999999998693,2.629999999999855,-6.729999999999701,-1.039999999999949,8549.99999999945,1718.8999999998584,0.5800000000000455,-3.9899999999999483,0.409999999999935,-2.379999999999867,126.29999999999109,-44.399999999997796,0.18000000000003988,-0.019999999999986803,-0.1100000000000718,-3.2099999999997846,3.209999999999788,-1.2999999999999428,8.649999999997677,-1.4799999999999056,0.1899999999999767,-12.269999999999362,0.5199999999999412,0.10064494765107881,28.024443347715167,8,62.062583333333336,0.006609547123623011,1.2044117647058823,2.939999999999833
12086009030,0.1118611373460559,Moderate,61.1328125,0.1917339790203067,0.5834184317126629,0.1041284327480822,0.4674067466217332,0.4460631012415031,0.3788463381297503,0.6866819838488667,0.2793395252925312,0.9380939887214612,15.5,6.7,26.7,61.3,1.3,1.0,1.0,22234.720930232557,1320146.7674418604,False,120.0,31.866666666666674,17.1,31.0,0.16666666666666666,1.6666666666666667,0.6290322580645161,1.0,1.0,1.0,1.0,0.0,-0.10000000000001746,0.44000000000004563,0.7399999999999227,-3.0799999999998313,3.5199999999997202,-0.8699999999999837,1048.4999999998274,2267.6999999997975,-0.07999999999999433,-2.439999999999826,1.6199999999998873,0.17999999999996366,60.299999999994085,-161.29999999999262,1.2799999999998763,-1.4899999999998792,1.9799999999999511,-1.2799999999999883,1.2799999999999847,-0.9000000000000817,8.84999999999756,-0.1299999999999721,0.23999999999997335,-11.929999999999362,-0.059999999999999935,0.074273349967666,27.645202567646226,7,106.94999999999997,0.209375,2.485483870967742,0.0
12086009031,0.0672883715107101,Low,21.2890625,0.1477404122111213,0.455450005206124,0.0645889955516334,0.0258292109317979,0.3525553712914164,0.3160076146413166,0.6667018638946919,0.2308918288706092,0.9161559652713968,8.7,5.4,20.6,55.5,1.9,5.0,2.0,35284.944444444445,1291395.888888889,False,120.0,16.011481481481482,17.408166666666666,320.0,0.8333333333333334,16.666666666666668,0.7734375,2.0,5.0,2.0,1.0,0.0,-2.903392795765235,-0.6696683164912429,-3.7280865470540756,-1.0179848078641243,-2.7599742214885032,-0.21137760362958455,3817.896201965709,2339.8770399393593,-0.04117343782224533,-0.7357654499207483,2.0849745652022356,0.24640303842711914,109.91020829036479,20.656609610222027,-0.0837244792740895,-0.8599999999999197,1.3201275177012028,1.9292342063655465,-1.9292342063655474,-0.5238011273801404,6.984260328587745,-0.8883673609678555,-0.3184948786691045,-12.661505121330032,0.5309184024196715,0.08054819458618087,27.558486244034654,3,57.348949999999995,0.016822429906542057,1.2234375000000002,0.0
12086009057,0.0720348702947542,Low,25.1953125,0.1395430850982364,0.5162195621806889,0.0501035443544229,0.0782039845376152,0.5123464333653004,0.4346662115895346,0.6015279556124626,0.22898262584205,0.9543532257985315,10.5,0.0,8.2,65.7,2.1,32.0,3.0,14821.803278688523,1240042.0,False,120.0,120.0,0.0,0.0,0.0,0.0,0.0,0.0,0.0,0.0,0.0,0.0,-0.5699999999998744,-0.2799999999999997,-1.3599999999998642,0.03999999999994772,1.5000000000004174,-0.040000000000031795,5565.099999998817,926.899999999783,0.03000000000000991,-1.0399999999999943,3.1299999999996566,-0.8599999999999581,226.69999999998416,-591.1000000000632,-0.8700000000000883,1.0000000000000233,-1.4300000000000122,-4.349999999999877,4.349999999999874,-0.39999999999999675,6.719999999998153,-0.24999999999980901,-0.25999999999999973,-8.749999999999337,0.3699999999999123,0.10272394574366678,26.99051207024044,0,252.0,0.0,0.0,0.0
12086009066,0.0755012224958824,Low,28.90625,0.1420598035550432,0.5314749183545672,0.087531615843711,0.5599167410050551,0.3784310554488524,0.3104557567236767,0.5332548801581417,0.1965879912663755,0.8753161584371101,14.7,5.3,5.4,55.1,0.0,44.0,7.0,32082.560344827587,1342406.5172413792,False,120.0,120.0,0.0,0.0,0.0,0.0,0.0,0.0,0.0,0.0,0.0,0.0,0.23999999999994978,0.2299999999999921,-1.8500000000000374,-2.039999999999943,2.409999999999382,-1.079999999999901,5632.200000000025,1421.1999999999796,-0.07999999999999373,-3.589999999999815,0.8399999999998687,-0.9199999999999307,137.29999999999131,455.49999999992866,0.06999999999998945,-1.2399999999999989,0.7299999999999455,-2.549999999999517,2.549999999999521,-1.7299999999999505,8.779999999997528,1.8499999999997938,-0.34999999999996273,-8.429999999999591,-1.0699999999999021,0.10272394574366678,26.99051207024044,0,352.79999999999995,5.3,5.3,3.5279999999992615
12086009049,0.0650674781387061,Low,18.1640625,0.103677337739014,0.6275959583616997,0.0504896641378567,0.0910743439987881,0.8245623149411151,0.59228093849651,0.6400687799043062,0.1568650113401712,0.9899934144677788,8.6,1.6,7.9,37.6,3.0,13.0,3.0,3052.133333333333,1284449.388888889,False,120.0,120.0,0.0,0.0,0.0,0.0,0.0,0.0,0.0,0.0,0.0,0.0,-2.529999999999625,-0.32999999999985585,0.27000000000006186,3.8499999999995955,-6.859999999999244,0.34999999999993947,5842.399999999206,2963.4999999996667,0.20999999999998525,-5.269999999999622,2.909999999999761,-1.5699999999997831,105.49999999998857,-740.8000000000159,0.5100000000000207,1.4489241429160677e-14,0.43999999999992656,0.13000000000001363,-0.13000000000001322,-1.1399999999997614,4.999999999997901,-0.15999999999997613,-0.3199999999999997,-10.269999999999245,-0.4700000000000039,0.10272394574366678,26.99051207024044,0,206.39999999999998,1.6,1.6,0.0
12086009060,0.0782208609076507,Low,30.859375,0.1364401986467223,0.5732977647605453,0.0593743762830974,0.0790055462901911,0.665758136120131,0.4951644740469547,0.6451660180380528,0.2135060210103472,0.9813946493073966,5.9,6.2,16.3,56.6,1.9,11.0,3.0,6854.220338983051,1268305.2372881356,False,120.0,120.0,0.0,0.0,0.0,0.0,0.0,0.0,0.0,0.0,0.0,0.0,-0.5599999999999659,1.2299999999999507,0.6999999999999295,-1.4599999999999986,1.5099999999999836,-0.7599999999999664,9086.999999999005,2522.7999999997687,0.2099999999999997,-1.6700000000000028,0.5299999999999945,0.05000000000007982,115.99999999999,-774.3999999999866,0.9699999999998971,-0.6999999999999347,0.6799999999999553,3.369999999999602,-3.3699999999996044,-2.239999999999651,6.839999999998059,0.9499999999997677,-1.0499999999999308,-6.419999999999768,-0.8399999999997682,0.10272394574366678,26.99051207024044,0,141.60000000000002,6.2,6.2,0.0
12086009039,0.1188777075203682,Moderate,66.015625,0.187830778739136,0.6328979111856234,0.1059336696839072,0.530262852394511,0.574978605287564,0.4476107858020675,0.6442065390749601,0.2697278877943649,0.9674307733690156,15.4,6.5,7.6,77.6,1.7,12.0,3.0,11449.166666666666,1324492.6333333333,False,120.0,36.29166666666667,15.14912037037037,335.0,0.0,19.0,0.24328358208955222,3.0,12.0,3.0,0.0,0.0,0.5300000000000183,0.9100000000000636,0.869999999999973,-1.659999999999924,7.189999999999543,-0.07000000000000364,-3857.299999999832,647.1999999999183,-0.4499999999999655,-2.759999999999667,1.3199999999998884,-1.2099999999999063,130.69999999998748,785.5999999999382,0.10000000000002306,-0.32999999999992935,0.26999999999993934,-1.629999999999919,1.629999999999915,-0.62000000000009,9.309999999997954,1.1199999999998649,-0.4299999999999637,-9.139999999999256,-0.9899999999999238,0.09057165228592745,24.177000691384052,5,136.3035462962963,0.019345238095238096,4.91865671641791,8.162000000000283
12086009040,0.0851614957818744,Low,37.3046875,0.1511126703033029,0.5635629071403756,0.0713252142285775,0.0890670763912229,0.6311223706073927,0.5305533249580093,0.5966606858054225,0.2309001263780282,0.9704110779398304,9.6,5.1,9.2,58.6,5.9,18.0,5.0,8521.990990990991,1318186.945945946,False,36.875,31.671661054994388,16.242746913580245,791.0,2.1666666666666665,46.666666666666664,0.3299620733249052,5.0,18.0,10.0,0.1959544879898862,0.21618204804045513,-1.2999999999999081,0.5299999999999535,0.46999999999991304,-1.009999999999919,5.009999999999435,0.6199999999999654,3819.800000000024,2350.299999999815,0.07000000000005577,-1.4999999999998614,3.2199999999997755,-0.06999999999993753,159.49999999998943,1188.3999999999094,0.5699999999999261,-0.2799999999999551,-0.12000000000003389,-0.060000000000097045,0.06000000000009341,-3.3999999999997703,7.119999999997619,1.0999999999998793,-0.5099999999999305,-9.609999999999529,-0.10999999999999706,0.10518624395154379,29.037636005969336,13,74.46962962962965,0.006439393939393939,3.4171934260429837,0.0
12086009043,0.0964573812867902,Moderate,48.828125,0.1542595125602548,0.6252929215571925,0.0648807004192471,0.0772336729423916,0.8195955990615417,0.5740138316585942,0.6650764595547768,0.2436383247012626,0.990545044568658,13.0,0.1,8.0,66.3,3.3,6.0,2.0,3336.6666666666665,1368565.6785714286,False,120.0,29.38095238095238,15.029768518518518,230.0,0.0,12.0,0.3173913043478261,2.0,6.0,2.0,0.0,0.0,1.1299999999999053,-0.4999999999999715,-0.7899999999999288,0.30999999999992395,1.0299999999998302,0.5499999999999573,1436.400000000357,1156.1999999999541,0.1999999999999675,-1.4399999999999213,2.0999999999998566,-2.269999999999668,124.09999999998804,135.09999999997825,0.9999999999999591,-0.10999999999997608,-0.2699999999999925,-1.3100000000000083,1.310000000000011,-0.7399999999998982,6.58999999999808,-0.9099999999999676,-0.2899999999999786,-9.789999999999331,0.15999999999997655,0.08835411488397515,32.335830527497194,6,116.61300925925927,0.0004329004329004329,0.0682608695652174,14.689999999998768
12086009044,0.0915467339860759,Moderate,44.3359375,0.1483805800340162,0.6169724768907688,0.0374286538337593,0.0437109723461195,0.7417967735251226,0.6273751174727102,0.6870149465372778,0.2593325062342732,0.9849645745726134,3.3,4.3,4.4,83.6,5.5,1.0,1.0,4827.84,1323989.34,False,120.0,33.0,15.116666666666667,33.0,0.0,1.3333333333333333,0.3939393939393939,1.0,1.0,1.0,0.0,0.0,-5.599999999999702,1.1899999999998643,0.12999999999989822,-0.3800000000000079,3.049999999999673,0.2799999999999523,4247.999999999754,2916.8999999997714,0.3000000000000043,-0.2299999999999919,1.589999999999846,-1.03999999999988,176.09999999999076,37.79999999998994,1.3499999999999324,-1.7499999999999236,0.9699999999999129,1.5799999999999697,-1.5799999999999699,-1.5699999999999548,7.639999999997621,-1.0199999999998495,0.01000000000000405,-9.519999999999161,0.9899999999998671,0.09080943853433229,30.526306717973384,4,29.314999999999998,0.1264705882352941,2.606060606060606,0.0
12086009050,0.0823542315147198,Low,34.375,0.1380160876557317,0.5967002319334306,0.0501014050825161,0.1050198686237937,0.661730942010205,0.5690906361042991,0.6748168957926185,0.2259307702289473,0.9728428171362364,9.1,1.2,5.2,65.3,4.1,2.0,2.0,7239.384615384615,1311951.8461538462,False,120.0,120.0,0.0,0.0,0.0,0.0,0.0,0.0,0.0,0.0,0.0,0.0,-1.010000000000023,0.13000000000000925,-0.33000000000003116,-2.5999999999996675,1.889999999999821,0.24999999999997188,4468.399999999693,3166.2999999997064,0.2399999999999898,-4.82999999999969,3.789999999999726,-0.05999999999999546,102.09999999999468,674.0999999999865,0.5599999999999916,-0.5700000000000086,0.1899999999999795,1.7799999999998808,-1.779999999999885,-2.4399999999998947,6.409999999997789,-0.5000000000000656,-0.5099999999999366,-7.909999999999544,-0.06999999999998345,0.10272394574366678,26.99051207024044,0,218.39999999999998,1.2,1.2,0.0
12086009102,0.0991124964736104,Moderate,51.171875,0.193440820635236,0.5123659843260443,0.1288685571952319,0.4393459851160289,0.3992549963715806,0.3140075664473842,0.5048806214479861,0.2580130840752401,0.9043407522472412,17.7,10.8,27.9,51.3,0.1,55.0,6.0,30099.567765567765,1402712.362637363,False,120.0,120.0,0.0,0.0,0.0,0.0,0.0,0.0,0.0,0.0,0.0,0.0,-0.6902532626335728,1.045441088896203,-4.948234521742786,2.1275411402072826,-1.0046096292832662,-1.8104353597890879,1804.2424202249124,1007.202363649618,0.111929826754947,-0.9886874178581234,0.98817036072178,0.16348874864401033,84.49899305112623,-915.33140845227,0.26528512736135895,-0.40646136194646315,-0.718089800364202,1.4538338421130999,-1.3007615487434339,-1.6907423302826032,6.137867426734992,0.19496639043423825,1.9392371105258897,-9.928363709486334,0.19846246034551884,0.10272394574366678,26.99051207024044,0,424.79999999999995,10.8,10.8,0.0
12086009200,0.1198796156988903,Moderate,66.9921875,0.1633758226902075,0.7337659497281035,0.1233084844628203,0.6116038094294114,0.6275001740811349,0.4766555534725974,0.9821372631312296,0.2034431609175947,0.970932948526144,18.5,6.9,18.2,32.9,3.1,0.0,0.0,9040.661016949152,1372450.559322034,False,120.0,120.0,0.0,0.0,0.0,0.0,0.0,0.0,0.0,0.0,0.0,0.0,2.219999999999809,-0.2799999999999467,-0.7799999999999865,-1.419999999999919,-12.469999999998647,0.2700000000000081,3221.9999999995134,977.4999999998724,1.8499999999999146,-2.7300000000000257,0.14000000000004253,0.5199999999999249,78.39999999994936,-83.29999999999141,0.8899999999999174,-0.8399999999999589,0.219999999999928,-0.16000000000020292,0.1600000000002024,0.780000000000082,7.9099999999977175,0.3600000000000042,-0.06000000000000024,-14.839999999998966,0.0,0.10503810960438875,40.81180555555555,5,444.0,6.9,6.9,41.06999999999646
12086009305,0.073880596483821,Low,26.953125,0.1355247211903949,0.5451447959817478,0.0564438958522362,0.036480585943002,0.6175056606002503,0.4600756022881235,0.6468092105263158,0.2146055465285535,0.9648529205510478,5.9,5.8,15.7,51.7,4.8,11.0,2.0,9387.08064516129,1353220.1935483871,False,24.109444444444446,36.5643759018759,18.786868686868686,449.0,5.666666666666667,18.333333333333332,0.6815144766146993,2.0,11.0,4.0,1.0,0.0,0.5599999999999694,1.4999999999998668,1.3499999999998682,-3.759999999999789,1.3899999999999024,0.7699999999999527,3154.999999999681,1857.199999999763,1.0400000000000478,-1.7700000000000125,0.6999999999999915,-0.6799999999999609,70.19999999999857,-188.09999999998774,1.2999999999999627,-0.7599999999999545,1.4400000000000377,0.07999999999998612,-0.07999999999998927,-0.6699999999999164,4.579999999998575,0.11999999999993902,-0.15999999999999984,-13.03999999999913,0.4499999999999895,0.10293229381965063,35.34898859922836,9,30.757474747474753,0.012888888888888889,1.8472160356347438,3.3039999999998195
12086009317,0.1107712977354688,Moderate,60.9375,0.1775414462077896,0.6239179645175652,0.0938257469792929,0.3731787094855784,0.6301588982160579,0.4668112484638183,0.6771534329581957,0.2612571454362863,0.9722875334641756,13.5,5.8,31.5,50.4,1.7,5.0,1.0,9377.685714285712,1443333.1857142858,False,120.0,120.0,0.0,0.0,0.0,0.0,0.0,0.0,0.0,0.0,0.0,0.0,-1.557756438984009,-0.25911884320685863,0.49034794430846096,-2.8875711708077536,-3.8412810661559713,0.2136985993267955,9529.88088555405,3250.0465882824565,-0.0726434703794144,-1.0146204251528699,1.3390262091186576,-0.7599999999999122,164.43095344797018,-453.6395390954713,-0.4613217351896749,0.5213217351895924,-1.8311884320685026,1.2937912334147335,-1.2937912334147348,0.45929281536132394,5.229426118480169,0.8476638048959834,-0.7277971080170529,-16.050133303120134,0.0,0.10272394574366678,26.99051207024044,0,324.0,5.8,5.8,0.0
12086009324,0.1430907595103765,High,82.2265625,0.2319615166026098,0.6168728399698976,0.1703809532711168,0.4527937029229665,0.5760113515528119,0.4344982747159936,0.6584566148886942,0.2935420799341029,0.962604255769022,15.0,20.4,49.1,42.3,1.7,7.0,2.0,11750.585365853658,1366645.4146341465,False,120.0,120.0,0.0,0.0,0.0,0.0,0.0,0.0,0.0,0.0,0.0,0.0,-2.279999999999585,0.6400000000000978,-3.1999999999993345,0.04000000000004498,-1.2099999999999846,-0.6700000000000012,3155.7999999995836,1954.6999999997774,-0.4499999999999383,-1.0300000000002065,0.7799999999999258,-1.2699999999998717,118.99999999998937,-614.999999999992,-0.31999999999991324,0.4699999999998811,-0.32999999999998597,-1.130000000000256,1.1300000000002517,-2.4099999999998216,7.5199999999975535,-0.399999999999989,0.05000000000002447,-15.439999999998856,-0.4599999999999995,0.10272394574366678,26.99051207024044,0,360.0,20.4,20.4,0.0
12086009321,0.1056301964746312,Moderate,57.2265625,0.1892180596878528,0.5582458495182022,0.0676805570498985,0.0715549640982144,0.6096758462790395,0.457035403145183,0.6791420693218321,0.310755562325807,0.973820964746742,8.3,5.6,28.3,82.0,0.7,4.0,1.0,9921.780487804876,1373514.3902439023,False,120.0,120.0,0.0,0.0,0.0,0.0,0.0,0.0,0.0,0.0,0.0,0.0,-5.65999999999977,-0.2900000000000092,-8.599999999999255,-2.3099999999999015,3.4899999999997005,-1.6899999999998994,12873.699999999208,4365.199999999703,0.5699999999999487,-5.3099999999994365,3.3299999999998344,-0.6599999999999047,166.0999999999848,-1038.5999999999858,1.429999999999976,-0.5299999999999965,0.3099999999999879,7.029999999999538,-7.029999999999538,-0.9899999999998369,5.259999999997961,-0.11999999999995845,1.489999999999793,-14.239999999999046,-0.4999999999999996,0.10272394574366678,26.99051207024044,0,199.20000000000002,5.6,5.6,0.0
12086009323,0.0841724046329249,Low,36.328125,0.1624445906582098,0.5181607112423161,0.0594161020931932,0.0520976448296294,0.5406460437198812,0.4029570782301666,0.6367785621223352,0.2654730792232264,0.958324227309568,10.3,2.1,30.9,51.0,4.4,14.0,3.0,15311.78947368421,1483041.0,False,120.0,120.0,0.0,0.0,0.0,0.0,0.0,0.0,0.0,0.0,0.0,0.0,-4.009999999999779,-0.9400000000000052,-2.1999999999997755,1.9400000000000284,-4.269999999999666,-0.24999999999994235,10066.99999999919,3589.6999999996506,-0.23999999999997576,0.48999999999990457,0.22999999999996987,0.009999999999932964,114.8000000000004,-836.1999999999991,1.1799999999999735,-1.399999999999917,-0.8099999999999327,4.8199999999997525,-4.819999999999753,1.7799999999995224,7.109999999997682,-0.7499999999999466,-0.7799999999998735,-18.029999999998683,0.0,0.10272394574366678,26.99051207024044,0,247.20000000000002,2.1,2.1,0.0
12086009327,0.1226282920240146,Moderate,69.140625,0.2080972502101544,0.5892835772705988,0.0788936919394404,0.4400942720895145,0.5273134521124407,0.3812286984288189,0.6414942886986993,0.3373008084808684,0.9562871750235206,13.7,2.8,38.0,67.9,4.4,10.0,3.0,15583.378048780489,1408734.7926829269,False,120.0,120.0,0.0,0.0,0.0,0.0,0.0,0.0,0.0,0.0,0.0,0.0,-1.3000000000003649,-0.8600000000000484,0.609999999999813,-1.0199999999999843,0.6899999999995965,-0.41999999999994997,11476.307692306573,2579.5999999998353,0.020000000000000292,-1.3600000000000774,1.13999999999994,-1.1100000000000447,346.39999999997605,-520.6000000000106,0.07999999999999433,0.4400000000000227,-0.9899999999998153,2.380000000000142,-2.3800000000001456,-1.8600000000001407,7.779999999997727,-0.06000000000009668,0.020000000000000084,-16.23999999999901,0.0,0.10272394574366678,26.99051207024044,0,328.79999999999995,2.8,2.8,0.0
12086009312,0.0499682283523213,Low,10.15625,0.0958927096412466,0.5210847471018623,0.0522973670838541,0.0475013623883622,0.5709355052997468,0.4113849128894671,0.6160172377967966,0.1394880521986392,0.959584717134938,5.1,5.8,8.2,27.7,6.3,21.0,3.0,12464.4375,1412092.453125,False,23.431578947368422,22.664517079736378,18.816468253968253,1316.0,14.666666666666666,66.0,0.47767857142857145,3.0,21.0,6.0,1.0,0.0,-3.299999999999788,0.3000000000000046,-0.8499999999999162,0.37999999999997364,-4.279999999999448,0.4200000000000224,6996.59999999944,4738.699999999699,-0.26999999999998975,-1.1899999999999866,0.7899999999999258,-0.1199999999999282,95.5999999999935,47.70000000000746,-0.9499999999998907,-0.999999999999966,-0.7400000000000352,0.03999999999998713,-0.039999999999989565,-2.0099999999998093,3.739999999998555,0.42999999999987637,-0.26999999999999513,-11.04999999999915,-0.3999999999999745,0.073880596483821,36.5643759018759,7,26.43601190476191,0.004403948367501898,3.029464285714286,0.0
12086009319,0.0657659399502666,Low,19.53125,0.1162817967395001,0.5655738197578646,0.0552837186158157,0.03048748491368,0.6520555237443233,0.4923169478047459,0.6831193420491048,0.1772798748631845,0.9698898002774688,7.4,4.0,12.4,42.5,2.9,2.0,1.0,8261.542372881357,1424084.6779661018,False,120.0,120.0,0.0,0.0,0.0,0.0,0.0,0.0,0.0,0.0,0.0,0.0,-2.659999999999796,-0.5800000000000164,0.24999999999986153,0.7399999999998359,-3.2999999999996965,0.2899999999999793,9141.999999999469,1023.9000000000076,0.0,-2.889999999999785,3.189999999999877,1.479999999999942,166.69999999998407,-164.50000000000716,0.3799999999998838,0.31999999999996115,-0.6499999999999654,-4.069999999999839,4.069999999999838,1.9900000000000013,4.8999999999986255,1.9499999999998594,0.23999999999999613,-15.039999999999397,0.0200000000000007,0.10272394574366678,26.99051207024044,0,177.60000000000002,4.0,4.0,0.0
12086009314,0.2150166129197531,Critical,97.8515625,0.361742375084701,0.5943915552315584,0.2358002399406802,0.4625460520015926,0.5287344843428592,0.3580086267138967,0.6660753476200103,0.4876845102287216,0.9565932654794332,29.4,19.9,68.5,63.1,10.6,6.0,2.0,16040.09523809524,1460722.6666666667,False,21.77777777777777,24.253587962962957,17.50722222222222,281.0,1.3333333333333333,15.0,0.5409252669039146,2.0,6.0,3.0,0.5516014234875445,0.0,-0.5099999999998731,0.8200000000000595,3.24999999999986,0.7299999999999259,-2.5599999999998704,1.8599999999997974,1377.6999999998109,519.6999999999819,-0.7799999999998909,1.3199999999998855,-0.9600000000000463,-1.1999999999998305,100.09999999998685,-187.6999999999965,1.529999999999888,-0.9399999999999227,2.4499999999998687,1.1099999999999872,-1.1099999999999932,-2.2599999999999016,10.259999999997385,0.9199999999999638,-0.5999999999999993,-16.909999999998526,0.0,0.1571433032968655,57.85265101410935,5,190.8876666666667,0.07056737588652481,9.135587188612098,0.0
12086009315,0.1858236630340951,Critical,95.1171875,0.2741606903947002,0.677791053000964,0.1877393055944737,0.6116038094294114,0.5064867972315124,0.3558547286588926,0.9644311671813393,0.3605820751949268,0.9505787625036646,21.0,18.5,49.9,50.5,6.8,0.0,0.0,17855.76923076923,1449261.5384615385,False,120.0,120.0,0.0,0.0,0.0,0.0,0.0,0.0,0.0,0.0,0.0,0.0,-2.1299999999996904,-1.1699999999999828,-0.45000000000001544,0.49999999999994393,-5.0399999999995755,0.7199999999999661,4148.499999999562,875.6999999999276,0.0,2.0399999999995795,-2.0799999999996714,-0.9899999999999614,82.59999999999482,-32.400000000002905,0.5499999999999285,0.7499999999998672,0.049999999999943846,1.5099999999997848,-1.5099999999997888,-0.8199999999998582,6.449999999997681,0.539999999999955,0.1199999999999625,-15.99999999999878,0.0,0.15463996440491276,24.523602537722905,5,504.0,18.5,18.5,0.0
12086009402,0.1094212660476211,Moderate,60.15625,0.1959401589972183,0.5584422642485177,0.0941819710641815,0.0747374012316028,0.6782074737441598,0.490217998048891,0.5730694734595773,0.2976983469302551,0.9759789747583576,7.4,11.9,32.6,62.0,6.1,30.0,5.0,8021.0,1582956.793814433,False,120.0,120.0,0.0,0.0,0.0,0.0,0.0,0.0,0.0,0.0,0.0,0.0,-2.7199999999998,1.4099999999999653,-0.11000000000013398,1.329999999999878,0.009999999999387783,-0.6599999999998762,3555.699999999497,1242.5999999998728,-1.1999999999999538,1.5699999999998402,0.9799999999998359,-0.7699999999999486,162.79999999998435,-531.4000000000021,2.039999999999885,-1.529999999999856,2.3999999999997197,-0.7799999999999239,0.7799999999999186,1.9499999999998023,5.419999999998933,7.399999999999684,-8.149999999999654,-2.139999999999853,0.0,0.10272394574366678,26.99051207024044,0,177.60000000000002,11.9,11.9,0.0
12086009506,0.1452801607153146,High,83.203125,0.2424870370845698,0.5991254726933989,0.1469800884092354,0.4067937313743643,0.6019385546505608,0.4194883690230356,0.6098817024956757,0.3379939857599043,0.9575250059233578,20.0,10.7,34.9,57.8,7.4,22.0,3.0,12752.58695652174,1696115.7173913044,False,120.0,120.0,0.0,0.0,0.0,0.0,0.0,0.0,0.0,0.0,0.0,0.0,-1.110000000000048,0.40000000000013,2.979999999999629,-1.089999999999903,-3.099999999999793,0.8999999999996698,2947.0999999996006,2037.4999999998292,-0.7300000000000354,-3.3699999999996653,1.8599999999999342,-0.5399999999999561,57.399999999995465,-192.10000000001315,1.419999999999918,-1.7399999999998372,0.5300000000000025,3.4899999999999927,-3.4899999999999927,-2.2199999999997573,5.949999999998657,3.0299999999998812,-4.809999999999777,0.6500000000001205,0.0,0.10272394574366678,26.99051207024044,0,480.0,10.7,10.7,0.0
12086009503,0.0740816661288862,Low,27.34375,0.1408827457786786,0.5258391701512241,0.0495339461346115,0.0390276538804638,0.6311685522949136,0.4462433109904021,0.5415024878136442,0.2322315454227457,0.9712538457766968,3.5,6.7,28.1,48.3,4.7,38.0,6.0,10512.627906976744,1626488.523255814,False,36.29962121212122,24.9863471019721,18.324984567901236,1800.0,11.666666666666666,92.33333333333333,0.7586111111111111,6.0,38.0,11.0,1.0,0.0,-3.799999999999881,0.040000000000050204,1.4399999999997515,-1.8899999999999095,-3.869999999999419,-0.9799999999999429,7142.699999999495,3083.899999999759,-0.14999999999998836,-1.519999999999935,2.229999999999876,-1.9199999999998962,163.39999999999952,209.9999999999911,-0.7099999999998591,-0.02000000000002338,-0.4699999999999591,1.8399999999997831,-1.8399999999997791,-1.4999999999999218,3.7199999999993643,2.8099999999998406,-3.059999999999875,-0.7499999999998163,0.0,0.12610656606628376,20.853224671892434,7,19.862554012345676,0.003720155469183787,1.6173055555555556,0.0
12086009504,0.0853186604783215,Low,37.6953125,0.1625819472740973,0.5247732722408757,0.0642378888837509,0.0316454739261252,0.6073083123460085,0.4237776533701848,0.6023604606105533,0.2609260056644438,0.9587744609515064,8.6,4.8,17.8,55.6,9.2,19.0,5.0,12060.023255813954,1649193.7325581396,False,26.37916666666667,26.370824314574314,17.43281045751634,763.0,4.0,42.0,0.8499344692005243,5.0,19.0,7.0,1.0,0.0,-0.5999999999999613,-0.029999999999938028,-1.6100000000000463,-4.4099999999993935,6.109999999999044,0.6400000000000035,3185.0999999997402,1189.7999999999477,0.9699999999999862,-4.489999999999809,2.0699999999998693,-1.2699999999999252,145.1999999999884,11.899999999993232,-0.8199999999999925,0.8599999999999302,-0.25999999999994555,1.5100000000000846,-1.5100000000000853,1.2299999999999889,2.0699999999992267,0.8199999999998668,1.1899999999998878,-4.5799999999996945,0.0,0.11008074768627063,21.227496886216834,6,56.47783006535948,0.0062827225130890054,0.7203145478374834,0.0
12086009602,0.0956383515129536,Moderate,47.8515625,0.1694097552930334,0.5645386320730166,0.0931185384907869,0.3817653025063238,0.5479769738498151,0.3657088122605363,0.5866507738616707,0.24570097209528,0.9405912978867365,12.0,7.8,31.1,42.9,3.4,28.0,4.0,15887.8125,1598323.175,False,120.0,120.0,0.0,0.0,0.0,0.0,0.0,0.0,0.0,0.0,0.0,0.0,-1.579999999999875,-0.7399999999997868,1.3599999999999184,0.7000000000002112,-1.4000000000002883,-1.2099999999998898,974.2999999998611,566.4999999999388,-0.4899999999997555,-0.35999999999997495,1.7099999999999278,0.06000000000009765,64.19999999999385,-724.500000000006,-0.24999999999997777,2.289999999999812,-0.609999999999958,-1.6900000000000202,1.69000000000002,-3.6299999999996087,2.1399999999990293,-0.47000000000011305,0.700000000000145,-3.6199999999999397,-0.02000000000000029,0.10272394574366678,26.99051207024044,0,288.0,7.8,7.8,0.0
12086009703,0.0435197890082485,Low,7.8125,0.0804253061815593,0.5411205884625796,0.0123895695187104,0.087421944692239,0.5593947592478641,0.4370427892160635,0.6686996400251589,0.1484610428444083,0.953043809131572,2.0,0.6,2.8,50.0,1.9,5.0,2.0,13332.145161290322,1422844.2096774194,False,120.0,23.481083333333334,17.878944444444443,164.0,0.8333333333333334,13.0,0.9603658536585366,2.0,5.0,2.0,1.0,0.0,2.4517495702516298e-14,-0.18000000000000285,-1.329999999999833,2.290000000000152,2.0699999999991685,-0.4199999999999703,5652.699999999408,4262.1999999995205,0.22000000000000325,-1.7399999999995932,0.2699999999998731,-1.2000000000000095,24.90000000000564,-32.999999999990955,-0.6100000000000269,0.10000000000024926,0.04999999999995277,-1.169999999999853,1.1699999999998552,-1.0799999999998793,4.739999999998557,2.509999999999702,-0.14999999999997504,-5.869999999999465,0.2599999999999279,0.08563717048822445,23.44725858080922,2,12.242111111111114,0.0036363636363636364,0.02378048780487807,4.9034991405032596e-14
12086009704,0.0766692001181708,Low,29.296875,0.1569766442082873,0.4884115118198148,0.0649242321896359,0.0689058682077337,0.4847966071001932,0.3766757431905989,0.5841903093200351,0.2490290562269388,0.9274890312805129,12.2,1.8,12.1,63.7,3.9,28.0,5.0,19964.010101010103,1448358.616161616,False,11.267851851851852,25.242024410774416,6.562261904761905,699.0,8.833333333333334,46.333333333333336,0.6459227467811158,5.0,28.0,7.0,0.8812589413447782,0.0,1.576487394567133,0.17731890698648342,1.6725878151358142,-1.6702579826656263,7.081383191205288,0.014602100517865983,2060.479666800423,1079.0420666862708,0.04118277296268804,-1.4242508399744949,0.9801289913327862,0.8881504194059092,103.77511336750187,-103.14255068915338,-0.5054911773598311,1.3736058833104512,-1.4514983200507565,-2.966336552267111,2.966336552267106,1.033770588098372,5.071605460415169,1.3075411761968763,0.6617563027163189,-8.546451681111499,0.1614050421730809,0.09147766928781431,30.97025842116035,9,212.74040476190476,0.0025714285714285713,0.6373390557939915,19.23314621371902
12086009705,0.1021173095873653,Moderate,54.1015625,0.1694323359368897,0.6027026011457577,0.0929174550113397,0.521178180857039,0.5131197317898383,0.4000096387864768,0.626205915717591,0.2459472168624398,0.9529995385778434,14.8,4.7,12.9,56.2,5.0,14.0,4.0,18300.5,1537219.8333333333,False,10.11111111111111,35.466971187025536,18.91621031746032,905.0,9.833333333333334,50.0,0.6712707182320442,4.0,14.0,4.0,0.5513812154696133,0.0,-0.0700000000001672,-2.889999999999724,0.209999999999959,-0.13000000000015294,-1.4299999999999466,0.05999999999995683,2356.39999999984,1487.8999999998816,1.7799999999999776,-3.3499999999999015,0.7200000000000111,-0.79999999999987,88.59999999999523,92.60000000001398,-0.8499999999999576,0.3900000000000449,0.7100000000001215,-0.020000000000056323,0.020000000000056674,-0.4899999999999147,5.319999999997751,3.6299999999998285,-0.8099999999999363,-10.36999999999964,0.1699999999999841,0.10950228694535555,34.05391216361611,3,75.24008730158728,0.0051876379690949225,1.5450276243093923,0.0
12086009706,0.1423353737725403,High,81.4453125,0.2153827264963684,0.6608486023364566,0.125417929776416,0.4850301589595616,0.6789464137232435,0.5400130123617437,0.6242384089224341,0.3053475232163208,0.9760150177153002,16.2,9.5,16.8,64.1,9.8,14.0,4.0,7681.166666666667,1521697.0555555555,False,24.429166666666674,42.86579991645781,18.057599206349206,597.0,4.5,26.333333333333332,0.6909547738693468,4.0,14.0,5.0,0.16917922948073702,0.0,0.9809236978886844,-0.06905554485530403,2.450269844326932,-1.9092734960425768,2.011837017149716,1.4998650778364406,1618.1506860307907,1289.0871919920958,-1.8590451662271437,1.5194914472294998,-0.30985469920843056,-0.21957447625346366,120.77561022428067,43.13280030349897,-0.5895952335094113,-0.9502906015829646,1.6594706899737348,-0.5112869498677837,0.5112869498677842,-1.518329040897581,4.682272919522613,0.17206534696484443,-0.9090555448551718,-7.100612339049453,0.17964712664920754,0.07850692398028994,26.669122115191502,7,96.26689285714286,0.01588628762541806,2.9359296482412054,15.890963905796687
12086009803,0.0819896975879971,Low,33.7890625,0.1338903654855823,0.6123644318293094,0.0353459324425659,0.0712905144216473,0.7738736783008467,0.5548368989755954,0.679989610710515,0.2324347985285986,0.9818314567379426,5.1,2.1,12.2,66.3,3.5,4.0,1.0,4487.382352941177,1452795.5,False,120.0,30.400000000000002,17.891805555555557,124.0,0.6666666666666666,8.0,1.0161290322580645,1.0,4.0,1.0,1.0,0.0,-0.2182537673477143,0.212610273922686,-2.2297159267645568,0.16829006757021178,-0.43881558527087383,-1.0171601031760489,6428.261354657504,3464.2397082087055,-0.7804229455794485,-1.7923806510214118,1.7632446922919152,0.31677345781929384,156.8905153671787,299.86435769776983,0.0860664390044571,-1.5378126716566536,-0.5709003414931383,-4.564410956908619,4.564410956908619,-0.1562597616829346,6.562858046933518,-0.02761934897871753,-0.5756734651007179,-3.7206225968045987,0.519117808618164,0.09930543063023213,28.79891289882957,6,31.151791666666657,0.016800000000000002,-0.03387096774193545,0.0
12086009804,0.0568872976826332,Low,14.0625,0.0971952001932113,0.5852891662299037,0.0512953832915375,0.0641926851025869,0.7012227738063764,0.5100122894527579,0.6739631629489857,0.1430950170948851,0.9770549198388112,8.8,1.7,10.2,25.0,5.1,7.0,1.0,6842.910714285715,1521244.2142857143,False,120.0,30.815714285714282,16.68861111111111,210.0,1.1666666666666667,12.666666666666666,1.1,1.0,7.0,1.0,1.0,0.0,0.5388955207621356,0.005280449336232428,0.4425338994430126,5.78829840066342,-2.3675297706627187,-1.7739541815407052,1460.8462519922416,504.2471386052312,-0.9489124439920863,-1.7044682598758463,2.021992110471979,-1.203665896258242,243.919298397637,-15.752756945362112,-0.4247246812851133,1.6302482547644546,1.1936148456456905,0.4748931975709628,-0.4748931975709637,-3.446574885085182,2.381770613660594,-2.461868742372412,1.8140136146157173,-5.9084999970932,0.34387123451877327,0.11633851639215015,32.21170608180806,6,64.34022222222222,0.008056872037914692,-0.17000000000000015,4.742280582706794
12086009806,0.1643597940898924,Critical,91.6015625,0.2415390937656539,0.6804687039579509,0.1388943712533664,0.485330558033502,0.7266757615474839,0.5372129448902383,0.6680577925286969,0.3441838162779413,0.9850664627898332,23.4,4.8,18.8,77.7,5.5,10.0,1.0,5610.666666666667,1422878.3333333333,False,120.0,30.339000000000006,17.8995,310.0,1.6666666666666667,20.0,1.0161290322580645,1.0,10.0,1.0,1.0,0.0,1.7500000000000797,0.019999999999908407,0.6599999999999137,0.4099999999999499,4.310000000000332,-0.43999999999998474,1101.2999999998422,2040.7999999998458,0.7100000000000024,-7.599999999999478,3.499999999999729,1.2699999999999567,61.399999999991095,104.49999999999623,1.1500000000003476,-0.5100000000000648,-0.689999999999826,-1.8099999999998642,1.8099999999998646,-1.550000000000037,6.489999999998408,1.3799999999999375,-4.309999999999456,-3.7699999999999307,0.9599999999998954,0.06943849763531515,30.607857142857142,4,142.7517,0.015434083601286173,-0.07741935483870961,40.950000000001864
12086009809,0.0779861501967837,Low,30.6640625,0.1317153544578133,0.5920809348143363,0.0554638628372947,0.087421944692239,0.7001568288806389,0.5260126750042169,0.6651519363389268,0.2079668460783318,0.98166128915566,8.2,3.1,5.7,51.0,7.8,10.0,1.0,6726.070175438596,1487045.245614035,False,120.0,120.0,0.0,0.0,0.0,0.0,0.0,0.0,0.0,0.0,0.0,0.0,-0.599999999999932,0.25999999999991036,-1.6200000000000638,3.1299999999996246,0.3300000000007069,0.7999999999999527,1800.6000000000806,450.7999999998976,-0.09999999999999518,2.1780638442408454e-14,0.3099999999999804,1.0399999999999816,87.25714285713903,-514.8000000000287,-0.7799999999999436,0.48000000000007437,0.38999999999994345,3.49000000000031,-3.4900000000003133,1.040000000000055,5.259999999998411,-2.3699999999999424,2.8899999999996275,-7.319999999999587,-0.34999999999995557,0.10272394574366678,26.99051207024044,0,196.79999999999998,3.1,3.1,0.0
12086009812,0.0855355536712224,Low,38.0859375,0.1522395826665231,0.56184831942548,0.0532045464417878,0.0815559700483875,0.6365101908692218,0.4686112918383575,0.6552087545207449,0.2512746188912584,0.9673553898506876,5.7,5.3,10.9,67.3,7.0,15.0,1.0,9475.75,1507149.95,False,120.0,120.0,0.0,0.0,0.0,0.0,0.0,0.0,0.0,0.0,0.0,0.0,-1.174949774390922,-0.9367288507542579,-0.8218364770590542,-2.6333716004640806,4.770157851913964,0.02156382375289646,6403.8364701547725,1144.4989072204025,0.2935007520302718,-1.9033716004638905,2.0850789259568563,-0.36674320092805107,195.4492107404158,150.80415119399407,-2.436728850754069,2.743515102204269,-2.573529452378211,-0.5563126957076256,0.5563126957076221,-1.089870848433788,3.231822126883799,-2.2379195699825165,-2.1871880563225705,-3.195896540660537,-0.12338595063809293,0.10272394574366678,26.99051207024044,0,136.8,5.3,5.3,0.0
12086009907,0.1140020164793324,Moderate,62.890625,0.182890512836983,0.6233347739636257,0.0603505386672072,0.0597680642283675,0.7912021990406043,0.6152648256584495,0.6691292090661994,0.3054304870067589,0.9813095718245074,7.7,4.6,31.2,61.3,8.5,8.0,1.0,4338.6875,1536415.1458333333,False,120.0,120.0,0.0,0.0,0.0,0.0,0.0,0.0,0.0,0.0,0.0,0.0,-1.9399999999998894,-0.04000000000008137,2.759999999999716,0.6299999999995785,-1.1099999999990957,1.4199999999998616,16339.19999999891,3892.699999999679,-0.4000000000000553,-2.869999999999684,2.3499999999997487,0.15999999999992898,165.2999999999862,-1225.6000000000115,-0.3799999999997764,0.33000000000003055,0.6499999999999874,8.130000000000049,-8.130000000000052,-1.2199999999998719,4.129999999999026,-1.9299999999998598,-0.5700000000000699,-0.03999999999988084,-0.4800000000000309,0.10272394574366678,26.99051207024044,0,184.8,4.6,4.6,0.0
12086009903,0.1064159153615258,Moderate,57.6171875,0.182735865416612,0.582348271473214,0.0631161882539839,0.0370554727502034,0.7424877349524908,0.547703338515878,0.598304369678999,0.3023555425792401,0.9861904414684988,7.5,5.3,24.0,53.7,15.5,19.0,5.0,5753.774647887324,1583569.4788732394,False,41.75757575757576,24.25703842940685,18.78606725146199,1124.0,7.0,52.333333333333336,0.7784697508896797,5.0,19.0,6.0,1.0,0.0,-1.1400000000000048,0.1699999999999782,0.6999999999998847,-2.069999999999862,-3.5800000000003496,-0.049999999999840894,3672.4000000001415,1505.2999999999083,-0.14999999999997735,-2.499999999999858,2.6499999999998427,0.5599999999999492,-34.20000000000192,-57.799999999993396,1.2099999999999675,-0.4800000000000102,2.199999999999857,1.5399999999998608,-1.539999999999865,-0.44999999999990825,2.739999999999274,1.4899999999998308,-0.9799999999998673,-0.8599999999999316,-0.11999999999999987,0.109475275908225,24.761931161817774,10,39.10449561403507,0.004711111111111111,1.1741103202846974,0.0
12086009904,0.2242941774783614,Critical,98.6328125,0.3086834954679685,0.7266153868652042,0.2143925345307148,0.5528308690948431,0.8086702540936757,0.6016740726385101,0.6819177084035313,0.4029744564052221,0.9879840300954602,31.0,12.4,41.6,45.5,16.0,3.0,1.0,4258.170212765957,1650538.170212766,False,30.0,30.946250000000003,17.055833333333332,121.0,1.1666666666666667,7.666666666666667,1.078512396694215,1.0,4.0,2.0,1.0,0.0,3.1853609934918903,2.3689691096647763,0.4414727004787139,2.9912517954065527,-3.986369429570478,0.32161997052661856,2689.132310340204,1275.368516947038,0.020000000000021702,-1.9867600589466656,2.819779094927976,-0.17025772258371855,76.53689842197184,257.2784758628695,-0.10335039358923653,2.0503313576077757,-0.06224586823008681,0.5159357104278294,-0.5159357104278329,-0.44099407282317377,3.321399065453836,-0.6560012544509758,-1.68363057042928,-0.9091307429681987,-0.0001840875598440164,0.09784166076601669,20.56497296928218,5,215.2691666666667,0.1016393442622951,-0.9735537190082654,98.7461907982486
12086009905,0.0744144692850484,Low,27.9296875,0.1336399267608234,0.5568281208222203,0.0733578107110898,0.0393358977709847,0.6642383129716402,0.4820622488691964,0.6204000016847496,0.193922042810557,0.9781041428145308,9.3,5.7,17.2,28.2,9.4,17.0,3.0,8839.06329113924,1622769.3037974683,False,33.643939393939384,24.633326883384935,18.785686274509803,1120.0,7.5,47.333333333333336,0.75,3.0,17.0,5.0,1.0,0.0,-0.4600000000001092,0.8999999999999662,-1.0100000000000515,2.3600000000003303,-7.299999999999664,0.6899999999999901,3677.899999999718,1358.49999999985,-1.1299999999998613,-0.39999999999996416,1.4399999999998725,0.19999999999999327,267.89999999997855,-109.79999999998927,0.1600000000000204,1.2999999999999243,0.1599999999999875,2.6099999999997974,-2.6099999999998023,-0.589999999999919,2.7399999999988958,3.179999999999756,-1.8999999999999162,0.12999999999998071,-0.40999999999991793,0.09366732733678496,22.500256751046226,4,48.49311764705883,0.005084745762711865,1.425,0.0
12086009906,0.0892674061705076,Moderate,41.40625,0.1690237365053171,0.528135325938079,0.0815060142471078,0.0561569045801643,0.5901139149742848,0.4150100002409696,0.6148275939528719,0.2565414587635264,0.9645682159421042,12.3,4.6,23.1,43.0,9.5,20.0,3.0,12969.940476190475,1622647.1904761903,False,24.61949074074074,16.872907509157507,19.663874999999997,1462.0,20.833333333333332,77.0,0.7366621067031464,3.0,20.0,5.0,1.0,0.0,-0.9799999999999394,0.5099999999999715,0.009999999999883097,1.2099999999998905,-2.860000000000142,0.389999999999943,3657.999999999696,1589.299999999895,-0.9099999999999849,-4.409999999999724,0.6899999999999683,-0.34000000000002445,182.0999999999869,-169.50000000000682,1.3899999999999177,-0.6599999999998856,1.7999999999998313,1.8999999999998503,-1.8999999999998542,-1.9599999999998932,2.839999999998823,-0.5599999999999646,-0.2699999999999274,-2.129999999999876,0.17999999999998004,0.1323288007853987,25.23242361477914,8,53.33433750000004,0.0031442241968557758,1.2113543091655266,0.0
12086010026,0.214375154904102,Critical,97.65625,0.3258649992512618,0.6578649299454395,0.2054327489172014,0.4163202557962876,0.7302582621194924,0.5263074189485859,0.6287812661455174,0.4462972495853221,0.9876574467173146,34.6,7.0,39.0,84.5,4.8,19.0,2.0,6008.315789473684,1552230.6736842103,False,120.0,120.0,0.0,0.0,0.0,0.0,0.0,0.0,0.0,0.0,0.0,0.0,1.8499999999997934,0.1600000000001022,0.3400000000000655,-2.2799999999995193,1.779999999999691,-1.0000000000000164,-761.5999999998965,83.50000000004368,-0.6500000000000153,-1.409999999999553,3.509999999999627,-1.3299999999999574,149.69999999998137,-972.3999999999966,2.309999999999862,-0.0500000000001432,3.3599999999998804,-3.5499999999994443,3.5499999999994456,0.8200000000002952,11.359999999998344,5.850000000000158,-5.680000000000164,-6.439999999999074,-0.0999999999999999,0.10272394574366678,26.99051207024044,0,830.4000000000001,7.0,7.0,64.00999999999286
12086010017,0.1029567983890838,Moderate,54.8828125,0.189987957120401,0.5419122345940964,0.0520609632687068,0.0573442181319325,0.6275076092029784,0.4541018513041935,0.5975053771592874,0.3279149509720952,0.9731021171720902,7.8,2.9,39.9,76.8,0.7,21.0,5.0,9740.386363636364,1478731.806818182,False,120.0,120.0,0.0,0.0,0.0,0.0,0.0,0.0,0.0,0.0,0.0,0.0,-1.3500000000000638,0.6699999999999307,3.5299999999994762,-5.079999999999265,9.759999999999184,-0.43999999999997974,5675.899999999761,1066.6999999999637,-0.10999999999998994,-1.4199999999998472,3.1599999999997785,-0.6199999999998952,252.88461538459075,-709.1999999999929,0.2699999999999698,1.4099999999998452,-1.0199999999999942,1.3600000000002148,-1.3600000000002168,0.15999999999996603,6.979999999998092,2.3299999999998517,-1.1399999999999024,-11.849999999999124,0.0,0.10272394574366678,26.99051207024044,0,187.2,2.9,2.9,0.0
12086010021,0.1045896462630495,Moderate,56.4453125,0.1852187018855829,0.5646818879427129,0.076252916674137,0.0631122544239984,0.6815785891674095,0.4996920407720667,0.6014250595278208,0.294184487097029,0.9776014958222692,7.2,8.4,38.6,64.0,1.4,25.0,4.0,7444.99,1495133.16,False,120.0,120.0,0.0,0.0,0.0,0.0,0.0,0.0,0.0,0.0,0.0,0.0,-3.6399999999997474,-0.009999999999973835,1.9099999999998363,-2.770000000000129,4.849999999999439,-0.5599999999999703,4493.699999999587,1431.7999999999008,-0.5399999999999361,-1.729999999999957,1.5499999999997889,-0.9699999999999332,161.89999999998508,-781.9000000000007,0.2599999999999292,-2.1599999999998123,-0.49000000000000415,-6.53999999999961,6.539999999999605,0.21999999999999104,4.379999999998549,3.239999999999448,-2.119999999999546,-6.219999999999911,0.0,0.10272394574366678,26.99051207024044,0,172.8,8.4,8.4,0.0
12086010020,0.0816372331969732,Low,33.59375,0.1310296574369465,0.6230439336701947,0.0997673929123256,0.0599919822888037,0.8476177204500471,0.6012644883009229,0.6136351000741289,0.1622919219615675,0.992710377237071,13.0,7.1,37.6,0.0,4.0,22.0,3.0,3058.53125,1450220.5625,False,120.0,120.0,0.0,0.0,0.0,0.0,0.0,0.0,0.0,0.0,0.0,0.0,-0.13000000000022427,-0.44000000000009004,2.049999999999637,0.0,-18.509999999997824,0.04000000000002029,2346.1999999998384,550.4999999999603,-0.8399999999999991,-0.7499999999999419,0.4899999999999102,-2.0299999999998355,0.0,-624.6000000000133,-1.4499999999998465,1.0999999999999606,-1.19999999999997,0.9199999999999651,-0.9199999999999632,1.8699999999996413,6.169999999998407,3.149999999999855,-3.289999999999792,-5.739999999999281,0.0,0.10272394574366678,26.99051207024044,0,312.0,7.1,7.1,0.0
12086010010,0.1216218591168827,Moderate,68.1640625,0.2052957630114074,0.5924226459078199,0.1056740305645253,0.0460210485064429,0.7550533702107343,0.5462353845206445,0.6271956640159939,0.3049174954582896,0.9876077622852836,12.8,8.6,31.3,59.0,6.5,13.0,4.0,4941.925925925926,1451498.7222222222,False,25.504320987654317,27.92940170940171,18.224786324786326,606.0,5.0,27.333333333333332,0.7194719471947195,4.0,13.0,4.0,1.0,0.0,-3.989999999999702,-0.10000000000010191,-4.469999999999442,1.0899999999999972,2.8799999999996517,-1.6499999999998167,2791.600000000175,3033.699999999714,-1.029999999999935,-3.4999999999996345,2.4999999999997335,-0.11999999999998463,81.700000000003,-164.89999999998838,1.7399999999997722,-1.0699999999998306,-0.22000000000003325,-0.25000000000021816,0.25000000000021466,1.3599999999999657,6.389999999998385,0.8500000000000708,-1.490000000000029,-6.5699999999995775,0.0,0.09402649907116067,28.38297619047619,8,73.92273504273503,0.014168039538714991,2.412541254125412,0.0
12086010024,0.1512241839101908,High,86.9140625,0.2329841054204394,0.6490751102410789,0.1423020147066924,0.4232865954543029,0.7160333475163709,0.5316128099472276,0.593049593413752,0.3236661961341864,0.981393204873741,16.7,12.3,36.9,58.6,5.1,26.0,4.0,6574.307692307692,1577933.9846153846,False,120.0,120.0,0.0,0.0,0.0,0.0,0.0,0.0,0.0,0.0,0.0,0.0,-5.489999999999576,-0.4700000000001909,-3.02999999999977,-1.3599999999999781,-0.5299999999998792,-2.0699999999999696,4544.699999999858,2942.199999999834,-0.4100000000001043,-6.089999999999384,0.5700000000000152,-0.3799999999999752,79.70000000000154,-437.49999999999517,0.539999999999989,-1.9699999999997526,0.7999999999998373,0.6900000000001136,-0.6900000000001175,0.6899999999998163,3.6499999999989723,3.669999999999697,-3.729999999999711,-3.499999999999682,0.0,0.10272394574366678,26.99051207024044,0,400.79999999999995,12.3,12.3,0.0
12086010012,0.0850402567657535,Low,37.109375,0.1394759614958213,0.6097126404703171,0.0336205361056197,0.0538259080956348,0.7751244639373834,0.5956025871636879,0.635170945930768,0.2453313868860228,0.9888392972241112,5.0,1.8,27.6,55.8,3.0,16.0,2.0,4699.911764705882,1531481.4705882352,False,24.143541666666668,27.644166666666663,18.211111111111112,687.0,6.5,36.0,0.8508005822416302,2.0,16.0,5.0,1.0,0.0,-1.990000000000025,-0.6799999999999752,-2.029999999999983,2.8900000000000534,-3.869999999999731,-0.6799999999999753,8137.199999999666,1947.599999999874,-2.0199999999998814,-0.2699999999999822,1.1399999999999118,-0.06999999999996263,235.99999999998744,134.1999999999938,1.909999999999937,-1.1399999999999941,1.209999999999988,0.05000000000010955,-0.05000000000010695,-2.0299999999998186,7.439999999998637,4.519999999999861,-3.5599999999998975,-2.9799999999998388,0.050000000000019466,0.1216218591168827,27.92940170940171,4,28.94444444444444,0.002616279069767442,0.2685589519650656,0.0
12086010013,0.1102841235125414,Moderate,60.546875,0.1791681577280365,0.6155341714231621,0.0601598685969056,0.0568571294426968,0.7735632761349823,0.6053479200302014,0.655675177460296,0.2981764468591675,0.9862273540476336,8.5,3.7,26.2,75.3,2.5,5.0,3.0,4346.916666666667,1405061.138888889,False,27.0,26.4767619047619,18.538666666666664,240.0,2.1666666666666665,12.0,0.6916666666666667,3.0,5.0,3.0,1.0,0.0,-2.989999999999928,0.4999999999999106,1.2599999999997997,0.0,8.29999999999968,-0.9799999999999494,314.49999999984436,1332.5999999997628,0.589999999999916,-1.7899999999996974,0.5799999999999615,0.14999999999984553,-98.69999999999298,27.899999999989394,-0.7399999999999831,2.2599999999999696,-0.07999999999993648,-1.2199999999999291,1.2199999999999234,0.6000000000000485,4.449999999998164,2.769999999999893,-4.179999999999785,-8.069999999999334,-0.36000000000008914,0.10418848802603489,29.478700854700854,7,46.42133333333335,0.015352697095435686,1.1408333333333334,0.0
12086010015,0.1586359423397776,High,89.84375,0.2139842435617707,0.7413440340245625,0.117424720268436,0.4232865954543029,0.9399454175887038,0.6983245194045453,0.6500388896376664,0.3105437668551053,0.995124748037594,20.5,3.1,43.5,45.1,3.4,10.0,2.0,1711.7230769230769,1308650.1846153846,False,28.745833333333337,30.559722222222216,17.26611111111111,346.0,2.5,16.333333333333332,1.0245664739884393,2.0,10.0,4.0,1.0,0.0,-1.2615784835028168,-0.4108245497922406,-0.7980803793118354,0.0,-8.74800976322987,-0.5231330805587435,4564.194839959846,1880.1443327275792,0.022167298603114383,-2.045005971611469,1.4467963033594147,-1.144028246432661,52.029222755716056,-154.2796094707838,0.39328625594553207,-0.8786572511890964,0.7758305214038271,-2.0023672036248734,2.0023672036248734,0.3981977250288086,8.065370995241484,1.9856654027935747,-0.5834981041905815,-17.660459526159137,0.07999999999999349,0.08652659804898785,75.514,5,138.04472222222228,0.00893371757925072,-0.07615606936416168,0.0
12086010016,0.0867551169351871,Low,39.453125,0.1336632137751177,0.6490575415996556,0.0564669023705417,0.0810402799698071,0.8565273828225435,0.6512788513610348,0.6657937838353887,0.2108595251796937,0.9906474100095034,10.8,0.6,28.9,38.8,0.5,5.0,2.0,2877.0701754385964,1428540.0877192982,False,30.0,31.028,17.321944444444444,156.0,1.6666666666666667,10.0,1.044871794871795,2.0,5.0,2.0,1.0,0.0,-1.0004713100433071,-0.112435101890582,2.9268841169352733,0.0,-4.491728136825031,-1.7790835638044806,4367.42949094943,2880.7490684622694,-0.5801309194564149,-0.8912830106735011,0.6107593328476073,-0.8797381610869254,149.18145436668294,-176.762931198108,1.9584813343046992,-1.8272768753050457,1.089502506065234,2.798402782630828,-2.7984027826308266,-0.9789264604566994,7.983351538083745,-0.7947108539581739,-0.19654597282408254,-11.204108624457614,1.629999999999976,0.11921000103299757,51.24147145909646,6,72.123,0.003821656050955414,-0.02692307692307696,0.0
12086010193,0.092137739926282,Moderate,44.921875,0.1240177951229079,0.7429396711574242,0.0549275003594432,0.1091724898404202,0.7431262725415378,0.8760211089423842,0.9966937933016384,0.1931080898863726,0.9896846911611396,10.5,0.6,6.2,52.5,2.6,0.0,0.0,1793.5869565217392,495269.4782608696,False,120.0,120.0,0.0,0.0,0.0,0.0,0.0,0.0,0.0,0.0,0.0,0.0,0.1499999999998137,-0.030000000000017773,0.40999999999996656,-4.609999999999433,6.439999999999065,0.33999999999998587,2532.999999999937,1963.9999999999375,-0.749999999999963,0.3099999999999926,2.3199999999997925,-1.979999999999852,88.3999999999846,59.39999999999962,1.539999999999943,-1.5299999999999863,1.8100000000000198,0.5200000000000036,-0.520000000000011,-0.10000000000000524,4.459999999998704,0.819999999999949,-0.08000000000000163,-8.77999999999953,-0.4699999999999679,0.11333252705642408,15.395867965367964,6,252.0,0.6,0.6,1.5749999999980437
12086010198,0.0666972162646231,Low,20.703125,0.0985224787198977,0.6769746065184304,0.0218671130878777,0.1186440677966101,0.7349795261571122,0.8526872133465063,0.6846025394793,0.1751778443519176,0.9939596858126238,4.4,0.0,7.3,50.0,3.3,2.0,1.0,1440.9333333333334,381466.6,False,19.0,27.39666666666667,15.154444444444444,58.0,0.6666666666666666,4.0,0.7586206896551724,1.0,2.0,2.0,1.0,0.0,0.6799999999999281,0.0,0.7199999999998736,0.0,-4.660000000000406,-0.08000000000005279,11791.799999999115,3201.699999999595,0.4899999999999384,-6.50999999999966,4.139999999999782,-0.6199999999999604,90.39999999999326,78.50000000000253,1.6476040155685217e-15,1.0799999999999892,0.020000000000026254,1.050000000000041,-1.0500000000000456,-1.910000000000015,1.8699999999988142,1.219999999999692,-0.8799999999997798,-9.449999999999761,1.7699999999999432,0.11997727343653274,24.94087962962963,5,38.92044444444445,0.0,0.0,2.991999999999684
12086010201,0.1390555667918781,High,80.078125,0.1814637545636239,0.766299403020029,0.0463358218677329,0.1091724898404202,0.7724067384612071,0.9550956400510964,0.9983528592692944,0.316591687259515,0.9964692874781272,5.4,3.9,10.7,100.0,4.1,0.0,0.0,967.608938547486,310895.85474860336,False,120.0,120.0,0.0,0.0,0.0,0.0,0.0,0.0,0.0,0.0,0.0,0.0,-0.9099999999999117,0.2899999999999584,-1.48999999999987,-6.380000000000727,6.380000000000725,0.5699999999999408,8245.199999998718,3267.99999999965,0.2399999999999533,-3.629999999999788,1.299999999999773,1.1599999999997903,439.8999999999443,102.99999999999645,2.129999999999933,-0.8200000000000424,3.1299999999997077,1.8600000000000019,-1.860000000000011,-0.3599999999999746,4.369999999998488,0.2199999999999267,1.450000000000005,-12.859999999999133,0.31999999999997986,0.1156973045496502,66.42205086580087,6,129.60000000000002,3.9,3.9,0.0
12086010212,0.0194444250157149,Low,1.5625,0.0322198695961348,0.6034917353621929,0.0253098699709614,0.027859740616208,0.6657404717923261,0.6652453878075099,0.6660691561650606,0.0391298692213082,0.9925439204298598,3.1,2.0,7.9,0.0,1.6,11.0,1.0,2657.1284403669724,491630.2293577982,False,120.0,120.0,0.0,0.0,0.0,0.0,0.0,0.0,0.0,0.0,0.0,0.0,-2.4599999999999618,0.020000000000044923,-2.8899999999999917,-1.5999999999999983,-7.45999999999983,-1.2299999999999824,15170.399999999769,4363.399999999823,-0.5199999999999925,-0.7599999999998462,2.2999999999998835,-2.2899999999998006,33.000000000009614,-844.9000000000035,0.10999999999998215,0.9699999999999773,-1.8999999999998805,3.6099999999997805,-3.609999999999782,-0.7799999999999045,-1.220000000000864,-1.559999999999967,1.4099999999999195,-12.419999999999362,-0.35999999999999965,0.10272394574366678,26.99051207024044,0,74.4,2.0,2.0,0.0
12086010205,0.072244776876964,Low,25.5859375,0.1330976902343807,0.5427951210103148,0.055954954168591,0.0755261413642049,0.5081455676895827,0.5229014889247665,0.6257365444661589,0.2102404263001704,0.9816658626068612,8.7,2.7,24.0,39.6,3.8,18.0,3.0,6483.716049382716,530786.1728395062,False,24.592592592592585,27.978762860082302,17.327978395061727,673.0,3.8333333333333335,39.333333333333336,1.0512630014858841,3.0,18.0,4.0,1.0,0.0,-1.160000000000038,-0.8999999999999119,-1.2900000000000909,-0.739999999999792,-4.9599999999998134,-0.5199999999999588,6209.999999999361,1795.6999999998798,0.5800000000000064,-2.3799999999998356,1.2199999999998843,-1.9499999999998232,84.29999999998492,-99.89999999999502,0.7099999999999896,-0.6099999999999246,1.3099999999998686,5.079999999999634,-5.079999999999633,-3.0799999999998886,2.9699999999983713,-0.1900000000001269,1.4399999999999358,-11.209999999999209,-0.34999999999995146,0.13138040040837795,49.1784387074457,6,58.04658796296297,0.0040059347181008904,-0.1384101040118872,0.0
12086010207,0.1778760273156078,Critical,94.3359375,0.3097812718136241,0.574198776685973,0.2497549931042462,0.5176727860052911,0.3947730691975851,0.4319120468634637,0.5823826993058832,0.3698075505230019,0.9442532820576416,31.7,21.2,34.0,52.3,9.9,19.0,5.0,12253.934426229507,557972.262295082,False,22.736363636363638,27.288282638414216,15.86188596491228,950.0,5.166666666666667,54.333333333333336,0.6994736842105264,5.0,19.0,9.0,1.0,0.0,-0.060000000000175864,0.47999999999996923,-2.5899999999997885,-1.4899999999999738,0.0900000000000765,1.1999999999998323,1911.9999999999402,1727.6999999998131,-0.6200000000000421,-1.1199999999999322,0.7699999999999395,-1.1299999999999912,74.89999999999317,120.49999999999636,2.429999999999907,-1.1199999999998742,0.7799999999999375,-0.7999999999999982,0.7999999999999887,0.3900000000000402,6.609999999998211,-0.7599999999999021,-0.16000000000013784,-13.539999999999104,-0.35999999999986027,0.13871581446124823,25.12672385163234,7,257.9782149122807,0.022292323869610935,6.371157894736841,0.0
12086010208,0.131364001651262,High,74.609375,0.2190063904467262,0.5998181212123882,0.1303156678415358,0.4916566091200085,0.4449596021818237,0.4694513120798091,0.6277218394096636,0.3076971130519165,0.9653012432706358,15.0,12.0,44.6,47.5,4.3,19.0,2.0,9432.34,556839.86,False,26.66428571428571,26.402533764967977,16.746681286549705,885.0,7.833333333333333,52.0,1.028813559322034,2.0,19.0,5.0,1.0,0.0,-0.8799999999999637,-1.819999999999944,-1.2099999999998403,0.3599999999998937,-3.3199999999995438,-0.26000000000000134,7658.199999999298,1687.1999999999089,-0.5699999999999517,1.4699999999999933,0.3100000000000076,-1.0999999999999353,63.1999999999952,-29.099999999999277,-0.41000000000007386,0.34999999999991716,0.05999999999998791,0.6100000000000133,-0.6100000000000131,-0.27000000000005364,5.899999999998177,1.969999999999941,-0.2899999999999824,-11.449999999999157,-0.5199999999999783,0.12782958659406105,25.647904055054394,4,108.79978070175441,0.013544018058690745,-0.345762711864408,0.0
12086010209,0.1271233980366244,High,71.484375,0.1815313953258726,0.7002832639964083,0.0852184720211414,0.1091724898404202,0.7289002171395557,0.6926166895587845,0.9968015289159494,0.2778443186306037,0.9739253945273314,11.7,5.8,25.6,55.3,6.7,0.0,0.0,1739.95,446363.45,False,120.0,120.0,0.0,0.0,0.0,0.0,0.0,0.0,0.0,0.0,0.0,0.0,-1.0799999999999412,1.3499999999998624,-2.6699999999998476,4.019999999999509,-1.4199999999997148,1.2199999999999045,3076.099999999475,1787.0999999998724,-0.39999999999997593,-1.5299999999997989,2.1299999999999284,0.019999999999977168,98.89999999999306,33.500000000009,0.8499999999999461,-1.3499999999999115,0.8699999999998925,2.4999999999998623,-2.4999999999998566,-0.7399999999999278,3.5099999999986773,-1.7500000000000064,1.2000000000000326,-12.289999999999203,0.21999999999998784,0.10519051824383936,53.607621530561346,5,280.79999999999995,5.8,5.8,0.0
12086010213,0.1688468709426684,Critical,92.7734375,0.2866248466222329,0.5890866508345872,0.1847190697043013,0.4596368185220502,0.4365197879369659,0.4877678510031684,0.6068882814430442,0.3885306235401645,0.9546205152677072,24.8,13.9,48.5,54.1,9.0,11.0,5.0,8688.719512195123,491022.73170731706,False,120.0,120.0,0.0,0.0,0.0,0.0,0.0,0.0,0.0,0.0,0.0,0.0,2.609999999999615,0.690000000000082,2.869999999999896,-0.37999999999994577,-2.4200000000000284,1.199999999999771,1693.6999999998454,617.2999999999402,-0.2600000000000206,-0.2299999999998459,-0.7999999999999992,-1.66999999999998,120.99999999999528,-257.1000000000109,-0.5799999999999026,-0.4500000000001066,0.8100000000000358,0.4099999999998785,-0.40999999999987813,-2.4599999999997904,3.789999999998413,-2.3699999999998203,3.089999999999752,-11.229999999999256,-0.4500000000000032,0.10272394574366678,26.99051207024044,0,595.2,13.9,13.9,64.72799999999044
12086010303,0.1284607724387222,High,72.265625,0.1495383404805575,0.8590490707995002,0.1012827115626519,0.6116038094294114,0.707699749903422,0.979259368969024,0.998823198477399,0.1977939693984631,0.9978592272182452,20.3,0.0,10.4,27.9,7.5,0.0,0.0,733.4471544715448,168609.19783197832,False,120.0,120.0,0.0,0.0,0.0,0.0,0.0,0.0,0.0,0.0,0.0,0.0,0.7699999999999024,-0.5199999999999995,-1.9399999999999382,-1.499999999999999,-3.460000000000191,0.6699999999999768,2770.3000000002457,2681.600000000324,0.12000000000001694,-2.649999999999581,0.1600000000000705,-1.6800000000000073,0.0,-946.9000000000033,0.010000000000090636,-0.4199999999999557,0.16000000000006254,2.280000000000076,-2.2800000000000753,-1.1900000000001183,-0.08000000000089841,-1.4300000000002462,1.1299999999997907,-10.199999999999038,-0.419999999999995,0.10272394574366678,26.99051207024044,0,487.20000000000005,0.0,0.0,15.63099999999802
12086010400,0.104271211062676,Moderate,56.25,0.1748765500283021,0.5962561077846098,0.0603965492740759,0.0735950044603033,0.5805673146481232,0.708291577070839,0.6367689309701912,0.2893565507825282,0.9820577117735928,9.9,2.4,38.1,54.0,4.0,12.0,2.0,2728.607843137255,324919.02614379086,False,19.8,12.844101731601732,18.440925925925928,1072.0,4.5,57.666666666666664,0.47761194029850745,2.0,12.0,4.0,1.0,0.0,-2.2299999999997997,-1.039999999999934,1.560000000000137,4.669999999999928,0.5699999999999295,-0.17999999999997565,7686.499999999091,2915.9999999997976,0.9200000000000226,1.6699999999998418,0.7199999999999177,0.7400000000000183,121.3999999999955,362.3999999999746,0.6999999999999825,0.6999999999998379,0.3499999999999297,0.3399999999997768,-0.3399999999997759,-1.2199999999998903,2.799999999998898,-0.5500000000000386,-1.6499999999999502,-8.259999999999309,0.0,0.13308948241425125,120.0,7,55.03483333333332,0.0022367194780987883,1.253731343283582,0.0
12086010502,0.0902835436047183,Moderate,43.5546875,0.1412398357796016,0.6392215277395372,0.0731622471885545,0.4966000202983863,0.5637588436459171,0.6066784485450303,0.5470267397848012,0.2093174243706487,0.9820435864235512,13.4,1.5,20.4,33.8,5.6,25.0,8.0,3968.5659574468086,433208.9531914894,False,120.0,120.0,0.0,0.0,0.0,0.0,0.0,0.0,0.0,0.0,0.0,0.0,-1.0799999999999228,-0.48425007598371567,-4.644145371099098,-2.1279581180461826,-3.1527502279508024,-0.622208194029902,9180.09202419226,2248.015015043974,-0.07273945352788376,-2.494781335481622,3.903364643487051,-0.18468740502040623,182.42468436565957,-92.06557169616384,-1.0719479514925023,1.7107083459972179,-0.8415937784938379,2.903624886024426,-2.903624886024423,-0.6587603945047863,2.2732707130246554,0.02177086499308961,-1.798312291044815,-8.006114871437449,-0.18858330800542392,0.10272394574366678,26.99051207024044,0,321.6,1.5,1.5,0.0
12086010604,0.0914183793005124,Moderate,43.9453125,0.1528693263682447,0.5980164986159224,0.072136757630253,0.1703835860838537,0.5887551331771483,0.5992192582953806,0.6435497534649683,0.2336018951062365,0.9881747620582606,12.0,2.6,11.6,51.7,7.1,13.0,3.0,3840.8192771084337,477151.9277108434,False,120.0,35.27787878787879,12.222499999999998,253.0,0.0,16.666666666666668,0.6818181818181818,3.0,13.0,3.0,0.7509881422924901,0.0,0.8000000000000039,0.47999999999995674,-0.059999999999993156,6.309999999999746,-0.8100000000002457,1.030000000000002,6124.09999999981,2604.9999999997303,-0.3199999999999709,-1.6300000000000452,2.7699999999999525,-0.48999999999992994,214.5999999999875,-33.100000000000065,-0.18999999999998438,0.07999999999997916,-0.039999999999950256,-0.01999999999993588,0.01999999999994331,0.9500000000000193,3.7099999999990905,0.5199999999998981,0.030000000000006008,-7.93999999999939,0.1299999999999766,0.0946730112815204,37.51565740740741,7,141.33,0.010236220472440945,0.8272727272727274,9.600000000000048
12086010624,0.0994388950814898,Moderate,51.953125,0.1965602817359317,0.5058951595067447,0.1067581005671998,0.0659133709981167,0.4152755960102611,0.4560109882165835,0.626139185592021,0.2863624629046636,0.9661366567167408,11.7,10.4,24.8,57.1,7.9,19.0,3.0,10144.183673469388,513600.2755102041,False,120.0,120.0,0.0,0.0,0.0,0.0,0.0,0.0,0.0,0.0,0.0,0.0,0.7299999999999492,1.4099999999999906,3.2599999999995837,0.0,6.3799999999994945,1.4399999999998794,-1327.299999999175,528.7000000000037,0.3500000000000115,1.4099999999997623,1.779999999999836,-1.2799999999998855,230.4285714285756,-747.8999999999982,0.6399999999998269,-0.6899999999998402,0.9899999999999518,1.3799999999997987,-1.379999999999798,0.4599999999998642,5.999999999998456,0.2799999999996616,-1.7999999999995995,-11.759999999999035,1.359999999999947,0.10272394574366678,26.99051207024044,0,280.79999999999995,10.4,10.4,8.540999999999405
12086010608,0.0941931427159645,Moderate,46.09375,0.1569786378526504,0.6000379669772636,0.0568664945311136,0.1341474668553324,0.5899326297097086,0.6041198202619975,0.6830074044746951,0.2570907811741872,0.9889825135845848,9.7,1.8,20.8,59.6,4.3,3.0,1.0,3988.3289473684217,498505.2368421053,False,120.0,40.0,12.580925925925927,60.0,0.0,3.0,1.0,1.0,3.0,1.0,1.0,0.0,0.5899999999999668,-0.4699999999999566,1.0299999999999314,-1.3299999999999048,1.8399999999999956,0.36000000000001925,3541.7999999997583,1355.299999999974,-0.5899999999999624,-0.91000000000004,1.9800000000000713,-0.7599999999999218,109.79999999999681,147.49999999998312,-0.029999999999965943,-0.059999999999974615,0.5599999999999343,-0.5499999999998875,0.5499999999998825,-1.6799999999999904,4.799999999998702,1.7799999999998077,-0.40999999999999626,-8.619999999999497,-0.379999999999987,0.12263481672876406,26.19704670665197,4,110.7650185185185,0.029508196721311476,0.0,5.7229999999996775
12086010609,0.1538512541570157,High,88.0859375,0.2522777965197565,0.6098485728012424,0.1744205163664147,0.4942825829172187,0.5097883526981579,0.5518257970071568,0.5134555899993261,0.3301350766730984,0.9798905413843524,24.6,11.0,39.4,55.8,1.8,20.0,10.0,6512.296875,537676.796875,False,22.263937728937726,17.11621462542515,16.628375,1861.0,9.166666666666666,106.33333333333333,0.8538420204191295,10.0,20.0,19.0,0.9758194519075766,0.0,0.6600000000000664,-1.2599999999999452,-0.8699999999998381,-0.30999999999986627,-1.6999999999998663,-1.1699999999999975,3326.0999999997857,1095.7999999998874,-1.05999999999989,2.5099999999999194,0.47999999999989906,-1.4099999999999768,65.69999999999455,142.60000000001116,-1.839999999999907,0.5099999999999434,-0.12000000000001497,-0.26000000000006884,0.2600000000000675,-0.9599999999999861,4.539999999998452,3.4599999999997606,-3.6099999999998222,-8.059999999999574,-0.16999999999996845,0.13603458501578616,33.64414131920711,8,181.34197500000005,0.005907626208378088,1.6077377753895756,16.236000000001635
12086010610,0.0881379892906893,Moderate,40.4296875,0.1258026032626419,0.7006054485747082,0.0785575800626275,0.3245001982357021,0.722235174174813,0.783427968691469,0.6784641541433609,0.1730476264626564,0.9943997476281964,5.7,10.1,19.0,28.2,6.5,6.0,1.0,1802.375,446704.2045454546,False,120.0,36.83287037037037,13.394027777777778,78.0,0.6666666666666666,9.666666666666666,0.0,1.0,6.0,1.0,1.0,0.0,-0.5505684253494585,-0.2097492241106133,0.8478433273507239,-0.0014545001586482303,1.8905517069565387,-0.4995653217915363,3368.401450326975,2445.382445687564,0.43959875857689035,-3.6807523276680754,4.210735609275248,-2.6804012414227887,9.050036018114927,5.491688827846024,1.5897993792883063,-1.309180798761082,2.1197826608955497,0.6851158281445833,-0.6851158281445824,-1.0195820401841273,5.167174591644436,-0.6615548105144259,-0.3792476723314313,-7.6799331264291,0.4397492241105138,0.09561307592536515,36.505823863636365,5,60.45404166666667,0.12784810126582277,10.1,0.0
12086010618,0.122304757706003,Moderate,68.75,0.1857347449690506,0.6584915370916893,0.0861152370917747,0.0725313936732313,0.7934197503648259,0.8067373881730854,0.6242172793539547,0.2853542528463266,0.995551873893349,8.3,9.0,25.8,66.3,4.7,15.0,4.0,1299.4017094017097,465453.9145299145,False,120.0,120.0,0.0,0.0,0.0,0.0,0.0,0.0,0.0,0.0,0.0,0.0,-0.04000000000005729,2.1499999999998463,3.9899999999994344,-2.589999999999759,4.589999999999414,0.44999999999988916,3031.4000000000306,1411.8999999998312,-0.7599999999999183,1.9499999999998257,1.1699999999998016,-2.0399999999998712,251.69999999997984,-1278.8999999999885,0.829999999999841,-0.8899999999999554,0.5899999999999279,-2.6299999999994705,2.629999999999463,-1.9899999999998625,3.439999999998787,1.449999999999807,0.06000000000014238,-7.139999999999639,-0.6999999999999201,0.10272394574366678,26.99051207024044,0,199.20000000000002,9.0,9.0,0.0
12086010613,0.1150121104564759,Moderate,63.4765625,0.1578036078009494,0.7288306779497083,0.0881378323718119,0.3245001982357021,0.7871776439062018,0.8823848986503507,0.6541829385403328,0.227469383230087,0.9959077104159538,11.6,6.1,25.6,48.5,0.3,13.0,2.0,1154.7727272727273,400500.6060606061,False,120.0,36.08291666666667,12.28534188034188,197.0,1.0,17.666666666666668,0.26649746192893403,2.0,13.0,3.0,0.6802030456852792,0.0,-0.23992336918676757,-1.0098073874153768,-1.0694263044522803,-3.119695547849797,6.769424233349101,-1.2401180528743068,-445.1211773529153,488.3491965636836,-0.3899730756601616,-3.7900331376487912,1.9899710045570052,-1.129855022785714,132.46572324435027,35.815719672214406,1.0300455642672413,-0.5100849152253795,0.1701926125844571,0.319132207817888,-0.3191322078178884,1.550118052874178,4.860358300827737,1.870269243397721,-1.3099565068356442,-10.370026924339133,0.07998136007243173,0.08874344017975662,36.0864534231201,6,135.89003418803418,0.03080808080808081,4.474365482233503,0.0
12086010622,0.0753742252447711,Low,28.515625,0.1314404097725094,0.5734478869567212,0.0663528990277716,0.0677536767687368,0.5873815162688584,0.6114147328851297,0.6103477323269761,0.1965279205172472,0.9903417765339052,8.1,5.3,33.7,29.0,1.5,20.0,3.0,3854.3357142857144,475439.9857142857,False,120.0,120.0,0.0,0.0,0.0,0.0,0.0,0.0,0.0,0.0,0.0,0.0,-0.6553099145460716,0.04149070936230175,1.3916415299086815,-0.06093801709066235,-1.1871188119075948,-0.8265661196356914,2986.787296850088,1700.256550906053,0.26234504272692694,0.23249586327382327,-0.14492458972674518,-0.7925795469997791,47.09061982908533,-1071.145917532139,2.4594473077282326,-0.10601342736405381,1.0957789230913302,-2.278878068550858,2.2788780685508545,-1.483584700910808,5.901155974456205,1.0086601111838265,-0.6877892309133152,-6.628224196450184,-0.14234504272702386,0.10272394574366678,26.99051207024044,0,194.39999999999998,5.3,5.3,0.0
12086010626,0.1476058806702696,High,84.5703125,0.2185402576383287,0.6754173453686904,0.0851838106965822,0.0692740856378233,0.7958837338664081,0.853220559531555,0.662406468315475,0.3518967045800751,0.9963018794921902,12.6,4.5,39.4,60.3,10.8,2.0,2.0,1245.942857142857,452030.95714285714,False,120.0,120.0,0.0,0.0,0.0,0.0,0.0,0.0,0.0,0.0,0.0,0.0,0.5799999999999031,0.6999999999999581,0.9700000000003466,-1.5500000000000806,2.7699999999999787,0.5899999999999539,2878.099999999988,1781.8999999999069,-0.2199999999999998,-0.11999999999999032,1.6799999999998156,-1.449999999999841,73.79999999999164,-890.7999999999978,-0.049999999999898494,0.5899999999998573,0.21000000000000477,0.1600000000001697,-0.16000000000017517,-0.6399999999999192,2.499999999999019,0.6300000000000996,0.3099999999999421,-9.039999999999347,-0.17000000000003204,0.10272394574366678,26.99051207024044,0,302.4,4.5,4.5,7.3079999999987795
12086010708,0.1921745083239084,Critical,95.8984375,0.2739917346688341,0.7013879763788646,0.1665041236824772,0.4401939526535007,0.6707660120104433,0.7585606514512704,0.6433647960329761,0.3814793456551911,0.9940544697461328,20.2,13.3,25.4,90.7,4.8,15.0,2.0,1878.8870056497176,356795.6497175141,False,120.0,120.0,0.0,0.0,0.0,0.0,0.0,0.0,0.0,0.0,0.0,0.0,-0.7190023064981615,2.499109202230457,-2.507505766245761,-1.3474345024240364,8.861033325411878,-0.17957241707073726,71.56319261401188,894.5102075845351,-0.05964368089229074,-2.789109202230704,1.3308907977692772,-0.26828966828300377,12.611171561615366,-1989.6325124047432,1.0997505766243914,-0.5392873617843864,0.5593586256060801,0.10128274878759662,-0.10128274878760167,-0.8188954107660551,5.730249423373581,1.341175853055085,-0.7090023064979151,-10.113313767701488,-0.6088954107660333,0.10272394574366678,26.99051207024044,0,484.79999999999995,13.3,13.3,0.0
12086010706,0.1148195460113553,Moderate,63.0859375,0.1689447586026192,0.6796277491000853,0.1052835503569033,0.049781940727525,0.8259854943469344,0.8999091845586641,0.6245137812521059,0.232605966848335,0.9979483446151972,12.9,8.2,18.9,46.8,4.9,20.0,3.0,792.70625,336065.39375,False,120.0,120.0,0.0,0.0,0.0,0.0,0.0,0.0,0.0,0.0,0.0,0.0,-4.011617115411277,0.9094497482474496,-7.131071669350894,-1.2099327203093297,-3.0103580240659764,-0.9809034701262093,12034.927197336652,2831.2689505615126,-0.6306776025944177,-2.979214269331558,0.8801057252272927,-2.1500456540752926,-119.19259923408278,-1532.146908222408,1.020410886679419,-0.8305142090608377,0.3101201423038526,-0.08862557204278984,0.08862557204279042,-0.969759715391516,7.020848204664726,4.3303099671443155,-5.370127350841927,-7.679348828711743,-0.2199735686931198,0.10272394574366678,26.99051207024044,0,309.6,8.2,8.2,0.0
12086010805,0.1936045013979861,Critical,96.2890625,0.2813224238515475,0.6881943456457288,0.1704760749240195,0.4736411158084354,0.622946671400763,0.705901901770711,0.6473420687602488,0.3921687727790754,0.9911399704884856,26.1,8.3,42.5,65.3,6.7,13.0,2.0,2212.7194244604316,328088.28776978416,False,120.0,120.0,0.0,0.0,0.0,0.0,0.0,0.0,0.0,0.0,0.0,0.0,-1.049999999999935,0.21999999999989098,0.10000000000003713,0.15999999999998407,0.42999999999967964,-0.339999999999995,765.9999999999355,1155.2999999999497,-0.6300000000000207,2.6899999999998654,1.7199999999997702,-1.8099999999999832,125.89999999999083,-442.00000000000335,-0.26000000000000656,-0.7800000000000537,0.22999999999997284,-3.8499999999999663,3.8499999999999632,-2.729999999999778,2.199999999999077,1.5699999999998822,-2.4699999999998736,-0.5599999999999363,-0.22000000000001083,0.10272394574366678,26.99051207024044,0,626.4000000000001,8.3,8.3,0.0
12086010804,0.195129504392455,Critical,96.484375,0.3021057109555287,0.6458980989643687,0.2097138490462255,0.5089794197733538,0.55295265947023,0.6248606944680967,0.5581256598602781,0.3944975728648319,0.9845720612498848,29.1,13.5,33.5,58.4,13.5,40.0,4.0,3240.7449664429532,334523.1476510067,False,120.0,120.0,0.0,0.0,0.0,0.0,0.0,0.0,0.0,0.0,0.0,0.0,1.2499999999997504,1.3599999999999697,-1.3500000000000982,-4.229999999999509,1.239999999999776,0.9299999999999894,5139.699999999787,2686.699999999811,0.10999999999997286,-2.9899999999998017,3.219999999999753,-0.6500000000000086,111.59999999999424,-454.10000000000554,0.3800000000000283,-0.6900000000000293,-0.059999999999955034,-2.259999999999818,2.2599999999998204,0.25999999999992296,7.299999999998487,2.0099999999998306,-2.89999999999978,-5.0199999999997,-0.2500000000000054,0.10272394574366678,26.99051207024044,0,698.4000000000001,13.5,13.5,36.37499999999274
12086010900,0.175336904703961,Critical,93.9453125,0.2712812506574382,0.6463288718960108,0.146182805863357,0.4913051618374247,0.4950332703773751,0.6285382224224123,0.6454533801693735,0.3963796954515193,0.9713143246734686,27.0,3.1,52.5,52.3,8.0,15.0,2.0,3519.723076923077,269239.9846153846,False,120.0,44.708888888888886,15.222592592592592,411.0,1.0,21.0,0.8576642335766423,2.0,15.0,3.0,1.0,0.0,-3.5799999999997167,-3.319999999999731,-0.7100000000000415,-0.7599999999999485,-0.40000000000009905,-1.8099999999998464,1973.6999999997886,1710.2999999998804,-0.5199999999999865,2.8199999999999275,-0.010000000000004065,-0.5000000000000204,96.69999999999303,135.7999999999889,1.0499999999999134,-0.5599999999999605,0.4299999999999862,-2.0599999999998753,2.0599999999998713,-0.8299999999999176,5.309999999998378,-0.6300000000000586,-0.5499999999998526,-9.159999999999433,0.029999999999996755,0.082721948694758,22.443276014109347,6,236.99,0.007524271844660194,0.44124087591240874,0.0
12086011011,0.1153890517062154,Moderate,64.0625,0.1979168464354908,0.5830178369572263,0.1251418634361848,0.4505372770577159,0.3197649500549878,0.5543315392046687,0.6127846103735651,0.2706918294347968,0.977670808095194,23.0,2.6,32.5,33.0,5.9,16.0,4.0,6934.125,214179.79545454544,False,120.0,120.0,0.0,0.0,0.0,0.0,0.0,0.0,0.0,0.0,0.0,0.0,0.48999999999977384,-2.59999999999987,-2.4899999999999376,1.5599999999997445,-5.029999999999688,-0.21999999999993075,2088.200000000407,1783.7999999999042,-1.1599999999999446,5.599999999999581,-0.5599999999999314,-0.22999999999997078,46.69999999999451,-1122.8,2.479999999999726,-1.0599999999999585,0.4300000000000146,3.7999999999999967,-3.7999999999999945,-0.9099999999999849,6.8099999999983885,-1.209999999999629,3.5599999999995093,-8.519999999999031,-0.03999999999999996,0.10272394574366678,26.99051207024044,0,552.0,2.6,2.6,11.269999999994798
12086011003,0.082721948694758,Low,35.15625,0.1502629028700383,0.5505147785298934,0.0883822685093351,0.049862196599518,0.4261522531898994,0.6444770680294427,0.6500571691713278,0.2121435372307414,0.9820252056592792,9.8,8.2,32.1,36.4,0.8,12.0,2.0,4353.5641025641025,233181.42307692303,False,120.0,22.443276014109347,17.53902777777778,558.0,1.0,34.0,0.7706093189964157,2.0,12.0,3.0,0.978494623655914,0.0,-2.3299999999998846,0.30999999999994726,-1.0999999999999792,0.8599999999997965,-4.759999999999651,-0.9999999999999535,6860.099999999473,2940.7999999998037,-0.2700000000000342,0.20999999999987629,0.5300000000000117,-0.08000000000005536,110.09999999999935,-106.499999999987,0.12999999999999268,-1.9299999999998831,-0.3000000000000217,-1.2300000000001765,1.2300000000001774,2.5099999999999887,5.64999999999848,-0.6900000000000832,0.11000000000006827,-6.639999999999792,0.0,0.175336904703961,44.708888888888886,3,63.31752777777777,0.014669051878354203,1.881003584229391,0.0
12086011013,0.1465261279081199,High,83.7890625,0.2074492463259809,0.7063227777548644,0.1146381482718348,0.4469223907225692,0.6621265400710689,0.7631092972667468,0.6754372206123503,0.300260344380127,0.9840184401015868,19.5,3.8,18.2,69.6,3.5,6.0,1.0,1690.2337662337663,306938.9220779221,False,120.0,120.0,0.0,0.0,0.0,0.0,0.0,0.0,0.0,0.0,0.0,0.0,0.6099999999997886,0.21999999999999892,-2.7300000000002598,-0.2100000000002091,-2.499999999999222,-1.0099999999999816,3510.7999999998706,1597.5999999999187,-0.7599999999999931,-3.589999999999549,4.949999999999761,-0.31999999999997497,102.59999999998566,-625.4000000000054,-0.050000000000051364,0.6800000000000294,-0.40000000000005187,1.7099999999998978,-1.7099999999998998,-3.0199999999999383,5.419999999998469,0.47000000000007214,-1.1400000000000794,-7.849999999999774,-0.25999999999999973,0.10272394574366678,26.99051207024044,0,468.0,3.8,3.8,11.894999999995878
12086011015,0.0671240257186451,Low,21.09375,0.1073357868661765,0.6253648263866893,0.0168760821556742,0.0522260968291298,0.5584385449007886,0.8634753520895356,0.659973423074331,0.1977954915766787,0.9927107150396614,3.4,0.0,10.8,58.7,2.2,5.0,3.0,2144.818181818182,227771.35064935064,False,120.0,120.0,0.0,0.0,0.0,0.0,0.0,0.0,0.0,0.0,0.0,0.0,-1.350664481773913,-0.5402173538512596,-2.050645851443748,-1.2803415560520621,-0.6191057441550827,-0.7701242022007353,7637.88829053603,1317.899361760526,0.6998509573591124,0.5103601863820462,0.7099999999999252,-0.9998820079092063,164.8141590508784,270.9495979473013,-0.8798695876891587,1.339689494498131,-0.6398633775790536,4.051713990370055,-4.05171399037006,-2.1499254786795174,3.180633431222925,-1.4096025529577945,2.689453510316797,-10.129037432943736,0.049999999999996526,0.10272394574366678,26.99051207024044,0,81.6,0.0,0.0,0.0
12086011008,0.1170495867106596,Moderate,65.0390625,0.1687092847008936,0.6937945763813653,0.0659801516095663,0.0228962236098721,0.7846748375878263,0.9810236391238344,0.6881954506143719,0.271438417792221,0.9921827309709218,12.6,0.7,25.0,55.0,5.4,1.0,1.0,906.9,310486.0,False,120.0,60.0,11.0,12.0,0.0,1.0,0.3333333333333333,1.0,1.0,1.0,0.0,0.0,-0.009999999999924986,0.050000000000002896,0.21000000000008584,-1.339999999999804,-0.04999999999978473,-0.9199999999999158,4074.8999999993252,663.6999999997984,0.4199999999999617,0.6599999999998465,-0.5899999999999084,-1.0999999999998642,106.29999999999097,226.2999999999795,0.35999999999996357,-0.4499999999998576,-0.26000000000003537,2.819999999999666,-2.8199999999996623,0.159999999999986,1.9199999999989958,1.0499999999998009,2.0999999999999956,-8.799999999999368,-0.859999999999994,0.34419961710677827,37.018055555555556,6,163.79999999999998,0.05384615384615385,0.4666666666666667,0.0
12086011009,0.100552822449169,Moderate,52.9296875,0.1574944271684777,0.6384532091513553,0.0841989950453494,0.040170826104364,0.5793117625570032,0.9240222655967611,0.6639776237167824,0.230789859291606,0.984783567781865,10.8,6.3,18.3,41.6,8.6,5.0,2.0,2132.5,252290.97619047615,False,29.0,50.266666666666666,12.393333333333333,139.0,0.3333333333333333,9.333333333333334,0.6258992805755396,2.0,5.0,3.0,0.6546762589928058,0.0,-0.5500000000000813,0.35999999999994486,-0.7900000000000016,-5.539999999999253,-2.2185542291848184e-13,-0.8399999999999833,3834.699999999793,1738.399999999893,-0.41000000000000975,2.5099999999999576,-0.07999999999998154,-1.7599999999999247,113.29999999999322,432.7999999999643,0.47999999999995363,-2.2199999999998252,-0.26000000000003975,0.7299999999998488,-0.7299999999998522,0.5199999999998828,3.14999999999904,-0.9799999999999468,-0.9200000000000288,-4.949999999999553,-0.24999999999997122,0.1170495867106596,60.0,4,125.35200000000002,0.045,2.356834532374101,0.0
12086011104,0.1632951083436152,Critical,90.8203125,0.3052867028667619,0.534890995284793,0.2528753707990261,0.4638599853529735,0.2270807913523754,0.4948421125855726,0.5234989161443943,0.3576980349344978,0.9651731709886492,29.8,22.6,47.1,55.9,0.0,34.0,8.0,8871.132075471698,169627.37735849057,False,120.0,120.0,0.0,0.0,0.0,0.0,0.0,0.0,0.0,0.0,0.0,0.0,1.0699999999997696,1.869999999999859,2.7899999999997127,-2.129999999999777,2.249999999999174,-0.869999999999902,-1355.5999999997257,-152.69999999991325,-2.989999999999636,-1.1800000000000963,1.8599999999998251,-2.1199999999996093,83.89999999999144,-562.4000000000099,-0.7699999999999371,2.449999999999629,0.020000000000013084,-1.1499999999999266,1.1499999999999284,2.440000000000036,6.079999999998472,1.0700000000001209,-0.39000000000025187,-14.019999999998737,0.0,0.10272394574366678,26.99051207024044,0,715.2,22.6,22.6,31.885999999993135
12086011106,0.1664781303180381,Critical,92.1875,0.2668789622477846,0.6237963791371122,0.179444824058888,0.5140920228570376,0.388602532353183,0.6629752513253604,0.567351517397848,0.3543131004366812,0.985960571752132,30.1,6.3,29.5,73.4,0.0,36.0,4.0,3987.683257918552,175870.07239819004,False,120.0,120.0,0.0,0.0,0.0,0.0,0.0,0.0,0.0,0.0,0.0,0.0,5.349999999999839,1.2599999999999723,2.3399999999999275,3.2999999999994243,5.050000000000303,-1.359999999999886,-310.60000000036786,245.2999999999418,-0.3999999999999996,0.11000000000007634,0.5399999999998983,-2.089999999999938,23.19999999999168,-806.9000000000148,0.6599999999999561,0.4000000000001093,-0.3500000000000669,-1.7100000000001325,1.7100000000001319,2.159999999999914,2.799999999998899,4.979999999999621,-1.8899999999999426,-11.279999999999161,0.21999999999996464,0.10272394574366678,26.99051207024044,0,722.4000000000001,6.3,6.3,161.03499999999516
12086011206,0.08710977513687,Low,39.84375,0.1405228807261668,0.6198974479225096,0.0747533486475313,0.0487065120428189,0.5066738937683352,0.8796856267742199,0.667709891726756,0.2062924128048023,0.996711315300418,13.0,2.0,16.9,46.4,1.0,6.0,2.0,1427.503355704698,115975.36912751678,False,120.0,120.0,0.0,0.0,0.0,0.0,0.0,0.0,0.0,0.0,0.0,0.0,-4.729999999999679,-1.8599999999999035,-3.419999999999732,-0.4799999999999633,-3.639999999998844,-1.529999999999912,12740.399999999368,2498.399999999817,-1.039999999999999,0.5500000000001405,1.869999999999748,0.21999999999987052,80.10000000000008,-736.4000000000033,0.8599999999999424,-1.3799999999999002,1.1799999999999327,5.53999999999987,-5.539999999999873,-0.31999999999996775,2.81999999999934,4.28999999999992,-4.589999999999972,-3.8799999999992782,-0.10000000000005572,0.10272394574366678,26.99051207024044,0,312.0,2.0,2.0,0.0
12086011204,0.0444288818795311,Low,8.3984375,0.0796614529509307,0.5577212093645607,0.0374670925125606,0.1003270889087124,0.3269345152550436,0.705140279003257,0.6702280449041939,0.1218558133893007,0.9859761187515964,4.5,3.1,11.0,30.3,0.5,9.0,1.0,4001.780821917808,128277.59589041096,False,120.0,120.0,0.0,0.0,0.0,0.0,0.0,0.0,0.0,0.0,0.0,0.0,-4.960000000000024,-1.2800000000000393,-3.8400000000000056,-6.5499999999988425,-1.8500000000013672,-1.0199999999999654,16736.799999999126,5188.59999999967,-0.6599999999999463,2.6100000000006,3.419999999999565,-2.82999999999986,163.6999999999938,-1065.700000000009,3.2799999999997795,-2.2999999999998817,2.819999999999904,8.829999999999961,-8.829999999999957,-5.3299999999998064,-0.4700000000009226,-1.6000000000001182,1.6800000000000574,-1.2999999999998633,-0.5399999999999995,0.10272394574366678,26.99051207024044,0,108.0,3.1,3.1,0.0
12086011302,0.2448636843389762,Critical,99.4140625,0.4472576536548803,0.5474779075059084,0.3870897434042282,0.4862873451195392,0.234662144652688,0.5175473547415264,0.5323764797717725,0.5074255639055325,0.9665162132440158,48.0,32.1,43.3,73.5,11.9,34.0,7.0,8119.851162790697,161473.39534883722,False,120.0,120.0,0.0,0.0,0.0,0.0,0.0,0.0,0.0,0.0,0.0,0.0,0.3400000000000058,0.9100000000000924,-2.1099999999997983,-0.19000000000002273,1.8199999999998415,0.16999999999988122,63.49999999999934,584.0999999999534,-0.2400000000001268,2.999999999999938,1.0799999999999486,-0.4000000000000989,68.19999999999315,-730.8000000000102,0.36999999999998556,-0.8899999999999076,0.3399999999999591,1.4199999999999013,-1.4199999999998996,0.6099999999998528,3.449999999998961,0.7300000000000174,-1.399999999999983,-4.709999999999661,0.0,0.10272394574366678,26.99051207024044,0,1152.0,32.1,32.1,16.320000000000277
12086011412,0.1328351831076961,High,75.390625,0.171618018503621,0.774016529650664,0.0738770850421764,0.6773713945881654,0.6278447108557054,0.949326472458988,0.6172010832940225,0.2693589519650655,0.998338987056439,14.1,0.7,29.7,58.4,0.0,19.0,4.0,616.9496402877697,93825.40431654676,False,120.0,120.0,0.0,0.0,0.0,0.0,0.0,0.0,0.0,0.0,0.0,0.0,-1.6600120469076847,-1.220000156453255,-0.7500100521273702,-0.08000031290697387,-0.17999734029279074,-1.9500017601000499,-35.58425570864794,427.0068092408387,-1.3399999608865056,2.5600025423668478,-0.60999929596,2.8600010951732506,93.60024954308213,-2038.5960964889657,0.30999843546665673,-0.8599967927063424,-1.3699993741865109,-0.2099943285664969,0.2099943285664992,-1.4300090742942073,4.5199987483723865,1.3300000782266366,-1.6600030117267135,-6.579999374186265,0.14999996088664644,0.10272394574366678,26.99051207024044,0,338.4,0.7,0.7,0.0
12086011406,0.1256473942499682,High,70.5078125,0.2062352736549126,0.6092429875027597,0.1073841769544999,0.5171544680911319,0.3398508542266882,0.6788496911572166,0.529682508929173,0.3050863703553254,0.9806774151095888,18.6,3.3,29.3,63.8,1.9,34.0,7.0,4540.319444444444,155599.47916666666,False,120.0,120.0,0.0,0.0,0.0,0.0,0.0,0.0,0.0,0.0,0.0,0.0,-2.5500000000002085,-2.0699999999999905,-4.949999999999822,-2.2099999999998032,7.429999999998834,-2.469999999999695,2899.1999999998866,1558.0999999999606,0.23999999999997992,5.17999999999943,0.5699999999999845,0.15999999999996306,91.19999999999357,-603.9999999999841,2.549999999999829,-1.089999999999949,0.10999999999994076,3.249999999999813,-3.249999999999816,0.9299999999998655,8.139999999998706,5.920000000000033,-4.48000000000015,-4.189999999999477,0.12999999999998352,0.10272394574366678,26.99051207024044,0,446.40000000000003,3.3,3.3,0.0
12086011408,0.1220248073272046,Moderate,68.5546875,0.1682674911544476,0.7251834949818188,0.1170328637843586,0.4604120885098237,0.5377748748513904,0.9573192052717128,0.6743869336433272,0.2195021185245365,0.99602437263284,23.5,0.0,29.5,18.3,4.4,7.0,1.0,675.7725321888412,64487.56223175966,False,120.0,120.0,0.0,0.0,0.0,0.0,0.0,0.0,0.0,0.0,0.0,0.0,-5.87995633159956,-1.4297396926181005,-5.373275250717876,7.6105206147633355,-6.984425225490601,-1.4470715419545577,2822.7046173986496,161.37077197460488,-0.6400650768454519,4.765770005045215,-0.9611713832180642,-2.9918221516726806,36.084809725990574,-772.3946691764265,-0.6673969261817625,0.7746636986726189,0.5389587704726072,-5.079436142590986,5.079436142590983,-3.2749021718541464,2.1620824590537557,2.569869846308924,-3.4349890828997416,-6.491041229526944,6.507684545543708e-05,0.10272394574366678,26.99051207024044,0,564.0,0.0,0.0,0.0
12086011500,0.09428318820682,Moderate,46.2890625,0.1297329490023212,0.7267482080063796,0.0464998226066081,0.0487065120428189,0.8974785483278717,1.0,0.6875597945728598,0.2129660753980344,0.9999961850883476,8.5,0.8,9.3,63.8,0.5,1.0,1.0,147.56798623063682,90563.9191049914,False,120.0,41.155555555555566,13.994166666666667,22.0,0.0,1.3333333333333333,0.4318181818181818,1.0,1.0,1.0,1.0,0.0,0.8199562131148147,-0.08000404338356891,-3.8100274161126686,2.609987475372735,6.100000098618074,-1.0900080867669444,7631.947542300399,3186.7195887137736,-0.5800011834292822,-0.7799912228991106,2.9800024654776935,0.12000848124344086,529.2991765304262,-308.50204930509346,1.0100004930955317,0.5399946745679919,0.3100085798625379,-0.3899458581081485,0.38994585810815086,-3.170012524626878,3.740014497007787,1.300008481243497,0.4299728797444336,-10.849974260411505,0.30000207100134363,0.11936578843870614,16.081168831168828,12,85.04958333333333,0.034782608695652174,0.45454545454545453,6.969627811475925
12086011602,0.0536966785159929,Low,12.5,0.0913473325259449,0.5878297376745153,0.0190354998239017,0.0582658781290954,0.7275439104702378,0.5690906361042991,0.6080687855201384,0.1636591652279882,0.976179478148806,1.8,2.1,16.6,39.6,2.7,11.0,5.0,5049.692307692308,1286379.25,False,120.0,120.0,0.0,0.0,0.0,0.0,0.0,0.0,0.0,0.0,0.0,0.0,-4.279999999999716,0.06999999999992297,-0.37000000000017313,1.2999999999998935,-2.9800000000001114,-0.24000000000011468,11709.199999999113,3751.49999999977,0.3400000000000072,-1.1499999999996133,0.5399999999998387,-0.6199999999998356,108.8999999999919,-543.9999999999981,0.3799999999999273,-0.2799999999998829,-0.7000000000000218,-1.3300000000002412,1.330000000000238,-0.28999999999991233,5.479999999997947,-0.46999999999989917,0.8899999999997925,-15.589999999998936,-0.2999999999999876,0.10272394574366678,26.99051207024044,0,43.2,2.1,2.1,0.0
12086011702,0.1495076789551086,High,85.3515625,0.2155140040963085,0.6937260508059463,0.1495017576707435,0.3804321863285611,0.78001717346947,0.6636159907467649,0.6577546218298628,0.2815262505218736,0.9868102816550728,12.6,17.7,29.9,57.2,3.7,4.0,3.0,4336.914285714286,1449430.0285714285,False,120.0,120.0,0.0,0.0,0.0,0.0,0.0,0.0,0.0,0.0,0.0,0.0,-1.369999999999924,1.0600000000000385,-0.38999999999997753,-1.5399999999999114,-3.499999999999708,-0.18000000000001887,4006.799999999729,1957.2999999998901,0.08000000000000707,-0.7299999999999567,0.6099999999999033,-0.7400000000000109,120.19999999999216,-456.6000000000085,1.020000000000074,-1.6899999999999837,1.2499999999999745,-2.0000000000001763,2.000000000000176,-0.5099999999999546,6.909999999998191,0.7299999999998796,-1.3399999999999077,-12.629999999999155,-0.17999999999999983,0.10272394574366678,26.99051207024044,0,302.4,17.7,17.7,0.0
12086011800,0.0862980791627886,Low,38.8671875,0.1172154751831783,0.7362345204669133,0.0312586028944814,0.1091724898404202,0.8740243289947397,0.7104877084210393,0.9951514752535596,0.2031723474718752,0.9923365998248072,6.3,0.0,31.2,35.1,2.2,0.0,0.0,2561.4411764705883,1392334.6470588236,False,120.0,120.0,0.0,0.0,0.0,0.0,0.0,0.0,0.0,0.0,0.0,0.0,0.4699999999999445,-0.2899999999999697,2.419999999999757,-2.1499999999997703,0.4099999999994627,-0.3999999999999634,2925.899999999688,1027.899999999836,-0.17999999999999466,-1.2199999999999114,0.6599999999999764,-0.07999999999990322,52.89999999999369,48.50000000000276,-0.20000000000007878,-0.8599999999998995,0.05999999999990944,-0.15000000000010819,0.1500000000001118,1.7800000000000054,2.959999999998434,1.2400000000000622,-0.7500000000000895,-8.699999999999102,-0.4400000000000034,0.12386190316495456,28.41812962962963,4,151.2,0.0,0.0,2.9609999999996504
12086011900,0.126194650219899,High,70.703125,0.1745836364217927,0.7228320637967107,0.08593234285927,0.3801255780079035,0.8521930290945796,0.7243031673740847,0.6698104656648022,0.2632349299843156,0.9877280788421838,14.8,2.6,14.0,58.4,6.7,4.0,2.0,2329.7551020408164,1131130.081632653,False,25.0,23.666666666666664,10.311458333333333,120.0,1.0,4.666666666666667,0.5666666666666667,2.0,4.0,2.0,1.0,0.0,0.6300000000000577,0.419999999999946,-2.2999999999998533,-5.409999999999363,3.869999999999834,-0.21999999999992098,5938.999999999533,4005.5999999997134,-0.21999999999997372,-0.9999999999999103,2.0899999999997823,-0.6599999999999655,125.19999999999516,25.799999999999187,0.9599999999999143,-0.5699999999999809,0.04000000000005027,0.3300000000000659,-0.3300000000000692,0.10000000000007202,4.869999999998497,-0.10000000000003158,-0.129999999999973,-14.169999999999096,-0.059999999999999935,0.08438547598740839,92.80297619047619,7,202.5904166666667,0.021487603305785124,1.1266666666666667,9.324000000000854
12086012002,0.1382553020770168,High,79.6875,0.2128836490357172,0.6494406813452382,0.1138162170879426,0.4497586861547611,0.6632949862462063,0.5010120725800621,0.6561744249387874,0.3119510809834919,0.9769632368063744,15.6,7.7,37.8,61.9,1.4,9.0,2.0,7465.535714285715,1363929.0357142857,False,120.0,120.0,0.0,0.0,0.0,0.0,0.0,0.0,0.0,0.0,0.0,0.0,-1.9899999999997204,0.39999999999993663,0.48999999999997057,-0.050000000000020806,-0.049999999999852766,-1.4599999999999191,2840.4999999996053,1651.0999999998276,0.34999999999998394,1.7599999999998606,0.7200000000000214,0.6999999999999852,86.39999999999227,-727.6999999999992,1.2399999999999516,-1.3499999999999772,-0.04999999999998714,1.9999999999997646,-1.9999999999997629,-2.739999999999972,5.969999999997925,-0.9399999999998933,0.4399999999999688,-12.429999999999419,0.0999999999999934,0.10272394574366678,26.99051207024044,0,374.4,7.7,7.7,0.0
12086012101,0.08240105423923,Low,34.765625,0.1395014492242915,0.5906824244294765,0.0673214133939133,0.0383053510325269,0.7247301391202549,0.547551655554258,0.6600306203248197,0.2116814850546697,0.982794356115523,13.0,0.7,14.3,48.5,2.4,7.0,2.0,5365.211538461538,1347001.7307692308,False,120.0,120.0,0.0,0.0,0.0,0.0,0.0,0.0,0.0,0.0,0.0,0.0,0.3299999999997312,-1.3199999999999132,-2.1899999999998765,2.4299999999997164,-2.72999999999975,-0.5399999999999638,5018.399999999808,3154.499999999807,-0.4399999999999996,-2.1799999999996786,0.789999999999904,-1.1799999999998902,190.5999999999875,-2727.199999999983,1.3299999999999392,-1.2699999999999996,-0.7599999999998235,6.279999999999935,-6.279999999999943,-1.0799999999997127,10.48999999999766,2.0199999999999685,-2.089999999999919,-16.07999999999882,-0.1599999999999932,0.10272394574366678,26.99051207024044,0,312.0,0.7,0.7,4.289999999996505
12086012200,0.0824728728120282,Low,34.9609375,0.1313855923247773,0.6277162613702739,0.0702535204991648,0.1320935977492623,0.7507789931829698,0.5971810565716443,0.6759609390794528,0.1925176641503898,0.9825667202680404,11.8,2.5,17.0,38.5,2.8,7.0,1.0,4586.472222222223,1317632.4166666667,False,120.0,65.60595238095239,14.26734126984127,105.0,0.6666666666666666,7.0,0.0,1.0,7.0,2.0,1.0,0.0,0.9799999999999236,0.14999999999998562,2.079999999999797,9.100000000000133,-1.7600000000011498,0.16999999999990528,988.5000000001266,1155.0999999999103,-0.4199999999999973,-2.76999999999985,1.5299999999998983,-0.7399999999999588,176.09999999999957,-85.89999999998706,-0.7499999999998592,1.3699999999998125,0.030000000000073596,0.23000000000000273,-0.23000000000000434,0.39999999999996516,5.019999999998632,1.6999999999999416,-0.32999999999997015,-12.059999999999393,0.0,0.126194650219899,23.666666666666664,6,114.84537301587302,0.023584905660377357,2.5,11.5639999999991
12086012302,0.1510660745473428,High,86.71875,0.2005975745196991,0.7530802648489041,0.082920852863462,0.1091724898404202,0.9223327697529968,0.7437492649526171,0.9970826935492412,0.3182742961759362,0.993064106149246,11.3,5.4,28.3,78.1,2.3,0.0,0.0,1599.9701492537313,1116669.5820895522,False,120.0,120.0,0.0,0.0,0.0,0.0,0.0,0.0,0.0,0.0,0.0,0.0,0.18999999999998948,0.709999999999887,3.629999999999867,3.1399999999997963,-0.5999999999994338,0.38999999999992047,4016.8999999999637,1627.899999999841,-0.2400000000000061,-0.2799999999999242,2.8699999999996977,-1.1099999999999017,134.1999999999847,-497.1999999999918,0.009999999999903074,0.3300000000000378,-0.340000000000033,-1.9199999999996977,1.9199999999996902,-1.7199999999999516,4.359999999998459,0.18999999999985065,-0.7199999999998741,-11.639999999999285,0.11999999999998126,0.10272394574366678,26.99051207024044,0,271.20000000000005,5.4,5.4,2.1469999999998812
12086012403,0.1297540353101632,High,72.65625,0.187982180474764,0.6902464636938406,0.1138822366702777,0.1150758251561106,0.8966404242109266,0.7729277156733241,0.6719836663521801,0.2620821242792503,0.9946046870766612,12.9,10.0,8.9,66.2,6.5,9.0,1.0,1813.5314685314688,1108165.972027972,False,120.0,120.0,0.0,0.0,0.0,0.0,0.0,0.0,0.0,0.0,0.0,0.0,3.529898141014473,1.7999611185277005,-0.3778273976952721,-9.909007523985318,17.394991666310037,0.6707415748598344,11116.920651705228,5080.0576416049635,-0.3593728837984574,-3.9117205894082203,2.079487710225611,1.119826199807612,-241.1583055408579,-1675.406615325395,2.550214793868779,-0.05167755708110306,0.909720263521374,0.688808818663259,-0.6888088186632555,-0.9507818329988653,7.548411575975896,0.8484844525287879,0.36112353809209197,-15.4802431878706,-0.27958942210306564,0.10272394574366678,26.99051207024044,0,309.6,10.0,10.0,45.535686019086704
12086012501,0.1665749539165582,Critical,92.3828125,0.2457002855784254,0.6779599524046499,0.1003432564642767,0.3101397561700862,0.750655449056506,0.6800163859370105,0.6652307545432082,0.3910573146925741,0.9837574163164384,17.1,3.3,29.1,100.0,2.0,12.0,1.0,4087.648148148148,1173576.4722222222,False,120.0,120.0,0.0,0.0,0.0,0.0,0.0,0.0,0.0,0.0,0.0,0.0,1.1300000000000465,0.5800000000000098,-1.5099999999998663,-1.5999999999999983,9.319999999999993,-0.4199999999999933,5834.600000000691,3576.899999999844,-0.20999999999996982,-1.0000000000001192,0.45000000000005663,-2.0299999999997347,0.0,-1040.6999999999891,0.8600000000000321,0.30999999999992367,0.7000000000001715,1.6899999999999917,-1.6899999999999944,-4.109999999999997,6.4399999999979185,0.3499999999999864,-0.6899999999999961,-13.699999999998965,0.0,0.10272394574366678,26.99051207024044,0,410.40000000000003,3.3,3.3,19.323000000000796
12086012601,0.0966740199527722,Moderate,49.4140625,0.1662556711288232,0.5814780289681932,0.0663961345801812,0.0551590841510556,0.6671457225134482,0.5253614965224714,0.6833100978277962,0.2661152076774652,0.9764137438261952,12.7,0.9,27.1,57.9,1.8,3.0,1.0,6756.139534883721,1259164.2093023255,False,120.0,120.0,0.0,0.0,0.0,0.0,0.0,0.0,0.0,0.0,0.0,0.0,-0.19999999999990356,-0.14999999999998245,-1.6899999999999438,-1.140000000000226,3.1700000000000705,-0.4499999999999392,713.9999999997641,624.8999999998796,-0.03999999999999996,3.669999999999809,-1.7499999999998808,0.6199999999999538,118.49999999999383,-829.0999999999883,-0.5600000000000157,0.5800000000000542,-0.020000000000099098,-2.3900000000003043,2.390000000000302,-2.889999999999686,5.709999999998001,0.6999999999999016,-0.23999999999996258,-14.799999999999162,-0.41999999999992055,0.10272394574366678,26.99051207024044,0,304.79999999999995,0.9,0.9,0.0
12086012701,0.0720603197668681,Low,25.390625,0.119078321966947,0.6051506149613883,0.0541714363692663,0.0923854616985749,0.6960224689766323,0.6186815746564175,0.6513164914527034,0.1839852075646276,0.967347078022613,5.2,6.0,6.4,58.3,1.0,14.0,2.0,5461.722222222223,1181958.1666666667,False,120.0,120.0,0.0,0.0,0.0,0.0,0.0,0.0,0.0,0.0,0.0,0.0,-0.15000135679686022,0.9700027135938611,0.39989824022777004,-1.1600312063300227,1.8201763836054634,-0.3400284927361824,11044.543528733546,1958.2683825665035,-0.0700230655483375,-4.18992537616697,2.4800108543754615,1.210009497578537,182.70495230889657,640.5147076789683,-0.3700135679696081,-1.1399294465577785,-0.27999185921828945,-2.5699511553092496,2.5699511553092456,-1.2099810048423865,7.570043417501039,-1.1599470849183042,-0.22004206070579116,-15.99998914562324,1.0399850752333113,0.10272394574366678,26.99051207024044,0,124.80000000000001,6.0,6.0,0.0
12086012802,0.0419620182750728,Low,6.640625,0.0739078941790145,0.5677609779198334,0.0139717106355417,0.1320935977492623,0.6122314661681434,0.4648958176934754,0.666017757261271,0.1338440777224874,0.963566250727015,2.3,0.6,5.2,42.0,1.5,12.0,1.0,8911.10576923077,1250022.7403846155,False,120.0,120.0,0.0,0.0,0.0,0.0,0.0,0.0,0.0,0.0,0.0,0.0,-0.3499999999999568,-0.0900000000000082,-1.3000000000000915,2.5799999999995538,1.0499999999999723,-0.23999999999999372,233.50000000008862,2712.6999999999166,0.14999999999998087,-1.8599999999998038,0.5699999999999779,0.7099999999999942,106.39999999999556,-1180.699999999982,0.48999999999991983,0.5700000000000527,-0.27999999999996855,-3.4299999999999002,3.4299999999999007,-1.099999999999965,3.119999999998829,0.16999999999987156,-0.3899999999999285,-13.16999999999904,-0.17999999999996666,0.10272394574366678,26.99051207024044,0,55.199999999999996,0.6,0.6,0.0
12086012900,0.1138766582192228,Moderate,62.5,0.1754244425106359,0.6491493237170672,0.0731585134473012,0.6409847097672817,0.5775568952737654,0.4140099761440034,0.6692142187254307,0.2776903715739706,0.9439808186748548,14.7,0.8,37.6,46.6,2.8,5.0,2.0,12212.194444444443,1431736.3055555555,False,120.0,39.885504273504274,14.142944444444444,195.0,0.16666666666666666,12.666666666666666,0.05128205128205128,2.0,5.0,3.0,0.46153846153846156,0.0,0.20018284360001384,-1.1699336585166942,-0.17957767982642384,2.1797734681060192,-1.529737870237032,-0.22996763830091924,3034.673320395717,1146.3695037978403,-0.14003883403896264,0.7999449851115572,-0.6199401308566523,-0.6899951457450606,126.78788054366744,-200.06795956814256,-0.029932040431858497,0.1398851159681246,-0.46999190957522036,0.9195259011076209,-0.9195259011076166,-0.47990615107241724,7.750488661654242,-0.4098446638441751,-0.10004854254868553,-14.439928804261243,-6.4723398256099524e-06,0.13275574407581067,43.768785233285236,9,144.89871666666667,0.004081632653061224,0.7589743589743589,2.9426878009202033
12086013000,0.1331558016371371,High,75.9765625,0.2124395240423006,0.6267939181158371,0.1053396807646052,0.6681534344335416,0.5147463022383132,0.3319170889112333,0.6744022648651077,0.3195393673199959,0.944750500130989,18.4,3.9,38.1,56.7,3.6,3.0,2.0,16213.886363636364,1373457.431818182,False,120.0,28.503888888888884,14.073703703703705,108.0,0.0,6.666666666666667,0.05555555555555555,2.0,3.0,2.0,0.4166666666666667,0.0,1.0799999999998526,-0.020000000000049537,0.6500000000000787,-0.6000000000003869,0.8500000000004199,0.2899999999999942,4397.499999999806,1716.6999999999266,0.0,1.010000000000011,-0.859999999999963,-1.66999999999991,134.69999999998942,-128.29999999998907,1.08999999999994,-1.0499999999999212,0.589999999999902,-1.1199999999998638,1.1199999999998682,-0.9099999999998847,9.00999999999767,0.18999999999994316,-0.01999999999999346,-14.27999999999917,0.12000000000000179,0.1426547451193295,48.41529141229142,6,182.64385185185182,0.03577981651376147,3.683333333333333,19.871999999997286
12086013100,0.1430557613900418,High,81.8359375,0.2064643157190575,0.6928837116080745,0.0999285981510449,0.7541877292100309,0.6043680259379408,0.4540109400226511,0.6863581609272862,0.31300003328707,0.9654937019424636,17.3,3.4,38.0,55.1,3.8,2.0,1.0,10015.952380952382,1348989.857142857,False,120.0,62.8,14.43,30.0,0.3333333333333333,2.0,0.0,1.0,2.0,1.0,1.0,0.0,1.5899999999998726,-0.4000000000000464,-0.010000000000044449,2.0799999999997327,-1.1899999999997806,0.02000000000002504,2996.599999999683,1403.4999999999295,-0.2799999999999997,0.8599999999998287,-0.5899999999999207,-0.6899999999999572,102.49999999999241,-247.59999999998047,1.1499999999999948,-0.9699999999999566,0.4099999999999933,-0.49999999999986217,0.4999999999998622,-1.2499999999999782,8.45999999999773,0.20000000000004334,-0.07999999999999294,-12.959999999999278,-0.060000000000007735,0.12351622992817995,34.19469658119658,5,165.561,0.1096774193548387,3.4,27.5069999999978
12086013202,0.0776488200427017,Low,30.2734375,0.1469637041478903,0.5283537217091597,0.0538199785089307,0.0585913033575644,0.5432666097451434,0.4172408232265096,0.6615988274142462,0.2401074297868499,0.961071044802335,8.0,3.2,29.3,43.5,5.3,4.0,3.0,13349.807692307691,1310662.5,False,120.0,120.0,0.0,0.0,0.0,0.0,0.0,0.0,0.0,0.0,0.0,0.0,-1.609999999999971,0.3599999999999699,0.9199999999995897,0.0,-4.510000000000119,0.3199999999999759,12279.799999999303,2289.6999999998925,-0.0799999999999993,1.5800000000000918,-0.6000000000000595,0.17000000000000953,98.19999999999092,-494.4000000000031,0.5799999999999855,-0.35000000000001485,-0.6099999999999468,0.020000000000092003,-0.02000000000009789,0.040000000000047053,8.109999999997417,0.34999999999999887,-0.23999999999999985,-13.199999999999255,-0.3199999999999997,0.10272394574366678,26.99051207024044,0,192.0,3.2,3.2,0.0
12086013302,0.1272218527149647,High,71.6796875,0.1956918186026404,0.6501132935623305,0.095613855094542,0.5391019922688076,0.594146688880528,0.4626427269648856,0.6839760232046185,0.2957697821107387,0.9706990364928128,15.6,4.1,34.6,55.2,3.2,3.0,1.0,10289.245614035088,1314412.4736842106,False,120.0,120.0,0.0,0.0,0.0,0.0,0.0,0.0,0.0,0.0,0.0,0.0,1.7798281252236972,0.3689924582088599,2.360278555671286,-1.9295199359700832,1.4016239202985254,0.2401837282088808,704.5572875342592,42.16318470598676,0.0,0.2889450444774708,-2.1791465528356913,-1.359839978656743,48.77575972984943,-596.5445748164185,-0.29938362149253367,2.108642781940138,0.4003970899999088,-3.936675112089541,3.9366751120895396,-1.0799348061192051,5.161884695818778,-0.4701303877611042,-0.5099051725372538,-14.169851832088593,-0.09997036641791128,0.10272394574366678,26.99051207024044,0,374.4,4.1,4.1,27.765318753489677
12086013400,0.1500636062340533,High,85.9375,0.2475103317973085,0.6062922914949004,0.1296910663117446,0.4340601207393731,0.5438294328102408,0.4140099761440034,0.682432287103803,0.3653295972828724,0.9571296406770818,21.1,6.0,42.9,56.2,8.6,3.0,1.0,13541.828571428572,1333392.142857143,False,120.0,68.5,17.328240740740743,66.0,0.0,3.0,1.2954545454545454,1.0,3.0,1.0,1.0,0.0,0.5599999999998309,0.19999999999992837,0.7400000000000213,-0.6700000000000079,-3.0099999999999314,1.1199999999999213,-1535.099999999872,1534.9999999998302,0.09999999999999404,0.49000000000004534,-0.39000000000010565,0.12999999999999193,92.69999999999246,-221.6999999999782,1.3799999999998307,0.6799999999999512,1.5099999999998925,3.039999999999964,-3.0399999999999685,-0.8199999999998072,5.669999999997962,-0.1700000000000524,-1.3199999999999286,-11.829999999999334,-0.30999999999998645,0.12297425086458062,28.65959744607245,8,140.77412037037033,0.08955223880597014,-1.7727272727272725,11.815999999996432
12086013500,0.1636229546340001,Critical,91.015625,0.2651296548607242,0.617143166123583,0.1646340798149907,0.505141086435983,0.5516610450786931,0.4087598496349309,0.6712542539928567,0.3656252299064577,0.9488995954754514,24.5,10.2,51.7,50.9,4.6,3.0,2.0,14469.625,1483666.25,False,120.0,22.475661375661378,15.077685185185187,121.0,0.16666666666666666,7.333333333333333,0.30165289256198347,2.0,3.0,3.0,0.30578512396694213,0.0,1.9399999999999056,-0.17000000000001697,3.139999999999893,-0.9699999999998805,0.05000000000004273,0.6799999999999007,2757.999999999855,1039.9999999999357,0.009999999999989082,1.2399999999998723,-2.3499999999998207,0.6200000000000381,118.79999999998992,-122.89999999998707,1.2499999999999265,-0.7199999999999513,-0.2399999999999578,-0.6699999999998957,0.669999999999896,-1.649999999999833,7.299999999997553,-0.060000000000032326,-0.16999999999997592,-14.369999999998981,-0.04999999999999673,0.1468191942465335,38.44505455840456,8,218.59671296296293,0.08360655737704918,7.123140495867768,47.529999999997685
12086013600,0.1219832922225013,Moderate,68.359375,0.2091774851455561,0.5831568925193802,0.0992685502872758,0.4413357482046153,0.5055470699616609,0.3558547286588926,0.6585416245479255,0.3190864200038364,0.9545052912238066,11.7,9.1,46.0,51.8,5.6,4.0,3.0,17712.4358974359,1430654.7435897435,False,120.0,31.08229166666667,18.207430555555554,133.0,0.6666666666666666,7.333333333333333,0.9135338345864662,3.0,4.0,3.0,0.8421052631578947,0.0,-1.9599999999999522,-0.45999999999992625,1.1599999999998225,-2.099999999999933,-0.9699999999997904,-0.3399999999999622,4102.799999999789,2055.399999999818,0.009999999999980826,-1.07000000000012,0.2600000000000794,-0.17999999999996424,103.79999999999148,-89.89999999999336,-0.5699999999999829,-1.1899999999998472,-0.5599999999999836,-5.179999999999584,5.179999999999582,-0.5899999999999703,8.049999999997494,-0.18000000000000252,-0.11999999999998727,-17.699999999998692,0.39999999999999164,0.16532585630294214,47.6471879899079,8,67.77306250000001,0.06791044776119402,0.7868421052631576,0.0
12086013700,0.1505083129232673,High,86.1328125,0.2437805068534366,0.6173927311331522,0.1233965315746954,0.5565413763451231,0.5315888497498265,0.3809182696625767,0.6650461902194666,0.3641644821321778,0.952868969688768,16.6,9.3,43.8,67.8,4.9,6.0,2.0,15622.515151515152,1443862.393939394,False,35.95,32.41895061728395,16.532083333333336,184.0,1.3333333333333333,12.0,0.7717391304347826,2.0,6.0,2.0,0.6739130434782609,0.0,-0.7399999999999541,-0.7099999999999587,-0.960000000000064,0.31000000000000466,5.939999999999623,0.6499999999999763,64.79999999997443,752.3999999999404,-0.13000000000000528,2.0099999999997995,-1.6399999999998227,0.6099999999999467,78.7999999999945,27.399999999999498,-1.269999999999828,0.47999999999991677,-1.10999999999986,-0.4699999999998449,0.4699999999998457,-0.9999999999999777,7.339999999997611,0.04999999999996408,-0.3200000000000188,-15.8099999999989,0.0,0.10407433092172534,25.584880432710296,7,123.96741666666664,0.05027027027027028,2.122826086956522,0.0
12086013802,0.1686231219090919,Critical,92.578125,0.274868247300873,0.6134689021555689,0.1466735464957238,0.5391019922688076,0.4971199335621036,0.3900093978168149,0.6824625564391131,0.4030629481060221,0.9586506306910056,22.1,8.5,68.3,52.7,3.6,3.0,1.0,17063.47619047619,1319433.4761904762,False,120.0,120.0,0.0,0.0,0.0,0.0,0.0,0.0,0.0,0.0,0.0,0.0,-0.38000000000001427,-0.9199999999999344,5.499999999999732,-0.3799999999999867,-0.320000000000112,0.1100000000000015,-3245.171428571498,5525.199999999739,0.6699999999999237,-2.7799999999996325,-0.320000000000082,0.4399999999999175,49.19999999999419,-830.3999999999867,2.959999999999729,-1.149999999999925,1.8699999999999828,-3.1799999999999304,3.1999999999999322,0.27999999999992187,10.099999999997452,0.1199999999999967,-0.5799999999999995,-15.649999999999142,0.0,0.10272394574366678,26.99051207024044,0,530.4000000000001,8.5,8.5,0.0
12086013900,0.0822325476100418,Low,34.1796875,0.1543262399372188,0.5328487731152829,0.0556049685060569,0.0700102421779496,0.5422789374939868,0.4277807997743575,0.6571309555899993,0.2530475113683806,0.9670429305401212,10.9,0.6,18.8,61.0,3.2,2.0,3.0,13347.196721311477,1303726.6229508198,False,22.0,21.350641025641025,18.78333333333333,125.0,0.8333333333333334,6.666666666666667,0.988,3.0,2.0,5.0,0.84,0.0,0.40784469624629194,-0.1668178515635251,-4.296317519137217,2.192631861430153,4.284494102871107,-0.3854683900129447,2111.56052111486,1198.0184638800406,-0.3436724546115164,2.837833258108439,-0.7981672656182309,0.9834544629289698,100.40413945573052,-103.3883545315662,0.6967775314962155,1.040908215307202,-0.2603948802463926,-2.1359013231674417,2.135901323167441,1.4669130626970865,5.071579204633541,-0.5766516393747755,-0.013312372113214165,-15.23558472824385,-0.001504250562990977,0.12857780497973167,44.19687055742611,5,56.861666666666686,0.0047619047619047615,0.007200000000000006,4.445507189084582
12086014100,0.1278722142889158,High,71.875,0.1490000407552742,0.8582025457223874,0.1855000815105485,1.0,0.7870570879286906,0.8268199233716474,0.6878019492553406,0.1124999999999999,0.9893337680562588,37.5,0.0,0.0,54.3,0.0,1.0,1.0,3191.3714285714286,1106147.6761904762,False,120.0,19.857142857142858,14.133333333333333,33.0,0.16666666666666666,2.6666666666666665,0.0,1.0,1.0,2.0,1.0,0.0,9.268656176628207,-0.0006487423171689268,-0.00857266633401796,-0.007854415911437762,-0.01661243719321792,-0.0011584684235159408,0.0,177.3051212427063,-0.00018535494776255053,10.460982783496723,-0.002548630531735069,0.0,0.0,-274.2999899431469,-0.47101945221274677,0.0809176075595972,-1.5406950810539775,12.766765958433012,7.1868953046263275,-0.0033363890597259103,3.6550325879672134,-0.07377177205067165,0.2675160425634547,-7.447284348878183,0.19004633873693993,0.09572065727382427,64.48996148236982,11,370.0,0.0,0.0,347.57460662355777
12086014200,0.0459720750307289,Low,8.7890625,0.0647222618109421,0.7102977205125544,0.0138762100915365,0.1091724898404202,0.8214801500210642,0.6351581621588127,0.9945199368612924,0.1155683135303476,0.991157863681182,2.1,0.7,19.7,19.1,1.5,0.0,0.0,2875.8571428571427,1191118.2857142857,False,120.0,120.0,0.0,0.0,0.0,0.0,0.0,0.0,0.0,0.0,0.0,0.0,-0.20999999999998398,-0.08000000000001962,-0.4099999999997836,-2.160000000000055,-1.2899999999998857,-0.27999999999997266,8572.599999999478,4442.69999999968,0.29999999999998256,0.6100000000000021,-0.10000000000000085,-1.5299999999999205,224.39999999998182,-117.79999999999792,1.3099999999999459,-1.2799999999999132,0.37000000000007804,-0.41999999999998294,0.41999999999998217,0.10000000000003625,6.719999999997932,0.09000000000001146,-0.24000000000000302,-13.489999999999384,-0.03999999999999996,0.10950932615507843,52.6705291005291,3,50.400000000000006,0.7,0.7,0.0
12086014300,0.1308822811616535,High,74.21875,0.1614289579996672,0.8107732514876502,0.0693425277818288,0.6116038094294114,0.8591070607058612,0.5970913108193525,0.9954565367432144,0.2535153882175056,0.9906075397404116,11.5,2.5,10.8,66.1,4.7,0.0,0.0,2409.5641025641025,1212487.4102564105,False,120.0,120.0,0.0,0.0,0.0,0.0,0.0,0.0,0.0,0.0,0.0,0.0,1.5599070294796336,0.049985573539995755,-0.34003847056011605,0.0,3.499746735479285,1.1399839705998818,5517.559019075117,2217.9911271391243,0.05997275001989605,-2.1500400735000214,1.8000897646402394,0.4400080146999716,66.50863984662986,-27.322745718678444,0.20012022050042683,-1.2801057940402267,0.40000641175997487,-0.6497178825588678,0.6497178825588642,0.5398525295194946,5.330065720538309,-0.3600304558601291,0.06997595589991137,-12.74997916177915,-0.23999679411998195,0.09914206101409567,69.50289682539683,4,276.0,2.5,2.5,17.938930839015786
12086014400,0.152950471722072,High,87.6953125,0.1933195332215947,0.7911796039086789,0.0863487439535423,0.6116038094294114,0.7847198074145583,0.5738847962912437,0.9931753080916031,0.3002903224896471,0.9925142983165782,16.5,0.9,9.9,83.1,3.1,0.0,0.0,3545.290322580646,1214046.935483871,False,120.0,120.0,0.0,0.0,0.0,0.0,0.0,0.0,0.0,0.0,0.0,0.0,2.129999999999727,-0.29000000000000914,-0.9699999999999929,0.8900000000000111,9.44999999999827,0.549999999999958,-1339.7999999992953,1007.7000000000388,0.11000000000000651,-1.0100000000001064,1.6800000000000208,-0.7999999999998794,123.49999999998708,-66.39999999998982,0.29999999999990384,-1.4899999999997855,-0.9499999999999893,-1.5700000000000842,1.5700000000000784,0.38000000000008916,6.03999999999822,-0.3799999999999657,0.12999999999997902,-15.619999999999086,-0.08999999999999592,0.09046407711817274,40.592189165442505,6,396.0,0.9,0.9,35.14499999999549
12086014500,0.069773483014666,Low,22.8515625,0.1204018230086534,0.5795052040835902,0.0446402888752557,0.0475678228472477,0.6679961890211984,0.5390796565379086,0.6617771020059752,0.1961633571420511,0.9811052500056214,6.3,2.8,16.7,50.4,1.1,6.0,2.0,6293.344444444445,1178084.2222222222,False,30.0,18.154444444444447,18.05296296296296,367.0,1.6666666666666667,20.333333333333332,0.5122615803814714,2.0,6.0,4.0,1.0,0.0,-1.1300000000000023,0.3599999999999822,1.0099999999998337,0.9400000000000136,-4.03999999999949,-1.5399999999998684,9152.799999999435,5047.799999999706,-0.05999999999999331,-0.7599999999998932,-0.7899999999999202,-0.6999999999999549,-15.39999999999464,-58.50000000000043,-0.6499999999999849,1.5999999999998138,-0.030000000000011573,0.20999999999992897,-0.20999999999992985,-1.6699999999997948,4.9399999999980295,-1.9899999999998745,-0.07000000000000452,-13.009999999999053,0.7599999999999419,0.15890490224124845,58.73291865079365,12,37.46633333333334,0.0076086956521739125,1.36566757493188,0.0
12086014602,0.0881967321904301,Moderate,40.625,0.1511741279960562,0.5834115490497884,0.0418287853129435,0.087421944692239,0.6661294291814176,0.5129456934705253,0.6777982287665386,0.260519470679169,0.9727624491382212,5.2,3.4,15.2,79.1,1.1,6.0,1.0,6471.377777777778,1199766.711111111,False,120.0,120.0,0.0,0.0,0.0,0.0,0.0,0.0,0.0,0.0,0.0,0.0,-3.0799999999999876,-0.4099999999999887,-2.20000000000013,-0.929999999999984,4.169999999999649,-0.14000000000001053,2223.0999999998676,5043.499999999668,-0.05000000000000127,-6.449999999999672,2.54999999999992,1.979999999999844,145.39999999998946,-979.8999999999864,0.9299999999999488,-1.3199999999999823,2.109999999999864,1.0599999999997434,-1.0599999999997434,-2.6699999999999164,8.199999999997337,0.32999999999997004,-0.8599999999999667,-14.06999999999916,0.0,0.10272394574366678,26.99051207024044,0,124.80000000000001,3.4,3.4,0.0
12086014702,0.080638956067207,Low,32.2265625,0.135475584826124,0.5952286987408322,0.0530924681864885,0.0568571294426968,0.7070064266948697,0.5532764898583479,0.6758095924029023,0.2178587014657594,0.9831938553053442,10.8,0.0,13.1,51.2,4.2,7.0,1.0,5174.1578947368425,1185206.8421052631,False,120.0,120.0,0.0,0.0,0.0,0.0,0.0,0.0,0.0,0.0,0.0,0.0,1.109999999999895,-1.4099999999999155,-0.1999999999999315,0.0,-2.9900000000002103,0.9099999999999503,5329.200000000647,2950.3999999999037,0.0,-0.6899999999998417,1.7799999999998624,-0.02000000000003992,68.99999999999231,-453.09999999999064,0.9200000000000107,0.16999999999992824,-1.1099999999999715,1.1799999999998576,-1.1799999999998612,-2.4199999999999244,6.7199999999981195,-0.009999999999942165,0.0,-11.979999999999238,-0.6799999999999994,0.10272394574366678,26.99051207024044,0,259.20000000000005,0.0,0.0,11.987999999998868
12086014800,0.190437171222287,Critical,95.703125,0.2806175501796772,0.6786359979992398,0.1620212890462641,0.3598638781511217,0.7547728524345714,0.6229380874794017,0.6676704826246154,0.3992138113130903,0.987934689306489,26.9,5.9,46.9,57.6,9.0,5.0,2.0,3876.3846153846152,1136886.0512820513,False,120.0,31.949999999999996,16.652055555555556,169.0,0.0,8.333333333333334,0.378698224852071,2.0,5.0,2.0,1.0,0.0,2.7399999999998026,1.2199999999998565,1.3300000000000025,0.6799999999998484,-1.179999999999956,1.1999999999999034,3726.19999999983,1639.9999999999013,0.5099999999999525,0.4400000000000537,0.9299999999998403,-1.4899999999998712,88.89999999999412,-272.6999999999834,0.5199999999999692,-0.5499999999999734,1.439999999999927,-2.799999999999713,2.7999999999997107,-1.7999999999999554,8.03999999999763,-0.9599999999998926,-0.37999999999999723,-12.88999999999929,-0.24999999999997716,0.08411885801866653,26.691213804713808,5,197.65970555555552,0.03470588235294118,3.6656804733727815,73.70599999999469
12086014900,0.0997549612513464,Moderate,52.5390625,0.1691586386609462,0.5897124855165726,0.0541258738487534,0.0487065120428189,0.695065100158583,0.5757452166622968,0.6449388014691017,0.284191403473139,0.9841067972500628,9.5,1.5,24.8,65.9,4.5,15.0,2.0,5148.731343283582,1108718.8507462686,False,120.0,31.821166666666667,16.857055555555558,489.0,0.8333333333333334,26.333333333333332,0.7750511247443763,2.0,15.0,3.0,1.0,0.0,-0.08000000000006517,0.10999999999996829,-1.4499999999998672,-2.7199999999997844,2.559999999999754,0.5099999999999665,9325.899999999798,2794.6999999997797,0.07999999999998597,-2.6999999999999433,1.4499999999999733,0.009999999999970149,226.89999999999242,-148.99999999997175,0.049999999999963615,-0.009999999999986275,1.0499999999999023,-2.699999999999823,2.6999999999998234,0.14999999999995745,6.02999999999807,0.3099999999999899,-0.3599999999999993,-12.439999999999253,0.0,0.11772774957896401,25.0149044011544,5,67.8579722222222,0.0030612244897959186,0.3374233128834355,0.0
12086015002,0.1120632239487193,Moderate,61.328125,0.181696026898109,0.6167621046087144,0.0675333303271411,0.0509508849500317,0.7198475400171715,0.6633703155355418,0.6637537485679628,0.2958587234690769,0.9858880339728636,12.6,1.1,19.2,71.1,5.4,7.0,2.0,4145.8031496062995,1014888.4881889764,False,120.0,120.0,0.0,0.0,0.0,0.0,0.0,0.0,0.0,0.0,0.0,0.0,0.8800000000000959,-1.219999999999835,0.7599999999997731,-0.5599999999999994,2.790000000000011,-0.07999999999996114,5205.79999999966,2686.6999999998066,-0.059999999999999935,-4.0799999999994325,3.7999999999996144,-1.4499999999999291,230.00000000000003,-849.1000000000216,-0.7999999999999599,0.9500000000000564,-1.0500000000000074,-1.85999999999973,1.8599999999997312,-1.0899999999999666,5.989999999997974,-0.7000000000000043,-0.15000000000000277,-14.63999999999906,0.5400000000000642,0.10272394574366678,26.99051207024044,0,302.4,1.1,1.1,11.088000000001209
12086015201,0.0472774017275659,Low,9.375,0.065900191243015,0.7174091734153661,0.0194362828730627,0.0733946140221593,0.8862327473778867,0.9590685646313492,0.671617486016578,0.1123640996129673,0.9967324550288575,3.9,0.0,13.5,21.6,1.9,3.0,2.0,1104.3181818181818,639421.0340909091,False,120.0,120.0,0.0,0.0,0.0,0.0,0.0,0.0,0.0,0.0,0.0,0.0,-0.5599999999999113,-0.2799999999999997,0.40999999999986586,-0.45999999999925234,-8.40999999999943,-0.7999999999998475,1722.9000000001972,1520.7999999999222,6.137660703952038e-16,-3.6399999999996773,1.1599999999998678,-0.030000000000091277,115.3999999999876,-950.0999999999958,0.7699999999999174,0.3900000000000023,1.089999999999915,-4.599999999999855,4.599999999999852,-2.1699999999998405,2.619999999998724,-2.0699999999999443,-0.40999999999989045,-12.289999999999324,1.0599999999999332,0.10272394574366678,26.99051207024044,0,93.6,0.0,0.0,0.0
12086015300,0.0896674242142803,Moderate,42.578125,0.1421644710065623,0.630730192849248,0.0529139250310771,0.0649129722216459,0.7058480008342994,0.7312411496804317,0.6626035138261788,0.2314150169820475,0.9890453276836844,8.7,2.0,12.4,59.7,4.3,7.0,2.0,3323.247058823529,756683.0588235294,False,32.5,27.93174603174603,17.974126984126986,277.0,2.5,15.666666666666666,0.34115523465703973,2.0,7.0,4.0,1.0,0.0,-5.483666319675745e-14,-0.22000000000000144,-0.44000000000000056,-1.1899999999998507,2.6599999999997523,0.9699999999999184,5212.9999999996,3065.3999999996913,-0.020000000000012928,-0.9899999999999605,1.9999999999998177,0.24999999999999692,112.39999999998564,21.699999999996518,-0.1299999999999841,0.45000000000000445,-0.14999999999990124,-0.8799999999998661,0.8799999999998659,0.05000000000003511,3.4399999999986446,0.7299999999999249,-0.13999999999998708,-11.789999999999413,-0.5299999999999515,0.08631822789238783,35.43269507575758,7,52.42509523809522,0.007194244604316547,1.3176895306859207,0.0
12086015400,0.0828281297899872,Low,35.546875,0.1448106255982063,0.5719754986751001,0.0577338162190365,0.0643770443056794,0.6392064637588614,0.5588830322784101,0.6188716950827774,0.231887434977376,0.9785392579497724,8.1,3.7,19.7,54.5,3.4,22.0,3.0,5949.057971014493,959510.7536231884,False,32.083333333333336,30.098030303030303,17.842790404040404,735.0,6.0,43.0,0.6428571428571429,3.0,22.0,5.0,1.0,0.0,-1.5099999999998779,-0.5399999999999939,0.7799999999999732,5.689999999999376,-10.699999999998884,-0.02999999999999725,6474.399999999743,4537.69999999966,-0.22999999999997672,0.409999999999917,0.1299999999999828,0.5299999999999939,188.69999999997998,20.1000000000057,0.10999999999999847,0.31999999999996426,-0.9799999999999255,1.4399999999999233,-1.4399999999999296,-0.12999999999997922,5.179999999998047,-0.3500000000000454,-0.419999999999982,-12.329999999999133,0.0,0.09938255592527172,35.9479716802805,10,49.873397727272724,0.005027173913043479,1.3214285714285714,0.0
12086015501,0.1345785486558975,High,76.7578125,0.2370920195089712,0.5676215881690835,0.1059456866714861,0.0682386222082921,0.6206066383354693,0.5233138147907178,0.6628062594065188,0.3682383523464563,0.9631426061044196,12.5,9.5,18.6,100.0,5.8,6.0,2.0,7200.084337349397,1054735.8072289156,False,120.0,120.0,0.0,0.0,0.0,0.0,0.0,0.0,0.0,0.0,0.0,0.0,1.2399999999997793,0.8699999999999382,-1.1899999999999467,-5.499999999999491,8.319999999999487,0.31999999999993217,1054.8999999998828,1462.6999999998682,-0.44999999999995655,0.8199999999998803,-0.7899999999999762,-2.309999999999861,-248.29999999997477,-702.0999999999946,1.9999999999998692,-0.26999999999994945,1.9999999999999167,1.6099999999999404,-1.609999999999945,-0.8499999999999379,2.6699999999986903,0.9099999999999909,-0.10999999999999069,-14.449999999999,0.0,0.10272394574366678,26.99051207024044,0,300.0,9.5,9.5,15.499999999997241
12086015600,0.0570728950513291,Low,14.2578125,0.1023278181042905,0.5577456463809439,0.0348319454059678,0.1422079342904751,0.5259581031951894,0.4868117304031422,0.6661964249612508,0.1698236908026133,0.967554039054662,5.3,1.9,14.9,32.9,6.0,6.0,2.0,8747.111111111111,785211.5555555555,False,30.0,22.825252525252523,17.369444444444444,252.0,2.0,18.0,0.7619047619047619,2.0,6.0,2.0,1.0,0.0,-1.4799999999999596,0.3599999999999729,-1.3199999999999006,0.5800000000000446,-7.879999999999819,0.6099999999999959,6054.499999999693,4062.7999999997055,0.1299999999999912,-3.9299999999998696,4.169999999999879,-0.18999999999997275,131.69999999998694,-42.09999999999463,-0.4899999999999608,0.9399999999999444,-0.9599999999999689,1.7199999999998457,-1.7199999999998479,-0.30000000000004196,2.1899999999986974,-2.409999999999714,0.3999999999999737,-5.939999999999854,0.029999999999996443,0.07433068043340577,29.523892341092097,7,35.14194444444445,0.0075098814229249,0.45238095238095244,0.0
12086015700,0.088987682868308,Moderate,41.2109375,0.157398300983605,0.5653662225844307,0.0515185285551162,0.1091090127738644,0.6080761886053769,0.5418936546933517,0.5957045482624616,0.2632780734120939,0.9720477085870984,10.3,0.3,6.8,81.6,1.9,17.0,6.0,6300.626865671642,865033.2089552239,False,31.363636363636363,34.32310731751909,16.503202614379088,549.0,3.6666666666666665,37.666666666666664,0.8123861566484517,6.0,17.0,10.0,1.0,0.0,-0.11000000000003501,-0.22000000000000997,0.2799999999999607,0.09999999999980547,7.560000000000052,-0.5299999999999888,12853.299999999528,6818.999999999824,0.08000000000000874,-0.459999999999923,0.3399999999999751,-1.0299999999999183,494.49999999995816,-112.59999999998647,2.0499999999996343,-1.0099999999997908,2.1399999999996697,0.569999999999904,-0.5699999999999104,-0.49999999999993683,7.079999999998246,1.4699999999999538,-0.030000000000010706,-11.18999999999941,-1.299999999999875,0.08061772971566866,29.710709595959596,11,77.2170130718954,0.0005454545454545455,0.056284153005464486,0.0
12086015800,0.0767811583597643,Low,29.4921875,0.125440927570748,0.6120901674332737,0.0208029518094038,0.0597680642283675,0.7004595368564686,0.6256304600481569,0.6839760232046185,0.2300789033320921,0.9906167528287568,3.6,0.6,16.1,62.9,3.5,3.0,1.0,3529.2884615384614,781502.1153846154,False,120.0,58.15555555555557,14.010092592592594,45.0,0.0,3.0,0.43333333333333335,1.0,3.0,1.0,1.0,0.0,-1.2199999999998634,-0.5699999999999597,-1.6299999999999777,3.949999999999586,2.970000000000037,-0.520000000000023,6127.599999999685,1260.4999999999857,-0.19999999999998788,0.5899999999998586,-0.3699999999998946,-1.3799999999999781,87.39999999999885,-75.5999999999983,0.9099999999998654,-0.27999999999996394,0.7599999999998921,2.2100000000001305,-2.2100000000001256,-2.189999999999972,5.959999999997781,0.9099999999998158,-0.280000000000006,-12.8999999999991,0.29000000000001913,0.08629223377966648,33.578618730534174,6,35.96366666666666,0.013043478260869565,0.33999999999999997,0.0
12086015900,0.0657006758875857,Low,19.3359375,0.1146374151394963,0.5731172131510289,0.0683425480272069,0.0460593029727731,0.6136388193857796,0.5708137545483024,0.6517281740683334,0.1609322822517856,0.9833460147799564,11.6,2.3,20.4,19.5,4.2,7.0,3.0,5290.7555555555555,747595.1333333333,False,35.0,31.802142857142858,16.996269841269843,294.0,1.3333333333333333,16.666666666666668,0.9149659863945578,3.0,7.0,4.0,1.0,0.0,-0.7199999999998167,-0.2999999999999582,1.939999999999726,6.170000000000086,-9.749999999999833,-0.3499999999999834,6905.699999999762,3864.899999999816,-0.08000000000000045,-1.5200000000000407,1.5299999999999523,-1.9199999999999102,127.19999999998929,-116.7999999999973,1.4400000000000184,-0.2000000000000011,0.4800000000000964,-1.5999999999998231,1.5999999999998262,-2.579999999999865,6.799999999997815,0.7899999999997955,-0.040000000000000265,-14.559999999998805,-0.21999999999998046,0.0938043805594877,40.19670942760943,6,81.24326984126982,0.007796610169491525,0.19557823129251695,0.0
12086016000,0.0843488176733305,Low,36.5234375,0.1462805415277598,0.5766236356003892,0.0525493033820713,0.0636493106092618,0.6058275153330306,0.5855885786532666,0.6458228036480446,0.2400117796734482,0.9822299697583428,9.8,0.9,18.0,61.7,1.4,10.0,3.0,5126.468085106383,695687.659574468,False,35.0,35.65208333333333,16.800194444444443,292.0,1.3333333333333333,17.333333333333332,0.9041095890410958,3.0,10.0,4.0,1.0,0.0,-1.7999999999997895,-0.02999999999998849,-1.1599999999998822,3.3999999999994692,-3.429999999999116,-0.769999999999905,6672.499999999339,3664.5999999997202,-0.04000000000000776,-1.0099999999998972,1.7899999999999023,-0.779999999999962,106.39999999999277,-178.4999999999903,2.9999999999998193,-1.2299999999999367,3.0299999999997382,3.499999999999839,-3.4999999999998406,-2.69999999999976,9.219999999997915,-1.9099999999998727,-0.0499999999999961,-13.959999999999104,1.5799999999999064,0.087906493696284,35.64396618967452,6,70.55809444444446,0.0030716723549488057,0.08630136986301375,0.0
12086016100,0.0641789353114944,Low,17.3828125,0.1062429240194571,0.6040772682399144,0.023228631514987,0.0659133709981167,0.6445764286950603,0.6536223073121651,0.6678218293011657,0.1892572165239272,0.988452404893064,2.7,2.0,19.5,45.8,2.6,5.0,2.0,4127.081967213115,684402.4426229508,False,35.0,46.954,15.420999999999998,113.0,0.6666666666666666,7.0,0.7389380530973452,2.0,5.0,3.0,1.0,0.0,-0.850000000000016,0.3399999999998855,-0.5000000000000896,4.9100000000002755,-0.4499999999998938,-0.3400000000000449,4305.099999999758,1332.799999999889,-1.0299999999998655,-6.8899999999996275,4.399999999999701,-0.6299999999999182,246.29999999998418,-55.19999999998895,1.4199999999998012,0.36999999999997457,2.7399999999997076,2.379999999999753,-2.379999999999752,-1.3599999999998316,7.259999999997821,-0.24000000000000085,0.029999999999996654,-9.769999999999358,-0.5899999999999839,0.09559612232208446,36.927216159611994,7,23.163300000000007,0.017543859649122806,0.5221238938053097,0.0
12086016200,0.1139170287947392,Moderate,62.6953125,0.1715366953655794,0.6640971399848818,0.0517023860258339,0.0712905144216473,0.7640532788115366,0.807019446251717,0.6838458060965473,0.2913710047053248,0.9942766543429612,3.7,6.7,13.6,92.3,2.4,2.0,1.0,1928.0357142857144,593279.2142857143,False,35.0,29.026666666666664,17.531388888888884,68.0,0.6666666666666666,4.0,0.9411764705882353,1.0,2.0,2.0,1.0,0.0,-1.5999999999999193,0.5199999999999486,0.06999999999990411,0.0,6.379999999999337,0.04000000000000197,1778.8999999997625,3116.699999999712,-0.21000000000002894,-2.519999999999717,3.6899999999997797,-0.6799999999999915,165.29999999998657,-71.89999999999421,0.8099999999998707,0.40000000000001446,0.4099999999999748,2.289999999999817,-2.289999999999813,-1.2399999999999451,4.239999999998186,-0.26999999999994617,-0.1000000000000163,-11.37999999999921,-0.9099999999999513,0.08350316751839056,41.76832948532949,4,23.93386111111113,0.09710144927536232,0.39411764705882363,0.0
12086016300,0.096663143029397,Moderate,49.21875,0.1409595769784199,0.6857508024743547,0.0621835418696842,0.0752143758388183,0.8058497145970163,0.8878675482449067,0.6648857037760855,0.2197356120871557,0.9949366699149472,12.1,0.4,19.9,40.9,5.2,5.0,2.0,1486.076923076923,567682.9230769231,False,35.0,50.41924242424243,14.720000000000002,128.0,0.6666666666666666,8.333333333333334,0.69921875,2.0,5.0,4.0,1.0,0.0,1.2999999999999556,0.0899999999999966,1.7500000000000684,0.1700000000001618,-0.3500000000002505,0.8199999999999504,-3371.000000000113,-1288.299999999924,-0.030000000000004717,-1.649999999999868,2.6999999999997755,-0.22999999999999401,314.59999999996325,-75.99999999999744,1.6099999999999497,0.31999999999991924,2.359999999999939,0.16000000000004336,-0.16000000000004364,1.6399999999999073,6.529999999998324,-1.4999999999999492,0.9299999999998868,-9.119999999999461,-0.05000000000000289,0.08821547494929867,40.032011700336696,8,112.28799999999997,0.0031007751937984496,0.1203125,15.729999999999462
12086016402,0.1401818912447427,High,80.859375,0.1938871246711322,0.7230077370145989,0.0638160342062389,0.0597680642283675,0.8985705068496292,0.9775871926815324,0.6819873868409821,0.3239582151360257,0.997125534472483,10.6,2.2,14.5,100.0,0.5,4.0,1.0,850.5272727272727,524934.4,False,120.0,120.0,0.0,0.0,0.0,0.0,0.0,0.0,0.0,0.0,0.0,0.0,1.0099999999999154,0.4299999999999677,1.759999999999897,-3.499999999999997,10.369999999999386,-0.25000000000000305,1872.6999999993093,1440.7999999999695,0.06000000000000306,-2.2199999999999185,1.4699999999998452,-0.7499999999998898,249.49999999998715,-1058.9000000000046,1.4100000000000612,-0.5600000000000711,1.5599999999998666,0.20000000000013754,-0.20000000000013696,1.2099999999999371,5.159999999998475,-1.1900000000000461,-1.0599999999997962,-11.40999999999953,1.1599999999999975,0.10272394574366678,26.99051207024044,0,254.39999999999998,2.2,2.2,10.705999999999102
12086016502,0.0653262367791454,Low,18.75,0.0963467781873756,0.6780323951476475,0.0253678519864999,0.1791163904408658,0.7350067260122499,0.8089285831641069,0.672292551160231,0.1673257043882513,0.9948177249607838,5.1,0.0,6.5,50.2,1.7,4.0,2.0,1862.6233766233763,493172.4415584415,False,120.0,120.0,0.0,0.0,0.0,0.0,0.0,0.0,0.0,0.0,0.0,0.0,-1.209979951470083,-7.075951677458688e-06,-0.42999056539771746,-0.00020638192392587846,-1.1100872700703555,-0.6899669788921383,8335.743299813663,2966.625249354018,-0.1700023586505358,1.580011793252685,-0.29005542828807085,0.5000082552768961,87.09740548437838,-828.7810482427527,0.5499976413494135,-0.4400188692044344,-0.36000825527696334,0.20997051686788484,-0.20997051686788934,-0.40996226159102317,3.0200129725766613,-0.07011439455205333,0.8900176898791081,-11.040020048529161,-0.04995164766365268,0.10272394574366678,26.99051207024044,0,122.39999999999999,0.0,0.0,0.0
12086016600,0.0740010904194999,Low,27.1484375,0.1147737205873517,0.6447563958090852,0.0744588546903822,0.1791163904408658,0.6852073025032352,0.6904037330087239,0.6762698238875037,0.1550885864843212,0.9927847292050972,10.7,4.3,10.7,34.0,1.7,2.0,2.0,2607.6129032258063,533596.4516129033,False,120.0,45.64583333333333,13.585694444444442,31.0,0.0,2.6666666666666665,0.20967741935483872,2.0,2.0,2.0,1.0,0.0,-0.5699999999998993,0.2599999999999523,-2.5599999999998135,-3.0399999999999965,4.549999999999643,-0.19000000000000267,-1815.7999999995393,2163.6000000000176,-0.2000000000000015,-2.529999999999683,1.4799999999998865,-2.229999999999859,74.0999999999897,-40.600000000003035,2.3599999999998227,-1.3299999999999423,2.039999999999842,0.49000000000003185,-0.49000000000003385,-0.7199999999999388,10.649999999997686,-0.5199999999998949,0.3499999999998404,-15.549999999998999,0.32000000000000467,0.1204613352617872,37.183647411616164,6,111.43306944444446,0.134375,3.398387096774193,0.0
12086016700,0.0715689698191883,Low,24.21875,0.1159752695837231,0.6171054404622216,0.0421706315813794,0.0945914692569465,0.6834816839207414,0.6559358056820646,0.6592680885953681,0.1897799075860668,0.9922501548559876,8.5,0.0,15.6,43.1,2.7,4.0,3.0,2748.0,557325.5,False,30.0,39.546875,14.862361111111111,95.0,0.3333333333333333,6.333333333333333,0.5421052631578948,3.0,4.0,4.0,1.0,0.0,0.7499999999999762,0.0,-1.9999999999997604,3.4899999999988816,-2.719999999998486,-0.3999999999999809,6902.999999999367,1199.8999999998882,-0.17000000000000529,-0.8000000000000617,-0.02999999999995982,0.5600000000001346,130.39999999998554,-76.69999999999091,0.3599999999999596,0.6599999999999827,0.4499999999998855,-1.8800000000000272,1.88000000000003,-0.5099999999999145,5.599999999998016,-0.5000000000000043,-0.37999999999994777,-14.549999999999152,0.260000000000006,0.11097795789342106,40.12903858024691,7,77.66993055555555,0.0,0.0,6.374999999999798
12086016800,0.1174113504015715,Moderate,65.234375,0.1786529095720588,0.6572036844113878,0.0764723306591871,0.5062923035828584,0.5829795015665729,0.5758675348627266,0.634139331603657,0.2808334884849305,0.9867397504411246,14.5,1.0,20.7,65.1,3.5,11.0,4.0,5068.121951219512,611084.8048780488,False,30.0,38.986683501683494,16.1779797979798,324.0,1.3333333333333333,20.0,0.7623456790123457,4.0,11.0,4.0,1.0,0.0,1.9699999999998696,0.19999999999999982,-1.1500000000000605,1.200000000000011,0.5599999999997509,-0.969999999999908,-2054.7999999996373,894.3000000001504,0.0,-5.229999999999909,2.279999999999918,-1.489999999999811,95.49999999999594,-104.59999999998952,2.3099999999997483,-1.3799999999999264,1.019999999999858,-3.4899999999999323,3.489999999999934,-1.0099999999998588,6.229999999998284,1.6899999999998228,0.10000000000000149,-16.119999999998946,-0.8599999999999596,0.0927324619248871,36.25013881540271,10,113.41929292929292,0.003076923076923077,0.23765432098765427,28.56499999999811
12086016900,0.0957937060526149,Moderate,48.2421875,0.1631143995746876,0.5872792733344946,0.0648982636224805,0.0518669555244042,0.6157350290363239,0.594014313597918,0.6839668834377878,0.2613305355268948,0.9908131850760392,10.2,2.9,24.1,57.3,4.2,2.0,1.0,4186.785714285715,598053.2857142857,False,120.0,30.543333333333337,17.468333333333337,64.0,0.0,4.0,0.96875,1.0,2.0,1.0,1.0,0.0,-0.05000000000007073,0.06000000000000629,-0.20000000000000093,-0.7899999999998136,2.1199999999997132,-0.6199999999999668,3601.899999999976,1608.7999999999915,-0.9100000000000175,-1.9099999999996713,1.1399999999999029,-0.42999999999995414,84.19999999999503,40.199999999989444,1.0399999999999716,-0.6900000000000125,0.5899999999999267,2.9000000000000137,-2.900000000000014,-2.7699999999998814,7.90999999999781,0.6999999999999329,-0.43999999999996275,-14.429999999998998,0.08000000000000117,0.11253189848717825,38.53893897306396,2,66.62299999999996,0.04461538461538462,0.090625,0.0
12086017000,0.107652446572785,Moderate,58.59375,0.1660790805079073,0.6481999192406386,0.0828989134164329,0.4697768373869259,0.5942501534142169,0.5540133497192704,0.6360674292966731,0.2492592475993816,0.9868918263861064,13.2,3.6,13.6,56.2,6.2,10.0,4.0,5192.5952380952385,663689.7380952381,False,30.0,38.09119444444444,16.425777777777775,305.0,0.6666666666666666,18.333333333333332,0.7983606557377049,4.0,10.0,4.0,1.0,0.0,0.26999999999986285,0.41999999999997173,-2.419999999999858,-1.499999999999909,2.4599999999998894,0.6799999999999162,973.899999999855,1988.399999999902,0.009999999999955255,1.569999999999876,-0.7299999999998912,-1.7499999999998925,83.79999999999495,-277.8999999999814,2.069999999999851,-0.42999999999997107,2.5199999999997913,0.9699999999999365,-0.969999999999935,0.06999999999995409,8.469999999997693,-0.04999999999994685,0.3699999999999864,-15.259999999999032,-0.08000000000000083,0.08740254991494338,36.736497013788686,8,99.97973333333337,0.011764705882352941,0.7259016393442624,3.5639999999981895
12086017101,0.0862820700728843,Low,38.671875,0.1434872578283718,0.6013221757717895,0.0697980411523825,0.0811775200713648,0.6626766399789313,0.6009144798669848,0.6717991020284385,0.2171764745043611,0.9900431369132274,12.8,1.3,13.9,46.0,5.0,3.0,2.0,3740.7,681230.675,False,120.0,120.0,0.0,0.0,0.0,0.0,0.0,0.0,0.0,0.0,0.0,0.0,-1.469999999999883,-0.7499999999999661,-1.769999999999901,2.409999999999769,-4.689999999999728,0.7699999999999698,5352.399999999594,1578.29999999991,0.7999999999999132,-0.4699999999998585,0.2599999999999163,-0.33999999999996516,75.1999999999974,-534.8000000000009,-2.938084392179627e-14,-0.13000000000001793,0.4599999999998778,1.199999999999913,-1.1999999999999207,-0.5699999999999993,7.799999999997884,-0.13999999999991955,-0.2599999999999946,-11.819999999999423,-0.37999999999994094,0.10272394574366678,26.99051207024044,0,307.20000000000005,1.3,1.3,0.0
12086017200,0.0843795911147933,Low,36.71875,0.1296573368221882,0.6507891738553238,0.0826502462383984,0.5713648528099912,0.564106769160563,0.5085122533073085,0.6260304911606801,0.1766644274059781,0.9839315028380762,12.7,4.1,11.6,34.7,3.9,9.0,5.0,6749.541666666667,738108.0208333334,False,25.75416666666667,25.2791835016835,17.383827160493826,351.0,2.0,24.0,0.8376068376068376,5.0,9.0,5.0,1.0,0.0,1.8999999999998527,0.429999999999992,-2.4199999999998787,-0.3500000000004084,-3.0499999999994243,0.11999999999999283,-5671.399999999771,1672.2999999998653,0.45999999999999014,-3.909999999999777,2.8099999999997753,-3.389999999999762,268.69999999998356,-69.99999999998828,3.1699999999997193,-0.90999999999993,3.3699999999996844,-0.4700000000000381,0.4700000000000377,-1.9099999999997812,7.15999999999817,-0.6600000000000108,-0.29000000000006393,-13.599999999998882,-0.11999999999998671,0.10087697033016611,30.406136152246447,8,84.0253950617284,0.011647727272727271,0.6658119658119657,24.129999999998127
12086017300,0.1085657381601942,Moderate,59.375,0.1737548375988861,0.6248213843163246,0.0820336977427098,0.4858238739439176,0.5281866932276104,0.4796365575074097,0.6538681571085203,0.2654759774550624,0.9765916397941652,12.7,4.1,18.2,65.5,2.7,6.0,3.0,8092.09375,734836.625,False,120.0,29.129595959595964,17.34087962962963,215.0,0.0,14.0,0.9209302325581395,3.0,6.0,3.0,1.0,0.0,-1.0599999999999108,0.4199999999999491,-1.8799999999999648,-0.13999999999995522,4.649999999999585,-0.7499999999999176,-3668.2999999998997,1562.399999999775,-0.9799999999999661,-1.0499999999998868,1.7799999999997924,-2.649999999999885,106.09999999999167,-124.09999999998126,0.8799999999998013,-0.719999999999772,1.169999999999807,2.7199999999995397,-2.719999999999544,0.12000000000001988,5.129999999997933,-1.3599999999998922,-0.4700000000000173,-14.949999999999145,1.429999999999944,0.0712118968893168,25.23489607614608,4,84.5708287037037,0.018981481481481478,0.3241860465116278,0.0
12086017402,0.1156527883962337,Moderate,64.2578125,0.1777886996416572,0.6505069705180261,0.0936751007829253,0.608091756948068,0.528018420806496,0.5173970827842005,0.618136484376755,0.2619022985003892,0.9808911076746106,19.1,0.0,24.2,48.6,3.3,13.0,5.0,6916.476923076923,627533.1846153847,False,120.0,120.0,0.0,0.0,0.0,0.0,0.0,0.0,0.0,0.0,0.0,0.0,-0.4099999999997813,-1.8499999999999135,2.0500000000001424,-1.1200000000000983,-0.2599999999992046,0.1199999999999679,4175.799999998915,1950.9999999997717,-0.5899999999999368,-2.9799999999996403,2.540000000000016,-0.3299999999999765,-3.500000000003119,-323.79999999999507,1.209999999999899,-1.6799999999998367,3.1099999999999564,0.4300000000000888,-0.43000000000009264,-1.6199999999999208,6.359999999998269,1.0199999999997074,0.03999999999999298,-14.169999999999101,-0.799999999999923,0.10272394574366678,26.99051207024044,0,458.40000000000003,0.0,0.0,0.0
12086017500,0.1643058718627949,Critical,91.40625,0.2239767517100425,0.7335844930705274,0.1573656757681211,0.915502031915948,0.541614729175471,0.5540133497192704,0.6701736976885235,0.2905878276519639,0.986618656853424,14.2,17.7,35.2,58.7,1.0,4.0,2.0,5503.333333333333,535710.0,False,25.5,27.963194444444444,16.37736111111111,118.0,1.5,8.333333333333334,0.8135593220338984,2.0,4.0,2.0,1.0,0.0,-1.949999999999889,2.809999999999832,-1.8399999999998355,-2.889999999999741,-0.2800000000002609,-1.749999999999858,3293.2999999998633,2083.099999999815,-0.4899999999999431,-0.919999999999957,1.5599999999999534,-0.8499999999999784,56.79999999999417,-152.89999999998446,1.069999999999891,-1.0999999999998071,1.3499999999999597,-3.8299999999995746,3.8299999999995733,-1.4299999999999768,7.309999999997689,-0.6999999999999742,1.0699999999999816,-16.639999999998796,0.0,0.10374897583423033,33.699802188552184,7,108.24147222222223,0.14873949579831933,3.299999999999999,0.0
12086017600,0.0897786495866976,Moderate,42.96875,0.1573180391389386,0.5706824854803063,0.0634500351513751,0.1003270889087124,0.5333884120534826,0.5660136388828647,0.6699618123413528,0.2511860431265021,0.9837214752151188,10.3,2.6,20.2,58.0,3.9,4.0,2.0,6046.952380952381,564098.8095238095,False,120.0,18.034143518518515,16.947291666666665,189.0,0.0,11.666666666666666,0.7407407407407407,2.0,4.0,2.0,1.0,0.0,-2.8999999999997716,-0.04000000000004218,-0.21000000000020247,-1.3999999999998882,2.2999999999995078,0.4399999999999478,1138.7000000000448,2866.899999999846,0.23999999999993857,-1.539999999999961,0.8700000000000001,-2.699999999999856,49.29999999999709,-264.3999999999709,1.0999999999999366,-2.1499999999998773,-5.483669509260267e-14,-1.3799999999998454,1.3799999999998442,-1.5099999999998273,8.249999999997724,0.5499999999998003,-0.11999999999998646,-13.549999999999336,-0.6399999999998146,0.12733547630483183,29.929136400636402,7,72.64289583333336,0.01368421052631579,0.6740740740740742,0.0
12086017700,0.1204264384426561,Moderate,67.578125,0.1879592285976713,0.6407051111091233,0.1131298870724625,0.464649237173769,0.5285354907021295,0.5746020811273979,0.6520005980861243,0.26278857012288,0.9837381484561962,15.3,7.7,32.0,48.1,1.8,7.0,3.0,5885.941176470588,535463.1470588235,False,25.5,29.18,17.42126984126984,249.0,3.0,13.666666666666666,0.9116465863453815,3.0,7.0,3.0,1.0,0.0,-0.08000000000005317,0.7599999999999498,2.7999999999998955,-1.4899999999997287,0.2800000000000683,-0.46999999999995046,696.5999999997384,1185.1999999998934,-0.27000000000003854,0.43999999999997536,0.5399999999999917,-1.389999999999957,35.09999999999503,48.20000000000008,0.6699999999999564,-0.6100000000000093,1.2199999999999285,-1.2099999999999755,1.2099999999999724,-1.9199999999998294,6.389999999997834,0.00999999999992773,-0.5299999999999638,-12.949999999999267,-0.1399999999999875,0.12120591853364011,27.699965104340105,6,100.65457142857144,0.0308,0.6803212851405622,0.0
12086017800,0.1493073563357686,High,85.15625,0.2181132938476499,0.6845403767092639,0.1311281538801502,0.6529709118259258,0.5336059169374976,0.5820140244343237,0.6681850613248871,0.3050984338151496,0.9859259690236856,22.5,4.1,33.2,52.8,2.9,5.0,2.0,5521.741935483871,515683.8064516129,False,30.0,30.805277777777782,16.5295,152.0,1.3333333333333333,9.0,0.8421052631578947,2.0,5.0,2.0,1.0,0.0,0.45999999999999225,-0.4899999999999311,-1.5899999999997758,0.49999999999991096,0.7100000000000002,-0.34000000000000247,3719.1999999998498,1809.8999999998696,0.13999999999996668,-2.0899999999999728,0.5500000000000043,-0.3899999999999795,80.09999999999428,-160.99999999998542,0.5899999999998733,0.14000000000003524,1.879999999999888,0.6899999999998694,-0.689999999999872,-0.7399999999999222,6.849999999997588,-0.539999999999935,-0.24999999999998346,-14.929999999998964,0.0,0.10401620402616736,32.074009259259256,7,168.08625000000004,0.02679738562091503,0.6473684210526317,10.349999999999826
12086017901,0.0199383149746872,Low,1.953125,0.0330626496912491,0.6030464938799016,0.0133121605810584,0.1446771619906773,0.5703335409891139,0.6994014684320475,0.6147343290203743,0.0528131388014398,0.9860859689672944,2.7,0.0,14.3,0.0,1.1,15.0,5.0,4267.705128205128,481983.5128205128,False,120.0,120.0,0.0,0.0,0.0,0.0,0.0,0.0,0.0,0.0,0.0,0.0,-0.8800000000000546,-0.42000000000002513,2.499999999999753,0.0,-8.710000000000868,-0.709999999999978,8501.399999999445,2403.199999999852,0.05999999999996138,-2.419999999999588,2.8499999999996284,-0.7699999999998907,67.7999999999716,-1001.2000000000003,0.6899999999998366,0.049999999999983294,-0.16000000000008036,1.8099999999998582,-1.8099999999998608,-1.7199999999998503,4.819999999998262,0.15000000000008212,-0.27000000000001706,-9.79999999999922,-0.9499999999999245,0.10272394574366678,26.99051207024044,0,64.80000000000001,0.0,0.0,0.0
12086018003,0.11973748802521,Moderate,66.796875,0.1715742559764509,0.6978756069421295,0.1047235500355667,0.6212256372827292,0.5738304501706023,0.7275293418511365,0.5834728867623604,0.2384249619173352,0.9833197186438194,19.6,1.7,9.7,59.4,0.9,20.0,6.0,4224.456692913386,485810.0787401575,False,120.0,120.0,0.0,0.0,0.0,0.0,0.0,0.0,0.0,0.0,0.0,0.0,2.5199999999999663,0.1900000000000067,-0.81999999999996,-0.9300000000001659,2.3700000000000014,-1.2099999999999536,719.6999999999691,173.49999999986414,0.3000000000000101,-3.3899999999997505,0.6599999999999538,-0.310000000000044,20.29999999999966,-732.2999999999737,0.5899999999998643,0.9800000000000342,-0.1600000000000937,-4.1499999999997685,4.149999999999769,-0.6099999999998996,5.10999999999823,0.17000000000008564,0.6699999999999317,-13.329999999999458,-0.5299999999999769,0.10272394574366678,26.99051207024044,0,470.40000000000003,1.7,1.7,49.39199999999934
12086018100,0.1234819921351015,Moderate,69.53125,0.1784442578383073,0.6919919622574326,0.0684002620629929,0.6862659175443814,0.5632696723684493,0.5886457631826257,0.6376020256306579,0.2884882536136217,0.9841764325610488,11.5,2.4,20.0,74.8,2.4,9.0,4.0,5185.0526315789475,564569.9736842106,False,16.650000000000006,24.664055019055017,16.81070987654321,353.0,1.1666666666666667,25.666666666666668,0.6147308781869688,4.0,9.0,6.0,1.0,0.0,-0.9499999999998545,-0.7099999999999245,-0.4299999999998424,-1.1599999999999175,5.119999999999586,-0.4400000000000252,-905.8999999999756,1675.7999999999072,-0.1000000000000133,-2.2799999999999896,1.0399999999999416,-0.33999999999993114,64.29999999999609,-153.89999999998477,0.5099999999999951,-0.3200000000000102,0.5899999999998697,1.149999999999907,-1.1499999999999069,-0.6599999999999198,7.829999999998076,0.8099999999998072,-0.1199999999999994,-10.549999999999246,0.7799999999999748,0.1042997158386849,22.14004574514991,7,82.67683641975307,0.006779661016949152,0.9246458923512748,0.0
12086018200,0.1215353195728574,Moderate,67.96875,0.1735841746851797,0.7001520720035652,0.0626416345220696,0.2256913470115968,0.7398142155026998,0.8655208559242391,0.6754222824988206,0.2845267148482899,0.9943116590804696,9.7,2.9,22.4,64.9,6.2,2.0,2.0,1606.25,436003.2916666667,False,25.0,14.686363636363634,18.306805555555556,86.0,1.0,8.0,0.3372093023255814,2.0,2.0,2.0,1.0,0.0,-0.2405419587740841,0.41020844568229253,-0.4122875097534556,0.9021207532077331,6.501792632867714,0.5011672958210774,-1065.101841911266,1457.3759778955316,0.2994997303623378,-2.394038453484863,1.5697498651810142,-0.871208984957468,41.55523084141374,-93.60788153720883,0.9221678350962657,-0.7817509437315531,1.2612923632304145,-2.5040438462373404,2.5040438462373427,-0.9344970339862699,9.192543037322485,1.8716258763221665,-0.4295414194988699,-9.478249056267837,-0.5310005392751751,0.0946758626303003,45.326908730158735,6,55.2239861111111,0.03333333333333333,1.922093023255814,0.0
12086018300,0.079155722747838,Low,31.25,0.1381099702474525,0.5731354702778823,0.0319245358031207,0.0790055462901911,0.5495662982262751,0.6143224952593852,0.6404896022867668,0.2442954046917843,0.9822934093267928,4.1,2.4,10.2,70.5,5.4,7.0,4.0,5292.5,536824.9807692308,False,16.627777777777784,37.03315476190476,17.192896825396826,213.0,1.5,13.666666666666666,0.6784037558685446,4.0,7.0,6.0,1.0,0.0,-0.8000000000000442,-0.08999999999998251,-3.55999999999972,1.6900000000001603,4.909999999999159,0.8699999999998916,3753.8999999999364,3308.799999999744,-1.3099999999998566,-1.1099999999998866,2.779999999999814,-2.5799999999997536,131.49999999999497,-377.29999999996903,0.6999999999999715,-0.6399999999999799,0.9200000000001157,2.1899999999996727,-2.1899999999996704,-0.7600000000000453,6.879999999997972,0.2899999999997066,0.6499999999999242,-10.759999999999321,-1.8099999999997907,0.1143039439406004,19.50711618242868,8,27.90912301587301,0.011214953271028037,0.7718309859154929,0.0
12086018400,0.0991128308162163,Moderate,51.3671875,0.1515673754677778,0.6539192917362817,0.0866853072245551,0.2256913470115968,0.6377871838228176,0.7380177835610496,0.677410918862457,0.2164494437110005,0.9906892254234876,12.2,5.3,14.3,49.3,3.4,1.0,2.0,3123.2380952380954,500054.6666666667,False,43.383333333333326,14.745833333333332,18.302777777777774,43.0,0.3333333333333333,4.333333333333333,0.3372093023255814,2.0,1.0,2.0,1.0,0.0,-0.05999999999994556,0.039999999999994366,-1.9799999999999798,4.559999999999776,-4.6999999999994575,-0.17000000000002055,2178.4999999998613,2601.4999999998,-0.25999999999994994,-0.4400000000000371,0.7699999999999311,0.4099999999999131,50.9999999999954,-38.099999999997394,1.1699999999998822,-1.069999999999954,2.009999999999883,0.7500000000000215,-0.7500000000000211,-1.1199999999999395,4.229999999998251,-1.5599999999998542,-0.10000000000001483,-13.669999999999188,0.05000000000003669,0.10955984149443047,42.423175000925,6,69.50611111111115,0.12045454545454545,3.512790697674419,0.0
12086018500,0.1314884330900735,High,74.8046875,0.176615780880716,0.7444885866619085,0.1353337282419167,0.7063908987786478,0.646147042147463,0.7101171112556929,0.6719504487049891,0.2178978335195152,0.9878374324227498,13.8,13.6,12.4,49.0,3.9,3.0,2.0,3080.825,515068.275,False,21.269444444444446,15.732301587301585,18.29851851851852,167.0,1.3333333333333333,13.666666666666666,0.5209580838323353,2.0,3.0,3.0,1.0,0.0,0.14999999999996877,1.5299999999999772,0.029999999999994618,0.7399999999999507,-3.3699999999996213,-0.6200000000000184,7243.9999999995825,2200.7999999998738,0.10000000000000506,-0.7700000000000512,2.069999999999885,-0.41999999999983617,108.5999999999933,90.6999999999913,0.9299999999999269,-0.5000000000000325,0.4699999999999257,0.7000000000000277,-0.7000000000000274,0.43999999999989314,5.499999999998628,-0.3899999999996369,-0.5699999999999384,-7.659999999999589,0.4899999999999438,0.09994490119481314,42.91157687682688,6,78.68044444444442,0.08095238095238094,6.514970059880239,2.069999999999569
12086018601,0.1401733793719715,High,80.6640625,0.2137359202145393,0.655825091221313,0.1283168185950175,0.4858238739439176,0.5694546409548104,0.580863311774801,0.659712988858189,0.2991550218340612,0.9832706405748474,22.5,3.6,9.4,82.4,0.0,3.0,3.0,5153.767123287671,579412.1506849315,False,120.0,120.0,0.0,0.0,0.0,0.0,0.0,0.0,0.0,0.0,0.0,0.0,4.899999999999397,0.5800000000000155,-3.499999999999825,-3.019999999999646,8.979999999999176,-1.149999999999998,-361.4999999998712,1715.69999999986,-1.0199999999998475,1.649999999999806,1.149999999999825,-1.5999999999999082,277.99999999999926,-1048.0999999999874,-0.2000000000001323,2.3400000000000407,-1.7999999999998983,-1.6399999999996504,1.6399999999996544,0.3799999999998213,6.9999999999980735,-1.7400000000000018,2.260000000000036,-13.359999999999324,0.10000000000000149,0.10272394574366678,26.99051207024044,0,540.0,3.6,3.6,110.24999999998644
12086018700,0.1058362203486279,Moderate,57.421875,0.1726973252837506,0.6128422670978461,0.0441027996935747,0.1331765469142811,0.6511371713803981,0.6148843817085169,0.6739390850686254,0.3012918508739266,0.9910741504174088,8.3,0.6,3.8,100.0,3.1,2.0,2.0,3162.0434782608695,542473.9565217391,False,21.083333333333343,18.114841269841268,18.294305555555557,104.0,0.8333333333333334,8.0,0.5576923076923077,2.0,2.0,3.0,1.0,0.0,1.0399999999998633,-0.25999999999996903,-1.5799999999999375,0.0,5.959999999999384,0.35999999999990945,4027.600000000037,2198.6999999997975,-0.44999999999995655,-2.309999999999686,3.729999999999599,-0.1600000000000351,180.79999999993268,-179.59999999998703,0.3799999999998873,-0.5899999999999149,1.0199999999998954,1.469999999999869,-1.4699999999998699,-0.6299999999999977,5.199999999998468,1.5499999999999516,0.3800000000000361,-13.45999999999926,0.25999999999992995,0.11570272171715235,53.46545220211886,6,47.35726388888888,0.005714285714285714,0.2653846153846154,8.631999999998866
12086018801,0.0614481688639012,Low,16.40625,0.1125992233373298,0.545724624403598,0.0337995383777165,0.1024484824785437,0.5176298207299326,0.5204914152012486,0.6083566390367724,0.1913989082969432,0.9796967645714928,6.3,0.6,10.9,57.1,0.0,16.0,5.0,6948.2535211267605,597424.8309859155,False,120.0,120.0,0.0,0.0,0.0,0.0,0.0,0.0,0.0,0.0,0.0,0.0,-3.4699999999997035,-0.5399999999998863,0.5799999999999096,-1.1599999999999988,-4.249999999998858,-0.2799999999999997,13555.499999999613,2011.299999999925,0.3200000000000502,-0.6799999999999637,1.0899999999999783,-0.8900000000001679,23.20000000000799,-1267.0999999999933,2.5699999999998977,-0.07000000000016644,3.5399999999998553,7.210000000000152,-7.210000000000153,-4.719999999999544,2.649999999998524,-0.3900000000001519,-0.410000000000064,-6.489999999999504,-1.4499999999996906,0.10272394574366678,26.99051207024044,0,151.2,0.6,0.6,0.0
12086018902,0.0899770507632456,Moderate,43.1640625,0.15915419430279,0.5653451431638981,0.0338520838088568,0.0764647467725918,0.5565937663173778,0.5526133159835177,0.6598340661994294,0.2844563047967232,0.9812198205465738,6.9,0.0,2.2,100.0,1.5,3.0,3.0,6131.925,645000.5125,False,120.0,120.0,0.0,0.0,0.0,0.0,0.0,0.0,0.0,0.0,0.0,0.0,1.0899999999999084,-0.4999999999999996,-1.059999999999992,-0.8599999999999992,8.379999999999992,-0.2500000000000211,3116.899999999386,1367.6999999998848,0.09999999999997172,0.10999999999986591,1.4500000000000013,-1.1999999999999766,0.0,-684.7999999999968,0.3299999999999898,1.3599999999999544,-0.6799999999999634,1.4799999999999587,-1.4799999999999573,-0.4300000000000374,4.509999999998347,0.35999999999995275,-1.6899999999998632,-6.22999999999985,0.1199999999999748,0.10272394574366678,26.99051207024044,0,165.60000000000002,0.0,0.0,7.520999999999368
12086019000,0.0580442026638403,Low,14.84375,0.1048006980405018,0.5538532066018136,0.056425129197689,0.0885810893823415,0.5566296068539378,0.5168695975462403,0.6258791444841297,0.1531762668833147,0.9813065947424184,8.2,3.3,8.6,34.6,3.6,9.0,5.0,6890.122448979592,724887.6530612245,False,14.874074074074075,25.190608650608652,17.71503086419753,366.0,1.5,24.666666666666668,0.8032786885245902,5.0,9.0,6.0,1.0,0.0,-1.3099999999999252,-0.5599999999998935,-0.5799999999999611,1.7899999999998957,-1.6499999999996007,-0.02999999999996409,978.3999999998392,3057.199999999799,-0.050000000000003805,0.010000000000003012,1.309999999999927,-0.27999999999991976,158.09999999998402,-53.39999999999121,1.0499999999998937,-0.30999999999991845,1.0599999999999092,1.3299999999999574,-1.3299999999999566,-0.7399999999999499,5.439999999998237,1.4299999999997295,0.36000000000001653,-12.179999999999302,-0.07999999999999378,0.09438792622842303,23.32535461553697,8,51.53674691358025,0.008991825613079018,0.6491803278688524,0.0
12086019100,0.1246004013142977,Moderate,69.921875,0.1844794437401144,0.6754161807308386,0.1104313054755573,0.6183441058787319,0.6144960043381839,0.5166791167658658,0.6459500724442347,0.2585275820046714,0.9816116042271766,12.6,9.9,15.6,69.4,0.9,5.0,4.0,6720.285714285715,953811.7777777778,False,14.666666666666666,16.71562703962704,17.83516666666667,257.0,1.3333333333333333,19.333333333333332,0.6459143968871596,4.0,5.0,5.0,1.0,0.0,-1.1899999999997708,1.679999999999941,1.9499999999999758,-0.8099999999998564,4.6699999999999315,-0.1299999999999613,-113.00000000029922,181.09999999991612,-0.28999999999994713,-2.2999999999997387,2.229999999999773,0.8799999999998896,22.599999999998083,154.19999999998487,-0.4400000000001101,0.5199999999999367,0.2399999999999889,-2.3199999999999226,2.319999999999923,-1.6499999999998332,4.739999999998274,1.3899999999997799,-0.20999999999999977,-12.029999999999088,-0.5299999999999834,0.07420442358286587,23.993039682267625,8,77.67689999999996,0.03837209302325582,3.5054474708171206,0.0
12086019200,0.0654062176845219,Low,18.9453125,0.1067961807151016,0.6124396700946166,0.0450338512240491,0.1012488849241748,0.6846792360962232,0.6145648087905733,0.6719504487049891,0.1685585102061542,0.9897549719571234,7.4,1.7,9.4,42.7,2.7,3.0,2.0,3612.9125,737293.9,False,20.0,11.17925925925926,18.277037037037037,189.0,1.0,16.0,0.4603174603174603,2.0,3.0,3.0,1.0,0.0,-1.4758955556493214,-0.3088370741006463,0.0698973888912231,-3.0613339444138257,-0.8329073147482728,-0.45948694445611904,6399.260227389552,3188.4680428879265,-0.08068407405843936,-1.6682214074479873,1.880513055543747,-1.4103078333262007,105.94903648263801,23.08523427101687,-0.1500684074058672,0.30054725924683584,0.38027362962334954,1.6592475185355964,-1.6592475185355997,0.330752481464265,4.549692166672368,-1.4180845926363916,-0.3816075740373439,-9.328187203744362,0.3083582222596785,0.091322301989069,20.953117845117845,6,42.34992592592593,0.008947368421052631,0.9174603174603175,0.0
12086019302,0.0875994958862135,Low,40.0390625,0.1371365583716947,0.6387756622036844,0.0577339734058811,0.1777579542075528,0.6455681867328886,0.7068170317357045,0.6768296100366151,0.2165391433375083,0.986905528305661,8.0,3.7,8.3,63.2,2.3,6.0,1.0,3294.9714285714285,549222.9571428571,False,120.0,120.0,0.0,0.0,0.0,0.0,0.0,0.0,0.0,0.0,0.0,0.0,-0.48999999999977745,0.7799999999999967,0.08000000000000358,1.159999999999904,0.7700000000001077,-0.1500000000000242,4029.3999999995144,2460.6999999997925,0.0599999999999874,-4.489999999999501,3.1099999999997228,0.5599999999999284,122.09999999999395,-353.1000000000192,0.5099999999999516,-0.7699999999999468,1.0499999999998764,1.0399999999996692,-1.039999999999669,-1.729999999999897,7.069999999998486,1.7099999999999058,-1.2900000000000922,-8.249999999999318,0.9099999999998722,0.10272394574366678,26.99051207024044,0,192.0,3.7,3.7,0.0
12086019402,0.0923498413263585,Moderate,45.1171875,0.1421490647588721,0.6496690040346864,0.0643319717483164,0.4992713002426553,0.5537984003082443,0.5619827725227855,0.6585657024282857,0.2199661577694277,0.974726844671461,13.2,0.0,6.3,57.0,4.0,9.0,2.0,6351.846153846154,658539.3769230769,False,120.0,120.0,0.0,0.0,0.0,0.0,0.0,0.0,0.0,0.0,0.0,0.0,-1.5584930157650092,-0.5597277705898338,0.35962082332147943,3.538386068496667,-1.7388819149224743,0.09002916743682005,6776.603488950312,2350.81541316639,-0.22013611470508093,0.06963054580064985,1.0302527844522065,-0.9600972247892836,63.323236724649746,-465.0199396901426,-0.600476401467815,0.11052501386250956,-0.010544458820370166,-0.9511180850774548,0.9511180850774552,0.21008750231043374,4.010369454198201,-0.5592124792063706,-0.06037917667841567,-10.189397206305266,0.36951387605322333,0.10272394574366678,26.99051207024044,0,316.79999999999995,0.0,0.0,0.0
12086019502,0.0548085249883056,Low,13.0859375,0.0894045287847569,0.6130396942224057,0.0770498652605195,0.0921433389177781,0.6066101413637438,0.7243031673740847,0.6606148774625423,0.1017591923089942,0.9815269459938792,4.6,11.1,15.3,16.0,1.2,8.0,2.0,3246.326530612245,442330.48979591834,False,120.0,120.0,0.0,0.0,0.0,0.0,0.0,0.0,0.0,0.0,0.0,0.0,-1.3699908397798026,1.480085495387255,0.12015877714788832,10.939658018451293,-8.320427476936215,-0.0700091602200508,7203.405994917527,3623.6348097669256,-0.00012518967419539314,-2.49989313076583,1.2499725193397786,-0.4900916022006541,159.9774353245665,-596.5726720101485,-0.4797984751585178,-1.3702167918748573,0.16007938857391893,-1.6600213738466294,1.6600213738466243,0.9398625966990043,5.910283966820261,2.2898290092253744,0.30991450461277503,-13.84955114921624,-0.7600305340667439,0.10272394574366678,26.99051207024044,0,110.39999999999999,11.1,11.1,0.0
12086019600,0.1086898314543452,Moderate,59.5703125,0.1435699194503071,0.7570515597591129,0.0249795492466869,0.1223293019990933,1.0,0.9792439352224536,0.684502591706539,0.2621602896539273,0.9991819698674786,4.4,0.6,8.9,84.7,2.5,1.0,1.0,313.49152542372883,327012.31355932204,False,7.333333333333333,13.7,15.15,56.0,0.6666666666666666,3.6666666666666665,0.7678571428571429,1.0,1.0,2.0,1.0,0.0,-1.359999999999861,-0.07999999999999804,0.7399999999998462,-4.719999999999599,3.5699999999998204,0.38999999999992047,8132.09999999926,3847.799999999718,-0.6900000000000196,-1.7399999999997753,1.7799999999997986,-0.6800000000000054,122.39999999998196,-39.50000000000203,0.5100000000000252,-1.2900000000000318,0.1500000000000145,-0.17999999999994945,0.17999999999995028,-1.0699999999999723,5.189999999998753,-0.8000000000000789,0.599999999999964,-9.399999999999416,-0.45999999999984503,0.09573155835740041,46.69771717171717,9,38.940000000000005,0.010526315789473684,0.13928571428571426,0.0
12086019700,0.1040043278164196,Moderate,55.859375,0.1490999270007747,0.6975478117831624,0.055289946302645,0.1261373773416592,0.7935237921545318,0.887139023902773,0.6847236168205405,0.2429099076989043,0.9962152486963078,9.0,2.1,13.4,64.5,3.5,2.0,1.0,861.1470588235294,308634.42647058825,False,21.0,30.25,14.695138888888888,54.0,0.6666666666666666,3.3333333333333335,0.7777777777777778,1.0,2.0,1.0,1.0,0.0,1.33999999999977,0.4699999999999414,1.7999999999999718,5.4800000000000795,-5.330000000000185,0.6799999999998725,3289.3999999996513,1583.3999999998964,0.1399999999999873,-2.3099999999998233,0.06999999999993028,-0.5300000000000404,-32.700000000016274,67.49999999998889,0.5899999999999808,-1.4399999999999367,1.2499999999999207,0.5399999999999062,-0.5399999999999096,-0.2200000000000573,6.869999999998736,3.749999999999915,-1.8300000000000445,-5.529999999999685,-0.2800000000000076,0.08769352385948415,20.548333333333332,4,83.74375,0.038181818181818185,0.4666666666666667,12.059999999997931
12086019801,0.1120853067083523,Moderate,61.5234375,0.1645107197405111,0.6813252466778377,0.0379061714354809,0.037235272739287,0.817496512260155,0.8743740104297338,0.679989610710515,0.2911152680455413,0.9975308272494972,7.6,0.0,18.0,79.2,4.1,4.0,1.0,715.8333333333334,290434.29411764705,False,120.0,120.0,0.0,0.0,0.0,0.0,0.0,0.0,0.0,0.0,0.0,0.0,0.2100000000000413,-0.23999999999999974,0.6199999999998389,-0.9999999999999992,4.620000000000756,-0.789999999999884,4516.099999999531,2995.899999999771,-0.2799999999999732,0.7700000000001851,0.3199999999998893,-2.0299999999999465,245.59999999998087,-995.7999999999963,0.4699999999998494,-1.2399999999998796,0.020000000000025255,-0.6899999999999279,0.6899999999999308,-1.739999999999853,5.409999999998747,1.169999999999948,0.03999999999984424,-11.609999999999257,-0.030000000000007875,0.10272394574366678,26.99051207024044,0,182.39999999999998,0.0,0.0,1.5960000000003138
12086019902,0.075729497921913,Low,29.1015625,0.1154903458670062,0.6557214575244227,0.0204164775909569,0.0517135359379195,0.7833586363601225,0.7804688064772645,0.667140572702563,0.2105642141430554,0.9959257361442436,1.9,2.2,24.7,52.5,1.2,9.0,1.0,1170.15,397893.2125,False,120.0,120.0,0.0,0.0,0.0,0.0,0.0,0.0,0.0,0.0,0.0,0.0,-1.2699999999999985,0.14999999999997427,1.7000000000000095,-0.5499999999998649,1.0499999999998426,-0.7899999999999776,4146.199999999699,1499.3999999999094,-0.1699999999999899,-1.1300000000000952,1.459999999999874,-1.4299999999998845,135.09999999998874,-1044.4999999999864,0.7499999999999046,0.4000000000000318,0.8499999999999356,0.1700000000000275,-0.17000000000002333,-1.3100000000000644,4.589999999998475,-0.3999999999999136,0.30999999999997563,-11.849999999999444,-0.17999999999996816,0.10272394574366678,26.99051207024044,0,45.599999999999994,2.2,2.2,0.0
12086020002,0.0913538109685814,Moderate,43.75,0.1326953393914128,0.6884477735809105,0.1013702743731352,0.4716870597946931,0.6391992310410869,0.6936167136557508,0.6439096440685581,0.1640204044096904,0.9938262193444634,16.7,3.7,15.7,21.4,3.4,15.0,2.0,2230.7714285714287,359782.85714285716,False,120.0,120.0,0.0,0.0,0.0,0.0,0.0,0.0,0.0,0.0,0.0,0.0,0.8999999999999736,1.0499999999998044,1.0099999999996714,12.449999999998608,-2.7000000000001068,-0.42999999999996735,10734.399999999221,2883.0999999998426,-0.07999999999999992,-3.939999999999724,4.5299999999996725,0.12999999999993272,328.0999999999885,-482.50000000000614,0.5700000000000247,0.11000000000003625,0.9100000000001065,-0.7299999999998379,0.7299999999998353,-1.9899999999999236,2.0199999999990985,-0.35000000000018766,0.07000000000007797,-10.349999999999397,6.287462126715685e-16,0.10272394574366678,26.99051207024044,0,400.79999999999995,3.7,3.7,15.029999999999559
12086020100,0.1472376610388334,High,84.1796875,0.2194290097619155,0.6710036252662717,0.0956672056267614,0.4894668222054485,0.5764899119154583,0.640994169046883,0.6618073713412853,0.3431908138970696,0.9862598518222832,17.5,1.9,24.0,81.6,4.1,6.0,2.0,3704.085106382978,431869.6382978723,False,21.0,30.87263888888889,16.544398148148147,182.0,0.8333333333333334,10.333333333333334,0.9175824175824175,2.0,6.0,3.0,1.0,0.0,1.0100000000001108,0.20000000000000215,-0.060000000000005965,-1.019999999999999,8.489999999999595,-0.9599999999998453,-2607.800000000133,-53.300000000097526,-1.3999999999998662,-0.3900000000000619,1.9999999999998797,-2.1799999999998096,128.6999999999864,-94.99999999998985,0.5399999999999878,0.3599999999999516,1.5000000000000848,-0.2900000000000712,0.2900000000000776,0.5199999999999162,7.31999999999832,2.9899999999997564,-0.36999999999990774,-11.509999999999359,-0.4999999999999625,0.1001817313103186,28.015610532407408,6,130.47303240740743,0.010382513661202184,0.15659340659340668,17.67500000000194
12086020200,0.1336662463560141,High,76.3671875,0.1987820979256497,0.6724259767396619,0.1076685841026563,0.5203080929244288,0.6711146404864615,0.6651128010080305,0.5132571686097446,0.2898956117486431,0.9923371806696432,21.7,0.0,26.5,55.2,2.8,21.0,3.0,2712.462365591398,516019.376344086,False,21.558333333333348,28.634554398148147,16.189270833333335,536.0,4.0,33.333333333333336,1.2770522388059702,3.0,16.0,4.0,1.0,0.0,1.8999999999997053,-2.179999999999826,-2.0599999999999468,1.9299999999998718,0.8699999999997821,0.5199999999999111,6086.999999999679,1439.9999999999193,-0.6999999999999746,-1.709999999999747,2.809999999999737,-0.4399999999999685,112.79999999998893,307.9999999999701,-1.8099999999997958,1.4599999999997781,-0.9399999999999086,-3.809999999999766,3.809999999999765,0.00999999999989147,3.239999999998663,-0.3800000000000018,0.9000000000000192,-11.109999999999278,-0.12999999999999834,0.11745444432574471,28.42201710390946,11,169.49282291666663,0.0,-0.0,41.2299999999936
12086020300,0.1333679555896113,High,76.171875,0.1972551986798905,0.6761188373343883,0.0896752986833652,0.464649237173769,0.6268335842977271,0.6195149280705559,0.67870915886066,0.3048350986764159,0.9908872782692296,13.8,4.3,22.6,74.5,3.0,3.0,1.0,3796.821428571429,574405.7857142857,False,21.36388888888889,21.676666666666666,17.49138888888889,159.0,1.5,9.0,1.0849056603773586,1.0,3.0,2.0,1.0,0.0,-0.8899999999998953,0.5699999999999648,-0.990000000000012,-1.5800000000000112,0.5300000000000216,-1.0299999999999017,8398.499999999232,2171.9999999998076,-0.15999999999997974,-1.469999999999906,0.6999999999999094,-0.9699999999998379,187.89999999999043,-40.1000000000009,0.4799999999999872,-0.21000000000000715,1.1799999999999105,1.9099999999999056,-1.9099999999999073,-2.0099999999997333,7.749999999998046,2.1499999999998023,-0.5599999999999631,-13.659999999999044,-0.15999999999999312,0.12642368719948363,28.692826732322526,6,89.81883333333334,0.026875,-0.3650943396226419,0.0
12086490100,0.05996150361144,Low,15.8203125,0.1323745764232016,0.4529684266542473,0.0708808556774967,0.087421944692239,0.3604593937463102,0.2990598378401001,0.6318902610238785,0.1938682971689065,0.8860106959687089,12.9,3.1,18.1,39.0,1.6,10.0,4.0,36279.63157894737,1383228.4210526317,False,13.5,11.756798202614378,17.45236111111111,832.0,4.0,51.333333333333336,0.5817307692307693,4.0,10.0,6.0,0.5769230769230769,0.0,0.6999999999998204,-0.990000000000078,-5.729999999999654,4.239999999999615,-4.010000000000282,-0.20000000000002893,2695.799999999985,1646.0999999998755,-0.5000000000000264,1.549999999999978,0.3599999999999601,-0.699999999999954,75.49999999999898,-101.59999999999167,-2.1099999999998538,0.6499999999998757,-1.3199999999998995,-3.1399999999997443,3.1399999999997394,2.089999999999785,6.009999999997504,0.6999999999998965,-1.3099999999998524,-13.009999999999293,-0.6899999999999248,0.10990091377365765,20.207156558038914,5,84.46454166666669,0.003721488595438175,1.2966346153846153,9.029999999997683
