tract_geoid,equity_priority_score,equity_tier,equity_percentile,composite_need,composite_access_deficit,ind_1_transit_dependency,ind_2_temporal_mismatch,ind_3_structural_gap,ind_4_time_tax,ind_5_service_coverage,ind_6_economic_vulnerability,ind_7_multimodal_deficit,poverty_rate_pct,hh_no_vehicle_pct,snap_benefits_pct,rent_burden_50pct_plus,unemployment_rate_pct,stop_count,route_count,transit_jobs_30_mean,auto_jobs_30_mean,institutional_tract,headway_early_min,headway_peak_am_min,mean_service_span_hours,total_weekday_trips,freq_early_tph,freq_peak_am_tph,weekend_weekday_ratio,unique_routes,unique_stops,unique_headsigns,wheelchair_pct,rail_trip_share,trend_poverty_rate_pct,trend_hh_no_vehicle_pct,trend_snap_benefits_pct,trend_rent_burden_30pct_plus,trend_rent_burden_50pct_plus,trend_unemployment_rate_pct,trend_median_household_income,trend_per_capita_income,trend_commute_public_transit_pct,trend_commute_drove_alone_pct,trend_commute_wfh_pct,trend_mean_commute_time_min,trend_median_gross_rent,trend_total_population,trend_median_age,trend_under_18_pct,trend_age_65_plus_pct,trend_owner_occupied_pct,trend_no_health_insurance_pct,neighbor_mean_equity_score,neighbor_mean_headway_peak,n_neighbors,poverty_x_low_span,novehicle_x_low_service,novehicle_x_weekend_gap,rising_poverty_x_current
12086000107,0.1187797921547306,Moderate,65.8203125,0.2132084329992762,0.5571064450116466,0.1710447803097357,0.4491258871738736,0.406634144741251,0.3510084580351333,0.6232063032100097,0.2553720856888167,0.9555574318979652,16.9,18.9,5.6,67.9,3.8,8.0,5.0,19117.0,925571.0,False,9.015000000000002,16.660690476190474,14.483333333333334,561.0,5.5,25.333333333333332,0.7156862745098039,5.0,8.0,5.0,0.7397504456327986,0.0,1.880000000000839,2.348571428571399,0.9371428571432724,0.10000000000014017,-0.6200000000004912,0.7685714285718042,2022.0571428580909,2673.400000000908,0.8828571428575047,-5.774285714286776,3.274285714285744,-0.9571428571431617,125.37142857147354,109.22857142861871,-1.2800000000007354,1.691428571429157,-0.9628571428575976,1.0514285714293705,1.6314285714287569,0.0634017581929488,11.500692038397176,3,160.83166666666665,0.03362989323843416,5.373529411764705,31.772000000014177
12086000109,0.1052782637963104,Moderate,57.03125,0.1849068476471803,0.5693583830772525,0.1182412005695148,0.5110473309286482,0.4529253289927908,0.4140099761440034,0.5152512102118292,0.2515724947248457,0.9535580691089908,17.8,7.0,22.7,51.8,1.3,31.0,10.0,17153.043478260868,1055241.3152173914,False,21.50526315789473,23.47063602186447,15.989148745519712,2009.0,15.5,102.33333333333333,0.759581881533101,10.0,31.0,15.0,0.8068690890990543,0.0,-2.0571428571438464,-1.2542857142860038,-1.482857142856953,-1.4171428571435332,0.8142857142860704,-1.0085714285718994,6338.514285716764,2424.0571428579137,0.008571428571664404,-3.411428571429896,2.9057142857153,0.20285714285738077,210.31428571436751,155.60000000004382,-1.1742857142861047,-0.022857142857019556,0.6942857142859221,-0.560000000000278,-0.36857142857170644,0.1129855532576876,30.548447281853424,6,142.59315232974913,0.0034825870646766166,1.6829268292682928,0.0
12086000141,0.0702057320201025,Low,23.4375,0.1352340166126787,0.5191425484401424,0.0760342282311685,0.4964196086734677,0.3824118556502999,0.3001405656361197,0.5326217793202597,0.1944338049941888,0.8841189329205648,13.4,3.8,9.8,45.0,2.9,14.0,10.0,27267.31111111111,1164669.1555555556,False,120.0,120.0,0.0,0.0,0.0,0.0,0.0,0.0,0.0,0.0,0.0,0.0,2.017142857143816,-0.12857142857129167,1.139999999999812,2.9828571428579695,-1.4371428571429767,-1.1657142857147553,6444.25714285781,2807.285714286385,-0.35142857142894923,-6.011428571430853,5.817142857144645,-1.162857142857312,120.48571428574877,-756.9142857141189,-2.4742857142859167,3.4028571428579695,-2.1999999999994775,-1.2742857142836925,2.0114285714296543,0.10272394574366678,26.99051207024044,0,321.6,3.8,3.8,27.029714285727138
12086000115,0.0702436545259182,Low,23.6328125,0.1443098404323795,0.4867558186985375,0.0793433750524981,0.0526773256478876,0.3873786066525451,0.3700089158774909,0.6734941848058045,0.2092763058122609,0.9502200605089598,6.2,10.5,5.3,52.5,8.7,3.0,2.0,20043.333333333332,878397.2380952381,False,120.0,18.288888888888877,12.015740740740739,86.0,0.0,3.0,0.5348837209302325,2.0,3.0,2.0,0.0,0.0,0.502857142857355,1.337142857142902,0.8228571428573666,-1.28285714285765,1.757142857144034,0.8228571428573594,7673.400000002396,4698.20000000147,-1.1428571428572707,-3.9085714285731115,1.9942857142863597,-0.7742857142860685,137.11428571431847,-208.08571428576772,1.4971428571431382,-0.22285714285734828,0.48285714285722064,4.428571428573246,-0.8142857142862846,0.0737995711299207,16.8814947786132,1,74.30240740740742,0.12068965517241378,4.883720930232559,3.1177142857156013
12086000118,0.0573104849699577,Low,14.453125,0.1252723882772109,0.4574869670652191,0.0932721667353004,0.0,0.3922125165560486,0.3300079519988433,0.6324926994181997,0.1572726098191214,0.932721667353004,5.5,14.5,0.0,46.8,4.6,4.0,5.0,23651.666666666668,1062784.0,False,120.0,9.015277777777778,16.37673611111111,501.0,0.0,20.0,0.7485029940119761,5.0,4.0,5.0,0.872255489021956,0.0,-1.2942857142857762,-0.1914285714286112,-0.4742857142858649,1.3000000000006167,-4.085714285714136,-0.5542857142860242,7626.571428577255,-3163.7428571401465,1.425714285715049,-6.1685714285732915,3.95142857142905,0.3685714285714511,13.800000000043015,29.02857142857242,-0.6000000000002769,-0.5085714285715495,1.434285714286136,-0.2742857142857153,0.83428571428561,0.09530997655257412,16.991442207165285,5,41.92795138888889,0.02888446215139442,3.646706586826347,0.0
12086000144,0.0647825531349871,Low,17.96875,0.1243816814317969,0.5208367694442997,0.051416588324253,0.3202756338155632,0.4187576628801848,0.3510084580351333,0.6199405564166498,0.1973467745393408,0.8942015360739668,8.3,3.2,3.6,57.4,3.7,6.0,6.0,21516.791666666668,1109200.8333333333,False,120.0,120.0,0.0,0.0,0.0,0.0,0.0,0.0,0.0,0.0,0.0,0.0,0.7857142857148712,-0.6285714285708999,-0.12571428571427248,0.5257142857141293,-2.9257142857149407,-0.8628571428578324,6421.200000001978,-1651.2285714286288,-0.17142857142854964,-9.597142857146384,5.511428571430537,-4.211428571430533,207.62857142862924,-416.5999999999631,-1.4371428571427978,2.651428571428773,-2.334285714285478,-3.9828571428582675,-0.6628571428570317,0.10272394574366678,26.99051207024044,0,199.20000000000002,3.2,3.2,6.5214285714334315
12086000120,0.0901145076925001,Moderate,43.359375,0.174028171200961,0.5178156333576558,0.1015658117270407,0.0787543105169957,0.5053288283997298,0.4356104966384732,0.6157149375519464,0.2464905306748812,0.953669593681134,11.7,9.6,4.2,62.4,8.5,13.0,5.0,13958.0,1126132.0857142855,False,29.792708333333334,32.88846153846154,16.010042735042735,738.0,4.0,34.666666666666664,0.6205962059620597,5.0,13.0,5.0,0.8211382113821138,0.0,0.5400000000000555,0.16285714285677272,-0.9885714285716528,-1.8600000000002717,7.042857142860344,-0.23142857142889728,-1613.2285714291543,78.05714285691992,0.12857142857159262,-3.291428571429495,3.494285714286458,0.6685714285717428,140.17142857148318,-79.08571428574,-0.03714285714284841,-0.534285714285872,0.6371428571431574,0.5999999999994939,-2.465714285714957,0.1203951333613134,25.054920235946753,4,93.4825,0.012990527740189446,3.642276422764227,6.31800000000065
12086000121,0.0736394773034342,Low,26.3671875,0.1472494954146216,0.5001000315558428,0.0692717851377184,0.0346281728975751,0.4677502051267864,0.4140099761440034,0.660488001774603,0.2252272056915248,0.9236238018362464,13.1,1.9,1.7,65.9,3.2,5.0,3.0,15797.75,1049346.0,False,120.0,56.39333333333334,14.0,87.0,0.0,3.6666666666666665,0.5114942528735632,3.0,5.0,3.0,0.0,0.0,1.3857142857146911,-0.5057142857145194,-0.37142857142867886,-1.3885714285721626,10.180000000004528,0.04571428571445794,-5146.314285716203,-3510.771428572142,0.0,-5.36285714285902,3.4285714285725097,-1.1657142857142586,51.02857142862276,86.9428571428728,-0.45428571428554876,0.0371428571422787,0.06857142857141911,-1.9657142857148415,0.06285714285710625,0.0519319594144443,60.0,3,131.0,0.02159090909090909,0.9281609195402298,18.15285714286245
12086000122,0.0519319594144443,Low,11.1328125,0.1013823175165288,0.5122388271108281,0.0399252953582555,0.1150758251561106,0.4561562059104795,0.3881631994839541,0.6839760232046185,0.1628393396748022,0.9178228817989778,1.7,7.0,4.6,55.8,1.1,3.0,1.0,16351.23076923077,1022871.6153846154,False,120.0,60.0,14.0,42.0,0.0,2.0,0.5,1.0,3.0,1.0,0.0,0.0,-2.0628571428577285,-0.299999999999844,0.7742857142858504,-1.1657142857146514,-2.434285714287747,0.0028571428572205194,5676.400000001595,2476.3142857150447,0.6628571428576051,-0.37428571428595875,3.0542857142866437,0.45142857142871157,161.28571428576208,-133.5428571428867,-0.05714285714287761,-0.9685714285719119,0.49714285714314793,0.48857142857170227,0.07428571428572617,0.08412230908085616,39.022913042088675,4,17.0,0.16279069767441862,3.5,0.0
12086000123,0.0737995711299207,Low,26.7578125,0.1411921329355327,0.5226889742052208,0.0867738396837326,0.3575361104353076,0.388933289833315,0.3423611908437198,0.5814203703079723,0.1956104261873328,0.9431939096057894,14.7,3.7,3.3,50.8,3.0,23.0,5.0,21925.970588235297,968664.4411764706,False,27.0,16.8814947786132,15.63542270531401,1552.0,11.166666666666666,72.0,0.7387242268041238,5.0,23.0,7.0,0.7873711340206185,0.0,-1.0857142857147912,-0.6600000000001468,-0.748571428571596,4.908571428573442,-0.9828571428571818,0.24000000000013355,1805.0000000014518,4070.2285714298755,0.6771428571431354,-5.017142857144559,5.111428571430333,-1.3542857142859488,33.54285714286788,56.48571428575325,-1.2885714285721528,1.5657142857149056,-0.874285714286394,-0.9857142857145992,-0.48000000000005144,0.0983729851750565,20.3662037037037,3,122.95928623188405,0.0023824855119124275,0.9667203608247422,0.0
12086000124,0.1182807996552883,Moderate,65.625,0.2114134278852361,0.5594762870005399,0.1118559486696068,0.5790736778950528,0.4132362755976466,0.2954188832331891,0.5890275063458903,0.3109709071008654,0.9206250919309203,11.8,12.5,38.8,53.4,7.0,16.0,7.0,26024.58823529412,1303795.4705882352,False,22.64714285714286,29.516666255517357,15.604288194444445,869.0,5.333333333333333,51.666666666666664,0.4557321225879682,7.0,16.0,8.0,0.604994324631101,0.0,0.19714285714305219,-0.5600000000000547,0.6657142857139062,-0.6171428571434024,2.3228571428585933,0.22285714285704147,2268.4000000005835,375.00000000009845,-1.6885714285720173,0.9428571428574594,-0.13142857142844624,-0.5228571428572956,112.60000000003599,-57.74285714290938,1.5600000000001684,1.285714285714884,1.2142857142858468,-0.3000000000000571,-0.3571428571430012,0.12253155021770279,28.21693117935307,7,99.06939930555555,0.014367816091954023,6.803348467650397,2.326285714288016
12086000125,0.104775897157115,Moderate,56.640625,0.1825526137349307,0.5739490386549673,0.112340521355196,0.4754850841594317,0.4302978947995445,0.3780091086532205,0.64191511108116,0.2527647061146655,0.9440379945814796,12.7,11.1,4.9,67.7,6.2,4.0,4.0,17486.85714285714,956921.7142857144,False,30.5,22.83462962962963,16.082708333333333,245.0,2.8333333333333335,13.333333333333334,0.8163265306122449,4.0,4.0,4.0,0.8693877551020408,0.0,-0.3512451895698774,-0.14248184974942388,1.0255906095771614,-0.077616238221523,-1.3778804468816763,0.9541748322316153,2159.1640447239783,230.338204722838,0.3715010712335792,-3.0692281915102084,3.0887420163486654,0.5027078785527157,200.61317790575438,224.6532619852192,-0.8683453997680899,1.1715053359276675,0.4262047255705159,-3.256447711956447,0.008584222654926334,0.08028395778975175,15.332002368163764,4,100.54960416666667,0.0451219512195122,2.0387755102040814,0.0
12086000126,0.1200994038421363,Moderate,67.3828125,0.2272016556374717,0.5286026789953053,0.1853291352709715,0.3459958196865417,0.3939193564749946,0.3468083568278753,0.6155328301547722,0.2690741760039719,0.9407570318323428,23.8,15.6,12.6,61.8,1.7,12.0,4.0,20414.4,925455.0,False,9.0,19.975092592592585,17.396828703703704,1007.0,5.5,43.666666666666664,0.7497517378351539,4.0,12.0,5.0,0.8033763654419066,0.0,2.59714285714376,-2.5742857142860314,-0.4599999999999361,0.8171428571432714,0.9314285714281119,-1.0057142857145724,831.2000000003927,8529.400000003194,-0.3000000000002966,-2.4885714285722447,2.1400000000007875,-2.897142857144093,97.89999999999655,-119.17142857145528,1.4057142857148437,-2.0400000000008847,3.7571428571440806,2.9400000000011444,-1.728571428571989,0.07862865108566446,16.243800728673538,3,157.15547685185183,0.015476190476190475,3.903872889771599,61.812000000021484
12086000127,0.1021283546868589,Moderate,54.296875,0.1583467208503624,0.6449666537987243,0.1238859086675394,0.5391019922688076,0.556521865778449,0.4770114942528735,0.6843392552283398,0.1928075330331855,0.9678586614651518,18.0,7.6,8.6,42.0,2.0,3.0,1.0,8978.75,944099.0,False,120.0,120.0,10.416666666666666,24.0,0.0,1.0,0.5,1.0,3.0,1.0,0.0,0.0,0.9828571428575016,0.10857142857138416,-0.3657142857143277,3.5114285714298026,-9.797142857146317,-0.2771428571429563,5438.428571430642,1062.2000000005194,0.728571428571757,-7.28857142857392,3.580000000001185,0.84857142857174,94.54285714288858,118.25714285718492,0.9914285714287338,-0.10857142857148881,-0.005714285714417801,3.965714285715036,1.9885714285720462,0.07043951447158431,69.43064914891396,2,244.5,0.304,3.8,17.69142857143503
12086000128,0.0556152019407659,Low,13.4765625,0.119389957897936,0.4658281393172968,0.0714714710354826,0.0722987288135593,0.4065275657710259,0.337883141762452,0.5781636650043803,0.1673084447603895,0.9342675952350666,8.7,6.6,3.0,46.8,3.1,13.0,7.0,25015.8125,1210500.90625,False,27.489444444444437,18.861298297827904,17.1033547008547,784.0,6.666666666666667,44.0,0.8731435643564357,7.0,13.0,12.0,0.8935643564356436,0.0,1.1685714285720348,0.2571428571428429,-0.2600000000000775,-0.6342857142861451,7.017142857145585,-0.6571428571432435,3493.400000000997,2143.7428571433597,0.7171428571429603,-8.714285714287678,4.580000000000625,-0.2942857142859784,204.1142857143497,213.057142857188,0.2314285714284084,0.6228571428570847,-0.10000000000028697,0.7314285714279366,-0.8200000000002697,0.11529879071563638,48.42414769336063,7,60.00081410256409,0.00840764331210191,0.8372524752475243,10.166571428576702
12086000129,0.0852638270024027,Low,37.5,0.1305554335657489,0.6530852425951544,0.038642389422551,0.1091724898404202,0.6426606031071566,0.5591043814856437,0.988429002978776,0.2224684777089469,0.9660597355637756,2.1,5.9,1.8,75.2,4.5,0.0,0.0,5908.272727272727,970116.6363636364,False,120.0,120.0,0.0,0.0,0.0,0.0,0.0,0.0,0.0,0.0,0.0,0.0,-1.117142857143225,0.08571428571427647,0.18285714285718194,-2.331428571429089,2.0000000000006923,1.005714285714502,10188.14285714703,3889.1714285732915,0.0,2.3857142857143088,0.8800000000004926,-0.7428571428573607,90.85714285719486,-31.82857142859121,0.26571428571432953,-0.5342857142858873,0.7742857142858834,-1.8400000000004617,0.008571428571337471,0.09536225747337868,74.26679629457732,3,50.400000000000006,5.9,5.9,0.0
12086000130,0.0629684183918964,Low,17.1875,0.1156883838719935,0.5442933532684622,0.0647987270547755,0.3624673367919374,0.4319509726742551,0.3502843026545716,0.6167830126693173,0.1665780406892116,0.9599811415522296,9.8,3.7,3.6,46.6,2.1,13.0,4.0,17241.51724137931,951600.6896551724,False,9.048,10.030654013742248,18.391410256410257,1736.0,8.833333333333334,77.33333333333333,0.7266705069124424,4.0,13.0,5.0,0.9567972350230415,0.0,1.351428571429153,-0.7228571428573571,0.20571428571433753,3.494285714286764,-0.2057142857143422,-0.40571428571444146,5402.94285714485,8272.25714285901,-0.48857142857148755,-0.2514285714290138,1.928571428572137,-0.6142857142855733,155.68571428577164,133.65714285720372,0.8028571428572512,0.028571428571353964,0.8457142857144391,3.157142857143891,-1.0057142857145926,0.08200554944722686,13.710704192546581,3,54.964179487179486,0.0021301093839953948,1.0113191244239632,13.2440000000057
12086000131,0.0813318406489167,Low,33.0078125,0.1486266373999974,0.54722250379674,0.0734620569445848,0.4310132209125585,0.41808974756857,0.3400881948962626,0.6286456437989981,0.22379121785541,0.9182757118073108,13.4,2.6,2.7,61.6,4.3,7.0,5.0,23560.28,1210353.56,False,23.361111111111125,52.625563909774435,13.036984126984127,213.0,0.6666666666666666,11.333333333333334,0.687793427230047,5.0,7.0,5.0,0.6291079812206573,0.0,1.4657142857147798,-1.431428571428974,-0.4714285714286498,-1.9028571428573378,3.9285714285729494,-0.9457142857147899,8345.942857146221,2202.771428571808,-0.22285714285722047,-3.1942857142870653,5.2914285714303935,-1.454285714286191,137.4857142857591,236.3714285714976,0.4885714285715031,1.1228571428574592,0.10571428571409082,1.002857142857455,0.6371428571429993,0.09394520204338155,85.08741248697876,3,146.9044126984127,0.012149532710280374,0.8117370892018778,19.64057142857805
12086000132,0.1026265770843604,Moderate,54.4921875,0.1896804053318534,0.5410499672056855,0.1470944181922265,0.5080272823991125,0.3892967821690375,0.3125075303019349,0.5760781274569265,0.2322663924714803,0.919340113701416,17.5,14.5,10.3,52.6,3.9,28.0,5.0,27930.291666666668,1236251.4166666667,False,15.322457264957265,50.17482497395753,13.326944444444445,991.0,8.0,57.666666666666664,0.7023208879919274,5.0,28.0,8.0,0.6791120080726539,0.0,-0.4086289010182927,-1.6590763913632018,1.6736157076923124,-0.05805215180583176,-0.5071549298220879,-0.03721464356363615,4824.344794403412,1896.9265905354757,-0.000239288069270076,-2.3369418118552665,1.1760803748052846,2.564685347017539,153.5275896978819,245.34811714941938,-1.6555492419118791,0.8446853470166893,-2.862909916163386,0.42913610510453476,1.7839196251951772,0.08527498652743075,55.899152420587455,5,186.7784722222222,0.014616935483870967,4.316347124117053,0.0
12086000145,0.0373208088105792,Low,5.6640625,0.0711897275267052,0.5242442991031141,0.0476622823104431,0.1608477652342428,0.4713516317058221,0.394409503843466,0.6600580396253117,0.0947171727429674,0.9345545551067276,8.5,1.7,2.9,20.8,1.8,10.0,2.0,15528.75,1050879.0,False,120.0,120.0,0.0,0.0,0.0,0.0,0.0,0.0,0.0,0.0,0.0,0.0,1.0200000000003846,0.4428571428573813,-0.4885714285719244,2.6114285714301713,8.834285714290255,-0.7600000000003168,6948.914285713355,-2130.5428571430366,-0.41714285714297006,-6.325714285715469,5.3828571428579375,0.02285714285729527,113.85714285711602,-512.6571428570788,-1.6742857142857104,2.917142857143147,-1.7428571428566269,1.3657142857140006,0.9542857142855822,0.10272394574366678,26.99051207024044,0,204.0,1.7,1.7,8.670000000003268
12086000134,0.0946051408582781,Moderate,46.484375,0.2020863497237363,0.4681421629299002,0.1386026555536752,0.4510041442965724,0.3614546468718865,0.2050818648086051,0.4622840993328391,0.2655700438937973,0.8608860593395977,19.5,12.7,14.4,63.8,1.6,22.0,14.0,34592.1282051282,1325698.435897436,False,8.375170068027211,21.65249275084402,16.351982323232324,2794.0,21.0,153.0,0.7122175141242938,14.0,22.0,23.0,0.7846045197740112,0.0,-0.754285714286153,-1.1514285714293029,1.4800000000001752,0.7485714285720261,-2.725714285715287,0.3657142857147259,3895.6571428583675,1491.0857142862747,1.0028571428572186,-4.494285714287172,4.437142857144506,-1.3085714285717687,97.40000000003299,66.91428571429692,-0.3885714285716211,1.028571428571722,-0.2657142857141917,-1.0800000000002128,1.1485714285711806,0.0573736495136212,36.241035914702586,6,149.13634469696967,0.004543828264758497,3.6548375706214684,0.0
12086000140,0.0699263712169923,Low,23.046875,0.1451274678278041,0.4818272671852927,0.0748828877673625,0.0634247756946645,0.4225476147804211,0.3580086267138967,0.6172706634544106,0.2153720478882457,0.94788465528307,12.0,3.8,9.8,47.2,6.7,11.0,5.0,18458.555555555555,970391.0,False,24.920454545454547,15.456144323671499,11.352070707070707,468.0,5.0,23.0,0.7628205128205128,5.0,11.0,5.0,0.7905982905982906,0.0,0.6057142857144747,0.7971428571432065,1.3800000000005506,0.49428571428588325,0.5857142857144814,0.474285714285759,2960.8857142864595,409.57142857173284,0.14571428571437978,-2.3028571428583624,2.945714285715456,1.9628571428574615,69.91428571431626,-125.22857142857738,-0.7628571428572111,0.5371428571432915,-0.2914285714285745,0.9571428571430757,-0.4485714285712586,0.08595864816842491,14.635312974335033,4,151.77515151515152,0.00810234541577825,0.9012820512820514,7.268571428573697
12086000222,0.0920451022028491,Moderate,44.53125,0.1649915267782693,0.5578777528772599,0.0906131569157118,0.4286525597854769,0.4970330988926189,0.3686637507205099,0.5704153048273692,0.2393698966408268,0.9246240501603252,13.4,6.2,22.9,49.5,2.5,23.0,7.0,19183.433628318584,1482692.8938053097,False,120.0,120.0,0.0,0.0,0.0,0.0,0.0,0.0,0.0,0.0,0.0,0.0,-2.214285714286509,1.077142857143516,-0.7885714285716557,-2.0800000000029804,-1.1771428571427196,-1.5257142857150552,5433.057142859056,2200.000000000753,1.1342857142863987,-3.1342857142862335,0.48000000000037546,-0.7514285714290784,113.80000000004202,-441.8285714285519,1.5371428571438113,-2.1314285714296473,2.02571428571541,2.657142857143467,-1.9771428571436858,0.10272394574366678,26.99051207024044,0,321.6,6.2,6.2,0.0
12086000204,0.1241906410166592,Moderate,69.7265625,0.2158228580955505,0.5754285811638948,0.1369915677194853,0.3825195757755971,0.5783314368376842,0.4055533965320745,0.5626999657434238,0.2946541484716157,0.9480385309306946,23.4,5.5,22.7,65.0,0.0,21.0,8.0,14218.322147651006,1673624.9597315437,False,17.878431372549016,21.093079146324765,17.225158730158732,1873.0,9.666666666666666,74.33333333333333,0.7311799252536039,8.0,21.0,10.0,0.8142018152696209,0.0,2.1628571428576753,-0.19714285714301688,0.017142857143026016,-0.8571428571427483,-0.34857142857206935,-1.488571428571974,-1215.342857143651,1120.5428571431157,-0.14571428571444775,-3.6171428571439375,1.6857142857148344,1.0057142857146022,89.28571428575553,-226.20000000004853,1.9228571428580696,-0.10000000000041975,2.011428571429416,-0.18285714285686666,-3.6600000000007786,0.11375448976853839,17.504293892229175,8,158.53128571428567,0.002934898612593383,1.4785104111051788,50.6108571428696
12086000206,0.1362685449069848,High,77.734375,0.2460405089639623,0.5538459722782646,0.1592446312111582,0.4837942313410646,0.4636550013695002,0.3414257028535253,0.5408585764988656,0.3328363867167665,0.9394963493283672,19.4,14.5,30.9,72.4,1.8,30.0,9.0,21729.59223300971,1413099.5145631067,False,26.435714285714294,33.00934126984127,14.58227777777778,1008.0,3.6666666666666665,54.0,0.6284722222222222,9.0,30.0,11.0,0.5327380952380952,0.0,-0.6228571428567897,0.2828571428571003,-0.057142857143031196,1.1400000000002979,2.4285714285720146,-1.060000000000263,1670.7142857146428,941.685714286076,-0.6142857142855739,-3.4400000000005018,2.1742857142859355,0.1742857142858051,93.3428571428849,148.14285714289286,-0.1485714285715759,0.7971428571427321,0.5800000000001109,1.0771428571432677,-1.0485714285711445,0.09869363922998987,20.661422038511027,7,182.70381111111107,0.014370664023785926,5.387152777777778,0.0
12086000224,0.1363586399057405,High,77.9296875,0.2389532352100954,0.57064990053744,0.1964976764276607,0.5289670622558704,0.4610815662175213,0.3384081544133593,0.5800923523597726,0.2814087939925301,0.9447003674406768,20.7,20.9,18.2,63.1,2.3,22.0,7.0,20637.85714285714,1324350.7571428572,False,120.0,120.0,0.0,0.0,0.0,0.0,0.0,0.0,0.0,0.0,0.0,0.0,-2.102857142858014,0.6914285714287199,-3.8657142857155655,-0.6457142857144782,-1.0942857142865539,-2.2400000000007916,4192.285714287646,2926.800000000976,-2.148571428571786,0.44285714285659317,0.9057142857148788,-1.185714285714709,131.20000000004723,-698.6285714285053,0.2200000000001113,-0.47428571428556443,-0.557142857142776,-1.31999999999964,-3.02857142857279,0.10272394574366678,26.99051207024044,0,496.79999999999995,20.9,20.9,0.0
12086000211,0.1188890765176377,Moderate,66.2109375,0.2234001261879605,0.5321799881957493,0.1250873967966695,0.3502462232472459,0.4271173328641544,0.3260703571170389,0.634311807848687,0.3217128555792514,0.9231542199016204,17.1,10.0,17.4,77.8,5.5,10.0,4.0,26207.765625,1410742.09375,False,1.8899999999999977,32.109747474747465,18.34755555555555,636.0,2.5,28.0,0.6564465408805031,4.0,10.0,4.0,0.7720125786163522,0.0,0.8371428571432654,-0.04571428571443294,1.0714285714284795,-0.6828571428573948,2.462857142857421,-1.0000000000004707,2002.685714286625,1291.1142857146453,0.9714285714288855,-2.6400000000010198,1.922857142857831,-0.7314285714292222,122.42857142860412,-37.31428571428935,1.2457142857147536,-0.39428571428557946,0.8657142857146248,-0.2799999999999722,0.8200000000004533,0.09037822661124081,31.514621025578233,6,96.65680000000008,0.015698587127158558,3.4355345911949686,14.31514285714984
12086000212,0.1266019273016661,High,71.09375,0.2266999891525584,0.5584558154366256,0.1354266254508915,0.5126879543988329,0.4296410658739975,0.3274624361156566,0.6135840942785902,0.3179733528542252,0.9089035265160506,14.8,15.0,31.6,55.5,9.4,15.0,5.0,24579.030303030304,1340458.696969697,False,24.259333333333338,31.780336419753077,17.49787037037037,576.0,6.166666666666667,31.0,0.6354166666666666,5.0,15.0,6.0,0.6875,0.0,-1.0742857142860758,0.5371428571430982,2.637142857143545,-0.2771428571429769,-0.8714285714288161,-1.3371428571433766,2899.5428571439134,700.0857142863449,0.0771428571431645,1.1657142857144818,1.074285714285926,-1.1857142857147223,67.00000000002257,61.11428571432392,1.0400000000002814,0.5857142857146599,1.011428571428918,-0.8085714285712828,-2.122857142857822,0.0872521392292018,25.485522886287683,4,96.23151851851851,0.025996533795493933,5.468750000000001,0.0
12086000213,0.0783538885329905,Low,31.0546875,0.1558975329224762,0.5025986432508456,0.0532425044331293,0.074902028661332,0.5335994430689383,0.3909957229535486,0.5711508103645798,0.2585525614118231,0.9423452112058288,4.1,7.2,27.8,48.1,9.7,15.0,8.0,17409.945205479453,1625886.5753424657,False,24.830736531986535,15.151778577251777,18.140666666666668,1020.0,12.5,58.666666666666664,0.7225490196078431,8.0,15.0,13.0,0.9333333333333333,0.0,-2.131428571429319,-0.8000000000003887,3.260000000001513,1.4142857142864997,-3.648571428572304,1.5828571428575735,11076.257142860808,2053.8571428577075,-1.0742857142861792,-2.9914285714288518,1.1828571428573893,-1.2571428571434415,125.4857142857562,221.17142857151472,-0.9257142857146243,0.6028571428574212,0.07999999999995175,0.6257142857149017,-1.2314285714289563,0.12510177649302068,26.06815822428358,9,24.023266666666657,0.007051909892262488,1.9976470588235296,0.0
12086000226,0.1372372649156435,High,78.7109375,0.2545277328651402,0.5391839363467625,0.158878641429591,0.4514060909408411,0.4772991375609803,0.3557685727366924,0.4957188405552933,0.3501768243006894,0.9157270399400058,15.8,18.9,18.1,84.4,8.2,31.0,11.0,21306.6,1486945.2133333334,False,120.0,120.0,0.0,0.0,0.0,0.0,0.0,0.0,0.0,0.0,0.0,0.0,0.6400000000010756,0.8571428571434371,-1.1314285714287347,-1.3142857142855469,6.700000000001508,0.7371428571427415,3380.857142856187,2408.4000000005517,-1.2428571428569846,-2.5514285714288736,2.580000000000111,-2.7142857142862504,293.3918918918846,-655.371428571381,1.3057142857146413,-0.7200000000008135,2.314285714286044,6.22285714285622,0.3971428571438311,0.10272394574366678,26.99051207024044,0,379.20000000000005,18.9,18.9,10.112000000016995
12086000215,0.1445314470216388,High,82.8125,0.2495091730214515,0.5792630598363321,0.1396901016819583,0.3296028978455383,0.5612881095476909,0.4159191130563934,0.6227916722824988,0.3593282443609447,0.9667135064495388,18.5,10.4,17.2,73.4,14.2,9.0,5.0,14283.25,1539355.3636363635,False,51.666666666666664,17.95826619016678,19.02996913580247,636.0,4.0,27.0,0.7389937106918238,5.0,9.0,6.0,0.9779874213836478,0.0,-0.2542857142857442,-0.7457142857139687,-3.8914285714289676,0.328571428571976,3.154285714285744,0.9428571428569432,7190.5714285739305,4070.7714285718775,-1.8457142857140907,-0.5142857142864962,1.3800000000002075,-0.8457142857144216,140.34285714289504,232.600000000017,0.11999999999988066,0.15428571428593799,-0.765714285714464,-0.1885714285717199,-1.920000000000282,0.10704067965446974,22.902421659400694,7,91.94557098765429,0.0163265306122449,2.714465408805032,0.0
12086000216,0.0893496441612444,Moderate,41.9921875,0.1759817347970231,0.5077211238103777,0.0936956034644862,0.0561998215878679,0.5362996740262672,0.3941549522551473,0.5958735848102972,0.25826786612956,0.9560775863723086,6.9,12.7,17.8,69.6,2.9,9.0,6.0,16047.272727272728,1519713.5818181818,False,20.761190476190478,22.35548764418496,17.321604938271605,668.0,7.166666666666667,38.0,0.7881736526946108,6.0,9.0,13.0,0.9146706586826348,0.0,-1.5571428571429422,2.7600000000011398,-1.9485714285723421,-0.9314285714282869,-0.5657142857153257,-0.23999999999980276,3643.4285714298253,1174.3714285718443,-0.17714285714278064,0.11999999999978031,0.5600000000002732,-1.3485714285718238,94.94285714285465,-96.94285714289937,0.84571428571454,0.5400000000002081,1.7000000000006248,-2.4514285714292825,-0.834285714285917,0.11971796015387137,22.039795345753276,5,46.080925925925925,0.01898355754857997,2.6901946107784425,0.0
12086000227,0.1422209063776659,High,81.25,0.2360723901749867,0.6024461660774724,0.1780541797158266,0.4964196086734677,0.5310150360293031,0.3922316735878507,0.6275012074039131,0.2940906006341469,0.9650633046928272,15.7,21.2,37.1,55.4,1.4,10.0,4.0,15473.018518518518,1425806.148148148,False,120.0,120.0,0.0,0.0,0.0,0.0,0.0,0.0,0.0,0.0,0.0,0.0,-1.7771428571431764,2.080000000000421,1.2342857142857198,0.8657142857140944,-3.3200000000002245,-1.1714285714285846,2583.7428571432224,2624.114285714925,-1.2857142857142783,1.4314285714287067,1.3885714285717883,0.3371428571432669,20.97142857143656,-583.2571428571352,2.0142857142861113,-1.794285714286052,0.3428571428570323,3.8428571428581435,-2.5314285714291462,0.10272394574366678,26.99051207024044,0,376.79999999999995,21.2,21.2,0.0
12086000218,0.14616896830607,High,83.59375,0.2491875946122436,0.5865820428722422,0.148615494224318,0.4816038249676887,0.5018217418903324,0.365547269906411,0.634317606195386,0.3497596950001692,0.9496197714013932,22.3,9.0,38.4,61.3,4.8,13.0,3.0,18519.53846153846,1467288.6153846155,False,37.0,36.26786935286935,15.587884615384613,417.0,3.8333333333333335,24.0,0.5443645083932853,3.0,13.0,5.0,0.7985611510791367,0.0,-0.9714285714295873,0.5514285714287969,0.8857142857148013,0.751428571428848,-0.25142857142904235,-1.7542857142863173,3641.22857143025,1372.971428571883,-0.9114285714290224,1.4057142857144715,0.08285714285715724,-0.9714285714289762,125.02857142861436,-216.74285714290428,1.2885714285714707,-1.0828571428574625,2.131428571429135,1.9657142857146042,-0.9914285714291384,0.1604586885289915,34.56075715034944,5,187.59017307692312,0.021531100478468897,4.100719424460432,0.0
12086000219,0.1149899308744631,Moderate,63.28125,0.2026219407479063,0.5675097694258529,0.1247363811855095,0.5408601863037495,0.4681880616173529,0.3300079519988433,0.5745194532425815,0.2805075003103032,0.923973193966737,15.3,11.7,28.3,58.4,2.2,24.0,6.0,22132.797101449276,1473478.0869565215,False,27.169642857142854,24.081630858361862,16.57146990740741,1631.0,8.5,95.33333333333333,0.4347026364193746,6.0,24.0,11.0,0.6462293071735132,0.0,-2.7914285714283604,-2.1000000000004007,-0.16285714285739458,-0.11714285714287334,0.17428571428596593,-1.1628571428573051,3439.971428572274,1307.8857142860295,-0.9714285714289164,-1.1542857142857526,1.645714285714415,-0.03142857142860372,76.54285714288099,-99.9428571428772,0.8857142857146773,-0.23428571428589443,1.1828571428576444,0.4771428571432049,-2.5800000000007066,0.12653030876256136,33.62591469889472,5,113.65651041666666,0.007169117647058823,6.6139791538933155,0.0
12086000220,0.1646487120928989,Critical,91.796875,0.2903810515608275,0.5670091461129968,0.1535565893159839,0.5175934185746853,0.4725672977550589,0.3311910790994793,0.5802192280477121,0.4272055138056712,0.9334747070880484,26.5,6.4,35.4,90.1,5.0,25.0,6.0,20991.943661971833,1429554.0563380283,False,36.0,38.46646904761904,15.165922222222223,725.0,4.166666666666667,43.666666666666664,0.4482758620689655,6.0,25.0,10.0,0.6620689655172414,0.0,0.25142857142815006,-1.5828571428574005,0.6085714285712684,-1.8057142857144233,4.880000000000678,0.434285714286075,801.2000000003026,93.00000000003912,-1.322857142857407,2.3942857142856586,0.7600000000002817,-0.048571428571605464,101.08571428574585,139.62857142856,-0.3371428571427574,0.8971428571427431,-0.12285714285716953,-0.6428571428578626,-2.268571428571833,0.12819732551944318,28.798369548338577,8,234.1030611111111,0.00881542699724518,3.5310344827586206,6.662857142845977
12086000312,0.1934897016824477,Critical,96.09375,0.3044808895715883,0.6354740422451217,0.1918597187299655,0.5671566536089672,0.5878519003502257,0.4225816112608565,0.638077195228789,0.417102060413211,0.9617028507767696,23.6,16.3,17.5,82.0,18.1,8.0,4.0,13570.683673469388,1678049.969387755,False,120.0,120.0,0.0,0.0,0.0,0.0,0.0,0.0,0.0,0.0,0.0,0.0,3.1485714285727466,2.5142857142868973,-2.074285714285877,-4.1914285714298405,6.0142857142877375,1.45142857142882,-3139.42857142907,1145.7428571431087,-1.4428571428568937,-1.5885714285724457,2.922857142858275,-0.502857142856808,69.40000000002549,-649.0285714284764,1.2200000000004068,0.12857142857121287,1.0457142857145276,-3.6085714285705555,-0.4571428571429576,0.10272394574366678,26.99051207024044,0,566.4000000000001,16.3,16.3,74.30628571431683
12086000302,0.1309541703102358,High,74.4140625,0.2076270242356492,0.6307183315482455,0.0653438671413954,0.1091724898404202,0.634245719946393,0.4560109882165835,0.9788808606125264,0.349910181329903,0.9752815991253048,8.5,4.9,14.1,96.8,8.5,0.0,0.0,10661.884615384615,1676055.4038461538,False,120.0,120.0,0.0,0.0,0.0,0.0,0.0,0.0,0.0,0.0,0.0,0.0,-1.8742857142859493,0.5914285714288386,-3.2000000000006388,-2.2171428571433234,2.4571428571429905,0.5685714285716327,7914.6000000027,2738.771428572454,-2.1771428571433873,0.45142857142875226,1.3428571428576501,-0.4171428571428088,277.6000000000798,-109.45714285716326,0.022857142857431074,-0.8885714285718251,0.5914285714290201,-0.471428571428751,-2.9885714285724645,0.12680124562805928,26.619192935607565,6,204.0,4.9,4.9,0.0
12086000310,0.2216062545757369,Critical,98.4375,0.3451238458238429,0.6421064706402481,0.2243006818421048,0.546518741818505,0.601085556385451,0.4420106508590568,0.6541041203360514,0.4659470098055809,0.966813283802176,30.9,15.5,42.4,87.3,7.6,11.0,2.0,12038.142857142857,1594042.5555555555,False,120.0,120.0,0.0,0.0,0.0,0.0,0.0,0.0,0.0,0.0,0.0,0.0,1.0199999999999285,0.03428571428590817,1.8228571428577003,-0.9371428571429962,2.182857142856748,-0.7742857142863419,2963.000000000977,2140.2285714287336,-3.40857142857208,3.345714285715214,2.205714285715125,-1.2628571428576867,141.2571428571932,-645.2857142856254,1.3400000000005083,-0.6742857142858821,1.6685714285720674,4.725714285714229,-3.074285714285987,0.10272394574366678,26.99051207024044,0,741.5999999999999,15.5,15.5,31.51799999999779
12086000306,0.1562686649650841,High,88.8671875,0.2739996596156415,0.5703243032648039,0.2076263759772745,0.5102098783513299,0.5045844110670502,0.351732613415695,0.5519423619066873,0.3403729432540086,0.9331522515832568,26.9,17.6,25.5,59.7,7.9,23.0,8.0,20251.0,1627570.603448276,False,18.85154761904762,30.655045253079834,15.173321256038648,1367.0,11.0,86.33333333333333,0.5064148253741981,8.0,23.0,13.0,0.7441197434069851,0.0,0.23714285714315786,-0.37142857142834446,-1.3400000000004222,-0.5057142857144747,-1.3371428571434296,0.12285714285709624,3229.514285715127,2931.6857142865647,0.9714285714292014,-3.5485714285731804,0.06285714285724377,1.020000000000597,100.57142857146053,-91.40000000001295,0.5057142857143849,-0.9485714285719019,0.3485714285713752,-0.6885714285713648,-0.8571428571428235,0.10737696537141661,32.62978632948208,7,237.43765821256036,0.012865497076023392,8.687099073414114,6.379142857150946
12086000307,0.1589759592434328,Critical,90.234375,0.2547557903157139,0.624032761125535,0.1225482505703828,0.5537669288784366,0.5749337589234969,0.4001868582466986,0.6301135100074128,0.3869633300610451,0.96116274957163,18.3,7.2,40.9,82.8,2.6,11.0,4.0,14938.822784810129,1727791.253164557,False,28.443055555555556,33.21944444444445,15.658358585858586,421.0,2.5,23.666666666666668,0.46318289786223277,4.0,11.0,6.0,0.7624703087885986,0.0,-0.4628571428570054,0.3857142857140152,1.268571428571557,-2.6371428571438864,5.562857142858494,-0.11428571428579339,1957.9428571433546,-608.5714285716518,-0.6028571428572327,1.8857142857149058,-0.5885714285717257,-0.7000000000004946,149.66279069769288,-18.6857142856844,-1.1457142857148732,3.1542857142869,-0.8114285714289513,-0.500000000000721,-1.3942857142861478,0.11390335665037479,40.7895784865975,7,152.65203787878787,0.017061611374407586,3.865083135391924,0.0
12086000308,0.0773698001306417,Low,29.8828125,0.150344726315138,0.5146159897119814,0.0532408597142158,0.0884797433985074,0.5469413936424292,0.3796992902255577,0.5986647516679021,0.2474485929160601,0.9592947696255107,6.6,4.5,22.7,48.5,8.6,22.0,5.0,16770.676056338027,1678123.873239437,False,29.18229166666667,38.28280303030303,14.494444444444445,664.0,3.5,38.333333333333336,0.3373493975903614,5.0,22.0,7.0,0.5331325301204819,0.0,0.3571428571431332,0.34000000000014263,0.5571428571431726,0.0,-2.2285714285717297,-0.22285714285716068,2324.571428571903,3536.7142857154104,-0.6742857142857719,-0.665714285714321,1.4114285714286734,-0.6828571428573408,139.48571428573337,-215.4857142857464,1.0314285714289104,0.7828571428574519,0.7171428571432085,0.6857142857145487,-1.0085714285717018,0.13009002925155114,51.672239286475204,6,62.73666666666666,0.006766917293233083,2.9819277108433737,2.357142857144679
12086000402,0.1413906417860541,High,81.0546875,0.2400968173651912,0.5888901124873995,0.1255801946527502,0.3288496426745784,0.6137693627693753,0.4311214995809805,0.6120826173147337,0.3546134400776322,0.9586274400973296,21.1,5.1,25.6,70.8,8.6,13.0,5.0,11404.592592592591,1612582.2962962964,False,43.454166666666666,21.617343073593076,18.87474537037037,836.0,3.8333333333333335,38.0,0.7679425837320574,4.0,13.0,7.0,0.9617224880382775,0.0,-2.774285714286101,-1.711428571428946,-3.2457142857150543,-2.351428571429428,0.3428571428574945,0.08285714285669729,2126.0857142867276,1147.4857142860947,-3.451428571429725,0.7342857142858245,1.6428571428576493,-0.8828571428573326,195.80000000007155,147.4857142857512,1.5857142857147257,-0.4514285714286816,1.8114285714287948,1.3885714285714212,2.868571428572366,0.13275489191018153,19.87704394768649,6,108.14287268518521,0.006093189964157706,1.1834928229665074,0.0
12086000417,0.1765023814743591,Critical,94.140625,0.2894865136080072,0.6097084775194761,0.2086151161771193,0.3434433541480821,0.6688347475695782,0.4794918689815691,0.586469550958061,0.3703579110388951,0.97030286594009,22.1,20.9,35.3,58.9,11.7,20.0,6.0,8603.944881889764,1617621.0,False,120.0,120.0,0.0,0.0,0.0,0.0,0.0,0.0,0.0,0.0,0.0,0.0,-1.26571428571422,0.43999999999976874,-3.1685714285729354,-0.1285714285714812,2.8771428571439097,-0.4600000000008885,3334.3428571433037,1505.9428571433161,3.934285714286746,-4.602857142858286,0.6857142857145194,2.7514285714297575,84.34285714288227,-539.7999999999763,0.10571428571375055,0.11428571428591323,0.2685714285712304,-0.2514285714281758,-0.6771428571425159,0.10272394574366678,26.99051207024044,0,530.4000000000001,20.9,20.9,0.0
12086000420,0.1981133990347062,Critical,96.875,0.3308603686795492,0.5987825009848385,0.2713443768206378,0.3868502908385037,0.6339547978707468,0.4633155120552931,0.531974330031224,0.3903763605384606,0.9778175741284248,41.8,13.7,14.6,70.0,9.7,34.0,8.0,9987.684782608696,1567709.141304348,False,120.0,120.0,0.0,0.0,0.0,0.0,0.0,0.0,0.0,0.0,0.0,0.0,1.1342857142842373,-0.9857142857158713,-4.848571428573091,2.342857142858865,-0.1342857142856909,-0.33714285714287395,4549.885714287168,510.97142857169354,0.5371428571430772,-1.5857142857141948,-0.04285714285697102,1.0914285714288932,0.0,-388.5428571427116,-0.6800000000003295,-0.3714285714282527,0.7857142857143031,5.260000000000413,-0.3285714285722684,0.10272394574366678,26.99051207024044,0,1003.1999999999999,13.7,13.7,47.41314285708111
12086000405,0.1509284577353049,High,86.5234375,0.2344119826840908,0.6438598232356838,0.1775946580777492,0.5606105659629301,0.612284606193572,0.4484723450240691,0.6248101848731944,0.2912293072904325,0.9731214141246534,28.1,8.4,17.7,55.8,3.7,16.0,3.0,11870.52564102564,1665619.0384615385,False,27.151111111111117,35.48008742559524,15.483159722222222,687.0,6.5,40.333333333333336,0.6222707423580786,3.0,16.0,5.0,0.8951965065502183,0.0,3.4057142857157996,0.7628571428572039,-0.2628571428568346,2.808571428571598,-4.240000000001636,-0.35142857142861916,1776.000000000544,1425.5714285712843,0.78857142857179,-3.094285714286702,1.365714285714743,0.6857142857144514,23.352941176471788,76.62857142864586,-0.11428571428579044,1.774285714286495,-0.04000000000013287,-0.5514285714289673,0.9057142857148966,0.1238513173444495,29.73418151721191,4,239.32321180555556,0.012209302325581395,3.1729257641921405,95.70057142861397
12086000408,0.1898532971901758,Critical,95.5078125,0.3142227488629129,0.6041997209852041,0.230275693047582,0.4246208742194469,0.6051521633838415,0.4458728128887193,0.5818561308039625,0.3981698046782438,0.9634966236300504,26.9,20.9,52.6,52.2,8.4,21.0,5.0,12021.689655172411,1625713.3620689656,False,24.963383838383837,21.81971543667972,18.722645502645502,1307.0,11.5,74.33333333333333,0.8198163733741393,5.0,21.0,9.0,1.0,0.0,0.4228571428573975,1.8342857142867357,-0.01428571428598291,-1.0885714285718662,-0.11428571428621483,-0.6685714285714218,946.1999999999134,1360.3714285718413,-1.1114285714289052,-0.5457142857147879,0.63428571428591,-0.0914285714285466,35.54285714286366,4.914285714281971,1.6057142857147029,-1.9485714285720648,0.6485714285714588,0.6599999999998867,1.7828571428577287,0.14473529155807632,20.483734604978356,7,141.96083597883597,0.015978593272171254,3.765837796480489,11.374857142863993
12086000409,0.1513317530990737,High,87.109375,0.2420194822139241,0.6252874839444111,0.1296842201740992,0.5168517436197158,0.5856273639035703,0.4224101785585194,0.6373531881079137,0.354354744253749,0.9641949455323362,20.5,6.4,39.9,61.8,5.7,13.0,2.0,13440.0,1642871.857142857,False,20.517307692307693,12.966591394716394,19.249444444444443,1049.0,11.833333333333334,59.666666666666664,0.7259294566253575,2.0,13.0,4.0,1.0,0.0,0.42285714285763465,0.6257142857145793,-0.511428571429545,-0.30857142857155584,-1.1200000000007078,0.5000000000000047,5959.371428573683,1057.1714285718595,0.39714285714299363,-2.0771428571435835,-0.11428571428576854,0.5971428571429656,87.00000000002352,-10.228571428530262,0.48000000000014836,0.6428571428574236,0.30285714285737003,3.428571428572466,-0.03999999999975646,0.11466309135906991,23.194510657502036,7,97.38638888888893,0.006095238095238095,1.7540514775977123,8.66857142858151
12086000410,0.1130198162909867,Moderate,61.9140625,0.1920857158339667,0.5883822011454396,0.0885234723345776,0.4469223907225692,0.564140738777379,0.404317434896485,0.5643187855201384,0.2956479593333559,0.9622116558106264,18.4,0.0,32.6,48.6,5.8,33.0,5.0,15053.166666666666,1646454.923076923,False,32.59796296296297,32.176268709504,15.911170033670032,1529.0,11.666666666666666,86.0,0.512753433616743,5.0,33.0,8.0,0.7462393721386528,0.0,0.09714285714272121,-1.0114285714286742,0.5714285714281618,-3.7971428571435646,1.4914285714288444,0.1885714285714909,5750.142857144213,722.6571428573934,-1.145714285714567,-0.9714285714285501,0.6285714285715952,-1.0571428571430719,69.9714285714446,51.6285714285223,0.5114285714286484,0.16285714285716593,0.7228571428572836,2.660000000000572,0.12000000000026259,0.15374539002593715,27.222041088252027,5,148.8344713804714,0.0,0.0,1.78742857142607
12086000411,0.1472002474208758,High,83.984375,0.2354590657350177,0.625162794056666,0.1633308877522647,0.4496137659501966,0.6185990003664366,0.443657749371707,0.6446206786171574,0.3075872437177707,0.9693227759778325,19.7,14.0,38.9,53.0,1.9,10.0,2.0,11304.78431372549,1638917.294117647,False,40.614583333333336,17.288348214285712,19.283694444444443,743.0,7.333333333333333,40.0,0.7314939434724091,2.0,10.0,4.0,1.0,0.0,-1.248571428571799,-2.0428571428576823,-0.045714285714549316,0.2600000000000252,-3.402857142858214,-1.1657142857141358,6108.000000001933,1183.1428571432732,-1.7800000000003773,0.20857142857100247,0.6028571428575816,-1.9285714285716873,129.74285714289448,200.60000000004104,0.5771428571428078,-1.2142857142863155,0.34571428571419915,1.5485714285715726,-0.49714285714303386,0.14632466881741563,19.83541615890723,5,92.91121944444447,0.01881720430107527,3.7590847913862717,0.0
12086000416,0.1957020408682638,Critical,96.6796875,0.3279729089115173,0.5967018480817928,0.2646898938529592,0.4342950480450021,0.6110864780466632,0.448510807489337,0.5147001707212975,0.3912559239700754,0.974916736106664,25.0,29.3,53.4,46.5,10.5,36.0,9.0,10724.330357142857,1495490.3125,False,120.0,120.0,0.0,0.0,0.0,0.0,0.0,0.0,0.0,0.0,0.0,0.0,-0.014285714285685642,1.031428571428457,0.43428571428522805,-1.2857142857146213,1.0257142857157204,0.6885714285715157,735.2571428576756,1470.8857142861716,0.00857142857125913,-1.4314285714287007,1.788571428571873,-0.8828571428569643,-57.300000000016915,-319.42857142851386,2.9342857142865757,-3.111428571429526,2.465714285715219,0.454285714286574,-0.69428571428597,0.10272394574366678,26.99051207024044,0,600.0,29.3,29.3,0.0
12086000413,0.099558176498929,Moderate,52.1484375,0.1652859797876215,0.6023389075519462,0.1105509215828483,0.4191295460352611,0.5949124507901015,0.4487694344109663,0.5791381803580654,0.2200210379923947,0.9697449261653364,18.8,4.0,28.7,21.3,6.2,25.0,5.0,12879.448275862069,1651832.9885057472,False,32.134065255731926,23.80683139768728,17.980733333333333,1528.0,14.0,82.66666666666667,0.7107329842931938,5.0,25.0,9.0,0.9842931937172775,0.0,0.4314285714286458,-0.7457142857143872,0.0742857142855562,-4.494285714286796,1.8542857142873115,0.22857142857181798,-299.3142857145909,384.3714285716058,-1.5742857142861943,1.2942857142861184,1.4342857142861396,-1.3371428571430701,34.55263157890879,194.02857142863738,-0.7200000000002666,2.5342857142862774,0.4200000000000413,0.4057142857142265,-0.7685714285711304,0.15303990848205176,49.96680618500879,6,113.16221333333334,0.002616088947024199,1.157068062827225,8.110857142858542
12086000414,0.1713010466392336,Critical,93.5546875,0.2664859036359761,0.6428146641228478,0.2159707973761012,0.6830315455603028,0.5778249670183835,0.4081493698082946,0.6019635195543276,0.317001009895851,0.9431039186729312,36.0,9.8,26.9,53.2,0.5,12.0,5.0,14372.03488372093,1687290.9302325582,False,18.913541666666667,11.1676928699955,19.229876543209876,1090.0,12.166666666666666,74.0,0.681651376146789,5.0,12.0,21.0,0.9871559633027523,0.0,2.4514285714302004,-0.8914285714288527,2.6057142857153126,1.2114285714288155,-2.5914285714285743,-1.2600000000000595,4669.457142858431,1075.2285714287054,-0.7257142857144375,-2.0628571428575273,3.2257142857150183,-1.177142857143388,96.57142857145696,211.51428571439652,-0.8314285714290257,-0.0542857142855934,0.620000000000164,-0.40285714285768376,0.1800000000002823,0.10924899270318096,39.64573750569192,9,171.72444444444446,0.008982584784601285,3.1198165137614686,88.25142857148721
12086000507,0.1073088725760101,Moderate,58.203125,0.1925813194207507,0.5572133003282744,0.0883598540113783,0.0518669555244042,0.6797906928438461,0.5142704565753236,0.5637864186715187,0.2968027848301231,0.9763519780262796,10.3,7.8,45.7,42.0,7.0,32.0,6.0,7639.509677419355,1520070.2903225806,False,120.0,120.0,0.0,0.0,0.0,0.0,0.0,0.0,0.0,0.0,0.0,0.0,-2.5714285714287515,0.6828571428575346,-0.7114285714293883,0.11714285714303756,-4.208571428572362,-0.7142857142859997,5080.657142858601,2181.4000000006818,-0.04285714285706005,-1.7771428571433825,1.2485714285716782,-1.174285714285941,72.57142857144838,-268.8285714284899,0.8200000000003413,-0.737142857143013,-0.21428571428593632,-1.6599999999996116,-0.5485714285717707,0.10272394574366678,26.99051207024044,0,247.20000000000002,7.8,7.8,0.0
12086000508,0.2254197030442867,Critical,98.828125,0.3719507997494196,0.6060470986919514,0.2898537061754356,0.4814253700722786,0.6159541145613028,0.4761809657655626,0.4872646545140058,0.4540478933234036,0.9694103885466074,38.8,21.0,60.1,64.9,2.2,39.0,10.0,10254.610169491523,1466461.305084746,False,120.0,120.0,0.0,0.0,0.0,0.0,0.0,0.0,0.0,0.0,0.0,0.0,-2.5342857142871735,-0.9542857142866118,2.8771428571433844,2.017142857143031,0.9142857142866345,-2.3114285714290927,1963.0571428581027,-55.05714285703388,-0.31142857142875335,-4.082857142857595,1.7771428571435437,-0.18571428571415732,100.80000000003666,-471.6571428570227,0.09428571428595495,0.18571428571445286,0.46857142857185247,-3.694285714285399,-1.7685714285717504,0.10272394574366678,26.99051207024044,0,931.1999999999999,21.0,21.0,0.0
12086000504,0.1528819629624248,High,87.5,0.2376240476857901,0.6433774883112016,0.1443814518366063,0.506011878893235,0.6582165066514899,0.4832899960575375,0.5938187097064044,0.3308666435349739,0.9755503502473404,19.7,9.9,38.8,58.7,3.7,16.0,6.0,8662.58762886598,1541581.969072165,False,19.276278659611993,23.477091871091872,17.707592592592594,944.0,7.166666666666667,53.0,0.7479166666666667,5.0,15.0,9.0,0.8541666666666666,0.0,-5.211428571430043,-2.0657142857145425,-3.325714285715135,1.0257142857146313,-4.357142857143478,-1.5685714285717585,7822.1428571452225,1989.6857142862652,0.33142857142881194,-3.914285714287269,1.825714285714975,-0.6342857142857361,19.14285714286994,-128.22857142864376,0.26857142857115257,-1.3657142857145999,-0.7857142857146897,3.194285714286349,0.5057142857145256,0.14317131833673094,32.55714375901876,6,123.9604259259259,0.010476190476190477,2.495625,0.0
12086000505,0.1449519948874078,High,83.0078125,0.222135598729087,0.6525383401702711,0.1386814538250315,0.4372192747703335,0.6899330675659189,0.5317775197984925,0.6271318822023046,0.3055897436331426,0.9766299565143064,17.9,10.5,52.0,41.3,1.3,24.0,2.0,6454.980392156863,1353580.137254902,False,23.022222222222222,43.496944444444445,15.886585648148149,639.0,3.5,31.0,0.37089201877934275,2.0,24.0,4.0,0.5305164319248826,0.0,-2.786606822982767,-2.3782403244972126,0.9677940558629922,1.1376687269167565,-6.968868659315516,-0.8446862551132381,6301.4317117916935,3428.5165805561783,-0.34676602526150996,-3.2359082063709934,2.1028571428575886,-0.44249132040618483,90.82653057816512,-60.895647169156895,-0.9260792631232098,-0.4111779135360627,-0.4945820999849439,-0.35677618964902463,-0.26066305319276684,0.10539388459039281,49.439293554593554,9,145.23011689814814,0.01640625,6.605633802816901,0.0
12086000601,0.1152030234854582,Moderate,63.8671875,0.1759478855989157,0.6547565098228617,0.1081978835163042,0.5391019922688076,0.618059004389404,0.4716830076466506,0.6701828374553541,0.2436978876815273,0.974755707354092,17.1,5.1,32.7,39.4,0.9,5.0,2.0,9547.373134328358,1380273.7611940298,False,120.0,29.02833333333333,13.961444444444444,160.0,0.0,12.0,0.1,2.0,5.0,2.0,0.0,0.0,-0.774285714285793,0.5657142857145453,2.1114285714292875,-0.8771428571438199,1.8114285714294307,-0.23999999999991903,5591.914285715849,1424.2000000002447,-0.05714285714283375,-1.2999999999999035,0.011428571428435768,0.6285714285716665,92.7142857143116,-129.94285714283794,0.6942857142860775,0.04571428571425809,-0.048571428571177834,0.9971428571430604,-1.4428571428573715,0.10391672571564964,36.782893064633264,5,171.65930000000003,0.03167701863354037,4.59,0.0
12086000602,0.0651242243213697,Low,18.359375,0.1171753105568228,0.5557845250155189,0.0643600148376225,0.0520368718406184,0.6156733257764656,0.4686779601114885,0.6673827273850439,0.1699906062760231,0.9751517399639776,10.0,3.2,18.7,30.0,2.7,9.0,1.0,9564.42857142857,1365776.142857143,False,23.156666666666666,38.126666666666665,19.007407407407406,343.0,4.833333333333333,15.333333333333334,0.6967930029154519,1.0,9.0,2.0,1.0,0.0,-1.917142857142799,-0.4685714285713252,-2.8314285714290652,-0.7114285714289381,-6.554285714287662,-0.5485714285714766,2893.628571428479,2394.3428571434592,0.09142857142858878,-2.5657142857152926,0.9971428571432033,-0.8171428571433152,154.40000000005233,-163.3428571429268,2.2857142857148376,-1.1085714285715336,2.2514285714292033,0.3399999999998733,-1.962857142857147,0.12042714800248192,55.312586465141614,5,49.92592592592594,0.009302325581395349,0.9702623906705541,0.0
12086000603,0.1016739579381714,Moderate,53.90625,0.1713975207213098,0.5932055347725365,0.0911316239324924,0.4452463979671831,0.5344528698119863,0.4063734284944434,0.6256971353640182,0.2516634175101271,0.9542578422250514,14.2,4.9,30.5,43.3,3.4,17.0,3.0,14436.90909090909,1354206.181818182,False,32.46875,28.725068082788674,17.884133986928106,683.0,5.333333333333333,37.0,0.7020497803806734,3.0,17.0,5.0,0.7364568081991215,0.0,-1.442857142857505,-0.6371428571430503,-0.29714285714264604,-0.23142857142822926,-4.174285714286162,0.41142857142875405,8173.428571430224,978.6571428572865,-0.037142857142954504,-0.017142857142502622,1.8771428571432158,-1.0600000000005583,158.57142857147173,47.28571428575037,0.4685714285715156,0.6600000000003085,-1.3285714285717403,-0.8314285714284123,-1.1257142857148084,0.110307098402126,29.011711309523815,6,86.8452973856209,0.00716374269005848,1.4599560761347001,0.0
12086000612,0.1489460677086508,High,84.9609375,0.2416818991382823,0.6162897107301728,0.1284064124963495,0.4828043832707693,0.5744916844397248,0.4382772275637163,0.6240294718871441,0.3549573857802151,0.9618457864895098,19.6,7.1,40.0,68.8,2.9,20.0,3.0,11564.444444444443,1334462.2333333334,False,120.0,120.0,0.0,0.0,0.0,0.0,0.0,0.0,0.0,0.0,0.0,0.0,-0.17142857142862983,0.008571428571637386,0.6971428571426442,1.168571428572637,2.917142857144529,-0.10857142857144401,5122.628571429045,1245.8000000002737,-0.6742857142858789,-1.1514285714287618,0.282857142857065,0.6571428571430663,34.714285714280344,-437.08571428565926,0.07142857142855748,0.5542857142863045,-1.1257142857146158,-0.09428571428657576,1.4342857142862133,0.10272394574366678,26.99051207024044,0,470.40000000000003,7.1,7.1,0.0
12086000605,0.1349797416829237,High,76.953125,0.2313059926779682,0.583554883815081,0.135365270620484,0.4425674489172351,0.4949964731003193,0.4140099761440034,0.6129239672484668,0.3272467147354524,0.9532765536653808,18.4,10.0,47.5,45.8,5.4,18.0,4.0,16447.068493150684,1257873.2328767122,False,120.0,19.605806577681577,15.382175925925926,975.0,0.16666666666666666,55.0,0.40512820512820513,4.0,18.0,6.0,0.35384615384615387,0.09230769230769231,-1.6828571428575727,1.902857142857692,0.9999999999997662,5.442857142859723,-5.574285714286679,0.10000000000003384,9447.371428573686,1005.8857142859707,-0.42285714285725085,-0.5685714285717645,2.0428571428577507,0.02857142857129643,213.2000000000525,39.14285714281301,0.022857142857173468,-0.4428571428571855,-0.8200000000002647,3.9371428571434395,-1.8685714285718729,0.17750413214035682,22.819340182421723,5,158.56796296296295,0.010245901639344263,5.948717948717949,0.0
12086000607,0.1505940473995501,High,86.328125,0.2508819345380776,0.6002586343126819,0.1302312533894825,0.4315591237981961,0.539675571454783,0.4140099761440034,0.6584657546555248,0.3715326156866728,0.9575827455109016,17.5,9.7,45.9,62.0,7.5,8.0,2.0,13470.507692307692,1298166.6,False,23.25,19.880133928571432,18.947569444444447,464.0,4.0,22.666666666666668,0.5258620689655172,2.0,8.0,3.0,0.6551724137931034,0.0,-0.32285714285729644,-0.33142857142850496,0.8085714285714126,-0.1085714285713316,-1.6885714285724804,-0.5514285714289603,3522.114285715783,874.0000000002095,0.211428571428671,-0.6571428571432744,0.8914285714289032,0.03142857142853747,132.45714285718051,34.91428571431123,0.3257142857143312,0.08285714285739676,-0.6028571428574316,-0.9771428571426604,-1.4828571428578,0.1016739579381714,28.725068082788674,3,88.41753472222217,0.02086021505376344,4.599137931034482,0.0
12086000610,0.1167724955369202,Moderate,64.6484375,0.189442330980384,0.6164012812374631,0.1319875765540451,0.5168517436197158,0.5243853857745975,0.4084098412009928,0.6759277214322618,0.2468970854067228,0.9564317141597471,21.6,6.0,34.0,32.0,1.8,1.0,2.0,14300.2,1273298.15,False,120.0,120.0,0.0,0.0,0.0,0.0,0.0,0.0,0.0,0.0,0.0,0.0,-1.877142857143027,-0.9600000000000315,0.7285714285735394,5.96285714285876,-4.425714285713597,-0.21714285714279813,7291.657142858795,2324.285714286267,-0.23142857142861945,-1.2457142857140358,2.154285714285707,2.0142857142858785,140.68571428575575,-552.371428571364,-0.38285714285743994,-0.3199999999997818,-0.002857142857355189,1.6428571428566596,-2.502857142857813,0.10272394574366678,26.99051207024044,0,518.4000000000001,6.0,6.0,0.0
12086000705,0.1269199880724839,High,71.2890625,0.2235513476880846,0.5677442314039283,0.1576298564968716,0.4749141021868719,0.4999607914934821,0.2947812967121632,0.6335762040344137,0.2894728388792977,0.9354887625927102,18.1,15.6,45.3,38.0,3.2,9.0,4.0,19272.90322580645,1512344.741935484,False,31.672222222222217,18.234927983539094,16.056574074074074,428.0,1.3333333333333333,24.333333333333332,0.4392523364485981,4.0,9.0,6.0,0.37149532710280375,0.0,-1.3714285714290153,-2.86857142857223,-2.0000000000005427,2.6114285714295025,-3.680000000000781,-1.365714285714619,6938.257142859544,2149.0857142865098,-0.6085714285715208,2.7285714285721627,1.6028571428577867,-0.7257142857144067,70.7714285714586,-41.74285714285475,-0.531428571428459,0.03142857142814813,0.26000000000048645,1.6600000000007347,-1.4657142857147165,0.15277175605995455,61.16708076131687,7,143.77600925925927,0.03636363636363636,8.74766355140187,0.0
12086000714,0.1381846563136325,High,79.4921875,0.2438575598581548,0.5666613591721769,0.1206402012414216,0.4927575517124115,0.4791150245861759,0.3012072580062169,0.6250316030954467,0.367074918474888,0.9351953584606332,20.0,5.8,55.2,57.4,2.5,9.0,5.0,20288.82857142857,1429283.0857142855,False,120.0,120.0,0.0,0.0,0.0,0.0,0.0,0.0,0.0,0.0,0.0,0.0,-2.971428571429666,-1.0257142857141122,-0.09142857142925431,-0.4885714285711394,-4.420000000002646,-0.2457142857143911,3844.1714285724397,1394.8285714293522,-0.3857142857142367,2.4314285714289383,-0.22285714285675928,0.03428571428549379,96.97142857144824,-476.9428571428212,1.1971428571432128,-0.19142857142889144,-0.002857142857316817,0.3199999999999849,-0.7971428571431128,0.10272394574366678,26.99051207024044,0,480.0,5.8,5.8,0.0
12086000715,0.113415512584446,Moderate,62.109375,0.1961436031110129,0.5782269255054697,0.1126014361623347,0.512055282833085,0.4694696808949599,0.340293914139067,0.6270443173394433,0.2796857700596911,0.942271432320793,15.0,8.9,31.4,53.6,2.9,13.0,4.0,19882.530612244896,1332474.6530612244,False,120.0,120.0,0.0,0.0,0.0,0.0,0.0,0.0,0.0,0.0,0.0,0.0,-2.448571428572206,-0.16857142857178253,-2.525714285715527,1.051428571429076,-4.171428571430143,-0.5257142857141418,6488.2857142883195,2660.600000000841,-0.9828571428573548,-3.9228571428580996,1.4742857142862242,1.171428571428299,126.57142857147669,-558.9142857142695,-0.0857142857144092,0.8371428571432254,-0.10571428571441009,0.7371428571429399,0.11428571428568708,0.10272394574366678,26.99051207024044,0,360.0,8.9,8.9,0.0
12086000718,0.1394463175728069,High,80.2734375,0.2427367585806491,0.5744754868944828,0.160867965555056,0.4701910280060857,0.4936351781516897,0.3672240386454332,0.5978200603140373,0.3246055516062421,0.9435071293551676,17.2,16.9,31.2,70.8,2.1,19.0,5.0,17680.12658227848,1342687.012658228,False,120.0,120.0,0.0,0.0,0.0,0.0,0.0,0.0,0.0,0.0,0.0,0.0,-1.4485714285713784,0.4828571428572898,-2.1599999999996444,0.548571428571576,4.674285714287825,-0.7999999999999137,2028.5714285710123,696.9999999998479,0.0,-4.034285714286983,0.14857142857192207,0.43428571428563384,135.28571428575782,-370.71428571430283,-1.6685714285718047,1.057142857143532,-0.8085714285721987,-0.4371428571434898,-2.7400000000003266,0.10272394574366678,26.99051207024044,0,412.79999999999995,16.9,16.9,0.0
12086000719,0.1798645309525787,Critical,94.7265625,0.3166181870836491,0.568080224984231,0.2103875685525029,0.4481597008104382,0.4709235504735803,0.3356837644410839,0.6567706718781589,0.4228488056147952,0.928863437317894,26.3,19.0,43.5,75.0,7.3,8.0,2.0,20863.68918918919,1408787.1486486488,False,120.0,120.0,0.0,0.0,0.0,0.0,0.0,0.0,0.0,0.0,0.0,0.0,-1.071428571429574,-1.231428571429237,0.9057142857146996,1.0257142857148287,0.9028571428568052,1.0000000000001281,1531.5714285723868,1094.8285714291271,-1.5914285714295997,-3.4257142857152503,4.554285714287458,-2.254285714287031,220.08139534885618,-805.3142857142161,-0.34571428571474994,-0.5628571428571297,0.0657142857146083,-3.4142857142893637,-3.077142857144628,0.10272394574366678,26.99051207024044,0,631.2,19.0,19.0,0.0
12086000710,0.1587443836255109,Critical,90.0390625,0.2789782787188739,0.5690205859556453,0.1730793410266581,0.4828043832707693,0.4533498593108322,0.3300079519988433,0.6607479446054315,0.3848772164110897,0.9181927905923506,23.2,14.5,67.5,48.7,1.8,6.0,2.0,22430.652173913044,1382949.9347826086,False,24.0,22.108366402116403,17.629305555555558,333.0,1.8333333333333333,16.333333333333332,0.5285285285285285,2.0,6.0,3.0,0.8108108108108109,0.0,-0.08571428571420689,-2.068571428572073,1.157142857143484,0.5885714285715383,-1.1714285714287074,-0.23714285714296227,4076.0285714299034,1369.3428571432771,-1.3085714285717533,-0.6600000000003423,3.5485714285726337,-1.8085714285722938,84.14285714288252,-102.14285714287291,0.8657142857145763,0.5685714285714275,-0.29999999999981014,1.2685714285722225,-2.825714285715178,0.12957796661128643,31.370652130927624,6,147.80011111111105,0.04341317365269461,6.836336336336337,0.0
12086000711,0.1625235639505432,Critical,90.625,0.2753477087316128,0.5902484705582147,0.1783202862896024,0.5187254487691129,0.4813834326940285,0.3586915699996297,0.6612654716175843,0.3723751311736231,0.931176429710718,26.5,11.8,53.1,56.7,1.2,12.0,1.0,18177.378048780487,1295656.4024390243,False,120.0,32.085138888888885,17.87384259259259,444.0,2.0,23.333333333333332,0.7623873873873874,1.0,12.0,4.0,1.0,0.0,-3.0278935474028956,0.12967293903174815,3.08991224851091,1.6419087217772825,-5.3695123784529075,-1.0729924128128474,2779.993826315561,2723.507140773852,0.5855106150852487,-2.798577368380728,0.6499821805759836,-0.9000000000002752,83.40709111604983,-49.00844195795988,-1.0758064456211236,0.5986948189108652,-0.12471087496873487,-0.48488772358141247,-1.0967429870850882,0.15332128729557315,22.0394096509871,8,162.34317129629633,0.026516853932584274,2.8038288288288284,0.0
12086000712,0.1570142783799537,High,89.453125,0.2660860256260206,0.5900884047200383,0.1194671755425751,0.5040336655936083,0.4882932898852579,0.3883426909885378,0.6436702411438326,0.412704875709466,0.9261021359889544,20.8,5.0,41.7,76.2,8.9,3.0,3.0,18429.722222222223,1361458.75,False,13.666666666666668,9.470531400966184,18.616666666666667,330.0,2.3333333333333335,19.333333333333332,0.6378787878787879,3.0,3.0,9.0,0.4818181818181818,0.5181818181818182,0.38580165321069,-1.2535599005971743,2.093311670867088,-1.3043049263587534,3.407274112845359,0.7665254967227914,2682.615523306273,378.26948554043764,-0.006743099851405616,-4.144477060928211,5.024492463172849,0.5327064498348948,77.7546612997398,-21.32571223791613,-0.1602527984672761,2.1780751528879803,-0.5592297435996566,0.48856867864089953,-2.553667430273547,0.1420225307712756,35.15143944109231,6,111.97333333333333,0.015105740181268881,1.8106060606060603,8.024674386782353
12086000804,0.1207209848772211,Moderate,67.7734375,0.2248423482498338,0.5369139124231255,0.1289178780665296,0.4844516787220779,0.4050386151343703,0.3254260234091073,0.5421864961700025,0.3207668184331381,0.9274667486800692,19.5,8.3,40.9,49.3,5.3,22.0,8.0,26282.47272727273,1262033.6,False,18.414,22.14238671782086,18.226742424242424,1806.0,7.333333333333333,94.66666666666667,0.5908084163898117,8.0,22.0,16.0,0.6583610188261351,0.0946843853820598,-0.33428571428570386,0.9285714285718798,-1.1485714285712216,-0.5000000000002175,0.16857142857157162,0.7085714285718853,3560.6000000012136,970.1142857144108,-0.07428571428578794,-2.280000000000277,1.9800000000003937,-0.06857142857156688,203.5428571429218,-85.91428571428916,-0.12285714285753062,0.4285714285717327,-0.04000000000027052,-1.3542857142858136,-1.0085714285718823,0.15078455764928858,33.98757240059323,6,112.57852272727273,0.004593248478140565,3.396290143964563,0.0
12086000805,0.1330379351888369,High,75.78125,0.2301531448108865,0.5780409183552639,0.0920195852673731,0.458444840915849,0.4772460883021399,0.3598507763662028,0.646007367971786,0.3682867043544,0.9486555182203418,16.4,3.0,43.8,60.8,9.2,16.0,2.0,18143.697368421053,1265865.0263157894,False,120.0,46.33333333333333,15.202013888888889,360.0,0.6666666666666666,21.333333333333332,0.3,2.0,16.0,3.0,0.3333333333333333,0.0,-1.4742857142857344,-1.0742857142856992,0.38000000000050216,1.6942857142863141,-1.8342857142855318,1.7628571428575754,5598.371428572659,2022.085714286172,-0.14857142857143765,-1.8457142857147655,2.574285714286206,-1.0314285714288658,101.00000000002788,-170.11428571434442,0.2800000000002011,-0.534285714285979,-0.4085714285714054,1.620000000000984,-1.7457142857147496,0.13722885407760338,26.168417539789136,6,144.2869722222222,0.008310249307479225,2.0999999999999996,0.0
12086000806,0.1540112955469334,High,88.28125,0.2816857337667037,0.5467486531443863,0.2087260684834994,0.4227441345792935,0.4336023316691508,0.3484193545512072,0.5929861064312509,0.354645399049908,0.9359913384910288,22.8,21.8,51.5,49.8,4.1,20.0,5.0,22067.383561643837,1228403.0,False,14.966666666666669,20.57778841991342,17.321944444444444,1298.0,9.833333333333334,71.33333333333333,0.5342835130970724,5.0,20.0,8.0,0.6263482280431433,0.0,-1.5628571428570985,-0.11714285714320856,-1.5171428571434487,1.7771428571428833,-2.3657142857145703,-0.5942857142859018,4224.62857142975,1329.9428571431997,-0.057142857142840134,-7.491428571430727,5.837142857144544,0.45714285714278957,88.37142857145669,-130.2000000000218,0.14571428571431508,0.13428571428586283,-0.32857142857171356,0.8628571428574345,0.11142857142879088,0.14929573101053326,30.204751640601177,8,152.25966666666667,0.01678214010777521,10.152619414483821,0.0
12086000807,0.1557210535517907,High,88.671875,0.259003254578348,0.6012320339576481,0.1790196637553894,0.5517540944418208,0.4802040027692896,0.3660088194896262,0.668457485342678,0.3389868454013066,0.9397357677448264,22.8,15.3,41.8,56.4,3.0,5.0,2.0,18257.904761904763,1293478.619047619,False,23.133333333333326,43.243333333333325,15.530000000000001,141.0,2.0,7.333333333333333,0.574468085106383,2.0,5.0,2.0,0.8297872340425532,0.0,-1.5314285714286135,-2.7571428571434673,1.8485714285728494,1.1485714285719404,-1.8142857142866817,-1.245714285714582,3893.6857142867007,1431.3428571432603,-0.9571428571432782,-0.2771428571432706,2.6142857142869453,-1.900000000000722,68.74285714287164,-21.00000000002392,-0.18857142857144876,-0.2600000000000591,-0.6914285714285423,0.9285714285717356,-1.2485714285715916,0.14566451162134791,28.978341508700048,4,193.11599999999999,0.10774647887323945,6.51063829787234,0.0
12086000808,0.1435151916298945,High,82.421875,0.2506590808958808,0.5725513359298884,0.1262809609522505,0.4908174390779209,0.4524495256861706,0.3447451492172924,0.6496093205966259,0.3750372008395112,0.925135245071432,17.4,9.9,50.5,58.5,7.5,7.0,3.0,21164.0,1298790.7192982456,False,23.077777777777783,36.00095238095239,17.086388888888887,238.0,2.0,12.666666666666666,0.7016806722689075,3.0,7.0,6.0,0.9495798319327731,0.0,0.6799999999999337,0.17142857142848666,1.0428571428572608,-0.0971428571425318,0.8800000000000248,-0.26571428571455646,3168.2000000008657,1460.028571429128,-0.9057142857145051,-2.3514285714294236,3.711428571429787,0.04857142857142252,61.31428571429732,-116.05714285721399,-0.13142857142862896,0.20857142857146493,0.8828571428572773,0.21142857142880397,-3.262857142858326,0.15273221750573565,30.869171039920168,7,120.29683333333335,0.04142259414225941,2.9533613445378157,11.831999999998844
12086000908,0.1302087491773003,High,73.046875,0.2088182050776144,0.623550753771223,0.0770636908837079,0.4901514452408052,0.5868376184293238,0.45266577486567,0.6187443280095244,0.3405727192715209,0.9693546023107918,12.4,3.5,41.5,62.4,6.6,18.0,3.0,11092.424778761062,1364427.5132743362,False,120.0,120.0,0.0,0.0,0.0,0.0,0.0,0.0,0.0,0.0,0.0,0.0,-0.30056806447762185,0.01990320757317141,-0.2656511342242515,-1.0028403223885214,5.560584884949086,-0.3923542950614743,4140.728367079079,1328.54839892968,-0.48982117042251355,-1.2457479266515117,1.6769492722892203,-0.5602776871966769,52.48043239478072,-663.5629650760038,1.1794151150543533,-1.068230589885284,1.1060551244014727,0.34693038662766984,-1.0401977152377053,0.10272394574366678,26.99051207024044,0,297.6,3.5,3.5,0.0
12086000904,0.0975974357152613,Moderate,49.8046875,0.1667406600892698,0.5853247532006263,0.0574697148390678,0.4733503939292628,0.5130118124203267,0.4265320170103627,0.555900961992048,0.2760116053394717,0.9578285806511314,6.5,5.5,27.8,64.4,3.8,27.0,6.0,16373.689440993789,1374602.3043478262,False,120.0,120.0,0.0,0.0,0.0,0.0,0.0,0.0,0.0,0.0,0.0,0.0,-1.9211920373662694,-1.561135507102016,-2.2479417782296993,2.651397482755555,-3.557474590969257,0.2955883869287027,3520.4065764200723,1731.139807916865,1.8093993014032255,-2.5465002911814714,0.8193182886189223,1.2775058204605403,56.132462881110975,-453.7444750491856,0.1315194583768748,-0.30603510056933303,-0.15147951752383146,0.06593287327367266,-2.4841763180970773,0.10272394574366678,26.99051207024044,0,156.0,5.5,5.5,0.0
12086000903,0.2009969687337802,Critical,97.0703125,0.3644695426984692,0.5514780940147526,0.261026830677509,0.5553144850030708,0.3953821248860641,0.3485245272136366,0.5341805518116675,0.4679122547194295,0.923988781159324,47.5,9.0,53.4,66.7,2.5,27.0,8.0,28764.983870967742,1313922.6451612904,False,12.805811965811966,25.060891944930024,18.48940329218107,1775.0,17.5,99.33333333333333,0.8045070422535211,8.0,27.0,15.0,0.9087323943661972,0.09126760563380282,3.568571428571756,-0.11142857142844691,4.10857142857234,-0.07142857142824435,-0.8457142857146472,-0.13428571428558295,-27.02857142889919,875.8285714289275,-1.079999999999976,-0.3285714285714164,2.234285714286447,-1.8085714285718542,4.228571428575136,112.00000000000995,-0.10571428571366884,0.8828571428567668,0.3714285714287419,-1.9571428571433336,-2.682857142857424,0.13573176607976462,25.815807123834354,10,261.7533436213992,0.005067567567567568,1.75943661971831,169.5071428571584
12086001007,0.1425519174982522,High,81.640625,0.2433205668776406,0.5858605350444452,0.1328450452680938,0.4267322446029263,0.5612725192533725,0.4268347126547149,0.5518179431453152,0.3537960884871873,0.9626452555658976,21.0,6.6,28.9,51.9,15.9,25.0,7.0,14811.748091603053,1596184.6717557253,False,120.0,120.0,0.0,0.0,0.0,0.0,0.0,0.0,0.0,0.0,0.0,0.0,0.6600000000000124,-1.442857142857491,-1.6428571428571397,-1.3114285714299168,-1.6114285714298762,1.1400000000000006,5432.685714287863,1155.828571429169,-1.9314285714293147,2.4028571428579633,1.357142857143271,-2.4057142857153404,156.71428571433796,-332.11428571416445,0.49714285714285733,-1.0057142857144115,-0.29714285714326055,1.79142857142847,-2.1428571428586674,0.10272394574366678,26.99051207024044,0,504.0,6.6,6.6,13.860000000000259
12086001003,0.1008465690705229,Moderate,53.515625,0.1720401169160192,0.5861805425286407,0.0913752497985482,0.4178549569736473,0.5664338274165353,0.4306868485845866,0.5540823449468743,0.2527049840334902,0.9618447347215604,13.7,5.3,36.5,38.8,2.9,22.0,8.0,13553.27205882353,1500095.5220588236,False,28.234375,20.265797859547863,18.47128787878788,1550.0,9.833333333333334,78.33333333333333,0.7958064516129032,8.0,22.0,12.0,1.0,0.0,-4.3200000000011896,-1.0914285714285767,0.7342857142862503,1.3000000000004397,-8.462857142860083,-0.8142857142857688,9095.91428571734,2234.4571428579143,-0.16285714285677805,0.13999999999945414,0.7085714285716711,-1.1057142857144033,94.77142857146117,176.08571428573316,0.25714285714264334,-0.02571428571425091,0.2114285714285337,1.1085714285717068,-2.3571428571434265,0.18087411610468562,20.834580432844373,6,75.74335606060603,0.003417150225660864,1.082225806451613,0.0
12086001004,0.1517720823901009,High,87.3046875,0.2718721556534546,0.5582479824949754,0.2020889334704558,0.4627639660816987,0.489132331583427,0.3897885335990799,0.4985483354673495,0.3416553778364533,0.9510067457433216,17.7,24.8,52.9,40.1,8.5,34.0,9.0,20649.883435582826,1532105.6257668713,False,26.698208273208273,15.623133916923377,19.007941176470588,2743.0,27.5,154.66666666666666,0.7646737149106817,9.0,34.0,17.0,1.0,0.0,-4.977142857144268,1.7771428571431216,1.1085714285716974,-1.0057142857148487,-3.374285714286248,-1.477142857143105,5077.857142858519,1661.7428571433256,-1.005714285714378,0.33142857142826976,1.5400000000005516,-0.22285714285698918,79.42857142859947,390.91428571444595,0.8485714285716118,-1.462857142857597,0.771428571428638,0.7742857142861461,7.009412700935826e-13,0.19963979306584007,19.154526130942788,9,88.35944117647058,0.009037900874635569,5.836091870215094,0.0
12086001005,0.2315160163185699,Critical,99.21875,0.3662196569313782,0.6321780164901173,0.338003613762331,0.5048638545516333,0.6068615693240388,0.4483744405670234,0.6419147179729092,0.3944357001004254,0.9588755000349816,36.2,34.3,44.3,45.3,10.0,12.0,2.0,12123.227272727272,1654009.1363636365,False,20.674007936507937,20.309169146825393,18.93662037037037,777.0,8.833333333333334,47.666666666666664,0.7715572715572716,2.0,12.0,4.0,1.0,0.0,-0.9400000000008405,1.7342857142860346,1.7685714285722298,-0.7571428571429086,-1.4457142857144996,-1.1457142857143203,-75.08571428557438,1558.3142857147295,1.3285714285719354,-3.0485714285721364,1.345714285714834,-0.4628571428576355,-70.49999999996864,-105.51428571430007,0.7057142857143242,-0.6971428571429903,0.9799999999996986,2.051428571429685,-0.39428571428570786,0.19176116571387583,24.06388770663989,4,183.2943425925926,0.04408740359897172,7.835585585585584,0.0
12086001006,0.2212746863236411,Critical,98.2421875,0.3751919948301827,0.5897638792208059,0.334367869127321,0.479722494340249,0.4999099051720296,0.3715474144882081,0.6463796414852752,0.4160161205330445,0.9512599406182676,38.1,32.2,45.3,48.7,10.9,8.0,3.0,21419.86813186813,1680374.5934065934,False,19.333333333333336,16.290614349906626,17.937569444444446,567.0,3.5,28.666666666666668,0.7389770723104057,3.0,8.0,4.0,1.0,0.0,1.8600000000000971,1.8685714285712784,1.6514285714289922,0.8971428571433031,-0.4314285714289533,-0.9485714285718889,-417.57142857112376,1199.5142857147557,1.582857142857544,-5.522857142858671,2.9685714285721905,-0.5000000000003431,39.02857142858599,-60.62857142863518,-0.13714285714276406,0.2971428571426335,1.317142857143324,-3.325714285714663,-1.691428571429459,0.15661509053873376,20.82308498043739,7,230.97860416666663,0.05669014084507043,8.404938271604939,70.86600000000371
12086001101,0.0741613224874519,Low,27.5390625,0.1466570299125865,0.5056786062806199,0.0488696926744335,0.0698240207606844,0.5207554823907397,0.3568885997252946,0.6319988571781566,0.2444443671507396,0.9489260713482244,7.1,3.2,18.5,64.1,2.4,11.0,3.0,18644.97333333333,1629269.8933333333,False,18.180902777777778,22.81446744837654,17.49060606060606,748.0,6.333333333333333,42.333333333333336,0.6724598930481284,3.0,11.0,6.0,0.9278074866310161,0.0,-2.282857142857944,-0.23142857142851667,-1.5771428571436152,0.9571428571438266,-0.5771428571437639,-2.0800000000005925,8688.657142860347,3157.9714285724135,-1.4114285714287869,1.6571428571434175,1.9400000000004327,-0.488571428571437,31.91428571430153,-236.7428571429232,1.2571428571432741,0.42571428571437664,0.19714285714306476,2.48571428571485,1.3257142857143795,0.10528089617822599,26.99051207024044,7,46.21669696969698,0.004272363150867824,1.0481283422459893,0.0
12086001102,0.0799581113526023,Low,32.03125,0.1516419525313035,0.5272822594136447,0.0863503342062831,0.0827005504667,0.5594368747736661,0.3909957229535486,0.6491308095783633,0.2169335708563239,0.9541473392959458,12.4,5.7,17.7,38.1,7.0,10.0,2.0,15719.890410958904,1678036.7534246575,False,21.208333333333332,10.474024470899472,15.948472222222222,707.0,7.333333333333333,46.666666666666664,0.6753889674681753,2.0,10.0,5.0,0.9915134370579916,0.0,0.17714285714292166,0.9085714285718077,-0.5200000000002513,-2.5971428571432225,-0.19999999999983534,0.188571428571481,6492.057142859076,889.2285714287755,-0.5342857142858611,-2.102857142858456,1.7000000000006628,-0.8085714285717259,179.68571428579057,113.02857142863316,-0.9571428571432076,0.391428571428791,0.805714285714579,3.642857142858588,1.1228571428572471,0.12880684332419348,22.740108914378165,6,99.83894444444445,0.008050847457627118,1.8502828854314006,2.196571428572229
12086001103,0.1641555136278106,Critical,91.2109375,0.2658769203355486,0.6174116708612354,0.1786472616791876,0.458444840915849,0.579892305238372,0.4130661331760802,0.6751859261630387,0.3531065789919095,0.9604691488128372,30.9,6.3,37.7,41.3,10.5,5.0,1.0,14361.58426966292,1704196.0786516855,False,120.0,34.081333333333326,18.24238888888889,153.0,0.8333333333333334,9.0,1.0359477124183007,1.0,5.0,2.0,1.0,0.0,0.1114285714287967,-0.005714285714334452,0.9399999999999014,0.06571428571468171,-3.0085714285718455,0.5485714285713368,5228.371428572659,1213.3142857146568,-1.4257142857144514,-0.8799999999999559,1.3314285714283514,-1.0571428571431485,87.42857142860328,128.34285714285076,-0.9057142857144446,0.49714285714309797,-0.8514285714287418,1.0142857142862802,-0.7428571428576737,0.15265688078760634,18.942011546245705,6,177.9101833333333,0.04090909090909091,-0.2264705882352947,3.4431428571498177
12086001104,0.0461389261197731,Low,8.984375,0.097121956428832,0.4750617452149691,0.0196369033905957,0.0760350527365273,0.4474462718365491,0.3420904349238321,0.5746463289305208,0.1746070094670683,0.9350906376474164,1.0,3.2,3.2,54.4,5.2,27.0,5.0,26878.424657534248,1607320.404109589,False,30.883680555555557,27.470197658877286,17.49858024691358,1466.0,11.333333333333334,86.66666666666667,0.6858799454297408,5.0,27.0,9.0,0.8956343792633015,0.0,-0.4377748438127583,-0.2127261015827465,0.44206296491833197,-2.3597762879044035,-3.4340284453779035,0.45411233741193513,9490.064577788104,5009.428067550145,-0.18894055352905564,-2.811741768362913,4.525910033798899,-0.7458205489597252,254.59634909507201,80.50242118161073,0.04568072889979956,-0.2706176150823812,-0.03995525758100524,0.980677508252191,-0.5439197753109156,0.11146349923854881,19.444147599522676,8,6.50141975308642,0.0021813224267212,1.0051841746248293,0.0
12086001209,0.1304278743094447,High,73.2421875,0.2180188900565058,0.5982411628443784,0.1747571847822285,0.5630004074844992,0.4975607114666644,0.3746576765444689,0.6164322618325584,0.2612805953307832,0.9395547568937016,22.3,14.9,26.0,44.2,2.5,12.0,5.0,17210.945945945947,1333875.198198198,False,120.0,120.0,0.0,0.0,0.0,0.0,0.0,0.0,0.0,0.0,0.0,0.0,0.10571428571462871,0.5485714285713937,1.9371428571432188,0.3971428571433471,-3.9542857142873364,0.040000000000038366,6174.5142857168485,2567.7714285725397,2.1685714285720943,-2.6142857142866234,1.5085714285720946,-0.4142857142863724,115.88571428575914,-562.3428571427561,-0.5600000000003205,0.4942857142856645,-0.39714285714267844,1.5542857142866857,0.16000000000010298,0.10272394574366678,26.99051207024044,0,535.2,14.9,14.9,2.35742857143622
12086001204,0.1376263366323415,High,79.1015625,0.2417519878667974,0.5692873007860109,0.1530393079836879,0.4420278986050697,0.4731096309085339,0.3756612259907781,0.610950662106611,0.3304646677499069,0.9446870863190616,24.0,8.4,20.1,70.9,5.1,15.0,5.0,17762.717391304348,1213042.4782608696,False,27.834615384615386,22.177458430458433,17.93038888888889,1044.0,6.5,51.0,0.8204022988505747,5.0,15.0,5.0,0.9540229885057471,0.0,3.855903186738786,-0.04470230987319577,2.897522348084364,-4.762954962654068,3.8281177283385865,-0.4999747006040363,3005.276678702621,-375.49833292745456,0.35549839640125824,-3.165611399237663,1.2099865058555452,0.28364142413416765,120.95449486506928,88.06483400963704,-0.9088244225319929,2.0053600941703076,-0.24791364427481422,-0.2853381725623775,0.4983319287568796,0.0853012078006299,27.863873626129866,5,145.67066666666668,0.008038277511961723,1.5086206896551726,92.54167648173086
12086001205,0.0669230583369741,Low,20.8984375,0.1380496496719037,0.4847752855297138,0.1019807127466488,0.0828671879099543,0.4696952265702056,0.3746340273259596,0.5610771166071388,0.1741185865971587,0.9356028692353102,12.0,9.8,8.5,40.8,2.5,36.0,5.0,21928.791666666668,1471325.6979166667,False,25.236944444444443,35.86547823936262,13.415378086419754,1332.0,9.666666666666666,76.66666666666667,0.6556047197640118,5.0,36.0,9.0,0.7087020648967551,0.0,1.4017144307626395,-1.624952477651891,0.6679135034260866,0.26274171739275676,-7.414349560913117,-0.27468970341019316,6792.221927520896,2332.841171242035,-0.33808934594890333,-2.350228146602256,3.539157394112859,-0.2685945136644492,121.01529750021186,-96.02877326991482,-0.23159016707821323,0.8237112912919505,0.013974065532812566,-0.7450217329294738,-1.4085945136646487,0.09917860776614514,23.39728135338865,7,127.01546296296296,0.007351837959489873,3.3750737463126845,16.820573169151672
12086001206,0.0658864655177571,Low,19.921875,0.1296120481830135,0.5083359644523535,0.0464739429069927,0.0673967209080562,0.4803737585652767,0.4140099761440034,0.6314515522160074,0.2127501534590343,0.948447814428424,5.9,3.9,7.9,60.3,4.4,6.0,5.0,19083.316666666666,1353142.8,False,28.55916666666667,13.184888471177945,16.621898148148148,493.0,3.1666666666666665,25.333333333333332,0.8588709677419355,5.0,6.0,5.0,0.9435483870967742,0.0,-2.11142857142946,0.26571428571448336,-1.120000000000306,-0.542857142857444,0.6571428571417353,-1.5685714285721,3014.028571430891,3711.485714287368,-2.3800000000007517,-1.8171428571436496,2.745714285715435,-1.9971428571434942,73.14285714288742,-98.4857142856926,0.2800000000001519,0.925714285714396,1.057142857143232,0.09428571428569468,-0.6057142857140371,0.08480701401087622,24.44749774994067,5,43.53080092592593,0.007894736842105263,0.5504032258064515,0.0
12086001301,0.0885397349544162,Moderate,41.015625,0.1911700631744428,0.4631464439786454,0.1433627508368854,0.0785422583047573,0.3922773622043351,0.3640628266522866,0.5647938568412066,0.2389773755120002,0.9160559158906416,9.8,21.5,11.2,56.1,7.5,23.0,6.0,33021.59459459459,1484318.2027027027,False,16.116284722222222,12.276856671064335,18.62427536231884,2170.0,13.5,114.66666666666667,0.7951612903225806,6.0,23.0,13.0,0.9253456221198156,0.0,-0.7046205789011131,-2.0377545134460595,-1.2643398930823495,0.24246999000285485,-1.971873797211653,0.7545857577485401,6509.164997197051,1613.2747244071343,-0.10507548350496199,-5.562315128862938,2.3053755269675813,-0.6055303881087317,172.1623516453393,62.98426359271663,-0.4599419270717272,0.5243108566174841,-0.6229345734281859,0.6995972706173655,0.46183897605782703,0.0732746647084902,16.120282617607685,4,52.682101449275365,0.009903270382312299,4.404032258064516,0.0
12086001302,0.0502641658886934,Low,10.546875,0.1167129994142991,0.4306646743801814,0.0665574449543218,0.0800173537483609,0.2823174647164821,0.3117906455577242,0.6148155058741603,0.1668685538742764,0.8643824020041798,4.9,10.5,5.3,49.5,2.7,13.0,4.0,57873.75903614458,1472721.2048192772,False,27.071367521367524,13.26052652831499,19.1658547008547,1083.0,9.5,56.0,0.9090489381348107,4.0,13.0,7.0,0.9409048938134811,0.0,-0.568571428571452,1.0571428571431112,0.0685714285716203,-2.3171428571431862,-1.3314285714288139,-0.20571428571446163,10089.571428574956,5060.400000001801,-0.6542857142858779,-4.2228571428583175,3.71714285714385,-0.1628571428570814,141.171428571463,129.5428571428707,0.711428571428684,-1.162857142857452,1.3800000000000683,0.011428571428174137,-0.4400000000000933,0.12658741482285446,12.796901766135809,5,23.68731196581196,0.009686346863468634,0.9549861495844878,0.0
12086001401,0.2152989034684108,Critical,98.046875,0.3656968934897812,0.5887359376062816,0.3028373778081282,0.531851911248317,0.481471656215972,0.36691793230505,0.6185477738841342,0.428556409171434,0.9448904143779352,36.1,28.0,51.1,59.5,6.2,14.0,4.0,23286.409090909092,1660578.3636363635,False,18.3125,16.889158014604444,17.943055555555556,939.0,6.0,53.333333333333336,0.7396166134185304,4.0,14.0,5.0,0.8636847710330139,0.0,-0.8000000000006307,-2.0000000000006506,0.4685714285712319,-0.9114285714285164,0.9457142857149449,-1.8942857142861298,2288.600000000903,1052.2571428576134,0.05142857142865994,-2.34000000000122,1.9000000000006438,-0.19714285714298965,91.02857142860186,-84.77142857151681,0.5714285714290733,-0.8400000000004756,0.022857142857370692,0.3857142857144103,2.4771428571433813,0.18231081498022236,14.779371102170483,6,218.65569444444444,0.029787234042553193,7.2907348242811505,0.0
12086001402,0.1308091013077372,High,74.0234375,0.2425355357745182,0.5393399399803768,0.1845476871003042,0.5111445741222015,0.3795533876210791,0.324092316495663,0.5705628186984748,0.3005233844487322,0.9113466029644656,19.1,21.4,33.9,57.8,1.2,24.0,5.0,38018.80281690141,1600057.0,False,20.623529411764704,10.565517812060527,18.794247685185187,2334.0,14.5,141.33333333333334,0.7236503856041131,5.0,24.0,12.0,0.8628963153384748,0.0,-4.1057142857155196,-2.0371428571430696,-2.9514285714293327,-0.7971428571430086,0.7571428571428263,-1.4428571428569956,2106.5142857147266,2034.0571428575186,-2.917142857143331,1.0542857142864348,2.3457142857140587,-1.8828571428576206,87.71428571431633,-253.60000000005368,0.24285714285723248,-1.2400000000003921,0.18857142857126466,1.2742857142855313,-1.780000000000574,0.13768773510461282,16.729832335862124,6,99.42986921296293,0.009164882226980727,5.913881748071979,0.0
12086001501,0.2767513940673751,Critical,99.609375,0.4668463769854928,0.5928104141118249,0.4222324242597368,0.4649344967718342,0.5251601804845722,0.4129190407654948,0.6035952136262551,0.5114603297112488,0.957443138910968,39.7,48.5,75.2,42.6,15.6,15.0,5.0,16663.194805194806,1489660.5064935065,False,31.095000000000002,17.386698092031427,19.222055555555553,1080.0,11.666666666666666,55.666666666666664,0.7777777777777778,5.0,15.0,8.0,0.9787037037037037,0.0,-3.062023053290256,0.6275488431092265,2.0390290223523055,-0.36324469746170074,-0.6991269565719648,-1.8500184313627481,3476.6367418200766,632.3076592727357,-0.9077742017278358,-0.814075100756923,2.337142857143742,-0.6915707409169982,127.3638458416568,1.0838920609500473,1.4343983935953168,-1.91868779415348,-0.3380675083851226,-0.33355484034623206,1.263043547614661,0.17357889855895223,18.88550833470252,5,189.68439444444456,0.04486586493987049,10.777777777777777,0.0
12086001502,0.1792218187902603,Critical,94.53125,0.3254096387876573,0.5507575604028425,0.2240195060713032,0.4440031828782302,0.4538648823170447,0.3962630696344625,0.5183982383134533,0.4267997715040114,0.941258428871022,30.1,17.5,58.2,59.9,5.4,29.0,8.0,23199.73943661972,1434184.3169014084,False,29.904,20.96257401602229,18.86743295019157,1913.0,16.833333333333332,97.0,0.8240982749607946,8.0,29.0,18.0,0.9529534762153685,0.04704652378463147,-1.6742857142858656,-0.33714285714308356,-1.1257142857151088,-1.5657142857148976,-1.4800000000003586,-2.077142857143084,1302.857142857609,1118.6857142862127,-1.3885714285719377,0.11714285714287512,0.09428571428563236,-1.0885714285716677,57.22857142859835,104.65714285715471,0.760000000000627,-0.19142857142885722,-0.25142857142853187,3.3742857142871086,1.4228571428578887,0.1851983775624981,21.56722650914915,6,154.49026819923372,0.009143155694879834,3.078280188186095,0.0
12086001607,0.1281141877704268,High,72.0703125,0.2353930434270086,0.5442564737906234,0.1226652514049805,0.4160182468515759,0.4643438887322433,0.3469385925242244,0.557605675921558,0.3481208354490369,0.9363759649235152,16.7,9.5,61.8,47.4,2.1,29.0,7.0,21933.736434108527,1431468.465116279,False,120.0,120.0,0.0,0.0,0.0,0.0,0.0,0.0,0.0,0.0,0.0,0.0,0.78857142857184,0.6571428571429484,4.911428571429408,-0.8285714285717318,-3.8857142857141143,-0.3800000000001206,5720.485714285905,1157.5714285715867,0.9457142857146675,-5.840000000001643,3.84285714285775,0.5628571428574222,57.42857142860597,-555.3428571428259,0.8714285714285861,0.20285714285740264,2.7828571428575986,-0.30857142857202396,-2.62285714285756,0.10272394574366678,26.99051207024044,0,400.79999999999995,9.5,9.5,13.169142857149728
12086001603,0.0699425870602431,Low,23.2421875,0.1435552911324901,0.4872170611648975,0.1173332073171676,0.0739165612098832,0.4677903030738208,0.3300079519988433,0.6219350894040478,0.1697773749478126,0.9424354001378924,10.2,14.7,22.2,24.2,3.5,17.0,4.0,20020.019607843136,1330080.9607843135,False,29.0,37.529901960784315,16.48921568627451,501.0,2.5,27.0,0.562874251497006,4.0,17.0,6.0,0.6786427145708582,0.0,-1.3485714285717396,0.4771428571427236,-0.8171428571429603,-0.7000000000005019,-11.44000000000316,0.06857142857133243,2784.9428571443027,1432.3142857147764,-0.31142857142876484,-4.474285714287192,2.0285714285722203,2.7428571428578885,184.17142857148323,79.31428571435072,-0.9028571428576933,-0.037142857142671265,-1.942857142858242,-1.4857142857150825,-1.5628571428572335,0.1529340480425149,30.773440368387384,5,76.61,0.029282868525896413,6.425748502994011,0.0
12086001605,0.1885780213070562,Critical,95.3125,0.3166595140637686,0.5955229921469549,0.2762013425380176,0.4881606335195707,0.5260042104536304,0.3913940465664603,0.6341907305074466,0.3571176855895196,0.9378653396876664,28.6,30.3,57.0,46.3,0.0,10.0,4.0,15322.615384615385,1375810.2692307692,False,16.554166666666667,36.787240740740735,15.258138888888888,389.0,3.0,19.333333333333332,0.6375321336760925,4.0,10.0,5.0,0.7686375321336761,0.0,-1.6198788307419063,1.682942571542974,0.07449405567267765,1.239989539345157,-2.91427002330286,-2.154233411009235,2859.535311091238,1921.374716488201,-0.10286498834873711,-1.5800993762271738,4.311434673479039,0.2371960321411372,57.02611317457509,-30.845644853444952,1.0657953557939932,0.03428309912183576,0.8086577289786283,0.4969615391161526,-1.7828763207255156,0.13134589238479955,31.033776662472224,8,250.0172277777778,0.0776923076923077,10.982776349614397,0.0
12086001606,0.1298438486712198,High,72.8515625,0.2304780106735056,0.5633676214567653,0.1705894709029956,0.4620563551555338,0.4703247865317038,0.3327176947132033,0.6144344857020914,0.2903665504440156,0.9373047851812948,17.7,18.7,44.7,42.8,1.6,12.0,5.0,19781.16129032258,1331559.5161290322,False,19.767592592592585,20.982786195286195,18.200671296296296,715.0,3.0,36.666666666666664,0.558041958041958,5.0,12.0,9.0,0.7020979020979021,0.0,2.3314285714294893,-0.4857142857141037,1.802857142857838,0.39714285714238895,-0.5199999999996571,-0.11999999999989075,1671.5142857144776,1101.571428571716,0.45428571428594566,-0.5457142857146778,-0.7942857142856479,0.10857142857154099,55.40000000002314,-48.71428571430631,1.2685714285717529,-1.822857142857323,1.2257142857147107,-2.9914285714295494,-2.1971428571435836,0.1336001163970296,37.20723921720251,6,102.64811805555556,0.02611731843575419,8.264615384615386,41.26628571430196
12086001701,0.1478574395762227,High,84.765625,0.2681360249087907,0.5514269842201099,0.1580404050978133,0.4615197469791583,0.4307967482569376,0.340346662662863,0.6029533661297931,0.378231644719768,0.9215183970717976,26.2,8.1,38.6,52.7,12.1,20.0,4.0,25501.42307692308,1399104.1153846155,False,24.160555555555558,30.716749999999998,18.080430555555555,780.0,4.333333333333333,41.333333333333336,0.8416666666666667,4.0,20.0,9.0,1.0,0.0,-3.0228571428583186,-1.2057142857142753,0.21428571428624715,-1.2457142857144454,-3.1885714285724145,0.6828571428572601,4440.08571428705,1798.9142857146467,0.7142857142861266,-1.811428571429612,1.6485714285719621,0.09714285714271831,95.4000000000272,169.48571428575136,0.8485714285717189,-1.9628571428574408,1.382857142857683,0.06285714285743986,-1.4314285714292079,0.14661439507575294,27.780404444895428,9,155.09271944444444,0.010371318822023046,1.2825,0.0
12086001702,0.1436120769880927,High,82.6171875,0.2737464363982973,0.5246171562180235,0.143223864751279,0.4997200967725274,0.3194904218623091,0.3271113304765964,0.6087405092436597,0.4042690080453155,0.8680234227350246,22.2,10.8,35.5,74.4,10.6,14.0,4.0,48079.81034482759,1482971.103448276,False,12.611825396825397,21.59460227272727,18.179464285714285,998.0,8.0,52.666666666666664,0.7835748792270532,4.0,14.0,11.0,0.9217391304347826,0.0782608695652174,-3.0457142857149515,-4.377142857144054,0.517142857143103,0.02571428571419939,1.5314285714288025,-1.0600000000003567,3836.0285714295615,1767.3428571433776,-1.1400000000003796,-0.5000000000003189,0.8257142857142682,-1.511428571429065,105.42857142859837,-66.5142857143108,1.1428571428574017,-0.7228571428574959,0.8857142857147329,2.605714285715747,-1.4628571428581454,0.14508998297958803,23.397974470079582,5,129.21589285714285,0.010810810810810811,2.3373913043478263,0.0
12086001705,0.1067499290867614,Moderate,57.8125,0.2050285520264865,0.5206588449835561,0.1001117213645062,0.4230305791032346,0.3986961968892844,0.3221677630786284,0.5773580879214681,0.3099453826884668,0.882041597925165,16.6,6.1,49.9,40.9,4.2,28.0,4.0,31833.773333333334,1479247.3866666667,False,120.0,120.0,0.0,0.0,0.0,0.0,0.0,0.0,0.0,0.0,0.0,0.0,-2.5457142857144563,-0.9571428571427978,3.0428571428576414,-0.29428571428545003,-1.114285714285042,0.4628571428574089,6109.200000001311,1212.5999999999287,-0.7142857142860102,0.008571428571201443,0.9400000000003264,-0.40857142857149725,96.028571428602,-284.14285714276707,-1.1342857142865077,0.3914285714292229,0.10285714285716728,-2.6228571428576517,-2.8171428571430184,0.10272394574366678,26.99051207024044,0,398.40000000000003,6.1,6.1,0.0
12086001801,0.1499164254118374,High,85.7421875,0.2811344398028582,0.533255283546777,0.2402654617570766,0.41612355914712,0.3907224154154385,0.3764301232369581,0.5659565727699529,0.3220034178486397,0.9170437471644146,31.6,20.8,23.9,52.8,5.8,22.0,7.0,32127.105263157893,1432539.0131578948,False,35.740277777777784,20.727178030303033,18.58215909090909,1309.0,9.0,64.0,0.7532467532467533,7.0,22.0,11.0,0.8770053475935828,0.0,-3.7171428571441956,-1.1257142857147295,-5.614285714286874,-1.7628571428572595,-4.174285714287171,-2.5371428571437202,2223.4571428585896,1673.7428571434348,0.1485714285715642,-1.6800000000005777,1.865714285714544,-0.5114285714286554,122.9714285714699,-164.74285714294498,3.3600000000012047,-3.9400000000013993,1.5342857142859658,0.519999999999702,1.437142857143608,0.17657883917882047,21.916681799850657,9,171.20377272727274,0.01587786259541985,5.132467532467532,0.0
12086001802,0.1366213938419767,High,78.3203125,0.2806990047524798,0.4867184832466698,0.1744600447554025,0.470494563392536,0.2394508353170127,0.3376444996484033,0.5452312178493608,0.3869379647495571,0.8407713000260362,28.5,13.0,41.5,63.9,5.5,23.0,7.0,73002.4696969697,1488165.0303030305,False,37.37358465608465,18.53342160904751,18.515893719806762,1976.0,10.333333333333334,93.33333333333333,0.7667004048582996,7.0,23.0,17.0,0.770242914979757,0.1715587044534413,-1.8371428571436847,-0.0742857142858778,-1.6114285714292969,-0.9342857142859684,-0.011428571428691097,-0.49142857142853674,3271.542857144164,1250.2857142862176,-1.9971428571433048,0.10000000000014432,1.6771428571430584,-0.448571428571552,150.74285714288843,58.17142857146006,0.29428571428611167,0.8228571428572466,-0.008571428571382076,1.3514285714294105,-0.08000000000028841,0.15703955582855406,19.859876323485647,8,156.2970289855073,0.0065756196256954984,3.0328947368421053,0.0
12086001803,0.1495729533572199,High,85.546875,0.3058486760707942,0.4890423436804368,0.2432204900403281,0.4300859338191466,0.2485377016764909,0.3204982888880704,0.605949932048431,0.3684768621012604,0.8401398619700453,26.8,31.1,59.7,39.1,5.3,11.0,5.0,70425.22641509434,1504737.79245283,False,21.937708333333333,22.254349556167742,18.580126262626262,674.0,4.833333333333333,36.0,0.7811572700296736,5.0,11.0,9.0,0.8664688427299704,0.13353115727002968,-1.8153293677400648,-1.4619790388855933,0.8412856827853568,2.197873666304567,0.10316998715030301,-2.085024077061365,865.30991097075,1775.5666729714094,0.09526012650209247,-0.7635879520199771,-0.00036540458109072025,-1.3102511566673518,32.32714920398605,-19.536131302987997,1.1740015107231514,-1.6533519025785735,1.7580902023537108,0.40470084671247997,-2.4751789254844576,0.14602195302812876,22.480774840958702,7,145.25261616161617,0.04607407407407407,6.806008902077151,0.0
12086001901,0.2030882110068902,Critical,97.265625,0.3688883285258599,0.5505411673458607,0.285906164064572,0.5138428131974185,0.3980610026265637,0.3593580568206462,0.5636071613091628,0.4518704929871478,0.9178368027755122,36.8,25.5,52.0,54.6,12.2,28.0,5.0,34826.5421686747,1613004.9759036144,False,27.009507275132275,17.225948639556833,18.577311507936507,2057.0,18.166666666666668,113.0,0.6827904715605251,5.0,28.0,11.0,0.8770053475935828,0.0,1.831428571428831,-0.25714285714255264,1.2399999999998979,-0.9657142857143877,0.2685714285711366,-2.5400000000008154,1495.8285714291505,1120.9714285719472,-0.2257142857141557,-2.56571428571561,0.0,-0.3571428571426308,88.97142857145137,-94.28571428577307,-0.11714285714268627,0.757142857142593,-0.4971428571427861,-0.36857142857144354,-0.06571428571425207,0.20412364150302184,17.47066504132663,7,199.55493650793653,0.01239067055393586,8.08884297520661,67.39657142858097
12086001903,0.1838959551956724,Critical,94.921875,0.318469373492833,0.5774368605017868,0.2738458529288184,0.441587236935327,0.4949336616183584,0.4078634865724063,0.5968729642608441,0.3630928940568475,0.945926953121998,24.2,33.7,45.8,50.9,7.4,10.0,7.0,19509.48780487805,1491602.487804878,False,35.250416666666666,19.88870707070707,18.892583333333334,724.0,7.166666666666667,37.0,0.7955801104972375,7.0,10.0,8.0,0.9682320441988951,0.0,-0.46571428571455276,-1.220000000000113,1.2714285714290874,-0.7371428571428861,-2.3885714285723774,-1.8371428571432245,2867.0285714295715,532.5714285716017,1.0257142857139523,0.005714285714283397,-0.27142857142863575,-1.2257142857150527,65.80000000001642,32.4571428571561,-0.3457142857144007,1.4257142857147684,-0.14571428571436204,-0.7114285714284079,1.5371428571430876,0.186046465862854,19.28132700399728,6,123.59948333333331,0.04648275862068966,6.888950276243095,0.0
12086001904,0.1706795520587843,Critical,93.1640625,0.3258790254449723,0.5237512657518522,0.2222742554869453,0.4716163757239469,0.3448577322947257,0.3415150785940707,0.5590460245524181,0.4294837954029992,0.9017211175940988,29.6,19.7,36.5,71.0,12.3,21.0,7.0,43993.849315068495,1547264.6849315069,False,27.252579365079367,20.852141637022587,18.27043650793651,1370.0,10.0,74.33333333333333,0.6631386861313868,7.0,21.0,15.0,0.8992700729927007,0.0,-2.2828571428583873,-1.9971428571434058,-1.977142857143117,0.8657142857143685,0.6885714285715507,-0.6285714285715325,3882.1428571443034,2426.9428571438257,-0.37714285714277423,-4.051428571430209,1.1742857142861525,-0.10285714285731143,130.25714285718524,-93.28571428572945,0.6828571428574799,-0.4885714285719091,0.5685714285717225,0.3342857142860069,0.13142857142869815,0.1716714341074413,19.22572227413922,7,169.59507936507933,0.01436907366885485,6.636167883211679,0.0
12086002001,0.2046099938727424,Critical,97.4609375,0.3912721063811409,0.5229352937145753,0.3171817814521253,0.4948327865366225,0.3309740273886908,0.3130288194588641,0.5935549340701305,0.4653624313101565,0.8822859011185683,40.5,31.4,45.4,54.7,16.1,16.0,5.0,49562.28723404255,1622280.744680851,False,26.262222222222224,14.191640792405058,18.977899305555557,1343.0,10.666666666666666,73.33333333333333,0.7736411020104245,5.0,16.0,10.0,0.8227848101265823,0.0,3.065714285715258,-2.33142857142945,-2.105714285715008,-0.01428571428579586,0.6828571428572157,2.054285714286335,963.0571428573362,734.5428571432202,-3.702857142858328,5.140000000001706,-0.785714285714537,-1.380000000000242,67.22857142860077,-127.65714285717641,2.068571428572331,-0.44857142857142207,1.3171428571432835,-2.954285714286739,-3.2685714285730096,0.1636789795786409,14.686544752380252,6,203.39507812499994,0.023363095238095235,7.107669396872671,124.16142857146795
12086002003,0.2258576094680669,Critical,99.0234375,0.4133188039123336,0.5464489090023887,0.3517061983711393,0.4942653884955619,0.3828193098626336,0.3436827001154973,0.6050178723858302,0.4749314094535279,0.9064592741524208,47.7,29.9,45.6,66.0,8.2,15.0,5.0,37875.232558139534,1621179.6976744186,False,27.5,17.463175765592432,18.017462962962963,989.0,5.166666666666667,57.0,0.7663817663817664,5.0,15.0,7.0,0.691358024691358,0.0,-0.5200000000006584,-0.568571428571935,-0.834285714285979,2.6314285714294305,-1.885714285715087,-3.4800000000011266,3404.0000000013792,1786.0285714291515,-1.6857142857150285,-0.4742857142856049,2.085714285714748,-0.36571428571463255,92.17142857145802,20.37142857148667,-0.24571428571444762,0.1342857142856723,-0.7257142857148124,0.23428571428583775,1.3714285714290428,0.1588053068634046,16.919930186631458,6,285.3670166666667,0.030202020202020202,6.985185185185186,0.0
12086002004,0.1567558863320467,High,89.0625,0.3213079344982602,0.4878680838580271,0.2476502071480161,0.5137192034372349,0.240000712525209,0.2649359614638601,0.59655739661253,0.3949656618485043,0.8241271452513017,28.4,31.7,34.4,66.3,9.7,19.0,4.0,76048.4647887324,1554675.014084507,False,27.17543859649123,12.714941754152282,18.948947368421052,1677.0,11.666666666666666,96.66666666666667,0.8001148765077541,4.0,19.0,10.0,0.7794371051120046,0.0,-0.7800000000002053,-1.8228571428574767,-1.5228571428575666,-1.8228571428579565,1.6628571428577132,0.20285714285707068,2255.6000000008553,1122.3428571431643,-2.900000000000361,3.6628571428575056,0.8885714285717673,-0.9085714285715663,79.11428571431139,-10.94285714286932,0.1200000000001039,0.9942857142858895,1.0428571428574764,0.9485714285713395,-1.437142857143268,0.12510872079779942,15.947633863993554,6,143.4498947368421,0.018891537544696066,6.336358414704193,0.0
12086002100,0.0522223576473299,Low,11.328125,0.1333703979939036,0.391558834890161,0.0819826671724884,0.0716895250643828,0.2170497271253706,0.2707124055434361,0.5825945846530539,0.1847581288153188,0.8157479320645616,10.1,10.0,2.9,42.7,7.7,19.0,5.0,81731.77647058823,1483771.7764705883,False,23.61089065255732,14.235551800996847,19.208157894736843,1723.0,14.666666666666666,88.0,0.9196169471851422,5.0,19.0,12.0,0.9628554846198492,0.0,-0.3142857142856071,-1.017142857143507,-0.46857142857133266,0.6257142857142358,-1.265714285713885,0.27714285714302944,3338.5999999999767,1880.0285714287913,-0.16285714285718242,-5.020000000000247,5.588571428572275,0.6800000000002971,179.0000000000497,144.48571428575963,-0.9228571428573028,0.9742857142862624,0.3542857142859376,0.02571428571466792,0.42285714285734133,0.07120460790959209,12.679025345486,7,48.397605263157885,0.00580046403712297,0.803830528148578,0.0
12086002201,0.0853681900289314,Low,37.890625,0.1808209831428766,0.4721144003595937,0.0858117416262404,0.5259334777622022,0.1980308230514311,0.2300745094813252,0.6264264494462789,0.2758302246595128,0.7801067420567315,17.0,5.0,16.6,59.2,6.1,14.0,3.0,94971.31034482758,1562540.7413793104,False,24.50909090909091,13.211720465964163,18.773194444444446,1265.0,8.666666666666666,79.0,0.724901185770751,3.0,14.0,7.0,0.8482213438735178,0.0,-0.4628571428576139,0.6000000000003898,-0.2942857142855104,-1.208571428572305,1.4028571428581575,0.4400000000001966,1506.7142857141866,2281.314285714949,1.8428571428579366,-2.5171428571437686,1.2657142857145012,0.6028571428573997,59.51428571430619,-145.02857142856533,-0.1428571428572763,0.19999999999997814,0.30000000000019467,1.9485714285721556,-0.6571428571431182,0.11322794321316283,15.72866659995342,6,88.85569444444442,0.0039494470774091624,1.375494071146245,0.0
12086002202,0.1323300078810327,High,75.1953125,0.2555909393131503,0.5177413887857025,0.1568249554799392,0.464868861820067,0.3009521704711779,0.3196256793516887,0.6295836000853606,0.3543569231463616,0.8736766322002185,24.4,11.5,37.4,46.0,12.4,15.0,3.0,56668.49438202247,1588014.4157303371,False,24.333333333333332,23.323187830687832,17.427518518518518,809.0,3.1666666666666665,41.666666666666664,0.7478368355995055,3.0,15.0,5.0,0.8417799752781211,0.0,-0.17356821508129175,-1.9683280742875369,-0.671940987914214,0.6283920537703943,-3.32839205377133,0.6949135260895483,3133.5645695245403,2459.9889020497144,0.874260006368221,-2.920537834093681,1.4534528197643757,0.035080046931321926,149.19051710165374,-232.35850123220803,-0.9893529072587829,0.625252994753522,-0.04283143493977167,-0.3701212416770022,-0.6786546889934058,0.14366043538124812,15.956347390519904,7,160.36854814814816,0.014197530864197531,2.8998763906056864,0.0
12086002300,0.1699904359466129,Critical,92.96875,0.336556435525738,0.5050874623183754,0.2532658556040188,0.4877098250350642,0.2724620223280762,0.3230077833200799,0.5719282802075611,0.4198470154474572,0.8703294007010954,32.2,26.0,46.9,59.7,8.9,22.0,6.0,62548.492424242424,1512549.5075757576,False,30.37228070175438,17.41843697307983,18.626415343915344,1574.0,14.0,84.66666666666667,0.6369123252858958,6.0,22.0,11.0,0.8538754764930114,0.0,-1.2166566476400815,-1.3552952610303197,1.7266867047214998,-3.1722949034223067,1.8625424307297418,0.013896746683158177,2958.253520709339,1584.8833806980308,1.904996464672999,-3.3851078478860477,3.0371428571437598,0.7253253181120631,128.85894628206628,-9.977085639741494,-1.9287057982103053,1.1080109635931292,-0.09304455600250601,-0.7564904464623052,-0.6018193134887967,0.13361893273227657,19.360307175735468,6,173.02942592592595,0.016507936507936506,9.440279542566708,0.0
12086002402,0.1165593164451859,Moderate,64.453125,0.2432868257756494,0.4791024588921756,0.1345749384632743,0.3983390754224574,0.3088105393523399,0.2945141389797616,0.5682354212997281,0.3519987130880245,0.8256131194065908,17.8,14.8,38.4,58.5,9.2,22.0,6.0,49129.45070422535,1433881.1690140846,False,24.644940476190477,20.25247716398434,18.309608585858584,1768.0,9.166666666666666,87.33333333333333,0.8520927601809954,6.0,22.0,9.0,0.5955882352941176,0.0,-1.8799999999998969,-1.5457142857147994,-1.448571428571706,-0.16285714285683436,0.24857142857122563,1.1457142857143967,3888.342857144103,1208.028571428823,-0.03428571428586093,-1.680000000000763,1.2942857142859947,-0.6657142857144177,99.51428571432255,-77.80000000001318,0.034285714285803376,0.8971428571432073,0.5314285714287146,2.931428571429291,-1.6771428571436304,0.13085303859296848,17.388374573095586,7,101.28896717171722,0.008366308648954211,2.1890271493212676,0.0
12086002403,0.1330131135730721,High,75.5859375,0.2621915803281121,0.5073126810808215,0.1981724614020801,0.4388127483577975,0.3175346242463805,0.3174970122325428,0.6300616197183099,0.326210699254144,0.8326574008490764,26.7,20.9,37.9,48.8,4.0,11.0,3.0,49870.87234042553,1522727.0,False,23.82295454545454,19.893620293847565,19.07280303030303,702.0,7.166666666666667,36.333333333333336,0.8034188034188035,3.0,11.0,7.0,1.0,0.0,0.7399999999996419,1.328571428571914,-0.9628571428576523,1.117142857143299,-1.8685714285722677,-0.6742857142858538,4750.228571429884,903.8000000003074,1.5228571428576783,-4.254285714287608,1.4314285714292208,-0.4542857142858832,96.37142857145375,-248.88571428578433,0.7428571428573633,-1.7685714285721619,-0.019999999999894633,-0.5428571428571891,-1.0228571428574997,0.14229540188200923,21.21078548835074,6,131.55615909090906,0.029729729729729728,4.108547008547007,19.75799999999044
12086002404,0.165111268777571,Critical,91.9921875,0.3419351339665429,0.4828730726270631,0.2175654356660671,0.3741851368970013,0.2887520545192805,0.3238614624272462,0.6096515376148437,0.4663048322670187,0.8179151716769442,27.1,26.1,64.3,62.1,10.5,20.0,3.0,56542.95121951219,1487566.6829268292,False,39.403111111111116,23.41907683982684,18.839513888888888,1177.0,9.333333333333334,54.666666666666664,0.81053525913339,3.0,20.0,7.0,1.0,0.0,-3.2742857142863344,1.9542857142864463,1.3171428571430777,-2.1085714285719614,2.00285714285773,1.928571428571824,504.37142857140094,413.3142857144592,-0.4742857142857903,-2.4800000000003997,0.0,-1.3314285714289362,74.2285714285952,-185.62857142865033,1.602857142857544,-1.2028571428574206,0.5800000000001798,-0.6114285714287183,-1.4257142857148641,0.13721198656843575,17.858866472426413,8,139.84917361111115,0.022156196943972837,4.945029736618522,0.0
12086002501,0.1353571111991016,High,77.34375,0.3077258699024636,0.4398626324202259,0.1567965475862029,0.5428534876805733,0.1227363963562664,0.2651642842376671,0.5638554091695307,0.4586551922187243,0.7047035846570919,29.4,15.1,53.7,72.4,8.3,14.0,7.0,127449.70175438595,1420313.3157894737,False,30.059087301587308,17.177560772560774,18.57094017094017,1275.0,10.166666666666666,74.33333333333333,0.6294298921417566,7.0,14.0,18.0,0.6918335901386748,0.23728813559322035,-0.2571428571422466,0.8771428571436944,0.7028571428569358,-1.5828571428576903,3.9600000000012265,-0.06857142857164018,-212.2571428573514,302.5714285715747,2.6000000000010193,-0.3514285714289624,0.5142857142859495,-0.6485714285715741,59.02857142858808,-107.14285714288339,1.7371428571429177,-1.6171428571432416,1.7285714285717675,-1.2942857142864757,-2.0228571428574127,0.13456303835176847,17.753154853633678,4,159.61435897435902,0.01183385579937304,5.595608628659475,0.0
12086002502,0.1341367423076625,High,76.5625,0.3147641490527681,0.4261500005998949,0.2117685641764209,0.4919441568966679,0.1168912139789841,0.2549152334448366,0.5587433311993171,0.4177597339291155,0.7082560674796686,30.6,29.2,35.1,71.6,9.9,21.0,7.0,136016.65151515152,1470627.7121212122,False,29.167367724867724,14.425500186930508,19.266534391534393,1659.0,14.833333333333334,92.66666666666667,0.7371910789632309,7.0,21.0,12.0,0.9861362266425557,0.0,0.8245602417832335,1.1296855545388405,-0.7033603043891954,2.2407187673372246,1.6372446845484114,1.0119716509265686,4129.112000388777,1497.6726750935316,0.4741499444117579,-1.0993550930976572,0.6171428571430333,-1.477210742080518,126.70422248368085,-42.2344660374647,1.0757112979663848,0.500481170056151,0.08298693723510041,-2.1568094079543654,-2.215445733714954,0.1334693411547403,18.02201996215664,8,144.8440476190476,0.017590361445783135,7.674020494273658,25.231543398566945
12086002600,0.0628346315266323,Low,16.9921875,0.1803756754537102,0.3483542410504103,0.1081474258541048,0.0599013359414464,0.1626802405789542,0.239374189105381,0.533971123391064,0.2526039250533157,0.7458443162352059,11.1,17.9,27.7,51.9,2.7,32.0,6.0,110419.86842105264,1513038.9078947369,False,24.8734126984127,15.60851495089752,17.498949652777778,2477.0,12.5,128.0,0.7696293343961738,6.0,32.0,14.0,0.5392586687923475,0.0,-2.694869163201898,-1.9487784588322568,-1.034831521336431,-1.0510051004415983,-0.7456860543150182,-0.5028477323904912,8800.483726911087,7344.655332355123,-1.2738716537652575,-1.2988085096934534,3.9265329962909123,-0.04296065798729118,205.08979717555385,-218.9982822531763,0.416851132685121,-1.956681744290658,-0.44367585343278315,1.5038698343035357,-1.241637421151464,0.11111559753755414,15.2921231845257,8,72.16165885416666,0.007223567393058917,4.123634914308489,0.0
12086002702,0.0493671664238685,Low,9.765625,0.1546309849285525,0.3192579187585124,0.074668175356806,0.483025177886681,0.0610467749714734,0.0987147074347723,0.4982091813239885,0.234593794500299,0.4552937521756469,17.4,15.4,8.3,51.7,5.9,39.0,8.0,179607.04109589042,1454609.3424657534,False,24.32487987987988,11.026627497393614,18.95462962962963,3828.0,27.0,220.66666666666666,0.7927115987460815,8.0,39.0,15.0,0.8380355276907001,0.0,-3.1571428571440676,-0.8771428571430154,-0.5857142857143653,-0.511428571428882,0.2685714285709588,-0.9685714285718491,10111.971428575447,5245.514285716254,-1.345714285714626,-1.571428571428802,2.920000000000332,-0.7171428571432661,240.05714285722067,736.8285714288672,-0.17428571428578377,0.3200000000001171,0.2657142857142206,-1.0057142857145747,-2.7285714285724283,0.08416474986496858,14.325141928348282,9,87.78944444444444,0.0040219378427787935,3.192241379310344,0.0
12086002710,0.0284139523278088,Low,2.9296875,0.0997023990149083,0.2849876493298837,0.055001233492394,0.0654698952518462,0.0967056427769303,0.1446241745750416,0.5735718658040748,0.1444035645374226,0.5445666682415256,12.4,7.8,3.5,37.2,0.9,14.0,7.0,139103.75862068965,1354848.3103448276,False,120.0,120.0,0.0,0.0,0.0,0.0,0.0,0.0,0.0,0.0,0.0,0.0,1.9657142857151075,1.5342857142867967,0.37428571428571517,0.188571428571913,-2.162857142857103,-0.21999999999997552,5754.457142857745,6966.342857142164,1.9228571428577474,-2.0800000000010033,1.8542857142865794,-0.4000000000001396,140.05714285720882,-632.199999999917,1.4685714285711884,-0.6771428571431645,2.334285714286019,2.5714285714291134,1.608571428572044,0.10272394574366678,26.99051207024044,0,297.6,7.8,7.8,24.374857142867334
12086002705,0.0523997648941959,Low,11.5234375,0.151900997355124,0.3449599792402442,0.0869463003645363,0.0610663684754976,0.1109291430004281,0.211416859088029,0.6513375227441203,0.2168556943457116,0.6900500028931459,5.3,19.9,19.1,43.2,7.9,4.0,3.0,138720.76470588235,1454302.705882353,False,25.483680555555555,13.770416666666666,19.456944444444446,318.0,3.0,16.333333333333332,0.8364779874213837,3.0,4.0,4.0,1.0,0.0,-0.8600000000000251,2.0085714285711975,2.0714285714282377,1.4142857142861573,3.0285714285720036,0.45999999999978847,10964.54285714829,6537.22857143148,-1.0742857142857904,-3.4800000000008877,5.634285714287466,-0.3114285714290327,215.0857142857831,367.97142857147037,-0.5257142857142361,0.24285714285725207,-0.7285714285715966,1.448571428572782,-1.1714285714296975,0.047677324781324935,11.474202951134409,4,24.07819444444444,0.06238244514106582,3.2540880503144645,0.0
12086002707,0.0323124626362504,Low,4.1015625,0.1085413197378462,0.2976973443320285,0.0316909471384888,0.0566666944567183,0.0810133237583713,0.142912534584623,0.6519126401150122,0.1853916923372037,0.5559815287454178,8.8,2.6,3.3,57.1,1.4,4.0,3.0,158721.45454545456,1425362.5454545454,False,120.0,120.0,0.0,0.0,0.0,0.0,0.0,0.0,0.0,0.0,0.0,0.0,0.8085714285714263,-1.5971428571438293,0.4600000000002444,-0.4342857142853702,4.022857142858812,-0.12857142857148307,6956.457142859859,8460.77142857408,-0.2542857142857575,-4.274285714287265,3.002857142858285,3.171428571429762,185.7714285714765,-150.88571428558402,0.1371428571428976,-0.5114285714293944,0.022857142857273353,3.7485714285719367,3.311428571430144,0.10272394574366678,26.99051207024044,0,211.20000000000002,2.6,2.6,7.115428571428552
12086002800,0.1430650541883407,High,82.03125,0.3331967209646652,0.4293711347883056,0.2424314805874665,0.4750688339427947,0.1263773536054864,0.2269866016321375,0.6335881938360626,0.4239619613418638,0.6848346909250467,44.1,26.7,25.5,63.4,12.3,7.0,4.0,124842.5283018868,1417716.716981132,False,23.928571428571427,15.780395497359782,18.22765873015873,524.0,3.6666666666666665,29.0,0.7175572519083969,4.0,7.0,5.0,0.8625954198473282,0.0,-1.6714285714293133,2.174285714286903,-2.265714285714856,-1.3914285714288357,2.1514285714292947,0.9971428571431622,2731.514285715377,4425.885714287129,0.12000000000016951,-2.9942857142868937,-0.2771428571439823,-1.517142857143454,193.6571428572012,38.171428571440266,-0.6285714285716568,-0.5057142857142816,-0.3000000000000851,-0.6771428571426309,-1.3114285714288572,0.09557637340783982,13.464092009443878,5,254.56025000000002,0.05085714285714286,7.541221374045802,0.0
12086002900,0.1224448258766545,Moderate,68.9453125,0.3070983394259375,0.3987153629861434,0.17929829863455,0.5788434778178579,0.0893776699931357,0.1879304543706095,0.4913052176696542,0.4348983802173251,0.6461199950794594,32.1,23.4,47.7,62.9,9.9,25.0,11.0,147948.32098765433,1387379.3086419753,False,26.0495202020202,12.915565223793022,18.1831,2258.0,16.166666666666668,131.66666666666666,0.718021978021978,11.0,25.0,24.0,0.6632967032967033,0.13538461538461538,3.5485714285726866,-0.225714285714509,-1.4000000000007313,-0.5314285714287352,3.148571428572651,0.7485714285715493,1919.2857142862424,979.6571428574404,0.07714285714290209,1.0057142857143553,0.5342857142859353,-1.2914285714287783,91.37142857146175,-291.74285714294376,0.4857142857144721,0.14000000000016788,0.32285714285716854,0.7685714285715882,-1.5285714285721925,0.11759173525629357,16.836513761490522,10,186.72249000000002,0.010358565737051793,6.598285714285715,113.90914285718324
12086003001,0.0938241184193237,Moderate,45.703125,0.2736361317355981,0.34287912865974,0.1967519137877055,0.5415554417396201,0.0358175727599252,0.1324257261926216,0.4677567558460812,0.3505203496834907,0.5368401467604518,38.3,35.0,29.3,57.3,2.4,36.0,12.0,199392.4929577465,1417227.1126760563,False,21.448464912280702,17.984796518200497,17.62096405228758,2932.0,15.0,173.66666666666666,0.5668896321070234,12.0,36.0,21.0,0.4963210702341137,0.1551839464882943,3.49428571428573,0.15999999999988546,-0.6142857142863009,-0.05428571428600503,2.4542857142857883,-0.16571428571429855,2768.885714287389,1762.1714285723099,-1.6542857142858542,-1.677142857144221,0.03142857142857438,-0.7571428571430858,117.17142857147232,137.48571428573206,-0.2371428571430208,0.008571428571491862,-0.7485714285713357,-1.2371428571435525,0.9428571428568683,0.1046179632628897,15.569708641800622,7,244.31707679738568,0.011933174224343675,15.158862876254183,133.83114285714345
12086003006,0.1199658710819174,Moderate,67.1875,0.2631216171396345,0.4559331627178828,0.1759039538441676,0.3894023193577164,0.2400637256652679,0.2640063615990746,0.6026568642316419,0.3503392804351015,0.7835365427357136,23.2,21.7,37.5,57.3,6.8,15.0,5.0,68137.42857142857,1393402.238095238,False,120.0,120.0,0.0,0.0,0.0,0.0,0.0,0.0,0.0,0.0,0.0,0.0,-4.228571428572732,-1.942857142857639,-1.2400000000001488,-1.2714285714290119,-3.965714285715525,0.2371428571426007,4585.485714287331,1611.5428571435543,-0.9971428571430847,2.0000000000007363,-0.5742857142858029,-1.4028571428576309,95.65714285717225,-245.0285714285191,0.688571428571327,0.6685714285717003,0.182857142857446,0.7914285714289337,-1.8028571428577982,0.10272394574366678,26.99051207024044,0,556.8,21.7,21.7,0.0
12086003004,0.0983388735384432,Moderate,50.390625,0.2492099132918785,0.394602575152246,0.1727560711252417,0.5578439029566322,0.0893406469951933,0.1889479491890461,0.5198944083159243,0.3256637554585153,0.6169859683044345,29.5,26.5,36.7,54.8,0.0,29.0,10.0,149272.5283018868,1399528.8867924528,False,35.28484848484849,13.536049735449735,12.080057471264368,1395.0,6.5,108.66666666666667,0.5617569352708058,10.0,29.0,15.0,0.45904887714663145,0.10039630118890357,-0.815101042049414,0.1713897462971691,-2.3258695862419825,0.31018267153333823,1.7832523855419011,-0.8826436046334802,3909.016000108424,2744.606522907555,-1.2576864089856765,3.7098173284679112,0.4191070219731516,0.4731403729033983,106.12693883893958,-143.95048234186427,1.0537227498777961,-0.38421602246345804,1.3425853669363919,0.515065712602076,-3.1668013894007285,0.11094275358038803,17.05094630199262,4,351.63830459770116,0.018982808022922636,11.613441215323645,0.0
12086003100,0.1090985009043813,Moderate,59.9609375,0.3141240396527897,0.3473102568812341,0.1757891894011526,0.4666490689927021,0.0472201411658914,0.1493460644537729,0.5117092065952333,0.4524588899044266,0.5616268031985708,37.3,25.3,48.9,32.4,24.4,30.0,9.0,186609.5205479452,1406977.2602739723,False,25.37013888888889,13.344252188204715,18.35971193415638,2699.0,11.333333333333334,145.0,0.8038162282326787,9.0,30.0,16.0,0.6672841793256762,0.0,-2.4485714285721882,-0.18285714285640292,1.1085714285723403,2.848571428572607,-5.131428571429909,0.09142857142857592,5264.028571429965,2015.1142857149678,-2.851428571429214,-0.1057142857146813,0.011428571428563053,-0.028571428571398168,50.51428571429615,17.19999999995622,0.15142857142861332,-1.6114285714291765,0.7028571428575413,0.7742857142858809,-1.725714285714763,0.10165674847497223,15.600966083929942,6,210.38274485596702,0.009370370370370371,4.963449425713228,0.0
12086003400,0.0995825774666738,Moderate,52.34375,0.2819167722885725,0.3532339585838485,0.173518002900605,0.6261029645146956,0.0217172111001351,0.134906476564923,0.4890898561223802,0.3903155416765399,0.4943532846171085,25.5,44.7,41.6,61.3,9.1,31.0,11.0,224374.70967741936,1482585.430107527,False,21.32951388888889,20.29744568290279,16.568509259259258,1735.0,8.666666666666666,113.0,0.5613832853025936,11.0,31.0,26.0,0.6985590778097983,0.17752161383285303,0.23714285714309202,-1.9571428571437186,-0.7657142857148873,-1.0628571428573186,-0.4771428571432398,-0.7171428571428361,3980.2571428584124,2505.514285715134,-0.8971428571431684,-3.5657142857159356,2.837142857143937,-1.8628571428575988,130.62857142861372,219.28571428578147,-1.4457142857147662,-0.8628571428574396,-0.27142857142877064,-1.108571428571669,-4.005714285715775,0.0724279160620836,12.431923865990996,5,189.50301388888892,0.025748847926267283,19.606167146974066,6.047142857148847
12086003606,0.053887809333595,Low,12.6953125,0.247557493883065,0.2176779562934547,0.1004030817146536,0.5260814763926723,0.0108703985479482,0.0819089504538355,0.214375,0.3947119060514765,0.2551539560728174,33.5,45.2,50.1,47.9,7.3,33.0,19.0,234843.93023255817,1467071.7906976745,False,120.0,120.0,0.0,0.0,0.0,0.0,0.0,0.0,0.0,0.0,0.0,0.0,-1.29206963350349,3.468643730215012,-1.6705893172423607,2.083667758637952,1.0626725643234938,1.0314098586138127,2648.9930529416956,1494.7156501875452,1.0973024852576372,-4.776006747530474,1.34807383141428,1.7867219552401883,126.15720090581489,-267.18406541347696,-0.34841803806383403,-2.0136534394341448,0.5720483710686851,-0.9785358469343133,1.6118700301415811,0.10272394574366678,26.99051207024044,0,804.0,45.2,45.2,0.0
12086003605,0.1123613966526053,Moderate,61.71875,0.2894503384919881,0.3881888590560948,0.2018548688980392,0.4876577955061005,0.0639232744751086,0.2022548736114123,0.6224793477772536,0.3770458080859371,0.5646290039105992,36.1,35.4,45.7,54.3,1.6,7.0,4.0,170860.125,1404518.6041666667,False,120.0,120.0,0.0,0.0,0.0,0.0,0.0,0.0,0.0,0.0,0.0,0.0,1.6828571428576125,-1.1314285714293726,-1.2371428571438774,0.6942857142861225,2.6971428571450327,0.2942857142860162,1322.2571428577714,5992.628571430437,-1.0057142857143897,-0.805714285714602,0.8428571428576738,-0.05999999999999182,115.60000000004109,-567.2571428570442,-1.9200000000015407,-0.6942857142856229,-0.8371428571440134,0.1542857142859334,-0.38285714285664046,0.10272394574366678,26.99051207024044,0,866.4000000000001,35.4,35.4,60.75114285715981
12086003710,0.0336651502721435,Low,4.6875,0.1404865440946868,0.2396325604639653,0.0283311329407362,0.473723508352753,0.0292112873145074,0.088393882550393,0.3736560752072242,0.2526419552486375,0.2331780488949486,17.0,7.3,6.9,57.0,7.8,32.0,14.0,216161.27835051547,1484785.1340206186,False,120.0,120.0,0.0,0.0,0.0,0.0,0.0,0.0,0.0,0.0,0.0,0.0,0.6313160813874523,0.6236299502758351,1.2533067820995918,-0.2676651595748009,3.9750138205642593,0.7635433060611458,5200.272442171885,3025.142589476113,-0.3764965207902878,0.9293135158742004,3.391695494585079,-0.10406804563802038,215.55907582917882,642.3098790871785,-0.5968032707971591,0.511522206155425,0.1895573512703606,-2.373445117967448,0.3658219014656571,0.10272394574366678,26.99051207024044,0,408.0,7.3,7.3,10.73237338358669
12086003703,0.0113437413024136,Low,0.1953125,0.0764417069457997,0.1483972788631838,0.0149732004030018,0.078399280303603,0.0299778798305237,0.0,0.5077840207111889,0.1379102134885977,0.1258252134706033,5.9,17.9,5.4,33.3,4.3,6.0,7.0,212212.14285714287,1463452.2142857143,False,5.7283333333333335,5.686772486772486,16.91175925925926,1506.0,6.833333333333333,89.33333333333333,0.7702523240371846,7.0,6.0,8.0,0.16666666666666666,0.7908366533864541,-0.17428571428564868,1.488571428572058,0.8714285714288499,-0.714285714286032,-1.8342857142856872,0.8200000000002037,5728.02857142997,5453.171428572982,-0.9685714285716523,-2.3628571428580183,4.3628571428580925,0.8000000000001907,119.77142857147419,149.4857142857188,0.037142857143050385,-1.342857142857581,-0.5971428571428661,1.4771428571433964,0.439999999999896,0.018837087861614102,8.557990860118927,4,41.82062037037037,0.01187790311877903,4.112483399734396,0.0
12086003704,0.0252354104004259,Low,2.34375,0.114309886593951,0.2207631478987163,0.0257184631442339,0.5471644564104982,0.0205749893147341,0.0582366974115605,0.3883840723768448,0.2029013100436681,0.0894555239799443,17.7,39.8,14.4,44.2,0.0,14.0,14.0,224505.35294117648,1474707.3529411764,False,6.375854700854702,4.699315053571185,17.07125,3637.0,16.666666666666668,227.66666666666666,0.8076711575474292,14.0,14.0,24.0,0.20511410503161948,0.764366235908716,0.822857142857714,2.917142857144127,0.45142857142869275,0.08857142857127898,2.077142857144186,-0.08571428571427482,-1045.171428572838,1818.571428571901,-0.35428571428552225,-1.6085714285720423,2.7371428571440455,-0.17428571428579492,123.20000000004372,-28.800000000007163,0.6600000000002603,0.47142857142850186,-0.2885714285715057,1.3314285714291842,-1.6428571428576055,0.01443448613191918,7.4146621701985325,7,122.63887500000001,0.010940076965365584,7.654687929612316,14.564571428581537
12086003705,0.0155739243919666,Low,1.171875,0.0888970036549979,0.1751906560586422,0.0051074513369414,0.116400561944799,0.0181870531713512,0.0500012048483096,0.6178759518835502,0.1726865559730543,0.0734885084452012,4.6,9.3,5.6,53.1,2.1,2.0,6.0,232051.33333333337,1505557.3333333333,False,15.428571428571429,6.778601694915254,18.866666666666667,359.0,2.0,26.333333333333332,0.552924791086351,6.0,2.0,16.0,1.0,0.0,-0.6371428571431265,1.4800000000003752,0.2485714285713241,-0.15428571428587493,0.21428571428515014,0.2685714285715029,11538.57142857641,8363.628571431424,-1.5085714285719685,-3.102857142858203,4.99428571428756,-1.0400000000001695,119.51428571432929,52.342857142871395,-0.4428571428572801,-0.3514285714286471,-0.26857142857142463,4.508571428573378,1.645714285714504,0.01979826963148585,5.333018972569483,5,23.61333333333333,0.025833333333333337,4.157799442896937,0.0
12086003706,0.0143611288625458,Low,0.9765625,0.1091174366531187,0.1316116773178927,0.0292453587332709,0.0889184484554044,0.0,0.058616797068326,0.3778911286699463,0.1889895145729664,0.1326320123957867,9.0,35.1,6.7,51.9,2.7,9.0,18.0,249076.1923076923,1470880.6923076925,False,11.57161172161172,5.96672289156778,17.25185185185185,2155.0,10.0,144.66666666666666,0.7403712296983759,18.0,9.0,27.0,0.44779582366589327,0.5522041763341067,2.420962914068276,8.147211565889725,1.1926925602191902,3.1140621121211045,12.958359506712542,0.5282666399971155,14022.752456978493,5959.654079289252,3.2720405332917037,6.3712555091364305,3.843290509247684,5.270259357685738,504.95372278935673,246.94178438365563,-1.3654857852311966,1.3815188597740735,0.3427408003961762,-0.013802296535036822,4.96404985125567,0.039711695759733476,9.499977385614924,6,60.73333333333335,0.016280148423005566,9.112969837587007,21.788666226614485
12086003707,0.0184548707798676,Low,1.3671875,0.1144722818450838,0.1612169381304267,0.0330908349741458,0.0792991877243032,0.0108455343805712,0.0720017349815658,0.4537610210706022,0.1958537287160218,0.1901772124950912,12.5,22.3,8.5,46.0,3.9,13.0,10.0,229406.0,1432916.642857143,False,11.167118055555555,6.224547111070472,17.891431623931624,3106.0,14.5,180.0,0.7664198325820991,10.0,13.0,17.0,0.41178364455891825,0.5112685125563425,-0.2342857142855996,0.18571428571447535,-3.0314285714292324,-0.18000000000000363,1.771428571429532,0.5885714285716201,14286.228571432068,8333.057142859967,-2.462857142857946,0.9571428571431225,4.985714285715594,0.9228571428574925,174.9428571429104,34.314285714298485,0.4000000000001154,-1.5800000000003491,-0.6657142857146907,0.8085714285715316,0.06571428571411715,0.01979826963148585,5.333018972569483,3,76.3571047008547,0.007177341486964918,5.20883773341919,0.0
12086003801,0.0771308431460464,Low,29.6875,0.1439010329772101,0.5359992319044842,0.0644058917107137,0.0712003946994652,0.5304400138603487,0.4793448838124613,0.6377289013185974,0.2233961742437065,0.9612819658315482,7.1,6.3,5.7,64.9,4.7,12.0,3.0,10052.644444444444,923578.1111111112,False,22.626984126984127,15.97809523809524,14.109884259259259,582.0,4.166666666666667,25.666666666666668,0.5919243986254296,3.0,12.0,4.0,0.865979381443299,0.0,-1.3542857142858113,-0.9257142857143519,-0.47142857142846795,-0.6000000000008417,4.494285714286756,-0.9228571428572974,133.79999999928097,577.8000000002712,-0.2485714285716782,-2.8714285714291274,3.9342857142869234,0.3485714285714558,153.34285714290783,-5.314285714286404,-0.7914285714285827,0.4142857142857441,0.0885714285718516,0.3685714285714089,1.7628571428575264,0.0977587599168646,18.424535768919576,1,70.21982175925926,0.010806174957118353,2.5708762886597936,0.0
12086003803,0.10997315220134,Moderate,60.3515625,0.201382127923747,0.5460919165725626,0.117569391083268,0.3878215935589521,0.4418392370881022,0.3703289235885201,0.6010675275737358,0.285194864764226,0.9294023010535026,18.0,7.3,3.2,71.0,8.7,19.0,4.0,15461.68,898164.32,False,15.563333333333336,11.350501543209878,11.953742690058482,1115.0,6.333333333333333,49.666666666666664,0.7282511210762331,4.0,19.0,5.0,0.9318385650224216,0.0,0.9942857142854867,-0.3885714285710127,0.2971428571428181,-0.422857142856113,5.011428571428704,0.4828571428573733,1889.6000000003933,11658.771428575055,-0.028571428571298456,0.05714285714239435,0.11714285714312345,1.171428571428899,225.4285714286501,10.742857142861444,-0.13428571428581912,0.7885714285714388,-1.3000000000003424,-4.220000000001601,-0.8314285714287222,0.0977587599168646,18.424535768919576,1,216.83263157894734,0.006541218637992831,1.983766816143498,17.89714285713876
12086003804,0.0977587599168646,Moderate,50.1953125,0.1729792257351518,0.5651474013795326,0.1183371246138443,0.4593511010434102,0.445700919356821,0.3766757431905989,0.6158749326100141,0.2276213268564594,0.9281343106968182,15.4,10.1,7.2,58.3,3.1,13.0,4.0,15440.277777777776,915022.5277777778,False,14.000178062678064,18.424535768919576,14.617138888888888,2150.0,12.833333333333334,107.66666666666667,0.6235592438911941,5.0,20.0,7.0,0.8879668049792531,0.0,0.5026726875876061,-1.8303459687063883,-2.047179510785814,1.6554714220308395,-1.1411478670436326,-0.46659067839483426,7276.135448412984,2007.3670814950162,-0.45835031966054335,-0.7577912850079657,1.0627322830629038,0.14097949770169618,-2.323919831991952,-23.149937376259782,-0.8702428636846642,1.2931000065417115,-1.3763913242572257,3.384433515914236,0.5880559034650883,0.1177668365671504,12.58718643154955,4,144.49606111111112,0.004695490469549046,3.8020516366989394,7.741159388849134
12086003906,0.0718370407719043,Low,24.8046875,0.1156353286661122,0.621237831038022,0.0415471854344101,0.1091724898404202,0.5729665690935114,0.4780793165937018,0.9797571649087524,0.1897234718978143,0.9662136147537236,4.5,4.1,0.6,65.7,2.0,0.0,0.0,10225.610169491523,1170694.745762712,False,120.0,120.0,0.0,0.0,0.0,0.0,0.0,0.0,0.0,0.0,0.0,0.0,0.05142857142866702,0.41142857142880895,-0.5457142857144373,-3.471428571429553,4.605714285714674,-0.06571428571424415,-740.1714285693511,381.94285714262446,-0.05714285714284986,-2.1914285714295736,1.3200000000008905,-1.0514285714287788,222.37142857150837,-107.31428571431975,0.9857142857143789,-1.6457142857147773,0.6285714285714332,-1.780000000000606,-0.7971428571429534,0.0414424502727764,9.160429555012767,1,108.0,4.1,4.1,0.23142857142900158
12086003909,0.1461641665518521,High,83.3984375,0.2776253360655848,0.5264799265918694,0.2934244108897312,0.3652302887534476,0.3774225719084866,0.3300079519988433,0.6442180374912954,0.2618262612414385,0.9155207828072734,25.0,39.1,27.0,40.5,2.3,9.0,2.0,22952.956521739132,955405.0,False,9.192361111111111,8.605565611559763,18.420802469135804,1269.0,5.5,61.0,0.6548463356973995,2.0,9.0,3.0,0.9054373522458629,0.0,0.022857142857163757,-1.4485714285716254,0.8714285714291339,0.6714285714289773,0.4342857142857049,-0.39142857142850446,4034.9142857150337,1786.7714285718866,-3.000000000000627,-0.7371428571437428,4.611428571430201,-1.7200000000004054,98.37142857145649,-55.77142857144128,-0.7314285714283909,0.9571428571431244,-0.5085714285713555,-0.38285714285709754,-0.934285714286112,0.12031060502556935,13.875230179064886,3,139.4799382716049,0.030787401574803152,13.495508274231682,0.571428571429094
12086003911,0.1377991843693631,High,79.296875,0.2490732343103925,0.5532476612787673,0.1849183015535451,0.4691343429023857,0.3808802748403105,0.3327176947132033,0.6635144439203001,0.3132281670672399,0.9199915500176374,24.4,15.8,12.8,65.5,8.0,4.0,2.0,22263.967741935485,943455.0645161292,False,9.212499999999999,14.41458333333333,16.69,447.0,4.5,22.333333333333332,0.6375838926174496,2.0,4.0,2.0,0.8657718120805369,0.0,0.20857142857159755,-4.197142857143901,-2.677142857143865,-0.3571428571431252,0.8257142857148145,0.5914285714285878,5683.17142857307,3231.3428571438185,-3.0542857142867073,1.5828571428571931,1.391428571428944,1.2257142857142012,144.11428571433402,-85.94285714289178,-0.6085714285715674,-0.16000000000007186,0.38285714285720973,3.6028571428576766,0.0942857142859953,0.13122448566891437,38.95416820385527,4,178.36399999999995,0.03526785714285714,5.726174496644296,5.08914285714698
12086003912,0.1556011454164604,High,88.4765625,0.2169210472977775,0.7173169563526013,0.1405739988416313,0.6116038094294114,0.5402202997117127,0.4980120002891635,0.9837046123894556,0.2932680957539239,0.9530440599432632,11.3,18.2,29.2,60.5,5.5,0.0,0.0,8260.344827586207,798304.724137931,False,120.0,120.0,0.0,0.0,0.0,0.0,0.0,0.0,0.0,0.0,0.0,0.0,0.5257142857141129,0.5114285714290546,1.9571428571433072,-1.7485714285717406,-0.8542857142863305,1.0371428571430956,6356.571428574218,2464.3714285723845,1.705714285715252,-1.6200000000003756,1.0057142857145223,0.09142857142870732,81.37142857145801,13.828571428601844,0.017142857142743884,-0.4171428571430215,-0.34285714285708097,-0.7942857142857005,-0.24285714285708596,0.13158652757992173,11.600577384137537,2,271.20000000000005,18.2,18.2,5.940571428569476
12086003913,0.1253738707904804,High,70.3125,0.2261959000308053,0.554271190474301,0.1782522578434505,0.4987734165923283,0.3704218282772022,0.34019001553159,0.647856549183458,0.27413954221816,0.914114142786926,16.1,22.9,17.3,60.7,5.2,4.0,3.0,24686.18181818182,990995.0303030304,False,14.912731481481485,8.786571434941747,18.58513888888889,871.0,4.0,46.333333333333336,0.7072330654420207,4.0,6.0,7.0,0.9827784156142365,0.0,-0.22571428571422303,-1.0542857142860107,-0.32857142857157673,1.4771428571431973,-0.4828571428578019,0.4514285714285308,3074.485714287013,2634.600000000734,-2.277142857143175,2.0257142857146206,0.6285714285715173,-0.10857142857132002,107.85714285717926,-131.6857142857262,0.9057142857144628,-0.4171428571432361,2.060000000000681,1.1628571428573253,0.18857142857145714,0.127059387367985,32.79334488767803,5,87.1792638888889,0.02626146788990826,6.704362801377726,0.0
12086003914,0.1079992104431504,Moderate,58.984375,0.2007931682552305,0.5378629730363703,0.1759311668592418,0.4476287478225403,0.3566875073177666,0.3300079519988433,0.6481289732012488,0.2256551696512192,0.9068616848414528,16.9,21.9,12.8,49.6,3.1,4.0,3.0,28395.0625,1061690.875,False,12.498148148148143,7.080137981118372,18.866944444444442,916.0,6.333333333333333,46.333333333333336,0.75,3.0,5.0,6.0,1.0,0.0,-2.3742857142865565,-0.9228571428573943,-1.3685714285716963,0.8914285714286968,-1.8257142857152087,-0.4628571428572462,1797.0857142871369,7627.714285716639,0.26000000000023754,-2.8314285714292424,4.245714285715525,-1.4228571428575643,128.57142857147355,-170.65714285718147,0.2657142857142941,-0.43142857142876134,1.7971428571432269,1.8000000000004726,-2.2485714285721814,0.07042261514061383,7.100790770867199,3,86.74863888888892,0.023882224645583424,5.475,0.0
12086003915,0.0877332300590991,Moderate,40.234375,0.1718095180395409,0.5106424315730159,0.1315768026859447,0.0787543105169957,0.4636797319882909,0.4017169970008092,0.6486465002134016,0.2120422333931372,0.960414618145582,4.9,22.5,11.2,54.1,6.1,10.0,2.0,16086.80487804878,1046276.6585365854,False,13.166666666666666,13.86643751237869,18.262888888888888,792.0,3.6666666666666665,42.666666666666664,0.7796717171717171,2.0,10.0,5.0,1.0,0.0,-0.8542857142855007,0.29428571428584693,-0.9257142857144779,0.5228571428570934,0.44571428571499383,0.6399999999999394,1879.9428571431972,3917.685714286585,-1.6114285714291858,-2.891428571429553,2.560000000000975,0.24000000000004074,73.48571428573834,-74.39999999999074,0.8400000000001687,-1.2514285714289288,1.4542857142859882,1.1942857142858339,1.5885714285721488,0.13272300569766882,10.146571846737395,2,28.11184444444445,0.02837326607818411,4.957386363636365,0.0
12086003916,0.1400721406048572,High,80.46875,0.2198018435566664,0.6372655403536035,0.2032590688990995,0.5003865596193875,0.5689849923739088,0.4818577648766328,0.6625669547588561,0.2363446182142333,0.9725314301392322,17.4,24.4,24.1,42.8,2.2,3.0,2.0,9591.5,1075707.0,False,12.666666666666666,11.50657225853304,18.25722222222222,258.0,1.0,15.333333333333334,0.7151162790697675,2.0,3.0,5.0,1.0,0.0,1.1857142857149523,1.5142857142864843,-1.9428571428580703,-0.26571428571494377,-4.640000000000952,-0.7771428571430606,6627.742857144764,3719.314285715333,0.16857142857184676,-0.908571428571788,1.900000000000371,1.425714285714801,73.8857142857364,-50.05714285713391,0.3514285714286169,-0.862857142857382,0.3200000000001875,-0.008571428571696129,-1.0628571428571243,0.0877332300590991,13.86643751237869,1,99.92433333333334,0.09420849420849421,6.951162790697673,20.631428571440168
12086003917,0.0726073479269668,Low,25.78125,0.1331990991326525,0.5451038963458563,0.0500728701902004,0.0827005504667,0.5881247034414022,0.4592418352990897,0.6231636509648,0.2163253280751046,0.9722887415572896,8.7,1.6,15.5,50.9,4.0,18.0,3.0,9752.692307692309,1207648.923076923,False,12.666666666666666,42.57089916256584,13.474367283950619,692.0,2.5,38.666666666666664,0.5262784090909091,3.0,18.0,6.0,0.6931818181818182,0.0,-0.14857142857129332,-1.945714285714716,1.1285714285714228,-1.3542857142863969,0.6000000000006867,0.11142857142846066,3321.571428572129,2412.9142857148404,-2.4285714285718423,-0.9057142857138301,3.362857142857639,0.12285714285718269,73.80000000002404,11.657142857145711,2.8514285714292353,-1.137142857143272,0.4971428571431547,1.3228571428574503,-0.6800000000008779,0.10272394574366678,26.99051207024044,0,91.57300462962961,0.002308802308802309,0.7579545454545455,0.0
12086003918,0.065645805001327,Low,19.140625,0.1207140758003566,0.5438123480305277,0.0692398759837741,0.087421944692239,0.5767786386733096,0.4445561667422434,0.6350954691466182,0.1721882756169391,0.9752095208982278,8.2,6.0,3.2,48.1,3.6,12.0,3.0,10920.636363636364,1275171.0909090908,False,12.666666666666666,51.490432098765446,12.212268518518519,316.0,0.8333333333333334,19.333333333333332,0.39082278481012656,3.0,12.0,6.0,0.5822784810126582,0.0,0.6428571428572767,0.22857142857156193,0.1342857142858265,1.4828571428574353,-0.8685714285717149,0.3314285714285195,3889.34285714457,71.6285714289143,0.4942857142859077,-4.328571428572688,3.6628571428582486,0.7514285714289443,103.88571428575082,-27.657142857145082,2.2085714285721547,-0.7714285714287678,1.7171428571436282,3.325714285715646,-0.6514285714288378,0.10272394574366678,26.99051207024044,0,96.65939814814814,0.01892744479495268,3.655063291139241,5.271428571429668
12086003919,0.0437736596542704,Low,8.0078125,0.1077580736938888,0.406221623621627,0.0551085376250749,0.0367492032772729,0.2617973593397624,0.2292055230246511,0.628617340004942,0.1604076097627026,0.8747386924615066,7.4,5.2,1.1,45.4,4.2,11.0,2.0,50166.2,1147993.6,False,11.638240740740743,6.352705639564613,18.95,2673.0,18.666666666666668,130.66666666666666,0.7598204264870931,2.0,13.0,5.0,1.0,0.0,1.3971428571434406,0.3171428571431975,0.2657142857143583,-0.34857142857171874,0.6000000000003589,0.18285714285709692,1867.5428571430177,2558.1142857158065,0.57142857142881,-8.591428571430447,6.528571428572405,-0.2914285714281098,219.45714285721047,108.54285714287631,-0.5171428571425608,-0.21714285714325618,-0.7199999999998595,1.340000000000333,-0.36000000000024407,0.05706381515982945,7.134515857760206,4,37.370000000000005,0.0019446522064323112,1.2489337822671158,10.33885714286146
12086003921,0.0421203149770907,Low,7.03125,0.0942800194005125,0.4467575976852392,0.04183524557579,0.0243462398139702,0.321412708476485,0.3300079519988433,0.6583383875822719,0.1467247932252349,0.8996827005546256,5.9,3.4,1.1,40.9,4.6,4.0,2.0,32406.0,1009520.0,False,27.129166666666663,6.163095238095238,18.599027777777778,804.0,1.3333333333333333,38.666666666666664,0.7562189054726368,2.0,4.0,3.0,1.0,0.0,-0.2559819354467484,-0.043399913804924195,-0.00961645758849943,-1.750623464221622,1.2484274754859956,-0.4335840472857432,4557.93813367368,3903.785633234861,-0.28716560407684943,-3.81173142056816,4.80210002001346,-0.02335691043212944,103.43153185483405,-322.7075994583556,0.634487613711475,0.8212494189369834,0.39659012421760276,0.9183848045966737,-0.6325745501586151,0.0758864350487104,6.716421810341492,2,31.865736111111115,0.00422360248447205,0.8288557213930348,0.0
12086003922,0.0366932849463003,Low,5.2734375,0.0850286209779389,0.431540398095137,0.0375004181065385,0.0267485054655358,0.2859527871608603,0.2740066025687366,0.6563497512186355,0.1325568238493393,0.9146443440619167,5.1,3.1,4.0,32.2,5.0,5.0,2.0,42590.333333333336,1104380.6666666667,False,27.730000000000008,6.134400656814449,18.759,1005.0,1.6666666666666667,49.666666666666664,0.7562189054726368,2.0,5.0,3.0,1.0,0.0,0.008571428571579479,-0.8885714285716879,0.31142857142864205,0.7200000000001093,-2.3142857142858104,0.7628571428573427,12172.628571431049,8920.428571430353,2.3085714285720327,-4.388571428572799,5.168571428572987,0.07428571428602826,150.14285714290855,31.65714285713082,-1.0457142857141726,1.522857142857622,-0.9342857142856251,0.4914285714290906,0.35999999999998533,0.0437736596542704,6.352705639564613,1,26.729099999999995,0.003081510934393638,0.7557213930348259,0.04371428571505534
12086004000,0.0414424502727764,Low,6.4453125,0.0999918061216679,0.4144584629499552,0.0464500255897584,0.0487065120428189,0.3209900263699862,0.3020072772837899,0.5560425792393917,0.1535335866535775,0.8445459198137893,4.7,6.3,7.4,41.7,2.9,16.0,6.0,42960.13888888889,1335381.5462962964,False,21.288787037037036,9.160429555012767,18.916961805555555,2270.0,12.666666666666666,125.0,0.7469162995594714,6.0,16.0,15.0,1.0,0.0,-0.2685714285714441,-0.268571428571233,1.500000000000349,-1.5800000000008332,-1.9171428571441391,0.5714285714288913,12267.400000003994,4261.4285714292955,0.18571428571420584,-0.24857142857155795,3.2828571428580364,0.20285714285730405,73.1142857143088,62.114285714310746,0.040000000000003325,1.3857142857143656,0.580000000000189,1.4428571428569865,-0.702857142857175,0.06282302733007221,27.569263495691,7,23.890279513888892,0.002774108322324967,1.5944273127753303,0.0
12086004102,0.0354766699092166,Low,4.8828125,0.0857793211842328,0.4135806791128768,0.0527710877833128,0.0541920774318375,0.2514160263313633,0.2722565603990457,0.610520601680257,0.1187875545851528,0.8795181297218808,4.3,7.7,0.6,41.7,0.0,11.0,5.0,56879.375,1233545.734375,False,10.889012345679014,26.645269926152274,17.80181818181818,930.0,5.333333333333333,49.0,0.7370967741935484,5.0,11.0,6.0,1.0,0.0,-1.732989151919957,-0.7025193920605117,-0.7936295045423601,0.5015130091277822,-2.5800055529334722,-0.21988213069406964,13253.626505229427,12754.166423362894,-0.16668895440457382,-4.648978160787423,6.584389443837399,-1.1616750150681008,155.17894724462928,-88.37100323866171,1.4769174227192547,-0.4331228783467675,2.3970125654456504,6.035207258681826,0.0008250851421325549,0.10272394574366678,26.99051207024044,1,26.65218181818182,0.008270676691729323,2.024354838709678,0.0
12086004103,0.0985003198504877,Moderate,50.5859375,0.2276552385485454,0.4326731968853131,0.1905501874431635,0.4249889807083518,0.2375774036876269,0.1698790934721318,0.5792432385380866,0.2647602896539273,0.7516772680203686,21.1,29.6,31.8,40.7,2.5,10.0,5.0,57440.875,1159644.34375,False,9.162230963480962,3.525562508757678,19.36013888888889,3289.0,19.0,171.66666666666666,0.7959866220735786,5.0,10.0,13.0,1.0,0.0,0.5628571428576996,-0.05428571428530666,1.5771428571427102,-1.5542857142863473,0.5828571428580308,-0.5142857142858732,2162.600000000459,7161.885714287573,-0.4628571428572632,0.19142857142763647,0.5028571428573992,-1.2885714285717982,50.600000000007626,-29.942857142873695,1.162857142857568,-0.3314285714285732,0.8800000000001229,3.2057142857155765,-0.46285714285725593,0.06675470529427714,6.920171482209765,2,97.90106944444442,0.00899696048632219,6.038795986622073,11.876285714297463
12086004105,0.0920669603157779,Moderate,44.7265625,0.2121821231440894,0.4339053589979244,0.169306778700758,0.4235021662254793,0.2542194414544788,0.1821643895033615,0.5891864203562684,0.2550574675874208,0.720454377450034,15.8,31.2,2.2,75.7,2.4,5.0,5.0,53516.2,1177565.96,False,11.08082264957265,4.679913409406763,19.349555555555554,1456.0,8.5,76.33333333333333,0.8035714285714286,5.0,5.0,13.0,1.0,0.0,1.3771428571431907,3.242857142857351,-0.017142857142845674,-1.880000000000269,3.997142857143071,-0.20285714285713138,-1065.4999999999104,1799.1714285725081,0.32285714285754546,-3.7457142857153363,1.968571428572477,-1.1085714285716461,6.371428571472784,-56.142857142899054,-0.4200000000000071,-0.03428571428570954,-0.565714285713949,-1.7114285714285997,0.5857142857145098,0.06828352408945132,15.018116927697667,4,73.47702222222225,0.021413864104323953,6.128571428571427,21.758857142862414
12086004106,0.0289610881765394,Low,3.125,0.0668578301369218,0.4331742163517489,0.0574990771069457,0.0782039845376152,0.3240160826568012,0.3093305306708039,0.6387307376957118,0.0762165831668979,0.8155897461978127,4.0,10.1,2.1,20.5,1.4,18.0,2.0,39677.67692307692,1252811.5846153847,False,35.0,30.420694444444443,16.977175925925923,619.0,2.3333333333333335,36.666666666666664,0.21809369951534732,2.0,18.0,4.0,1.0,0.0,1.3457142857149786,0.7857142857144808,0.12571428571430912,-0.6714285714287009,-1.2828571428567093,-0.6142857142858836,8364.914285716548,12765.142857145609,0.1285714285714721,0.5885714285715973,-0.21714285714282158,0.02857142857168652,204.4000000000557,9.600000000020211,-1.0685714285716779,2.8000000000006215,-0.03714285714272973,-0.24285714285689103,0.6342857142859992,0.08524343584044772,12.800614848567008,5,28.091296296296306,0.01629032258064516,7.897253634894992,5.382857142859915
12086004208,0.0737095071694384,Low,26.5625,0.1700296297539961,0.4335097787137661,0.1222547990406193,0.5216626081924923,0.1599777851844418,0.1980047711993059,0.6577243524945526,0.217804460467373,0.6301793764980377,11.8,27.0,8.2,51.4,6.1,4.0,3.0,88299.42857142857,1193130.9047619049,False,120.0,120.0,0.0,0.0,0.0,0.0,0.0,0.0,0.0,0.0,0.0,0.0,-0.04285714285771838,-0.40571428571533086,0.048571428571063203,0.11714285714317967,0.08571428571394163,-0.24285714285754542,5132.82857143076,7656.657142859354,-0.36857142857195163,-0.16857142857116897,4.7285714285733835,0.35428571428574107,76.31428571432414,-548.5142857142273,2.840000000000877,-1.397142857142896,1.5257142857138062,3.7200000000008373,0.8828571428582919,0.10272394574366678,26.99051207024044,0,283.20000000000005,27.0,27.0,0.0
12086004204,0.1032340947152348,Moderate,55.46875,0.2485522503154269,0.415341621667979,0.2157915085181968,0.4686590653229922,0.179289975261511,0.162003903708523,0.6430802839364737,0.281312992112657,0.6236748801103955,23.7,45.5,11.8,58.8,6.0,8.0,3.0,80921.14814814815,1208338.259259259,False,29.38166666666666,20.396335227272726,18.38263888888889,481.0,3.0,26.0,0.6860706860706861,3.0,8.0,6.0,1.0,0.0,1.039999999999985,-0.5028571428576439,0.6142857142858034,-1.2371428571431529,2.760000000001206,0.6228571428573662,-222.828571428433,4949.942857144386,-0.6514285714287095,1.3971428571430613,2.388571428572202,0.9342857142857229,71.85714285716432,-77.94285714288472,0.3600000000001009,0.2342857142856656,-0.08285714285718335,-0.1342857142851866,-1.7485714285719962,0.07179555209832687,19.994147449393886,5,133.13145833333326,0.09439834024896265,14.283783783783782,24.64799999999964
12086004205,0.0861755977601903,Low,38.4765625,0.2140883055988187,0.4025236106154965,0.2155511629505685,0.4107635414972491,0.1911780538310975,0.162003903708523,0.5944960352224992,0.212625448247069,0.6541765188181138,14.9,51.0,8.3,48.6,4.6,4.0,6.0,70593.84615384616,1121003.4615384615,False,9.768928571428571,16.870720211161384,18.020625000000003,592.0,3.5,32.0,0.8302364864864865,6.0,4.0,9.0,1.0,0.0,-0.5942857142862132,1.7142857142861123,0.4628571428568707,0.9600000000002875,0.18285714285738136,0.8457142857146596,3214.2000000011208,5978.428571431202,-1.2171428571428333,-2.945714285715417,4.445714285715893,-1.400000000000297,93.57142857145686,-96.28571428572549,-0.617142857142921,-1.8628571428576826,-1.511428571429118,-0.9714285714286953,0.7285714285713599,0.09283351886766922,18.364572036755053,4,89.09268749999997,0.08600337268128161,8.657939189189188,0.0
12086004206,0.1042302380580018,Moderate,56.0546875,0.2654882183488891,0.3925983559881688,0.1810159179836746,0.4238160372683121,0.2080085771177826,0.1348267782497948,0.5296150908641643,0.3499605187141036,0.6667252964407903,38.2,16.1,31.3,57.7,1.1,20.0,7.0,67183.4705882353,1163917.7647058824,False,15.494839065255732,16.965781202575776,18.604902777777777,3287.0,17.5,176.66666666666666,0.8218740492850624,7.0,20.0,17.0,1.0,0.0,3.548571428571439,-2.0599999999997167,3.5400000000004637,-1.7371428571431597,-2.1542857142875653,-1.0199999999996803,5598.593023256078,2844.4000000013675,-0.2999999999999123,4.477142857142481,-0.40571428571389095,-0.9142857142859248,175.54285714289273,100.85714285712525,-1.0857142857142164,2.50285714285753,-3.20857142857165,-1.582857142857356,-0.917142857142987,0.0776094352419356,18.09191582307133,4,206.0927138888889,0.004896593673965937,2.8678278065104963,135.555428571429
12086004301,0.047788002405345,Low,9.5703125,0.1410325190805004,0.338843854714585,0.0759346284479467,0.0597680642283675,0.1252673393749052,0.2307328325545631,0.6733942370330436,0.2061304097130541,0.6050568003820455,10.2,14.9,3.9,61.2,2.3,2.0,2.0,108833.18181818182,1228836.0,False,19.999999999999996,15.545454545454545,19.4925,148.0,2.0,8.0,0.4391891891891892,2.0,2.0,2.0,1.0,0.0,0.5828571428573812,-1.3800000000003425,0.10000000000001218,1.4085714285712048,6.222857142859275,-0.2314285714287402,257.2000000001895,3263.7428571458186,-0.7714285714287085,-1.3857142857148228,3.9028571428580396,-0.6171428571431805,68.74285714287956,86.34285714287158,-0.07428571428541952,0.6428571428572148,-0.15999999999982992,1.1000000000005397,0.9428571428572368,0.06620468985188349,19.14753787878788,3,45.9765,0.1,8.356081081081081,5.945142857145288
12086004303,0.0960544582988643,Moderate,48.6328125,0.2449890036599966,0.3920766110472931,0.2196298685749722,0.3993570219397644,0.1557815518451041,0.1446241745750416,0.6313083625356606,0.270348138745021,0.6293119443408945,22.4,47.4,15.4,63.0,0.7,5.0,3.0,82224.72413793103,1087184.6206896552,False,9.523511904761905,20.376777777777775,17.48788888888889,485.0,2.6666666666666665,25.333333333333332,0.8350515463917526,3.0,5.0,6.0,1.0,0.0,1.2600000000005072,-1.1371428571431101,-1.4828571428572155,-0.7314285714291999,1.7314285714296302,-0.031428571428557636,2429.200000000633,1004.3428571431111,-0.7685714285718307,1.0857142857145705,1.4971428571434278,0.03142857142828978,73.51428571431062,-3.5714285714188647,-1.128571428571755,1.2771428571436088,-0.22571428571442786,-0.331428571428599,-1.0314285714294,0.09696161256979703,50.86337138351845,3,145.87128888888887,0.09753086419753088,7.818556701030926,28.22400000001136
12086004304,0.067815284398576,Low,21.875,0.1660677135057901,0.4083592347179007,0.1518784401120169,0.4241931739029488,0.1499500596183678,0.1806710201852253,0.6632511596693398,0.1802569868995633,0.6237307602136217,16.3,32.4,8.1,43.7,0.0,5.0,2.0,91526.96296296296,1174210.6666666667,False,25.03333333333334,15.719393939393939,18.577777777777776,366.0,2.3333333333333335,20.0,0.44398907103825136,2.0,5.0,4.0,1.0,0.0,0.49999999999992917,1.6285714285717456,-0.7771428571430332,2.1685714285715383,0.1571428571431231,-1.22285714285744,4913.514285715702,6993.057142859517,0.1142857142857255,-1.1771428571433344,2.5200000000008616,1.0857142857148196,91.17142857145616,-18.82857142856579,0.4457142857145042,-0.3342857142857104,0.12857142857163437,2.748571428572508,-1.9657142857148517,0.08717402719165276,33.36705448001903,8,88.38222222222225,0.088283378746594,18.014754098360655,8.149999999998846
12086004403,0.0754779863061192,Low,28.7109375,0.1964905656749896,0.3841303323996003,0.1489330027603354,0.3898260703618394,0.1343462988577936,0.162003903708523,0.6253424534447515,0.2440481285896437,0.609132935625094,16.7,32.2,7.3,57.0,6.1,8.0,3.0,102547.78125,1213556.875,False,9.472519841269841,17.804411780284973,17.689722222222223,908.0,4.833333333333333,48.0,0.8281938325991189,3.0,8.0,6.0,1.0,0.0,-0.5285714285715455,-3.3371428571441175,-2.2685714285722387,0.08857142857149718,4.194285714287111,0.6285714285716175,165.08571428544326,2065.1714285717394,-2.080000000000642,2.1314285714292613,1.9685714285721874,-1.0514285714288552,64.97142857144246,-249.31428571435265,1.1371428571433473,-0.3314285714287404,1.10285714285757,1.191428571429588,-2.457142857143672,0.09308028904340246,39.32414037302853,5,105.38163888888887,0.03542354235423543,5.532158590308371,0.0
12086004404,0.1368939555506248,High,78.515625,0.2879337841098788,0.4754355449250947,0.2665144996032585,0.6116038094294114,0.1508938045301578,0.162003903708523,0.81962513901615,0.3093530686164991,0.6330510679412317,35.0,49.2,31.6,33.6,6.6,0.0,0.0,89948.5,1159609.0,False,120.0,120.0,0.0,0.0,0.0,0.0,0.0,0.0,0.0,0.0,0.0,0.0,0.46000000000004343,0.6657142857142533,-0.09714285714326955,1.4228571428576224,-0.09999999999977705,0.8200000000002274,1669.7714285722261,4927.571428573467,-0.7685714285714136,-2.3000000000007472,6.191428571430417,0.08000000000015717,35.39999999999533,-16.085714285729097,1.8057142857146364,-0.16571428571450864,0.9685714285712664,2.474285714286832,-1.3542857142860882,0.0802742766912956,20.159818719693355,5,840.0,49.2,49.2,16.10000000000152
12086004405,0.098668550814893,Moderate,50.9765625,0.2663715944793713,0.3704169395679845,0.2063518622151208,0.3641655928899462,0.1183197978108863,0.162003903708523,0.6213685221376103,0.3263913267436218,0.5862268812929569,20.7,49.7,32.3,65.7,2.3,8.0,4.0,117003.80769230767,1274444.1923076925,False,17.549999999999994,14.002797824738613,18.227395833333333,818.0,3.8333333333333335,42.333333333333336,0.6858190709046454,4.0,8.0,5.0,1.0,0.0,-1.334285714286163,-0.8428571428576255,-0.46000000000018787,1.5114285714292057,-0.21428571428565682,-0.3171428571430038,3023.5428571435577,8468.228571431098,-3.114285714286675,-1.6257142857148383,4.157142857144792,-1.0514285714289133,83.28571428574283,-145.28571428577345,2.3600000000008525,-2.2542857142860866,1.757142857143311,1.131428571428598,-0.5400000000003273,0.07916721358634589,21.567640627098356,3,119.49290625000002,0.06068376068376069,15.614792176039122,0.0
12086004406,0.064594095305191,Low,17.7734375,0.1629840975070081,0.3963214589227857,0.0986749951674753,0.444850939002429,0.1069173498603539,0.1844044434805657,0.6683878069052273,0.2272931998465409,0.5770467553653527,9.5,24.7,14.9,46.3,8.2,4.0,2.0,124612.66666666669,1279560.0,False,24.99888888888889,22.57568181818182,18.198125,216.0,2.5,12.0,0.30092592592592593,2.0,4.0,3.0,1.0,0.0,-0.3971428571431846,-1.4628571428579251,-0.6085714285720027,-2.568571428572149,0.4600000000001539,-0.2942857142859732,1946.114285715561,8423.428571431687,-0.1114285714285869,-0.2857142857143842,3.785714285715478,0.2257142857143047,124.45714285718267,-55.88571428572461,0.35714285714297783,0.27714285714275333,0.6085714285713691,0.8200000000005151,-0.9200000000004644,0.08734555643721424,34.56581439545006,6,55.11781249999999,0.11382488479262673,17.26712962962963,0.0
12086004500,0.0974295591477275,Moderate,49.609375,0.179945317493242,0.5414398135221642,0.1342889424236052,0.5011456857497684,0.164520007955073,0.5711248731562475,0.6515734859716513,0.2256016925628787,0.8188350147780807,15.2,17.6,21.8,42.0,3.0,9.0,2.0,46276.38888888889,640171.6851851852,False,16.86666666666667,24.32282828282828,17.17108024691358,427.0,2.3333333333333335,25.0,0.9578454332552693,2.0,9.0,4.0,1.0,0.0,0.25142857142894776,-1.791428571429077,1.1057142857149076,-0.6685714285715119,4.565714285716161,0.5428571428573814,3643.4857142873884,13881.142857147615,-2.257142857143343,0.7028571428567509,2.9142857142871,-0.3371428571431908,142.3714285714394,49.91428571432104,-0.7085714285714579,0.25999999999987056,0.19428571428597327,-0.5314285714286228,0.7114285714286345,0.093908646994207,43.595722855801355,4,103.79958024691359,0.041121495327102804,0.7419203747072608,3.8217142857200055
12086004602,0.0620213913747907,Low,16.6015625,0.106070665556221,0.5847176601519232,0.0297198242801299,0.1903885208875055,0.5628696179731782,0.5225519174551654,0.6733577762427836,0.1824215068323121,0.9744204682009832,5.3,0.8,1.9,60.4,2.0,7.0,1.0,7489.561797752809,813808.1910112359,False,120.0,10.31562358276644,16.586626984126983,406.0,1.1666666666666667,36.666666666666664,0.5,1.0,7.0,1.0,1.0,0.0,0.17756192055209752,-0.17412453605140796,0.3571428571429329,-0.3262988154670794,-1.425501500513227,0.4600644712939265,16942.4963236869,9190.050592791846,-0.13972599700206845,-4.847299155131573,4.281305543699835,-0.0074797046862938804,271.94011860964514,169.33643369905712,-1.4188158572832696,0.9817686724700462,-0.2610035931617944,-0.9728522626110212,-0.2507516228442925,0.06770228969263042,10.380039682539683,4,39.29087698412699,0.0019656019656019656,0.4,0.9410781789261168
12086004605,0.0797599103420708,Low,31.4453125,0.1446500187349087,0.5513992396243099,0.0679367288479022,0.1739138686962628,0.4941291765633883,0.4420106508590568,0.6833009580609655,0.2213633086219153,0.9636415439418756,8.5,5.6,0.9,66.2,5.4,2.0,1.0,12432.333333333334,946568.6666666666,False,120.0,10.395833333333336,16.5875,116.0,0.3333333333333333,10.0,0.5,1.0,2.0,1.0,1.0,0.0,0.3342857142856025,0.7771428571431143,-0.03142857142865956,0.6714285714287036,8.137142857145525,0.037142857142850996,-603.5142857177415,6162.400000001868,0.13142857142861672,-6.2457142857165575,5.620000000002043,-2.1428571428578462,163.91428571432354,-1.8857142857049716,0.8600000000004399,-0.37142857142902846,1.1514285714291455,1.260000000000065,-0.5085714285716838,0.05780977590856175,10.344835600907029,3,63.00625000000001,0.04786324786324787,2.8,2.8414285714276213
12086004607,0.0535981604423328,Low,12.3046875,0.0961972004291203,0.5571696494621468,0.0463063435819129,0.1739138686962628,0.5141532459514443,0.4592418352990897,0.673823806074084,0.1460880572763278,0.9647154912898528,9.6,0.0,0.8,38.6,3.6,5.0,1.0,10465.615384615385,883812.6153846154,False,120.0,10.37404761904762,16.585166666666666,348.0,1.0,30.0,0.5,1.0,5.0,2.0,1.0,0.0,0.4921327402665654,-0.9763818049598578,0.17714285714290115,0.42747016998466625,2.08230953319886,-2.063026102178487,5975.207287267751,2919.4657904118544,-0.3170974179139989,-5.405067199815313,5.292980856202616,0.12314068865018879,272.83961676338845,207.19029530355556,-0.401313358427948,0.8620334280199116,-0.6050123816429506,-1.8747531255065086,-0.10609552725898842,0.07051003333678307,10.360565003779291,3,71.1824,0.0,0.0,4.724474306559028
12086004608,0.0697487982934877,Low,22.65625,0.1236633336856616,0.5640216563365616,0.0724749093626798,0.1739138686962628,0.5285386408793749,0.4700113255741101,0.6813123216973291,0.1748517580086433,0.9663321248357312,7.4,7.6,5.3,49.9,2.6,3.0,1.0,9561.166666666666,869824.5,False,120.0,10.370238095238093,16.584722222222226,174.0,0.5,15.0,0.5,1.0,3.0,1.0,1.0,0.0,-0.2428571428572795,0.402857142857155,0.37428571428581164,1.7942857142865591,3.0199999999998326,-0.4314285714287723,-3005.2857142855287,1436.4571428579372,-0.4714285714286499,-3.122857142858012,3.0942857142863587,-0.600000000000221,189.2857142857813,34.114285714308735,0.9114285714288186,0.5600000000001286,-0.48000000000011095,-0.8914285714284073,-0.765714285714487,0.05780977590856175,10.344835600907029,2,54.87305555555553,0.04342857142857143,3.8,0.0
12086004701,0.1305563249266512,High,73.828125,0.1744119335048982,0.7485515601086129,0.1103284081559999,0.9262563187630092,0.6723924676269949,0.5044243685445193,0.6844603325695802,0.2384954588537964,0.9552243130389608,12.2,10.9,7.6,67.5,2.4,3.0,1.0,7093.687022900764,1358456.4122137404,False,120.0,51.77777777777778,11.255555555555555,36.0,0.0,2.6666666666666665,0.0,1.0,3.0,1.0,0.0,0.0,1.142947720327287,1.3172165829908693,-0.16555208884909933,0.0,8.591972036251216,0.18002527743353725,4313.033764790221,4005.070294109898,-0.4599578709442588,-3.8239216943864385,3.385813288997004,-0.27079663558973427,50.827341757312404,43.871885305255596,0.006655870113866657,0.10613346982075517,0.5004044389363893,-1.3840691460811256,1.1915360005214548,0.13301985646454645,28.355820035337036,9,155.48222222222222,0.29459459459459464,10.9,13.943962187992902
12086004705,0.0683036302055872,Low,22.265625,0.1345761542282065,0.5075463078678993,0.0374948137879861,0.1029081177520071,0.4973779375686716,0.3826871874797064,0.6289604252308107,0.2316574946684269,0.9257978713083008,5.6,2.5,23.8,58.1,0.9,14.0,4.0,18474.381355932204,1430440.0169491526,False,120.0,120.0,0.0,0.0,0.0,0.0,0.0,0.0,0.0,0.0,0.0,0.0,-1.073647682586535,-0.4503312491840328,0.2104287072083546,0.38476729639379975,0.26631561740887333,-0.2475553894561104,6387.3819060003225,6293.353103352158,-0.04032513251690411,-4.05150985455845,3.106201984489587,0.9652794618386172,43.07132798917103,-384.8926315247007,-0.10922169360515115,-0.6234667663265893,-0.3270148157817297,2.818707761706757,-1.2534851163280019,0.10272394574366678,26.99051207024044,0,134.39999999999998,2.5,2.5,0.0
12086004703,0.0820495646568658,Low,33.984375,0.1486536039383313,0.5519513989778809,0.0889376717517289,0.4158506149204664,0.4812051852365235,0.3529175949475233,0.5881496956218972,0.2083695361249337,0.9216339041629938,13.6,5.7,21.6,42.0,0.7,16.0,7.0,20573.227272727272,1465077.1363636365,False,36.55335097001764,33.61866883116883,16.35074652777778,723.0,5.666666666666667,35.666666666666664,0.6016597510373444,7.0,16.0,9.0,0.8727524204702628,0.0,-0.4714285714287612,-0.2914285714285784,-0.09714285714300508,-1.4142857142863348,-0.6857142857139145,-0.520000000000115,6863.1714285729695,3146.542857143646,-0.41142857142866707,-3.460000000000876,2.008571428572272,0.3342857142858786,68.60000000002383,-90.05714285715536,-0.617142857142935,0.24857142857151004,-0.5200000000002275,1.6200000000001078,-1.4914285714291018,0.12911734847390166,40.23805965819872,5,104.02984722222219,0.00787292817679558,2.2705394190871373,0.0
12086004901,0.1250416296023833,High,70.1171875,0.2164251875418344,0.5777591371069654,0.1343573450576033,0.5448122330725571,0.4442265564680513,0.3580086267138967,0.6183300901902644,0.2984930300260655,0.9234181790900572,18.7,10.4,28.3,58.0,3.9,11.0,5.0,24042.13888888889,1413958.7777777778,False,13.5,24.99832664884136,16.83159090909091,732.0,4.0,41.0,0.6113387978142076,5.0,11.0,9.0,0.5724043715846995,0.0,-1.4914285714287465,-0.3571428571426999,-2.75428571428609,0.14857142857144348,-0.7942857142861097,0.5000000000002666,7005.857142858966,2433.600000000392,-0.025714285714227327,-4.751428571430095,1.9142857142863803,-0.7657142857146305,106.94285714289104,-28.428571428558033,0.7999999999999243,-1.4971428571429084,0.11142857142825938,3.3771428571429234,-1.8485714285720214,0.07431313358145653,19.773981708642836,6,134.04925,0.014188267394270123,4.0420765027322405,0.0
12086004904,0.0717973726235871,Low,24.609375,0.1796479052085772,0.3996560524333861,0.0993693364769809,0.0596676871667927,0.2901410494153791,0.2611538338470727,0.5487578902441763,0.2599264739401735,0.8385598014935098,13.1,10.6,24.9,59.0,1.0,28.0,7.0,50081.62295081967,1327081.4098360655,False,120.0,120.0,0.0,0.0,0.0,0.0,0.0,0.0,0.0,0.0,0.0,0.0,-2.711428571427935,-1.3714285714287304,-1.534285714284967,-0.6114285714300142,-0.5657142857127931,-0.6799999999999071,2291.8571428562327,281.5428571425987,0.3028571428574133,-1.9114285714294525,0.47714285714320903,0.18857142857168524,28.9714285714337,-584.8857142856041,0.9942857142860749,-1.0400000000004896,-0.2057142857150058,-0.2371428571438789,0.5971428571437128,0.10272394574366678,26.99051207024044,0,314.4,10.6,10.6,0.0
12086005004,0.0953767499820552,Moderate,47.0703125,0.1713661787347803,0.5565669415414094,0.1010669038062904,0.3791664442868725,0.4423558241756408,0.372441964195883,0.6487132303389717,0.2416654536632702,0.9401572447096788,18.5,3.0,40.1,21.8,4.3,5.0,3.0,23586.154639175256,1373779.649484536,False,120.0,120.0,0.0,0.0,0.0,0.0,0.0,0.0,0.0,0.0,0.0,0.0,-0.48857142857148694,-2.9714285714299797,-1.0342857142865889,-1.3714285714283971,-8.294285714288959,0.2971428571430504,4958.000000001821,7646.314285717207,-0.3942857142858469,-3.1885714285719184,2.7228571428579333,0.051428571428408176,19.114285714317823,-535.2285714284906,-0.105714285714513,-0.19428571428551522,0.3371428571427623,3.0771428571439006,-3.4514285714295694,0.10272394574366678,26.99051207024044,0,444.0,3.0,3.0,0.0
12086005002,0.094760197944932,Moderate,46.875,0.1801426517166709,0.5260286614075784,0.1094184139125628,0.4100505501040737,0.3615912573601238,0.3204622674368933,0.6224039692701664,0.250866889520779,0.9156352628666348,11.9,12.0,28.9,41.7,6.2,12.0,4.0,34911.795454545456,1338895.318181818,False,51.87166666666667,15.415986467236467,18.49650462962963,818.0,3.3333333333333335,45.666666666666664,0.6772616136919315,4.0,12.0,7.0,0.8092909535452323,0.0,-2.5000000000005125,0.1285714285715412,-0.411428571428359,0.05428571428565862,-6.4371428571446945,-0.1542857142858349,8261.714285716746,3810.285714286918,-0.017142857142927827,-0.625714285714471,1.474285714286062,-0.4542857142858213,117.8857142857494,-155.71428571432622,1.1600000000004222,-1.7200000000004139,-0.7457142857143522,2.002857142857505,-0.09714285714342064,0.1125662409922589,17.279100727866904,8,65.4915949074074,0.014652014652014652,3.872860635696822,0.0
12086005102,0.1372758397315484,High,78.90625,0.2999549698511414,0.4576548266550616,0.2600150760664322,0.3815982636425576,0.2066457548608965,0.2677305892705349,0.6260512276209088,0.3398948636358507,0.8062482978804099,36.5,28.0,48.1,38.2,0.7,16.0,3.0,79258.18965517242,1363457.551724138,False,35.329166666666666,21.653513257575753,18.221371527777777,710.0,3.5,48.666666666666664,0.7359154929577465,3.0,16.0,5.0,1.0,0.0,-0.6428571428572293,-1.9542857142861316,-0.22285714285683017,-1.6857142857149512,0.9200000000003249,-0.28571428571423346,4162.200000000913,3833.400000000185,-0.6285714285716155,-3.805714285715407,4.091428571430055,-0.6457142857145114,169.10810810809642,332.80000000009693,-1.0085714285713954,-0.1714285714285945,-1.0114285714287121,0.8885714285713929,0.2171428571426646,0.11831905193241925,20.110364903882807,6,210.91993923611116,0.03938115330520394,7.394366197183098,0.0
12086005103,0.1182680443708317,Moderate,65.4296875,0.2274010599314014,0.5200857217046784,0.1624162843573472,0.499051544700442,0.2757048875216372,0.3034809970056348,0.6605663285935709,0.2923858355054557,0.8616248507021071,17.1,20.6,37.8,50.0,2.5,6.0,2.0,54665.89473684211,1344300.105263158,False,20.884999999999998,15.516388888888889,18.52398148148148,336.0,2.6666666666666665,22.666666666666668,0.7053571428571429,2.0,6.0,4.0,1.0,0.0,-2.594285714286247,-0.24857142857162584,-3.3342857142867466,-0.39428571428630355,-0.3085714285704678,-0.5142857142858733,2331.1142857145132,1930.3428571432241,0.022857142857244814,-1.7828571428582454,0.8628571428572608,-0.3142857142857393,78.22857142859648,-73.80000000000624,0.2599999999999508,-1.1571428571429978,-0.1428571428572917,0.1371428571426097,1.4057142857146818,0.11978620917826169,18.860577045639545,6,93.63991666666668,0.061127596439169145,6.069642857142856,0.0
12086005104,0.1568474002838127,High,89.2578125,0.28211454747183,0.5559706214706082,0.2021879972602145,0.4509013663288816,0.4024597851389898,0.3342080532061013,0.6648160253386346,0.3620410976834456,0.9274678773404336,31.3,12.3,32.8,63.8,3.7,4.0,2.0,29532.55,1399299.8,False,23.000833333333336,22.176439393939397,18.97972222222222,222.0,2.6666666666666665,12.0,0.8108108108108109,2.0,4.0,3.0,1.0,0.0,-2.4742857142864727,-0.557142857143129,-0.4742857142855883,1.1828571428579624,-0.2400000000003692,0.02285714285726351,1800.4285714291452,671.4285714287038,0.3571428571431521,-1.145714285714829,-0.02571428571440173,0.06000000000009004,97.57142857145692,-58.94285714284262,0.6142857142858642,0.705714285714555,0.18000000000012584,0.1457142857142697,-1.1428571428572336,0.11676802734910403,17.52862953790037,5,157.13469444444448,0.05515695067264574,2.3270270270270266,0.0
12086005201,0.103388165047188,Moderate,55.6640625,0.2433588642203472,0.4248382954054885,0.1661039944213089,0.5219712698575598,0.1067295506499542,0.2432058603821778,0.5687292635397714,0.3206137340193855,0.6835555325979791,18.3,30.3,42.5,54.1,2.8,15.0,8.0,133265.86666666667,1367084.6,False,33.339999999999996,21.738927076612036,18.34272222222222,1244.0,6.833333333333333,74.33333333333333,0.7053858520900321,8.0,15.0,9.0,0.747588424437299,0.0,-2.7742857142862425,1.4542857142862209,-4.702857142858311,-1.8428571428578913,-0.13999999999943316,-1.0457142857144588,3433.4571428581457,2230.000000000511,-2.808571428572244,-1.5485714285715577,0.3885714285713844,-0.5028571428572248,133.57142857147363,-276.05714285719233,3.045714285715225,-1.1342857142859055,0.9714285714288625,-0.602857142857344,0.5028571428572337,0.12303471238969807,19.818719573149956,6,103.52818333333336,0.024337349397590365,8.926808681672027,0.0
12086005202,0.0936250385282957,Moderate,45.5078125,0.2400373555724544,0.3900436176069911,0.1384783732867907,0.4909020560386058,0.0615325988516253,0.1860044820357116,0.6070698974549048,0.3415963378581181,0.604709053654108,18.0,27.8,44.6,58.7,3.7,11.0,5.0,171747.7142857143,1394458.75,False,26.891666666666662,17.75523037865284,18.50643939393939,793.0,3.5,51.666666666666664,0.7332912988650694,5.0,11.0,8.0,0.8360655737704918,0.0,-1.905714285715011,-1.411428571428837,1.6000000000004952,0.5142857142860683,-2.034285714286848,-0.5028571428571467,3368.142857143739,1057.0285714289148,-2.725714285714671,0.5371428571432774,0.35142857142841266,-0.6542857142855635,80.37142857145132,28.28571428569126,2.5628571428577573,-0.24000000000008184,0.9771428571432659,0.37428571428571944,-2.145714285715058,0.1086385562855524,19.266633250275348,7,98.88409090909096,0.03501259445843829,7.414501891551072,0.0
12086005305,0.1352345577869119,High,77.1484375,0.3312885000620567,0.4082078241821854,0.2326914258375285,0.5249722723237639,0.0605245708702736,0.2188288023949549,0.6283698783610755,0.4298855742865848,0.608343596960859,43.0,33.5,47.0,52.3,8.1,9.0,4.0,165784.73529411765,1339041.7352941176,False,120.0,120.0,0.0,0.0,0.0,0.0,0.0,0.0,0.0,0.0,0.0,0.0,1.8885714285722668,1.0857142857150326,-1.9714285714284692,-1.3600000000005315,0.9371428571435373,0.5828571428572129,1646.514285713912,1201.5142857143671,-0.4142857142863102,0.8914285714286216,0.12285714285717599,-0.5114285714287043,86.97142857144803,-584.8571428571062,0.15142857142846589,0.05428571428598728,-1.0028571428573754,0.04857142857167032,-0.9485714285712943,0.10272394574366678,26.99051207024044,0,1032.0,33.5,33.5,81.20857142860747
12086005303,0.1000661019441495,Moderate,52.734375,0.2427743891764884,0.4121773399722365,0.1633922275704485,0.5659877093864606,0.0552298720538645,0.2023248752981999,0.619604252308107,0.3221565507825282,0.6177399908145503,24.0,28.9,38.1,50.2,4.0,8.0,5.0,166111.2,1305421.64,False,27.021875,15.689296148713112,18.82204861111111,812.0,5.0,49.666666666666664,0.6921182266009852,5.0,8.0,5.0,1.0,0.0,-3.1714285714291,0.3228571428570249,-2.3200000000008227,-1.2885714285715961,-2.9742857142865073,-1.0685714285716859,2619.2000000006797,2070.6571428576067,-1.477142857143288,-1.5685714285717132,-0.5228571428573922,-0.24285714285727705,102.51428571431777,-116.45714285711757,-2.7749850094171445e-13,-1.5200000000002365,-0.8428571428574679,0.7771428571431712,2.391428571429123,0.12922538696020267,21.40558710914668,7,124.27083333333334,0.03554735547355473,8.897783251231527,0.0
12086005304,0.1230920639752199,Moderate,69.3359375,0.2715760164936312,0.4532508634764021,0.1915717315982325,0.5863159345241982,0.1080340362987728,0.2460059278536832,0.6380286463598175,0.3515803013890299,0.6878697723455387,25.2,30.5,32.0,58.3,8.3,6.0,4.0,126391.6,1305347.0,False,40.15833333333333,19.430844155844156,18.657037037037036,356.0,2.3333333333333335,24.333333333333332,0.7247191011235955,4.0,6.0,5.0,1.0,0.0,-0.9228571428575478,-1.5228571428578996,-3.320000000001049,-1.880000000000766,1.4542857142862848,-0.01142857142856012,3039.628571429648,1837.5428571434522,-2.2457142857146812,4.171428571429975,-1.1828571428579255,0.751428571428899,79.37142857145788,-129.600000000009,0.18571428571449533,0.81142857142896,-0.12285714285731443,0.9657142857145288,0.08571428571440237,0.12270308383399191,22.066111638062274,7,134.6426666666667,0.08543417366946779,8.396067415730338,0.0
12086005403,0.1027126270928268,Moderate,54.6875,0.2160774468104799,0.4753509846074559,0.1586232280262497,0.4534174303979138,0.2124734936662152,0.2718527045137325,0.6192530100860345,0.2735316655947102,0.8197582843733836,26.7,12.0,20.9,43.6,5.3,6.0,5.0,72675.76923076923,1288494.5384615385,False,18.793333333333333,11.947550505050506,18.98574074074074,629.0,4.666666666666667,33.0,0.7440381558028617,5.0,6.0,7.0,0.7933227344992051,0.0,-0.8228571428577518,1.731428571429504,-4.897142857143847,-0.5285714285711277,-5.740000000001835,-0.7285714285716254,4447.057142858555,1349.400000000535,0.07714285714294031,-2.4857142857152956,0.3771428571429947,-0.4142857142858188,53.80000000001615,11.399999999997226,0.411428571428753,0.8942857142857581,-0.2085714285712964,1.014285714285683,-0.9542857142863679,0.1058770399158858,17.68758262108262,6,133.8807222222222,0.01904761904761905,3.0715421303656596,0.0
12086005405,0.1073349808381885,Moderate,58.3984375,0.2333493772781,0.4599754329332081,0.1454701186490428,0.4321342193515148,0.1891454809304106,0.2703936122829232,0.6154511619156726,0.3212286359071573,0.7927526901855192,23.6,13.1,31.8,57.6,3.8,13.0,4.0,81265.96774193548,1276972.1935483871,False,26.86666666666666,23.1093956043956,18.352286324786323,727.0,4.0,42.0,0.8301237964236589,4.0,13.0,6.0,0.8211829436038515,0.0,-1.7885714285718384,0.9142857142865147,-4.894285714286312,2.337142857143626,-3.4485714285719653,-0.2485714285715814,5640.400000001495,1641.6857142862,-0.8799999999998981,-0.83714285714406,0.8685714285717598,0.9657142857147655,85.28571428574526,-95.37142857145119,0.21142857142860702,-1.2542857142859942,-0.0885714285713735,0.8314285714289028,-0.5285714285716114,0.12426800490821578,18.303595042688794,6,133.28604273504277,0.017994505494505496,2.225378266850069,0.0
12086005406,0.1304506825261988,High,73.4375,0.2969378362459283,0.4393198393826703,0.2500933795205061,0.4283002489960564,0.1407955517695443,0.2670064338899732,0.6205757210728485,0.3437822929713505,0.7399212411849292,27.1,40.5,40.4,55.1,2.8,5.0,5.0,106127.53571428572,1298536.0714285714,False,22.5,20.365808080808083,18.496333333333332,565.0,1.5,29.666666666666668,0.7743362831858407,5.0,5.0,6.0,0.7699115044247787,0.0,0.8028571428575446,2.8800000000001837,-0.6685714285719903,0.6085714285715441,-2.142857142856492,0.005714285714317945,3477.8837209306207,8089.114285713535,-0.025714285714538865,-2.2971428571429606,1.2542857142859845,-2.0714285714292,95.22857142861156,21.942857142893335,-1.5571428571440118,0.9714285714293447,-1.534285714286565,-0.8257142857146194,0.002857142857267813,0.12036419735587447,21.1641764174593,5,149.1493666666667,0.0715547703180212,9.139380530973453,21.757428571439462
12086005407,0.103144936509591,Moderate,55.2734375,0.2235607089208414,0.4613732753285942,0.1661275528179304,0.5562880196757335,0.1530444584772191,0.2460059278536832,0.5788416784599142,0.2809938650237523,0.7726862921764209,21.7,21.3,30.2,47.6,2.8,20.0,6.0,93948.2,1224725.711111111,False,18.60238888888889,16.708559523809523,16.877097222222222,1194.0,5.833333333333333,82.0,0.7324120603015075,6.0,20.0,8.0,1.0,0.0,2.1200000000007106,-2.9857142857151424,-0.6085714285712871,0.894285714285563,3.3771428571447157,-0.17428571428558406,2117.971428571679,1142.8571428574385,-0.9514285714285761,-2.6600000000002786,0.5457142857145558,2.8657142857154865,96.00000000003182,77.17142857146185,-0.06285714285716508,1.334285714286232,-1.0571428571431167,-3.3885714285725443,-0.46285714285724255,0.1317810938649033,21.604972499722496,9,154.5669902777778,0.017824267782426777,5.69962311557789,46.00400000001542
12086005409,0.153755899218298,High,87.890625,0.371583797376436,0.4137852627156785,0.2628156996466353,0.4237248751016614,0.089541173196229,0.2420058314658184,0.629238549318238,0.4803518951062366,0.6844158844964462,43.0,33.8,57.4,63.2,7.1,8.0,4.0,134376.85714285713,1261179.9523809524,False,22.77314814814815,23.62975,18.514618055555555,645.0,3.3333333333333335,35.333333333333336,0.7744186046511627,4.0,8.0,4.0,1.0,0.0,1.7828571428572708,0.7228571428577681,1.445714285714068,0.9400000000001977,-2.917142857143903,-0.6085714285713361,133.80000000016534,1834.9142857147524,-0.8057142857139405,1.4942857142855752,0.15428571428564822,-0.6228571428571577,56.71428571430789,-138.91428571433585,1.9485714285718159,-2.8828571428577017,0.7342857142857143,0.6999999999999975,0.43142857142891194,0.11978820047236446,20.36511336473507,7,235.8714236111111,0.05232198142414861,7.624651162790698,76.66285714286265
12086005410,0.1710404724660156,Critical,93.359375,0.3680235549802819,0.4647541445415896,0.2660428887087443,0.464868861820067,0.1671208744702601,0.2670064338899732,0.6376654143360964,0.4700042212518195,0.7871091381915514,42.9,24.7,46.4,59.2,12.9,6.0,4.0,88625.5,1242625.0,False,30.0,25.512962962962963,18.297962962962963,354.0,1.3333333333333333,22.0,0.7655367231638418,4.0,6.0,5.0,1.0,0.0,4.734285714287002,-1.1200000000003476,-0.9057142857145601,0.6200000000002207,0.8685714285718089,0.49999999999990136,429.22857142872857,-18.800000000041525,2.7571428571439465,1.7285714285717897,0.5342857142856781,2.5600000000008234,76.71428571430924,-124.28571428571348,-1.0828571428574307,0.982857142857281,0.25142857142851277,0.35714285714270044,-0.6457142857144391,0.11503089949755262,19.627083177190773,7,244.61738888888888,0.06957746478873239,5.791242937853108,203.10085714291236
12086005506,0.1009859537775261,Moderate,53.7109375,0.2102182350557243,0.4803862697770102,0.117712195374642,0.4023129904025481,0.2702601920584114,0.2827568134171907,0.5966938051755508,0.3027242747368065,0.8499075478313506,20.1,7.6,34.1,49.2,5.1,15.0,5.0,53666.225,1283057.3875,False,120.0,120.0,0.0,0.0,0.0,0.0,0.0,0.0,0.0,0.0,0.0,0.0,0.22857142857151674,-1.7314285714294664,2.1714285714293666,1.2057142857136354,0.4600000000001051,0.3628571428570747,2898.400000000369,1446.2285714288275,-1.1485714285717494,0.9657142857143938,-0.3514285714286924,-0.5428571428570361,139.657142857179,-573.2285714285567,-0.4428571428569611,0.7028571428572963,0.6171428571437986,-2.2857142857148607,0.48285714285671527,0.10272394574366678,26.99051207024044,0,482.40000000000003,7.6,7.6,4.594285714287487
12086005504,0.0956656720588007,Moderate,48.046875,0.2002544451953042,0.4777205917476636,0.1177396425655517,0.5115268977891636,0.2427305916589009,0.2428558519482397,0.5681354735269671,0.2827692478250567,0.8233541438150469,20.7,7.9,32.1,37.1,7.8,21.0,6.0,58112.275,1204900.925,False,120.0,120.0,0.0,0.0,0.0,0.0,0.0,0.0,0.0,0.0,0.0,0.0,-1.6142857142866431,-0.811428571428278,-1.7228571428578916,-0.5285714285718726,-2.9285714285709403,-0.4828571428576633,9866.228571431748,476.54285714281195,-1.8800000000007142,0.6799999999995138,1.562857142857496,-1.3571428571433735,152.91428571434594,-339.6857142855548,-1.4485714285718796,1.7742857142866508,-1.0828571428573857,0.9800000000011323,-1.8628571428576381,0.10272394574366678,26.99051207024044,0,496.79999999999995,7.9,7.9,0.0
12086005600,0.0894018855201741,Moderate,42.1875,0.1960010202129017,0.4561296947488505,0.1040139504265934,0.504929492007118,0.2567047286258503,0.225264687324014,0.5289411067682008,0.2879880899992101,0.7648084590190695,11.0,16.2,26.9,65.6,3.4,30.0,8.0,56742.51851851852,1264716.7037037036,False,13.673302469135805,21.23003999976059,16.644324074074074,2218.0,9.166666666666666,118.33333333333333,0.5491433724075744,8.0,30.0,11.0,0.5378719567177638,0.0,-0.451428571428355,0.8000000000003055,0.031428571428410976,-0.3114285714284922,2.562857142857869,-0.3857142857142757,1205.685714286283,1510.4857142861024,-0.5285714285714375,-0.528571428572108,0.9971428571432551,-0.07714285714290683,109.82857142861415,-114.17142857143175,1.0428571428572382,-0.12857142857126727,0.7085714285713016,-0.5714285714282491,0.31999999999997414,0.0727701805119586,24.98477443116284,9,80.91243518518519,0.007300585849481748,7.303877366997295,0.0
12086005701,0.1031279110290732,Moderate,55.078125,0.2113284591119153,0.4879982159641772,0.1423458206532225,0.4115087584901158,0.3068742050807375,0.2557736050798646,0.5871566059033627,0.280311097570608,0.8786779052668058,20.1,12.3,35.0,43.8,2.9,19.0,6.0,45463.523255813954,1313660.7325581396,False,24.28,14.388926741816528,17.93969298245614,1719.0,4.666666666666667,93.66666666666667,0.6578666666666667,6.0,19.0,8.0,0.7296,0.0,-0.23714285714269354,1.1485714285721114,-2.3400000000007295,-0.13142857142821923,-1.3285714285706147,-0.4200000000000047,4457.485714286331,2673.2000000007065,1.165714285714759,0.07999999999971348,1.1628571428575623,-0.03714285714285786,29.17142857144876,-316.1428571430164,1.1028571428577267,-0.39142857142876974,2.0342857142865087,-2.185714285714849,-2.1485714285722226,0.0682176991879976,32.14916045607766,6,121.81217105263158,0.007151162790697675,4.20824,0.0
12086005706,0.1473516955108604,High,84.375,0.2684615743577762,0.548874437108404,0.2327222420660371,0.3942483326961473,0.422203716416029,0.3510084580351333,0.6624824364849383,0.3042009066495154,0.9144292419097724,27.3,23.6,24.7,54.1,3.8,7.0,2.0,25544.375,1340514.625,False,120.0,120.0,0.0,0.0,0.0,0.0,0.0,0.0,0.0,0.0,0.0,0.0,0.9657142857145816,0.2628571428570259,-0.7628571428566534,2.365714285714905,0.5114285714295135,0.44285714285744243,6087.028571429808,2631.1428571433516,-0.2314285714288797,-0.8542857142863933,1.525714285714871,-1.5857142857149231,103.37142857145932,-506.7428571427556,0.5657142857144843,0.38285714285731415,0.5342857142860381,0.7285714285714585,-0.9342857142863873,0.10272394574366678,26.99051207024044,0,655.2,23.6,23.6,26.36400000000808
12086005708,0.0848282797071035,Low,36.9140625,0.1914076336511486,0.4431812780346472,0.1321576789787243,0.062856314838546,0.3264869278613708,0.3152707547803942,0.6213416924994946,0.2506575883235729,0.8899507001934303,11.8,17.9,29.8,39.1,7.0,15.0,4.0,40238.15789473684,1286855.649122807,False,120.0,120.0,0.0,0.0,0.0,0.0,0.0,0.0,0.0,0.0,0.0,0.0,-1.802857142857345,1.1914285714289088,-1.5542857142854432,1.7200000000003621,-4.22571428571519,0.6085714285714843,3710.685714286813,1885.1714285721414,-0.16857142857120339,-3.2714285714298366,1.1714285714286772,-0.9685714285716165,55.65714285715131,-603.0571428572218,0.7057142857145959,-0.14000000000020885,-0.07714285714285296,4.04857142857212,-1.9914285714287159,0.10272394574366678,26.99051207024044,0,283.20000000000005,17.9,17.9,0.0
12086005806,0.058809885954846,Low,15.234375,0.1330293167530497,0.4420821469302012,0.0880090318225635,0.0678467259369142,0.3230889387473257,0.3192842893420143,0.6021394354965518,0.1780496016835359,0.8980513451282,4.4,15.2,25.8,35.5,1.1,18.0,5.0,39347.70212765958,1236447.0425531915,False,120.0,120.0,0.0,0.0,0.0,0.0,0.0,0.0,0.0,0.0,0.0,0.0,-1.3085714285716108,0.7428571428571362,0.06571428571462677,1.7971428571427563,-3.414285714285545,-0.25142857142864683,4487.771428571903,2506.714285715048,-0.07142857142855379,-3.96285714285823,0.9428571428574466,-0.522857142857404,23.08571428573689,-729.1714285714557,0.44285714285758254,0.6885714285712704,0.411428571428929,1.414285714285728,0.6257142857147093,0.10272394574366678,26.99051207024044,0,105.60000000000001,15.2,15.2,0.0
12086005803,0.0709571625791422,Low,24.0234375,0.1619233963974291,0.4382143912358598,0.0854261316797977,0.0861567344749377,0.3350112369083434,0.3106228695038063,0.5504924804007457,0.2384206611150604,0.908788634891466,12.5,6.3,25.8,42.9,4.5,38.0,6.0,37904.230769230766,1266876.6923076925,False,120.0,120.0,0.0,0.0,0.0,0.0,0.0,0.0,0.0,0.0,0.0,0.0,1.0314285714291767,0.1657142857145595,-0.8857142857140597,-3.1200000000007058,0.3228571428585292,-0.5542857142857626,2394.9142857148504,556.0000000000795,-0.2571428571427344,-0.6971428571433039,0.8371428571429209,-0.6657142857144753,76.02857142860819,-862.3142857142927,-1.488571428571746,1.0200000000001477,-1.0199999999998732,-2.3600000000003583,-0.24571428571435946,0.10272394574366678,26.99051207024044,0,300.0,6.3,6.3,12.892857142864708
12086005901,0.1103000841477792,Moderate,60.7421875,0.1901941012520201,0.579934306172956,0.1310483877832567,0.5066070248172561,0.4291056009438593,0.3844708028182328,0.6366939455713547,0.2493398147207835,0.9427941567140776,20.1,7.7,17.1,52.4,2.2,9.0,4.0,22029.615384615383,1198098.065934066,False,19.304761904761907,30.72035353535354,17.45098765432099,425.0,5.666666666666667,26.666666666666668,0.5823529411764706,4.0,9.0,4.0,0.8164705882352942,0.0,0.45142857142865817,-0.23428571428574232,-2.340000000000746,1.694285714286408,0.31428571428622865,-0.16571428571425817,5397.971428572968,2518.4571428578543,0.3285714285715548,-3.6085714285729384,3.977142857144052,-0.3685714285713956,157.37142857146574,-193.8571428572338,-1.3914285714288717,-0.36000000000007915,-0.2399999999999154,1.4000000000006858,0.6485714285715765,0.11287423085092159,30.970985264735265,6,131.63514814814812,0.01807511737089202,3.2158823529411764,9.07371428571603
12086005902,0.1137360913613797,Moderate,62.3046875,0.1946528266972971,0.5843022846940196,0.1134892778487427,0.5073680310807583,0.4561706298174411,0.3732322945201393,0.6468125519464474,0.2758163755458515,0.937927916105312,16.6,7.6,19.7,68.9,0.0,9.0,3.0,20102.300970873788,1257618.3398058251,False,14.27777777777778,22.86875,18.203611111111112,510.0,6.5,34.0,0.5911764705882353,3.0,9.0,4.0,0.7705882352941177,0.0,0.1600000000000111,0.7428571428574726,-1.788571428572009,-2.048571428572188,3.542857142858305,-0.13714285714293206,2758.6000000008557,2007.6000000005638,-0.2571428571427839,-0.09714285714297731,1.5571428571428718,0.12571428571429819,129.82857142861107,-180.4000000000403,0.6857142857143689,1.8400000000005554,1.5428571428576596,-0.3742857142857545,-1.8228571428577174,0.11172889511305477,33.58818644318645,7,96.22005555555555,0.014872798434442268,3.1070588235294117,2.6560000000001844
12086005903,0.1262727747033952,High,70.8984375,0.2193584545798197,0.5756458074309024,0.1259261009044461,0.3509019724452374,0.5104133735404068,0.4175845303629464,0.6560624873643776,0.3127908082551933,0.943266673441544,17.2,9.5,42.4,52.4,2.8,10.0,2.0,14654.617021276596,1213852.8936170214,False,120.0,32.48214285714286,16.683333333333334,370.0,0.8333333333333334,20.0,0.7567567567567568,2.0,10.0,3.0,1.0,0.0,0.319999999999912,0.7628571428572519,0.22285714285692082,0.4542857142858427,-1.7200000000004885,0.0028571428571936702,3828.714285715354,1031.6000000003662,-0.3314285714286411,-2.540000000001013,1.49714285714335,-1.1742857142860774,84.11428571431395,-10.91428571433969,1.8200000000005532,0.11142857142855206,1.1057142857141844,-0.8514285714286223,-1.2028571428573422,0.09313984392142527,30.446626652117725,7,125.84666666666666,0.02560646900269542,2.3108108108108105,5.503999999998486
12086005904,0.0986138264879899,Moderate,50.78125,0.1818021718777242,0.5424238086347793,0.0995622034532695,0.4100505501040739,0.3886465366865998,0.3398263704054204,0.6431077032369656,0.2640421403021789,0.9304878827408374,16.9,4.5,17.1,58.4,4.0,11.0,3.0,26367.506493506495,1163159.3896103897,False,32.0,37.56206293706294,16.053863636363637,435.0,1.3333333333333333,25.0,0.6540229885057471,3.0,11.0,4.0,1.0,0.0,-1.3885714285719812,0.7000000000002755,-1.2228571428574389,-1.3771428571434194,4.585714285716165,0.0571428571428951,2200.8000000008833,-847.4857142859091,0.25142857142867864,-3.468571428572638,3.7142857142868553,-0.08000000000006226,71.71428571430528,-25.7714285714095,0.6400000000002269,-0.8971428571432326,-0.565714285714372,-3.294285714286743,0.09428571428603323,0.11676965007085137,28.690415464165465,6,134.28970454545453,0.010321100917431193,1.556896551724138,0.0
12086006004,0.0657805568720596,Low,19.7265625,0.1391961737963238,0.472574461481332,0.0397734388443543,0.0757293643618773,0.4024755953534966,0.3349492475367939,0.6353861726980704,0.2386189087482933,0.914331927456422,5.2,3.5,2.1,80.3,3.2,14.0,3.0,24364.46323529412,1154521.9632352942,False,120.0,120.0,0.0,0.0,0.0,0.0,0.0,0.0,0.0,0.0,0.0,0.0,-0.5457142857144224,0.685714285714583,-1.2971428571430368,0.0,5.600000000001217,0.7228571428573779,3771.31428571343,4061.371428572261,0.08285714285728397,-1.277142857143209,1.062857142857124,-1.168571428571878,228.742857142941,-655.7999999999605,0.8742857142857977,0.9142857142860302,0.48571428571430514,2.6114285714297556,-0.4171428571428621,0.10272394574366678,26.99051207024044,0,124.80000000000001,3.5,3.5,0.0
12086006002,0.0499093736885523,Low,9.9609375,0.0996139051003254,0.5010281811388329,0.0460336286676402,0.0862487497634687,0.4698565701651563,0.3847365434873567,0.6343267459622166,0.1531941815330106,0.9299722963159656,8.3,1.6,19.3,25.7,2.2,14.0,3.0,17833.909090909092,1197576.378787879,False,32.0,30.635340136054424,16.87986111111111,495.0,2.5,29.333333333333332,0.8777777777777778,3.0,14.0,5.0,1.0,0.0,-2.0085330828495254,-0.4999935059666175,-0.36568057858778247,-1.5856836709843962,-0.15709739890584104,0.09143321002409427,2773.7945187277924,578.462320302883,-0.15999814456175623,-0.6257062454823493,0.7828494118649029,-0.7143042686675173,0.0,170.910410940903,-0.7142792202522567,0.040001546198261594,-2.162836114558048,-2.199998763041731,0.8828503395842792,0.07995913186987294,42.6391872665733,10,59.09715277777778,0.0032258064516129032,0.1955555555555556,0.0
12086006106,0.0515379832431995,Low,10.9375,0.1121263863515573,0.4596418819885002,0.0440982146312823,0.0528545941123996,0.3667718255066702,0.3420082411624376,0.6457017263068041,0.1801545580718323,0.8908730228541898,5.1,4.8,5.9,56.4,1.5,10.0,3.0,29995.095238095237,1181587.5396825396,False,120.0,120.0,0.0,0.0,0.0,0.0,0.0,0.0,0.0,0.0,0.0,0.0,0.10285714285725449,0.9200000000004108,0.057142857142955236,-0.14285714285550916,3.905714285715325,-0.49142857142875823,6222.485714286332,3897.600000001357,-0.11428571428569972,-5.817142857144126,5.480000000001558,-0.28000000000008857,10.571428571425951,-455.3714285714024,0.1257142857143388,-0.7400000000001133,-0.20285714285694653,1.465714285714664,-0.3199999999999981,0.10272394574366678,26.99051207024044,0,122.39999999999999,4.8,4.8,0.5245714285719979
12086006104,0.0472162299973866,Low,9.1796875,0.1115741950270729,0.4231823495202441,0.046856326481484,0.0568571294426968,0.3182069732584903,0.282528547047231,0.6063858890985466,0.1762920635726617,0.8519332087542554,5.2,5.8,1.7,58.7,1.8,27.0,3.0,37205.96894409938,1139983.4161490684,False,120.0,120.0,0.0,0.0,0.0,0.0,0.0,0.0,0.0,0.0,0.0,0.0,-0.248571428571716,0.597142857142889,-0.034285714285769944,0.18285714285748642,-2.4628571428595536,0.4028571428572622,15921.400000007648,10027.028571432582,-0.36571428571446346,-3.4485714285719635,4.468571428572699,-0.82285714285762,-159.5142857142711,-203.68571428566534,-0.47142857142867167,0.6285714285716456,-0.13428571428624336,1.165714285714801,-0.3600000000002181,0.10272394574366678,26.99051207024044,0,124.80000000000001,5.8,5.8,0.0
12086006201,0.0894394826825683,Moderate,42.3828125,0.1888861663135498,0.4735099686130501,0.1317780089188072,0.5749496150923449,0.2560383560121308,0.1935046627629581,0.6549213923894243,0.2459943237082924,0.688135816808393,12.8,25.5,18.2,54.9,4.0,11.0,2.0,55429.55,1231199.975,False,14.390000000000004,39.66848484848485,15.076388888888888,286.0,2.0,17.666666666666668,0.22727272727272727,2.0,11.0,3.0,0.3706293706293706,0.0,-0.514285714286167,1.254285714285389,0.11999999999932126,1.7800000000005634,-3.542857142858921,0.15999999999998024,6020.800000002433,4741.028571430072,0.8914285714286371,-2.6742857142865293,2.7371428571435183,2.385714285714537,69.94285714288475,34.00000000001198,0.934285714285853,-0.7628571428572481,1.4800000000001434,1.6885714285719522,-0.89714285714282,0.058206246217436836,16.469834021849824,5,114.22222222222224,0.08885017421602788,19.704545454545453,0.0
12086006203,0.0420518815191716,Low,6.8359375,0.1272468966269064,0.3304747120275135,0.0795564784484011,0.0659133709981167,0.2307936319929134,0.1278335888020172,0.556470281016241,0.1749373148054116,0.6713626873282794,13.1,10.6,4.0,44.1,2.8,24.0,7.0,58188.35593220339,1134216.8305084745,False,13.705555555555557,20.07023208273208,15.74951388888889,1785.0,2.5,95.0,0.44565826330532216,6.0,24.0,10.0,0.2991596638655462,0.0,1.5342857142863173,-2.1428571428574417,-0.2771428571430549,1.265714285714175,0.2828571428577632,0.608571428571602,9793.228571431282,11014.11428571811,-0.13714285714267066,-2.2685714285717324,1.8571428571432567,1.5523618534783283e-13,85.0000000000159,43.657142857137174,-2.0542857142857702,1.7228571428572275,-1.5285714285715872,0.46285714285712426,-0.5942857142858368,0.0623168851193881,16.73794851722352,6,108.08136805555554,0.00593505039193729,5.8760224089635855,20.099142857150756
12086006205,0.0561008783413489,Low,13.671875,0.1258548435702354,0.4457585957749878,0.0768887586004756,0.557751044604752,0.2404595190227883,0.1551929287778344,0.618220609542422,0.1748209285399952,0.6571688769271419,14.6,8.8,10.1,32.7,4.2,17.0,3.0,57646.75675675676,1181285.9189189188,False,14.010499999999999,10.301064013840831,16.5018954248366,1693.0,4.5,88.0,0.3981098641464855,3.0,17.0,4.0,0.18487891317188423,0.0,-0.94000000000026,-0.9771428571431597,-0.6800000000002182,1.3857142857147813,-1.6800000000000788,0.19428571428570876,4273.714285714925,6295.371428573232,-0.9742857142858682,2.5428571428582756,1.185714285714456,0.04285714285715485,91.25714285716755,-175.91428571432402,0.5114285714286585,0.25714285714283996,-0.680000000000467,2.1800000000006308,-1.4114285714290968,0.07586878461037964,23.59360547067312,6,109.47232679738562,0.005194805194805195,5.296633195510927,0.0
12086006206,0.0291159747907875,Low,3.3203125,0.0899036163608269,0.3238576596733437,0.0515695139579018,0.0660889511915381,0.2365810747173783,0.0973869620583999,0.5580836955545072,0.128237718763752,0.6611476148448947,7.9,7.7,5.6,29.5,3.0,25.0,7.0,57722.307692307695,1159334.0961538462,False,13.666666666666666,17.878398051948054,15.925866666666666,2064.0,1.3333333333333333,107.33333333333333,0.43507751937984496,6.0,25.0,9.0,0.21463178294573643,0.0,0.28285714285737423,-0.31142857142847197,1.9285714285720876,0.3285714285711924,-0.1342857142854568,-0.6571428571430711,10476.028571430817,6741.514285716423,-1.0057142857144854,-3.840000000000749,4.571428571429615,0.1285714285714014,179.85714285718353,153.45714285718844,0.7800000000002637,-1.60285714285779,-0.20571428571419412,1.0228571428573343,-1.2428571428574724,0.07077750949776938,21.409319981889183,6,63.78565333333334,0.003728813559322034,4.349903100775194,2.2345714285732567
12086006304,0.1079188793108872,Moderate,58.7890625,0.2186152777920697,0.4936474724036968,0.1424864287773285,0.464868861820067,0.2804886617520666,0.2657711100054856,0.6189532650448143,0.2947441268068109,0.8381554633960502,23.0,11.0,32.9,51.9,1.2,12.0,4.0,45591.89411764706,1149256.5647058825,False,120.0,120.0,0.0,0.0,0.0,0.0,0.0,0.0,0.0,0.0,0.0,0.0,0.7571428571435397,0.7971428571433773,-0.7314285714285889,0.17142857142878146,-1.0314285714292848,-0.8114285714289958,3072.4571428578315,2131.6857142864155,0.8542857142859498,1.142857142857197,-0.8257142857140939,0.5828571428573959,58.65714285715631,-637.7999999999107,-1.2800000000007248,-0.008571428571256786,0.3942857142858668,-0.19142857142756747,0.2714285714290009,0.10272394574366678,26.99051207024044,0,552.0,11.0,11.0,17.414285714301414
12086006302,0.0955177954479887,Moderate,47.65625,0.2020709609977329,0.4726943197397887,0.1043761890593207,0.4312198718471848,0.2793334207842099,0.2550061447263789,0.6304401829638115,0.2997657329361452,0.767471978377358,17.7,9.5,22.4,52.3,10.6,7.0,4.0,46346.017857142855,1161303.8035714286,False,26.4,15.597498982498982,18.464960317460317,573.0,3.3333333333333335,27.0,0.7643979057591623,4.0,7.0,6.0,0.8359511343804538,0.0,1.2342857142856676,0.6942857142858669,-0.30000000000069527,0.19428571428514665,-2.182857142857579,-0.03142857142889166,6342.0285714306265,1286.914285714782,1.0314285714290141,-6.43714285714488,2.202857142857715,0.4857142857144857,85.25714285717257,-4.714285714305164,-1.7885714285720835,1.8542857142861673,-1.477142857143234,-0.8514285714284957,-1.5314285714286964,0.06360484751202913,17.44783573229655,8,97.97020238095239,0.016550522648083623,2.238219895287958,21.846857142856315
12086006401,0.1365043492941134,High,78.125,0.2605240954221012,0.5239605537174941,0.1825645105354789,0.5235536257429361,0.2962202877507372,0.3027640522760887,0.6131751634207155,0.3384836803087234,0.8840896393969926,17.8,23.5,36.3,55.8,9.0,10.0,5.0,43913.35135135135,1200815.7297297297,False,18.022380952380953,16.432583333333334,18.45438888888889,900.0,7.0,54.333333333333336,0.7583333333333333,5.0,10.0,6.0,0.78,0.0,0.33428571428582177,0.9085714285713611,-0.825714285714538,0.47714285714283955,1.3485714285720516,-0.7314285714288007,2555.3428571438453,1326.171428571516,-0.13428571428558736,-1.8685714285724022,-0.3371428571429263,-1.2714285714290205,60.400000000023326,-102.82857142857893,0.2285714285715881,0.4171428571428983,-1.0457142857145885,0.782857142857444,-0.4942857142854819,0.10272394574366678,22.85461365135986,8,98.71187777777777,0.026082130965593784,5.679166666666667,5.950285714287627
12086006402,0.1193382342799777,Moderate,66.40625,0.2353173326494499,0.5071374596012219,0.147373671538815,0.43351444867948,0.2852494319525605,0.3195076989806983,0.622794522317317,0.3232609937600849,0.8746211960760535,26.7,7.0,20.9,69.9,2.2,6.0,5.0,47854.875,1236384.175,False,26.125,28.997592592592593,18.38277777777778,370.0,2.1666666666666665,19.666666666666668,0.8054054054054054,5.0,6.0,5.0,0.8216216216216217,0.0,-0.9628571428575985,-1.0885714285715822,-1.0714285714285858,1.3914285714292767,0.4914285714287098,-1.0114285714288167,6527.9142857162105,3796.2000000008534,-0.7457142857142616,-0.7571428571433029,1.5942857142862037,-0.720000000000273,92.88571428573617,52.48571428574698,-0.25999999999999934,-0.11428571428539834,-0.06571428571411694,1.3571428571431352,-2.2628571428577713,0.10206755060736859,20.625248914386315,8,149.9798333333333,0.01886792452830189,1.3621621621621622,0.0
12086006403,0.0693147112615188,Low,22.4609375,0.1388455947822809,0.499221537206196,0.0804681870708526,0.5079802618432288,0.2305625244482919,0.3212577411503891,0.6152032088864928,0.1972230024937093,0.8211039497025775,6.1,13.5,15.5,50.1,2.2,10.0,5.0,66609.27083333333,1296807.0416666667,False,31.9625,16.500956486042696,18.667361111111113,934.0,6.333333333333333,53.666666666666664,0.7419700214132763,5.0,10.0,5.0,0.7173447537473233,0.0,-3.2457142857150183,-0.49714285714257145,-1.5828571428574483,1.148571428570985,-4.920000000001474,-0.7371428571430602,900.6000000008844,4272.514285715705,-0.5857142857141461,-2.2885714285727174,3.8657142857157014,-1.3828571428574152,87.37142857145734,-93.28571428573919,0.7085714285714397,-0.2285714285712814,1.4485714285712468,2.4542857142863235,-0.01142857142871503,0.11453269769179579,24.36011667697382,7,32.52909722222221,0.014438502673796792,3.4834047109207704,0.0
12086006501,0.0542511536147243,Low,12.890625,0.1282668453593541,0.4229553900911309,0.071830628308273,0.0591466287123254,0.2932827767521762,0.3069073953589242,0.625028261675315,0.1847030624104352,0.8304118879569136,8.0,9.3,15.2,45.0,1.3,11.0,4.0,45462.025,1224412.35,False,20.26625,22.556901179628454,18.113358585858585,606.0,5.333333333333333,33.666666666666664,0.8217821782178217,4.0,11.0,5.0,0.9224422442244224,0.0,0.154285714286083,0.06571428571452412,-0.40000000000050057,2.6571428571434534,-2.345714285714614,-0.1171428571429397,2326.5142857151395,1443.1142857146087,-0.002857142857004282,-1.1657142857154699,2.745714285715219,0.3742857142857638,93.80000000003218,-85.4000000000686,0.3800000000003081,0.8885714285715776,1.4428571428577062,3.194285714286674,-1.685714285714567,0.10610286529144577,22.195460393772894,6,47.09313131313132,0.015321252059308075,1.657425742574258,1.234285714288664
12086006503,0.0730510821437033,Low,26.171875,0.1695649481158757,0.4308147583295481,0.0980620899060797,0.0268367256607037,0.3212561156191841,0.3279591221416443,0.6326589842082799,0.2410678063256716,0.8453628440179286,11.8,11.4,15.9,55.4,4.6,8.0,4.0,40347.58536585366,1255900.3170731708,False,30.0,27.754166666666666,18.136354166666667,432.0,2.0,21.333333333333332,0.8356481481481481,4.0,8.0,4.0,0.7824074074074074,0.0,0.4628571428571178,0.8114285714287025,1.1600000000000585,2.6571428571436093,5.768571428574346,-0.10857142857124213,7664.657142858561,3259.800000000871,2.142857142857954,-4.811428571430129,2.0142857142862423,2.317142857143632,151.77142857148115,-14.714285714268058,-0.8857142857144886,0.4285714285713823,-1.2514285714288529,-1.2285714285722424,0.29142857142887674,0.09311001680887934,20.91861011967996,6,69.19102083333334,0.026327944572748268,1.8736111111111113,5.461714285713991
12086006504,0.0861416355940625,Low,38.28125,0.1641397096339915,0.5248067989528329,0.1088799648374176,0.4662068261924936,0.3159540795023858,0.3427355314147766,0.6350108525956376,0.2193994544305654,0.8641267050588705,15.4,9.8,11.4,52.7,2.0,7.0,4.0,43532.72727272727,1318376.121212121,False,44.4625,20.105017006802722,18.580833333333334,396.0,3.1666666666666665,20.333333333333332,0.7904040404040404,4.0,7.0,4.0,0.8813131313131313,0.0,0.48857142857141767,0.042857142857401685,-1.480000000000775,-1.4857142857146628,1.2571428571427565,-0.08571428571436146,7562.714285716659,5386.114285716129,-0.39428571428546266,-1.8857142857152218,2.02000000000046,-1.4457142857147536,56.31428571429963,-116.02857142860037,1.245714285714532,-1.080000000000129,0.6171428571427945,1.6228571428575316,-1.242857142857384,0.0872346758950666,24.417571915100652,6,83.45516666666666,0.024685138539042823,2.054040404040404,7.523999999999832
12086006608,0.0386809745473852,Low,6.0546875,0.1045254862947704,0.3700626126560339,0.0623329975717689,0.0727961145802359,0.1747289784950536,0.2801317501626545,0.571656249298021,0.1467179750177719,0.7509999707442045,4.4,12.2,1.6,49.8,0.9,14.0,8.0,95281.95833333331,1389594.8020833333,False,120.0,120.0,0.0,0.0,0.0,0.0,0.0,0.0,0.0,0.0,0.0,0.0,-1.9736073813432806,0.5112285405161575,-3.1852458249911955,-1.8377162539761671,0.12695617418391414,-0.8815688758693657,12378.267289572983,3210.8930153280994,-0.42160541308147054,-1.6448115637173604,2.860819806265537,-1.052997447297549,110.28429955249736,-593.4450425892787,0.2528925111877329,-0.6723411347326856,-0.3809832999652101,1.8650139323930492,0.028956973562674813,0.10272394574366678,26.99051207024044,0,105.60000000000001,12.2,12.2,0.0
12086006606,0.0717900005288192,Low,24.4140625,0.2055419329058847,0.3492717982840563,0.0944469984071453,0.5550521705138872,0.0525884835562434,0.1548547952706371,0.5242674427746703,0.316636867404624,0.4595960993048438,33.4,7.7,25.0,50.6,4.2,14.0,10.0,188344.95744680852,1460059.1276595744,False,120.0,120.0,0.0,0.0,0.0,0.0,0.0,0.0,0.0,0.0,0.0,0.0,1.3942857142865077,-1.9800000000002957,2.0285714285716394,-0.005714285713730295,-0.8142857142866403,1.0428571428576425,-2445.0581395350946,-3471.3142857144767,3.071428571429295,-0.07714285714154476,-0.2999999999999619,1.1885714285718139,62.9428571428987,-864.228571428515,1.9257142857145413,1.951428571429288,0.3971428571432752,-1.5342857142857447,6.7885714285735705,0.10272394574366678,26.99051207024044,0,801.5999999999999,7.7,7.7,46.56914285716935
12086006715,0.0315374496677145,Low,3.90625,0.1153677951898202,0.2733644134901287,0.037427003443969,0.0939424386121414,0.1002635213215512,0.1905645919178775,0.3926498865601904,0.1933085869356713,0.589401629038883,10.6,2.1,1.9,52.4,4.9,36.0,13.0,143222.05,1420877.31,False,120.0,120.0,0.0,0.0,0.0,0.0,0.0,0.0,0.0,0.0,0.0,0.0,-1.7400000000009888,-1.2971428571427244,0.2114285714286528,1.042857142856833,1.0857142857141449,0.19714285714279858,4608.857142859872,1641.8000000022075,-1.2600000000001588,0.38857142857078686,3.2885714285725363,-0.7342857142861229,40.228571428581695,-936.628571428379,1.3657142857145836,0.9514285714284562,1.8228571428573297,4.708571428572753,-0.29142857142872436,0.10272394574366678,26.99051207024044,0,254.39999999999998,2.1,2.1,0.0
12086006705,0.0383121312035249,Low,5.859375,0.1107097536639755,0.346059221844259,0.0307817722027578,0.120897694727452,0.1088268650836913,0.162003903708523,0.6693986847721095,0.1906377351251932,0.6691689609295192,7.5,1.7,7.2,53.4,2.9,2.0,2.0,131468.0,1363356.3333333333,False,120.0,7.331060606060606,16.67652777777778,236.0,0.0,15.333333333333334,0.6483050847457628,2.0,2.0,2.0,0.4915254237288136,0.0,-1.3057142857149049,-1.5028571428574884,-0.857142857143176,1.3628571428576124,-0.4228571428572017,-0.6800000000002279,9971.314285716619,335.4571428584355,-0.4257142857143862,-3.640000000001708,3.631428571429768,0.10571428571381022,-3.3428571428538634,106.71428571429419,0.3342857142859876,0.7000000000001692,-2.5142857142863213,1.4228571428580334,-0.6657142857145226,0.0330577333789853,7.28251126223901,3,54.92604166666666,0.007172995780590717,0.5978813559322033,0.0
12086006706,0.0331990609265872,Low,4.4921875,0.0894302579222589,0.3712285047354663,0.019586268752905,0.1284837671991998,0.1440158376374627,0.2040049157811031,0.6674100484084731,0.1592742470916127,0.712227954651093,1.9,3.6,0.6,55.4,2.6,3.0,2.0,115016.25,1430940.0,False,120.0,9.51971002447802,16.615992063492065,586.0,0.3333333333333333,45.666666666666664,0.5895904436860068,2.0,7.0,3.0,0.6928327645051194,0.0,-0.7685714285715818,-0.11714285714301126,0.1942857142857861,0.3714285714285461,-2.720000000000867,0.5142857142858248,5257.685714288332,6701.742857145234,1.1428571428575416,-2.8085714285716508,0.4742857142859583,-1.0400000000000011,83.97142857145158,33.05714285713168,0.25714285714285007,-1.4200000000001427,-1.9942857142863093,-4.1885714285718985,-0.1971428571434067,0.0473538828372233,11.395734551396316,3,14.029615079365076,0.006132879045996593,1.4774744027303757,0.0
12086006709,0.0124387653228023,Low,0.5859375,0.0558336061125736,0.2227827681006832,0.014827517676328,0.0603627713351174,0.0384478045094725,0.0780018795633629,0.6814545286070489,0.0968396945488191,0.2556468564884143,1.5,10.1,1.4,32.1,1.6,2.0,1.0,189689.5,1366735.0,False,120.0,12.41666666666667,16.027777777777775,247.0,0.0,13.666666666666666,0.840080971659919,2.0,3.0,2.0,0.0,0.0,-1.8657142857146982,0.8171428571429199,0.3600000000001117,-2.5914285714290815,-0.20285714285683898,0.09714285714291039,22333.62857143498,5611.771428572045,-0.10857142857138043,-2.597142857143863,5.1200000000014665,-0.38571428571452615,170.82857142862085,110.45714285717395,-0.5285714285715214,0.2685714285717429,0.37142857142858465,0.08857142857163487,-1.2171428571432528,0.01828957585141975,5.193043770171835,4,11.958333333333337,0.0407258064516129,1.615182186234818,0.0
12086006721,0.0197621782462235,Low,1.7578125,0.078615244978016,0.2513784476757641,0.0240406966743782,0.0760350527365273,0.032277286608759,0.0570013735270729,0.6841090903475077,0.1331897932816537,0.4074694351589536,7.2,4.6,0.0,34.3,5.0,1.0,1.0,188219.25,1313528.0,False,120.0,120.0,0.0,0.0,0.0,0.0,0.0,0.0,0.0,0.0,0.0,0.0,-0.7599999999998039,-0.6599999999994992,0.0,-0.9428571428566597,-1.020000000000904,0.6571428571428356,6541.171428573767,16919.45714286135,-1.2000000000002589,-0.8000000000023468,3.2485714285731384,-1.9314285714287327,223.68571428573944,129.8571428572465,-0.04857142857114679,-0.39142857142848464,-0.59999999999968,-2.03142857142853,0.05999999999955573,0.10272394574366678,26.99051207024044,0,172.8,4.6,4.6,0.0
12086006713,0.0363633630838959,Low,5.078125,0.1216434655860706,0.2989339617109685,0.0472763898905326,0.1091724898404202,0.0690279508608992,0.0780018795633629,0.6822746660486001,0.1960105412816086,0.5561928222415601,8.8,8.2,3.5,51.0,6.3,0.0,0.0,158329.42857142858,1336346.5714285714,False,120.0,120.0,0.0,0.0,0.0,0.0,0.0,0.0,0.0,0.0,0.0,0.0,0.8228571428572117,-0.4342857142856824,0.6485714285715476,0.15142857142868962,4.405714285715247,0.034285714285497544,7574.0000000020345,4879.314285715683,-1.2914285714290292,-3.4571428571440994,6.231428571430923,-0.4000000000001188,72.34285714289123,-183.91428571435674,0.8742857142861135,-1.6485714285720223,0.5885714285715524,4.431428571430407,-1.562857142857563,0.0329164058313834,5.0453125,3,211.20000000000002,8.2,8.2,7.241142857143464
12086006714,0.0329164058313834,Low,4.296875,0.1044817456834967,0.3150445622443566,0.0568336983110148,0.095987305897863,0.0846559008807922,0.120002891635943,0.6568191224700676,0.1521297930559786,0.6177575903371175,8.1,10.3,4.4,39.3,3.4,1.0,3.0,146509.0,1340723.5,False,120.0,5.0453125,16.693611111111114,182.0,0.0,11.0,0.7307692307692307,3.0,1.0,3.0,0.31868131868131866,0.0,-1.4028571428577725,0.4571428571428961,1.1885714285718572,-0.98857142857151,-0.9228571428577119,-0.24571428571442594,10867.571428573907,7390.542857144709,-0.4657142857144754,-1.1371428571436533,3.1542857142869347,-0.040000000000151116,188.4571428571961,103.20000000002126,-0.40857142857185064,-0.5314285714285005,0.9828571428574429,-1.1371428571433242,-0.7942857142857151,0.037337747143710395,63.6655303030303,3,59.18174999999997,0.056284153005464486,2.773076923076924,0.0
12086006801,0.0426143249223311,Low,7.6171875,0.1176744272373367,0.3621375172396855,0.0614582098338917,0.0568571294426968,0.1463691230714909,0.2526727551667911,0.6524090375586854,0.1738906446407817,0.7023795409587632,11.4,6.1,3.5,44.2,3.8,11.0,2.0,99342.12698412698,1251076.0952380951,False,30.0,27.391839826839824,17.650126262626262,438.0,2.1666666666666665,24.666666666666668,0.8744292237442922,2.0,11.0,3.0,0.8287671232876712,0.0,0.4457142857142908,0.9057142857146567,-0.051428571428641615,-1.6428571428569338,-1.4342857142868561,-0.2771428571428814,13964.88571428903,15246.257142862083,0.10857142857141454,-1.6228571428574616,1.620000000000409,0.5028571428574001,272.17142857151094,130.68571428577542,-0.9428571428575674,-0.24000000000006352,0.0057142857140743825,0.11714285714301469,1.2857142857146413,0.05263668281079035,29.408682371096585,6,72.38856060606061,0.01389521640091116,0.7659817351598174,5.081142857142915
12086006802,0.0563956344709217,Low,13.8671875,0.1237979882503999,0.4555456455144745,0.0738143605546007,0.0966399048468629,0.3713888390970032,0.3352580785079158,0.6210961963968821,0.173781615946199,0.8533452087237086,7.6,9.7,4.2,52.5,1.6,17.0,3.0,33034.171875,1332766.109375,False,28.904761904761905,15.460408496732027,18.446307189542484,1294.0,8.0,74.66666666666667,0.7824574961360123,3.0,17.0,4.0,0.4026275115919629,0.0,0.03927010041331819,0.6232778040543829,-0.4711724321645636,-2.253841115804334,1.0955716351625202,-0.0773458972811912,12320.383494861448,2668.4936552368413,-0.058264256086065266,-4.453531877415022,4.518820277376604,0.847488547833716,0.0,31.585491819812795,-0.5567420014222512,-0.1888182114708705,-0.8303800770876324,0.88002806909361,0.41090171198011155,0.037906692924459154,18.455774925658922,4,42.20806535947712,0.00749034749034749,2.11016228748068,0.2984527631412182
12086006901,0.0535733863541653,Low,12.109375,0.122379536107018,0.4377642542076367,0.0527920523659154,0.4046168051708217,0.2262682913616752,0.2875739398018036,0.5664682031583439,0.1919670198481207,0.7038940315455394,8.3,6.7,6.9,56.4,1.4,16.0,8.0,68359.82474226804,1301643.5773195876,False,120.0,120.0,0.0,0.0,0.0,0.0,0.0,0.0,0.0,0.0,0.0,0.0,-1.6200000000003985,-1.0142857142863295,-2.808571428572029,-1.7314285714298598,-1.057142857142901,-0.43999999999998174,10116.628571432191,5204.114285715584,-0.35999999999994836,-2.5942857142868547,2.1428571428575025,-0.5514285714288631,98.68571428574694,-541.1714285713543,0.014285714285734656,1.27142857142929,-2.0428571428578466,2.6571428571433033,-1.1514285714287338,0.10272394574366678,26.99051207024044,0,199.20000000000002,6.7,6.7,0.0
12086007004,0.0439319870669325,Low,8.203125,0.1169266119037002,0.3757227405435693,0.0429932783079251,0.0580178186293883,0.2320220195973101,0.2475615208934083,0.6303796442931914,0.1908599454994753,0.7106326993045482,8.8,3.3,9.2,54.5,0.6,7.0,4.0,60152.055555555555,1179969.4814814816,False,120.0,120.0,0.0,0.0,0.0,0.0,0.0,0.0,0.0,0.0,0.0,0.0,0.025714285714702235,-1.1542857142857172,-0.9085714285715242,1.4257142857150333,-1.148571428571924,-0.6171428571430955,3716.314285714911,1673.171428571776,-0.7428571428574189,-2.057142857143272,2.6228571428573524,-1.1057142857147566,118.68571428575288,-786.971428571368,-1.3228571428575766,0.5885714285713575,-1.4885714285717202,2.108571428571691,-0.2600000000000869,0.10272394574366678,26.99051207024044,0,211.20000000000002,3.3,3.3,0.22628571428937969
12086007006,0.0425283359943307,Low,7.421875,0.1364645933166114,0.3116437382087877,0.0440498516975966,0.0890014501040468,0.113076881865635,0.267518641354273,0.5051799733809555,0.2288793349356261,0.5834417443390282,11.7,3.4,5.4,58.8,6.2,13.0,11.0,113019.39024390244,1198098.3414634147,False,120.0,120.0,0.0,0.0,0.0,0.0,0.0,0.0,0.0,0.0,0.0,0.0,-2.237142857143092,-0.6228571428568815,-3.3914285714288326,0.3742857142854695,-0.9657142857142014,-0.27142857142854865,3656.8285714296885,2143.8857142863776,-2.1800000000001343,0.5428571428567364,3.9542857142865273,-0.4771428571428482,145.94285714290066,-642.3714285713426,-1.2800000000003708,0.4771428571427341,0.12857142857139392,2.33714285714319,-1.7457142857141799,0.10272394574366678,26.99051207024044,0,280.79999999999995,3.4,3.4,0.0
12086007101,0.0827540035845977,Low,35.3515625,0.1846107586424391,0.4482620850114086,0.101239382286063,0.3888366144057614,0.1883281627899997,0.2644453965684744,0.66608153907496,0.2679821349988152,0.7336187122178479,14.5,13.1,28.9,47.7,5.1,1.0,3.0,76808.65853658537,1201839.0731707318,False,61.0,18.290476190476195,19.283333333333335,65.0,0.3333333333333333,2.6666666666666665,0.5923076923076923,3.0,1.0,3.0,0.6153846153846154,0.0,-0.14285714285736067,-3.028571428572168,-0.3342857142860827,-0.7485714285715425,2.5285714285724565,-0.4085714285719308,5395.542857144239,4392.085714286815,-0.0742857142858855,-1.2742857142859356,2.411428571429369,-0.11142857142863935,-2.7142857142643826,61.68571428574397,0.4171428571424638,-0.11714285714248322,-1.637142857143411,2.3600000000004013,-1.7914285714285032,0.07481328586204687,31.632667536059344,4,68.39166666666664,0.1984848484848485,5.34076923076923,0.0
12086007103,0.0864655048904451,Low,39.0625,0.1610758143913331,0.536800047959885,0.1206711790122906,0.3777876895628904,0.4049226468520525,0.3188076821128219,0.6852987341914324,0.2014804497703756,0.897183487080228,22.6,4.3,1.5,20.0,15.4,2.0,1.0,24600.0,1180535.933333333,False,120.0,44.999999999999986,16.166666666666668,50.0,0.0,2.0,0.5,1.0,2.0,1.0,0.0,0.0,1.5085714285710183,0.15999999999993136,-0.12571428571427307,1.7314285714288162,-2.8228571428567766,1.274285714285168,5740.485714287153,1273.4000000006167,0.945714285714317,-5.15714285714448,3.3200000000012855,-0.005714285714714027,95.60000000002788,74.62857142855201,-0.4342857142861225,0.1400000000001365,-1.1942857142861374,-1.4228571428572439,-1.145714285714315,0.06003993069849769,25.241322984358074,5,177.03333333333333,0.08431372549019607,2.15,34.09371428570502
12086007104,0.0308286195919305,Low,3.7109375,0.0807892603366629,0.3815930417417156,0.0229708020224113,0.0693547427891763,0.1861632610743375,0.2633856569871646,0.6712239846575465,0.1386077186509145,0.7178375632003535,2.4,4.0,7.8,39.5,2.2,3.0,2.0,79217.06896551725,1225716.896551724,False,30.0,26.548024691358023,18.31064814814815,124.0,1.0,7.333333333333333,0.8508064516129032,2.0,3.0,2.0,0.7983870967741935,0.0,0.1257142857145077,0.9571428571433896,1.0200000000005063,-0.7571428571430149,-1.1599999999994872,-0.5199999999999807,14618.600000003064,8980.228571431258,0.7742857142859882,-7.6885714285735896,7.0400000000021645,1.1028571428575396,8.457142857136727,-36.51428571427775,0.6514285714287958,-0.39714285714288416,0.07714285714289854,0.3228571428569336,0.31142857142909297,0.07061127779912464,30.227438672438666,5,13.654444444444438,0.032,0.596774193548387,0.3017142857148185
12086007200,0.107145733103765,Moderate,58.0078125,0.2220435030752304,0.4825438782032862,0.1670486103615572,0.5463520732892982,0.1949768779735385,0.2863915163850101,0.6116257272502639,0.2770383957889035,0.7733731961183207,20.0,23.2,18.9,57.5,4.2,16.0,5.0,71769.88461538461,1162301.1538461538,False,39.666666666666664,23.34997791682002,13.19412962962963,647.0,2.0,36.0,0.5525502318392581,5.0,16.0,7.0,0.40494590417310666,0.0,-0.5685714285718578,0.6485714285717299,-3.045714285714923,0.9571428571434124,-0.49428571428648643,-0.6828571428573423,5000.5714285731565,4944.771428573456,-0.4399999999997752,-3.942857142858432,2.4485714285722273,-0.08571428571422238,83.37142857146031,0.8285714285864912,-1.5571428571432617,1.0857142857143713,-0.1028571428571396,-1.3057142857143234,-0.47999999999995496,0.06869216025496896,31.305590828924164,5,216.1174074074074,0.03580246913580246,10.380834621329212,0.0
12086007300,0.0368569722898641,Low,5.46875,0.0735427627969188,0.5011638248027352,0.0374552907789476,0.0793562295569432,0.4381028741963355,0.3998622668142922,0.652115483972415,0.10963023481489,0.9363822694736906,6.2,1.8,1.8,33.0,0.7,12.0,2.0,18968.55789473684,1080780.4421052632,False,39.666666666666664,30.626296296296303,14.375208333333333,354.0,3.0,18.0,0.6779661016949152,2.0,12.0,3.0,1.0,0.0,-2.2371428571434713,0.3314285714286859,-0.45142857142874315,-1.6371428571440412,7.337142857144965,-0.8114285714287485,72.48571428220986,-594.7142857143956,-0.014285714285721068,-2.7199999999998417,3.762857142857243,-0.13142857142861308,6.104651162790657,-27.571428571449065,-0.6114285714286812,0.2142857142854445,0.3514285714289793,1.651428571428988,-1.7542857142861297,0.08116197970935178,31.49061354873197,6,59.67370833333334,0.005070422535211268,0.5796610169491526,0.0
12086007403,0.0660332053478656,Low,20.1171875,0.1401898327045806,0.4710270643308073,0.0921187483785935,0.5178963562323491,0.2582678166965068,0.2798297517351414,0.5084225267875193,0.1882609170305677,0.7907188702025196,21.5,1.8,5.5,43.5,0.0,47.0,8.0,50226.62831858407,1128576.6902654867,False,120.0,120.0,0.0,0.0,0.0,0.0,0.0,0.0,0.0,0.0,0.0,0.0,2.522857142857465,-0.31142857142847513,0.4542857142856698,0.2514285714284613,2.5914285714288714,-0.5285714285716876,2201.600000000483,2109.1142857141317,-0.37714285714292095,-4.637142857143154,3.0714285714280893,-0.07714285714287157,181.31428571431053,-485.2285714284413,-1.0542857142857236,-2.711428571428882,-0.06285714285746417,-5.971428571429677,1.2742857142863264,0.10272394574366678,26.99051207024044,0,516.0,1.8,1.8,54.2414285714355
12086007501,0.0296161798506803,Low,3.515625,0.0630383591787799,0.4698120356636721,0.0175996712027579,0.0573099415204678,0.3620206920697837,0.3563369446413562,0.647094115731069,0.1084770471548018,0.9262984843556836,1.9,1.9,1.2,36.7,1.5,10.0,3.0,29501.0,1133903.656716418,False,120.0,52.44325,14.57161111111111,199.0,0.3333333333333333,12.333333333333334,0.6055276381909548,3.0,10.0,4.0,1.0,0.0,-0.9800000000001252,0.06857142857144868,-0.4057142857144865,0.0,2.6342857142858174,-0.4485714285716914,15997.25714286093,8954.942857144779,0.04571428571432944,-2.1285714285717603,3.1542857142861624,-0.8171428571429948,19.813953488375002,-36.657142857146745,-0.5428571428575026,-0.05999999999994385,0.06571428571412667,-0.17714285714312403,-0.1428571428572417,0.091342660552799,36.05431985454438,6,17.91393888888889,0.0095,0.7494974874371859,0.0
12086007503,0.0592439375962446,Low,15.625,0.1448739033969615,0.4089345023990509,0.0940616547792089,0.1091724898404202,0.1753904202483999,0.2010048434902045,0.8492054770637097,0.195686152014714,0.7098992813525202,12.4,14.1,4.0,55.1,1.9,0.0,0.0,75221.71428571429,1100796.5357142857,False,120.0,120.0,0.0,0.0,0.0,0.0,0.0,0.0,0.0,0.0,0.0,0.0,0.5228571428575671,0.49714285714297224,0.4600000000002036,-3.8171428571439305,1.1828571428562027,-0.0857142857144678,9503.485714289935,7721.114285716338,-1.3628571428576373,-0.637142857142946,2.8885714285722077,-0.43714285714305096,67.54285714287616,3.7714285714356923,1.3771428571431732,-1.3914285714290973,0.5542857142859994,-1.100000000000451,0.3800000000001208,0.10742743969408175,39.8021772875817,3,297.6,14.1,14.1,6.483428571433833
12086007601,0.0674437426158746,Low,21.6796875,0.1344381376515856,0.5016712057605569,0.065442535754747,0.0536227574586183,0.4386687021277715,0.3957018426764685,0.671920179369679,0.2034337395484242,0.9484425471702476,6.2,7.6,3.4,63.4,3.3,3.0,2.0,19969.153846153848,1141127.8205128205,False,120.0,40.298611111111114,15.86611111111111,79.0,0.3333333333333333,4.333333333333333,0.8670886075949367,2.0,3.0,2.0,1.0,0.0,-1.5485714285720547,0.222857142856899,-0.7342857142859087,-2.654285714286328,7.211428571429912,0.26000000000003826,1389.5428571441184,5195.800000001848,0.7657142857145154,-1.6485714285718427,1.9600000000003381,-0.3057142857141848,129.71428571438193,-32.88571428572098,-0.022857142857049005,0.897142857142646,-0.01999999999993334,-0.15999999999967496,-0.782857142857396,0.06936533519717053,35.72404902174545,5,50.430111111111124,0.095,1.0101265822784813,0.0
12086007603,0.128570452052279,High,72.4609375,0.2618307637083689,0.4910441012786515,0.1998988410937741,0.6204857846249462,0.2327502887632528,0.2218553459119496,0.5946719511647236,0.3237626863229635,0.7854571359283855,26.2,24.7,19.8,65.7,5.2,10.0,6.0,57504.025,1132283.125,False,22.905714285714282,24.09355692918193,18.098055555555554,678.0,4.333333333333333,45.333333333333336,0.5184365781710915,6.0,10.0,15.0,0.5457227138643068,0.45427728613569324,-2.0314285714292675,1.8400000000005818,-1.9285714285720779,2.2228571428577433,-1.7971428571436354,-1.5657142857144501,2969.6000000012264,2975.914285715347,-0.72857142857174,-3.134285714286371,2.122857142857543,1.5828571428577203,23.942857142860568,-59.85714285713959,0.977142857143048,0.042857142857176435,1.3199999999999918,1.0571428571429358,1.068571428571925,0.07309050643982382,41.77345980392157,7,154.63094444444448,0.03637702503681885,11.89461651917404,0.0
12086007610,0.0500523803754016,Low,10.3515625,0.1239397963924716,0.4038443004771782,0.0720012243027208,0.0754068104217293,0.255407600314159,0.2572061977397045,0.6221983736550081,0.1758783684822224,0.8090025202552898,11.6,6.2,1.7,46.1,4.1,16.0,4.0,50058.81333333333,1108282.38,False,120.0,120.0,0.0,0.0,0.0,0.0,0.0,0.0,0.0,0.0,0.0,0.0,1.782857142857748,-0.6828571428569862,-0.7914285714288227,-2.2142857142867096,0.4971428571432814,-0.5828571428573781,4309.857142857561,1899.514285714071,-1.7742857142863488,-0.7485714285702452,3.2085714285714753,-1.0028571428574877,106.05714285718106,-220.74285714284093,0.6342857142860866,-1.2171428571429814,0.6342857142860269,1.6742857142853873,0.051428571427992155,0.10272394574366678,26.99051207024044,0,278.4,6.2,6.2,20.681142857149876
12086007605,0.0965038303095417,Moderate,49.0234375,0.1709602978336037,0.5644809440111602,0.0950920584928847,0.4301624631687076,0.4439244858154446,0.3820092050410852,0.6201189292854414,0.2468285371743226,0.9461896367451222,15.3,4.8,10.3,68.3,0.4,17.0,4.0,19632.0,1152787.9047619049,False,30.0,45.33274509803921,15.867156862745098,418.0,2.5,23.0,0.6925837320574163,4.0,17.0,6.0,1.0,0.0,0.762857142857565,1.0028571428577069,-1.222857142857484,0.2057142857143577,4.020000000000706,-0.8714285714288255,1547.028571429113,4458.742857144595,0.24571428571427126,-0.6285714285717096,0.8800000000001956,-0.41142857142870876,106.02857142859554,-144.88571428574204,1.2828571428574438,0.28285714285725133,-0.7085714285715007,-0.4657142857144834,-0.22000000000007958,0.058245211124943644,30.345003401360543,5,124.4325,0.011455847255369928,1.4755980861244018,11.671714285720745
12086007607,0.079818162202215,Low,31.640625,0.1693434660988682,0.4713388950927378,0.0434687822818004,0.0765022072783,0.3875665898917558,0.3615927130774235,0.606165257092796,0.295218149915936,0.9248677081234136,7.4,2.0,3.7,100.0,2.5,18.0,5.0,26113.824,1145549.608,False,120.0,120.0,0.0,0.0,0.0,0.0,0.0,0.0,0.0,0.0,0.0,0.0,0.22857142857147586,-0.6714285714286297,-0.5428571428573682,-2.5028571428582267,11.554285714287161,-0.420000000000011,5814.457142860283,4502.314285715688,-0.2257142857141699,0.25999999999957535,2.242857142857747,0.7885714285714056,139.9428571428505,-337.88571428566036,0.0028571428568962215,0.1400000000004748,1.1828571428568972,0.6885714285720562,-1.0542857142859225,0.10272394574366678,26.99051207024044,0,177.60000000000002,2.0,2.0,1.6914285714289214
12086007708,0.095990641147707,Moderate,48.4375,0.1872314738163866,0.51268432166401,0.0882295415192361,0.0757293643618773,0.5173082341419932,0.405932858437738,0.6357191353864815,0.2862334061135371,0.92873201599196,12.1,6.9,23.7,74.1,0.0,14.0,3.0,14049.08653846154,1205960.451923077,False,120.0,120.0,0.0,0.0,0.0,0.0,0.0,0.0,0.0,0.0,0.0,0.0,-0.5428571428571394,1.157142857143415,5.551428571431069,-0.04857142857159818,8.762857142860616,-0.3857142857142367,3107.4571428592685,310.91428571436734,0.06000000000011649,0.40285714285734064,0.16285714285741912,-2.048571428572196,1.3142857142616664,-636.9714285713617,2.3114285714298535,-1.6371428571434816,2.1971428571436937,-3.425714285715749,-1.3314285714284098,0.10272394574366678,26.99051207024044,0,290.4,6.9,6.9,0.0
12086007706,0.0746280661433917,Low,28.125,0.1420166935858449,0.5254879849620024,0.0830007991302107,0.0788996796436245,0.5550371702725009,0.4380944725772311,0.5958617915627737,0.201032588041479,0.959546810753882,7.2,10.1,12.4,47.9,5.0,29.0,4.0,11253.825174825177,1174263.5314685316,False,120.0,120.0,0.0,0.0,0.0,0.0,0.0,0.0,0.0,0.0,0.0,0.0,-0.2971428571427209,1.717142857143251,0.37142857142894947,1.265714285715176,-0.7200000000017045,0.9114285714287513,8143.542857144382,2964.114285715339,-0.039999999999962774,-1.7600000000005,1.617142857142893,-1.8771428571431754,103.0285714285676,-330.6571428570685,0.014285714285267797,0.2971428571431064,1.0485714285707632,1.2800000000000145,-0.5657142857143961,0.10272394574366678,26.99051207024044,0,172.8,10.1,10.1,0.0
12086007704,0.066581048561335,Low,20.5078125,0.1155320211883714,0.5762995217817288,0.0520741402068773,0.5253731154427721,0.3904297006197295,0.3525084941805826,0.6749135021452479,0.1789899021698656,0.9382727965203116,8.9,2.2,6.7,47.4,3.0,5.0,1.0,25977.053571428572,1156556.875,False,30.0,30.054666666666662,17.40933333333333,170.0,1.6666666666666667,10.0,0.9411764705882353,1.0,5.0,2.0,1.0,0.0,-1.4657142857144687,-1.5200000000002443,-1.3828571428573846,0.9085714285714457,-0.27714285714278325,-0.3571428571429049,3022.14285714397,2755.5714285720974,-0.5114285714288551,-1.242857142857474,3.8514285714297043,0.02000000000008479,137.48571428575082,230.14285714293325,0.045714285714242096,0.7771428571428523,-0.35714285714335353,-2.054285714287271,0.30857142857165054,0.08889074461803409,38.371940730837785,5,58.65693333333337,0.012865497076023392,0.1294117647058824,0.0
12086007705,0.0812776589265265,Low,32.6171875,0.1449073369521971,0.5608940212139767,0.0862323696492912,0.4811447577636878,0.39281469601564,0.3603916628598586,0.6276887200395355,0.203582304255103,0.9424302693911614,13.7,4.6,3.6,49.9,5.4,22.0,2.0,24836.063829787236,1119487.319148936,False,33.125,31.411136363636363,17.089886363636364,700.0,5.333333333333333,41.666666666666664,0.7157142857142857,2.0,22.0,4.0,1.0,0.0,1.637160816817228,-0.8234445600676071,-0.4230349889199441,-1.4866443629647998,3.3055054478917336,1.0149400426045037,2203.336223081988,3025.6613319170424,-1.1267112740723981,-0.3066802823119379,0.6735024913388856,-1.5439210423231138,92.08803153658245,195.78515247981156,0.49155746605757866,0.7198711053714157,1.406595411530202,-1.0131467992131498,-3.09917601510345e-05,0.0665158377955235,29.363277045345228,6,94.66855681818181,0.006562054208273894,1.3077142857142854,22.429103190396024
12086007801,0.1088732905764214,Moderate,59.765625,0.1572914123596987,0.6921756817050302,0.0332523879253372,0.2809991079393399,0.8448927711069382,0.662015952191619,0.6803619825010669,0.2813304367940602,0.9926085947861868,6.7,0.0,2.6,100.0,0.8,5.0,1.0,2067.1428571428573,966425.5714285716,False,32.0,42.50416666666667,16.2375,80.0,1.6666666666666667,8.333333333333334,0.0,1.0,5.0,1.0,1.0,0.0,0.1542857142856145,-1.0457142857145996,-0.06571428571438943,0.0,4.242462828403086e-15,-0.10571428571426489,8093.971428573616,27581.942857153495,0.05142857142869126,-6.742857142859185,5.985714285716139,-1.160000000000345,0.0,-80.4000000000247,1.017142857143478,-0.5000000000002457,2.337142857143592,-0.22285714285710312,-0.8457142857147804,0.06344238815674257,37.02133333333333,4,52.00875,0.0,0.0,1.0337142857136172
12086007809,0.065203669413138,Low,18.5546875,0.1401959394915543,0.4650895714213321,0.1017157051907523,0.5951804517353313,0.2412987759106974,0.184333555696477,0.4810261248511804,0.1786761737923564,0.8236089489129746,14.2,10.5,14.5,35.5,1.5,24.0,12.0,55421.303797468354,1140624.7088607594,False,120.0,120.0,0.0,0.0,0.0,0.0,0.0,0.0,0.0,0.0,0.0,0.0,-2.491428571430174,0.9571428571433832,0.6485714285718639,-0.8914285714288279,-1.4342857142855332,-0.5685714285715935,5585.400000001301,1246.7714285720378,-2.5942857142868907,0.3657142857151715,0.645714285714402,-0.45142857142902704,96.37142857145936,-442.11428571416803,0.4599999999999785,0.9428571428573979,0.4371428571427957,3.8200000000003906,0.34285714285777336,0.10272394574366678,26.99051207024044,0,340.79999999999995,10.5,10.5,0.0
12086007805,0.0551210890480053,Low,13.28125,0.1218255281212621,0.4524592661165331,0.0442186758220916,0.0631821235448948,0.3564301157111875,0.3248649709287314,0.5965967074376081,0.1994323804204326,0.9212224129602432,5.9,3.7,7.1,57.5,3.6,11.0,5.0,29191.102040816328,1090002.1734693877,False,9.36666666666666,16.6524642529188,17.964292929292927,811.0,2.8333333333333335,45.666666666666664,0.6621454993834772,5.0,11.0,11.0,1.0,0.0,0.12000000000004776,-0.5885714285716688,0.49714285714307355,-1.9114285714295345,2.302857142858964,0.08285714285708788,13672.714285718726,6251.200000001728,-0.8428571428573992,-2.8457142857151263,3.394285714286753,0.042857142857024036,69.20000000002402,22.48571428573956,-0.3285714285716228,0.5428571428571602,0.49428571428582907,1.5885714285716717,0.2600000000001643,0.06266868596238175,52.923374368686865,7,35.61067171717173,0.004556650246305419,1.2500616522811343,0.7080000000002818
12086007806,0.0626129040292827,Low,16.796875,0.0825471071852604,0.7585111842715531,0.1026567466702625,0.8617305976806423,0.7074353045229501,0.5909504099816811,0.6500783970168699,0.0624374677002583,0.9823612121556222,15.3,5.6,0.0,0.0,3.2,20.0,1.0,4422.063829787234,1015180.3617021276,False,35.0,43.246249999999996,16.10527777777778,308.0,3.6666666666666665,27.333333333333332,0.0,1.0,20.0,2.0,1.0,0.0,1.0295754147013696,0.40419987129203877,-0.0038151472942725214,-0.011432055401084718,-13.31180687688772,-0.37535663282471576,113.74694326850722,9951.316864264292,-0.19200593212932557,-2.703685362739211,2.5107132656494664,-0.6471867987052684,3.1878567602043995,-36.759647529874634,-0.3376573656968021,0.4950429214969991,0.9901108739708376,1.1584902152479761,-0.1917172517789177,0.0652148877469147,59.29111742424243,5,120.78924999999998,0.018122977346278317,5.6,15.752503844930956
12086007807,0.0511268643364611,Low,10.7421875,0.0996429493068591,0.5131006728736167,0.0302737036981772,0.1091724898404202,0.3299354287180669,0.3037042878725811,0.9322881079906262,0.1690121949155411,0.8904030499463895,4.0,2.8,5.7,47.9,4.2,0.0,0.0,33858.42424242424,1102319.7474747477,False,120.0,120.0,0.0,0.0,0.0,0.0,0.0,0.0,0.0,0.0,0.0,0.0,-0.02571428571428657,-0.7228571428573846,0.12285714285702687,1.4800000000004554,-3.111428571429183,-0.12571428571433663,9388.77142857085,1967.3142857152557,-0.8142857142857899,-2.6314285714292733,2.4742857142860695,-1.0000000000001732,38.999999999998394,4.2571428571024095,-0.7628571428571871,0.8142857142856472,-0.5914285714284753,2.6514285714290713,-0.23142857142858142,0.05253741592841188,32.70894234553325,7,96.0,2.8,2.8,0.0
12086007901,0.0954078055336734,Moderate,47.265625,0.1851988102959233,0.5151642463643495,0.1506788867417175,0.4295300130723355,0.3354903221717867,0.2995293414682984,0.6575668143630523,0.2197187338501292,0.853704740746275,10.4,24.9,0.0,72.1,1.6,9.0,2.0,32140.46017699115,1076899.8053097343,False,50.29444444444443,30.414583333333336,18.582048611111112,308.0,1.8333333333333333,15.666666666666666,0.7272727272727273,1.0,8.0,2.0,1.0,0.0,0.8742857142854903,2.8742857142853584,-0.3971428571429055,0.0,5.057142857144854,0.7628571428574292,-6409.742857141094,1275.7428571441874,0.1142857142857541,-6.628571428573542,3.4485714285724667,-0.34571428571442114,108.8857142857589,102.34285714288865,-0.09714285714285291,0.7542857142860115,0.9028571428572181,1.8800000000005628,-0.8942857142859242,0.07863878270563714,48.62122907788472,8,56.34669444444443,0.08058252427184466,6.79090909090909,9.0925714285691
12086007902,0.0535377303444007,Low,11.9140625,0.1167773773843763,0.458459776572817,0.0408913699815078,0.1064000979517587,0.3531645634639251,0.3310988873773519,0.6585143035244961,0.1926633847872448,0.843121030546553,8.1,1.6,4.4,55.1,3.6,10.0,2.0,28775.31168831169,1056474.2337662338,False,46.29,36.52108333333333,17.75958333333333,265.0,3.3333333333333335,17.0,0.49056603773584906,2.0,10.0,2.0,1.0,0.0,0.6657142857144873,-0.03428571428568988,-0.19714285714315713,-0.008571428571499617,1.2628571428563609,0.3885714285714639,13355.228571432219,5924.342857144103,-0.402857142857321,-4.322857142858504,5.9542857142873205,0.5828571428573385,259.89534883722706,57.40000000001478,-0.3457142857144437,0.3257142857143884,-0.011428571428553271,-1.3914285714292207,-1.0857142857144613,0.10175701956472952,32.07724339896215,5,50.54737500000001,0.006015037593984963,0.8150943396226416,5.392285714287347
12086008000,0.0741765300965443,Low,27.734375,0.1145146407766891,0.6477471316632195,0.0554943250522442,0.0750659555488071,0.7520590726685246,0.7385109461294165,0.682129593750702,0.173534956501134,0.9909700902186472,8.3,2.9,0.8,56.1,1.2,3.0,1.0,3253.054794520548,940769.7397260274,False,60.99999999999999,31.29666666666667,19.283333333333335,111.0,1.0,6.0,0.7027027027027027,1.0,3.0,1.0,1.0,0.0,1.9600000000007158,0.8200000000003081,-0.07999999999995572,0.9542857142860538,4.242857142858654,0.24000000000006738,896.6571428566798,2999.914285715746,-0.8400000000001062,-0.562857142857585,1.1628571428575283,-1.6314285714291308,53.88571428574382,-274.2285714286519,0.7971428571430694,-1.38285714285736,0.24285714285714927,-2.254285714286385,0.48285714285728504,0.0607249526451434,37.526573713323714,7,39.148333333333326,0.02589285714285714,0.862162162162162,16.268000000005944
12086008101,0.026682865978232,Low,2.5390625,0.0380271333374732,0.7016796596639014,0.0268893478615458,0.2035682426404995,0.9413353005020167,0.6996168582375479,0.6679761242895972,0.0491649188134005,0.995901772649846,5.4,0.0,2.8,0.0,4.9,11.0,1.0,1257.84,968587.06,False,36.0,43.36363636363636,16.082323232323233,169.0,2.0,14.666666666666666,0.0,1.0,11.0,2.0,1.0,0.0,-0.42571428571488656,-0.1771428571427832,0.025714285714153073,0.0,0.0,0.3657142857144163,14892.457142862422,8313.885714289885,0.5571428571430658,-6.040000000001784,3.874285714286854,1.0542857142860735,652.7288135592022,-49.599999999998005,-0.12571428571423426,0.32285714285717604,-0.21714285714288992,0.542857142857228,-0.18000000000005886,0.057321737600694436,54.71058333333334,5,42.75545454545454,0.0,0.0,0.0
12086008102,0.0575892897770545,Low,14.6484375,0.1033934021183485,0.5569919220874009,0.0134813451572256,0.2035682426404995,0.4904395215560446,0.4620111327983806,0.6659874879259609,0.1933054590794714,0.9629532255161186,2.8,0.0,3.2,62.2,4.0,12.0,1.0,13132.69172932331,980984.6917293234,False,36.0,43.0,16.106898148148147,186.0,3.0,16.0,0.0,1.0,12.0,2.0,1.0,0.0,-2.257142857143655,-0.7571428571430618,-0.6200000000003266,0.6857142857144931,2.2971428571420374,-0.5828571428573959,10415.914285717578,8160.457142860011,-0.600000000000201,-4.400000000001055,5.011428571430082,-1.5000000000003897,84.69999999995841,-166.14285714289795,0.9428571428573552,0.591428571428726,0.7342857142855844,-1.325714285714598,-1.6800000000004656,0.05035515562944515,46.2736325101666,6,22.100685185185185,0.0,0.0,0.0
12086008202,0.0661953638269316,Low,20.3125,0.1046630583251674,0.6324615856463484,0.0506226282782417,0.3245001982357021,0.577162036737029,0.5953314185061174,0.6823506188647034,0.158703488372093,0.9829636558881896,8.5,1.8,0.0,47.7,2.7,4.0,1.0,5441.487804878048,636648.4756097561,False,36.0,41.666666666666664,16.211597222222224,64.0,2.0,5.333333333333333,0.0,1.0,4.0,1.0,1.0,0.0,0.29714285714286925,0.16000000000004283,-1.0257142857145678,-0.5971428571432299,5.162857142859071,-0.37142857142875196,12375.342857146008,5504.228571430466,0.23142857142882617,-3.9314285714301365,2.45714285714382,0.47714285714295357,30.342857142846924,-30.25714285716536,0.11714285714281895,-0.17428571428574022,-0.8142857142858594,1.2057142857147225,-0.08000000000026358,0.067513178140529,34.74180994245809,6,66.2014236111111,0.027692307692307693,1.8,2.525714285714389
12086008205,0.0411030997641296,Low,6.25,0.0569902805468998,0.7212299951796879,0.0208863304764656,0.3240162553275845,0.8795279998623696,0.7530726917844679,0.6549458633780354,0.0930942306173341,0.994587165545982,1.5,2.7,1.2,30.2,1.9,8.0,3.0,1432.1090909090908,800944.8363636363,False,36.0,36.01,14.239791666666667,135.0,1.5,14.0,0.0,3.0,8.0,5.0,0.8222222222222222,0.0,-0.32285714285725703,-0.18857142857157871,-0.7028571428573219,-2.565714285715153,7.960000000002425,0.2057142857143405,1771.6571428580062,4895.142857144786,-0.0628571428571855,-4.080000000000866,3.411428571429073,0.40285714285725777,344.0571428572551,29.714285714280376,0.5857142857144572,-0.45142857142874054,1.3257142857145185,0.05428571428563205,-0.06285714285709343,0.04768489635463144,40.02372727272727,5,14.6403125,0.01985294117647059,2.7,0.0
12086008206,0.067416083840358,Low,21.484375,0.1242106563752892,0.5427560388753402,0.0351230205465232,0.1261373773416592,0.4785089335067327,0.468455732534385,0.6784036154727408,0.2132982922040553,0.9622745355211834,3.7,3.6,0.4,69.9,5.1,6.0,1.0,10613.787037037036,745366.2222222222,False,120.0,44.333333333333336,15.972175925925926,90.0,0.0,8.0,0.0,1.0,6.0,1.0,1.0,0.0,-0.022857142857306542,0.5285714285716239,-1.1828571428574217,-1.337142857143045,6.025714285714061,-1.1685714285720659,-644.9714285690596,4374.457142859074,-0.01714285714289361,-5.634285714287002,3.297142857143341,-0.5028571428571231,74.31428571431066,-34.571428571430594,0.27142857142868415,-0.2628571428572289,0.1657142857144741,-1.8742857142857225,-0.39142857142871745,0.053282779515902545,32.112040692789144,7,29.702949074074073,0.039560439560439566,3.6,0.0
12086008207,0.0125597120809684,Low,0.78125,0.0173607935248714,0.723452649959528,0.0139396162295269,0.3245001982357021,0.8540381950502084,0.7703821997901373,0.6726557831839522,0.0207819708202159,0.9956868735376396,2.4,0.4,1.0,0.0,2.1,4.0,2.0,1321.878787878788,647948.0303030303,False,36.0,38.125,15.496875000000001,64.0,1.5,6.333333333333333,0.0,2.0,4.0,3.0,0.75,0.0,-0.37714285714286816,0.04857142857149529,-0.22857142857145366,0.0,-17.288571428577473,-1.2600000000002478,9717.657142859829,4227.057142858042,-0.1942857142857444,-2.1514285714288475,2.0200000000001435,-1.3742857142861526,0.0,22.199999999954173,0.0057142857145840945,-0.6542857142859895,-0.43714285714273493,0.8857142857144501,-0.15714285714282,0.06534712484487185,39.539652777777775,4,20.407499999999995,0.006153846153846155,0.4,0.0
12086008208,0.0893478619964041,Moderate,41.796875,0.1740031740022095,0.5134840930848167,0.0992322532434654,0.1842105263157895,0.3665436078264786,0.4316104002506084,0.6354649909023519,0.2487740947609537,0.9495909401288556,7.9,13.0,16.5,59.2,6.2,16.0,3.0,13571.219047619048,533975.9428571429,False,120.0,38.513888888888886,12.262864583333334,263.0,0.0,19.333333333333332,0.7053231939163498,3.0,16.0,5.0,0.9657794676806084,0.0,0.1714285714287433,2.5228571428578266,0.12000000000028464,0.24571428571456927,1.0971428571438229,0.019999999999862923,2405.6857142863532,2761.342857143655,-0.03714285714312962,-3.0057142857157118,2.0085714285721448,-1.840000000000981,180.22857142863495,40.34285714289544,0.5600000000001882,-0.4057142857142786,0.9628571428575664,-1.2257142857145147,-0.6800000000003746,0.09809083229539668,35.44084622742578,7,92.72336979166667,0.04924242424242424,3.830798479087453,1.3542857142870721
12086008209,0.0866739519480682,Low,39.2578125,0.1314819319368574,0.6592080803139732,0.0859670402500504,0.3245001982357021,0.6076606130507266,0.6917463983176411,0.6840062925399285,0.1769968236236642,0.9881268994258676,12.0,5.4,8.4,40.2,3.4,3.0,1.0,3909.162162162162,535548.5765765766,False,120.0,36.14861111111112,13.28240740740741,40.0,0.0,5.0,0.0,1.0,3.0,2.0,1.0,0.0,0.059988054588699706,0.5171128321898536,1.5570534279826471,-0.7029046016535822,0.06294689486726522,-1.634267311895617,9414.663091436845,2574.6832555852648,0.40285294582086906,-4.75713769156094,2.4142902341717485,0.3514059720015846,154.06248600741222,-89.28816470928422,0.3114214687515665,0.27144180823599817,1.1542556893331308,0.49442098799843354,0.19998159760957943,0.07711190282533029,37.749870230078564,6,128.6111111111111,0.13170731707317074,5.4,0.7198566550643964
12086008313,0.0823900288574182,Low,34.5703125,0.1489369753258668,0.553187203360031,0.107703076837938,0.0755417577781571,0.6126529441471248,0.5408819988184177,0.5487576936900509,0.1901708738137955,0.9881016223664044,10.4,11.4,23.7,31.1,3.2,54.0,3.0,4777.565517241379,671645.4344827586,False,120.0,120.0,0.0,0.0,0.0,0.0,0.0,0.0,0.0,0.0,0.0,0.0,0.5885714285718551,-1.7600000000003868,-1.220000000000512,7.5457142857132435,-6.088571428571011,-1.025714285714672,3332.3428571434865,602.7714285709717,-1.3971428571430533,-0.9800000000005651,1.8914285714290848,-0.9400000000003159,121.42857142860991,-571.5999999999248,-1.3114285714289975,1.1571428571430478,0.7400000000002119,-3.4428571428583976,-1.0457142857145916,0.10272394574366678,26.99051207024044,0,249.60000000000002,11.4,11.4,6.121142857147293
12086008305,0.0815682808368463,Low,33.203125,0.1426316799286409,0.5718805308726312,0.0671260230485527,0.0794977333312466,0.5667764601709979,0.6097505418407445,0.6234359767055282,0.2181373368087291,0.9799419423146388,9.3,4.4,10.1,56.8,4.0,9.0,4.0,5942.301886792453,658869.4905660377,False,23.46875,16.588216378957117,17.773456790123458,691.0,4.333333333333333,42.0,0.650506512301013,4.0,9.0,8.0,1.0,0.0,1.3628571428579088,0.47428571428594757,0.24571428571455434,0.16857142857158644,2.8342857142871964,0.46857142857163575,2902.257142858473,3767.3428571439367,0.10000000000002418,-4.382857142858191,3.008571428572184,-1.1285714285715938,76.1142857143121,163.37142857149925,-0.24571428571420306,0.37428571428592544,1.0542857142862339,-1.0628571428573177,0.7828571428572442,0.05166223521634152,39.19559027777778,7,57.90685185185185,0.006358381502890174,1.537771345875543,12.674571428578552
12086008310,0.0892791940974601,Moderate,41.6015625,0.1772708702717324,0.5036314988503587,0.0847335575661339,0.0900029735355337,0.4297240304140546,0.4677712715969059,0.5622757036637689,0.2698081829773309,0.9683835150415304,6.4,11.1,23.2,65.2,4.7,20.0,7.0,10309.03,562461.66,False,120.0,120.0,0.0,0.0,0.0,0.0,0.0,0.0,0.0,0.0,0.0,0.0,-0.2885714285713945,1.728571428572047,0.6600000000004774,1.2371428571438148,2.94000000000097,0.06571428571459917,3468.0571428581075,1954.7142857149674,-0.8314285714285552,-1.7571428571438896,2.3057142857152826,0.4200000000002435,-4.608108108106286,-678.0571428571027,0.7514285714286371,-0.20571428571441783,0.294285714285826,0.9228571428566819,-2.8285714285722396,0.10272394574366678,26.99051207024044,0,153.60000000000002,11.1,11.1,0.0
12086008315,0.0869167657606594,Low,39.6484375,0.1309968636335743,0.6635026469319436,0.097577842564532,0.5083754584200616,0.6433781679702405,0.5636687547934267,0.6114528578969831,0.1644158847026167,0.9906379955790058,13.8,5.9,17.5,23.9,3.0,25.0,3.0,3683.712643678161,607101.908045977,False,120.0,120.0,0.0,0.0,0.0,0.0,0.0,0.0,0.0,0.0,0.0,0.0,0.3714285714283064,0.017142857142790065,-0.8085714285712039,-5.542857142859308,-9.382857142859603,-0.24285714285710086,8071.600000002231,1718.97142857202,-0.3428571428571328,0.23999999999932262,0.11428571428587574,-1.4685714285714997,94.8571428571671,-275.6857142856645,0.7771428571430438,-0.39142857142848386,0.9057142857146123,2.705714285715303,-1.4142857142872787,0.10272394574366678,26.99051207024044,0,331.20000000000005,5.9,5.9,5.125714285710628
12086008308,0.1169673837975702,Moderate,64.84375,0.179871495566211,0.6502830447335353,0.1051608397721656,0.4782286704929898,0.5643713134268219,0.5535133376707873,0.6678761765168363,0.2545821513602564,0.9874257255602408,17.5,3.8,30.5,37.2,5.0,10.0,1.0,5201.571428571428,569606.1428571428,False,120.0,33.16,16.802972222222223,310.0,1.6666666666666667,19.333333333333332,1.1129032258064515,1.0,10.0,1.0,1.0,0.0,1.13933786250691,-0.5600463539741809,0.6391502496344178,-0.6913568434912283,-3.7936975017058074,0.3362213788400214,6418.141592795783,1563.7244254025568,-0.10429730277920976,1.1814379629460787,0.33116923061930154,-1.650483916138747,117.13452549982391,321.64293898586817,-0.9172841160410748,0.048312087761658365,-0.33763836177475065,0.16443636470215509,1.2106715290112686,0.15073467659300377,26.21942697608274,6,125.94798611111109,0.012218649517684886,-0.4290322580645157,19.938412593870925
12086008309,0.1580284771107819,High,89.6484375,0.2900043933099141,0.5449175279972545,0.1574309456530363,0.4854299507030681,0.3489428757574423,0.3992318422666141,0.5426037805782061,0.4225778409667919,0.948379190680942,21.5,11.7,50.4,51.0,18.0,44.0,4.0,14824.231481481482,532506.0370370371,False,28.557692307692307,27.27820420110193,17.671180555555555,2121.0,13.333333333333334,116.33333333333333,0.7866572371522866,4.0,44.0,8.0,1.0,0.0,-3.7285714285721285,-0.5428571428575041,-1.4400000000001911,-1.397142857143207,-2.5314285714292195,0.0542857142852854,2196.3428571435547,1819.3428571433835,-2.5885714285720525,0.8657142857144285,-0.68285714285738,-3.2028571428580035,68.97142857144875,-90.14285714286939,1.2971428571431467,-2.0285714285719396,0.38000000000022527,-1.0371428571431234,1.5771428571431805,0.12806375770319403,32.98739050910103,6,136.06961805555557,0.0055136663524976435,2.4961103253182464,0.0
12086008429,0.081570384805941,Low,33.3984375,0.1386297976099488,0.5884044138580428,0.090461489197759,0.4252330727116895,0.4908374146416704,0.4462667534157449,0.6121822702563066,0.1867981060221387,0.967502558264802,17.7,1.0,12.2,38.3,0.9,31.0,2.0,12684.072,949426.352,False,120.0,120.0,0.0,0.0,0.0,0.0,0.0,0.0,0.0,0.0,0.0,0.0,1.2199999999999043,0.12285714285734817,-0.5257142857151129,-0.6857142857136401,-9.12285714285965,-0.45428571428545184,8929.11428571709,-117.39999999945961,0.5857142857144649,-7.6571428571439295,4.560000000001338,-0.31428571428593954,89.8285714285529,-202.02857142852548,-1.2628571428568565,2.262857142856585,-0.9800000000000143,-1.8685714285714905,-0.2199999999996186,0.10272394574366678,26.99051207024044,0,424.79999999999995,1.0,1.0,21.593999999998303
12086008423,0.0954945871359141,Moderate,47.4609375,0.165422242199792,0.5772777944853308,0.0838588401537337,0.5187254487691129,0.4349841623216433,0.3912297662063329,0.6044793140822607,0.2469856442458504,0.9369702810473044,17.5,0.4,11.2,63.5,1.0,19.0,5.0,18034.593220338986,1011117.1525423728,False,120.0,120.0,0.0,0.0,0.0,0.0,0.0,0.0,0.0,0.0,0.0,0.0,0.8599999999995898,-0.13428571428571418,0.5342857142857546,-1.8057142857138209,4.000000000000445,-1.05142857142885,2280.542857145492,1368.9428571437688,-0.2628571428572224,-1.52000000000049,0.5685714285716112,-1.0085714285714604,81.74285714288425,-197.48571428562946,-0.2000000000000138,0.7657142857144007,-0.5228571428576022,1.63428571428636,0.6285714285713712,0.10272394574366678,26.99051207024044,0,420.0,0.4,0.4,15.04999999999282
12086008409,0.0606809308094849,Low,16.2109375,0.1222272995609554,0.4964597191253747,0.0525819836609132,0.0814102315479192,0.4102288195467136,0.4282960346720919,0.6233995159152682,0.1918726154609977,0.93896399394488,6.7,4.5,4.5,51.6,5.9,14.0,3.0,16779.05442176871,827627.7619047619,False,15.0,17.28236111111111,14.109484126984126,907.0,4.166666666666667,49.666666666666664,0.4718853362734289,3.0,14.0,6.0,1.0,0.0,0.3457142857144829,0.5257142857145392,0.5200000000002043,-1.662857142857677,7.634285714287715,0.9514285714287875,1548.6571428585437,1870.8285714293406,-0.4057142857142687,-1.2428571428576063,2.840000000000771,-1.094285714286159,132.91428571431828,-40.37142857146115,1.0628571428574145,0.4800000000002511,0.7485714285718672,0.45428571428587355,-0.017142857143185357,0.0541963617045528,49.01233566086821,7,66.26645634920635,0.004955947136563877,2.37651598676957,2.316285714287036
12086008421,0.0422377261621663,Low,7.2265625,0.0772599272472378,0.5466964268164823,0.0443756616777124,0.0853404698186143,0.5612658012444515,0.5004120581218824,0.6111745372554306,0.1101441928167631,0.9752892676420328,7.2,1.9,5.4,19.6,4.8,13.0,5.0,8291.8,893532.8857142857,False,120.0,120.0,0.0,0.0,0.0,0.0,0.0,0.0,0.0,0.0,0.0,0.0,-0.3428571428573977,-0.442857142857342,-0.3514285714285142,2.517142857145044,-1.6542857142865641,-0.577142857143205,18148.885714290813,3299.0285714299775,0.1000000000000732,-1.58285714285762,1.871428571429365,-0.33428571428586984,141.37142857145435,-274.4285714286167,2.24571428571469,-0.8342857142858722,2.108571428571968,-1.6571428571437465,-0.20857142857162983,0.10272394574366678,26.99051207024044,0,172.8,1.9,1.9,0.0
12086008431,0.1601066383691642,Critical,90.4296875,0.2673120468909499,0.5989503287686837,0.2148021282650474,0.5391019922688076,0.4697641313937115,0.4000096387864768,0.6458228036480446,0.3198219655168523,0.9400530777463784,31.2,14.5,12.8,69.9,3.2,10.0,3.0,14703.5625,986896.3125,False,120.0,120.0,0.0,0.0,0.0,0.0,0.0,0.0,0.0,0.0,0.0,0.0,4.3485714285717645,-0.08285714285776342,-1.3171428571428383,-2.508571428573143,4.740000000000327,-0.322857142857437,1311.3000000002303,907.2857142860258,-0.9657142857147302,-1.7942857142857767,1.8742857142863376,-2.6800000000006303,381.71428571440674,-527.4285714284366,3.3657142857133313,-0.36285714285720516,3.9314285714278303,3.9171428571416946,0.4885714285719828,0.10272394574366678,26.99051207024044,0,748.8,14.5,14.5,135.67542857143906
12086008426,0.0250686208712722,Low,2.1484375,0.0406595261278372,0.6165497549689656,0.0356973976062042,0.0487065120428189,0.7321589601801287,0.6660160485794838,0.6442728760922793,0.0456216546494702,0.991594377950117,1.6,5.6,5.3,0.0,5.1,15.0,2.0,2750.3088235294117,717556.3602941176,False,120.0,120.0,0.0,0.0,0.0,0.0,0.0,0.0,0.0,0.0,0.0,0.0,-0.3628571428572271,1.3971428571433735,-0.8485714285716687,-2.714285714285369,-14.605714285719708,0.5657142857145077,8717.400000000847,2728.1714285722765,0.25428571428580304,-1.677142857143309,2.0857142857146673,-1.5342857142862825,0.0,-333.82857142849485,-0.0600000000001906,0.7085714285714458,0.5571428571427768,3.9400000000004516,0.7371428571434779,0.10272394574366678,26.99051207024044,0,38.400000000000006,5.6,5.6,0.0
12086008415,0.0123565623885916,Low,0.390625,0.0192524267792383,0.641818433087973,0.0089582809983061,0.0177341659232827,0.818818494912324,0.6958232184374439,0.6813517307994699,0.0295465725601706,0.9953645553673448,1.1,0.7,2.8,0.0,3.6,4.0,1.0,1719.6854838709678,702515.0322580645,False,120.0,53.5,16.861874999999998,80.0,0.6666666666666666,4.0,0.725,1.0,4.0,1.0,1.0,0.0,-1.4485850129274955,0.031422594312139084,-0.2143194034879631,-3.899913060122732,-16.8856925507503,-0.10572406645040222,11388.075597224997,6857.118101015131,0.1828468187468905,-1.7342851709116691,2.251450306398314,-0.9171352499037653,0.0,-157.4897189538175,1.2457246098249637,-1.2857164592114927,1.1457072218495272,-0.21131228934356497,-1.2714274846804283,0.0711246058231656,16.935288745034114,4,7.851937500000004,0.008641975308641974,0.1925,0.0
12086008416,0.0798266935969148,Low,31.8359375,0.1551434907762145,0.5145345976007479,0.0501481767274963,0.0418743768693918,0.4687499359726794,0.4490108195378201,0.6486498416335333,0.2601388048249326,0.9643880139903148,8.7,1.7,13.1,75.8,1.7,8.0,3.0,12599.527777777776,841248.3611111111,False,11.431250000000006,18.00595238095238,18.22222222222222,459.0,3.1666666666666665,21.666666666666668,0.8311546840958606,3.0,8.0,3.0,1.0,0.0,0.44571428571428656,-0.3714285714285384,-0.30571428571424497,-1.2428571428575315,0.7399999999995962,0.10285714285721591,1504.5142857169099,744.5142857144634,-1.0028571428574629,-4.185714285715498,3.831428571429602,0.5714285714286995,79.48571428573591,13.057142857165587,1.0828571428575058,-0.1400000000002211,1.7885714285721246,-2.6800000000004123,-0.9000000000001889,0.0750960861744767,30.421957671957674,5,50.26666666666667,0.0036956521739130435,0.28703703703703703,3.8777142857142928
12086008425,0.0977265053529338,Moderate,50.0,0.1587952064792081,0.615424782143721,0.1118561656411283,0.5253731154427721,0.5101897520442642,0.4718780372217803,0.6012313554372487,0.2057342473172878,0.96845165057254,14.8,8.3,19.1,35.0,4.2,18.0,5.0,10044.2,831006.5333333333,False,120.0,120.0,0.0,0.0,0.0,0.0,0.0,0.0,0.0,0.0,0.0,0.0,-1.1285714285716537,-2.1428571428578196,-0.5685714285711487,2.4885714285722216,-1.9400000000009037,-0.18000000000036256,9227.54285714559,4801.314285715303,-0.4114285714287033,-2.505714285714365,-0.11714285714315949,-1.1885714285718532,88.0000000000339,-436.17142857135246,0.27428571428568094,1.851428571428948,0.40571428571428036,2.6114285714272163,-0.9657142857143158,0.10272394574366678,26.99051207024044,0,355.20000000000005,8.3,8.3,0.0
12086008418,0.0589082722574326,Low,15.4296875,0.1123658063558073,0.5242544344041737,0.0563437083301335,0.1118540138399314,0.4682555696213027,0.42801031350153,0.650011961722488,0.1683879043814811,0.9631403133356166,9.0,2.7,4.8,44.7,3.2,8.0,3.0,11905.833333333334,792900.8333333334,False,30.0,23.82661203379953,17.672881944444445,324.0,2.3333333333333335,22.666666666666668,0.7870370370370371,3.0,8.0,3.0,1.0,0.0,2.1571428571437656,-0.48285714285713516,-0.21999999999997374,-6.802857142859434,1.9971428571435614,0.7400000000003844,1960.8571428577006,2402.485714286144,0.5000000000002002,-3.2600000000011113,3.3514285714295777,-0.891428571428703,92.80000000002649,-34.6857142857104,0.3685714285716561,-2.43142857142919,1.728571428572112,2.265714285714993,0.3485714285715898,0.0660844906129029,26.623605098605097,3,56.9440625,0.008307692307692308,0.5749999999999998,19.41428571429389
12086008419,0.0750960861744767,Low,28.3203125,0.1506639784645037,0.4984342438041305,0.1071033549633778,0.0593458675800641,0.4216261330044938,0.4084098412009928,0.65075955533841,0.1942246019656297,0.952029821896692,9.6,12.9,20.3,37.6,3.1,7.0,3.0,15541.4,813146.0,False,120.0,30.421957671957674,17.803769841269844,272.0,1.0,13.333333333333334,0.8768382352941176,3.0,7.0,3.0,1.0,0.0,-0.0857142857143792,2.442857142857906,1.1371428571427296,-0.6771428571430856,-2.6542857142858205,-0.6771428571431408,905.0571428571662,1442.4285714289654,-0.2200000000000224,-0.5571428571432586,1.1457142857146816,0.1628571428571837,64.42857142859677,7.771428571375552,-1.21428571428607,1.28000000000004,-0.4171428571429011,-0.7685714285710734,-0.8942857142862337,0.06526928696855884,21.552605646668145,7,59.4838095238095,0.04725274725274725,1.5887867647058824,0.0
12086008503,0.1305191558094826,High,73.6328125,0.2355384786785105,0.5541309281683432,0.0886956742815215,0.0731583642424526,0.6009466800952084,0.4917314751194319,0.6407347052811285,0.3823812830754996,0.9640834161034946,11.3,7.1,36.4,94.9,2.3,13.0,3.0,8310.58878504673,1099664.3457943923,False,120.0,120.0,0.0,0.0,0.0,0.0,0.0,0.0,0.0,0.0,0.0,0.0,-0.8914285714293991,0.2800000000001791,2.191428571429096,0.0,1.3142857142856135,-0.2828571428573059,1345.200000000912,2850.742857143638,0.9142857142858212,-1.2942857142859787,0.7285714285716264,-0.1457142857141526,99.25714285717082,-581.7142857142944,0.7371428571433386,-1.794285714286354,1.6257142857151239,1.3142857142871176,-0.0457142857147858,0.10272394574366678,26.99051207024044,0,271.20000000000005,7.1,7.1,0.0
12086008502,0.0778453757772302,Low,30.46875,0.1429029904831661,0.544742804290022,0.0538721866917082,0.0855053391155351,0.5702636984056952,0.4770114942528735,0.6289301558955006,0.231933794274624,0.9620033337805052,5.6,5.6,12.7,63.3,4.3,14.0,4.0,9465.166666666666,1068585.066666667,False,30.0,41.382700216450225,16.013690476190476,404.0,2.5,26.0,0.6967821782178217,4.0,14.0,4.0,1.0,0.0,-0.2285714285712061,1.5314285714290852,-0.5028571428573069,1.2428571428578665,-0.7714285714293683,-0.04000000000004647,1557.2285714287834,2691.0285714292972,0.1657142857143245,-2.9742857142864896,2.2257142857152035,1.1800000000005186,80.31428571431347,-120.51428571429632,1.1342857142858611,0.2857142857143497,0.2885714285715086,-1.2400000000005025,-0.9571428571432893,0.09032088356890335,40.20798484848485,5,44.72333333333333,0.01382716049382716,1.6980198019801982,0.0
12086008601,0.0993641082112802,Moderate,51.7578125,0.1498385246527185,0.6631412611781713,0.0839739919726905,0.5391019922688076,0.6341599418934036,0.5266715144092771,0.6449752622593615,0.2157030573327465,0.9707975950600064,11.7,5.6,22.6,39.3,4.0,10.0,3.0,6602.1882352941175,1037407.8823529412,False,30.0,49.00483333333334,15.229305555555555,222.0,1.0,14.0,0.7432432432432432,3.0,10.0,4.0,1.0,0.0,1.2628571428576016,0.9057142857146284,-0.13714285714304594,-1.9342857142862766,-1.3400000000010228,0.09999999999989448,8090.485714286656,8542.22857143104,0.045714285714345444,-2.794285714286427,3.6600000000009145,-0.14285714285725234,154.28571428577365,-258.7142857143757,1.314285714286192,-0.3885714285715985,-0.68285714285717,0.5800000000000043,-0.5685714285716834,0.09549940173052907,33.869636335886334,7,102.617125,0.025112107623318385,1.437837837837838,14.775428571433938
12086008603,0.0604969745420219,Low,16.015625,0.1114136507956028,0.5429942750283663,0.0680484529853132,0.0689860243829914,0.5645984853227874,0.4884663157272135,0.6207997927757934,0.1547788486058924,0.9721207569330456,13.1,0.9,6.8,33.6,2.5,21.0,3.0,7941.522727272727,870671.5568181818,False,120.0,120.0,0.0,0.0,0.0,0.0,0.0,0.0,0.0,0.0,0.0,0.0,-1.3142857142859736,-0.12285714285702985,-2.7485714285721055,4.734285714286479,-12.085714285717595,-0.22285714285706118,8705.60000000179,3970.8571428576956,-0.26857142857138266,-0.9028571428573073,0.6142857142857444,0.44571428571412025,35.05714285713994,-352.3714285714469,0.4428571428572593,-1.7457142857146577,-0.6342857142856952,-0.03142857142866596,0.14285714285720408,0.10272394574366678,26.99051207024044,0,314.4,0.9,0.9,0.0
12086008704,0.0897784395578451,Moderate,42.7734375,0.1613052964344332,0.5565746540401914,0.0392786547715328,0.0571026299667895,0.6221146501700059,0.5187532408188327,0.6268867792079429,0.2833319380973336,0.9580159700373856,4.4,3.8,20.7,80.7,2.3,18.0,3.0,7004.382716049383,1034104.950617284,False,120.0,120.0,0.0,0.0,0.0,0.0,0.0,0.0,0.0,0.0,0.0,0.0,-1.471428571428788,-1.354285714286486,-0.7742857142849906,-3.2428571428584028,0.8085714285716674,0.04571428571432267,6821.942857145211,2538.0857142861933,0.3000000000001337,-5.400000000002227,3.6228571428584817,0.4057142857145177,191.45714285716468,-370.59999999991436,-0.20571428571481315,0.6200000000004605,0.13999999999976895,2.968571428572068,0.1914285714282536,0.10272394574366678,26.99051207024044,0,105.60000000000001,3.8,3.8,0.0
12086008702,0.1359126338260098,High,77.5390625,0.2390636521237632,0.5685206957168372,0.0904448899758361,0.0704414917758267,0.6379207110752831,0.527089624031719,0.6398266252218254,0.3876824142716902,0.9673250264795312,9.9,8.8,34.1,82.4,11.4,13.0,3.0,6366.641025641025,1020053.153846154,False,120.0,37.37858974358974,16.398141025641024,377.0,1.1666666666666667,23.0,0.8779840848806366,3.0,13.0,3.0,1.0,0.0,-1.9285714285719022,1.8400000000006218,1.3942857142851859,-1.8885714285720994,3.2942857142865676,1.5685714285716026,7101.2571428579695,2362.0000000007303,0.2571428571428777,-0.24571428571451348,0.9114285714289088,-0.19714285714298502,170.40000000004534,-87.37142857146769,0.8028571428573889,-0.3714285714285793,0.697142857143184,-0.15428571428584809,-0.2771428571430413,0.0993641082112802,49.00483333333334,5,75.25840384615387,0.02328042328042328,1.0737400530503978,0.0
12086008809,0.0883868024269716,Moderate,40.8203125,0.165945453485021,0.5326256343320054,0.0336749020954608,0.0594202166753628,0.5600821135429578,0.4599900314655647,0.6350470185547094,0.2982160048745811,0.9485887914214322,0.5,6.6,10.3,100.0,3.6,19.0,2.0,10338.494736842104,1107284.389473684,False,120.0,120.0,0.0,0.0,0.0,0.0,0.0,0.0,0.0,0.0,0.0,0.0,-1.2485714285714082,-0.6342857142863805,-0.7114285714279638,-0.7428571428570485,4.340000000002772,0.31142857142890457,6628.0285714292695,2913.200000000588,0.0,-1.9828571428577673,1.4285714285717188,-0.911428571428778,317.00000000011437,-734.1428571427787,1.4571428571430913,0.15428571428616417,1.7714285714288895,4.8428571428577545,-0.8257142857141818,0.10272394574366678,26.99051207024044,0,12.0,6.6,6.6,0.0
12086008808,0.1005747353805077,Moderate,53.125,0.1624479199121005,0.6191198719868379,0.0812635733696688,0.4347789701595917,0.5822059913050928,0.4743609449473223,0.6368299610261248,0.2436322664545321,0.9674234924960576,10.4,6.4,30.7,34.3,8.3,13.0,3.0,9062.563106796117,1088346.844660194,False,120.0,120.0,0.0,0.0,0.0,0.0,0.0,0.0,0.0,0.0,0.0,0.0,-0.017142857142790714,0.40571428571455614,-0.12285714285753897,-1.0371428571431378,-3.025714285714097,1.0057142857143517,3761.7428571438986,1964.6000000009378,-0.1857142857143456,-0.2428571428578087,0.3257142857144434,0.5314285714285812,44.571428571439945,-708.7999999999867,1.0600000000003136,-0.4114285714288091,1.0028571428576365,-2.3485714285709136,-1.8600000000005439,0.10272394574366678,26.99051207024044,0,249.60000000000002,6.4,6.4,0.0
12086008805,0.1316330292802544,High,75.0,0.2210771539822917,0.5954166991438574,0.1446446513291727,0.4732594197357801,0.5129188507652777,0.4140099761440034,0.6437039501763371,0.2975096566354107,0.9331912988978892,19.7,11.3,30.7,54.2,3.7,10.0,3.0,13531.65,1135461.4166666667,False,59.92500000000001,29.429107142857145,17.11,346.0,2.0,19.666666666666668,0.7687861271676301,3.0,10.0,3.0,1.0,0.0,-0.6114285714288369,0.44571428571443694,-3.0514285714296006,0.49428571428620366,-1.7057142857148802,0.4828571428571966,5499.942857144744,2663.857142857964,-0.5571428571429584,-0.680000000000217,1.2714285714288618,-0.43428571428584045,75.80000000002453,-284.6571428571799,2.0200000000004894,-1.4800000000002909,1.0085714285716212,-0.2485714285717356,-2.2514285714294666,0.0727401955883472,22.84761904761904,6,135.733,0.03256484149855908,2.6127167630057806,0.0
12086008806,0.0727401955883472,Low,25.9765625,0.1325545270402011,0.5487567811719216,0.0431735407260811,0.0698240207606844,0.5799847007252973,0.4676282894281482,0.6669348788103421,0.2219355133543211,0.959412016135136,7.5,1.5,21.3,52.8,1.8,4.0,2.0,9276.255319148937,1101279.425531915,False,59.73333333333337,22.84761904761904,18.366666666666667,178.0,1.1666666666666667,9.666666666666666,0.851123595505618,2.0,4.0,2.0,1.0,0.0,-1.7228571428573014,-0.17428571428569198,-0.2314285714283734,0.0,-1.8714285714291459,-0.3228571428572049,6793.828571430395,3105.685714286462,-0.47428571428583405,-1.737142857142875,0.8171428571432872,1.262857142857574,21.771428571429606,-11.342857142893704,0.942857142857218,0.02857142857132689,-0.0657142857143322,0.01714285714260246,-0.2600000000001108,0.11006746235291709,33.0656905964406,6,42.25,0.008379888268156424,0.223314606741573,0.0
12086008911,0.0719228555058799,Low,25.0,0.1408720895026273,0.5105543316622596,0.0314907126364789,0.079678858162355,0.5105685385594597,0.4056929440504232,0.6306338870543837,0.2502534663687756,0.926197430484676,3.8,3.0,16.8,74.1,1.5,14.0,3.0,14682.485148514852,1217138.0099009902,False,120.0,120.0,0.0,0.0,0.0,0.0,0.0,0.0,0.0,0.0,0.0,0.0,-1.188571428571818,-0.5228571428571818,0.16285714285688502,-0.8142857142856109,-1.2657142857147956,0.46000000000025804,5974.314285716008,1502.7428571434737,-0.12000000000006208,-3.491428571430382,3.097142857144059,-0.12857142857148174,338.07142857145243,-372.0857142856018,-1.0428571428572695,0.6771428571426621,-0.7314285714281182,0.25714285714259955,-0.38857142857177135,0.10272394574366678,26.99051207024044,0,91.19999999999999,3.0,3.0,0.0
12086008909,0.0812962102671807,Low,32.8125,0.1545189661988674,0.5261244769302411,0.1133870748325431,0.0590306274159976,0.5504588615902669,0.4387684674709979,0.6335186136756744,0.1956508575651918,0.9488458144982684,10.3,13.6,19.9,35.7,4.1,15.0,3.0,11327.6,1154291.3157894737,False,120.0,120.0,0.0,0.0,0.0,0.0,0.0,0.0,0.0,0.0,0.0,0.0,-0.8057142857149281,1.748571428571674,-2.6828571428576757,0.12285714285660379,-4.548571428572869,-0.02285714285714603,3076.9142857156726,2532.5142857152223,-0.11428571428567944,-3.8942857142861773,1.982857142858102,-1.2257142857145802,114.05714285718294,-546.5714285713858,2.2371428571434557,-1.7571428571433116,-0.21714285714269163,-0.9857142857143696,-1.1800000000004003,0.10272394574366678,26.99051207024044,0,247.20000000000002,13.6,13.6,0.0
12086008904,0.4528487264102947,Critical,99.8046875,0.7920625532765833,0.5717335386415658,0.9452362176642776,0.3803003734056616,0.536586770267842,0.40891894437763,0.5876253874924185,0.638888888888889,0.9452362176642776,100.0,100.0,0.0,100.0,17.2,5.0,7.0,12786.181818181818,1212680.8484848484,False,13.918624338624342,9.782539682539682,16.53183333333333,818.0,4.166666666666667,39.0,0.7518337408312958,7.0,5.0,11.0,0.8875305623471883,0.0,21.428571428568443,21.428571428568443,0.0,0.0,21.428571428568443,0.44000000000016914,0.0,143.74285714289672,0.15428571428574964,-2.4771428571440715,1.6742857142859835,0.7657142857143382,0.0,252.88571428580624,-0.03714285714287814,0.04285714285717053,0.0,0.0,0.11999999999997785,0.09735260525777444,17.670517009821964,10,746.8166666666668,0.1221001221001221,24.816625916870414,2142.8571428568443
12086008906,0.0992052495672167,Moderate,51.5625,0.180781427983492,0.548757970737324,0.0839229537971183,0.0290415303796213,0.6159082833588634,0.4917896281302628,0.6587684480086259,0.2776399021698656,0.9482819638092468,9.7,8.0,29.6,60.9,3.0,8.0,2.0,7902.148148148148,1129779.351851852,False,120.0,20.76313131313131,17.286354166666666,428.0,0.0,21.333333333333332,0.8212616822429907,2.0,8.0,2.0,1.0,0.0,-0.857142857143114,0.051428571428598586,0.5514285714285558,-1.8085714285723606,4.314285714287531,-0.03714285714292145,2462.6571428579077,2494.3142857148964,0.17714285714301986,-1.5342857142863604,1.0171428571433068,-1.788571428571836,97.74285714288628,-51.82857142857327,1.180000000000283,-0.3942857142858913,0.6971428571429337,0.36285714285697596,-1.0085714285716152,0.2113311562888747,16.011785864598362,6,65.12236458333334,0.018648018648018648,1.4299065420560746,0.0
12086008907,0.1084045468679822,Moderate,59.1796875,0.1744541652492539,0.6213927120232281,0.1093077516420033,0.443417462907123,0.5837539129946898,0.4803273636270245,0.6278403615472741,0.2396005788565045,0.9716244590400294,14.4,8.1,26.6,45.8,1.8,5.0,5.0,9736.71052631579,1178709.7105263155,False,18.406666666666666,15.405198863636363,18.98611111111111,725.0,5.666666666666667,37.666666666666664,0.7137931034482758,5.0,5.0,6.0,0.9613793103448276,0.0,0.19142857142853456,-0.47142857142869804,1.6685714285715252,-0.7085714285714653,-3.2657142857151014,-0.9085714285717794,-978.3714285710757,1443.2000000003457,0.1114285714286751,1.0228571428574345,0.1628571428569028,-1.4285714285718012,67.88571428573012,-2.9714285714324324,0.9399999999997604,1.091428571428947,1.1599999999999442,-1.7971428571434922,-0.9485714285716863,0.2303041353246098,16.04099380785623,6,72.2,0.01115702479338843,2.3182758620689654,2.7565714285708975
12086009051,0.0645192821526226,Low,17.578125,0.1364168168214539,0.4729569539587429,0.0833195718305115,0.0710376706869985,0.443540143016017,0.3374597444633333,0.5818022749736055,0.1895140618123963,0.9309449366537595,6.8,11.1,17.7,38.4,4.8,17.0,7.0,20953.274193548383,1227928.5806451612,False,120.0,120.0,0.0,0.0,0.0,0.0,0.0,0.0,0.0,0.0,0.0,0.0,0.03428571428571327,-0.04571428571455882,0.38000000000035217,1.377142857142713,-5.494285714287825,0.05428571428622487,11316.285714288753,3266.800000000699,-0.9028571428577317,0.27714285714276315,-0.4828571428568506,-1.0485714285720318,154.7142857143181,-1163.2857142855514,0.4399999999997999,-0.6742857142861374,-0.771428571429205,-3.611428571429738,0.722857142857358,0.10272394574366678,26.99051207024044,0,163.2,11.1,11.1,0.2331428571428502
12086009010,0.0532710902829391,Low,11.71875,0.133155503728008,0.4000667549705949,0.0587539545465005,0.0602739278953895,0.3677816103290277,0.3095498944579556,0.3588213491475166,0.2075570529095156,0.903906993023085,10.3,2.7,3.5,59.4,3.6,88.0,14.0,32291.284132841327,1278704.0885608855,False,19.285771604938272,28.49685852562525,14.142070707070706,3832.0,10.666666666666666,202.0,0.5776356993736952,13.0,88.0,19.0,0.5130480167014614,0.0,-0.9058718199057616,-0.483928370636875,-0.9616130992536598,0.12808502105081987,-0.7932759074183166,-0.5306518361601663,4989.887243558225,5865.975245873263,-0.1734475177736015,-2.376349038029484,2.102617678272364,-0.5109010765729857,124.00072548716321,216.7813213217354,0.3630450031564956,-0.15680734849725977,0.1943517038857061,-2.8670298903277107,-1.480946764477471,0.11170868210824862,46.71181547619047,11,101.53667171717173,0.0007044090790503522,1.140383611691023,0.0
12086009014,0.0456223196988419,Low,8.59375,0.1000811460279537,0.4558532901501658,0.0288969207640307,0.0487065120428189,0.3811059180016541,0.3189133450362749,0.6131781117325965,0.1712653712918768,0.9173625639374844,5.5,0.8,20.2,38.2,0.8,16.0,4.0,29823.622641509435,1265278.3962264152,False,15.57094017094017,15.249069843215063,17.979739583333334,1235.0,6.5,68.33333333333333,0.7425101214574898,4.0,16.0,6.0,1.0,0.0,-0.5228571428572845,-0.8971428571429951,0.28571428571431584,-0.3371428571429332,-2.414285714286147,-0.45714285714295166,4935.285714286493,1121.6285714287862,0.04857142857154333,-3.5971428571439787,3.197142857143848,-0.19428571428597283,124.42857142861777,-25.62857142855798,-0.9057142857147272,0.8285714285718544,-0.2657142857143557,1.0685714285713601,-1.1200000000003199,0.0877702118568036,27.81262345679013,5,33.11143229166666,0.0006472491909385114,0.20599190283400814,0.0
12086009015,0.1050307988359175,Moderate,56.8359375,0.1917811814200069,0.5476595673164443,0.108387831962025,0.4226409347055113,0.429552857747594,0.3300079519988433,0.6176733045802727,0.2751745308779888,0.9384227875500004,15.3,7.8,32.3,51.9,2.2,12.0,5.0,22281.833333333332,1214622.7222222222,False,27.919444444444444,22.265046296296294,18.110439814814814,805.0,3.8333333333333335,42.0,0.7894409937888198,5.0,12.0,5.0,0.9478260869565217,0.0,2.2971428571438484,-0.07999999999999291,0.9085714285720075,-3.0428571428584075,2.3400000000006353,-0.24285714285715507,1649.1142857150423,692.8000000002974,-0.7314285714287863,-2.151428571428926,1.7085714285720541,-0.6657142857144153,89.2285714286021,-73.34285714285083,0.10285714285714576,0.3971428571430252,1.165714285714618,-1.460000000000681,0.40285714285707447,0.08303095777676661,32.28189953886693,7,90.11027083333335,0.00967741935483871,1.6423602484472053,35.14628571430088
12086009061,0.1717934820315525,Critical,93.75,0.2986401521391297,0.5752524595270023,0.2112076075742434,0.5730628981016322,0.4280582082754411,0.3371570604367293,0.5929836495046835,0.3860726967040159,0.9450004813165256,30.4,14.3,46.4,64.4,1.4,15.0,7.0,22769.82978723404,1231662.2978723403,False,120.0,120.0,0.0,0.0,0.0,0.0,0.0,0.0,0.0,0.0,0.0,0.0,2.9371428571439786,0.5485714285714614,0.325714285713562,-0.8200000000008519,-0.18285714285733248,-0.3800000000000074,-455.91428571477445,-149.54285714291365,0.9799999999997735,0.8600000000007881,-0.47142857142871225,-1.4542857142863808,-13.399999999977597,-573.3142857142612,0.4314285714286401,-0.4714285714284894,0.045714285714283105,-1.0628571428573736,1.2257142857145913,0.10272394574366678,26.99051207024044,0,729.5999999999999,14.3,14.3,89.28914285717694
12086009054,0.0271428840571329,Low,2.734375,0.0542944342712766,0.4999201929523062,0.014808928233604,0.0776301037497787,0.4813495911552515,0.3782058347050827,0.6070007104027675,0.0937799403089491,0.9554147247486507,1.6,1.5,18.8,9.9,2.5,11.0,6.0,16810.131147540982,1197991.2950819673,False,120.0,120.0,0.0,0.0,0.0,0.0,0.0,0.0,0.0,0.0,0.0,0.0,-0.9685714285715872,-1.5657142857151332,0.05714285714347168,4.154285714286337,-3.7199999999985067,-0.1714285714285751,2709.8000000000775,486.80000000022454,-0.04285714285713741,-2.168571428572581,0.3142857142859901,0.1714285714288797,62.83783783783003,-312.57142857138115,-0.060000000000088295,0.23999999999989807,0.47714285714333604,-2.7285714285720504,1.0085714285718965,0.10272394574366678,26.99051207024044,0,38.400000000000006,1.5,1.5,0.0
12086009020,0.138858429996318,High,79.8828125,0.2578550055582766,0.5385136103744755,0.132230113121676,0.4415631115629042,0.3938555264007638,0.3300079519988433,0.5893392411887594,0.3834798979948772,0.9378022207211066,22.0,6.2,42.3,55.8,12.1,8.0,8.0,27382.666666666668,1240940.6,False,17.121203703703703,17.577310427897697,17.54482638888889,752.0,4.666666666666667,41.666666666666664,0.554177545691906,8.0,8.0,10.0,0.8433420365535248,0.0,-0.6628571428572373,-2.0714285714289233,-1.7028571428574855,-0.1599999999999924,1.477142857143672,0.6399999999998337,2484.485714286295,644.4571428573556,0.1514285714286338,-1.8342857142863944,1.2285714285718305,-0.5571428571429685,92.31428571431142,49.285714285715585,-0.9571428571427186,1.3428571428571745,-1.24285714285723,-0.2942857142857075,0.18285714285726087,0.16491580217512142,16.210154030208923,7,142.01381944444444,0.008233731739707834,2.7640992167101825,0.0
12086009021,0.115181262736854,Moderate,63.671875,0.2060787651792512,0.558918637913359,0.0913000785683351,0.442146245564733,0.4293292312595015,0.3621263729955221,0.6148765359300941,0.3208574517901673,0.9461148038169443,17.8,1.5,35.4,54.9,6.5,14.0,5.0,22407.970588235297,1220086.1470588236,False,29.0,20.393172799422807,14.863968253968254,529.0,2.5,25.666666666666668,0.7504725897920604,5.0,14.0,6.0,0.7882797731568998,0.0,-2.4270487633161135,-0.5262738116283077,-2.88935560173686,1.1184911669598558,-1.5841823989813606,0.9710295687388212,4129.378491857119,1911.093626917045,-0.31611098303514895,-2.6983398652137827,1.380399002690505,-0.00936943395143853,116.23434685416171,-130.76627307050703,0.06975460442564077,-0.33293279373040563,0.16539323926679295,0.4595595006632874,0.7195276518064014,0.10468987341950364,17.01490521394885,4,162.6213650793651,0.0028301886792452833,0.37429111531190934,0.0
12086009022,0.0705213168426893,Low,23.828125,0.1345632800684151,0.5240754892927297,0.0464702767792369,0.03048748491368,0.5294845093277236,0.4286190238214226,0.6736363917155244,0.2226562833575933,0.9581500366852976,7.2,2.5,30.9,37.8,4.3,2.0,2.0,13177.739130434782,1204722.7391304348,False,30.0,16.4525,18.649166666666666,134.0,1.0,7.0,0.47761194029850745,2.0,2.0,2.0,1.0,0.0,-2.148571428572139,-0.5142857142857633,-0.954285714286041,-0.33714285714341735,-1.9000000000012867,0.15714285714287501,1271.0285714296024,2381.771428572409,-0.1657142857143066,-3.7171428571444878,2.348571428572476,-0.30571428571434134,69.31428571431371,-1.8000000000111793,0.5571428571430945,0.25714285714276974,-0.41142857142842854,0.5885714285714645,0.9771428571432005,0.18592247477604096,37.18149347086093,8,38.526,0.018518518518518517,1.3059701492537312,0.0
12086009064,0.0915373361711471,Moderate,44.140625,0.149007564675192,0.6143133495985992,0.0732738624106506,0.5592662801070473,0.5103409581055006,0.4000096387864768,0.6378201024327785,0.2247412669397334,0.9641297685611928,13.2,2.0,7.5,57.6,4.0,4.0,5.0,14833.395833333334,1228201.0,False,120.0,120.0,0.0,0.0,0.0,0.0,0.0,0.0,0.0,0.0,0.0,0.0,1.1714299753446256,-1.2713653952395767,-5.128200794929653,2.8401909324836825,1.0227083278337081,-0.36861214211582966,4521.5719479743,951.2362613571245,0.08000982740722477,1.860070195766951,-0.3686472399985814,0.5600140391534412,144.73675011128395,-564.4271534740473,0.06003930962893503,-0.37717374327995706,-1.4427307904797728,-2.2889406582994773,-0.5942632516405657,0.10272394574366678,26.99051207024044,0,316.79999999999995,2.0,2.0,15.462875674549057
12086009024,0.1006172492195386,Moderate,53.3203125,0.178721615485003,0.5629831005415328,0.1319583235531955,0.2834340408103725,0.4830478401319628,0.4082167330995096,0.6839971527730979,0.2254849074168105,0.9562197358927208,17.8,9.8,18.9,45.1,1.5,2.0,1.0,17013.689655172413,1223199.2068965517,False,120.0,35.97708333333333,16.988333333333333,66.0,0.0,3.3333333333333335,0.9090909090909091,1.0,2.0,1.0,1.0,0.0,0.5400000000004342,1.8285714285720907,0.6914285714289977,0.3542857142857284,0.7485714285717986,0.08285714285717738,5107.657142858589,1478.2571428575304,0.8514285714289141,0.7028571428571104,0.6085714285716421,-0.7914285714288092,110.85714285717852,-95.25714285715699,0.5771428571432025,-0.7657142857144503,0.1800000000001025,-1.154285714285936,-3.365714285715187,0.08342323990259369,28.750210604561218,6,124.80766666666668,0.14626865671641792,0.8909090909090913,9.61200000000773
12086009026,0.0841611267136448,Low,36.1328125,0.1832237805466099,0.459335171791389,0.0796379100996855,0.0107215592547085,0.3652686395363052,0.318007662835249,0.6820085164094615,0.2868096509935344,0.9206694809212206,9.3,8.0,26.2,70.0,2.4,3.0,1.0,32765.285714285714,1280713.0,False,120.0,35.55972222222223,17.000648148148148,99.0,0.0,5.0,0.9090909090909091,1.0,3.0,1.0,1.0,0.0,-1.4457142857142273,0.15714285714297727,-3.00571428571533,0.5514285714290276,-1.860000000001244,-0.14285714285723658,3935.742857143743,3317.4285714296325,-2.202857142857623,0.2657142857142332,2.4314285714293224,-0.2542857142858093,117.88571428574873,-39.82857142857447,-0.24857142857169973,-0.8028571428573087,0.2485714285714692,1.434285714286015,-2.5971428571433455,0.08489651395436938,23.993852857531905,6,65.09397222222223,0.08,0.7272727272727275,0.0
12086009027,0.0946799423803215,Moderate,46.6796875,0.1903019926907564,0.4975247029292955,0.0957168443458901,0.0362463727993273,0.44532942575896,0.3821471393992875,0.6667321332300019,0.2848871410356228,0.957168443458901,12.9,7.1,25.7,51.4,9.2,5.0,2.0,20666.689655172413,1222398.5172413792,False,120.0,34.577000000000005,16.93872222222222,163.0,0.16666666666666666,8.666666666666666,0.852760736196319,2.0,5.0,2.0,1.0,0.0,0.01714285714288797,0.6285714285716377,0.46857142857191797,-1.0885714285718384,2.060000000001705,0.20571428571455147,2292.514285714509,1649.0857142860593,-0.22285714285716263,-0.5914285714286729,2.2000000000006183,-1.2200000000002968,116.9428571428975,-74.17142857144859,0.2914285714285998,0.05428571428604219,-0.737142857143101,-0.051428571428916034,-0.17142857142873005,0.1004175780287892,31.417129629629635,4,91.09048333333335,0.043292682926829265,1.0453987730061352,0.22114285714325482
12086009028,0.0580733125525412,Low,15.0390625,0.1152940103249177,0.5036975675395539,0.0569129001957772,0.0107215592547085,0.4881772280568707,0.3930094701077134,0.6780312436821888,0.1736751204540582,0.9485483365962876,9.3,2.7,10.2,41.8,2.6,5.0,1.0,17174.428571428572,1267964.7857142857,False,120.0,36.27833333333334,16.979833333333332,165.0,0.0,8.333333333333334,0.9090909090909091,1.0,5.0,1.0,1.0,0.0,-0.9171428571433117,-0.05142857142852223,-2.205714285715057,0.33999999999992014,1.4828571428579724,0.13428571428572847,1739.3428571434945,3113.6571428581237,-0.06857142857144564,-4.688571428572865,2.2857142857150463,-0.06000000000005833,93.54285714289377,-126.82857142862379,0.7257142857145418,-1.20571428571478,0.28857142857176427,1.265714285714444,-1.057142857143096,0.08413557408904553,26.439086740175156,6,65.28755000000002,0.016265060240963858,0.24545454545454556,0.0
12086009029,0.0776231580177869,Low,30.078125,0.1607803235091085,0.4827901594151811,0.0750987578923694,0.0564495985727029,0.4428287623600988,0.3483833947805971,0.6216505773075454,0.2464618891258476,0.9446384640549614,10.5,5.4,36.6,39.0,3.4,10.0,5.0,21453.6875,1252635.234375,False,25.365277777777777,19.01735880544576,18.089277777777777,816.0,3.0,40.666666666666664,0.7769607843137255,5.0,10.0,5.0,0.9313725490196079,0.0,0.08857142857134047,0.15142857142849508,2.368571428571771,2.3428571428576164,-4.611428571428915,-0.8600000000001373,6628.857142859063,1634.8857142863778,0.514285714285596,-4.460000000000696,1.0742857142861693,-2.0771428571433375,120.45714285717213,-76.42857142861271,0.3885714285715342,-0.35142857142891903,0.4285714285718263,-1.8200000000000258,-1.2857142857146946,0.10064494765107881,28.024443347715167,8,62.062583333333336,0.006609547123623011,1.2044117647058823,0.9299999999990749
12086009030,0.1118611373460559,Moderate,61.1328125,0.1917339790203067,0.5834184317126629,0.1041284327480822,0.4674067466217332,0.4460631012415031,0.3788463381297503,0.6866819838488667,0.2793395252925312,0.9380939887214612,15.5,6.7,26.7,61.3,1.3,1.0,1.0,22234.720930232557,1320146.7674418604,False,120.0,31.866666666666674,17.1,31.0,0.16666666666666666,1.6666666666666667,0.6290322580645161,1.0,1.0,1.0,1.0,0.0,-0.16571428571409422,0.4714285714288077,0.38857142857187493,-2.7457142857151235,3.208571428572251,-0.7514285714286189,2015.2857142863154,2891.48571428667,-0.2171428571429605,-2.3828571428579486,1.6628571428576835,0.1485714285715318,65.60000000001884,-196.00000000006094,1.202857142857536,-1.3257142857146385,1.5971428571433093,-0.5542857142856676,-1.625714285714852,0.074273349967666,27.645202567646226,7,106.94999999999997,0.209375,2.485483870967742,0.0
12086009031,0.0672883715107101,Low,21.2890625,0.1477404122111213,0.455450005206124,0.0645889955516334,0.0258292109317979,0.3525553712914164,0.3160076146413166,0.6667018638946919,0.2308918288706092,0.9161559652713968,8.7,5.4,20.6,55.5,1.9,5.0,2.0,35284.944444444445,1291395.888888889,False,120.0,16.011481481481482,17.408166666666666,320.0,0.8333333333333334,16.666666666666668,0.7734375,2.0,5.0,2.0,1.0,0.0,-2.499566282690482,-0.7554773689228661,-3.222918962182639,0.0028679943828379727,-2.537124443921556,-0.1938411454497185,4737.283001406159,2258.912171386137,-0.3836953127304846,0.5587389643425709,1.4806961180022522,0.44743074173387326,124.82157735030601,75.04043543591818,0.08448251480435193,-1.0457142857147792,1.6258053697873436,2.3465958616908424,-0.22842937670018226,0.08054819458618087,27.558486244034654,3,57.348949999999995,0.016822429906542057,1.2234375000000002,0.0
12086009057,0.0720348702947542,Low,25.1953125,0.1395430850982364,0.5162195621806889,0.0501035443544229,0.0782039845376152,0.5123464333653004,0.4346662115895346,0.6015279556124626,0.22898262584205,0.9543532257985315,10.5,0.0,8.2,65.7,2.1,32.0,3.0,14821.803278688523,1240042.0,False,120.0,120.0,0.0,0.0,0.0,0.0,0.0,0.0,0.0,0.0,0.0,0.0,-0.2885714285715622,-0.19999999999997453,-1.5542857142861164,0.9714285714293165,-0.36857142857317954,-0.03714285714275371,7524.657142860882,1443.9428571438036,-0.11142857142866046,-0.5485714285711855,2.080000000000459,-0.5599999999999798,248.2857142857853,-321.3142857140084,-0.5257142857139367,0.8171428571428503,-0.9142857142854313,-3.25714285714309,-0.7628571428575739,0.10272394574366678,26.99051207024044,0,252.0,0.0,0.0,0.0
12086009066,0.0755012224958824,Low,28.90625,0.1420598035550432,0.5314749183545672,0.087531615843711,0.5599167410050551,0.3784310554488524,0.3104557567236767,0.5332548801581417,0.1965879912663755,0.8753161584371101,14.7,5.3,5.4,55.1,0.0,44.0,7.0,32082.560344827587,1342406.5172413792,False,120.0,120.0,0.0,0.0,0.0,0.0,0.0,0.0,0.0,0.0,0.0,0.0,0.09428571428566938,0.37428571428585466,-1.802857142857309,-1.820000000000374,2.31142857142996,-0.8114285714287474,5360.457142858338,1662.8571428575358,-0.15714285714292092,-2.1285714285714143,0.942857142857709,-0.7800000000002361,145.00000000004857,412.0571428573442,0.16857142857149848,-1.211428571428616,0.6942857142858916,-3.0914285714299976,-1.214285714285847,0.10272394574366678,26.99051207024044,0,352.79999999999995,5.3,5.3,1.38599999999934
12086009049,0.0650674781387061,Low,18.1640625,0.103677337739014,0.6275959583616997,0.0504896641378567,0.0910743439987881,0.8245623149411151,0.59228093849651,0.6400687799043062,0.1568650113401712,0.9899934144677788,8.6,1.6,7.9,37.6,3.0,13.0,3.0,3052.133333333333,1284449.388888889,False,120.0,120.0,0.0,0.0,0.0,0.0,0.0,0.0,0.0,0.0,0.0,0.0,-1.2285714285715135,-0.30857142857171427,-0.008571428571852275,3.0342857142868804,-3.5285714285721617,0.15428571428567844,5935.0285714312895,2810.0571428580192,0.2000000000000838,-4.857142857144218,3.1314285714296375,-1.0257142857147326,106.94285714289798,-457.68571428559227,-0.405714285714771,0.9057142857147084,0.16285714285719577,0.43714285714318457,-1.717142857143584,0.10272394574366678,26.99051207024044,0,206.39999999999998,1.6,1.6,0.0
12086009060,0.0782208609076507,Low,30.859375,0.1364401986467223,0.5732977647605453,0.0593743762830974,0.0790055462901911,0.665758136120131,0.4951644740469547,0.6451660180380528,0.2135060210103472,0.9813946493073966,5.9,6.2,16.3,56.6,1.9,11.0,3.0,6854.220338983051,1268305.2372881356,False,120.0,120.0,0.0,0.0,0.0,0.0,0.0,0.0,0.0,0.0,0.0,0.0,0.22000000000027287,0.931428571428633,0.5714285714287898,-0.7999999999997524,2.757142857143852,-0.23428571428557274,6270.057142858755,1567.7428571431387,0.2400000000000991,-2.411428571429599,0.6057142857146238,-0.005714285714406951,111.6000000000364,-548.3428571428311,0.5771428571429758,-0.6600000000002119,0.5428571428574082,3.2171428571436564,-2.697142857144217,0.10272394574366678,26.99051207024044,0,141.60000000000002,6.2,6.2,1.29800000000161
12086009039,0.1188777075203682,Moderate,66.015625,0.187830778739136,0.6328979111856234,0.1059336696839072,0.530262852394511,0.574978605287564,0.4476107858020675,0.6442065390749601,0.2697278877943649,0.9674307733690156,15.4,6.5,7.6,77.6,1.7,12.0,3.0,11449.166666666666,1324492.6333333333,False,120.0,36.29166666666667,15.14912037037037,335.0,0.0,19.0,0.24328358208955222,3.0,12.0,3.0,0.0,0.0,-0.16857142857172483,0.6942857142855546,0.8542857142860587,-1.2371428571429846,5.6857142857152585,-0.10000000000001197,-2499.457142857206,988.6285714288952,-0.40285714285727287,-2.0685714285722465,1.1314285714290218,-1.0257142857145198,135.25714285719073,597.1714285715403,0.24857142857153985,-0.4028571428573626,0.6714285714289703,-0.43714285714263795,-1.1342857142857394,0.09057165228592745,24.177000691384052,5,136.3035462962963,0.019345238095238096,4.91865671641791,0.0
12086009040,0.0851614957818744,Low,37.3046875,0.1511126703033029,0.5635629071403756,0.0713252142285775,0.0890670763912229,0.6311223706073927,0.5305533249580093,0.5966606858054225,0.2309001263780282,0.9704110779398304,9.6,5.1,9.2,58.6,5.9,18.0,5.0,8521.990990990991,1318186.945945946,False,36.875,31.671661054994388,16.242746913580245,791.0,2.1666666666666665,46.666666666666664,0.3299620733249052,5.0,18.0,10.0,0.1959544879898862,0.21618204804045513,-1.5371428571432928,0.3828571428572942,0.00857142857134512,-1.0028571428575663,4.280000000001275,0.7600000000002967,5434.771428573069,2772.8857142867446,-0.15142857142881752,-1.6571428571434674,3.482857142858176,0.40000000000009867,171.0000000000542,1042.2857142859468,0.6714285714288837,-0.44000000000019973,0.040000000000120155,0.46000000000044833,-3.057142857143639,0.10518624395154379,29.037636005969336,13,74.46962962962965,0.006439393939393939,3.4171934260429837,0.0
12086009043,0.0964573812867902,Moderate,48.828125,0.1542595125602548,0.6252929215571925,0.0648807004192471,0.0772336729423916,0.8195955990615417,0.5740138316585942,0.6650764595547768,0.2436383247012626,0.990545044568658,13.0,0.1,8.0,66.3,3.3,6.0,2.0,3336.6666666666665,1368565.6785714286,False,120.0,29.38095238095238,15.029768518518518,230.0,0.0,12.0,0.3173913043478261,2.0,6.0,2.0,0.0,0.0,1.5428571428578142,-0.51428571428593,-1.245714285714838,0.6800000000003804,0.37428571428611873,0.48285714285725956,3958.2571428577958,1185.8571428574862,0.15142857142864422,-0.7714285714287555,1.960000000000625,-1.5171428571434349,124.37142857147144,154.54285714291498,1.23428571428581,-0.32285714285727557,0.12857142857152812,-0.7571428571429382,-0.8714285714290161,0.08835411488397515,32.335830527497194,6,116.61300925925927,0.0004329004329004329,0.0682608695652174,20.057142857151582
12086009044,0.0915467339860759,Moderate,44.3359375,0.1483805800340162,0.6169724768907688,0.0374286538337593,0.0437109723461195,0.7417967735251226,0.6273751174727102,0.6870149465372778,0.2593325062342732,0.9849645745726134,3.3,4.3,4.4,83.6,5.5,1.0,1.0,4827.84,1323989.34,False,120.0,33.0,15.116666666666667,33.0,0.0,1.3333333333333333,0.3939393939393939,1.0,1.0,1.0,0.0,0.0,-4.611428571429285,0.9514285714288437,0.042857142857212586,0.02285714285729324,1.6571428571431357,0.3828571428572959,4512.485714287349,2739.7428571436767,0.342857142857276,-0.9428571428579285,2.2257142857154015,-0.6371428571429808,176.97142857148648,21.65714285714851,1.1885714285716473,-1.5057142857145618,0.9028571428574159,1.534285714286035,-1.8342857142862907,0.09080943853433229,30.526306717973384,4,29.314999999999998,0.1264705882352941,2.606060606060606,0.0
12086009050,0.0823542315147198,Low,34.375,0.1380160876557317,0.5967002319334306,0.0501014050825161,0.1050198686237937,0.661730942010205,0.5690906361042991,0.6748168957926185,0.2259307702289473,0.9728428171362364,9.1,1.2,5.2,65.3,4.1,2.0,2.0,7239.384615384615,1311951.8461538462,False,120.0,120.0,0.0,0.0,0.0,0.0,0.0,0.0,0.0,0.0,0.0,0.0,-1.0228571428571716,0.0742857142856674,-0.07571428571423068,-2.5100000000009555,1.820000000000547,0.2471428571429095,3516.4571428582963,2654.600000000825,0.38285714285731925,-4.650000000001211,3.2814285714294527,0.06285714285714368,117.20000000004107,455.9142857142239,0.3557142857142688,-0.6371428571429946,0.26428571428579306,0.9971428571427811,-2.108571428571677,0.10272394574366678,26.99051207024044,0,218.39999999999998,1.2,1.2,0.0
12086009102,0.0991124964736104,Moderate,51.171875,0.193440820635236,0.5123659843260443,0.1288685571952319,0.4393459851160289,0.3992549963715806,0.3140075664473842,0.5048806214479861,0.2580130840752401,0.9043407522472412,17.7,10.8,27.9,51.3,0.1,55.0,6.0,30099.567765567765,1402712.362637363,False,120.0,120.0,0.0,0.0,0.0,0.0,0.0,0.0,0.0,0.0,0.0,0.0,-1.0773237590249294,0.9338864920687007,-4.320167515531674,0.32395795729035465,0.43242169336947434,-1.4560252569924395,1355.3874430184107,1062.787402607345,-0.28719298088955003,-1.1419195841849854,1.4672645433733846,-0.09893660811148096,95.69928075085106,-695.6652917516232,0.7680608052583531,-0.7974724013905252,-0.01863557168869662,0.7913098872234544,-1.3248159502018033,0.10272394574366678,26.99051207024044,0,424.79999999999995,10.8,10.8,0.0
12086009200,0.1198796156988903,Moderate,66.9921875,0.1633758226902075,0.7337659497281035,0.1233084844628203,0.6116038094294114,0.6275001740811349,0.4766555534725974,0.9821372631312296,0.2034431609175947,0.970932948526144,18.5,6.9,18.2,32.9,3.1,0.0,0.0,9040.661016949152,1372450.559322034,False,120.0,120.0,0.0,0.0,0.0,0.0,0.0,0.0,0.0,0.0,0.0,0.0,2.0685714285721604,-0.28285714285742075,0.5628571428576745,-1.0485714285715018,-11.457142857146929,0.30285714285727466,2491.9142857152315,683.6857142860027,1.3257142857143016,-2.6000000000001178,1.0114285714291111,0.7971428571431202,78.39999999994936,-52.514285714296264,0.7685714285717129,-0.5599999999999928,0.4857142857146032,0.7228571428582155,-0.5457142857150368,0.10503810960438875,40.81180555555555,5,444.0,6.9,6.9,38.26857142858497
12086009305,0.073880596483821,Low,26.953125,0.1355247211903949,0.5451447959817478,0.0564438958522362,0.036480585943002,0.6175056606002503,0.4600756022881235,0.6468092105263158,0.2146055465285535,0.9648529205510478,5.9,5.8,15.7,51.7,4.8,11.0,2.0,9387.08064516129,1353220.1935483871,False,24.109444444444446,36.5643759018759,18.786868686868686,449.0,5.666666666666667,18.333333333333332,0.6815144766146993,2.0,11.0,4.0,1.0,0.0,1.0200000000003757,1.2942857142861453,0.8200000000003769,-4.005714285715461,0.880000000000628,0.47714285714293103,2212.314285713976,1142.3142857144487,0.7599999999998519,-2.311428571429028,0.8914285714286947,-0.6228571428572628,41.514285714293244,-170.74285714289604,0.8057142857142264,-0.4028571428569882,1.1714285714287098,0.06857142857132878,-0.7628571428575392,0.10293229381965063,35.34898859922836,9,30.757474747474753,0.012888888888888889,1.8472160356347438,6.018000000002217
12086009317,0.1107712977354688,Moderate,60.9375,0.1775414462077896,0.6239179645175652,0.0938257469792929,0.3731787094855784,0.6301588982160579,0.4668112484638183,0.6771534329581957,0.2612571454362863,0.9722875334641756,13.5,5.8,31.5,50.4,1.7,5.0,1.0,9377.685714285712,1443333.1857142858,False,120.0,120.0,0.0,0.0,0.0,0.0,0.0,0.0,0.0,0.0,0.0,0.0,-0.6455403135597267,0.3063436834238808,0.35167710307735933,-1.5739794077199625,-2.202343618683808,-0.054501000480972,9422.572061113135,3184.404705917285,-0.1418881931282294,-0.8018717322527471,1.885018720800033,-0.8171428571430689,209.73639532007385,-296.2568136395594,-0.4380869537069476,0.3266583822784661,-1.3194203086204215,-0.6544348332755915,-0.08907656045718718,0.10272394574366678,26.99051207024044,0,324.0,5.8,5.8,0.0
12086009324,0.1430907595103765,High,82.2265625,0.2319615166026098,0.6168728399698976,0.1703809532711168,0.4527937029229665,0.5760113515528119,0.4344982747159936,0.6584566148886942,0.2935420799341029,0.962604255769022,15.0,20.4,49.1,42.3,1.7,7.0,2.0,11750.585365853658,1366645.4146341465,False,120.0,120.0,0.0,0.0,0.0,0.0,0.0,0.0,0.0,0.0,0.0,0.0,-1.2685714285720526,0.3314285714285033,-3.0685714285728585,1.317142857143493,-0.7285714285712542,-0.5257142857143514,3089.2000000011376,1644.4571428577003,-0.3942857142858786,-1.3999999999997015,1.1914285714290929,-1.5971428571437405,128.7714285714743,-460.9714285714235,0.019999999999957253,0.10571428571436449,0.005714285714339171,-0.17142857142762022,-1.8028571428573545,0.10272394574366678,26.99051207024044,0,360.0,20.4,20.4,0.0
12086009321,0.1056301964746312,Moderate,57.2265625,0.1892180596878528,0.5582458495182022,0.0676805570498985,0.0715549640982144,0.6096758462790395,0.457035403145183,0.6791420693218321,0.310755562325807,0.973820964746742,8.3,5.6,28.3,82.0,0.7,4.0,1.0,9921.780487804876,1373514.3902439023,False,120.0,120.0,0.0,0.0,0.0,0.0,0.0,0.0,0.0,0.0,0.0,0.0,-4.297142857143426,0.8885714285721565,-6.117142857143553,-1.7199999999998676,2.7457142857148242,-1.4000000000002497,8315.057142857613,3785.7714285723096,0.860000000000402,-4.700000000001292,1.839999999999976,0.3485714285717177,155.25714285718254,-677.6285714284749,0.3028571428567936,-0.540000000000182,0.15428571428578028,3.402857142856292,-0.2485714285711907,0.10272394574366678,26.99051207024044,0,199.20000000000002,5.6,5.6,0.0
12086009323,0.0841724046329249,Low,36.328125,0.1624445906582098,0.5181607112423161,0.0594161020931932,0.0520976448296294,0.5406460437198812,0.4029570782301666,0.6367785621223352,0.2654730792232264,0.958324227309568,10.3,2.1,30.9,51.0,4.4,14.0,3.0,15311.78947368421,1483041.0,False,120.0,120.0,0.0,0.0,0.0,0.0,0.0,0.0,0.0,0.0,0.0,0.0,-2.634285714285657,-0.2371428571425372,-0.5799999999996961,2.4028571428580916,-2.2685714285714815,0.12285714285719872,7515.314285715297,3439.5428571438674,-0.25142857142870034,1.3257142857147328,-0.24857142857126535,-0.0857142857142417,99.40000000001788,-644.3999999999539,1.3314285714289582,-1.2000000000005386,-0.13999999999977505,1.4599999999986812,1.1571428571434514,0.10272394574366678,26.99051207024044,0,247.20000000000002,2.1,2.1,0.0
12086009327,0.1226282920240146,Moderate,69.140625,0.2080972502101544,0.5892835772705988,0.0788936919394404,0.4400942720895145,0.5273134521124407,0.3812286984288189,0.6414942886986993,0.3373008084808684,0.9562871750235206,13.7,2.8,38.0,67.9,4.4,10.0,3.0,15583.378048780489,1408734.7926829269,False,120.0,120.0,0.0,0.0,0.0,0.0,0.0,0.0,0.0,0.0,0.0,0.0,-1.079999999999408,-0.17428571428522435,0.5457142857145902,-0.5314285714280674,-0.9057142857143159,-0.23999999999997187,9903.857142857743,2315.8285714290564,0.022857142857151735,-1.0628571428570486,1.454285714286382,-0.9657142857144053,237.5142857143014,-358.7714285713502,-0.022857142857161384,0.9142857142859864,-0.8371428571433158,1.2371428571419307,-1.7942857142858304,0.10272394574366678,26.99051207024044,0,328.79999999999995,2.8,2.8,0.0
12086009312,0.0499682283523213,Low,10.15625,0.0958927096412466,0.5210847471018623,0.0522973670838541,0.0475013623883622,0.5709355052997468,0.4113849128894671,0.6160172377967966,0.1394880521986392,0.959584717134938,5.1,5.8,8.2,27.7,6.3,21.0,3.0,12464.4375,1412092.453125,False,23.431578947368422,22.664517079736378,18.816468253968253,1316.0,14.666666666666666,66.0,0.47767857142857145,3.0,21.0,6.0,1.0,0.0,-2.7685714285721787,-0.1028571428573721,-0.43142857142873886,-0.30285714285752763,-3.0628571428581246,0.14285714285704668,6959.514285716866,4636.1428571445995,-0.1971428571428578,-1.2628571428575641,0.9028571428574648,-0.03714285714271931,108.1428571428933,148.00000000005332,-0.8885714285715257,-0.6657142857145558,-0.9400000000002817,-0.6400000000002976,-1.5600000000003191,0.073880596483821,36.5643759018759,7,26.43601190476191,0.004403948367501898,3.029464285714286,0.0
12086009319,0.0657659399502666,Low,19.53125,0.1162817967395001,0.5655738197578646,0.0552837186158157,0.03048748491368,0.6520555237443233,0.4923169478047459,0.6831193420491048,0.1772798748631845,0.9698898002774688,7.4,4.0,12.4,42.5,2.9,2.0,1.0,8261.542372881357,1424084.6779661018,False,120.0,120.0,0.0,0.0,0.0,0.0,0.0,0.0,0.0,0.0,0.0,0.0,-1.7742857142856532,-0.6200000000000816,0.8342857142864503,1.3571428571434563,-2.8742857142859455,0.2657142857143986,7249.1428571437355,725.1714285714887,0.0,-3.5057142857157784,3.2942857142867212,0.637142857142683,143.77142857147604,-93.22857142852713,-0.06857142857125233,0.30285714285729837,-0.2399999999998248,-2.5914285714283767,1.177142857142421,0.10272394574366678,26.99051207024044,0,177.60000000000002,4.0,4.0,0.0
12086009314,0.2150166129197531,Critical,97.8515625,0.361742375084701,0.5943915552315584,0.2358002399406802,0.4625460520015926,0.5287344843428592,0.3580086267138967,0.6660753476200103,0.4876845102287216,0.9565932654794332,29.4,19.9,68.5,63.1,10.6,6.0,2.0,16040.09523809524,1460722.6666666667,False,21.77777777777777,24.253587962962957,17.50722222222222,281.0,1.3333333333333333,15.0,0.5409252669039146,2.0,6.0,3.0,0.5516014234875445,0.0,-1.7371428571436105,0.4428571428573256,2.09714285714328,0.9285714285719415,-2.954285714286721,1.5200000000004865,2741.885714286743,967.4857142860507,-0.9742857142861663,1.2114285714290696,-0.8485714285717545,-0.9685714285719476,86.54285714287548,-121.7714285714347,1.10285714285753,-0.6171428571431217,2.105714285715008,2.2114285714294337,-2.240000000000717,0.1571433032968655,57.85265101410935,5,190.8876666666667,0.07056737588652481,9.135587188612098,0.0
12086009315,0.1858236630340951,Critical,95.1171875,0.2741606903947002,0.677791053000964,0.1877393055944737,0.6116038094294114,0.5064867972315124,0.3558547286588926,0.9644311671813393,0.3605820751949268,0.9505787625036646,21.0,18.5,49.9,50.5,6.8,0.0,0.0,17855.76923076923,1449261.5384615385,False,120.0,120.0,0.0,0.0,0.0,0.0,0.0,0.0,0.0,0.0,0.0,0.0,-0.8600000000002036,-0.3085714285711113,-0.8142857142857648,0.22285714285682837,-5.125714285715697,0.5971428571430605,3002.828571429548,1300.3142857147923,0.0,0.37142857142835656,-0.2799999999996425,-1.0285714285718204,106.77142857146472,-62.942857142869045,0.70285714285731,-0.10285714285726551,0.45142857142875215,1.640000000000612,-0.3657142857144049,0.15463996440491276,24.523602537722905,5,504.0,18.5,18.5,0.0
12086009402,0.1094212660476211,Moderate,60.15625,0.1959401589972183,0.5584422642485177,0.0941819710641815,0.0747374012316028,0.6782074737441598,0.490217998048891,0.5730694734595773,0.2976983469302551,0.9759789747583576,7.4,11.9,32.6,62.0,6.1,30.0,5.0,8021.0,1582956.793814433,False,120.0,120.0,0.0,0.0,0.0,0.0,0.0,0.0,0.0,0.0,0.0,0.0,-2.6514285714291503,0.5085714285712037,-0.29428571428575184,0.6028571428568076,-2.7742857142870467,-0.3428571428572048,3762.3142857159564,1243.8571428574144,-0.9200000000000556,0.4314285714280254,0.8828571428575807,-0.2771428571427796,196.77142857152378,-334.199999999909,1.3057142857141273,-0.6514285714283579,1.7028571428575332,-1.0057142857150745,2.3885714285726443,0.10272394574366678,26.99051207024044,0,177.60000000000002,11.9,11.9,0.0
12086009506,0.1452801607153146,High,83.203125,0.2424870370845698,0.5991254726933989,0.1469800884092354,0.4067937313743643,0.6019385546505608,0.4194883690230356,0.6098817024956757,0.3379939857599043,0.9575250059233578,20.0,10.7,34.9,57.8,7.4,22.0,3.0,12752.58695652174,1696115.7173913044,False,120.0,120.0,0.0,0.0,0.0,0.0,0.0,0.0,0.0,0.0,0.0,0.0,-1.7800000000004066,0.6085714285712038,1.8857142857143556,-0.8200000000001451,-2.734285714286967,1.0485714285721512,2844.685714286879,1974.4285714291975,-0.3485714285714822,-4.382857142859027,2.348571428572388,-0.49714285714301154,82.11428571431763,-87.85714285707643,0.808571428571469,-1.1000000000000731,0.38571428571424243,3.002857142857571,-1.52571428571489,0.10272394574366678,26.99051207024044,0,480.0,10.7,10.7,0.0
12086009503,0.0740816661288862,Low,27.34375,0.1408827457786786,0.5258391701512241,0.0495339461346115,0.0390276538804638,0.6311685522949136,0.4462433109904021,0.5415024878136442,0.2322315454227457,0.9712538457766968,3.5,6.7,28.1,48.3,4.7,38.0,6.0,10512.627906976744,1626488.523255814,False,36.29962121212122,24.9863471019721,18.324984567901236,1800.0,11.666666666666666,92.33333333333333,0.7586111111111111,6.0,38.0,11.0,1.0,0.0,-2.2085714285715348,0.5257142857146564,1.3885714285722677,-1.6085714285717734,-1.0657142857144386,-0.2885714285713517,6077.05714285817,2466.9142857149327,0.002857142857218635,-0.9114285714285029,1.257142857142621,-1.5400000000002418,175.9142857143371,208.0285714286191,-0.6057142857146038,0.2771428571431186,-0.47142857142875116,0.4599999999998972,-1.1914285714289248,0.12610656606628376,20.853224671892434,7,19.862554012345676,0.003720155469183787,1.6173055555555556,0.0
12086009504,0.0853186604783215,Low,37.6953125,0.1625819472740973,0.5247732722408757,0.0642378888837509,0.0316454739261252,0.6073083123460085,0.4237776533701848,0.6023604606105533,0.2609260056644438,0.9587744609515064,8.6,4.8,17.8,55.6,9.2,19.0,5.0,12060.023255813954,1649193.7325581396,False,26.37916666666667,26.370824314574314,17.43281045751634,763.0,4.0,42.0,0.8499344692005243,5.0,19.0,7.0,1.0,0.0,-0.7400000000002196,-0.4657142857145032,-2.208571428572286,-5.717142857145403,6.271428571429931,1.0800000000003374,2144.857142857283,1007.2285714287971,0.017142857142547915,-2.2685714285716236,1.5542857142861777,-1.2542857142862567,155.45714285718807,-45.485714285731675,-0.028571428571201034,0.11999999999994237,-0.21428571428581084,0.9285714285716,0.9200000000002589,0.11008074768627063,21.227496886216834,6,56.47783006535948,0.0062827225130890054,0.7203145478374834,0.0
12086009602,0.0956383515129536,Moderate,47.8515625,0.1694097552930334,0.5645386320730166,0.0931185384907869,0.3817653025063238,0.5479769738498151,0.3657088122605363,0.5866507738616707,0.24570097209528,0.9405912978867365,12.0,7.8,31.1,42.9,3.4,28.0,4.0,15887.8125,1598323.175,False,120.0,120.0,0.0,0.0,0.0,0.0,0.0,0.0,0.0,0.0,0.0,0.0,-1.8400000000007806,-0.897142857143293,1.0714285714292633,0.2885714285707937,-0.43714285714212925,-0.8171428571429817,2864.7142857154686,734.9428571430863,-0.9600000000006003,-0.07142857142875945,1.517142857143149,0.8571428571434443,85.34285714288765,-486.0285714284847,-0.07999999999997766,1.9600000000004294,-0.27999999999984365,-1.0114285714282416,-2.228571428571953,0.10272394574366678,26.99051207024044,0,288.0,7.8,7.8,0.0
12086009703,0.0435197890082485,Low,7.8125,0.0804253061815593,0.5411205884625796,0.0123895695187104,0.087421944692239,0.5593947592478641,0.4370427892160635,0.6686996400251589,0.1484610428444083,0.953043809131572,2.0,0.6,2.8,50.0,1.9,5.0,2.0,13332.145161290322,1422844.2096774194,False,120.0,23.481083333333334,17.878944444444443,164.0,0.8333333333333334,13.0,0.9603658536585366,2.0,5.0,2.0,1.0,0.0,0.451428571428697,0.5028571428573914,-1.0685714285719643,1.928571428570107,3.245714285717633,-0.5200000000002157,5258.914285715871,2660.428571429377,0.19428571428578487,0.11428571428626329,0.03142857142853024,-0.342857142857045,8.914285714264,46.08571428575185,-0.6628571428573744,0.28571428571438623,0.4542857142859159,-0.5057142857144873,-0.8114285714287655,0.08563717048822445,23.44725858080922,2,12.242111111111114,0.0036363636363636364,0.02378048780487807,0.902857142857394
12086009704,0.0766692001181708,Low,29.296875,0.1569766442082873,0.4884115118198148,0.0649242321896359,0.0689058682077337,0.4847966071001932,0.3766757431905989,0.5841903093200351,0.2490290562269388,0.9274890312805129,12.2,1.8,12.1,63.7,3.9,28.0,5.0,19964.010101010103,1448358.616161616,False,11.267851851851852,25.242024410774416,6.562261904761905,699.0,8.833333333333334,46.333333333333336,0.6459227467811158,5.0,28.0,7.0,0.8812589413447782,0.0,1.3832052818338836,0.3023706478477334,1.3989912965258215,1.634101440954097,4.508130850861664,0.17328721465578523,132.95690485762182,502.2586190619091,0.10655912354486767,-1.640179171411023,0.9986635652379751,0.6358217281473962,74.12508097679813,16.283892364938733,-0.5596365552570106,0.8982899166502575,-1.6167845143224027,-3.371668965906508,1.9512647057854866,0.09147766928781431,30.97025842116035,9,212.74040476190476,0.0025714285714285713,0.6373390557939915,16.875104438373377
12086009705,0.1021173095873653,Moderate,54.1015625,0.1694323359368897,0.6027026011457577,0.0929174550113397,0.521178180857039,0.5131197317898383,0.4000096387864768,0.626205915717591,0.2459472168624398,0.9529995385778434,14.8,4.7,12.9,56.2,5.0,14.0,4.0,18300.5,1537219.8333333333,False,10.11111111111111,35.466971187025536,18.91621031746032,905.0,9.833333333333334,50.0,0.6712707182320442,4.0,14.0,4.0,0.5513812154696133,0.0,-0.3142857142857321,-1.9971428571432313,0.21428571428586607,-0.5371428571429736,-1.0828571428579914,0.2828571428572812,2347.628571429214,1063.0857142860254,1.1171428571431263,-3.3857142857155984,0.9485714285718158,-0.8514285714289577,119.77142857147186,147.9714285714464,-1.1600000000004989,0.7085714285716872,0.3428571428567302,-0.4428571428576156,0.9085714285723795,0.10950228694535555,34.05391216361611,3,75.24008730158728,0.0051876379690949225,1.5450276243093923,0.0
12086009706,0.1423353737725403,High,81.4453125,0.2153827264963684,0.6608486023364566,0.125417929776416,0.4850301589595616,0.6789464137232435,0.5400130123617437,0.6242384089224341,0.3053475232163208,0.9760150177153002,16.2,9.5,16.8,64.1,9.8,14.0,4.0,7681.166666666667,1521697.0555555555,False,24.429166666666674,42.86579991645781,18.057599206349206,597.0,4.5,26.333333333333332,0.6909547738693468,4.0,14.0,5.0,0.16917922948073702,0.0,1.3749454984927214,-0.14503967489656666,2.3401927459483507,-2.250909640030658,1.6755978693926483,0.9027607698830827,2054.879061451621,1183.605137138022,-1.7707465473057609,0.8053510337357043,0.01724664342250156,-0.05683891160961912,123.49686444595265,93.62342878825477,-0.9825680239356427,-0.07163614398761672,1.27105049283881,0.06479503580948048,-1.855949314928067,0.07850692398028994,26.669122115191502,7,96.26689285714286,0.01588628762541806,2.9359296482412054,22.274117075582087
12086009803,0.0819896975879971,Low,33.7890625,0.1338903654855823,0.6123644318293094,0.0353459324425659,0.0712905144216473,0.7738736783008467,0.5548368989755954,0.679989610710515,0.2324347985285986,0.9818314567379426,5.1,2.1,12.2,66.3,3.5,4.0,1.0,4487.382352941177,1452795.5,False,120.0,30.400000000000002,17.891805555555557,124.0,0.6666666666666666,8.0,1.0161290322580645,1.0,4.0,1.0,1.0,0.0,-0.11160983381982835,0.3904359099450111,-3.061225661976198,-0.07693566602109797,-0.5048682751943265,-0.4579715022686427,6037.37239618593,2854.928363007312,-0.78315924684284,-2.3131290364448835,2.5437462087809948,0.14340961272816885,133.09322526232054,355.60311264138016,-0.16995254356819375,-1.2841519083266815,-0.42492881535233756,-3.5374363977934036,-0.8616141154886056,0.09930543063023213,28.79891289882957,6,31.151791666666657,0.016800000000000002,-0.03387096774193545,0.0
12086009804,0.0568872976826332,Low,14.0625,0.0971952001932113,0.5852891662299037,0.0512953832915375,0.0641926851025869,0.7012227738063764,0.5100122894527579,0.6739631629489857,0.1430950170948851,0.9770549198388112,8.8,1.7,10.2,25.0,5.1,7.0,1.0,6842.910714285715,1521244.2142857143,False,120.0,30.815714285714282,16.68861111111111,210.0,1.1666666666666667,12.666666666666666,1.1,1.0,7.0,1.0,1.0,0.0,2.666353943402817,0.3694860352403424,1.463238499602719,0.4744988576169172,2.447478735243121,-1.6485387011011778,-31.09553429160513,476.23367043243735,-0.7620803171374919,-1.6417630427690084,1.9657086503378673,-0.6054756401848068,309.68521314129447,-18.437683532359834,-0.11480334377511969,1.407320181975085,1.1954391754617066,0.10492371255051765,-3.2175534893481137,0.11633851639215015,32.21170608180806,6,64.34022222222222,0.008056872037914692,-0.17000000000000015,23.463914701944795
12086009806,0.1643597940898924,Critical,91.6015625,0.2415390937656539,0.6804687039579509,0.1388943712533664,0.485330558033502,0.7266757615474839,0.5372129448902383,0.6680577925286969,0.3441838162779413,0.9850664627898332,23.4,4.8,18.8,77.7,5.5,10.0,1.0,5610.666666666667,1422878.3333333333,False,120.0,30.339000000000006,17.8995,310.0,1.6666666666666667,20.0,1.0161290322580645,1.0,10.0,1.0,1.0,0.0,0.7371428571423745,-0.1371428571428406,-0.4028571428575696,0.4742857142858763,3.019999999999448,-0.5857142857145217,2839.6571428588472,2555.34285714382,0.8457142857146804,-6.685714285716234,2.8800000000008894,1.1114285714288072,82.14285714290122,106.0571428571391,0.2828571428561768,-0.18285714285692833,-1.2714285714293168,-0.9685714285712058,-1.0428571428572624,0.06943849763531515,30.607857142857142,4,142.7517,0.015434083601286173,-0.07741935483870961,17.249142857131563
12086009809,0.0779861501967837,Low,30.6640625,0.1317153544578133,0.5920809348143363,0.0554638628372947,0.087421944692239,0.7001568288806389,0.5260126750042169,0.6651519363389268,0.2079668460783318,0.98166128915566,8.2,3.1,5.7,51.0,7.8,10.0,1.0,6726.070175438596,1487045.245614035,False,120.0,120.0,0.0,0.0,0.0,0.0,0.0,0.0,0.0,0.0,0.0,0.0,0.06285714285714171,0.2600000000002892,-1.2914285714287768,2.2314285714291957,1.139999999999456,0.6000000000003858,1194.6857142858603,1847.4571428580077,0.04285714285730551,-1.1628571428580656,0.4257142857145062,0.8028571428571945,80.94594594593978,-320.6857142855459,-0.5342857142859903,0.01714285714253178,0.35142857142841005,2.0028571428560347,0.7428571428570165,0.10272394574366678,26.99051207024044,0,196.79999999999998,3.1,3.1,0.515428571428562
12086009812,0.0855355536712224,Low,38.0859375,0.1522395826665231,0.56184831942548,0.0532045464417878,0.0815559700483875,0.6365101908692218,0.4686112918383575,0.6552087545207449,0.2512746188912584,0.9673553898506876,5.7,5.3,10.9,67.3,7.0,15.0,1.0,9475.75,1507149.95,False,120.0,120.0,0.0,0.0,0.0,0.0,0.0,0.0,0.0,0.0,0.0,0.0,-0.6678212674219716,-0.49194917910950103,0.3072596592438986,-2.0638368574743606,4.824398465654165,-0.16316869731955008,4617.140335824964,1865.5706480154306,0.8996433943078104,-2.000979714618139,1.9036278042557675,-0.6133880006632033,185.39229338606557,172.33153656724542,-1.7719491791098656,2.366796501574294,-1.2425210374125093,0.20691950306648507,-0.7327648917384072,0.10272394574366678,26.99051207024044,0,136.8,5.3,5.3,0.0
12086009907,0.1140020164793324,Moderate,62.890625,0.182890512836983,0.6233347739636257,0.0603505386672072,0.0597680642283675,0.7912021990406043,0.6152648256584495,0.6691292090661994,0.3054304870067589,0.9813095718245074,7.7,4.6,31.2,61.3,8.5,8.0,1.0,4338.6875,1536415.1458333333,False,120.0,120.0,0.0,0.0,0.0,0.0,0.0,0.0,0.0,0.0,0.0,0.0,-1.3257142857140027,-0.019999999999673477,2.351428571429269,-0.6400000000005308,-3.2314285714312296,0.9171428571431902,10476.028571429451,3227.6857142864023,-0.39142857142851845,-3.434285714287388,2.454285714286579,0.0228571428569659,132.80000000003403,-856.4857142855436,-0.03142857142894357,0.3971428571430591,0.17714285714277372,5.019999999998667,-0.9742857142858887,0.10272394574366678,26.99051207024044,0,184.8,4.6,4.6,0.0
12086009903,0.1064159153615258,Moderate,57.6171875,0.182735865416612,0.582348271473214,0.0631161882539839,0.0370554727502034,0.7424877349524908,0.547703338515878,0.598304369678999,0.3023555425792401,0.9861904414684988,7.5,5.3,24.0,53.7,15.5,19.0,5.0,5753.774647887324,1583569.4788732394,False,41.75757575757576,24.25703842940685,18.78606725146199,1124.0,7.0,52.333333333333336,0.7784697508896797,5.0,19.0,6.0,1.0,0.0,-1.134285714285915,-0.07142857142860155,-0.03428571428595368,-1.5371428571430141,-6.457142857144267,-0.08285714285758118,5593.200000001383,1819.0857142863842,-0.47714285714307136,-2.6971428571433935,2.6142857142862086,0.8771428571432144,-27.05714285714186,-22.457142857171533,0.9800000000001786,-0.1142857142856058,1.7200000000003015,1.325714285714847,-0.8657142857149726,0.109475275908225,24.761931161817774,10,39.10449561403507,0.004711111111111111,1.1741103202846974,0.0
12086009904,0.2242941774783614,Critical,98.6328125,0.3086834954679685,0.7266153868652042,0.2143925345307148,0.5528308690948431,0.8086702540936757,0.6016740726385101,0.6819177084035313,0.4029744564052221,0.9879840300954602,31.0,12.4,41.6,45.5,16.0,3.0,1.0,4258.170212765957,1650538.170212766,False,30.0,30.946250000000003,17.055833333333332,121.0,1.1666666666666667,7.666666666666667,1.078512396694215,1.0,4.0,2.0,1.0,0.0,2.553829281065893,2.619263649761103,-0.23037664251545295,3.918036996721027,-4.030263878265756,0.11829997894738793,3451.9945073873064,1454.963226391459,0.0742857142857379,-2.8062571849628966,3.136985067806814,-0.4630412304171744,75.16921315858025,271.07033990212466,-0.21667885256362418,1.543093826862438,0.4983958084073865,-0.7014744925519347,0.01928994798377376,0.09784166076601669,20.56497296928218,5,215.2691666666667,0.1016393442622951,-0.9735537190082654,79.16870771304269
12086009905,0.0744144692850484,Low,27.9296875,0.1336399267608234,0.5568281208222203,0.0733578107110898,0.0393358977709847,0.6642383129716402,0.4820622488691964,0.6204000016847496,0.193922042810557,0.9781041428145308,9.3,5.7,17.2,28.2,9.4,17.0,3.0,8839.06329113924,1622769.3037974683,False,33.643939393939384,24.633326883384935,18.785686274509803,1120.0,7.5,47.333333333333336,0.75,3.0,17.0,5.0,1.0,0.0,-1.0828571428574632,0.5828571428572756,-0.7257142857142994,3.168571428572647,-8.731428571430937,0.8342857142859909,5055.200000001862,1577.48571428628,-0.694285714285842,-1.5142857142865054,1.3514285714290273,0.13142857142859726,308.28571428582643,11.51428571430349,0.38857142857167715,1.0828571428575344,-0.04857142857147695,2.3657142857150295,-1.0171428571434873,0.09366732733678496,22.500256751046226,4,48.49311764705883,0.005084745762711865,1.425,0.0
12086009906,0.0892674061705076,Moderate,41.40625,0.1690237365053171,0.528135325938079,0.0815060142471078,0.0561569045801643,0.5901139149742848,0.4150100002409696,0.6148275939528719,0.2565414587635264,0.9645682159421042,12.3,4.6,23.1,43.0,9.5,20.0,3.0,12969.940476190475,1622647.1904761903,False,24.61949074074074,16.872907509157507,19.663874999999997,1462.0,20.833333333333332,77.0,0.7366621067031464,3.0,20.0,5.0,1.0,0.0,-1.171428571428977,0.9142857142860401,-0.43714285714300605,0.5400000000001569,-2.279999999999656,0.5800000000002457,3325.028571429554,1561.4571428576016,-1.3342857142860474,-3.931428571429837,0.6171428571430563,-0.5657142857146188,150.85714285716892,-147.62857142859056,1.3628571428576226,-0.7371428571431572,1.7428571428576694,0.42285714285706244,-1.3857142857146485,0.1323288007853987,25.23242361477914,8,53.33433750000004,0.0031442241968557758,1.2113543091655266,0.0
12086010026,0.214375154904102,Critical,97.65625,0.3258649992512618,0.6578649299454395,0.2054327489172014,0.4163202557962876,0.7302582621194924,0.5263074189485859,0.6287812661455174,0.4462972495853221,0.9876574467173146,34.6,7.0,39.0,84.5,4.8,19.0,2.0,6008.315789473684,1552230.6736842103,False,120.0,120.0,0.0,0.0,0.0,0.0,0.0,0.0,0.0,0.0,0.0,0.0,1.165714285714361,0.11999999999997372,-0.5971428571440275,-3.357142857145539,3.0485714285732506,-1.1657142857144733,-230.5142857140186,682.0857142860431,-1.0028571428577568,-0.8028571428578122,2.754285714286626,-1.1542857142859506,93.11428571431622,-725.857142857092,2.5200000000006275,-0.8028571428572456,2.968571428571743,-2.580000000000661,0.23714285714204777,0.10272394574366678,26.99051207024044,0,830.4000000000001,7.0,7.0,40.333714285716894
12086010017,0.1029567983890838,Moderate,54.8828125,0.189987957120401,0.5419122345940964,0.0520609632687068,0.0573442181319325,0.6275076092029784,0.4541018513041935,0.5975053771592874,0.3279149509720952,0.9731021171720902,7.8,2.9,39.9,76.8,0.7,21.0,5.0,9740.386363636364,1478731.806818182,False,120.0,120.0,0.0,0.0,0.0,0.0,0.0,0.0,0.0,0.0,0.0,0.0,-0.8999999999997178,0.4371428571429714,3.048571428572707,-6.845714285719359,8.557142857145184,-0.23714285714282482,5310.485714286878,1580.0857142862658,-0.08285714285715812,-1.0600000000004806,2.8428571428580525,-0.21714285714308898,263.071428571447,-526.7428571428372,-0.04571428571446227,1.2771428571433852,-0.7857142857140843,0.7599999999992787,0.5285714285718554,0.10272394574366678,26.99051207024044,0,187.2,2.9,2.9,0.0
12086010021,0.1045896462630495,Moderate,56.4453125,0.1852187018855829,0.5646818879427129,0.076252916674137,0.0631122544239984,0.6815785891674095,0.4996920407720667,0.6014250595278208,0.294184487097029,0.9776014958222692,7.2,8.4,38.6,64.0,1.4,25.0,4.0,7444.99,1495133.16,False,120.0,120.0,0.0,0.0,0.0,0.0,0.0,0.0,0.0,0.0,0.0,0.0,-3.1514285714297374,-0.12571428571416876,0.05142857142847143,-2.502857142857356,4.4142857142867635,-0.2685714285714549,5652.371428573329,2008.5142857151382,-0.8885714285719811,-1.9914285714292723,1.3085714285718344,-0.21714285714289575,187.9714285714893,-616.3428571428567,0.38000000000030093,-2.654285714286871,-0.21428571428548268,-4.0800000000002,-0.3857142857146417,0.10272394574366678,26.99051207024044,0,172.8,8.4,8.4,0.0
12086010020,0.0816372331969732,Low,33.59375,0.1310296574369465,0.6230439336701947,0.0997673929123256,0.0599919822888037,0.8476177204500471,0.6012644883009229,0.6136351000741289,0.1622919219615675,0.992710377237071,13.0,7.1,37.6,0.0,4.0,22.0,3.0,3058.53125,1450220.5625,False,120.0,120.0,0.0,0.0,0.0,0.0,0.0,0.0,0.0,0.0,0.0,0.0,0.8800000000011923,0.0857142857148099,2.2342857142866825,0.0,-14.151428571432366,0.3742857142859946,2359.9428571434887,496.77142857165,-0.5999999999999237,-0.6228571428571024,0.05714285714272108,-1.0400000000000915,0.0,-450.1999999999377,-1.2542857142859591,1.1228571428573524,-0.7685714285711077,0.24285714285684148,1.7542857142864956,0.10272394574366678,26.99051207024044,0,312.0,7.1,7.1,11.4400000000155
12086010010,0.1216218591168827,Moderate,68.1640625,0.2052957630114074,0.5924226459078199,0.1056740305645253,0.0460210485064429,0.7550533702107343,0.5462353845206445,0.6271956640159939,0.3049174954582896,0.9876077622852836,12.8,8.6,31.3,59.0,6.5,13.0,4.0,4941.925925925926,1451498.7222222222,False,25.504320987654317,27.92940170940171,18.224786324786326,606.0,5.0,27.333333333333332,0.7194719471947195,4.0,13.0,4.0,1.0,0.0,-3.7828571428584943,-0.16000000000013495,-4.5485714285732115,0.5599999999996936,1.8942857142858747,-1.3342857142859228,2157.714285715202,2886.571428572353,-0.6799999999999963,-3.2228571428583948,2.1142857142863796,0.11714285714297609,150.42857142863707,-124.31428571428205,1.594285714286193,-1.0542857142861868,-0.12571428571431548,-1.1514285714288082,1.3971428571433597,0.09402649907116067,28.38297619047619,8,73.92273504273503,0.014168039538714991,2.412541254125412,0.0
12086010024,0.1512241839101908,High,86.9140625,0.2329841054204394,0.6490751102410789,0.1423020147066924,0.4232865954543029,0.7160333475163709,0.5316128099472276,0.593049593413752,0.3236661961341864,0.981393204873741,16.7,12.3,36.9,58.6,5.1,26.0,4.0,6574.307692307692,1577933.9846153846,False,120.0,120.0,0.0,0.0,0.0,0.0,0.0,0.0,0.0,0.0,0.0,0.0,-4.922857142858559,-0.880000000000639,-1.9057142857146645,-2.294285714286583,-0.06000000000001199,-1.791428571428914,4544.699999999858,2837.0285714291226,-0.5600000000002227,-3.8342857142863775,0.4342857142856226,0.8257142857144603,125.65714285721283,-390.28571428569524,0.7828571428570785,-2.3057142857150255,1.4571428571433664,0.9057142857141187,0.07428571428597498,0.10272394574366678,26.99051207024044,0,400.79999999999995,12.3,12.3,0.0
12086010012,0.0850402567657535,Low,37.109375,0.1394759614958213,0.6097126404703171,0.0336205361056197,0.0538259080956348,0.7751244639373834,0.5956025871636879,0.635170945930768,0.2453313868860228,0.9888392972241112,5.0,1.8,27.6,55.8,3.0,16.0,2.0,4699.911764705882,1531481.4705882352,False,24.143541666666668,27.644166666666663,18.211111111111112,687.0,6.5,36.0,0.8508005822416302,2.0,16.0,5.0,1.0,0.0,-1.2657142857142027,-0.4428571428571625,-1.9428571428577055,1.5771428571423836,-3.245714285714973,-0.5571428571429292,8043.428571430921,1967.5714285720135,-1.622857142857364,-0.03142857142869158,0.8114285714286452,-0.054285714285749145,205.91428571433556,106.99999999998818,1.5914285714287457,-0.9514285714286159,1.0942857142858793,0.1314285714285976,-1.554285714286022,0.1216218591168827,27.92940170940171,4,28.94444444444444,0.002616279069767442,0.2685589519650656,0.0
12086010013,0.1102841235125414,Moderate,60.546875,0.1791681577280365,0.6155341714231621,0.0601598685969056,0.0568571294426968,0.7735632761349823,0.6053479200302014,0.655675177460296,0.2981764468591675,0.9862273540476336,8.5,3.7,26.2,75.3,2.5,5.0,3.0,4346.916666666667,1405061.138888889,False,27.0,26.4767619047619,18.538666666666664,240.0,2.1666666666666665,12.0,0.6916666666666667,3.0,5.0,3.0,1.0,0.0,-3.14285714285765,0.22857142857147156,1.2857142857151573,0.0,7.234285714287422,-0.18285714285685337,1398.1428571434974,1576.8857142862378,0.7628571428574422,-1.4657142857146086,0.5400000000001327,0.3057142857145843,-81.88571428572614,-16.285714285719937,-0.4971428571428278,1.8600000000003951,0.23428571428577816,-0.6028571428570317,-0.43428571428618595,0.10418848802603489,29.478700854700854,7,46.42133333333335,0.015352697095435686,1.1408333333333334,0.0
12086010015,0.1586359423397776,High,89.84375,0.2139842435617707,0.7413440340245625,0.117424720268436,0.4232865954543029,0.9399454175887038,0.6983245194045453,0.6500388896376664,0.3105437668551053,0.995124748037594,20.5,3.1,43.5,45.1,3.4,10.0,2.0,1711.7230769230769,1308650.1846153846,False,28.745833333333337,30.559722222222216,17.26611111111111,346.0,2.5,16.333333333333332,1.0245664739884393,2.0,10.0,4.0,1.0,0.0,-1.2368417739303845,0.06655389300587006,0.10565687192033062,1.0428571428576372,-8.278578402309346,-0.7108093432566396,5222.053457115896,1595.3602376630183,0.22297664185946042,-1.9835756940088254,1.3877116452572644,-0.7885916045948957,52.678016254108876,-62.885435336244164,-0.0990812457533432,-0.61046946513501,0.7227360867173772,-2.0745480025897587,-0.5484301964086867,0.08652659804898785,75.514,5,138.04472222222228,0.00893371757925072,-0.07615606936416168,0.0
12086010016,0.0867551169351871,Low,39.453125,0.1336632137751177,0.6490575415996556,0.0564669023705417,0.0810402799698071,0.8565273828225435,0.6512788513610348,0.6657937838353887,0.2108595251796937,0.9906474100095034,10.8,0.6,28.9,38.8,0.5,5.0,2.0,2877.0701754385964,1428540.0877192982,False,30.0,31.028,17.321944444444444,156.0,1.6666666666666667,10.0,1.044871794871795,2.0,5.0,2.0,1.0,0.0,-0.12319379288778888,-0.27602507277910776,2.583488654954712,0.0,0.02447990226827499,-1.5022025455752106,3487.806779250661,2585.7636203310826,-0.5029506567547735,-0.9866307219099352,0.7262566663200035,-0.9083844007766159,149.18145436668294,-150.55923657012713,1.7246295245038707,-1.386626339503856,0.8510732186181078,2.801716273308643,-0.7935189003265396,0.11921000103299757,51.24147145909646,6,72.123,0.003821656050955414,-0.02692307692307696,0.0
12086010193,0.092137739926282,Moderate,44.921875,0.1240177951229079,0.7429396711574242,0.0549275003594432,0.1091724898404202,0.7431262725415378,0.8760211089423842,0.9966937933016384,0.1931080898863726,0.9896846911611396,10.5,0.6,6.2,52.5,2.6,0.0,0.0,1793.5869565217392,495269.4782608696,False,120.0,120.0,0.0,0.0,0.0,0.0,0.0,0.0,0.0,0.0,0.0,0.0,-0.6057142857145922,-0.05999999999999976,0.23714285714294756,-5.314285714287758,4.862857142858736,0.24857142857142375,4831.085714287333,1990.8285714291806,-0.5571428571428874,-0.16285714285747857,2.2657142857149846,-1.6285714285718573,76.3142857143098,44.97142857140669,1.451428571428897,-1.2714285714287823,1.3628571428570795,0.12857142857116338,-0.08571428571423205,0.11333252705642408,15.395867965367964,6,252.0,0.6,0.6,0.0
12086010198,0.0666972162646231,Low,20.703125,0.0985224787198977,0.6769746065184304,0.0218671130878777,0.1186440677966101,0.7349795261571122,0.8526872133465063,0.6846025394793,0.1751778443519176,0.9939596858126238,4.4,0.0,7.3,50.0,3.3,2.0,1.0,1440.9333333333334,381466.6,False,19.0,27.39666666666667,15.154444444444444,58.0,0.6666666666666666,4.0,0.7586206896551724,1.0,2.0,2.0,1.0,0.0,0.8400000000003134,0.0,0.5514285714285475,0.0,-6.174285714287325,-0.09142857142860779,10074.057142859609,2675.8857142865454,0.38571428571443167,-6.44571428571598,3.820000000000641,-0.028571428571304125,90.39999999999326,72.4571428571404,0.18571428571444037,0.48571428571399367,0.5457142857146401,0.7428571428571489,-1.6085714285715036,0.11997727343653274,24.94087962962963,5,38.92044444444445,0.0,0.0,3.696000000001379
12086010201,0.1390555667918781,High,80.078125,0.1814637545636239,0.766299403020029,0.0463358218677329,0.1091724898404202,0.7724067384612071,0.9550956400510964,0.9983528592692944,0.316591687259515,0.9964692874781272,5.4,3.9,10.7,100.0,4.1,0.0,0.0,967.608938547486,310895.85474860336,False,120.0,120.0,0.0,0.0,0.0,0.0,0.0,0.0,0.0,0.0,0.0,0.0,-0.9000000000004285,0.15428571428579496,-1.3771428571433435,-7.914285714288106,7.914285714288101,0.41428571428589817,9051.228571432324,3215.628571429539,0.4200000000001933,-3.6800000000012885,1.6514285714291368,0.9142857142858812,439.8999999999443,78.80000000004425,1.9600000000004525,-1.1400000000003512,2.685714285715008,1.5571428571430612,-0.36285714285708587,0.1156973045496502,66.42205086580087,6,129.60000000000002,3.9,3.9,0.0
12086010212,0.0194444250157149,Low,1.5625,0.0322198695961348,0.6034917353621929,0.0253098699709614,0.027859740616208,0.6657404717923261,0.6652453878075099,0.6660691561650606,0.0391298692213082,0.9925439204298598,3.1,2.0,7.9,0.0,1.6,11.0,1.0,2657.1284403669724,491630.2293577982,False,120.0,120.0,0.0,0.0,0.0,0.0,0.0,0.0,0.0,0.0,0.0,0.0,-1.3942857142854754,0.1657142857143793,-2.005714285713815,-1.1428571428569976,-0.8057142857119997,-0.8028571428570398,10853.714285714017,2773.25714285708,-0.3685714285713903,-0.8314285714293024,1.7228571428574946,-1.6142857142858829,33.000000000009614,-550.4571428570388,0.36000000000033355,0.517142857142496,-0.9314285714284967,3.15428571428616,-1.9885714285723188,0.10272394574366678,26.99051207024044,0,74.4,2.0,2.0,0.0
12086010205,0.072244776876964,Low,25.5859375,0.1330976902343807,0.5427951210103148,0.055954954168591,0.0755261413642049,0.5081455676895827,0.5229014889247665,0.6257365444661589,0.2102404263001704,0.9816658626068612,8.7,2.7,24.0,39.6,3.8,18.0,3.0,6483.716049382716,530786.1728395062,False,24.592592592592585,27.978762860082302,17.327978395061727,673.0,3.8333333333333335,39.333333333333336,1.0512630014858841,3.0,18.0,4.0,1.0,0.0,-1.1000000000000836,-0.3400000000001079,-0.9571428571427444,-0.7228571428575388,-8.808571428574751,-0.2885714285714231,5310.3714285734795,1501.400000000316,0.5485714285715935,-3.1371428571439695,1.500000000000555,-1.522857142857561,-139.97142857150993,-68.22857142855945,0.2485714285711919,-0.21428571428559748,1.1371428571429465,3.691428571429054,-3.002857142857753,0.13138040040837795,49.1784387074457,6,58.04658796296297,0.0040059347181008904,-0.1384101040118872,0.0
12086010207,0.1778760273156078,Critical,94.3359375,0.3097812718136241,0.574198776685973,0.2497549931042462,0.5176727860052911,0.3947730691975851,0.4319120468634637,0.5823826993058832,0.3698075505230019,0.9442532820576416,31.7,21.2,34.0,52.3,9.9,19.0,5.0,12253.934426229507,557972.262295082,False,22.736363636363638,27.288282638414216,15.86188596491228,950.0,5.166666666666667,54.333333333333336,0.6994736842105264,5.0,19.0,9.0,1.0,0.0,-1.1428571428579142,-0.03428571428600882,-2.117142857143357,-1.0400000000000307,0.2857142857142703,0.7342857142857662,2467.2857142867706,1511.0000000005282,-0.8142857142859515,-0.7628571428569989,1.397142857143405,-1.5628571428577438,85.37142857145876,132.60000000003814,2.257142857143563,-1.351428571429203,0.954285714286066,-0.5999999999999266,-0.14571428571448405,0.13871581446124823,25.12672385163234,7,257.9782149122807,0.022292323869610935,6.371157894736841,0.0
12086010208,0.131364001651262,High,74.609375,0.2190063904467262,0.5998181212123882,0.1303156678415358,0.4916566091200085,0.4449596021818237,0.4694513120798091,0.6277218394096636,0.3076971130519165,0.9653012432706358,15.0,12.0,44.6,47.5,4.3,19.0,2.0,9432.34,556839.86,False,26.66428571428571,26.402533764967977,16.746681286549705,885.0,7.833333333333333,52.0,1.028813559322034,2.0,19.0,5.0,1.0,0.0,-0.377142857143103,-0.9771428571427713,-1.8771428571436721,0.34000000000023406,-2.771428571429408,-0.07428571428566366,5957.485714287243,1671.6857142861008,-0.11142857142853038,2.517142857143723,0.2914285714286724,-0.7428571428573343,78.28571428574226,2.742857142895344,-0.08000000000023295,0.24571428571463705,0.11142857142849895,-0.722857142857833,-0.6371428571431552,0.12782958659406105,25.647904055054394,4,108.79978070175441,0.013544018058690745,-0.345762711864408,0.0
12086010209,0.1271233980366244,High,71.484375,0.1815313953258726,0.7002832639964083,0.0852184720211414,0.1091724898404202,0.7289002171395557,0.6926166895587845,0.9968015289159494,0.2778443186306037,0.9739253945273314,11.7,5.8,25.6,55.3,6.7,0.0,0.0,1739.95,446363.45,False,120.0,120.0,0.0,0.0,0.0,0.0,0.0,0.0,0.0,0.0,0.0,0.0,-0.8657142857145729,1.1228571428573948,-1.7914285714289355,2.791428571428624,0.7828571428582458,1.0542857142858875,2749.3142857153885,1671.7142857147708,-0.3771428571429851,-0.757142857142927,1.7600000000002558,-0.017142857142743217,103.48571428575376,101.71428571431441,0.8828571428574151,-1.2714285714288507,0.6171428571431049,1.7228571428576438,-0.697142857143197,0.10519051824383936,53.607621530561346,5,280.79999999999995,5.8,5.8,0.0
12086010213,0.1688468709426684,Critical,92.7734375,0.2866248466222329,0.5890866508345872,0.1847190697043013,0.4596368185220502,0.4365197879369659,0.4877678510031684,0.6068882814430442,0.3885306235401645,0.9546205152677072,24.8,13.9,48.5,54.1,9.0,11.0,5.0,8688.719512195123,491022.73170731706,False,120.0,120.0,0.0,0.0,0.0,0.0,0.0,0.0,0.0,0.0,0.0,0.0,2.1457142857148606,0.41999999999971743,3.4485714285724147,0.06857142857148807,-2.41714285714398,0.5571428571429409,2467.914285715293,587.4571428572713,-0.11714285714278562,-1.35142857142928,-0.5714285714284988,-2.234285714286509,137.7428571429061,-83.71428571414656,-0.7457142857146669,0.07714285714339832,1.0028571428574933,0.3142857142853725,-3.1714285714303405,0.10272394574366678,26.99051207024044,0,595.2,13.9,13.9,53.21371428572854
12086010303,0.1284607724387222,High,72.265625,0.1495383404805575,0.8590490707995002,0.1012827115626519,0.6116038094294114,0.707699749903422,0.979259368969024,0.998823198477399,0.1977939693984631,0.9978592272182452,20.3,0.0,10.4,27.9,7.5,0.0,0.0,733.4471544715448,168609.19783197832,False,120.0,120.0,0.0,0.0,0.0,0.0,0.0,0.0,0.0,0.0,0.0,0.0,-0.12857142857148351,-0.37142857142852426,-2.134285714286307,-1.071428571428435,-2.025714285713682,0.6342857142861207,3003.028571426674,-185.2000000025733,0.2114285714286709,-3.0285714285728567,0.5857142857146191,-1.2028571428574883,0.0,-659.2857142855986,-0.2828571428575597,-0.26285714285722755,0.4628571428574002,1.308571428571165,-0.8457142857141469,0.10272394574366678,26.99051207024044,0,487.20000000000005,0.0,0.0,0.0
12086010400,0.104271211062676,Moderate,56.25,0.1748765500283021,0.5962561077846098,0.0603965492740759,0.0735950044603033,0.5805673146481232,0.708291577070839,0.6367689309701912,0.2893565507825282,0.9820577117735928,9.9,2.4,38.1,54.0,4.0,12.0,2.0,2728.607843137255,324919.02614379086,False,19.8,12.844101731601732,18.440925925925928,1072.0,4.5,57.666666666666664,0.47761194029850745,2.0,12.0,4.0,1.0,0.0,-2.082857142857717,-0.8200000000001486,0.6857142857137081,2.719999999999339,2.4914285714299353,-0.3514285714286086,4784.542857144476,1975.5714285718414,1.062857142857598,0.3714285714281626,0.7085714285715862,0.2428571428568706,103.54285714287815,388.771428571555,0.425714285714273,0.6371428571432884,0.5685714285716992,0.29714285714367505,-0.8085714285717662,0.13308948241425125,120.0,7,55.03483333333332,0.0022367194780987883,1.253731343283582,0.0
12086010502,0.0902835436047183,Moderate,43.5546875,0.1412398357796016,0.6392215277395372,0.0731622471885545,0.4966000202983863,0.5637588436459171,0.6066784485450303,0.5470267397848012,0.2093174243706487,0.9820435864235512,13.4,1.5,20.4,33.8,5.6,25.0,8.0,3968.5659574468086,433208.9531914894,False,120.0,120.0,0.0,0.0,0.0,0.0,0.0,0.0,0.0,0.0,0.0,0.0,-0.07428571428492353,-0.26875005427388116,-4.090103836499408,-1.5199700843185104,-2.2605358771080706,-0.5687201385927801,7269.494302995065,1900.7821536032823,-0.07767103823403657,-2.331986668201857,3.7081176024917086,-0.019062432157460323,103.16048883259538,329.02459164603766,-1.2613913939236403,1.6090773899985105,-0.7754241274957099,1.535446347159552,-0.7448288532179381,0.10272394574366678,26.99051207024044,0,321.6,1.5,1.5,0.0
12086010604,0.0914183793005124,Moderate,43.9453125,0.1528693263682447,0.5980164986159224,0.072136757630253,0.1703835860838537,0.5887551331771483,0.5992192582953806,0.6435497534649683,0.2336018951062365,0.9881747620582606,12.0,2.6,11.6,51.7,7.1,13.0,3.0,3840.8192771084337,477151.9277108434,False,120.0,35.27787878787879,12.222499999999998,253.0,0.0,16.666666666666668,0.6818181818181818,3.0,13.0,3.0,0.7509881422924901,0.0,-0.531428571429219,0.548571428571669,-0.15142857142861768,6.654285714288049,-2.5400000000010676,0.837142857142803,5517.54285714513,2306.1142857151126,-0.19428571428568892,-2.425714285714992,2.9085714285721362,-0.2685714285713819,209.85714285721656,-4.1999999999831354,-0.39714285714307346,-0.11999999999992812,0.24571428571425288,0.22285714285720876,0.5828571428569038,0.0946730112815204,37.51565740740741,7,141.33,0.010236220472440945,0.8272727272727274,0.0
12086010624,0.0994388950814898,Moderate,51.953125,0.1965602817359317,0.5058951595067447,0.1067581005671998,0.0659133709981167,0.4152755960102611,0.4560109882165835,0.626139185592021,0.2863624629046636,0.9661366567167408,11.7,10.4,24.8,57.1,7.9,19.0,3.0,10144.183673469388,513600.2755102041,False,120.0,120.0,0.0,0.0,0.0,0.0,0.0,0.0,0.0,0.0,0.0,0.0,0.782857142857618,0.6371428571427715,3.254285714287218,0.0,9.34857142857482,0.8371428571429232,-1251.6571428594323,1179.3142857144035,0.05714285714275157,-0.6142857142861584,3.00571428571555,-0.7628571428574775,236.90697674421114,-511.7999999999189,1.0828571428574467,-0.17714285714245118,1.040000000000247,1.4771428571433465,-0.3199999999999319,0.10272394574366678,26.99051207024044,0,280.79999999999995,10.4,10.4,9.15942857143413
12086010608,0.0941931427159645,Moderate,46.09375,0.1569786378526504,0.6000379669772636,0.0568664945311136,0.1341474668553324,0.5899326297097086,0.6041198202619975,0.6830074044746951,0.2570907811741872,0.9889825135845848,9.7,1.8,20.8,59.6,4.3,3.0,1.0,3988.3289473684217,498505.2368421053,False,120.0,40.0,12.580925925925927,60.0,0.0,3.0,1.0,1.0,3.0,1.0,1.0,0.0,0.36571428571422876,-0.26857142857144145,1.4857142857147638,-0.6828571428568287,1.3085714285711254,0.4685714285716015,3918.2857142869652,1540.1428571433407,-0.5542857142858028,-0.2857142857139381,1.6857142857143679,-0.6971428571430643,104.65714285717124,121.57142857145082,0.14571428571438838,-0.6171428571433347,0.6828571428575478,0.43714285714337164,-1.3085714285716057,0.12263481672876406,26.19704670665197,4,110.7650185185185,0.029508196721311476,0.0,3.5474285714280187
12086010609,0.1538512541570157,High,88.0859375,0.2522777965197565,0.6098485728012424,0.1744205163664147,0.4942825829172187,0.5097883526981579,0.5518257970071568,0.5134555899993261,0.3301350766730984,0.9798905413843524,24.6,11.0,39.4,55.8,1.8,20.0,10.0,6512.296875,537676.796875,False,22.263937728937726,17.11621462542515,16.628375,1861.0,9.166666666666666,106.33333333333333,0.8538420204191295,10.0,20.0,19.0,0.9758194519075766,0.0,0.9228571428574838,-1.2600000000004759,-0.7171428571431693,0.01714285714309079,-1.7971428571438717,-0.9714285714285831,3559.342857144333,997.5428571432349,-0.9628571428574719,2.1514285714289993,0.09428571428561355,-1.897142857143665,73.0571428571685,136.85714285714357,-1.2371428571429024,0.12571428571410678,-0.171428571428628,-0.09428571428551558,-1.125714285714632,0.13603458501578616,33.64414131920711,8,181.34197500000005,0.005907626208378088,1.6077377753895756,22.702285714294103
12086010610,0.0881379892906893,Moderate,40.4296875,0.1258026032626419,0.7006054485747082,0.0785575800626275,0.3245001982357021,0.722235174174813,0.783427968691469,0.6784641541433609,0.1730476264626564,0.9943997476281964,5.7,10.1,19.0,28.2,6.5,6.0,1.0,1802.375,446704.2045454546,False,120.0,36.83287037037037,13.394027777777778,78.0,0.6666666666666666,9.666666666666666,0.0,1.0,6.0,1.0,1.0,0.0,-0.8861203038213314,0.09446483992121955,0.7156023766792223,-2.421038928686046,1.9718226478264014,-0.7254038012802099,4596.329607378435,2269.9874612064677,-0.08314374387384182,-2.734823091192083,3.3605254351976397,-2.7431437438747808,8.521454298655241,7.136920591310107,1.4227138423492476,-1.127986284829769,1.839844757783052,0.3836541629605223,-0.8425586001318809,0.09561307592536515,36.505823863636365,5,60.45404166666667,0.12784810126582277,10.1,0.0
12086010618,0.122304757706003,Moderate,68.75,0.1857347449690506,0.6584915370916893,0.0861152370917747,0.0725313936732313,0.7934197503648259,0.8067373881730854,0.6242172793539547,0.2853542528463266,0.995551873893349,8.3,9.0,25.8,66.3,4.7,15.0,4.0,1299.4017094017097,465453.9145299145,False,120.0,120.0,0.0,0.0,0.0,0.0,0.0,0.0,0.0,0.0,0.0,0.0,-0.617142857143235,1.7314285714291973,1.2857142857141661,-2.13142857142914,3.6914285714295936,0.09714285714279154,4548.171428572847,2092.2857142867147,-0.6000000000002713,1.0199999999999545,0.6771428571432148,-2.057142857143478,256.9714285715129,-888.1142857141797,-0.04857142857170745,0.3028571428577404,-0.3914285714290636,-0.7371428571428064,-1.7257142857148404,0.10272394574366678,26.99051207024044,0,199.20000000000002,9.0,9.0,0.0
12086010613,0.1150121104564759,Moderate,63.4765625,0.1578036078009494,0.7288306779497083,0.0881378323718119,0.3245001982357021,0.7871776439062018,0.8823848986503507,0.6541829385403328,0.227469383230087,0.9959077104159538,11.6,6.1,25.6,48.5,0.3,13.0,2.0,1154.7727272727273,400500.6060606061,False,120.0,36.08291666666667,12.28534188034188,197.0,1.0,17.666666666666668,0.26649746192893403,2.0,13.0,3.0,0.6802030456852792,0.0,0.22576902200964707,-1.134148133868444,-1.5395902174668896,-3.565496819893978,6.133874452393666,-0.45151289491028845,327.2848733197228,432.6922832600537,-0.637123625471804,-3.977166526893274,3.1485507175423306,-1.2541821591331164,115.80408803170995,107.32551405164703,0.7171754030480634,-0.5343463680181946,-0.04557670529679348,0.059380148441823405,1.2086557520536756,0.08874344017975662,36.0864534231201,6,135.89003418803418,0.03080808080808081,4.474365482233503,2.6189206553119058
12086010622,0.0753742252447711,Low,28.515625,0.1314404097725094,0.5734478869567212,0.0663528990277716,0.0677536767687368,0.5873815162688584,0.6114147328851297,0.6103477323269761,0.1965279205172472,0.9903417765339052,8.1,5.3,33.7,29.0,1.5,20.0,3.0,3854.3357142857144,475439.9857142857,False,120.0,120.0,0.0,0.0,0.0,0.0,0.0,0.0,0.0,0.0,0.0,0.0,0.14906434675318478,-0.10322092188424832,1.1726010927922923,-0.44352715506608775,0.09920084863877562,-0.21897579973972733,3003.005212037366,1432.5975363619295,0.047389316233475996,0.6689256166237861,0.03362529305250538,-1.7475568192861812,51.07901416365886,-749.3185125228921,1.4781766483776484,0.18284755188298873,1.1941278022084494,-2.037770048965294,-1.3425605006511596,0.10272394574366678,26.99051207024044,0,194.39999999999998,5.3,5.3,1.2074212087007967
12086010626,0.1476058806702696,High,84.5703125,0.2185402576383287,0.6754173453686904,0.0851838106965822,0.0692740856378233,0.7958837338664081,0.853220559531555,0.662406468315475,0.3518967045800751,0.9963018794921902,12.6,4.5,39.4,60.3,10.8,2.0,2.0,1245.942857142857,452030.95714285714,False,120.0,120.0,0.0,0.0,0.0,0.0,0.0,0.0,0.0,0.0,0.0,0.0,-0.9542857142864469,0.8571428571431595,-1.245714285716013,-1.4285714285715674,3.7514285714294,-0.03714285714294441,3990.400000002385,1844.9428571434796,-0.08571428571423186,-1.4600000000010724,1.6514285714291106,-0.4342857142853383,78.25714285717626,-575.9142857141837,0.057142857142821225,0.17714285714288547,-0.1628571428574419,1.054285714286202,-0.5542857142859994,0.10272394574366678,26.99051207024044,0,302.4,4.5,4.5,0.0
12086010708,0.1921745083239084,Critical,95.8984375,0.2739917346688341,0.7013879763788646,0.1665041236824772,0.4401939526535007,0.6707660120104433,0.7585606514512704,0.6433647960329761,0.3814793456551911,0.9940544697461328,20.2,13.3,25.4,90.7,4.8,15.0,2.0,1878.8870056497176,356795.6497175141,False,120.0,120.0,0.0,0.0,0.0,0.0,0.0,0.0,0.0,0.0,0.0,0.0,-1.0250016474992507,1.2536494301646501,-1.203932690175798,-0.7810246445891027,6.8635952324397165,0.25459113066396477,354.61656615367417,796.8501482754998,0.09168308507714373,-3.419363715880561,1.1006362841211783,-0.5016354773450374,-12.949163170277544,-1394.3517945746366,0.4255361261605519,-0.04520525841748066,0.5852561611472735,0.6637733919922204,-0.3306395791184678,0.10272394574366678,26.99051207024044,0,484.79999999999995,13.3,13.3,0.0
12086010706,0.1148195460113553,Moderate,63.0859375,0.1689447586026192,0.6796277491000853,0.1052835503569033,0.049781940727525,0.8259854943469344,0.8999091845586641,0.6245137812521059,0.232605966848335,0.9979483446151972,12.9,8.2,18.9,46.8,4.9,20.0,3.0,792.70625,336065.39375,False,120.0,120.0,0.0,0.0,0.0,0.0,0.0,0.0,0.0,0.0,0.0,0.0,-4.215440796724495,0.94246410589191,-7.10647976382581,-1.5028090859367305,-4.048827160048926,-1.1006453358046657,12366.17656953234,3404.3349646884635,-0.5433411447107288,-1.9194387638084147,0.6715040894484706,-2.322889752912359,-83.9375708814673,-1002.2763630157424,1.6745792047725694,-1.4460815779017548,0.4400858159320293,0.7495531628291464,-1.9112569395678631,0.10272394574366678,26.99051207024044,0,309.6,8.2,8.2,0.0
12086010805,0.1936045013979861,Critical,96.2890625,0.2813224238515475,0.6881943456457288,0.1704760749240195,0.4736411158084354,0.622946671400763,0.705901901770711,0.6473420687602488,0.3921687727790754,0.9911399704884856,26.1,8.3,42.5,65.3,6.7,13.0,2.0,2212.7194244604316,328088.28776978416,False,120.0,120.0,0.0,0.0,0.0,0.0,0.0,0.0,0.0,0.0,0.0,0.0,-0.5942857142859287,0.25142857142880065,0.5942857142855733,-0.005714285714219038,0.5628571428571362,-0.22571428571429122,871.6571428576138,1063.0571428574572,-0.5714285714286437,2.2714285714291833,1.2285714285717007,-1.362857142857077,123.74285714289636,-251.17142857130605,-0.1914285714285553,-0.5171428571426878,0.27428571428587517,-3.234285714285817,-2.3257142857149047,0.10272394574366678,26.99051207024044,0,626.4000000000001,8.3,8.3,0.0
12086010804,0.195129504392455,Critical,96.484375,0.3021057109555287,0.6458980989643687,0.2097138490462255,0.5089794197733538,0.55295265947023,0.6248606944680967,0.5581256598602781,0.3944975728648319,0.9845720612498848,29.1,13.5,33.5,58.4,13.5,40.0,4.0,3240.7449664429532,334523.1476510067,False,120.0,120.0,0.0,0.0,0.0,0.0,0.0,0.0,0.0,0.0,0.0,0.0,1.5771428571436312,1.5885714285720676,-1.8857142857144178,-3.7828571428583584,2.460000000001666,0.2628571428569124,2364.2857142853454,2642.314285715086,0.3428571428573843,-1.8685714285716393,3.1885714285725943,-1.1771428571433997,103.54285714288325,-225.7142857141338,0.36857142857140784,-0.9857142857143988,0.15714285714282292,-1.4057142857144629,-0.32000000000018625,0.10272394574366678,26.99051207024044,0,698.4000000000001,13.5,13.5,45.89485714287967
12086010900,0.175336904703961,Critical,93.9453125,0.2712812506574382,0.6463288718960108,0.146182805863357,0.4913051618374247,0.4950332703773751,0.6285382224224123,0.6454533801693735,0.3963796954515193,0.9713143246734686,27.0,3.1,52.5,52.3,8.0,15.0,2.0,3519.723076923077,269239.9846153846,False,120.0,44.708888888888886,15.222592592592592,411.0,1.0,21.0,0.8576642335766423,2.0,15.0,3.0,1.0,0.0,-1.6199999999998054,-1.9314285714287962,-0.691428571428749,-0.35999999999985705,0.6000000000002409,-1.785714285714775,1323.6857142861797,1206.6285714288579,-0.28285714285710095,3.0371428571438255,0.0885714285714678,0.05142857142883611,106.91428571431598,79.85714285716053,0.7028571428571827,-0.017142857142725083,0.7171428571431167,-2.44000000000062,-1.4514285714290946,0.082721948694758,22.443276014109347,6,236.99,0.007524271844660194,0.44124087591240874,0.0
12086011011,0.1153890517062154,Moderate,64.0625,0.1979168464354908,0.5830178369572263,0.1251418634361848,0.4505372770577159,0.3197649500549878,0.5543315392046687,0.6127846103735651,0.2706918294347968,0.977670808095194,23.0,2.6,32.5,33.0,5.9,16.0,4.0,6934.125,214179.79545454544,False,120.0,120.0,0.0,0.0,0.0,0.0,0.0,0.0,0.0,0.0,0.0,0.0,0.14857142857159142,-1.7657142857142538,-3.0542857142866606,2.0485714285728616,-3.5114285714293927,-0.3371428571430267,2063.085714285259,1605.6857142861375,-0.860000000000306,6.031428571430697,1.3668554053951022e-13,-1.2485714285720768,58.97142857145425,-808.0571428570441,2.094285714286455,-0.2885714285710578,0.285714285714302,3.465714285714392,-0.7257142857144828,0.10272394574366678,26.99051207024044,0,552.0,2.6,2.6,3.4171428571466027
12086011003,0.082721948694758,Low,35.15625,0.1502629028700383,0.5505147785298934,0.0883822685093351,0.049862196599518,0.4261522531898994,0.6444770680294427,0.6500571691713278,0.2121435372307414,0.9820252056592792,9.8,8.2,32.1,36.4,0.8,12.0,2.0,4353.5641025641025,233181.42307692303,False,120.0,22.443276014109347,17.53902777777778,558.0,1.0,34.0,0.7706093189964157,2.0,12.0,3.0,0.978494623655914,0.0,-2.2828571428575777,-0.7085714285718406,-0.38857142857176524,1.0771428571432444,-4.4771428571427005,-1.0400000000003295,7145.085714287838,2034.8571428575783,-0.30285714285719967,-0.7542857142860833,0.2742857142857987,-0.7600000000002665,118.14285714289812,-22.599999999996953,-0.6457142857146196,-1.1800000000001833,-0.908571428571738,-0.8857142857142146,2.385714285714577,0.175336904703961,44.708888888888886,3,63.31752777777777,0.014669051878354203,1.881003584229391,0.0
12086011013,0.1465261279081199,High,83.7890625,0.2074492463259809,0.7063227777548644,0.1146381482718348,0.4469223907225692,0.6621265400710689,0.7631092972667468,0.6754372206123503,0.300260344380127,0.9840184401015868,19.5,3.8,18.2,69.6,3.5,6.0,1.0,1690.2337662337663,306938.9220779221,False,120.0,120.0,0.0,0.0,0.0,0.0,0.0,0.0,0.0,0.0,0.0,0.0,1.9571428571445684,0.2600000000001717,-1.385714285713611,-3.2000000000021918,1.3285714285724468,-1.077142857142961,2110.1142857142777,771.0285714286146,-0.48285714285706516,-2.9171428571433013,4.102857142857864,1.0942857142865787,177.22857142864638,-434.0571428571076,-0.7028571428572322,0.8114285714285459,-0.9257142857145657,0.5485714285710934,-2.6971428571433216,0.10272394574366678,26.99051207024044,0,468.0,3.8,3.8,38.164285714319085
12086011015,0.0671240257186451,Low,21.09375,0.1073357868661765,0.6253648263866893,0.0168760821556742,0.0522260968291298,0.5584385449007886,0.8634753520895356,0.659973423074331,0.1977954915766787,0.9927107150396614,3.4,0.0,10.8,58.7,2.2,5.0,3.0,2144.818181818182,227771.35064935064,False,120.0,120.0,0.0,0.0,0.0,0.0,0.0,0.0,0.0,0.0,0.0,0.0,-0.9947603441243259,-0.40872668132245227,-1.6861756081745323,0.34261317424923876,-0.022218388680321634,-0.5315172872862503,5157.305921811781,1361.6138298294038,0.45417925525639175,-0.5311712954414456,1.5285714285720657,-0.49134429136371716,149.43868503638237,186.03542710539443,-0.6856211340638124,0.9054924960699885,-0.6313309839854118,3.738367135979843,-1.6799467704853475,0.10272394574366678,26.99051207024044,0,81.6,0.0,0.0,0.0
12086011008,0.1170495867106596,Moderate,65.0390625,0.1687092847008936,0.6937945763813653,0.0659801516095663,0.0228962236098721,0.7846748375878263,0.9810236391238344,0.6881954506143719,0.271438417792221,0.9921827309709218,12.6,0.7,25.0,55.0,5.4,1.0,1.0,906.9,310486.0,False,120.0,60.0,11.0,12.0,0.0,1.0,0.3333333333333333,1.0,1.0,1.0,0.0,0.0,-0.7200000000002449,-0.00571428571432582,0.12285714285686944,-1.8257142857150848,-0.3657142857151139,-1.0342857142860735,5431.6000000023905,1152.3428571435525,0.20571428571434405,0.8742857142859453,-0.7200000000002523,-0.6600000000001036,120.31428571432625,208.34285714291207,0.5857142857145474,-0.8885714285719722,0.28857142857170304,3.8685714285727553,-0.36000000000024296,0.34419961710677827,37.018055555555556,6,163.79999999999998,0.05384615384615385,0.4666666666666667,0.0
12086011009,0.100552822449169,Moderate,52.9296875,0.1574944271684777,0.6384532091513553,0.0841989950453494,0.040170826104364,0.5793117625570032,0.9240222655967611,0.6639776237167824,0.230789859291606,0.984783567781865,10.8,6.3,18.3,41.6,8.6,5.0,2.0,2132.5,252290.97619047615,False,29.0,50.266666666666666,12.393333333333333,139.0,0.3333333333333333,9.333333333333334,0.6258992805755396,2.0,5.0,3.0,0.6546762589928058,0.0,-1.020000000000194,0.06571428571423944,-1.0800000000003098,-4.602857142858975,1.065714285715296,-1.1342857142860014,3944.428571429775,1487.3428571432846,-0.25714285714278795,2.462857142857638,-0.2085714285714239,-1.7742857142862372,126.628571428615,431.9142857144089,0.502857142857305,-1.9171428571434561,-0.2199999999999141,1.6257142857149445,0.011428571428535532,0.1170495867106596,60.0,4,125.35200000000002,0.045,2.356834532374101,0.0
12086011104,0.1632951083436152,Critical,90.8203125,0.3052867028667619,0.534890995284793,0.2528753707990261,0.4638599853529735,0.2270807913523754,0.4948421125855726,0.5234989161443943,0.3576980349344978,0.9651731709886492,29.8,22.6,47.1,55.9,0.0,34.0,8.0,8871.132075471698,169627.37735849057,False,120.0,120.0,0.0,0.0,0.0,0.0,0.0,0.0,0.0,0.0,0.0,0.0,-0.24000000000071617,1.8028571428574052,1.0628571428567548,-1.6885714285718394,0.7114285714292515,-0.8228571428574802,-73.99999999970038,199.37142857155266,-2.3000000000006606,-0.4057142857134224,1.802857142857732,-1.86857142857234,74.68571428574288,-411.48571428563696,-0.49714285714289774,1.234285714286056,0.4571428571431838,-1.0685714285714092,1.8285714285713988,0.10272394574366678,26.99051207024044,0,715.2,22.6,22.6,0.0
12086011106,0.1664781303180381,Critical,92.1875,0.2668789622477846,0.6237963791371122,0.179444824058888,0.5140920228570376,0.388602532353183,0.6629752513253604,0.567351517397848,0.3543131004366812,0.985960571752132,30.1,6.3,29.5,73.4,0.0,36.0,4.0,3987.683257918552,175870.07239819004,False,120.0,120.0,0.0,0.0,0.0,0.0,0.0,0.0,0.0,0.0,0.0,0.0,4.01714285714329,1.4771428571433785,2.11428571428555,1.6657142857154774,6.517142857144268,-1.0200000000001626,-544.8285714273045,-87.39999999988288,-0.2857142857142494,1.1057142857152222,0.9742857142862789,-2.4228571428579952,17.742857142871063,-532.9142857141919,0.11714285714281594,0.8742857142857948,-0.43142857142855745,-1.0599999999989889,1.74285714285758,0.10272394574366678,26.99051207024044,0,722.4000000000001,6.3,6.3,120.91600000001304
12086011206,0.08710977513687,Low,39.84375,0.1405228807261668,0.6198974479225096,0.0747533486475313,0.0487065120428189,0.5066738937683352,0.8796856267742199,0.667709891726756,0.2062924128048023,0.996711315300418,13.0,2.0,16.9,46.4,1.0,6.0,2.0,1427.503355704698,115975.36912751678,False,120.0,120.0,0.0,0.0,0.0,0.0,0.0,0.0,0.0,0.0,0.0,0.0,-2.0285714285704834,-1.2085714285713618,-1.9828571428568953,-0.022857142856117993,3.5457142857171573,-1.2142857142859143,9344.228571429603,1746.0857142857988,-0.7428571428570485,0.11428571428540303,1.5685714285718992,-0.5542857142857178,80.10000000000008,-494.1714285713166,1.0057142857144339,-1.2114285714287496,1.1542857142859129,3.5314285714282336,0.11428571428591797,0.10272394574366678,26.99051207024044,0,312.0,2.0,2.0,0.0
12086011204,0.0444288818795311,Low,8.3984375,0.0796614529509307,0.5577212093645607,0.0374670925125606,0.1003270889087124,0.3269345152550436,0.705140279003257,0.6702280449041939,0.1218558133893007,0.9859761187515964,4.5,3.1,11.0,30.3,0.5,9.0,1.0,4001.780821917808,128277.59589041096,False,120.0,120.0,0.0,0.0,0.0,0.0,0.0,0.0,0.0,0.0,0.0,0.0,-3.2599999999994265,-0.7342857142852842,-3.0714285714281155,-6.171428571431953,-6.4885714285750655,-0.6685714285715302,15302.742857146959,4205.028571429311,-0.494285714285789,1.8199999999982892,2.351428571429192,-3.1142857142870373,155.5142857143015,-732.9714285713018,2.6485714285719824,-1.4714285714283248,1.5200000000000213,6.699999999999204,-5.440000000001342,0.10272394574366678,26.99051207024044,0,108.0,3.1,3.1,0.0
12086011302,0.2448636843389762,Critical,99.4140625,0.4472576536548803,0.5474779075059084,0.3870897434042282,0.4862873451195392,0.234662144652688,0.5175473547415264,0.5323764797717725,0.5074255639055325,0.9665162132440158,48.0,32.1,43.3,73.5,11.9,34.0,7.0,8119.851162790697,161473.39534883722,False,120.0,120.0,0.0,0.0,0.0,0.0,0.0,0.0,0.0,0.0,0.0,0.0,-0.24571428571430143,0.3199999999997059,-2.4542857142866987,0.22285714285737307,0.8285714285714941,-0.46285714285720625,367.3142857143551,970.6000000004096,0.06857142857183937,1.491428571428176,1.4600000000007187,-0.5171428571431189,61.54285714287124,-618.542857142859,0.5657142857146258,-1.0742857142863373,0.3171428571429462,0.39714285714245534,0.04000000000014252,0.10272394574366678,26.99051207024044,0,1152.0,32.1,32.1,0.0
12086011412,0.1328351831076961,High,75.390625,0.171618018503621,0.774016529650664,0.0738770850421764,0.6773713945881654,0.6278447108557054,0.949326472458988,0.6172010832940225,0.2693589519650655,0.998338987056439,14.1,0.7,29.7,58.4,0.0,19.0,4.0,616.9496402877697,93825.40431654676,False,120.0,120.0,0.0,0.0,0.0,0.0,0.0,0.0,0.0,0.0,0.0,0.0,-1.3571514620772798,-0.8914286831810693,-0.8428643229484517,-0.5485716520760354,-0.8028552430677351,-1.1942869715001894,412.1826744952261,1114.0905780297664,-1.0657142577767194,1.8857161016908153,-0.3971423542569305,1.1428579251237274,83.28589253081002,-1626.3972117776057,0.6971417396189056,-1.6657119947907655,-0.5857138387045894,-0.35428166326068666,-1.2800064816391483,0.10272394574366678,26.99051207024044,0,338.4,0.7,0.7,0.0
12086011406,0.1256473942499682,High,70.5078125,0.2062352736549126,0.6092429875027597,0.1073841769544999,0.5171544680911319,0.3398508542266882,0.6788496911572166,0.529682508929173,0.3050863703553254,0.9806774151095888,18.6,3.3,29.3,63.8,1.9,34.0,7.0,4540.319444444444,155599.47916666666,False,120.0,120.0,0.0,0.0,0.0,0.0,0.0,0.0,0.0,0.0,0.0,0.0,-0.962857142856274,-0.45428571428510545,-3.8085714285712537,-1.8714285714290875,6.765714285717158,-1.92000000000079,1093.0285714282222,1287.34285714312,0.25428571428577934,3.2514285714288316,0.3371428571433116,0.059999999999716246,60.6000000000079,-414.2285714285157,1.654285714286126,-0.765714285714451,-0.1457142857144457,2.4228571428572234,1.517142857143499,0.10272394574366678,26.99051207024044,0,446.40000000000003,3.3,3.3,0.0
12086011408,0.1220248073272046,Moderate,68.5546875,0.1682674911544476,0.7251834949818188,0.1170328637843586,0.4604120885098237,0.5377748748513904,0.9573192052717128,0.6743869336433272,0.2195021185245365,0.99602437263284,23.5,0.0,29.5,18.3,4.4,7.0,1.0,675.7725321888412,64487.56223175966,False,120.0,120.0,0.0,0.0,0.0,0.0,0.0,0.0,0.0,0.0,0.0,0.0,-3.0742545225710853,-1.4369569232992556,-3.9737680362278045,5.191800439116543,-3.286018018206677,-1.2464796728247332,2397.46044099972,97.7648371249074,-0.322903626318001,2.311264289317868,-0.7436938451561049,-2.238444394051921,32.10343551858018,-592.6104779832056,-0.4295692329869037,0.8790454990518697,0.5249705503379272,-4.058168673279084,-3.520644408468369,0.10272394574366678,26.99051207024044,0,564.0,0.0,0.0,0.0
12086011500,0.09428318820682,Moderate,46.2890625,0.1297329490023212,0.7267482080063796,0.0464998226066081,0.0487065120428189,0.8974785483278717,1.0,0.6875597945728598,0.2129660753980344,0.9999961850883476,8.5,0.8,9.3,63.8,0.5,1.0,1.0,147.56798623063682,90563.9191049914,False,120.0,41.155555555555566,13.994166666666667,22.0,0.0,1.3333333333333333,0.4318181818181818,1.0,1.0,1.0,1.0,0.0,0.3942544379393391,-0.0742886024167797,-3.251448154366818,3.8771339109821343,-0.6685713581307035,-0.6257200619766006,6721.519673073449,2699.5282776535746,-0.5971437024496917,-2.199993730643709,3.4571446181998,-0.6314225133976844,529.2991765304262,-272.05860664659224,0.8142860664968493,0.9942819104061927,0.3000061284735245,0.3000386727796398,-2.8971518033057526,0.11936578843870614,16.081168831168828,12,85.04958333333333,0.034782608695652174,0.45454545454545453,3.3511627224843825
12086011602,0.0536966785159929,Low,12.5,0.0913473325259449,0.5878297376745153,0.0190354998239017,0.0582658781290954,0.7275439104702378,0.5690906361042991,0.6080687855201384,0.1636591652279882,0.976179478148806,1.8,2.1,16.6,39.6,2.7,11.0,5.0,5049.692307692308,1286379.25,False,120.0,120.0,0.0,0.0,0.0,0.0,0.0,0.0,0.0,0.0,0.0,0.0,-3.4400000000008784,0.8571428571434009,-1.02000000000031,1.8514285714292966,-2.080000000000564,-0.0571428571425586,10426.457142860578,3558.8857142866964,0.3485714285716069,-1.1971428571439269,0.7485714285720235,-0.5371428571430955,110.97142857146369,-359.3714285713504,0.5485714285718157,-0.9200000000008147,-0.05714285714243739,0.16000000000143744,-0.5800000000001888,0.10272394574366678,26.99051207024044,0,43.2,2.1,2.1,0.0
12086011702,0.1495076789551086,High,85.3515625,0.2155140040963085,0.6937260508059463,0.1495017576707435,0.3804321863285611,0.78001717346947,0.6636159907467649,0.6577546218298628,0.2815262505218736,0.9868102816550728,12.6,17.7,29.9,57.2,3.7,4.0,3.0,4336.914285714286,1449430.0285714285,False,120.0,120.0,0.0,0.0,0.0,0.0,0.0,0.0,0.0,0.0,0.0,0.0,-0.9485714285713299,0.18285714285684124,-0.07428571428568558,-1.8057142857146666,-2.8342857142863136,-0.011428571428421623,5139.228571430532,1943.342857143427,-0.031428571428624416,-0.8514285714289384,0.7542857142860512,-0.8514285714287304,116.28571428575113,-303.5142857142338,0.7628571428571211,-1.740000000000491,0.6714285714285486,-1.5399999999991734,-0.199999999999928,0.10272394574366678,26.99051207024044,0,302.4,17.7,17.7,0.0
12086011800,0.0862980791627886,Low,38.8671875,0.1172154751831783,0.7362345204669133,0.0312586028944814,0.1091724898404202,0.8740243289947397,0.7104877084210393,0.9951514752535596,0.2031723474718752,0.9923365998248072,6.3,0.0,31.2,35.1,2.2,0.0,0.0,2561.4411764705883,1392334.6470588236,False,120.0,120.0,0.0,0.0,0.0,0.0,0.0,0.0,0.0,0.0,0.0,0.0,0.40285714285727786,-0.22000000000004938,0.6085714285707112,-3.1228571428584355,-3.328571428573022,0.08000000000019357,3196.0571428584185,1323.5714285720187,-0.07142857142857076,-0.9685714285714191,0.7028571428573399,0.4200000000002417,-10.91428571430056,29.85714285714806,-0.25428571428592583,-0.8685714285715327,-0.00571428571433847,0.30857142857168224,1.117142857142765,0.12386190316495456,28.41812962962963,4,151.2,0.0,0.0,2.5380000000008502
12086011900,0.126194650219899,High,70.703125,0.1745836364217927,0.7228320637967107,0.08593234285927,0.3801255780079035,0.8521930290945796,0.7243031673740847,0.6698104656648022,0.2632349299843156,0.9877280788421838,14.8,2.6,14.0,58.4,6.7,4.0,2.0,2329.7551020408164,1131130.081632653,False,25.0,23.666666666666664,10.311458333333333,120.0,1.0,4.666666666666667,0.5666666666666667,2.0,4.0,2.0,1.0,0.0,0.5942857142859578,0.32285714285722966,-1.9542857142863048,-4.377142857144249,4.985714285715601,-0.09714285714284242,4630.371428572356,3405.1714285722187,-0.18000000000005859,-1.3257142857148658,2.0571428571435946,-0.602857142857376,141.57142857147173,75.22857142860195,0.8457142857145196,-0.5857142857144421,0.20285714285719886,-0.11428571428611523,-0.09142857142869283,0.08438547598740839,92.80297619047619,7,202.5904166666667,0.021487603305785124,1.1266666666666667,8.795428571432176
12086012002,0.1382553020770168,High,79.6875,0.2128836490357172,0.6494406813452382,0.1138162170879426,0.4497586861547611,0.6632949862462063,0.5010120725800621,0.6561744249387874,0.3119510809834919,0.9769632368063744,15.6,7.7,37.8,61.9,1.4,9.0,2.0,7465.535714285715,1363929.0357142857,False,120.0,120.0,0.0,0.0,0.0,0.0,0.0,0.0,0.0,0.0,0.0,0.0,-2.0342857142866935,1.1657142857148775,0.24285714285699433,0.04000000000012283,0.70000000000014,-1.2428571428574395,2164.6285714296387,1506.2857142862047,0.7828571428574221,0.16857142857099217,1.217142857143288,1.2657142857147843,89.57142857146084,-525.5714285713856,0.4457142857140996,-0.9314285714285233,-0.18285714285732163,1.074285714285874,-2.6800000000006095,0.10272394574366678,26.99051207024044,0,374.4,7.7,7.7,0.0
12086012101,0.08240105423923,Low,34.765625,0.1395014492242915,0.5906824244294765,0.0673214133939133,0.0383053510325269,0.7247301391202549,0.547551655554258,0.6600306203248197,0.2116814850546697,0.982794356115523,13.0,0.7,14.3,48.5,2.4,7.0,2.0,5365.211538461538,1347001.7307692308,False,120.0,120.0,0.0,0.0,0.0,0.0,0.0,0.0,0.0,0.0,0.0,0.0,-0.5057142857145114,-0.9714285714288418,-2.625714285715357,1.9800000000010118,-2.451428571429679,-0.5828571428572228,4192.742857143334,2650.685714286324,-0.31428571428567437,-2.034285714286735,0.5028571428571541,-0.9142857142861602,160.4000000000334,-1975.714285714093,1.0828571428573126,-0.8714285714285479,-0.28857142857160095,4.582857142856805,-0.8200000000004121,0.10272394574366678,26.99051207024044,0,312.0,0.7,0.7,0.0
12086012200,0.0824728728120282,Low,34.9609375,0.1313855923247773,0.6277162613702739,0.0702535204991648,0.1320935977492623,0.7507789931829698,0.5971810565716443,0.6759609390794528,0.1925176641503898,0.9825667202680404,11.8,2.5,17.0,38.5,2.8,7.0,1.0,4586.472222222223,1317632.4166666667,False,120.0,65.60595238095239,14.26734126984127,105.0,0.6666666666666666,7.0,0.0,1.0,7.0,2.0,1.0,0.0,0.8342857142860877,-0.03428571428571145,1.3257142857145878,8.557142857146022,-2.077142857142828,-0.03428571428570989,1289.3428571430122,838.114285714493,-0.18285714285700272,-2.0857142857150013,1.5228571428576423,-0.665714285714468,128.17142857145842,-56.5428571428814,-0.5542857142860328,0.8285714285715722,-0.2257142857146085,-0.15142857142875576,-0.18000000000021948,0.126194650219899,23.666666666666664,6,114.84537301587302,0.023584905660377357,2.5,9.844571428575835
12086012302,0.1510660745473428,High,86.71875,0.2005975745196991,0.7530802648489041,0.082920852863462,0.1091724898404202,0.9223327697529968,0.7437492649526171,0.9970826935492412,0.3182742961759362,0.993064106149246,11.3,5.4,28.3,78.1,2.3,0.0,0.0,1599.9701492537313,1116669.5820895522,False,120.0,120.0,0.0,0.0,0.0,0.0,0.0,0.0,0.0,0.0,0.0,0.0,0.4971428571430192,0.5714285714287373,3.482857142857821,2.362857142857905,-0.6828571428591322,0.5542857142859308,3799.1142857147606,1753.1428571433394,-0.3428571428573327,-1.1285714285722719,2.4685714285723894,-1.0657142857145148,122.77142857147346,-338.77142857137886,0.014285714285880758,0.18285714285706017,-0.0028571428569037867,-1.2685714285718428,-0.6542857142854113,0.10272394574366678,26.99051207024044,0,271.20000000000005,5.4,5.4,5.617714285716118
12086012403,0.1297540353101632,High,72.65625,0.187982180474764,0.6902464636938406,0.1138822366702777,0.1150758251561106,0.8966404242109266,0.7729277156733241,0.6719836663521801,0.2620821242792503,0.9946046870766612,12.9,10.0,8.9,66.2,6.5,9.0,1.0,1813.5314685314688,1108165.972027972,False,120.0,120.0,0.0,0.0,0.0,0.0,0.0,0.0,0.0,0.0,0.0,0.0,0.9342129578679762,1.2914007989483542,-1.8927338554970963,-9.659291088568567,10.462136904513676,0.15767255347145295,9408.357608366547,4356.126886862032,-0.17669491699878934,-5.175514706722814,2.5282055073051213,0.014161571291236052,-241.1583055408579,-1191.6761538036994,1.3401534241921351,0.23594460208518625,0.8540859025155534,1.4277205847601924,-0.7634155949997933,0.10272394574366678,26.99051207024044,0,309.6,10.0,10.0,12.051347156496893
12086012501,0.1665749539165582,Critical,92.3828125,0.2457002855784254,0.6779599524046499,0.1003432564642767,0.3101397561700862,0.750655449056506,0.6800163859370105,0.6652307545432082,0.3910573146925741,0.9837574163164384,17.1,3.3,29.1,100.0,2.0,12.0,1.0,4087.648148148148,1173576.4722222222,False,120.0,120.0,0.0,0.0,0.0,0.0,0.0,0.0,0.0,0.0,0.0,0.0,0.7057142857147543,0.825714285714647,-0.3399999999990841,-1.1428571428569976,4.399999999998081,0.2857142857147343,-2722.600000006458,1481.4285714278335,-0.1628571428571995,-0.33714285714299047,-0.565714285714245,-1.1857142857146858,0.0,-760.3714285713802,0.9657142857144297,0.6171428571432408,0.8657142857144562,1.5657142857142556,-3.311428571428632,0.10272394574366678,26.99051207024044,0,410.40000000000003,3.3,3.3,12.067714285722298
12086012601,0.0966740199527722,Moderate,49.4140625,0.1662556711288232,0.5814780289681932,0.0663961345801812,0.0551590841510556,0.6671457225134482,0.5253614965224714,0.6833100978277962,0.2661152076774652,0.9764137438261952,12.7,0.9,27.1,57.9,1.8,3.0,1.0,6756.139534883721,1259164.2093023255,False,120.0,120.0,0.0,0.0,0.0,0.0,0.0,0.0,0.0,0.0,0.0,0.0,-0.09428571428596534,-0.07999999999999306,-0.748571428571077,-0.7285714285709707,4.24000000000133,-0.1371428571427647,-485.02857142901087,186.40000000002132,-0.02857142857142493,2.5257142857145536,-1.600000000000211,0.6428571428573197,119.08571428574868,-580.3142857142179,-0.1942857142856024,-0.12000000000037692,-0.12857142857125636,-2.3885714285714132,-2.9457142857153813,0.10272394574366678,26.99051207024044,0,304.79999999999995,0.9,0.9,0.0
12086012701,0.0720603197668681,Low,25.390625,0.119078321966947,0.6051506149613883,0.0541714363692663,0.0923854616985749,0.6960224689766323,0.6186815746564175,0.6513164914527034,0.1839852075646276,0.967347078022613,5.2,6.0,6.4,58.3,1.0,14.0,2.0,5461.722222222223,1181958.1666666667,False,120.0,120.0,0.0,0.0,0.0,0.0,0.0,0.0,0.0,0.0,0.0,0.0,0.04857045943057079,0.3914305097099015,0.18849874302004002,-1.1743080045222976,3.6972688454328555,-0.19430606624016372,7875.231091954718,1610.334558977301,-0.09144504682026094,-3.5513752686912294,1.7542934674114785,0.642863926842016,161.28925164928205,904.0676483427052,-0.5800096914070334,-0.4370924618272839,-0.45427989944168373,-3.154250825222103,-0.791415003459213,0.10272394574366678,26.99051207024044,0,124.80000000000001,6.0,6.0,0.2525663890389681
12086012802,0.0419620182750728,Low,6.640625,0.0739078941790145,0.5677609779198334,0.0139717106355417,0.1320935977492623,0.6122314661681434,0.4648958176934754,0.666017757261271,0.1338440777224874,0.963566250727015,2.3,0.6,5.2,42.0,1.5,12.0,1.0,8911.10576923077,1250022.7403846155,False,120.0,120.0,0.0,0.0,0.0,0.0,0.0,0.0,0.0,0.0,0.0,0.0,-0.22857142857147555,-0.21142857142872337,-0.7599999999996236,1.0714285714289753,2.0257142857155497,-0.1714285714285689,787.085714285741,1608.9999999998988,-0.2800000000000587,-1.02000000000012,0.6400000000001109,0.5571428571430768,135.37142857147708,-834.7142857142104,0.228571428571714,0.7057142857142132,-0.351428571428563,-2.0257142857138617,-0.8828571428572809,0.10272394574366678,26.99051207024044,0,55.199999999999996,0.6,0.6,0.0
12086012900,0.1138766582192228,Moderate,62.5,0.1754244425106359,0.6491493237170672,0.0731585134473012,0.6409847097672817,0.5775568952737654,0.4140099761440034,0.6692142187254307,0.2776903715739706,0.9439808186748548,14.7,0.8,37.6,46.6,2.8,5.0,2.0,12212.194444444443,1431736.3055555555,False,120.0,39.885504273504274,14.142944444444444,195.0,0.16666666666666666,12.666666666666666,0.05128205128205128,2.0,5.0,3.0,0.46153846153846156,0.0,0.5915591740005162,-0.8770954703693328,-0.27398405701877576,1.2569810486470274,-0.0112413358830204,-0.22854831307206083,2679.209514568866,958.9782169988079,-0.16574202431359436,1.5742464179372935,-1.4971000934696495,-0.17713938981785957,125.79134324552285,-169.16282826303544,-0.2513800288800186,0.3913465114059036,-0.48285136398229345,0.3996613579341816,-0.3885043936230335,0.13275574407581067,43.768785233285236,9,144.89871666666667,0.004081632653061224,0.7589743589743589,8.695919857807587
12086013000,0.1331558016371371,High,75.9765625,0.2124395240423006,0.6267939181158371,0.1053396807646052,0.6681534344335416,0.5147463022383132,0.3319170889112333,0.6744022648651077,0.3195393673199959,0.944750500130989,18.4,3.9,38.1,56.7,3.6,3.0,2.0,16213.886363636364,1373457.431818182,False,120.0,28.503888888888884,14.073703703703705,108.0,0.0,6.666666666666667,0.05555555555555555,2.0,3.0,2.0,0.4166666666666667,0.0,0.8485714285718937,0.011428571428632432,0.18571428571426327,-2.5514285714296108,1.8857142857145988,0.32000000000014667,3466.657142858233,1252.171428571623,0.0,-0.2800000000005919,-0.017142857142530946,-1.368571428571869,169.6571428572042,-93.54285714287303,1.1514285714288304,-1.122857142857484,0.5628571428573561,-1.0971428571432404,-0.16857142857143279,0.1426547451193295,48.41529141229142,6,182.64385185185182,0.03577981651376147,3.683333333333333,15.613714285722843
12086013100,0.1430557613900418,High,81.8359375,0.2064643157190575,0.6928837116080745,0.0999285981510449,0.7541877292100309,0.6043680259379408,0.4540109400226511,0.6863581609272862,0.31300003328707,0.9654937019424636,17.3,3.4,38.0,55.1,3.8,2.0,1.0,10015.952380952382,1348989.857142857,False,120.0,62.8,14.43,30.0,0.3333333333333333,2.0,0.0,1.0,2.0,1.0,1.0,0.0,1.4457142857146346,-0.7542857142859544,-0.22285714285747707,1.674285714286223,-0.9371428571433936,0.3742857142859507,2531.7714285722154,1264.9428571431188,-0.19999999999997234,0.1742857142853075,-0.5914285714287293,-0.17142857142844298,101.51428571431556,-229.40000000007086,0.9771428571430284,-0.8000000000002295,0.4171428571429685,-0.48285714285731857,-1.4228571428573913,0.12351622992817995,34.19469658119658,5,165.561,0.1096774193548387,3.4,25.01085714286318
12086013202,0.0776488200427017,Low,30.2734375,0.1469637041478903,0.5283537217091597,0.0538199785089307,0.0585913033575644,0.5432666097451434,0.4172408232265096,0.6615988274142462,0.2401074297868499,0.961071044802335,8.0,3.2,29.3,43.5,5.3,4.0,3.0,13349.807692307691,1310662.5,False,120.0,120.0,0.0,0.0,0.0,0.0,0.0,0.0,0.0,0.0,0.0,0.0,-1.442857142857126,0.13428571428560912,0.911428571429291,0.0,-2.2599999999979454,-0.005714285714294792,7996.714285714762,1755.4000000001863,0.11714285714296034,1.662857142857248,-1.320000000000403,-0.3114285714288089,183.77142857151384,-393.1999999999619,0.9657142857145306,-0.551428571428449,0.0828571428572318,1.0257142857142088,0.39142857142880805,0.10272394574366678,26.99051207024044,0,192.0,3.2,3.2,0.0
12086013302,0.1272218527149647,High,71.6796875,0.1956918186026404,0.6501132935623305,0.095613855094542,0.5391019922688076,0.594146688880528,0.4626427269648856,0.6839760232046185,0.2957697821107387,0.9706990364928128,15.6,4.1,34.6,55.2,3.2,3.0,1.0,10289.245614035088,1314412.4736842106,False,120.0,120.0,0.0,0.0,0.0,0.0,0.0,0.0,0.0,0.0,0.0,0.0,1.457020089446113,0.10499461300651536,2.700198968337974,-1.6796570971217886,1.2154456573561527,0.15441694872089703,1783.240919668035,128.78798907574617,0.0,0.8735321746272992,-1.4536761091685155,-0.7084571276117555,82.89697123563651,-366.8889820116581,-0.10813115820891714,1.9133162728151565,0.8231407785719663,-2.8204822229212447,-1.4656677186574159,0.10272394574366678,26.99051207024044,0,374.4,4.1,4.1,22.729513395359362
12086013400,0.1500636062340533,High,85.9375,0.2475103317973085,0.6062922914949004,0.1296910663117446,0.4340601207393731,0.5438294328102408,0.4140099761440034,0.682432287103803,0.3653295972828724,0.9571296406770818,21.1,6.0,42.9,56.2,8.6,3.0,1.0,13541.828571428572,1333392.142857143,False,120.0,68.5,17.328240740740743,66.0,0.0,3.0,1.2954545454545454,1.0,3.0,1.0,1.0,0.0,0.4314285714288214,0.14857142857144345,0.1571428571425427,-0.5400000000000731,-5.180000000001651,0.4485714285715474,-1085.342857143006,1406.3142857146865,0.08000000000002515,0.528571428571376,-0.5657142857142331,1.0142857142860873,99.42857142860342,-195.8000000000601,0.8714285714287696,0.6428571428573512,1.7971428571433654,3.011428571429142,-0.6428571428575331,0.12297425086458062,28.65959744607245,8,140.77412037037033,0.08955223880597014,-1.7727272727272725,9.103142857148132
12086013500,0.1636229546340001,Critical,91.015625,0.2651296548607242,0.617143166123583,0.1646340798149907,0.505141086435983,0.5516610450786931,0.4087598496349309,0.6712542539928567,0.3656252299064577,0.9488995954754514,24.5,10.2,51.7,50.9,4.6,3.0,2.0,14469.625,1483666.25,False,120.0,22.475661375661378,15.077685185185187,121.0,0.16666666666666666,7.333333333333333,0.30165289256198347,2.0,3.0,3.0,0.30578512396694213,0.0,0.9542857142855788,-0.10571428571422338,2.9514285714290844,-0.7000000000004439,0.7599999999999436,0.46000000000016467,3133.7428571443716,1163.8857142862078,-0.12857142857148843,1.9628571428579435,-2.448571428572252,0.9142857142861103,141.7714285714808,-106.91428571429908,0.9371428571428682,-0.7428571428574111,-0.04285714285709754,-0.8828571428578215,-1.4600000000002742,0.1468191942465335,38.44505455840456,8,218.59671296296293,0.08360655737704918,7.123140495867768,23.37999999999668
12086013600,0.1219832922225013,Moderate,68.359375,0.2091774851455561,0.5831568925193802,0.0992685502872758,0.4413357482046153,0.5055470699616609,0.3558547286588926,0.6585416245479255,0.3190864200038364,0.9545052912238066,11.7,9.1,46.0,51.8,5.6,4.0,3.0,17712.4358974359,1430654.7435897435,False,120.0,31.08229166666667,18.207430555555554,133.0,0.6666666666666666,7.333333333333333,0.9135338345864662,3.0,4.0,3.0,0.8421052631578947,0.0,-1.088571428571193,-0.22285714285706354,2.045714285715233,-1.79428571428601,0.06571428571441712,-0.1714285714286254,3292.914285715214,1588.6285714289377,0.03142857142856974,-0.3857142857139589,-0.15142857142891458,0.15714285714312187,109.57142857146403,-34.6571428571467,-0.3685714285714048,-1.0257142857146972,-0.09999999999978092,-4.331428571429649,-1.0085714285718896,0.16532585630294214,47.6471879899079,8,67.77306250000001,0.06791044776119402,0.7868421052631576,0.0
12086013700,0.1505083129232673,High,86.1328125,0.2437805068534366,0.6173927311331522,0.1233965315746954,0.5565413763451231,0.5315888497498265,0.3809182696625767,0.6650461902194666,0.3641644821321778,0.952868969688768,16.6,9.3,43.8,67.8,4.9,6.0,2.0,15622.515151515152,1443862.393939394,False,35.95,32.41895061728395,16.532083333333336,184.0,1.3333333333333333,12.0,0.7717391304347826,2.0,6.0,2.0,0.6739130434782609,0.0,-1.0257142857147068,-0.19428571428564512,-0.4199999999998737,0.7942857142860028,4.502857142858346,0.9342857142860875,1455.800000000808,791.028571428785,-0.14857142857148042,2.631428571429908,-1.617142857143519,0.6428571428573872,83.7142857143164,40.314285714300716,-0.74857142857172,0.44857142857173116,-0.8257142857146105,-0.9828571428580785,-1.0514285714289506,0.10407433092172534,25.584880432710296,7,123.96741666666664,0.05027027027027028,2.122826086956522,0.0
12086013802,0.1686231219090919,Critical,92.578125,0.274868247300873,0.6134689021555689,0.1466735464957238,0.5391019922688076,0.4971199335621036,0.3900093978168149,0.6824625564391131,0.4030629481060221,0.9586506306910056,22.1,8.5,68.3,52.7,3.6,3.0,1.0,17063.47619047619,1319433.4761904762,False,120.0,120.0,0.0,0.0,0.0,0.0,0.0,0.0,0.0,0.0,0.0,0.0,0.7028571428577501,-1.3800000000005868,3.914285714286026,-1.0114285714289244,0.0028571428577417687,0.33428571428594295,-2478.767441860631,4464.685714286283,0.6057142857144794,-0.9057142857144349,-0.8742857142858536,1.022857142857556,66.4285714285996,-648.6857142857272,2.408571428571992,-1.1142857142859903,1.8628571428575944,-2.4285714285712188,-0.05428571428566522,0.10272394574366678,26.99051207024044,0,530.4000000000001,8.5,8.5,15.533142857156278
12086013900,0.0822325476100418,Low,34.1796875,0.1543262399372188,0.5328487731152829,0.0556049685060569,0.0700102421779496,0.5422789374939868,0.4277807997743575,0.6571309555899993,0.2530475113683806,0.9670429305401212,10.9,0.6,18.8,61.0,3.2,2.0,3.0,13347.196721311477,1303726.6229508198,False,22.0,21.350641025641025,18.78333333333333,125.0,0.8333333333333334,6.666666666666667,0.988,3.0,2.0,5.0,0.84,0.0,0.34417478303311877,-0.02486989397384831,-2.8973696565270792,1.4847370438784724,3.5960672163373717,-0.4024774214379374,4005.014657941152,1665.813188486498,-0.1811946104369044,2.131309470078126,-0.5401194754415517,0.9038960449495367,115.26009961129155,-104.09168180830078,0.694841093926127,0.6720772966481138,-0.23456777160442135,-1.3899295165479926,1.4535093304985371,0.12857780497973167,44.19687055742611,5,56.861666666666686,0.0047619047619047615,0.007200000000000006,3.7515051350609947
12086014100,0.1278722142889158,High,71.875,0.1490000407552742,0.8582025457223874,0.1855000815105485,1.0,0.7870570879286906,0.8268199233716474,0.6878019492553406,0.1124999999999999,0.9893337680562588,37.5,0.0,0.0,54.3,0.0,1.0,1.0,3191.3714285714286,1106147.6761904762,False,120.0,19.857142857142858,14.133333333333333,33.0,0.16666666666666666,2.6666666666666665,0.0,1.0,1.0,2.0,1.0,0.0,8.690468697595026,-0.00046338736940631766,-0.006123333095726343,-0.007854415911437762,-0.01661243719321792,-0.0008274774453684247,0.0,529.7179437449621,-0.00013239639125894797,4.577844845348978,-0.0018204503798105347,0.0,0.0,-144.2285642451634,0.5278432484200308,-0.14363028031474995,-0.8462107721814265,11.626261398885667,-0.002383135042661063,0.09572065727382427,64.48996148236982,11,370.0,0.0,0.0,325.8925761598135
12086014200,0.0459720750307289,Low,8.7890625,0.0647222618109421,0.7102977205125544,0.0138762100915365,0.1091724898404202,0.8214801500210642,0.6351581621588127,0.9945199368612924,0.1155683135303476,0.991157863681182,2.1,0.7,19.7,19.1,1.5,0.0,0.0,2875.8571428571427,1191118.2857142857,False,120.0,120.0,0.0,0.0,0.0,0.0,0.0,0.0,0.0,0.0,0.0,0.0,-0.18000000000004782,0.10000000000013334,-0.0657142857145885,-2.194285714286268,4.422857142859679,-0.16857142857143617,6192.257142857828,3640.4857142864043,0.41142857142873335,0.12285714285698397,0.057142857143068625,-1.4485714285717637,187.51428571433632,-98.71428571429463,1.162857142857198,-1.4457142857145957,1.3142857142861972,0.04857142857165301,0.19428571428578004,0.10950932615507843,52.6705291005291,3,50.400000000000006,0.7,0.7,0.0
12086014300,0.1308822811616535,High,74.21875,0.1614289579996672,0.8107732514876502,0.0693425277818288,0.6116038094294114,0.8591070607058612,0.5970913108193525,0.9954565367432144,0.2535153882175056,0.9906075397404116,11.5,2.5,10.8,66.1,4.7,0.0,0.0,2409.5641025641025,1212487.4102564105,False,120.0,120.0,0.0,0.0,0.0,0.0,0.0,0.0,0.0,0.0,0.0,0.0,0.8199335924852574,-0.05715316175724247,-0.11145605040005509,0.0,3.5083905253423264,1.1657028361431692,7457.127870771826,2586.293662243407,0.034266250014216605,-2.3428857667866194,2.0086355461723806,0.3771485819286923,52.406171319020935,7.18375305809598,-0.11134269964271734,-1.2572184243150508,0.01714743697132217,-1.0226556303998813,0.10846609251351937,0.09914206101409567,69.50289682539683,4,276.0,2.5,2.5,9.42923631358046
12086014400,0.152950471722072,High,87.6953125,0.1933195332215947,0.7911796039086789,0.0863487439535423,0.6116038094294114,0.7847198074145583,0.5738847962912437,0.9931753080916031,0.3002903224896471,0.9925142983165782,16.5,0.9,9.9,83.1,3.1,0.0,0.0,3545.290322580646,1214046.935483871,False,120.0,120.0,0.0,0.0,0.0,0.0,0.0,0.0,0.0,0.0,0.0,0.0,1.8342857142864135,-0.20285714285708176,-0.5571428571428171,0.7000000000001259,7.500000000003496,0.3828571428572196,-448.62857142995455,1147.2000000002504,-0.04285714285714533,-0.737142857142894,1.7057142857145506,-0.6600000000005264,113.8285714286074,-109.57142857148972,0.14285714285738224,-1.1942857142861887,-0.39999999999978153,-1.4314285714285306,0.08857142857104885,0.09046407711817274,40.592189165442505,6,396.0,0.9,0.9,30.265714285725824
12086014500,0.069773483014666,Low,22.8515625,0.1204018230086534,0.5795052040835902,0.0446402888752557,0.0475678228472477,0.6679961890211984,0.5390796565379086,0.6617771020059752,0.1961633571420511,0.9811052500056214,6.3,2.8,16.7,50.4,1.1,6.0,2.0,6293.344444444445,1178084.2222222222,False,30.0,18.154444444444447,18.05296296296296,367.0,1.6666666666666667,20.333333333333332,0.5122615803814714,2.0,6.0,4.0,1.0,0.0,-1.0542857142857311,0.23428571428577002,0.1914285714285762,0.988571428571805,-4.688571428572922,-1.2342857142859736,11026.200000003653,5486.485714287343,-0.045714285714297094,-0.5771428571430357,-0.6057142857143596,-0.6514285714287082,32.97142857145001,-80.97142857145347,-0.3628571428570357,1.0657142857145414,0.3171428571431551,0.29428571428576156,-1.1028571428572207,0.15890490224124845,58.73291865079365,12,37.46633333333334,0.0076086956521739125,1.36566757493188,0.0
12086014602,0.0881967321904301,Moderate,40.625,0.1511741279960562,0.5834115490497884,0.0418287853129435,0.087421944692239,0.6661294291814176,0.5129456934705253,0.6777982287665386,0.260519470679169,0.9727624491382212,5.2,3.4,15.2,79.1,1.1,6.0,1.0,6471.377777777778,1199766.711111111,False,120.0,120.0,0.0,0.0,0.0,0.0,0.0,0.0,0.0,0.0,0.0,0.0,-1.7114285714281694,-0.025714285713965338,-1.471428571428156,-1.2142857142862837,4.442857142858784,-0.2657142857144203,1982.371428571862,4625.457142858437,-0.022857142857083266,-5.525714285715855,2.414285714286055,1.2771428571431096,112.17142857145467,-783.8000000000085,0.7971428571429662,-1.1057142857143467,2.2114285714292583,1.2228571428576183,-2.6428571428576393,0.10272394574366678,26.99051207024044,0,124.80000000000001,3.4,3.4,0.0
12086014702,0.080638956067207,Low,32.2265625,0.135475584826124,0.5952286987408322,0.0530924681864885,0.0568571294426968,0.7070064266948697,0.5532764898583479,0.6758095924029023,0.2178587014657594,0.9831938553053442,10.8,0.0,13.1,51.2,4.2,7.0,1.0,5174.1578947368425,1185206.8421052631,False,120.0,120.0,0.0,0.0,0.0,0.0,0.0,0.0,0.0,0.0,0.0,0.0,0.7885714285716955,-0.7285714285713616,0.26285714285739104,0.0,-2.3457142857151756,0.8485714285717388,4776.257142856632,2695.885714286122,0.07142857142860531,-1.5228571428578226,2.40857142857235,-0.11428571428601979,84.22857142860354,-294.31428571424766,0.49142857142825175,-0.3885714285715854,-0.8000000000000825,0.4742857142854063,-2.451428571429209,0.10272394574366678,26.99051207024044,0,259.20000000000005,0.0,0.0,8.516571428574311
12086014800,0.190437171222287,Critical,95.703125,0.2806175501796772,0.6786359979992398,0.1620212890462641,0.3598638781511217,0.7547728524345714,0.6229380874794017,0.6676704826246154,0.3992138113130903,0.987934689306489,26.9,5.9,46.9,57.6,9.0,5.0,2.0,3876.3846153846152,1136886.0512820513,False,120.0,31.949999999999996,16.652055555555556,169.0,0.0,8.333333333333334,0.378698224852071,2.0,5.0,2.0,1.0,0.0,1.1828571428570775,1.3771428571433824,0.4685714285711118,0.8314285714290599,0.31714285714334906,0.9085714285714948,3498.7428571438572,1792.000000000661,0.6714285714288366,0.5971428571431409,0.46571428571440476,-1.2028571428573511,78.22857142858697,-309.02857142868595,0.8057142857145824,-0.39714285714294084,1.2942857142860158,-3.5428571428586997,-2.4171428571435674,0.08411885801866653,26.691213804713808,5,197.65970555555552,0.03470588235294118,3.6656804733727815,31.818857142855386
12086014900,0.0997549612513464,Moderate,52.5390625,0.1691586386609462,0.5897124855165726,0.0541258738487534,0.0487065120428189,0.695065100158583,0.5757452166622968,0.6449388014691017,0.284191403473139,0.9841067972500628,9.5,1.5,24.8,65.9,4.5,15.0,2.0,5148.731343283582,1108718.8507462686,False,120.0,31.821166666666667,16.857055555555558,489.0,0.8333333333333334,26.333333333333332,0.7750511247443763,2.0,15.0,3.0,1.0,0.0,-0.39428571428586245,0.0171428571428529,-1.6885714285721474,-2.9657142857151544,4.680000000001615,0.3057142857143665,8387.428571429968,2832.0000000008945,-0.05428571428575895,-2.6400000000006787,1.348571428571617,-0.402857142857414,189.88571428573792,-151.40000000007237,0.17714285714304723,-0.47428571428603294,1.0885714285718429,-1.7914285714289562,-0.7114285714289936,0.11772774957896401,25.0149044011544,5,67.8579722222222,0.0030612244897959186,0.3374233128834355,0.0
12086015002,0.1120632239487193,Moderate,61.328125,0.181696026898109,0.6167621046087144,0.0675333303271411,0.0509508849500317,0.7198475400171715,0.6633703155355418,0.6637537485679628,0.2958587234690769,0.9858880339728636,12.6,1.1,19.2,71.1,5.4,7.0,2.0,4145.8031496062995,1014888.4881889764,False,120.0,120.0,0.0,0.0,0.0,0.0,0.0,0.0,0.0,0.0,0.0,0.0,0.6485714285710714,-0.9142857142860394,0.5600000000005866,-0.39999999999994906,4.4428571428581485,-0.1228571428572799,7745.257142859876,3368.1428571443107,-0.04285714285713741,-4.3542857142876255,3.8000000000014014,-1.0628571428573643,207.68571428574006,-587.7999999998563,-0.06285714285669204,0.49999999999956424,-0.5599999999997329,-0.8542857142855762,-0.8971428571429867,0.10272394574366678,26.99051207024044,0,302.4,1.1,1.1,8.1719999999955
12086015201,0.0472774017275659,Low,9.375,0.065900191243015,0.7174091734153661,0.0194362828730627,0.0733946140221593,0.8862327473778867,0.9590685646313492,0.671617486016578,0.1123640996129673,0.9967324550288575,3.9,0.0,13.5,21.6,1.9,3.0,2.0,1104.3181818181818,639421.0340909091,False,120.0,120.0,0.0,0.0,0.0,0.0,0.0,0.0,0.0,0.0,0.0,0.0,0.7942857142863238,-0.19999999999997453,0.42000000000032595,-1.3085714285730876,-4.8314285714297,-0.6571428571431737,625.2285714282259,1304.5714285716722,0.002857142857157459,-4.942857142859108,1.6171428571435975,0.37714285714307544,101.22857142860639,-656.08571428563,0.60857142857162,0.12571428571410498,1.308571428571944,-2.799999999999763,-1.1771428571427955,0.10272394574366678,26.99051207024044,0,93.6,0.0,0.0,3.0977142857166626
12086015300,0.0896674242142803,Moderate,42.578125,0.1421644710065623,0.630730192849248,0.0529139250310771,0.0649129722216459,0.7058480008342994,0.7312411496804317,0.6626035138261788,0.2314150169820475,0.9890453276836844,8.7,2.0,12.4,59.7,4.3,7.0,2.0,3323.247058823529,756683.0588235294,False,32.5,27.93174603174603,17.974126984126986,277.0,2.5,15.666666666666666,0.34115523465703973,2.0,7.0,4.0,1.0,0.0,-0.5142857142857203,-0.17142857142858278,-0.1028571428571523,-1.7571428571441177,3.454285714287633,0.868571428571668,4822.000000001313,2616.971428572201,0.01428571428576717,-2.2285714285724607,2.274285714286608,0.062857142857058,92.31428571431265,-27.22857142860713,-0.05428571428570101,0.557142857142976,-0.134285714285888,-0.5628571428571871,0.011428571428600284,0.08631822789238783,35.43269507575758,7,52.42509523809522,0.007194244604316547,1.3176895306859207,0.0
12086015400,0.0828281297899872,Low,35.546875,0.1448106255982063,0.5719754986751001,0.0577338162190365,0.0643770443056794,0.6392064637588614,0.5588830322784101,0.6188716950827774,0.231887434977376,0.9785392579497724,8.1,3.7,19.7,54.5,3.4,22.0,3.0,5949.057971014493,959510.7536231884,False,32.083333333333336,30.098030303030303,17.842790404040404,735.0,6.0,43.0,0.6428571428571429,3.0,22.0,5.0,1.0,0.0,-0.6257142857143961,-0.5771428571430849,0.5028571428571741,5.674285714287437,-10.820000000003253,-0.0028571428571524398,4721.600000001339,4649.1714285729995,-0.18000000000004368,-1.2400000000008555,1.231428571429288,0.30285714285716836,316.3428571429862,-41.57142857147685,0.33714285714312153,0.09999999999995694,-0.19428571428553426,1.1171428571430082,-0.3285714285716336,0.09938255592527172,35.9479716802805,10,49.873397727272724,0.005027173913043479,1.3214285714285714,0.0
12086015501,0.1345785486558975,High,76.7578125,0.2370920195089712,0.5676215881690835,0.1059456866714861,0.0682386222082921,0.6206066383354693,0.5233138147907178,0.6628062594065188,0.3682383523464563,0.9631426061044196,12.5,9.5,18.6,100.0,5.8,6.0,2.0,7200.084337349397,1054735.8072289156,False,120.0,120.0,0.0,0.0,0.0,0.0,0.0,0.0,0.0,0.0,0.0,0.0,1.2771428571434222,0.13428571428543967,-1.968571428572098,-4.145714285715066,6.160000000000519,-0.2800000000002974,3352.285714288312,1752.1142857149634,-0.34000000000006847,0.5828571428572978,-0.1057142857140499,-1.7371428571432461,-248.29999999997477,-523.542857142817,2.222857142857781,-0.6942857142861919,1.3142857142854651,1.58857142857198,-0.7514285714287301,0.10272394574366678,26.99051207024044,0,300.0,9.5,9.5,15.964285714292778
12086015600,0.0570728950513291,Low,14.2578125,0.1023278181042905,0.5577456463809439,0.0348319454059678,0.1422079342904751,0.5259581031951894,0.4868117304031422,0.6661964249612508,0.1698236908026133,0.967554039054662,5.3,1.9,14.9,32.9,6.0,6.0,2.0,8747.111111111111,785211.5555555555,False,30.0,22.825252525252523,17.369444444444444,252.0,2.0,18.0,0.7619047619047619,2.0,6.0,2.0,1.0,0.0,-1.5571428571433854,0.3371428571429204,-0.9514285714287083,1.7200000000007563,-8.988571428574453,0.4057142857142195,6249.942857145055,3545.914285715396,0.14857142857149216,-4.34000000000113,4.654285714286967,-0.34285714285722485,149.51428571433763,-50.68571428573938,0.10857142857165646,1.0171428571430388,-0.6914285714286473,2.131428571429215,-0.7400000000001864,0.07433068043340577,29.523892341092097,7,35.14194444444445,0.0075098814229249,0.45238095238095244,0.0
12086015700,0.088987682868308,Moderate,41.2109375,0.157398300983605,0.5653662225844307,0.0515185285551162,0.1091090127738644,0.6080761886053769,0.5418936546933517,0.5957045482624616,0.2632780734120939,0.9720477085870984,10.3,0.3,6.8,81.6,1.9,17.0,6.0,6300.626865671642,865033.2089552239,False,31.363636363636363,34.32310731751909,16.503202614379088,549.0,3.6666666666666665,37.666666666666664,0.8123861566484517,6.0,17.0,10.0,1.0,0.0,-1.580000000000904,-0.25142857142865743,0.8400000000002709,-1.5142857142860897,4.494285714285395,-0.29714285714292415,16124.971428577735,7616.6285714310925,0.07142857142860189,-0.3542857142860353,0.5514285714287974,-0.5400000000000305,407.68571428581254,-73.37142857145116,1.0828571428574336,-0.6628571428573505,1.0742857142856497,1.0971428571434667,0.08000000000005089,0.08061772971566866,29.710709595959596,11,77.2170130718954,0.0005454545454545455,0.056284153005464486,0.0
12086015800,0.0767811583597643,Low,29.4921875,0.125440927570748,0.6120901674332737,0.0208029518094038,0.0597680642283675,0.7004595368564686,0.6256304600481569,0.6839760232046185,0.2300789033320921,0.9906167528287568,3.6,0.6,16.1,62.9,3.5,3.0,1.0,3529.2884615384614,781502.1153846154,False,120.0,58.15555555555557,14.010092592592594,45.0,0.0,3.0,0.43333333333333335,1.0,3.0,1.0,1.0,0.0,-0.6771428571429057,-0.30571428571435055,-1.9571428571435312,3.1171428571435165,4.405714285715739,-0.4257142857142992,4605.828571429513,1409.9428571433277,-0.18571428571434684,0.13999999999997242,0.22571428571436414,-1.131428571428842,103.91428571431913,-90.42857142862279,0.5285714285716436,-0.06571428571437571,0.12285714285727081,1.7200000000002993,-2.017142857143312,0.08629223377966648,33.578618730534174,6,35.96366666666666,0.013043478260869565,0.33999999999999997,0.0
12086015900,0.0657006758875857,Low,19.3359375,0.1146374151394963,0.5731172131510289,0.0683425480272069,0.0460593029727731,0.6136388193857796,0.5708137545483024,0.6517281740683334,0.1609322822517856,0.9833460147799564,11.6,2.3,20.4,19.5,4.2,7.0,3.0,5290.7555555555555,747595.1333333333,False,35.0,31.802142857142858,16.996269841269843,294.0,1.3333333333333333,16.666666666666668,0.9149659863945578,3.0,7.0,4.0,1.0,0.0,-0.4171428571429191,-0.19428571428573074,2.111428571429535,4.3457142857140205,-8.291428571429773,-0.7171428571432369,4972.542857144651,3378.94285714366,-0.07142857142858275,-1.517142857143132,1.8371428571434156,-2.185714285715254,109.97142857145707,-114.51428571429214,0.9085714285711557,0.04000000000024314,0.5028571428568018,-0.39428571428574094,-3.325714285715521,0.0938043805594877,40.19670942760943,6,81.24326984126982,0.007796610169491525,0.19557823129251695,0.0
12086016000,0.0843488176733305,Low,36.5234375,0.1462805415277598,0.5766236356003892,0.0525493033820713,0.0636493106092618,0.6058275153330306,0.5855885786532666,0.6458228036480446,0.2400117796734482,0.9822299697583428,9.8,0.9,18.0,61.7,1.4,10.0,3.0,5126.468085106383,695687.659574468,False,35.0,35.65208333333333,16.800194444444443,292.0,1.3333333333333333,17.333333333333332,0.9041095890410958,3.0,10.0,4.0,1.0,0.0,-1.5657142857148438,0.21714285714298295,-1.0400000000003427,1.797142857142886,-2.3228571428573384,-0.5742857142859085,4582.82857142969,2868.742857143558,-0.057142857142876646,-0.6257142857142873,1.2314285714289124,-1.1428571428575962,132.4000000000478,-125.94285714287892,2.8600000000005896,-0.8485714285714581,2.4114285714289165,2.577142857143194,-2.062857142857391,0.087906493696284,35.64396618967452,6,70.55809444444446,0.0030716723549488057,0.08630136986301375,0.0
12086016100,0.0641789353114944,Low,17.3828125,0.1062429240194571,0.6040772682399144,0.023228631514987,0.0659133709981167,0.6445764286950603,0.6536223073121651,0.6678218293011657,0.1892572165239272,0.988452404893064,2.7,2.0,19.5,45.8,2.6,5.0,2.0,4127.081967213115,684402.4426229508,False,35.0,46.954,15.420999999999998,113.0,0.6666666666666666,7.0,0.7389380530973452,2.0,5.0,3.0,1.0,0.0,-0.9600000000002044,0.20285714285716125,0.28285714285776836,1.6771428571430977,-1.6685714285718924,-0.41142857142864603,6111.571428572727,1792.5714285718764,-0.8571428571431707,-6.545714285716107,3.8000000000009915,-0.5971428571430583,246.4857142857877,0.17142857144004464,0.4085714285711982,0.6885714285717791,1.9800000000004743,1.8742857142861276,-1.5828571428576432,0.09559612232208446,36.927216159611994,7,23.163300000000007,0.017543859649122806,0.5221238938053097,0.0
12086016200,0.1139170287947392,Moderate,62.6953125,0.1715366953655794,0.6640971399848818,0.0517023860258339,0.0712905144216473,0.7640532788115366,0.807019446251717,0.6838458060965473,0.2913710047053248,0.9942766543429612,3.7,6.7,13.6,92.3,2.4,2.0,1.0,1928.0357142857144,593279.2142857143,False,35.0,29.026666666666664,17.531388888888884,68.0,0.6666666666666666,4.0,0.9411764705882353,1.0,2.0,2.0,1.0,0.0,-1.3485714285718668,0.5228571428573454,-0.46000000000020275,0.0,3.588571428572242,0.11142857142864156,1318.7428571432201,2881.9428571436893,-0.2885714285715494,-2.900000000001137,3.9400000000013895,-0.3771428571429513,98.48571428573554,-40.37142857142879,0.9457142857144747,0.14000000000008073,0.5914285714288434,2.4000000000005057,-0.5171428571425274,0.08350316751839056,41.76832948532949,4,23.93386111111113,0.09710144927536232,0.39411764705882363,0.0
12086016300,0.096663143029397,Moderate,49.21875,0.1409595769784199,0.6857508024743547,0.0621835418696842,0.0752143758388183,0.8058497145970163,0.8878675482449067,0.6648857037760855,0.2197356120871557,0.9949366699149472,12.1,0.4,19.9,40.9,5.2,5.0,2.0,1486.076923076923,567682.9230769231,False,35.0,50.41924242424243,14.720000000000002,128.0,0.6666666666666666,8.333333333333334,0.69921875,2.0,5.0,4.0,1.0,0.0,0.5657142857140166,0.06571428571428595,1.7371428571429606,5.200000000001995,-2.2657142857141794,0.5028571428572404,-2887.999999999805,-843.2285714285082,-0.14285714285722026,-1.2057142857145091,2.3542857142864295,-0.6942857142860447,230.5428571429277,-87.60000000002181,1.2571428571429377,0.35142857142874945,1.8942857142857592,-0.2400000000003597,1.0971428571430588,0.08821547494929867,40.032011700336696,8,112.28799999999997,0.0031007751937984496,0.1203125,6.845142857139601
12086016402,0.1401818912447427,High,80.859375,0.1938871246711322,0.7230077370145989,0.0638160342062389,0.0597680642283675,0.8985705068496292,0.9775871926815324,0.6819873868409821,0.3239582151360257,0.997125534472483,10.6,2.2,14.5,100.0,0.5,4.0,1.0,850.5272727272727,524934.4,False,120.0,120.0,0.0,0.0,0.0,0.0,0.0,0.0,0.0,0.0,0.0,0.0,0.4200000000000692,0.8628571428575414,2.3342857142864197,-2.499999999999682,9.331428571431383,-0.17714285714282607,4300.857142859339,1968.600000000814,0.11428571428580904,-1.8771428571436488,1.1228571428575889,-0.7771428571431576,222.08571428579546,-780.7999999999288,1.7685714285718621,-1.5057142857149695,1.3171428571431336,-0.22000000000040082,1.2857142857148507,0.10272394574366678,26.99051207024044,0,254.39999999999998,2.2,2.2,4.452000000000734
12086016502,0.0653262367791454,Low,18.75,0.0963467781873756,0.6780323951476475,0.0253678519864999,0.1791163904408658,0.7350067260122499,0.8089285831641069,0.672292551160231,0.1673257043882513,0.9948177249607838,5.1,0.0,6.5,50.2,1.7,4.0,2.0,1862.6233766233763,493172.4415584415,False,120.0,120.0,0.0,0.0,0.0,0.0,0.0,0.0,0.0,0.0,0.0,0.0,-0.594271393907582,0.37142351717754946,0.06857816757333911,-0.00014741565994703747,-0.09149090719376662,-0.20854784206578952,6323.159499869089,2615.1608923966437,-0.045715970464687894,-0.4514201476771728,0.371388979794329,-0.1257083890880434,146.6552896317667,-633.0150344590979,0.6885697438213934,-0.7685849065750656,-0.03714875376910903,0.13997894062059268,-0.07425875827922432,0.10272394574366678,26.99051207024044,0,122.39999999999999,0.0,0.0,0.0
12086016600,0.0740010904194999,Low,27.1484375,0.1147737205873517,0.6447563958090852,0.0744588546903822,0.1791163904408658,0.6852073025032352,0.6904037330087239,0.6762698238875037,0.1550885864843212,0.9927847292050972,10.7,4.3,10.7,34.0,1.7,2.0,2.0,2607.6129032258063,533596.4516129033,False,120.0,45.64583333333333,13.585694444444442,31.0,0.0,2.6666666666666665,0.20967741935483872,2.0,2.0,2.0,1.0,0.0,-0.5371428571429853,0.16571428571448826,-1.5885714285714152,-2.1714285714282946,6.037142857145128,-0.1628571428571147,-882.9142857147626,2041.7714285717711,-0.21714285714290676,-2.120000000000838,1.6400000000005597,-1.642857142857376,89.40000000003964,-42.057142857152186,1.9542857142861314,-0.7857142857142158,2.6228571428580634,0.43999999999955963,-0.7571428571428565,0.1204613352617872,37.183647411616164,6,111.43306944444446,0.134375,3.398387096774193,0.0
12086016700,0.0715689698191883,Low,24.21875,0.1159752695837231,0.6171054404622216,0.0421706315813794,0.0945914692569465,0.6834816839207414,0.6559358056820646,0.6592680885953681,0.1897799075860668,0.9922501548559876,8.5,0.0,15.6,43.1,2.7,4.0,3.0,2748.0,557325.5,False,30.0,39.546875,14.862361111111111,95.0,0.3333333333333333,6.333333333333333,0.5421052631578948,3.0,4.0,4.0,1.0,0.0,0.8314285714286861,0.34285714285730545,-0.1999999999993242,2.717142857144617,-1.4000000000016448,-0.24571428571430728,7375.0000000025175,1153.0000000003167,-0.10571428571429782,-0.8542857142860372,-0.21714285714308135,-0.07714285714333652,127.85714285718366,-27.457142857130993,0.28571428571437707,0.41428571428572764,0.3657142857145984,-1.4457142857144887,-1.1057142857148703,0.11097795789342106,40.12903858024691,7,77.66993055555555,0.0,0.0,7.067142857143832
12086016800,0.1174113504015715,Moderate,65.234375,0.1786529095720588,0.6572036844113878,0.0764723306591871,0.5062923035828584,0.5829795015665729,0.5758675348627266,0.634139331603657,0.2808334884849305,0.9867397504411246,14.5,1.0,20.7,65.1,3.5,11.0,4.0,5068.121951219512,611084.8048780488,False,30.0,38.986683501683494,16.1779797979798,324.0,1.3333333333333333,20.0,0.7623456790123457,4.0,11.0,4.0,1.0,0.0,1.0085714285714051,0.6285714285716408,-1.5285714285719274,2.9971428571438703,-1.2714285714296625,-1.088571428571856,144.91428571485778,1408.3714285716217,0.0,-6.262857142859524,3.4942857142870247,-0.8514285714285018,94.62857142859832,-107.2285714285984,2.4657142857150625,-1.6885714285718052,1.002857142857317,-4.534285714287423,-1.0285714285718637,0.0927324619248871,36.25013881540271,10,113.41929292929292,0.003076923076923077,0.23765432098765427,14.624285714285374
12086016900,0.0957937060526149,Moderate,48.2421875,0.1631143995746876,0.5872792733344946,0.0648982636224805,0.0518669555244042,0.6157350290363239,0.594014313597918,0.6839668834377878,0.2613305355268948,0.9908131850760392,10.2,2.9,24.1,57.3,4.2,2.0,1.0,4186.785714285715,598053.2857142857,False,120.0,30.543333333333337,17.468333333333337,64.0,0.0,4.0,0.96875,1.0,2.0,1.0,1.0,0.0,0.3828571428573656,-0.17142857142871107,-0.29428571428579997,-0.3428571428571476,1.2571428571424745,-0.47714285714307025,3547.7142857150525,1563.8571428574828,-0.5628571428570208,-2.5685714285727452,0.6971428571429931,-0.49428571428600954,99.54285714288524,77.25714285719785,0.5371428571428769,-0.645714285714363,0.06571428571416384,1.5714285714281468,-1.591428571428564,0.11253189848717825,38.53893897306396,2,66.62299999999996,0.04461538461538462,0.090625,3.9051428571451288
12086017000,0.107652446572785,Moderate,58.59375,0.1660790805079073,0.6481999192406386,0.0828989134164329,0.4697768373869259,0.5942501534142169,0.5540133497192704,0.6360674292966731,0.2492592475993816,0.9868918263861064,13.2,3.6,13.6,56.2,6.2,10.0,4.0,5192.5952380952385,663689.7380952381,False,30.0,38.09119444444444,16.425777777777775,305.0,0.6666666666666666,18.333333333333332,0.7983606557377049,4.0,10.0,4.0,1.0,0.0,1.020000000000656,0.4457142857145,-1.7314285714288213,-1.9742857142862789,4.468571428572852,0.5885714285716915,1283.1428571436045,1502.257142857421,-0.05999999999997441,0.7800000000001718,-0.5628571428573577,-0.3599999999995769,101.31428571432001,-223.11428571433032,1.5085714285715524,-0.35142857142848216,1.7314285714286135,0.9142857142856982,-0.5142857142861028,0.08740254991494338,36.736497013788686,8,99.97973333333337,0.011764705882352941,0.7259016393442624,13.464000000008658
12086017101,0.0862820700728843,Low,38.671875,0.1434872578283718,0.6013221757717895,0.0697980411523825,0.0811775200713648,0.6626766399789313,0.6009144798669848,0.6717991020284385,0.2171764745043611,0.9900431369132274,12.8,1.3,13.9,46.0,5.0,3.0,2.0,3740.7,681230.675,False,120.0,120.0,0.0,0.0,0.0,0.0,0.0,0.0,0.0,0.0,0.0,0.0,-1.914285714286593,-0.2085714285712035,-1.26285714285704,2.360000000000909,-1.9571428571435519,0.8428571428574329,5856.800000002605,2144.6000000008626,0.4400000000000697,-1.5314285714295697,0.9600000000006058,-0.5600000000003105,69.08571428573362,-383.65714285708424,0.322857142857307,-0.1857142857141335,0.9200000000004661,1.9885714285727603,-0.35142857142856304,0.10272394574366678,26.99051207024044,0,307.20000000000005,1.3,1.3,0.0
12086017200,0.0843795911147933,Low,36.71875,0.1296573368221882,0.6507891738553238,0.0826502462383984,0.5713648528099912,0.564106769160563,0.5085122533073085,0.6260304911606801,0.1766644274059781,0.9839315028380762,12.7,4.1,11.6,34.7,3.9,9.0,5.0,6749.541666666667,738108.0208333334,False,25.75416666666667,25.2791835016835,17.383827160493826,351.0,2.0,24.0,0.8376068376068376,5.0,9.0,5.0,1.0,0.0,1.422857142857353,0.5485714285717347,-2.1371428571431443,-1.5400000000009213,-3.177142857143765,-0.2114285714287175,-3712.571428571549,1610.8857142861834,0.32571428571435224,-3.4485714285720097,2.402857142857571,-3.4628571428584767,232.65714285720546,-40.40000000001641,2.3742857142863873,-0.6857142857143862,2.6457142857150098,-0.2800000000000214,-1.77142857142919,0.10087697033016611,30.406136152246447,8,84.0253950617284,0.011647727272727271,0.6658119658119657,18.070285714288385
12086017300,0.1085657381601942,Moderate,59.375,0.1737548375988861,0.6248213843163246,0.0820336977427098,0.4858238739439176,0.5281866932276104,0.4796365575074097,0.6538681571085203,0.2654759774550624,0.9765916397941652,12.7,4.1,18.2,65.5,2.7,6.0,3.0,8092.09375,734836.625,False,120.0,29.129595959595964,17.34087962962963,215.0,0.0,14.0,0.9209302325581395,3.0,6.0,3.0,1.0,0.0,-0.7971428571429657,0.3971428571430359,-1.5142857142856843,0.0857142857144034,3.2971428571431023,-0.43999999999994893,-860.199999998928,1509.6000000004803,-0.7142857142857189,-2.031428571429738,2.5228571428581663,-2.128571428571769,98.71428571431662,-121.17142857146663,0.2914285714286317,0.06571428571449965,0.5657142857144382,3.3542857142875326,-0.13714285714303698,0.0712118968893168,25.23489607614608,4,84.5708287037037,0.018981481481481478,0.3241860465116278,0.0
12086017402,0.1156527883962337,Moderate,64.2578125,0.1777886996416572,0.6505069705180261,0.0936751007829253,0.608091756948068,0.528018420806496,0.5173970827842005,0.618136484376755,0.2619022985003892,0.9808911076746106,19.1,0.0,24.2,48.6,3.3,13.0,5.0,6916.476923076923,627533.1846153847,False,120.0,120.0,0.0,0.0,0.0,0.0,0.0,0.0,0.0,0.0,0.0,0.0,-0.40857142857185574,-1.051428571428564,2.0657142857141175,-1.2028571428571613,1.0457142857139268,0.02571428571420974,1161.2285714288826,1358.4285714290697,-0.46285714285726337,-2.902857142857999,2.5114285714292186,-0.5857142857145988,1.3142857142940767,-210.17142857142173,1.4628571428578019,-1.4657142857150156,3.082857142858058,0.5571428571433839,-1.1571428571430995,0.10272394574366678,26.99051207024044,0,458.40000000000003,0.0,0.0,0.0
12086017500,0.1643058718627949,Critical,91.40625,0.2239767517100425,0.7335844930705274,0.1573656757681211,0.915502031915948,0.541614729175471,0.5540133497192704,0.6701736976885235,0.2905878276519639,0.986618656853424,14.2,17.7,35.2,58.7,1.0,4.0,2.0,5503.333333333333,535710.0,False,25.5,27.963194444444444,16.37736111111111,118.0,1.5,8.333333333333334,0.8135593220338984,2.0,4.0,2.0,1.0,0.0,-1.8428571428577134,2.522857142857436,-0.7942857142861193,-2.8942857142866654,-0.46857142857087575,-1.3228571428573974,4054.057142858673,1825.0000000005361,-0.37714285714295853,-1.1428571428574295,1.6914285714291362,-0.8200000000001638,36.3142857143048,-118.60000000002657,0.8657142857145808,-0.931428571428859,1.4857142857147585,-2.6400000000005686,-0.9085714285715006,0.10374897583423033,33.699802188552184,7,108.24147222222223,0.14873949579831933,3.299999999999999,0.0
12086017600,0.0897786495866976,Moderate,42.96875,0.1573180391389386,0.5706824854803063,0.0634500351513751,0.1003270889087124,0.5333884120534826,0.5660136388828647,0.6699618123413528,0.2511860431265021,0.9837214752151188,10.3,2.6,20.2,58.0,3.9,4.0,2.0,6046.952380952381,564098.8095238095,False,120.0,18.034143518518515,16.947291666666665,189.0,0.0,11.666666666666666,0.7407407407407407,2.0,4.0,2.0,1.0,0.0,-2.7371428571439047,-0.005714285714241284,0.44000000000073114,-1.3742857142861973,1.514285714286429,0.3628571428572769,3153.7142857154795,2565.9428571434614,0.20285714285723375,-2.5400000000011187,0.9485714285717555,-2.482857142857747,52.77142857144838,-173.2285714286284,1.0171428571432533,-1.9542857142861714,0.5057142857146123,-0.9228571428572592,-1.4028571428576355,0.12733547630483183,29.929136400636402,7,72.64289583333336,0.01368421052631579,0.6740740740740742,0.0
12086017700,0.1204264384426561,Moderate,67.578125,0.1879592285976713,0.6407051111091233,0.1131298870724625,0.464649237173769,0.5285354907021295,0.5746020811273979,0.6520005980861243,0.26278857012288,0.9837381484561962,15.3,7.7,32.0,48.1,1.8,7.0,3.0,5885.941176470588,535463.1470588235,False,25.5,29.18,17.42126984126984,249.0,3.0,13.666666666666666,0.9116465863453815,3.0,7.0,3.0,1.0,0.0,-0.15142857142836286,0.5657142857144407,1.9742857142860757,-1.194285714285917,1.334285714286166,-0.14857142857141928,580.4857142856437,1138.6571428574941,-0.31142857142856617,-0.7400000000005664,1.2057142857147836,-1.1485714285716178,54.0571428571679,69.08571428573272,0.41714285714291544,-0.10857142857120344,1.2028571428574164,-1.4800000000001095,-1.7542857142860246,0.12120591853364011,27.699965104340105,6,100.65457142857144,0.0308,0.6803212851405622,0.0
12086017800,0.1493073563357686,High,85.15625,0.2181132938476499,0.6845403767092639,0.1311281538801502,0.6529709118259258,0.5336059169374976,0.5820140244343237,0.6681850613248871,0.3050984338151496,0.9859259690236856,22.5,4.1,33.2,52.8,2.9,5.0,2.0,5521.741935483871,515683.8064516129,False,30.0,30.805277777777782,16.5295,152.0,1.3333333333333333,9.0,0.8421052631578947,2.0,5.0,2.0,1.0,0.0,-0.4371428571432202,0.44285714285737104,-0.7057142857144202,0.7542857142862993,1.3571428571431157,-0.01999999999992757,2753.171428572005,1500.8857142860552,0.0628571428572017,-2.205714285715077,0.7371428571431371,-0.4171428571428798,86.82857142860084,-122.6857142857387,-0.24285714285732118,0.800000000000421,1.2200000000000857,0.4142857142855758,-0.4942857142858395,0.10401620402616736,32.074009259259256,7,168.08625000000004,0.02679738562091503,0.6473684210526317,0.0
12086017901,0.0199383149746872,Low,1.953125,0.0330626496912491,0.6030464938799016,0.0133121605810584,0.1446771619906773,0.5703335409891139,0.6994014684320475,0.6147343290203743,0.0528131388014398,0.9860859689672944,2.7,0.0,14.3,0.0,1.1,15.0,5.0,4267.705128205128,481983.5128205128,False,120.0,120.0,0.0,0.0,0.0,0.0,0.0,0.0,0.0,0.0,0.0,0.0,-0.3971428571426052,-0.6314285714289131,2.4028571428577856,2.6857142857155596,-13.205714285721061,-0.4571428571428665,7626.742857145068,2289.2571428578362,0.12285714285728576,-2.9114285714297923,3.2400000000012508,-1.0800000000006087,-42.554054054058284,-698.0571428570439,0.27428571428581533,0.09142857142847026,-0.5228571428573399,1.391428571429046,-1.0828571428571925,0.10272394574366678,26.99051207024044,0,64.80000000000001,0.0,0.0,0.0
12086018003,0.11973748802521,Moderate,66.796875,0.1715742559764509,0.6978756069421295,0.1047235500355667,0.6212256372827292,0.5738304501706023,0.7275293418511365,0.5834728867623604,0.2384249619173352,0.9833197186438194,19.6,1.7,9.7,59.4,0.9,20.0,6.0,4224.456692913386,485810.0787401575,False,120.0,120.0,0.0,0.0,0.0,0.0,0.0,0.0,0.0,0.0,0.0,0.0,2.688571428571716,0.2485714285715351,-0.6142857142860697,-2.631428571429783,3.9542857142869527,-0.8257142857143723,-1641.6571428580914,433.45714285757913,-0.11428571428582897,-3.6371428571440054,1.0714285714289116,-0.7371428571430894,38.11428571430333,-647.6857142857725,0.6542857142860797,0.2342857142852549,-0.05428571428549385,-2.0371428571428876,-0.47999999999994064,0.10272394574366678,26.99051207024044,0,470.40000000000003,1.7,1.7,52.69600000000564
12086018100,0.1234819921351015,Moderate,69.53125,0.1784442578383073,0.6919919622574326,0.0684002620629929,0.6862659175443814,0.5632696723684493,0.5886457631826257,0.6376020256306579,0.2884882536136217,0.9841764325610488,11.5,2.4,20.0,74.8,2.4,9.0,4.0,5185.0526315789475,564569.9736842106,False,16.650000000000006,24.664055019055017,16.81070987654321,353.0,1.1666666666666667,25.666666666666668,0.6147308781869688,4.0,9.0,6.0,1.0,0.0,-1.437142857143571,-0.7228571428573912,-0.12285714285735176,-0.642857142857222,2.240000000000161,-0.6628571428573473,3130.028571430562,2432.514285715178,-0.16571428571429273,-6.240000000002739,1.8571428571436337,-0.7171428571431001,86.4571428571721,-47.77142857143742,-0.48285714285745096,-0.32571428571436134,0.020000000000054845,0.6371428571429951,-1.0228571428576627,0.1042997158386849,22.14004574514991,7,82.67683641975307,0.006779661016949152,0.9246458923512748,0.0
12086018200,0.1215353195728574,Moderate,67.96875,0.1735841746851797,0.7001520720035652,0.0626416345220696,0.2256913470115968,0.7398142155026998,0.8655208559242391,0.6754222824988206,0.2845267148482899,0.9943116590804696,9.7,2.9,22.4,64.9,6.2,2.0,2.0,1606.25,436003.2916666667,False,25.0,14.686363636363634,18.306805555555556,86.0,1.0,8.0,0.3372093023255814,2.0,2.0,2.0,1.0,0.0,-0.8546728276960861,0.04586317548730878,-1.4516339355391976,0.40008625229074346,7.004137594907711,0.2894052113008199,-1054.5727442227005,1526.8685556404118,0.1510712359731966,-2.678598895347566,1.4341070465584516,-0.26372070354117816,47.66802202959128,-73.39134395518474,0.7615484536404517,-0.43553638837985437,0.9780659737363071,-2.3486027473125572,-1.2874978814192188,0.0946758626303003,45.326908730158735,6,55.2239861111111,0.03333333333333333,1.922093023255814,0.0
12086018300,0.079155722747838,Low,31.25,0.1381099702474525,0.5731354702778823,0.0319245358031207,0.0790055462901911,0.5495662982262751,0.6143224952593852,0.6404896022867668,0.2442954046917843,0.9822934093267928,4.1,2.4,10.2,70.5,5.4,7.0,4.0,5292.5,536824.9807692308,False,16.627777777777784,37.03315476190476,17.192896825396826,213.0,1.5,13.666666666666666,0.6784037558685446,4.0,7.0,6.0,1.0,0.0,-0.8342857142858002,-0.09428571428574659,-2.9942857142867325,3.8714285714302266,1.7400000000003468,0.7914285714288614,4286.371428572991,3140.857142858243,-1.2085714285719162,-2.905714285715356,3.397142857144074,-2.6885714285724784,154.85714285720027,-279.485714285765,1.5314285714289533,-0.18857142857128723,1.9285714285717523,1.1885714285714664,-1.1800000000002877,0.1143039439406004,19.50711618242868,8,27.90912301587301,0.011214953271028037,0.7718309859154929,0.0
12086018400,0.0991128308162163,Moderate,51.3671875,0.1515673754677778,0.6539192917362817,0.0866853072245551,0.2256913470115968,0.6377871838228176,0.7380177835610496,0.677410918862457,0.2164494437110005,0.9906892254234876,12.2,5.3,14.3,49.3,3.4,1.0,2.0,3123.2380952380954,500054.6666666667,False,43.383333333333326,14.745833333333332,18.302777777777774,43.0,0.3333333333333333,4.333333333333333,0.3372093023255814,2.0,1.0,2.0,1.0,0.0,-0.24000000000017307,0.06571428571433714,-1.6971428571432214,3.4142857142864558,-3.882857142858887,-0.2285714285715021,2245.9428571437834,2314.65714285777,-0.21142857142874294,-0.5628571428570639,1.1057142857146802,0.0657142857143053,58.057142857164045,-3.828571428565703,0.82000000000012,-0.8228571428571104,1.7057142857146785,0.39142857142850146,-0.8600000000002127,0.10955984149443047,42.423175000925,6,69.50611111111115,0.12045454545454545,3.512790697674419,0.0
12086018500,0.1314884330900735,High,74.8046875,0.176615780880716,0.7444885866619085,0.1353337282419167,0.7063908987786478,0.646147042147463,0.7101171112556929,0.6719504487049891,0.2178978335195152,0.9878374324227498,13.8,13.6,12.4,49.0,3.9,3.0,2.0,3080.825,515068.275,False,21.269444444444446,15.732301587301585,18.29851851851852,167.0,1.3333333333333333,13.666666666666666,0.5209580838323353,2.0,3.0,3.0,1.0,0.0,0.6885714285720119,1.3114285714290999,0.1971428571432005,0.7171428571430882,-2.6028571428581864,-0.3428571428569804,6912.714285716546,1816.371428571894,-0.08571428571441883,-1.2742857142862547,2.3342857142865796,-0.19428571428591518,109.00000000003767,108.11428571433261,0.7114285714285504,-0.5399999999999471,0.6914285714289218,0.622857142857109,0.2314285714287537,0.09994490119481314,42.91157687682688,6,78.68044444444442,0.08095238095238094,6.514970059880239,9.502285714293764
12086018601,0.1401733793719715,High,80.6640625,0.2137359202145393,0.655825091221313,0.1283168185950175,0.4858238739439176,0.5694546409548104,0.580863311774801,0.659712988858189,0.2991550218340612,0.9832706405748474,22.5,3.6,9.4,82.4,0.0,3.0,3.0,5153.767123287671,579412.1506849315,False,120.0,120.0,0.0,0.0,0.0,0.0,0.0,0.0,0.0,0.0,0.0,0.0,3.4371428571439164,0.6028571428573706,-1.9657142857139769,-2.308571428572047,6.534285714286777,-0.7257142857141857,2014.4000000005049,2045.6857142864453,-0.842857142857483,-0.1257142857147338,1.7828571428579438,-1.451428571428954,230.37142857145196,-766.7999999999593,0.4200000000006063,2.134285714285724,-1.3057142857143478,-1.6685714285723119,-1.0228571428573479,0.10272394574366678,26.99051207024044,0,540.0,3.6,3.6,77.33571428573812
12086018700,0.1058362203486279,Moderate,57.421875,0.1726973252837506,0.6128422670978461,0.0441027996935747,0.1331765469142811,0.6511371713803981,0.6148843817085169,0.6739390850686254,0.3012918508739266,0.9910741504174088,8.3,0.6,3.8,100.0,3.1,2.0,2.0,3162.0434782608695,542473.9565217391,False,21.083333333333343,18.114841269841268,18.294305555555557,104.0,0.8333333333333334,8.0,0.5576923076923077,2.0,2.0,3.0,1.0,0.0,0.788571428571578,0.060000000000022966,-1.3200000000003567,0.0,4.745714285715526,0.13428571428574462,4837.028571430447,2430.48571428667,-0.34000000000006847,-1.5285714285715948,3.1314285714294496,0.2571428571430453,137.1351351351443,-166.57142857147596,-0.1771428571428872,-0.1914285714287188,0.8542857142859628,1.1857142857146747,-0.7400000000001143,0.11570272171715235,53.46545220211886,6,47.35726388888888,0.005714285714285714,0.2653846153846154,6.545142857144098
12086018801,0.0614481688639012,Low,16.40625,0.1125992233373298,0.545724624403598,0.0337995383777165,0.1024484824785437,0.5176298207299326,0.5204914152012486,0.6083566390367724,0.1913989082969432,0.9796967645714928,6.3,0.6,10.9,57.1,0.0,16.0,5.0,6948.2535211267605,597424.8309859155,False,120.0,120.0,0.0,0.0,0.0,0.0,0.0,0.0,0.0,0.0,0.0,0.0,-2.97142857142934,-0.30000000000015725,1.0200000000006417,-0.8285714285713229,-6.714285714289198,-0.14285714285709028,9732.028571428113,1740.7142857144604,0.9314285714290104,-0.7600000000000049,1.2942857142859605,-0.031428571427997334,5.599999999967244,-901.0571428570464,1.7771428571429075,-0.1199999999997264,2.3514285714285816,5.497142857142398,-3.702857142858185,0.10272394574366678,26.99051207024044,0,151.2,0.6,0.6,0.0
12086018902,0.0899770507632456,Moderate,43.1640625,0.15915419430279,0.5653451431638981,0.0338520838088568,0.0764647467725918,0.5565937663173778,0.5526133159835177,0.6598340661994294,0.2844563047967232,0.9812198205465738,6.9,0.0,2.2,100.0,1.5,3.0,3.0,6131.925,645000.5125,False,120.0,120.0,0.0,0.0,0.0,0.0,0.0,0.0,0.0,0.0,0.0,0.0,0.9171428571431475,-0.35714285714281174,-0.5971428571426953,-0.6142857142856362,5.9857142857135175,-0.07142857142840695,8670.25714286193,2140.2285714296063,-0.19142857142868022,0.3342857142860019,1.4200000000004758,-0.9828571428574162,0.0,-458.3714285713639,-0.7914285714290903,1.577142857143325,-0.7657142857147199,1.5971428571431725,-0.8685714285714355,0.10272394574366678,26.99051207024044,0,165.60000000000002,0.0,0.0,6.328285714287718
12086019000,0.0580442026638403,Low,14.84375,0.1048006980405018,0.5538532066018136,0.056425129197689,0.0885810893823415,0.5566296068539378,0.5168695975462403,0.6258791444841297,0.1531762668833147,0.9813065947424184,8.2,3.3,8.6,34.6,3.6,9.0,5.0,6890.122448979592,724887.6530612245,False,14.874074074074075,25.190608650608652,17.71503086419753,366.0,1.5,24.666666666666668,0.8032786885245902,5.0,9.0,6.0,1.0,0.0,-1.4457142857148062,-0.20857142857136826,-0.3142857142857163,0.8485714285712956,-1.1485714285720665,-0.23714285714304734,3894.1142857165705,3332.828571429753,-0.33428571428585774,0.025714285714527003,1.2200000000001365,-0.23142857142857176,150.8000000000509,-21.057142857141454,0.7457142857144137,-0.5371428571430691,0.9657142857145715,0.8342857142858079,-0.3742857142857777,0.09438792622842303,23.32535461553697,8,51.53674691358025,0.008991825613079018,0.6491803278688524,0.0
12086019100,0.1246004013142977,Moderate,69.921875,0.1844794437401144,0.6754161807308386,0.1104313054755573,0.6183441058787319,0.6144960043381839,0.5166791167658658,0.6459500724442347,0.2585275820046714,0.9816116042271766,12.6,9.9,15.6,69.4,0.9,5.0,4.0,6720.285714285715,953811.7777777778,False,14.666666666666666,16.71562703962704,17.83516666666667,257.0,1.3333333333333333,19.333333333333332,0.6459143968871596,4.0,5.0,5.0,1.0,0.0,-1.16285714285783,1.654285714286116,1.731428571429079,-0.6400000000002882,6.557142857145561,-0.022857142857133583,-439.91428571424296,266.02857142866605,-0.1228571428571329,-2.3857142857151055,1.8228571428576568,1.00285714285757,36.171428571441304,120.54285714288145,-0.477142857142881,0.3885714285714887,-0.3600000000003741,-2.477142857143592,-1.1428571428574499,0.07420442358286587,23.993039682267625,8,77.67689999999996,0.03837209302325582,3.5054474708171206,0.0
12086019200,0.0654062176845219,Low,18.9453125,0.1067961807151016,0.6124396700946166,0.0450338512240491,0.1012488849241748,0.6846792360962232,0.6145648087905733,0.6719504487049891,0.1685585102061542,0.9897549719571234,7.4,1.7,9.4,42.7,2.7,3.0,2.0,3612.9125,737293.9,False,20.0,11.17925925925926,18.277037037037037,189.0,1.0,16.0,0.4603174603174603,2.0,3.0,3.0,1.0,0.0,-1.8256396826071737,-0.2420264815005335,-0.1629304365063441,-2.972381388868139,1.5036376323232847,-0.4110621031830336,8182.32873385274,3427.0343163497837,-0.08620291004179331,-1.9015867196063152,1.3803664682458547,-1.1602198809476512,139.79216891622906,30.146595907866878,0.019951137567388214,-0.27103767196699535,0.6859097354455543,1.116605370382927,0.13768034390316328,0.091322301989069,20.953117845117845,6,42.34992592592593,0.008947368421052631,0.9174603174603175,0.0
12086019302,0.0875994958862135,Low,40.0390625,0.1371365583716947,0.6387756622036844,0.0577339734058811,0.1777579542075528,0.6455681867328886,0.7068170317357045,0.6768296100366151,0.2165391433375083,0.986905528305661,8.0,3.7,8.3,63.2,2.3,6.0,1.0,3294.9714285714285,549222.9571428571,False,120.0,120.0,0.0,0.0,0.0,0.0,0.0,0.0,0.0,0.0,0.0,0.0,-0.17142857142896997,0.8571428571431844,1.205714285714891,1.3000000000004295,0.9742857142859865,-0.21142857142856822,4714.45714285884,3232.742857143907,0.02571428571431106,-3.7971428571439714,2.637142857143578,0.760000000000351,129.34285714289823,-223.9999999998917,0.44285714285729816,-0.4114285714285116,0.5628571428572444,1.1714285714294135,-1.5771428571431412,0.10272394574366678,26.99051207024044,0,192.0,3.7,3.7,0.0
12086019402,0.0923498413263585,Moderate,45.1171875,0.1421490647588721,0.6496690040346864,0.0643319717483164,0.4992713002426553,0.5537984003082443,0.5619827725227855,0.6585657024282857,0.2199661577694277,0.974726844671461,13.2,0.0,6.3,57.0,4.0,9.0,2.0,6351.846153846154,658539.3769230769,False,120.0,120.0,0.0,0.0,0.0,0.0,0.0,0.0,0.0,0.0,0.0,0.0,-2.564637868405128,-0.47123412184991764,0.31115773094416294,2.184561477497948,-0.09634422494455114,0.06859226245467101,7853.973920682102,2511.29672369154,-0.13152579621797636,0.07973610414283708,0.7773234174661773,-0.1114980177064303,67.90231194620051,-314.38567120715857,-0.07748314390528396,-0.5024821329559129,0.2138968151285659,-0.012227203626000938,1.1972053587935922,0.10272394574366678,26.99051207024044,0,316.79999999999995,0.0,0.0,0.0
12086019502,0.0548085249883056,Low,13.0859375,0.0894045287847569,0.6130396942224057,0.0770498652605195,0.0921433389177781,0.6066101413637438,0.7243031673740847,0.6606148774625423,0.1017591923089942,0.9815269459938792,4.6,11.1,15.3,16.0,1.2,8.0,2.0,3246.326530612245,442330.48979591834,False,120.0,120.0,0.0,0.0,0.0,0.0,0.0,0.0,0.0,0.0,0.0,0.0,-1.6057077427004989,0.6772039252764673,-0.017029444894943572,6.236898584606261,-6.6145910549557785,-0.048577971585723294,8500.904282086976,3074.924864120491,0.03991057880418435,-2.985637950548,1.4456946566716473,-0.4457797158575612,180.7553109461732,-402.4947657214574,-0.616998910827921,-0.39729770848156076,-0.47422900816193686,-2.931443838463387,0.7884732833566886,0.10272394574366678,26.99051207024044,0,110.39999999999999,11.1,11.1,0.0
12086019600,0.1086898314543452,Moderate,59.5703125,0.1435699194503071,0.7570515597591129,0.0249795492466869,0.1223293019990933,1.0,0.9792439352224536,0.684502591706539,0.2621602896539273,0.9991819698674786,4.4,0.6,8.9,84.7,2.5,1.0,1.0,313.49152542372883,327012.31355932204,False,7.333333333333333,13.7,15.15,56.0,0.6666666666666666,3.6666666666666665,0.7678571428571429,1.0,1.0,2.0,1.0,0.0,-1.0800000000002894,0.08000000000011205,0.7028571428575063,-3.80000000000085,4.1600000000009425,0.24571428571435364,8380.771428574864,3619.5714285725658,-0.8885714285717552,-1.5942857142861617,1.7057142857147694,-0.9914285714289717,103.4857142857539,-33.571428571432946,0.9228571428575604,-1.4485714285718791,0.20571428571438996,0.37714285714333606,-0.9285714285715548,0.09573155835740041,46.69771717171717,9,38.940000000000005,0.010526315789473684,0.13928571428571426,0.0
12086019700,0.1040043278164196,Moderate,55.859375,0.1490999270007747,0.6975478117831624,0.055289946302645,0.1261373773416592,0.7935237921545318,0.887139023902773,0.6847236168205405,0.2429099076989043,0.9962152486963078,9.0,2.1,13.4,64.5,3.5,2.0,1.0,861.1470588235294,308634.42647058825,False,21.0,30.25,14.695138888888888,54.0,0.6666666666666666,3.3333333333333335,0.7777777777777778,1.0,2.0,1.0,1.0,0.0,1.2142857142860277,0.4457142857143956,0.817142857142855,6.805714285716976,-6.282857142859421,0.5114285714287696,7076.000000003027,3783.3714285731307,0.24000000000009714,-2.94571428571555,0.5514285714289654,-0.4914285714285695,-122.48571428577763,-5.028571428570643,0.8800000000003528,-1.3085714285718064,1.560000000000502,0.09142857142862117,-0.23142857142855588,0.08769352385948415,20.548333333333332,4,83.74375,0.038181818181818185,0.4666666666666667,10.92857142857425
12086019801,0.1120853067083523,Moderate,61.5234375,0.1645107197405111,0.6813252466778377,0.0379061714354809,0.037235272739287,0.817496512260155,0.8743740104297338,0.679989610710515,0.2911152680455413,0.9975308272494972,7.6,0.0,18.0,79.2,4.1,4.0,1.0,715.8333333333334,290434.29411764705,False,120.0,120.0,0.0,0.0,0.0,0.0,0.0,0.0,0.0,0.0,0.0,0.0,0.500000000000333,-0.17142857142854964,-0.757142857143593,-0.7142857142856235,7.325714285716475,-0.9200000000005063,3916.085714287489,2596.0000000008336,-0.2114285714286134,0.7685714285717823,0.19142857142853656,-1.3342857142859197,254.6285714286563,-771.7428571428433,0.3600000000003342,-0.8800000000003365,-0.14285714285730905,0.09714285714317036,-1.2942857142858986,0.10272394574366678,26.99051207024044,0,182.39999999999998,0.0,0.0,3.8000000000025302
12086019902,0.075729497921913,Low,29.1015625,0.1154903458670062,0.6557214575244227,0.0204164775909569,0.0517135359379195,0.7833586363601225,0.7804688064772645,0.667140572702563,0.2105642141430554,0.9959257361442436,1.9,2.2,24.7,52.5,1.2,9.0,1.0,1170.15,397893.2125,False,120.0,120.0,0.0,0.0,0.0,0.0,0.0,0.0,0.0,0.0,0.0,0.0,-0.8971428571428105,0.15142857142858346,1.1228571428568959,0.22857142857144278,2.3542857142870615,-0.6457142857143353,5146.771428573341,1492.4857142862684,0.43142857142882585,-2.29428571428628,1.9657142857150685,-0.802857142857364,145.77142857147646,-734.4857142856597,0.7857142857145902,0.1742857142855654,0.7542857142858456,-0.042857142857153,-1.4114285714286123,0.10272394574366678,26.99051207024044,0,45.599999999999994,2.2,2.2,0.0
12086020002,0.0913538109685814,Moderate,43.75,0.1326953393914128,0.6884477735809105,0.1013702743731352,0.4716870597946931,0.6391992310410869,0.6936167136557508,0.6439096440685581,0.1640204044096904,0.9938262193444634,16.7,3.7,15.7,21.4,3.4,15.0,2.0,2230.7714285714287,359782.85714285716,False,120.0,120.0,0.0,0.0,0.0,0.0,0.0,0.0,0.0,0.0,0.0,0.0,0.1314285714283345,0.871428571428855,2.2742857142872692,10.631428571431401,-0.19428571428309882,-0.3742857142857259,5262.5714285718295,2654.1714285720614,-0.05714285714284986,-3.505714285715367,3.551428571429317,-0.5542857142860032,308.82857142865873,-421.8571428571475,1.0000000000002165,-0.382857142857446,0.8542857142855738,0.045714285714434894,-1.6771428571430087,0.10272394574366678,26.99051207024044,0,400.79999999999995,3.7,3.7,2.194857142853186
12086020100,0.1472376610388334,High,84.1796875,0.2194290097619155,0.6710036252662717,0.0956672056267614,0.4894668222054485,0.5764899119154583,0.640994169046883,0.6618073713412853,0.3431908138970696,0.9862598518222832,17.5,1.9,24.0,81.6,4.1,6.0,2.0,3704.085106382978,431869.6382978723,False,21.0,30.87263888888889,16.544398148148147,182.0,0.8333333333333334,10.333333333333334,0.9175824175824175,2.0,6.0,3.0,1.0,0.0,1.351428571428577,0.580000000000245,-0.6314285714288247,-0.7285714285713358,8.974285714288724,-0.6171428571430426,-1915.7714285711857,-88.99999999986707,-1.242857142857575,-0.448571428571409,1.9771428571434004,-1.934285714286334,102.57142857145585,-108.94285714289673,0.15428571428545232,0.662857142857538,0.9457142857139029,-0.048571428571529546,0.11142857142851094,0.1001817313103186,28.015610532407408,6,130.47303240740743,0.010382513661202184,0.15659340659340668,23.650000000000098
12086020200,0.1336662463560141,High,76.3671875,0.1987820979256497,0.6724259767396619,0.1076685841026563,0.5203080929244288,0.6711146404864615,0.6651128010080305,0.5132571686097446,0.2898956117486431,0.9923371806696432,21.7,0.0,26.5,55.2,2.8,21.0,3.0,2712.462365591398,516019.376344086,False,21.558333333333348,28.634554398148147,16.189270833333335,536.0,4.0,33.333333333333336,1.2770522388059702,3.0,16.0,4.0,1.0,0.0,0.40000000000000135,-1.8342857142861992,-0.8342857142858764,1.9285714285715723,-0.8799999999999528,0.5514285714287612,7913.34285714556,1504.400000000463,-0.5600000000000606,-1.4885714285720513,2.217142857143489,-0.5914285714287367,112.51428571432437,313.228571428682,-1.5114285714290943,1.1971428571434126,-0.7542857142859103,-2.622857142857346,-0.21142857142872787,0.11745444432574471,28.42201710390946,11,169.49282291666663,0.0,-0.0,8.68000000000003
12086020300,0.1333679555896113,High,76.171875,0.1972551986798905,0.6761188373343883,0.0896752986833652,0.464649237173769,0.6268335842977271,0.6195149280705559,0.67870915886066,0.3048350986764159,0.9908872782692296,13.8,4.3,22.6,74.5,3.0,3.0,1.0,3796.821428571429,574405.7857142857,False,21.36388888888889,21.676666666666666,17.49138888888889,159.0,1.5,9.0,1.0849056603773586,1.0,3.0,2.0,1.0,0.0,-0.8571428571429245,0.10857142857136289,-1.0200000000003546,-1.4828571428574477,1.4371428571436982,-1.0314285714289466,6808.8857142874,1999.8571428577263,-0.1628571428571941,-1.8828571428580358,0.5485714285715094,-1.1114285714292458,184.08571428577335,-46.28571428572562,0.27428571428563925,0.15714285714307355,1.0314285714286826,2.608571428572309,-1.654285714286313,0.12642368719948363,28.692826732322526,6,89.81883333333334,0.026875,-0.3650943396226419,0.0
12086490100,0.05996150361144,Low,15.8203125,0.1323745764232016,0.4529684266542473,0.0708808556774967,0.087421944692239,0.3604593937463102,0.2990598378401001,0.6318902610238785,0.1938682971689065,0.8860106959687089,12.9,3.1,18.1,39.0,1.6,10.0,4.0,36279.63157894737,1383228.4210526317,False,13.5,11.756798202614378,17.45236111111111,832.0,4.0,51.333333333333336,0.5817307692307693,4.0,10.0,6.0,0.5769230769230769,0.0,0.9057142857149826,-0.7828571428572778,-5.014285714286614,4.148571428572924,-2.8399999999988084,-0.2628571428571871,3365.4857142859146,1077.60000000021,-0.6314285714287668,0.9485714285715774,1.0228571428575668,-0.8142857142860802,79.94285714286895,-80.22857142859668,-1.1228571428572849,0.48857142857165226,-0.862857142857384,-2.5342857142863693,1.5514285714290876,0.10990091377365765,20.207156558038914,5,84.46454166666669,0.003721488595438175,1.2966346153846153,11.683714285723276
